time,seconds_elapsed,z,y,x
1789323193585459000,0.283458984375,-0.2510582208633423,0.12339114397764206,0.08002099394798279
1789323193604310300,0.302310302734375,-0.055587101727724075,0.16248537600040436,0.16126367449760437
1789323193623160600,0.32116064453125,0.19058434665203094,-0.07207997888326645,0.30481278896331787
1789323193642011000,0.340010986328125,0.12278030067682266,-0.6145123243331909,0.4428642690181732
1789323193660861200,0.358861083984375,-0.18691925704479218,-1.1459494829177856,0.42759308218955994
1789323193679711500,0.37771142578125,-0.43858832120895386,-1.115407109260559,0.21501824259757996
1789323193726837500,0.42483740234375,-0.24556060135364532,-0.29259583353996277,-0.3011476993560791
1789323193773963300,0.47196337890625,0.4837910234928131,-0.7641699314117432,-0.04581354558467865
1789323193792813800,0.490813720703125,0.8674030900001526,-1.0280559062957764,0.32130566239356995
1789323193811664100,0.5096640625,0.418430358171463,-0.9663603901863098,0.2870981991291046
1789323193839939600,0.537939697265625,-0.15943112969398499,-0.4434750974178314,0.4611896872520447
1789323193858790000,0.556789794921875,0.034818295389413834,0.6468872427940369,0.3139754831790924
1789323193877640200,0.57564013671875,-0.006108472589403391,0.9730796813964844,-0.183865025639534
1789323193896490800,0.59449072265625,-0.2736595869064331,0.16126367449760437,-0.24678228795528412
1789323193915341000,0.613341064453125,-0.30481278896331787,-0.6193991303443909,0.02504473738372326
1789323193934191400,0.63219140625,-0.41232189536094666,-0.4031592011451721,0.06047387793660164
1789323193953042000,0.6510419921875,-0.17897824943065643,0.3158080279827118,-0.20646637678146362
1789323193971892200,0.669892333984375,-0.053143709897994995,0.8429692387580872,-0.43614494800567627
1789323193990742500,0.688742431640625,-0.17714570462703705,0.013438640162348747,-0.5149442553520203
1789323194009593000,0.707593017578125,-0.3176405727863312,-0.06902574002742767,-0.24006296694278717
1789323194028443400,0.726443359375,-0.17653486132621765,0.2748812735080719,-0.08063183724880219
1789323194047293700,0.745293701171875,0.29442837834358215,0.832584798336029,0.1557660549879074
1789323194066144000,0.76414404296875,1.073258638381958,1.6102697849273682,0.38544461131095886
1789323194084994600,0.78299462890625,1.595609426498413,3.1037912368774414,-0.30603447556495667
1789323194103844900,0.801844970703125,1.4728291034698486,3.4568610191345215,-1.5107016563415527
1789323194122695200,0.820695068359375,0.9614735841751099,2.9626855850219727,-2.049468994140625
1789323194141545700,0.839545654296875,0.39643988013267517,2.3958191871643066,-2.0219807624816895
1789323194160396000,0.85839599609375,0.8448017835617065,1.709837794303894,-2.1465935707092285
1789323194179246300,0.877246337890625,1.1453386545181274,0.8490777015686035,-2.0403060913085938
1789323194198097000,0.896096923828125,1.1771026849746704,-0.17836740612983704,-1.0121738910675049
1789323194216947200,0.914947265625,0.9138274788856506,-0.9736905097961426,-0.14660334587097168
1789323194245223000,0.943222900390625,1.0054545402526855,0.1973036676645279,-2.3115224838256836
1789323194264073200,0.9620732421875,0.8313631415367126,1.984719157218933,-4.595556735992432
1789323194282923800,0.980923828125,0.26999449729919434,2.3952083587646484,-5.552143573760986
1789323194301774000,0.999774169921875,-0.6426113247871399,1.4019708633422852,-4.836841106414795
1789323194320624600,1.018624755859375,-1.3340904712677002,-0.8655705451965332,-3.2345125675201416
1789323194339475000,1.037474853515625,-1.3708176612854004,-2.176525115966797,-2.219895362854004
1789323194358325200,1.0563251953125,-0.9443698525428772,-2.0977258682250977,-2.2760932445526123
1789323194377175800,1.07517578125,-0.7721109390258789,-1.8405591249465942,-3.0115532875061035
1789323194396026000,1.094026123046875,-0.6200099587440491,-1.1306782960891724,-3.6737117767333984
1789323194414876700,1.112876708984375,-0.30603447556495667,0.2486148327589035,-4.404972076416016
1789323194433727000,1.13172705078125,-0.5125008225440979,1.0292776823043823,-4.505151271820068
1789323194452577500,1.15057763671875,-1.2003148794174194,1.405635952949524,-3.8624634742736816
1789323194471427800,1.169427734375,-1.5638453960418701,1.5797274112701416,-3.2247390747070312
1789323194490278400,1.1882783203125,-1.3017154932022095,2.4416327476501465,-3.333469867706299
1789323194509128700,1.207128662109375,-0.7336275577545166,3.889951705932617,-3.7671713829040527
1789323194527979300,1.225979248046875,-0.8582404255867004,4.583950519561768,-3.988298177719116
1789323194546829600,1.24482958984375,-0.9956810474395752,5.947361469268799,-3.0714163780212402
1789323194565680000,1.26368017578125,-0.5344913601875305,6.625401973724365,-2.1148295402526855
1789323194584530400,1.282530517578125,-0.31886225938796997,4.207057952880859,-1.8332289457321167
1789323194603381000,1.301381103515625,0.9297095537185669,1.8698798418045044,-1.8582737445831299
1789323194622231300,1.320231201171875,2.241274833679199,-0.04825693368911743,-1.5559042692184448
1789323194641081900,1.339081787109375,2.1197164058685303,2.110553741455078,-0.4037700295448303
1789323194659932400,1.357932373046875,1.1056334972381592,3.695702314376831,-0.5998520255088806
1789323194678782700,1.37678271484375,1.3970839977264404,2.5601372718811035,-0.15454435348510742
1789323194725909000,1.423908935546875,1.8576629161834717,1.5168100595474243,-0.029320668429136276
1789323194829586400,1.52758642578125,0.43614494800567627,-1.4416759014129639,0.1588202863931656
1789323194848437000,1.54643701171875,-0.648108959197998,-2.5253188610076904,0.6377245187759399
1789323194867287600,1.56528759765625,-1.4899327754974365,-2.8783886432647705,1.1257915496826172
1789323194886137900,1.584137939453125,-2.48622465133667,-3.073248863220215,1.3610440492630005
1789323194904988400,1.602988525390625,-1.654861569404602,-3.262000799179077,1.170383334159851
1789323194923839000,1.6218388671875,-0.7000309824943542,-2.778820514678955,0.7879929542541504
1789323194942689300,1.640689208984375,-0.3011476993560791,-1.7880263328552246,0.9352071285247803
1789323194961539800,1.659539794921875,-0.6279509663581848,-0.46424391865730286,1.7012859582901
1789323194980390400,1.678390380859375,-0.2651077210903168,0.9718579649925232,1.9969360828399658
1789323194999241000,1.697240966796875,0.8276980519294739,1.766035795211792,1.875988245010376
1789323195018091300,1.71609130859375,0.7366818189620972,1.1123528480529785,1.882096767425537
1789323195036941800,1.73494189453125,0.3897205591201782,-0.34451785683631897,1.7953563928604126
1789323195055792400,1.75379248046875,-0.023823043331503868,-0.11300674080848694,1.7648141384124756
1789323195074642700,1.772642578125,-0.02993151545524597,0.13927318155765533,1.9902167320251465
1789323195093493200,1.7914931640625,0.21257483959197998,-0.19180603325366974,2.0739028453826904
1789323195112343800,1.81034375,0.45385950803756714,-0.34879377484321594,1.9859408140182495
1789323195131194400,1.8291943359375,0.2522799074649811,-1.0335536003112793,1.900422215461731
1789323195150044700,1.848044677734375,-0.022601349279284477,-1.203369140625,1.6035504341125488
1789323195168895200,1.866895263671875,-0.8423583507537842,-1.3328686952590942,1.3995274305343628
1789323195187745800,1.885745849609375,-1.1783243417739868,-1.7819178104400635,1.2907202243804932
1789323195206596400,1.904596435546875,-0.5717530250549316,-1.5033714771270752,0.5027272701263428
1789323195225447000,1.923447021484375,-0.5076140761375427,-0.9956810474395752,0.13316470384597778
1789323195244297200,1.942297119140625,-0.5674771070480347,-0.975523054599762,0.21623992919921875
1789323195263147800,1.961147705078125,-0.6053496599197388,-0.034818295389413834,0.07513421028852463
1789323195281998300,1.979998291015625,-0.129499614238739,1.0072871446609497,0.5265503525733948
1789323195300849000,1.998848876953125,0.043981000781059265,0.92054682970047,0.3151971995830536
1789323195319699500,2.017699462890625,0.10262233763933182,1.0640959739685059,0.07757759839296341
1789323195338550000,2.036550048828125,0.10750912129878998,0.916270911693573,0.21562908589839935
1789323195357400300,2.055400390625,0.3158080279827118,2.1728601455688477,1.368374228477478
1789323195376251000,2.0742509765625,-0.48806697130203247,0.7763868570327759,0.9828532338142395
1789323195395101400,2.093101318359375,-0.9309312105178833,0.07330167293548584,0.44958359003067017
1789323195413952000,2.111951904296875,-1.4154094457626343,-0.09712471067905426,-0.05803048983216286
1789323195432802600,2.130802490234375,-1.482602596282959,0.18691925704479218,-0.896723747253418
1789323195451652900,2.14965283203125,-1.5125341415405273,0.288930743932724,-1.340886116027832
1789323195470503400,2.16850341796875,-1.7874153852462769,0.08185353130102158,-1.7672574520111084
1789323195489354000,2.18735400390625,-1.9199693202972412,-0.05925218388438225,-2.048858165740967
1789323195508204500,2.20620458984375,-1.8851510286331177,-0.5986303091049194,-2.2644870281219482
1789323195527055000,2.22505517578125,-1.7965781688690186,-1.400138258934021,-2.371385335922241
1789323195545905700,2.24390576171875,-1.806351661682129,-0.6829272508621216,-2.639547348022461
1789323195564756200,2.262756103515625,-1.7128920555114746,0.06413896381855011,-2.8460137844085693
1789323195583606800,2.281606689453125,-1.3860887289047241,-0.4196520745754242,-2.7916483879089355
1789323195602457300,2.300457275390625,-1.0720369815826416,-1.659137487411499,-2.520432233810425
1789323195621307600,2.3193076171875,-1.3439403772354126,-1.2595670223236084,-3.568035125732422
1789323195640158200,2.338158203125,-1.2919420003890991,-0.9407047629356384,-4.247373580932617
1789323195659008800,2.3570087890625,-0.767224133014679,-1.627373456954956,-2.845402956008911
1789323195677859300,2.375859375,-0.2241809368133545,-1.1532796621322632,-1.8216228485107422
1789323195696710000,2.3947099609375,0.21257483959197998,-0.08429691940546036,-1.3243168592453003
1789323195715560400,2.413560546875,0.42331716418266296,0.42453885078430176,-0.9119949340820312
1789323195734411000,2.432410888671875,0.5583143830299377,0.6994200944900513,-0.5894675850868225
1789323195753261600,2.451261474609375,0.3701734244823456,0.6120689511299133,-0.014660334214568138
1789323195772112100,2.470112060546875,0.23028941452503204,0.5766398310661316,0.5992411375045776
1789323195790962700,2.488962646484375,0.1960819661617279,0.474017471075058,1.1404517889022827
1789323195809813200,2.507813232421875,0.237008735537529,0.4159869849681854,1.8100167512893677
1789323195828663800,2.526663818359375,0.10628741979598999,0.8295305967330933,1.853997826576233
1789323195847514400,2.545514404296875,0.7537854909896851,-0.4703523814678192,1.0121738910675049
1789323195866365000,2.564364990234375,0.5790832042694092,-0.04703523963689804,0.8814526200294495
1789323195885215500,2.583215576171875,0.3426853120326996,0.578472375869751,1.226581335067749
1789323195904066000,2.602066162109375,0.007330167107284069,0.3298575282096863,1.1642749309539795
1789323195922916600,2.62091650390625,-0.15210096538066864,0.49051034450531006,1.0854755640029907
1789323195941767200,2.63976708984375,-0.20280128717422485,0.5619794726371765,1.1245697736740112
1789323195960617700,2.65861767578125,-0.1569877415895462,0.3432961702346802,1.1276240348815918
1789323195979468300,2.67746826171875,0.1185043677687645,0.14904673397541046,1.1251806020736694
1789323195998318800,2.69631884765625,0.45080527663230896,0.1954711228609085,1.2247487306594849
1789323196017169400,2.71516943359375,0.7177455425262451,-0.04459185153245926,1.3586006164550781
1789323196036020000,2.73402001953125,0.7262973785400391,-0.30908870697021484,1.488100290298462
1789323196054870500,2.75287060546875,0.8032641410827637,-0.5705313682556152,1.5742297172546387
1789323196073721000,2.77172119140625,0.948034942150116,-0.9852966070175171,1.6383687257766724
1789323196092571600,2.790571533203125,0.9449806809425354,-1.0292776823043823,1.7861937284469604
1789323196111422200,2.809422119140625,0.8338065147399902,-0.8527427911758423,1.9126391410827637
1789323196130272800,2.828272705078125,0.6597150564193726,-0.5760289430618286,1.9816648960113525
1789323196149123300,2.847123291015625,0.5919110178947449,-0.39888325333595276,1.9627286195755005
1789323196167974000,2.865973876953125,0.6615476012229919,-0.46851983666419983,1.9737238883972168
1789323196186824700,2.88482470703125,0.7061394453048706,-0.5680879354476929,1.9938818216323853
1789323196205675300,2.90367529296875,0.4349232614040375,-1.031110167503357,1.9993793964385986
1789323196224525800,2.92252587890625,0.37689274549484253,-1.1318999528884888,1.631649374961853
1789323196243376400,2.94137646484375,0.44958359003067017,-0.7531746625900269,1.3738718032836914
1789323196262227000,2.96022705078125,0.48989951610565186,-0.37506023049354553,1.2534586191177368
1789323196281077500,2.979077392578125,0.6542174220085144,-0.22540263831615448,0.8515210747718811
1789323196299928000,2.997927978515625,0.6902574300765991,-0.35856732726097107,0.3915531039237976
1789323196318778600,3.016778564453125,0.5497625470161438,-0.444085955619812,0.24494975805282593
1789323196337629400,3.03562939453125,0.21501824259757996,-0.5289937257766724,0.11972606182098389
1789323196356480000,3.05447998046875,0.09345962852239609,-0.10873081535100937,0.09773556143045425
1789323196375330600,3.07333056640625,-0.08429691940546036,0.3762819170951843,-0.07146912813186646
1789323196394181000,3.09218115234375,-0.19363857805728912,0.6969767212867737,-0.3164188861846924
1789323196413031700,3.11103173828125,-0.23090025782585144,1.1288456916809082,-0.6071822047233582
1789323196431882200,3.12988232421875,-0.20707722008228302,1.2821683883666992,-0.9541434049606323
1789323196450733000,3.148733154296875,-0.12522368133068085,1.3316470384597778,-1.156944751739502
1789323196469583600,3.16758349609375,-0.3775036036968231,1.1709941625595093,-1.3096565008163452
1789323196488434200,3.18643408203125,-0.7275190949440002,1.0598199367523193,-1.5846141576766968
1789323196507284700,3.20528466796875,-0.8667922616004944,0.5919110178947449,-1.8234554529190063
1789323196526135300,3.22413525390625,-1.0573766231536865,0.5296045541763306,-2.0189266204833984
1789323196544986000,3.242986083984375,-1.2082558870315552,0.39827242493629456,-2.0170938968658447
1789323196563836700,3.261836669921875,-1.1441168785095215,0.4721849262714386,-2.158810615539551
1789323196582687200,3.280687255859375,-1.221083641052246,0.45080527663230896,-2.188742160797119
1789323196601537800,3.299537841796875,-1.2278029918670654,0.12522368133068085,-2.330458641052246
1789323196620388400,3.318388427734375,-0.9584193229675293,-0.10750912129878998,-2.486835479736328
1789323196639239200,3.3372392578125,-0.837471604347229,-0.12827792763710022,-2.501495838165283
1789323196658089700,3.35608984375,-0.8173136115074158,-0.36223241686820984,-2.4324700832366943
1789323196676940300,3.374940185546875,-0.860683798789978,-0.3683409094810486,-2.160032272338867
1789323196695790800,3.393790771484375,-0.6981984376907349,-0.44958359003067017,-2.0213699340820312
1789323196714641700,3.4126416015625,-0.5931326746940613,-0.13927318155765533,-2.01526141166687
1789323196733492200,3.4314921875,-0.4178195297718048,0.11545012891292572,-1.9737238883972168
1789323196752342800,3.4503427734375,-0.024433890357613564,0.12216944992542267,-1.7984106540679932
1789323196771193300,3.469193359375,0.3542914092540741,-0.2498365342617035,-1.3120999336242676
1789323196790044200,3.488044189453125,0.2999260127544403,0.37078428268432617,-0.8496885299682617
1789323196808894700,3.506894775390625,0.3567348122596741,0.31825143098831177,-0.47890424728393555
1789323196827745300,3.525745361328125,0.3573456406593323,0.1569877415895462,-0.061084724962711334
1789323196846596000,3.54459619140625,0.43981003761291504,0.04092676565051079,0.38910970091819763
1789323196865446700,3.56344677734375,0.4868452548980713,-0.0910162404179573,0.7776085734367371
1789323196884297200,3.582297119140625,0.43736663460731506,0.09651386737823486,1.129456639289856
1789323196903147800,3.601147705078125,0.19913621246814728,0.2773246467113495,1.2125318050384521
1789323196921998600,3.61999853515625,-0.021379653364419937,0.5216635465621948,1.1392301321029663
1789323196940849200,3.63884912109375,-0.19974705576896667,0.40254834294319153,1.2479609251022339
1789323196959699700,3.65769970703125,-0.24617144465446472,-0.0659715011715889,1.35798978805542
1789323196978550500,3.676550537109375,-0.11667182296514511,-0.021379653364419937,1.4031925201416016
1789323196997401000,3.695401123046875,0.008551862090826035,0.043981000781059265,1.3940298557281494
1789323197016251600,3.714251708984375,0.1563768982887268,0.02626643143594265,1.4471734762191772
1789323197035102500,3.7331025390625,0.2620534598827362,0.15454435348510742,1.7495429515838623
1789323197053953000,3.751953125,0.34696123003959656,0.07513421028852463,1.9126391410827637
1789323197072803600,3.770803466796875,0.5070032477378845,0.08918370306491852,1.894924521446228
1789323197091654400,3.789654296875,0.6132906675338745,0.10323318839073181,1.8662147521972656
1789323197110505000,3.8085048828125,0.7177455425262451,-0.3836120665073395,2.052523136138916
1789323197129355800,3.827355712890625,0.7922688722610474,-0.2351761907339096,2.1288790702819824
1789323197148206300,3.846206298828125,0.7776085734367371,-0.27854636311531067,2.0421388149261475
1789323197167057000,3.865056884765625,0.6933116316795349,-0.32374903559684753,1.9902167320251465
1789323197185907700,3.88390771484375,0.6132906675338745,-0.4343124032020569,1.9462357759475708
1789323197204758300,3.90275830078125,0.6493306159973145,-0.49051034450531006,1.95967435836792
1789323197223608800,3.92160888671875,0.6358919739723206,-1.2381874322891235,2.06412935256958
1789323197242459600,3.940459716796875,0.5357130169868469,-1.502760648727417,1.7171679735183716
1789323197261310200,3.959310302734375,0.48806697130203247,-1.1447277069091797,1.321873426437378
1789323197280161000,3.9781611328125,0.5063923597335815,-0.21379654109477997,1.4862676858901978
1789323197299011600,3.997011474609375,0.4599680006504059,-0.5699204802513123,1.2809467315673828
1789323197317862400,4.0158623046875,0.3512371778488159,-0.42698222398757935,0.7519529461860657
1789323197336713000,4.034712890625,0.17714570462703705,-0.1441599577665329,0.3958290219306946
1789323197355563500,4.0535634765625,0.16553960740566254,0.1832541823387146,0.3261924386024475
1789323197374414300,4.072414306640625,0.21196399629116058,-0.03237490355968475,-0.02993151545524597
1789323197393265000,4.091264892578125,0.053143709897994995,0.17897824943065643,-0.27854636311531067
1789323197412115700,4.11011572265625,-0.12216944992542267,0.258999228477478,-0.44042086601257324
1789323197430966300,4.12896630859375,-0.35978904366493225,0.5680879354476929,-0.7476770281791687
1789323197449817000,4.147817138671875,-0.3384093940258026,0.6145123243331909,-1.0995250940322876
1789323197468667600,4.166667724609375,-0.34451785683631897,1.1722159385681152,-1.412966012954712
1789323197487518500,4.1855185546875,-0.49417543411254883,1.1862653493881226,-1.6695219278335571
1789323197506369000,4.204369140625,-0.6627692580223083,1.362876534461975,-1.825287938117981
1789323197525219800,4.2232197265625,-0.8948912620544434,0.8857285380363464,-1.9242452383041382
1789323197544070400,4.2420703125,-1.0909732580184937,0.9730796813964844,-2.0604641437530518
1789323197562921200,4.260921142578125,-1.2607887983322144,0.786771297454834,-2.1783576011657715
1789323197591197200,4.289197265625,-1.6951775550842285,0.05741964280605316,-2.2620437145233154
1789323197610048000,4.308048095703125,-1.7544296979904175,0.0390942245721817,-2.321295976638794
1789323197628898600,4.326898681640625,-1.3940298557281494,0.06413896381855011,-2.4788944721221924
1789323197647749400,4.345749267578125,-1.1172395944595337,-0.0030542362947016954,-2.48622465133667
1789323197666600000,4.364599853515625,-0.9956810474395752,-0.5289937257766724,-2.364665985107422
1789323197685450800,4.38345068359375,-0.7941014170646667,-0.629172682762146,-2.4092578887939453
1789323197704301300,4.40230126953125,-0.5564818382263184,-0.6762079000473022,-2.3518383502960205
1789323197723152100,4.421152099609375,-0.3665083646774292,-0.3793361485004425,-2.0995583534240723
1789323197742002700,4.440002685546875,-0.22540263831615448,-0.2852656841278076,-1.6133239269256592
1789323197760853500,4.458853515625,0.13499724864959717,-0.13988402485847473,-1.4483952522277832
1789323197779704000,4.4777041015625,0.32130566239356995,-0.12461283802986145,-1.1624423265457153
1789323197798555000,4.496554931640625,0.19974705576896667,-0.23273280262947083,-0.3524588644504547
1789323197817405700,4.51540576171875,0.3115321099758148,0.22723518311977386,0.291374146938324
1789323197836256300,4.53425634765625,0.5833591222763062,0.32374903559684753,0.5436540842056274
1789323197855107000,4.553107177734375,0.6316160559654236,0.06780404597520828,0.9290986657142639
1789323197873957600,4.57195751953125,0.499673068523407,-0.3396310806274414,1.4502277374267578
1789323197892808400,4.590808349609375,0.45080527663230896,-0.1948602795600891,1.5858358144760132
1789323197911659300,4.6096591796875,0.38422292470932007,-0.04703523963689804,1.538800597190857
1789323197930509800,4.628509765625,0.25289076566696167,-0.056808795779943466,1.5962202548980713
1789323197949360600,4.647360595703125,0.2095206081867218,-0.036039989441633224,1.7587056159973145
1789323197968211200,4.666211181640625,0.29503923654556274,-0.03298575058579445,1.9272994995117188
1789323197987062000,4.68506201171875,0.45324867963790894,-0.24311721324920654,1.9101957082748413
1789323198005912800,4.703912841796875,0.5210527181625366,-0.26632940769195557,1.858884572982788
1789323198024763400,4.722763427734375,0.5796940326690674,-0.1954711228609085,1.9499008655548096
1789323198043614200,4.7416142578125,0.6988092660903931,-0.47585001587867737,2.084897994995117
1789323198062464800,4.76046484375,0.6792621612548828,-0.42576053738594055,1.9401272535324097
1789323198081315600,4.779315673828125,0.5485408306121826,-0.6975875496864319,1.7483211755752563
1789323198100166400,4.79816650390625,0.4721849262714386,-0.4214846193790436,1.714113712310791
1789323198119017000,4.817016845703125,0.4367557764053345,-0.5155550837516785,1.7293848991394043
1789323198137867800,4.83586767578125,0.5754181146621704,-0.6584933400154114,1.7684792280197144
1789323198156718600,4.854718505859375,0.8600729703903198,-0.7605048418045044,1.881485939025879
1789323198175569200,4.873569091796875,0.9645278453826904,-1.5271944999694824,1.9902167320251465
1789323198194420000,4.892419921875,0.911384105682373,-2.069626808166504,1.9547876119613647
1789323198213270800,4.911270751953125,0.7653915882110596,-1.6902906894683838,1.756262183189392
1789323198232121300,4.930121337890625,0.762948215007782,-0.6963658928871155,1.8222336769104004
1789323198250972200,4.94897216796875,0.7238540053367615,-0.014660334214568138,1.6792954206466675
1789323198269823000,4.967822998046875,0.6047387719154358,-0.04214845970273018,1.188708782196045
1789323198288673800,4.986673828125,0.4294256269931793,-0.04459185153245926,0.7513421177864075
1789323198307524400,5.0055244140625,0.33352261781692505,0.40132665634155273,0.2510582208633423
1789323198326375200,5.024375244140625,0.37383851408958435,1.119683027267456,0.11056335270404816
1789323198345226000,5.04322607421875,0.3170297145843506,1.0720369815826416,-0.37689274549484253
1789323198364076500,5.06207666015625,0.08918370306491852,0.7855495810508728,-0.9517000317573547
1789323198382927400,5.08092724609375,-0.14965757727622986,1.3714284896850586,-1.4111335277557373
1789323198401778200,5.099778076171875,-0.5082249045372009,1.2259705066680908,-1.7672574520111084
1789323198420629000,5.11862890625,-0.6084038615226746,0.9181034564971924,-1.871712327003479
1789323198439479800,5.137479736328125,-0.8057075142860413,0.5986303091049194,-2.0189266204833984
1789323198458330400,5.156330322265625,-0.8484668135643005,0.6646018028259277,-2.1862986087799072
1789323198477181200,5.17518115234375,-0.8270871639251709,0.24494975805282593,-2.327404499053955
1789323198496032000,5.194031982421875,-0.9730796813964844,0.13866232335567474,-2.2760932445526123
1789323198514882800,5.2128828125,-1.0366077423095703,0.02626643143594265,-2.3866565227508545
1789323198533733400,5.2317333984375,-0.91566002368927,0.043981000781059265,-2.523486375808716
1789323198552584200,5.250584228515625,-0.8845068216323853,-0.11239589750766754,-2.576019287109375
1789323198571435000,5.26943505859375,-0.9382613897323608,0.2742704153060913,-2.5137128829956055
1789323198590285800,5.288285888671875,-0.9455915689468384,0.49356457591056824,-2.413533926010132
1789323198609136400,5.307136474609375,-0.9345963001251221,0.43797749280929565,-2.3805482387542725
1789323198627987200,5.3259873046875,-0.8008207678794861,-0.1575985997915268,-2.4477412700653076
1789323198646838000,5.344838134765625,-0.4953971207141876,-0.7647807598114014,-2.761106014251709
1789323198665688800,5.363688720703125,-0.01710372418165207,-0.18142163753509521,-2.9889519214630127
1789323198684539600,5.38253955078125,0.2651077210903168,0.0012216945178806782,-2.0189266204833984
1789323198703390200,5.40139013671875,0.284654825925827,0.20402298867702484,-1.106244444847107
1789323198722241000,5.420240966796875,0.2107423096895218,0.025655584409832954,-0.5760289430618286
1789323198741091800,5.439091796875,0.284654825925827,-0.14843589067459106,-0.1459924876689911
1789323198759942700,5.457942626953125,0.41476529836654663,-0.02993151545524597,0.3268032968044281
1789323198778793200,5.476793212890625,0.4190412163734436,-0.03176405653357506,0.7776085734367371
1789323198797644000,5.49564404296875,0.393385648727417,-0.0647498071193695,1.1343433856964111
1789323198816494800,5.514494873046875,0.5283828973770142,0.15393351018428802,1.296217918395996
1789323198835345700,5.533345703125,0.5540384650230408,-0.09345962852239609,1.5076473951339722
1789323198854196500,5.552196533203125,0.5876350402832031,-0.04947862774133682,1.492987036705017
1789323198873047300,5.57104736328125,0.6358919739723206,-0.17836740612983704,1.4471734762191772
1789323198891897900,5.58989794921875,0.6517740488052368,0.06780404597520828,1.4337348937988281
1789323198910748700,5.608748779296875,0.5955760478973389,-0.2363978922367096,1.4935978651046753
1789323198929599500,5.627599609375,0.5479300022125244,0.14049486815929413,1.5797274112701416
1789323198948450300,5.6464501953125,0.5430431962013245,0.3555130958557129,1.7947455644607544
1789323198967301000,5.665301025390625,0.6297835111618042,0.47951510548591614,2.0806221961975098
1789323198986152000,5.68415185546875,0.7965448498725891,0.10323318839073181,2.10688853263855
1789323199014428000,5.712427978515625,1.0219475030899048,-0.3524588644504547,1.839948296546936
1789323199033278700,5.73127880859375,0.9229902029037476,-0.5772506594657898,1.9505116939544678
1789323199052129500,5.750129638671875,0.739736020565033,-0.7641699314117432,2.0647401809692383
1789323199070980400,5.76898046875,0.7098045349121094,-0.7806627750396729,2.176525115966797
1789323199089831200,5.7878310546875,0.6340594291687012,-1.0378295183181763,2.220506191253662
1789323199108682000,5.806681884765625,0.522885262966156,-1.2339115142822266,1.9419597387313843
1789323199127532800,5.82553271484375,0.5131117105484009,-1.2070342302322388,1.8381158113479614
1789323199146383600,5.844383544921875,0.46729815006256104,-0.8081509470939636,1.857051968574524
1789323199165234200,5.863234130859375,0.5900784730911255,-0.1844758689403534,1.5082582235336304
1789323199184085000,5.8820849609375,0.6065713167190552,0.1050657257437706,1.0341644287109375
1789323199202935800,5.900935791015625,0.4355340898036957,0.2504473626613617,0.550373375415802
1789323199221786600,5.91978662109375,0.3255815804004669,0.1301104724407196,0.10934165865182877
1789323199240637400,5.938637451171875,0.21990501880645752,0.27854636311531067,-0.19424942135810852
1789323199259488300,5.95748828125,0.013438640162348747,0.3897205591201782,-0.37506023049354553
1789323199278339000,5.976339111328125,-0.2638860046863556,0.8081509470939636,-0.5601469278335571
1789323199297190000,5.99518994140625,-0.4086568057537079,0.9749122262001038,-0.9529217481613159
1789323199316040700,6.014040771484375,-0.5332696437835693,1.1538904905319214,-1.3059914112091064
1789323199334891500,6.0328916015625,-0.6725428104400635,1.385477900505066,-1.6066046953201294
1789323199353742300,6.051742431640625,-0.8234221339225769,1.3665416240692139,-1.863160490989685
1789323199372593000,6.070593017578125,-1.0488247871398926,1.1923738718032837,-1.880264163017273
1789323199391444000,6.08944384765625,-1.4581687450408936,0.9681929349899292,-1.8454458713531494
1789323199410294500,6.10829443359375,-1.8008540868759155,1.0335536003112793,-2.0189266204833984
1789323199429145300,6.127145263671875,-1.894924521446228,0.8906152844429016,-2.1869094371795654
1789323199447996200,6.14599609375,-1.993270993232727,0.5570927262306213,-2.231501340866089
1789323199466847000,6.164846923828125,-1.9132499694824219,0.2767138183116913,-2.223560333251953
1789323199485697800,6.18369775390625,-1.8460568189620972,0.02504473738372326,-2.4294159412384033
1789323199504548600,6.202548583984375,-1.6511964797973633,-0.2724378705024719,-2.6041181087493896
1789323199523399400,6.2213994140625,-1.2809467315673828,-0.4844018816947937,-2.654818534851074
1789323199542250200,6.240250244140625,-0.9071081876754761,-0.18569757044315338,-2.5888469219207764
1789323199561101000,6.25910107421875,-0.656660795211792,-0.11911521852016449,-2.2846450805664062
1789323199579951900,6.277951904296875,-0.4312581717967987,-0.38605546951293945,-1.904698133468628
1789323199598802700,6.296802734375,0.0030542362947016954,-0.20463383197784424,-1.6096588373184204
1789323199617653500,6.315653564453125,0.3298575282096863,0.03420744836330414,-1.2803359031677246
1789323199636504300,6.33450439453125,0.12155860662460327,-0.2767138183116913,-0.5198310017585754
1789323199655355100,6.353355224609375,0.1850867122411728,-0.01038440316915512,0.25289076566696167
1789323199674206000,6.3722060546875,0.36101073026657104,0.10201149433851242,0.7757760286331177
1789323199693056800,6.391056884765625,0.46302223205566406,-0.11056335270404816,1.0445488691329956
1789323199711907600,6.409907470703125,0.5112791657447815,0.14904673397541046,1.1740484237670898
1789323199730758400,6.42875830078125,0.5265503525733948,0.2724378705024719,1.2229162454605103
1789323199749609200,6.447609130859375,0.4703523814678192,0.2486148327589035,1.5730080604553223
1789323199768460000,6.4664599609375,0.48073679208755493,-0.09284878522157669,1.9150824546813965
1789323199787310800,6.485310791015625,0.5344913601875305,0.09651386737823486,2.0128180980682373
1789323199806161700,6.50416162109375,0.4966188073158264,-0.11606097966432571,1.8723231554031372
1789323199825012500,6.523012451171875,0.29687178134918213,-0.08246438205242157,1.886372685432434
1789323199843863300,6.54186328125,0.2223484069108963,-0.05497625470161438,1.964561104774475
1789323199862714000,6.560714111328125,0.4294256269931793,-0.18142163753509521,2.1313223838806152
1789323199881565000,6.57956494140625,0.739736020565033,-0.24556060135364532,2.220506191253662
1789323199900415700,6.598415771484375,0.8258655071258545,-0.35917818546295166,2.139263391494751
1789323199919266600,6.6172666015625,0.6835380792617798,-0.4978405237197876,2.2076783180236816
1789323199938117400,6.636117431640625,0.5919110178947449,-0.9565867781639099,2.238220691680908
1789323199956968200,6.65496826171875,0.8533536195755005,-0.70308518409729,1.880264163017273
1789323199975819000,6.673819091796875,1.032942771911621,-0.6200099587440491,1.908974051475525
1789323199994669800,6.692669921875,0.8955020904541016,-1.6175998449325562,2.2137868404388428
1789323200013520600,6.711520751953125,0.7482879161834717,-2.2357773780822754,1.853997826576233
1789323200032371500,6.730371337890625,0.7262973785400391,-1.296217918395996,1.623097538948059
1789323200051222300,6.74922216796875,0.7146912813186646,-0.518609344959259,1.667689323425293
1789323200070073000,6.768072998046875,0.6670452356338501,-0.45385950803756714,1.3011046648025513
1789323200088924000,6.786923828125,0.46546560525894165,-0.4862344264984131,0.7611156702041626
1789323200107774700,6.805774658203125,0.40254834294319153,-0.18936264514923096,0.21990501880645752
1789323200126625800,6.824625732421875,0.2919849753379822,-0.01954711228609085,-0.25716668367385864
1789323200145476600,6.8434765625,0.09407047927379608,0.5008947253227234,-0.49234288930892944
1789323200164327400,6.862327392578125,-0.07024743407964706,0.7110261917114258,-0.675597071647644
1789323200183178200,6.88117822265625,-0.1979145109653473,0.8502993583679199,-1.1551121473312378
1789323200202029000,6.900029052734375,-0.2767138183116913,1.2088667154312134,-1.6066046953201294
1789323200220880000,6.9188798828125,-0.5008947253227234,1.450838565826416,-1.8179577589035034
1789323200239730700,6.937730712890625,-0.7348492741584778,1.6053829193115234,-1.9663937091827393
1789323200258581500,6.95658154296875,-1.0164498090744019,1.1813786029815674,-2.1026127338409424
1789323200277432300,6.975432373046875,-1.3372210264205933,1.3194301128387451,-2.1728601455688477
1789323200296283100,6.994283203125,-1.45939040184021,1.1587772369384766,-2.475229501724243
1789323200315134000,7.013134033203125,-1.7159463167190552,0.7501204609870911,-2.604729175567627
1789323200333984800,7.03198486328125,-1.9028655290603638,-0.25289076566696167,-2.637104034423828
1789323200352835600,7.050835693359375,-1.6243191957473755,-0.5821374654769897,-2.750110626220703
1789323200371686400,7.069686279296875,-1.1099094152450562,-0.416597843170166,-2.86861515045166
1789323200390537200,7.088537109375,-0.730573296546936,-0.5595360994338989,-2.763549327850342
1789323200409388300,7.10738818359375,-0.569309651851654,-0.6719319820404053,-2.659705400466919
1789323200428239000,7.126239013671875,-0.36284327507019043,-0.6474980711936951,-2.659705400466919
1789323200447090000,7.14508984375,-0.12033691257238388,-0.4428642690181732,-2.2498269081115723
1789323200465940700,7.163940673828125,0.12339114397764206,-0.21257483959197998,-1.5394114255905151
1789323200484791600,7.18279150390625,0.4691306948661804,0.11361759155988693,-0.966971218585968
1789323200513067800,7.21106787109375,0.5283828973770142,-0.03665083646774292,-0.19974705576896667
1789323200531918600,7.229918701171875,0.4477510452270508,0.04214845970273018,0.25716668367385864
1789323200550769400,7.248769287109375,0.5222744345664978,0.19119518995285034,0.6114581227302551
1789323200569620200,7.2676201171875,0.4844018816947937,0.06352811306715012,0.8594620823860168
1789323200588471000,7.286470947265625,0.3701734244823456,0.20646637678146362,1.1942063570022583
1789323200607321900,7.30532177734375,0.4318690001964569,0.07696675509214401,1.4600013494491577
1789323200626173000,7.3241728515625,0.5118899941444397,0.06963659077882767,1.3145432472229004
1789323200645023700,7.343023681640625,0.3561239540576935,0.11300674080848694,1.4031925201416016
1789323200663874600,7.36187451171875,0.2895416021347046,-0.23334364593029022,1.7758092880249023
1789323200682725400,7.380725341796875,0.342074453830719,0.15087927877902985,1.974334716796875
1789323200701576200,7.399576171875,0.29320669174194336,0.47768256068229675,1.8546086549758911
1789323200720427000,7.418427001953125,0.17592400312423706,0.1429382562637329,1.9523441791534424
1789323200739277800,7.43727783203125,0.3127537965774536,-0.17225892841815948,2.2486050128936768
1789323200758128600,7.456128662109375,0.7409577369689941,0.01038440316915512,2.3286261558532715
1789323200776979500,7.4749794921875,1.0103414058685303,-0.12644538283348083,2.332901954650879
1789323200795830500,7.49383056640625,1.1245697736740112,-0.8222004175186157,2.613891839981079
1789323200814681300,7.512681396484375,1.3359229564666748,-0.9620844125747681,2.6206111907958984
1789323200833532200,7.5315322265625,1.3738718032836914,-0.9266552925109863,2.2889211177825928
1789323200852383000,7.550383056640625,1.110520362854004,-1.4435083866119385,2.243107557296753
1789323200871233800,7.56923388671875,0.6212316751480103,-1.616989016532898,1.8851510286331177
1789323200890084600,7.588084716796875,0.4978405237197876,-1.0439379215240479,1.7452670335769653
1789323200908935400,7.606935302734375,0.6554391384124756,-0.3573456406593323,1.492987036705017
1789323200927786200,7.6257861328125,0.5509842038154602,-0.1569877415895462,0.809983491897583
1789323200946637300,7.64463720703125,0.4178195297718048,-0.13744063675403595,0.4220954477787018
1789323200965488000,7.663488037109375,0.265718549489975,-0.2608317732810974,0.023212196305394173
1789323200984339000,7.6823388671875,0.08979454636573792,0.07757759839296341,-0.2883199155330658
1789323201003189800,7.701189697265625,-0.053143709897994995,0.2632751762866974,-0.3836120665073395
1789323201022040600,7.72004052734375,-0.08979454636573792,0.42637139558792114,-0.6939224600791931
1789323201040891400,7.738891357421875,-0.18630841374397278,0.5967977643013,-1.1679399013519287
1789323201059742200,7.7577421875,-0.45324867963790894,0.9187142848968506,-1.438010811805725
1789323201078593300,7.77659326171875,-0.6554391384124756,1.5656778812408447,-1.492987036705017
1789323201097444000,7.795444091796875,-0.9889616966247559,1.576673150062561,-1.7776418924331665
1789323201116295000,7.814294921875,-0.9407047629356384,1.7751984596252441,-2.159421443939209
1789323201135145700,7.833145751953125,-1.3230952024459839,1.4172420501708984,-2.4911115169525146
1789323201153996500,7.85199658203125,-1.700675129890442,0.9315420985221863,-2.472175121307373
1789323201172847400,7.870847412109375,-1.826509714126587,0.6493306159973145,-2.671311378479004
1789323201191698200,7.8896982421875,-1.7941347360610962,0.40010493993759155,-2.4966092109680176
1789323201210549000,7.908549072265625,-1.5009280443191528,-0.3396310806274414,-2.492333173751831
1789323201229400000,7.927400146484375,-1.192984700202942,-0.4569137394428253,-2.723844289779663
1789323201248251000,7.9462509765625,-0.7855495810508728,-0.6762079000473022,-2.8234124183654785
1789323201267101700,7.965101806640625,-0.38483378291130066,-0.735460102558136,-2.4501848220825195
1789323201285952500,7.983952392578125,-0.08979454636573792,-0.06352811306715012,-1.9926601648330688
1789323201304803300,8.00280322265625,0.1044548824429512,0.07391251623630524,-1.6481422185897827
1789323201323654100,8.021654052734375,0.06169557198882103,0.05008947476744652,-1.3053805828094482
1789323201342505200,8.040505126953125,0.12155860662460327,-0.006719320081174374,-0.763559103012085
1789323201361356000,8.05935595703125,0.24433889985084534,0.18569757044315338,-0.34696123003959656
1789323201380206800,8.078206787109375,0.1557660549879074,0.05070032179355621,-0.07574506103992462
1789323201399057700,8.0970576171875,0.26877278089523315,0.36101073026657104,0.08857285231351852
1789323201417908500,8.115908447265625,0.23028941452503204,0.16553960740566254,0.6120689511299133
1789323201436759300,8.13475927734375,0.19302773475646973,-0.1319430023431778,1.1483927965164185
1789323201465035800,8.163035888671875,0.3127537965774536,-0.03420744836330414,1.2052016258239746
1789323201483886600,8.181886474609374,0.288930743932724,0.0006108472589403391,1.0555440187454224
1789323201512162800,8.210162841796874,0.1954711228609085,-0.23028941452503204,1.4312914609909058
1789323201531013600,8.229013671875,0.3811686933040619,0.08490777015686035,1.7666466236114502
1789323201549864400,8.247864501953124,0.5265503525733948,0.055587101727724075,1.8149036169052124
1789323201568715300,8.26671533203125,0.5967977643013,-0.27854636311531067,1.852776050567627
1789323201587566000,8.285566162109374,0.7195780873298645,-0.10140064358711243,2.089784860610962
1789323201606417200,8.304417236328124,0.9101623892784119,-0.21440738439559937,2.1924071311950684
1789323201625268000,8.32326806640625,1.174659252166748,-0.41537612676620483,2.2473833560943604
1789323201644118800,8.342118896484376,1.2168077230453491,-0.5149442553520203,2.219895362854004
1789323201662969600,8.360969482421876,1.1184613704681396,-0.5296045541763306,2.335956335067749
1789323201681820400,8.3798203125,0.9950701594352722,-1.0048437118530273,2.408036231994629
1789323201700671200,8.398671142578126,0.7751652002334595,-1.0720369815826416,2.118494749069214
1789323201719522300,8.417522216796876,0.5497625470161438,-1.2778924703598022,1.9272994995117188
1789323201738373000,8.436373046875,0.550373375415802,-0.7262973785400391,1.8100167512893677
1789323201757224000,8.455223876953125,0.6035171151161194,-0.10078980028629303,1.3928080797195435
1789323201776074800,8.47407470703125,0.5393781065940857,-0.13866232335567474,1.1086877584457397
1789323201794925600,8.492925537109375,0.35795649886131287,-0.2987042963504791,0.735460102558136
1789323201813776600,8.511776611328125,0.19913621246814728,-0.20463383197784424,0.2229592502117157
1789323201832627500,8.53062744140625,0,0.07330167293548584,0.03237490355968475
1789323201851478300,8.549478271484375,-0.24067382514476776,0.42453885078430176,-0.25411245226860046
1789323201870329000,8.5683291015625,-0.3512371778488159,0.20280128717422485,-0.5607577562332153
1789323201889180000,8.587179931640625,-0.4214846193790436,0.5992411375045776,-0.966971218585968
1789323201908031000,8.606031005859375,-0.38605546951293945,0.6096255779266357,-1.2675080299377441
1789323201926881800,8.6248818359375,-0.554649293422699,0.9926267862319946,-1.6279842853546143
1789323201945732600,8.643732666015625,-0.8148702383041382,0.7232431769371033,-1.7733659744262695
1789323201964583400,8.66258349609375,-1.0714260339736938,0.8570187091827393,-1.7861937284469604
1789323201983434200,8.681434326171875,-1.3531030416488647,1.064706802368164,-1.7739768028259277
1789323202002285000,8.70028515625,-1.4215179681777954,1.3445512056350708,-1.961506962776184
1789323202021136100,8.71913623046875,-1.3084348440170288,1.0512681007385254,-2.037862777709961
1789323202039987000,8.737987060546875,-1.3316470384597778,0.8191461563110352,-2.4037604331970215
1789323202058837800,8.756837646484374,-1.5461307764053345,0.17775654792785645,-2.6694788932800293
1789323202077688600,8.7756884765625,-1.5736188888549805,-0.4874561131000519,-2.610837459564209
1789323202096539400,8.794539306640624,-1.1819894313812256,-0.16737215220928192,-2.71834659576416
1789323202115390500,8.813390380859374,-0.7324058413505554,-0.033596597611904144,-2.758662462234497
1789323202134241300,8.8322412109375,-0.6163448691368103,-0.16492876410484314,-2.318852663040161
1789323202153092000,8.851092041015624,-0.42514967918395996,-0.06963659077882767,-1.9205801486968994
1789323202171943000,8.86994287109375,0.04153761267662048,0.0390942245721817,-1.7819178104400635
1789323202190793700,8.888793701171876,0.13744063675403595,0.07391251623630524,-1.1318999528884888
1789323202209644500,8.90764453125,0.11117420345544815,0.2638860046863556,-0.5607577562332153
1789323202228495600,8.92649560546875,0.08796200156211853,0.0910162404179573,-0.0910162404179573
1789323202247346400,8.945346435546876,0.12766708433628082,0.05070032179355621,0.33596599102020264
1789323202266197200,8.964197265625,0.24067382514476776,0.24128466844558716,0.7061394453048706
1789323202285048000,8.983048095703126,0.3927747905254364,0.06719319522380829,1.0152281522750854
1789323202303899000,9.00189892578125,0.4605788290500641,0.038483377546072006,1.372650146484375
1789323202322750000,9.02075,0.4202629029750824,0.09895725548267365,1.6957883834838867
1789323202341600800,9.039600830078125,0.5210527181625366,0.3640649616718292,2.0183157920837402
1789323202360451600,9.05845166015625,0.6163448691368103,0.3695625960826874,2.4593474864959717
1789323202379302400,9.077302490234375,0.7146912813186646,0.4178195297718048,2.3377888202667236
1789323202398153200,9.0961533203125,0.6377245187759399,-0.3304683566093445,2.0390844345092773
1789323202417004300,9.11500439453125,0.9358180165290833,-0.06413896381855011,2.2498269081115723
1789323202435855000,9.133855224609375,0.999346137046814,-0.10384403169155121,2.049468994140625
1789323202454706000,9.152705810546875,0.30786702036857605,-0.39949411153793335,1.761759877204895
1789323202473556700,9.171556640625,-0.12644538283348083,-0.45080527663230896,1.6695219278335571
1789323202492407600,9.190407470703125,0.0525328628718853,-0.2980934679508209,1.6817388534545898
1789323202511258400,9.20925830078125,0.5155550837516785,-0.18936264514923096,1.7648141384124756
1789323202530109400,9.228109375,0.7959339618682861,-0.8674030900001526,2.0451929569244385
1789323202548960300,9.246960205078125,0.92054682970047,-1.7507646083831787,2.472175121307373
1789323202567811000,9.26581103515625,0.9547542929649353,-2.246772527694702,2.28342342376709
1789323202586662000,9.284661865234375,0.892447829246521,-1.7776418924331665,1.7214438915252686
1789323202605512700,9.3035126953125,0.8612946271896362,-0.7971556782722473,1.5791164636611938
1789323202624363800,9.32236376953125,0.6658235192298889,-0.42637139558792114,1.3194301128387451
1789323202643214600,9.341214599609375,0.4819584786891937,-0.2895416021347046,0.790436327457428
1789323202662065400,9.3600654296875,0.12766708433628082,-0.38910970091819763,0.6175665855407715
1789323202690341600,9.388341552734374,-0.1698155403137207,0.2357870489358902,0.21929416060447693
1789323202709192400,9.4071923828125,-0.13744063675403595,0.6175665855407715,-0.2993151545524597
1789323202728043500,9.42604345703125,-0.17409147322177887,0.8270871639251709,-0.8722898960113525
1789323202746894300,9.444894287109374,-0.2620534598827362,1.0421054363250732,-1.2840009927749634
1789323202765745200,9.4637451171875,-0.38544461131095886,0.8900044560432434,-1.6121022701263428
1789323202784596000,9.482595947265626,-0.578472375869751,0.7427902817726135,-1.8130710124969482
1789323202803447000,9.501447021484376,-0.8515210747718811,1.009730577468872,-2.0012118816375732
1789323202822297900,9.5202978515625,-1.1160179376602173,0.8686248064041138,-2.147815227508545
1789323202841148700,9.539148681640626,-1.3096565008163452,1.0298885107040405,-2.1520912647247314
1789323202859999500,9.55799951171875,-1.4154094457626343,0.8991671800613403,-2.2797582149505615
1789323202878850300,9.576850341796876,-1.3372210264205933,0.7189671993255615,-2.685360908508301
1789323202897701400,9.595701416015626,-1.321873426437378,0.4752391576766968,-2.596788167953491
1789323202916552200,9.61455224609375,-1.2345223426818848,0.03237490355968475,-2.634049654006958
1789323202935403000,9.633403076171875,-1.0537115335464478,-0.20280128717422485,-3.0231595039367676
1789323202954253800,9.65225390625,-0.7452336549758911,-0.7006418108940125,-2.920536994934082
1789323202973104600,9.671104736328125,-0.5076140761375427,-0.49356457591056824,-2.4941656589508057
1789323202991955500,9.68995556640625,-0.1459924876689911,0.012216945178806782,-2.277925729751587
1789323203010806500,9.708806640625,-0.08002099394798279,-0.3133646547794342,-1.738547682762146
1789323203029657300,9.7276572265625,-0.05925218388438225,0.07513421028852463,-1.2516260147094727
1789323203048508200,9.746508056640625,0.2522799074649811,0.45019441843032837,-1.0940274000167847
1789323203067359000,9.76535888671875,0.25594499707221985,0.15149012207984924,-0.5833591222763062
1789323203086209800,9.784209716796875,0.17286977171897888,0.06719319522380829,0.1698155403137207
1789323203105060600,9.803060546875,0.34757208824157715,0.1569877415895462,0.6151232123374939
1789323203123911700,9.82191162109375,0.4960079789161682,0.028098974376916885,0.9571976661682129
1789323203142762500,9.840762451171875,0.5351021885871887,0.08918370306491852,1.2504043579101562
1789323203161613300,9.85961328125,0.5882459282875061,0.21929416060447693,1.339664340019226
1789323203180464000,9.878464111328125,0.5222744345664978,0.00916270911693573,1.4899327754974365
1789323203199315000,9.89731494140625,0.41171106696128845,0.03298575058579445,1.6750195026397705
1789323203218165800,9.916165771484375,0.32069480419158936,-0.09284878522157669,1.5168100595474243
1789323203237016800,9.935016845703124,0.15332266688346863,0.11178504675626755,1.281557559967041
1789323203255867600,9.95386767578125,0.008551862090826035,-0.10811996459960938,1.438010811805725
1789323203274718500,9.972718505859374,0.3310792148113251,-0.0916270911693573,1.770311713218689
1789323203293569300,9.9915693359375,0.7470661997795105,0.18997350335121155,1.852776050567627
1789323203312420000,10.010420166015624,0.8802309036254883,-0.15943112969398499,1.9040873050689697
1789323203331271200,10.029271240234374,0.6163448691368103,-0.5613686442375183,1.9492899179458618
1789323203350122000,10.0481220703125,0.5900784730911255,-0.7360709309577942,1.8900377750396729
1789323203368972800,10.066972900390626,0.7916580438613892,-0.8857285380363464,1.9938818216323853
1789323203387823600,10.08582373046875,0.9620844125747681,-1.1490037441253662,2.347562313079834
1789323203406674400,10.10467431640625,1.0463813543319702,-1.6304277181625366,2.5344815254211426
1789323203425525200,10.123525146484376,0.9071081876754761,-1.806962490081787,2.460569143295288
1789323203444376300,10.142376220703126,0.6584933400154114,-1.3836454153060913,2.3084681034088135
1789323203463227100,10.16122705078125,0.5821374654769897,-0.9168817400932312,1.95967435836792
1789323203482078000,10.180077880859375,0.7427902817726135,-0.15515519678592682,1.4019708633422852
1789323203500928800,10.1989287109375,0.7006418108940125,0.26877278089523315,0.7751652002334595
1789323203519779600,10.217779541015625,0.4159869849681854,0.17348061501979828,0.7739434838294983
1789323203538630400,10.23663037109375,0.14110571146011353,-0.047646086663007736,0.4324798583984375
1789323203557481500,10.2554814453125,-0.0659715011715889,0.17714570462703705,-0.43858832120895386
1789323203576332300,10.274332275390625,-0.3396310806274414,0.5320479869842529,-1.0317209959030151
1789323203595183000,10.29318310546875,-0.5137225389480591,0.5662553906440735,-1.2937744855880737
1789323203614034000,10.312033935546875,-0.41476529836654663,0.47707170248031616,-1.438010811805725
1789323203632884700,10.330884765625,-0.5131117105484009,0.6774296164512634,-1.618821620941162
1789323203651735600,10.349735595703125,-0.6230642199516296,0.7421793937683105,-1.7697008848190308
1789323203670586600,10.368586669921875,-0.832584798336029,0.8851176500320435,-1.9156934022903442
1789323203689437400,10.3874375,-1.0237799882888794,0.6810947060585022,-2.0329761505126953
1789323203708288300,10.406288330078125,-1.3249276876449585,0.9486457705497742,-2.1386525630950928
1789323203727139000,10.42513916015625,-1.4923762083053589,1.0744802951812744,-2.1178839206695557
1789323203745990000,10.443989990234375,-1.4477843046188354,1.0946383476257324,-2.183244466781616
1789323203764841000,10.462841064453125,-1.3292036056518555,1.0854755640029907,-2.35855770111084
1789323203783691800,10.48169189453125,-1.300493836402893,0.2987042963504791,-2.350005865097046
1789323203802542600,10.50054248046875,-1.2479609251022339,-0.6902574300765991,-2.659705400466919
1789323203821393400,10.519393310546874,-0.6786513328552246,-0.8112051486968994,-3.134944438934326
1789323203840244200,10.538244140625,-0.2101314514875412,-0.3151971995830536,-2.908931016921997
1789323203859095000,10.557094970703124,-0.2608317732810974,-0.07207997888326645,-1.904698133468628
1789323203877945900,10.57594580078125,-0.29503923654556274,0.3133646547794342,-1.5064257383346558
1789323203896796700,10.594796630859374,-0.13805148005485535,0.09956810623407364,-1.5253620147705078
1789323203915647700,10.613647705078124,-0.03542914241552353,0.031153209507465363,-1.0952491760253906
1789323203934498600,10.63249853515625,0.0781884491443634,-0.022601349279284477,-0.5766398310661316
1789323203953349400,10.651349365234376,0.16004198789596558,-0.18875180184841156,-0.16431790590286255
1789323203972200200,10.6702001953125,0.18081079423427582,-0.12033691257238388,0.2852656841278076
1789323203991051000,10.689051025390626,0.15332266688346863,-0.25655585527420044,0.81425940990448
1789323204009901800,10.70790185546875,0.30481278896331787,-0.05925218388438225,1.1349542140960693
1789323204028752600,10.726752685546876,0.42576053738594055,-0.04886778071522713,1.2473500967025757
1789323204047603700,10.745603759765626,0.4984513521194458,0.04092676565051079,1.3586006164550781
1789323204066454500,10.76445458984375,0.47707170248031616,-0.056808795779943466,1.5736188888549805
1789323204085305300,10.783305419921875,0.5858024954795837,0.07207997888326645,1.7086161375045776
1789323204104156200,10.80215625,0.5845808386802673,0.0525328628718853,1.7208330631256104
1789323204123007000,10.821007080078125,0.4599680006504059,-0.17225892841815948,2.0604641437530518
1789323204141857800,10.83985791015625,0.5125008225440979,-0.014660334214568138,2.2614328861236572
1789323204160708600,10.85870849609375,0.6462764143943787,0.09773556143045425,2.0653510093688965
1789323204179559400,10.877559326171875,0.6297835111618042,-0.24556060135364532,1.9718912839889526
1789323204198410500,10.896410400390625,0.5210527181625366,-0.4159869849681854,2.0598533153533936
1789323204217261300,10.91526123046875,0.5070032477378845,-0.5570927262306213,2.2241711616516113
1789323204236112100,10.934112060546875,0.7464553713798523,-0.730573296546936,2.274871587753296
1789323204254963000,10.952962890625,0.9376505613327026,-0.9620844125747681,2.249216079711914
1789323204273813800,10.971813720703125,1.0408837795257568,-1.1771026849746704,2.0794005393981934
1789323204292664600,10.99066455078125,1.111131191253662,-1.362265706062317,1.9517333507537842
1789323204311515400,11.009515380859375,0.9633061289787292,-1.1221264600753784,1.7819178104400635
1789323204330366500,11.028366455078125,0.8716790676116943,-0.7898254990577698,1.4612230062484741
1789323204349217300,11.04721728515625,0.7592831254005432,-0.6200099587440491,1.1398409605026245
1789323204368068000,11.066068115234375,0.5906893014907837,-0.8283088803291321,0.8796200752258301
1789323204386919000,11.0849189453125,0.3658975064754486,-0.49417543411254883,0.2651077210903168
1789323204405769700,11.103769775390624,0.12888877093791962,-0.129499614238739,-0.10811996459960938
1789323204424620500,11.12262060546875,-0.1050657257437706,-0.07696675509214401,-0.3762819170951843
1789323204443471400,11.141471435546874,-0.02504473738372326,0.1948602795600891,-0.6328377723693848
1789323204462322200,11.160322265625,-0.1563768982887268,0.4416425824165344,-0.8026533126831055
1789323204481173200,11.17917333984375,-0.20768806338310242,0.8893936276435852,-0.9791881442070007
1789323204509449500,11.207449462890626,-0.36039987206459045,1.2632321119308472,-1.3500487804412842
1789323204528300300,11.22630029296875,-0.5686988234519958,1.6976208686828613,-1.604161262512207
1789323204547151000,11.245151123046876,-0.8435800671577454,1.761759877204895,-1.806962490081787
1789323204566002000,11.264001953125,-1.2009257078170776,1.5638453960418701,-2.240053176879883
1789323204584852700,11.282852783203126,-1.5235294103622437,1.2015365362167358,-2.5509746074676514
1789323204603703600,11.30170361328125,-1.8026865720748901,0.5479300022125244,-2.6725330352783203
1789323204622554400,11.320554443359375,-1.8283421993255615,0.05070032179355621,-2.6694788932800293
1789323204641405200,11.3394052734375,-1.5748405456542969,0.07696675509214401,-2.7916483879089355
1789323204660256000,11.358256103515625,-1.1856545209884644,-0.09529217332601547,-2.937030076980591
1789323204688532200,11.3865322265625,-0.888171911239624,-0.3658975064754486,-2.59067964553833
1789323204707383300,11.40538330078125,-0.6383354067802429,-0.32374903559684753,-2.495387315750122
1789323204726234000,11.424234130859375,-0.22662433981895447,-0.41354358196258545,-2.2486050128936768
1789323204745085000,11.4430849609375,-0.005497625097632408,-0.16676130890846252,-1.5626236200332642
1789323204763935700,11.461935791015625,0.20524467527866364,0.2583884000778198,-0.9920159578323364
1789323204782786600,11.48078662109375,0.3402419090270996,0.017714571207761765,-0.7006418108940125
1789323204801637400,11.499637451171875,0.16126367449760437,-0.38727715611457825,-0.13744063675403595
1789323204820488200,11.51848828125,0.3555130958557129,0.09651386737823486,0.2858765125274658
1789323204839339000,11.537339111328125,0.5412106513977051,0.16431790590286255,0.48073679208755493
1789323204858189800,11.55618994140625,0.46729815006256104,0.20402298867702484,0.813648521900177
1789323204877040600,11.57504052734375,0.39888325333595276,0.09773556143045425,1.1942063570022583
1789323204895891500,11.593891357421874,0.4721849262714386,0.1832541823387146,1.4239612817764282
1789323204914742300,11.6127421875,0.4813476502895355,-0.07452336698770523,1.5583477020263672
1789323204933593000,11.631593017578124,0.4459185004234314,-0.24494975805282593,1.5161992311477661
1789323204971294700,11.669294677734374,0.33230090141296387,-0.0787992998957634,1.6542507410049438
1789323204990145800,11.688145751953124,0.42881476879119873,0.05070032179355621,1.9492899179458618
1789323205008996600,11.70699658203125,0.6084038615226746,0.04703523963689804,2.0794005393981934
1789323205027847400,11.725847412109376,0.7012526392936707,-0.2724378705024719,2.2095108032226562
1789323205046698200,11.7446982421875,0.8893936276435852,-0.2351761907339096,2.188131332397461
1789323205065549000,11.763549072265626,0.892447829246521,-0.503948986530304,2.1844661235809326
1789323205084399900,11.78239990234375,0.892447829246521,-0.7299624681472778,2.475229501724243
1789323205103250700,11.801250732421876,1.0121738910675049,-0.9590302109718323,2.598620653152466
1789323205122101500,11.8201015625,1.1215155124664307,-1.2705622911453247,2.4477412700653076
1789323205140952300,11.838952392578125,0.9407047629356384,-1.6145457029342651,2.291975259780884
1789323205159803100,11.85780322265625,0.6823163628578186,-1.6200432777404785,1.8692690134048462
1789323205178654000,11.876654052734375,0.6224533319473267,-0.5919110178947449,1.5552934408187866
1789323205197504800,11.8955048828125,0.5839699506759644,-0.3176405727863312,1.1416735649108887
1789323205216355600,11.91435546875,0.6890357136726379,-0.3029802441596985,0.6890357136726379
1789323205235206400,11.933206298828125,0.2602209448814392,-0.04581354558467865,0.38910970091819763
1789323205254057200,11.95205712890625,0.13377554714679718,-0.15087927877902985,0.13621893525123596
1789323205272908000,11.970907958984375,-0.04031591862440109,0.08368607610464096,-0.21990501880645752
1789323205291758800,11.9897587890625,-0.20096874237060547,0.37444937229156494,-0.7421793937683105
1789323205310609700,12.008609619140625,-0.2357870489358902,0.610236406326294,-0.9981244206428528
1789323205329460500,12.02746044921875,-0.21562908589839935,0.6389462351799011,-1.3946406841278076
1789323205348311300,12.046311279296875,-0.22784602642059326,0.9749122262001038,-1.6194324493408203
1789323205367162000,12.065162109375,-0.4074351191520691,0.9718579649925232,-1.664635181427002
1789323205386013200,12.08401318359375,-0.5845808386802673,0.7715001106262207,-1.74709951877594
1789323205404864000,12.102864013671875,-0.8252546191215515,0.911384105682373,-1.9303536415100098
1789323205423714600,12.121714599609374,-1.02683424949646,1.3011046648025513,-2.0910065174102783
1789323205442565600,12.140565673828124,-1.1129636764526367,1.4221287965774536,-2.385434865951538
1789323205461416400,12.15941650390625,-1.544909119606018,1.7580947875976562,-2.280980110168457
1789323205480267000,12.17826708984375,-1.5284161567687988,0.6969767212867737,-2.116051197052002
1789323205508543500,12.20654345703125,-1.478326678276062,0.4984513521194458,-2.471564292907715
1789323205527394300,12.225394287109374,-1.1227372884750366,-1.073258638381958,-2.5027174949645996
1789323205555670500,12.25367041015625,-0.3830012381076813,-0.20402298867702484,-3.099515438079834
1789323205574521300,12.272521240234376,-0.365286648273468,0.11422843486070633,-1.9969360828399658
1789323205593372000,12.291371826171876,-0.31031039357185364,-0.24006296694278717,-1.4978737831115723
1789323205612223000,12.310222900390626,-0.030542362481355667,-0.02748812735080719,-1.4960412979125977
1789323205631073800,12.32907373046875,0.007330167107284069,0.13866232335567474,-1.090362310409546
1789323205649924400,12.34792431640625,-0.08796200156211853,0.006719320081174374,-0.47829338908195496
1789323205668775400,12.366775390625,-0.1185043677687645,0.08429691940546036,0.05741964280605316
1789323205687626000,12.3856259765625,-0.025655584409832954,0.22784602642059326,0.4178195297718048
1789323205706476800,12.404476806640625,0.11422843486070633,0.14049486815929413,0.8264763355255127
1789323205725327600,12.42332763671875,0.29626092314720154,0.07269082218408585,1.2785032987594604
1789323205744178400,12.442178466796875,0.6065713167190552,0.11911521852016449,1.5614019632339478
1789323205763029200,12.461029296875,0.7782194018363953,-0.004886778071522713,1.6536399126052856
1789323205781880000,12.479880126953125,0.7928797602653503,-0.17348061501979828,1.6951775550842285
1789323205800731000,12.49873095703125,0.7482879161834717,-0.3286358118057251,1.7080053091049194
1789323205819581700,12.517581787109375,0.6884248852729797,-0.09773556143045425,1.7354934215545654
1789323205838432500,12.5364326171875,0.6713211536407471,-0.3836120665073395,2.026256799697876
1789323205857283300,12.555283447265625,0.7372926473617554,0.20157960057258606,1.951122522354126
1789323205876134100,12.574134033203125,0.6200099587440491,-0.06902574002742767,1.734271764755249
1789323205894985000,12.59298486328125,0.5925218462944031,-0.25655585527420044,1.839948296546936
1789323205913835800,12.611835693359374,0.605960488319397,-0.33230090141296387,1.9999902248382568
1789323205932686600,12.6306865234375,0.8301414251327515,-0.39827242493629456,2.0170938968658447
1789323205951537400,12.649537353515624,0.9297095537185669,-0.8283088803291321,2.0879523754119873
1789323205970388200,12.66838818359375,0.9510892033576965,-1.1264023780822754,2.1808011531829834
1789323205989239000,12.687239013671874,0.8405258059501648,-1.5864466428756714,2.0800113677978516
1789323206008089900,12.70608984375,0.938872218132019,-2.0280892848968506,1.9633394479751587
1789323206026940700,12.724940673828126,0.8655705451965332,-0.897334635257721,1.8564411401748657
1789323206045791500,12.74379150390625,0.6762079000473022,-0.8887827396392822,1.3763152360916138
1789323206064642300,12.762642333984376,0.45080527663230896,-0.1441599577665329,1.362265706062317
1789323206083493000,12.7814931640625,-0.01832541823387146,-0.047646086663007736,0.833195686340332
1789323206102344000,12.800343994140626,0.10078980028629303,0.6462764143943787,0.6365028619766235
1789323206121194800,12.81919482421875,-0.025655584409832954,0.49173203110694885,0.2510582208633423
1789323206140045300,12.83804541015625,0.06719319522380829,0.8942803740501404,-0.3292466700077057
1789323206158896000,12.856896240234375,0.023212196305394173,0.7036960124969482,-1.0940274000167847
1789323206177747000,12.875746826171875,-0.1960819661617279,0.03665083646774292,-1.6047720909118652
1789323206196597800,12.89459765625,-0.7116370797157288,0.1844758689403534,-1.8503327369689941
1789323206215448600,12.913448486328125,-1.1502254009246826,0.6591041684150696,-1.8637713193893433
1789323206234299400,12.93229931640625,-1.1563338041305542,0.948034942150116,-1.7861937284469604
1789323206253150200,12.951150146484375,-1.13800847530365,1.2882769107818604,-1.8741557598114014
1789323206272001000,12.9700009765625,-1.1184613704681396,0.833195686340332,-1.903476357460022
1789323206290851800,12.988851806640625,-1.3469945192337036,1.3689850568771362,-2.070237636566162
1789323206309702700,13.00770263671875,-1.2821683883666992,0.8771766424179077,-2.3005270957946777
1789323206328553500,13.026553466796875,-1.2785032987594604,0.7617265582084656,-2.703075408935547
1789323206347404300,13.045404296875,-1.4355673789978027,-0.1453816443681717,-2.3866565227508545
1789323206375680300,13.07368017578125,-1.174659252166748,-0.8759549856185913,-2.7629384994506836
1789323206394531000,13.092531005859374,-0.5192201733589172,-0.4886777997016907,-2.825244903564453
1789323206413382000,13.1113818359375,-0.09590301662683487,0.05375456064939499,-2.5430335998535156
1789323206432232700,13.130232666015624,-0.036039989441633224,0.07330167293548584,-2.2760932445526123
1789323206451083500,13.14908349609375,-0.22906772792339325,-0.09895725548267365,-1.6982316970825195
1789323206469934300,13.167934326171874,-0.0647498071193695,0.337798535823822,-1.0482138395309448
1789323206488785200,13.18678515625,0.14965757727622986,0.6517740488052368,-0.6145123243331909
1789323206507635700,13.2056357421875,0.4178195297718048,0.5357130169868469,-0.34451785683631897
1789323206526486500,13.224486572265626,0.4587462842464447,-0.07330167293548584,0.09895725548267365
1789323206545337300,13.24333740234375,0.5833591222763062,-0.33596599102020264,0.5705313682556152
1789323206564188200,13.262188232421876,0.5570927262306213,-0.16309621930122375,0.9718579649925232
1789323206583039000,13.2810390625,0.5497625470161438,0.004886778071522713,1.0671501159667969
1789323206601889800,13.299889892578125,0.29565006494522095,0.0922379344701767,1.1850436925888062
1789323206620740600,13.31874072265625,0.2217375487089157,-0.1423274129629135,1.4349565505981445
1789323206639591400,13.33759130859375,0.26938363909721375,0.026877280324697495,1.5815598964691162
1789323206658442000,13.35644189453125,0.29748260974884033,-0.10201149433851242,1.4746615886688232
1789323206677292800,13.375292724609375,0.2858765125274658,-0.0036650835536420345,1.382423758506775
1789323206696143600,13.3941435546875,0.24250635504722595,0.24128466844558716,1.511312484741211
1789323206714994400,13.412994384765625,0.3243598937988281,0.11545012891292572,1.8149036169052124
1789323206733845200,13.43184521484375,0.4453076422214508,0.04092676565051079,2.1545345783233643
1789323206752696000,13.450696044921875,0.633448600769043,-0.4947862923145294,2.241274833679199
1789323206771546600,13.469546630859375,0.9278770089149475,-0.10995250940322876,2.1722493171691895
1789323206790397400,13.4883974609375,0.9804098606109619,-0.1319430023431778,2.1643083095550537
1789323206809248300,13.507248291015625,1.1392301321029663,-0.6004628539085388,2.3341238498687744
1789323206828099000,13.52609912109375,1.2632321119308472,-1.1099094152450562,2.3781046867370605
1789323206846950000,13.544949951171875,1.003622055053711,-1.7434344291687012,2.2363882064819336
1789323206865800400,13.563800537109374,0.6884248852729797,-1.8411699533462524,2.070237636566162
1789323206884651300,13.5826513671875,0.5925218462944031,-1.1355650424957275,1.6884582042694092
1789323206903502000,13.601502197265624,0.32313820719718933,-0.2651077210903168,1.3512704372406006
1789323206922353000,13.620352783203124,0.20035789906978607,-0.314586341381073,1.0451596975326538
1789323206941203700,13.63920361328125,0.3035911023616791,-0.1453816443681717,0.8918370008468628
1789323206960054500,13.658054443359376,0.416597843170166,0.010995250195264816,0.6817055344581604
1789323206978905000,13.676905029296876,0.29320669174194336,0.02076880633831024,0.16126367449760437
1789323206997756000,13.695755859375,-0.13377554714679718,0.04703523963689804,-0.4862344264984131
1789323207016606700,13.714606689453126,-0.3793361485004425,0.2089097648859024,-0.8777875304222107
1789323207035457500,13.73345751953125,-0.5754181146621704,0.5803049206733704,-1.3714284896850586
1789323207054308400,13.752308349609375,-0.6499415040016174,0.9028322696685791,-1.6365361213684082
1789323207073159000,13.771158935546875,-0.6939224600791931,1.2919420003890991,-1.6322602033615112
1789323207092009700,13.790009765625,-0.7708892226219177,1.0995250940322876,-1.797799825668335
1789323207110860500,13.808860595703125,-0.9602518677711487,0.7366818189620972,-1.9101957082748413
1789323207129711400,13.82771142578125,-1.3163758516311646,1.1972606182098389,-2.000601053237915
1789323207148562200,13.846562255859375,-1.4398432970046997,1.155722975730896,-2.3573360443115234
1789323207167412700,13.865412841796875,-1.5772839784622192,1.1172395944595337,-2.4098687171936035
1789323207186263600,13.884263671875,-1.576673150062561,0.18019993603229523,-2.6926910877227783
1789323207205114400,13.9031142578125,-1.501538872718811,-0.34573954343795776,-2.7763772010803223
1789323207223965200,13.921965087890625,-1.2791141271591187,-0.4715740978717804,-2.6969668865203857
1789323207242815700,13.940815673828125,-1.0720369815826416,-0.26755109429359436,-2.6939127445220947
1789323207261666600,13.95966650390625,-0.8704573512077332,-0.3506263196468353,-2.5051610469818115
1789323207280517400,13.978517333984374,-0.8295305967330933,-0.25716668367385864,-1.9761672019958496
1789323207299368200,13.9973681640625,-0.6615476012229919,-0.12583453953266144,-1.4966521263122559
1789323207318218800,14.01621875,0.05619794875383377,0.14660334587097168,-1.2363548278808594
1789323207337069600,14.035069580078124,0.7739434838294983,0.10995250940322876,-0.7739434838294983
1789323207355920400,14.05392041015625,0.9071081876754761,-0.08612946420907974,-0.24678228795528412
1789323207374771200,14.072771240234376,0.5882459282875061,-0.42392799258232117,0.042759306728839874
1789323207393621800,14.091621826171876,0.3390202224254608,-0.32130566239356995,0.38849884271621704
1789323207412472600,14.11047265625,0.23945212364196777,-0.25472331047058105,0.8295305967330933
1789323207440748800,14.138748779296876,0.31031039357185364,0.2736595869064331,1.2949961423873901
1789323207459599400,14.157599365234375,0.5589252710342407,0.2651077210903168,1.2864443063735962
1789323207478450200,14.1764501953125,0.6975875496864319,-0.0390942245721817,1.4911545515060425
1789323207497301000,14.195301025390625,0.8234221339225769,-0.35856732726097107,1.8246771097183228
1789323207516151600,14.214151611328125,0.9767447710037231,-0.38483378291130066,1.9834973812103271
1789323207535002400,14.23300244140625,0.7507312893867493,-0.46546560525894165,1.9211909770965576
1789323207553853200,14.251853271484375,0.5491516590118408,0.024433890357613564,1.715335488319397
1789323207572704000,14.2707041015625,0.4459185004234314,0.25411245226860046,1.7367150783538818
1789323207591554600,14.289554443359375,0.6090146899223328,-0.14721418917179108,2.072681188583374
1789323207610405400,14.3084052734375,0.8771766424179077,-0.3836120665073395,2.2363882064819336
1789323207629256200,14.327256103515625,1.0928057432174683,-0.17225892841815948,2.1465935707092285
1789323207648106800,14.346106689453125,1.0683718919754028,-0.2602209448814392,2.06412935256958
1789323207666957600,14.36495751953125,1.0195040702819824,-0.8130376935005188,2.0195374488830566
1789323207685808400,14.383808349609374,0.9914051294326782,-1.3946406841278076,1.9731130599975586
1789323207704659000,14.402658935546874,0.8985562920570374,-1.7177788019180298,1.9499008655548096
1789323207723509800,14.421509765625,0.8496885299682617,-1.3414969444274902,1.7104486227035522
1789323207742360600,14.440360595703124,0.6181774139404297,-0.4715740978717804,1.391586422920227
1789323207761211100,14.459211181640624,0.3823903799057007,-0.5894675850868225,1.1147962808609009
1789323207780062000,14.47806201171875,0.12766708433628082,-0.7782194018363953,0.8044858574867249
1789323207798912800,14.496912841796876,0.043981000781059265,-0.3432961702346802,0.4343124032020569
1789323207817763300,14.515763427734376,-0.009773556143045425,0.11178504675626755,0.17775654792785645
1789323207836614100,14.5346142578125,-0.04703523963689804,0.29320669174194336,-0.1044548824429512
1789323207855465000,14.55346484375,-0.01588202826678753,0.33413344621658325,-0.5424323678016663
1789323207874315500,14.5723154296875,-0.1850867122411728,0.555260181427002,-0.9449806809425354
1789323207893166300,14.591166259765625,-0.4563029110431671,0.7934905886650085,-1.2894985675811768
1789323207912017200,14.61001708984375,-0.7012526392936707,1.156944751739502,-1.572397232055664
1789323207930867700,14.62886767578125,-0.8032641410827637,1.258345365524292,-1.723887324333191
1789323207949718500,14.647718505859375,-0.8405258059501648,1.3035480976104736,-1.9382946491241455
1789323207968569300,14.6665693359375,-1.136786699295044,1.4685531854629517,-2.226003885269165
1789323207987420000,14.685419921875,-1.452060341835022,1.3059914112091064,-2.4697318077087402
1789323208015696100,14.713696044921875,-1.5559042692184448,1.0011786222457886,-2.41414475440979
1789323208034546700,14.732546630859375,-1.687847375869751,0.4709632396697998,-2.4788944721221924
1789323208053397500,14.7513974609375,-1.576673150062561,-0.22845686972141266,-2.6334388256073
1789323208072248000,14.770248046875,-1.142895221710205,-0.3408527672290802,-2.888162136077881
1789323208100524300,14.798524169921874,-0.6407787799835205,-0.33718767762184143,-2.6670355796813965
1789323208119374800,14.817374755859374,-0.43736663460731506,-0.18142163753509521,-2.3408429622650146
1789323208138225700,14.8362255859375,-0.21807247400283813,-0.1185043677687645,-2.029921770095825
1789323208157076500,14.855076416015624,-0.0390942245721817,-0.08857285231351852,-1.673187017440796
1789323208175927000,14.873927001953126,0.16004198789596558,0.1588202863931656,-1.1630531549453735
1789323208194777900,14.89277783203125,0.26999449729919434,0.3799470067024231,-0.6193991303443909
1789323208213628400,14.91162841796875,0.10873081535100937,0.17836740612983704,-0.18814095854759216
1789323208232479200,14.930479248046876,0.07330167293548584,0.08674030750989914,0.0922379344701767
1789323208251329800,14.949329833984375,0.1832541823387146,0.26877278089523315,0.4031592011451721
1789323208270180600,14.9681806640625,0.34512871503829956,0.1948602795600891,0.7488987445831299
1789323208289031400,14.987031494140625,0.41232189536094666,0.21868331730365753,1.0628741979599
1789323208307882000,15.005882080078125,0.43981003761291504,0.14843589067459106,1.2937744855880737
1789323208326732800,15.02473291015625,0.3915531039237976,0.037261683493852615,1.4771050214767456
1789323208345583400,15.043583251953125,0.2113531529903412,-0.25472331047058105,1.6200432777404785
1789323208364434200,15.06243408203125,0.14904673397541046,-0.22662433981895447,1.7110595703125
1789323208383284700,15.08128466796875,0.15271180868148804,-0.12461283802986145,1.826509714126587
1789323208402135600,15.100135498046875,0.37078428268432617,0.024433890357613564,1.9022547006607056
1789323208420986400,15.118986328125,0.573585569858551,0.13988402485847473,2.003044605255127
1789323208439837000,15.1378369140625,0.707361102104187,-0.09468132257461548,2.19179630279541
1789323208458687500,15.1566875,0.8826742768287659,-0.34512871503829956,2.35855770111084
1789323208477538300,15.175538330078124,1.0054545402526855,-0.4850127100944519,2.3603901863098145
1789323208496389000,15.19438916015625,1.0164498090744019,-0.5442649126052856,2.194239616394043
1789323208515239700,15.21323974609375,0.9999569654464722,-0.6615476012229919,2.0830655097961426
1789323208534090200,15.23209033203125,1.0726478099822998,-0.7091936469078064,1.968837022781372
1789323208552941000,15.250941162109376,1.1141854524612427,-0.7372926473617554,1.92363440990448
1789323208571792000,15.2697919921875,0.8539644479751587,-1.296217918395996,1.8197903633117676
1789323208590642400,15.288642333984376,0.8026533126831055,-1.040272831916809,1.3384426832199097
1789323208609493200,15.3074931640625,0.7275190949440002,-0.6426113247871399,1.1722159385681152
1789323208628343800,15.32634375,0.610236406326294,-0.45263782143592834,1.1447277069091797
1789323208647194600,15.345194580078125,0.41048935055732727,-0.6340594291687012,0.9474241137504578
1789323208666045200,15.364045166015625,0.25472331047058105,-0.5118899941444397,0.42576053738594055
1789323208684896000,15.38289599609375,0.06352811306715012,-0.33413344621658325,-0.10750912129878998
1789323208703746600,15.40174658203125,-0.05986303091049194,0.16065283119678497,-0.4581354558467865
1789323208722597000,15.42059716796875,-0.14904673397541046,0.4569137394428253,-0.8038749694824219
1789323208741448000,15.439447998046875,-0.2620534598827362,0.786771297454834,-1.0769237279891968
1789323208760298800,15.458298828125,-0.4092676639556885,0.754396378993988,-1.3457728624343872
1789323208779149300,15.4771494140625,-0.5497625470161438,1.1361758708953857,-1.5626236200332642
1789323208797999900,15.495999755859375,-0.8179244995117188,1.3163758516311646,-1.6469205617904663
1789323208816850700,15.5148505859375,-1.0720369815826416,1.4325132369995117,-1.7916914224624634
1789323208835701200,15.533701171875,-1.3818128108978271,1.502760648727417,-1.92363440990448
1789323208854552000,15.552552001953124,-1.5552934408187866,1.1117420196533203,-2.1459827423095703
1789323208873402600,15.571402587890624,-1.618821620941162,0.8710681796073914,-2.3952083587646484
1789323208892253400,15.59025341796875,-1.7800853252410889,0.0916270911693573,-2.6908586025238037
1789323208911104000,15.60910400390625,-1.7904696464538574,-0.44103172421455383,-2.7543866634368896
1789323208929954600,15.62795458984375,-1.3029371500015259,-0.4874561131000519,-2.856398105621338
1789323208948805400,15.646805419921876,-0.8472451567649841,-0.17225892841815948,-2.8002002239227295
1789323208967656000,15.665656005859375,-0.8344173431396484,-0.11361759155988693,-2.477672815322876
1789323208986506800,15.6845068359375,-0.5790832042694092,-0.20707722008228302,-1.987162470817566
1789323209014782700,15.71278271484375,0.13316470384597778,-0.062306419014930725,-1.2180293798446655
1789323209033633300,15.73163330078125,0.43858832120895386,0.23151111602783203,-0.8338065147399902
1789323209052484000,15.750484130859375,0.4581354558467865,0.08735115826129913,-0.5357130169868469
1789323209071334700,15.769334716796875,0.29748260974884033,0.0018325417768210173,-0.1447708010673523
1789323209090185200,15.788185302734375,0.30603447556495667,-0.25472331047058105,0.34451785683631897
1789323209109036000,15.8070361328125,0.3817795515060425,0.13682979345321655,0.6328377723693848
1789323209127886600,15.825886474609375,0.37322768568992615,-0.16492876410484314,0.6951441764831543
1789323209146737400,15.8447373046875,0.36101073026657104,0.025655584409832954,0.9046648144721985
1789323209165588000,15.863587890625,0.4196520745754242,-0.11239589750766754,1.222305417060852
1789323209184438500,15.8824384765625,0.5149442553520203,-0.007941014133393764,1.395862340927124
1789323209203289300,15.901289306640624,0.37078428268432617,-0.02076880633831024,1.4514493942260742
1789323209222140000,15.920139892578124,0.16065283119678497,-0.09590301662683487,1.4587795734405518
1789323209240990500,15.938990478515626,0.04459185153245926,0.021379653364419937,1.6114914417266846
1789323209259841300,15.95784130859375,0.16676130890846252,0.1820324808359146,1.8930920362472534
1789323209278691800,15.97669189453125,0.5369347333908081,0.16492876410484314,2.1838552951812744
1789323209297542700,15.995542724609376,0.9981244206428528,-0.11606097966432571,2.338399648666382
1789323209316393200,16.014393310546875,1.3084348440170288,-0.020157959312200546,2.376272201538086
1789323209335243800,16.033243896484375,1.2754490375518799,-0.4813476502895355,2.4159772396087646
1789323209354094600,16.052094482421875,1.0463813543319702,-0.9101623892784119,2.44041109085083
1789323209372945200,16.070945068359375,0.9510892033576965,-1.0885298252105713,2.326793670654297
1789323209391795700,16.089795654296875,0.8576295375823975,-1.309045672416687,2.1862986087799072
1789323209410646500,16.108646484375,0.7153021693229675,-1.203369140625,2.108110189437866
1789323209429497000,16.1274970703125,0.758672297000885,-0.9834640622138977,1.7727551460266113
1789323209448347600,16.14634765625,0.6658235192298889,-0.8081509470939636,1.5149775743484497
1789323209467198200,16.1651982421875,0.7427902817726135,-0.5143333673477173,1.183211088180542
1789323209486049000,16.184049072265626,0.6200099587440491,-0.4367557764053345,0.8319739699363708
1789323209514325000,16.212324951171876,0.284654825925827,-0.5326588153839111,0.22479179501533508
1789323209533175600,16.231175537109376,-0.04581354558467865,-0.29565006494522095,-0.25655585527420044
1789323209552026000,16.250026123046876,-0.17286977171897888,0.2742704153060913,-0.38605546951293945
1789323209570877000,16.268876953125,-0.30664533376693726,0.3781144618988037,-0.6340594291687012
1789323209589727500,16.2877275390625,-0.23151111602783203,0.420873761177063,-1.0934165716171265
1789323209608578000,16.306578125,-0.38544461131095886,1.0085088014602661,-1.4453409910202026
1789323209627428900,16.325428955078124,-0.6774296164512634,1.4050250053405762,-1.4722182750701904
1789323209646279400,16.344279541015624,-0.8484668135643005,1.4856568574905396,-1.6450880765914917
1789323209665130000,16.3631298828125,-0.9486457705497742,1.3732609748840332,-1.8411699533462524
1789323209683980500,16.38198046875,-1.2589561939239502,1.5632344484329224,-2.0274784564971924
1789323209702831400,16.400831298828123,-1.729995846748352,1.2833900451660156,-2.2650980949401855
1789323209721682000,16.419681884765627,-1.9407380819320679,0.8472451567649841,-2.2278363704681396
1789323209740532500,16.438532470703127,-2.0482470989227295,0.29503923654556274,-2.455071449279785
1789323209759383000,16.457383056640627,-1.7128920555114746,-0.27121618390083313,-2.648099184036255
1789323209778233900,16.47623388671875,-1.3206517696380615,-0.5772506594657898,-2.6413798332214355
1789323209797084400,16.49508447265625,-0.9126058220863342,-0.4214846193790436,-2.937030076980591
1789323209815935000,16.51393505859375,-0.5913001298904419,-0.4966188073158264,-2.682917594909668
1789323209834785500,16.53278564453125,-0.5393781065940857,-0.23090025782585144,-1.92363440990448
1789323209853636000,16.551635986328126,-0.2101314514875412,0.1820324808359146,-1.7312175035476685
1789323209872487000,16.57048681640625,0.15332266688346863,0.015271181240677834,-1.6841822862625122
1789323209891337500,16.58933740234375,0.2480039894580841,-0.02076880633831024,-1.0115630626678467
1789323209910188000,16.60818798828125,0.21868331730365753,0.13377554714679718,-0.420873761177063
1789323209929038600,16.62703857421875,0.19424942135810852,-0.030542362481355667,-0.1716480851173401
1789323209947889200,16.64588916015625,0.10140064358711243,-0.10384403169155121,0.25533416867256165
1789323209966740000,16.664739990234374,0.14965757727622986,-0.00916270911693573,0.7091936469078064
1789323209985590500,16.683590576171873,0.38910970091819763,0.0922379344701767,0.9852966070175171
1789323210013866500,16.711866455078123,0.6114581227302551,-0.07452336698770523,1.207645058631897
1789323210032717000,16.730717041015627,0.6627692580223083,-0.18142163753509521,1.4123551845550537
1789323210051567600,16.749567626953127,0.6407787799835205,-0.36223241686820984,1.7825286388397217
1789323210070418200,16.768418212890627,0.6994200944900513,-0.522885262966156,1.9883841276168823
1789323210089268700,16.787268798828126,0.6328377723693848,0.024433890357613564,1.9205801486968994
1789323210108119600,16.80611962890625,0.45324867963790894,0.14904673397541046,1.825287938117981
1789323210126970000,16.82497021484375,0.6774296164512634,-0.021990500390529633,2.0482470989227295
1789323210145820700,16.843820556640626,1.035386085510254,-0.11178504675626755,2.2015697956085205
1789323210164671200,16.862671142578126,1.1483927965164185,-0.5399889945983887,2.232112169265747
1789323210183521800,16.881521728515626,0.8863393664360046,-0.8081509470939636,2.3109116554260254
1789323210202372400,16.900372314453126,0.6810947060585022,-0.8985562920570374,2.335956335067749
1789323210221223000,16.919222900390626,0.739736020565033,-0.938872218132019,2.1924071311950684
1789323210240073500,16.938073486328125,0.8790091872215271,-1.1221264600753784,2.0598533153533936
1789323210258924300,16.95692431640625,0.7782194018363953,-1.2369656562805176,2.028700113296509
1789323210277774800,16.97577490234375,0.7641699314117432,-1.5882792472839355,1.6945666074752808
1789323210296625400,16.99462548828125,0.8075400590896606,-1.0488247871398926,1.4227396249771118
1789323210315476000,17.01347607421875,0.7678350210189819,-0.5002838969230652,0.92054682970047
1789323210334326500,17.032326416015625,0.47707170248031616,-0.2651077210903168,0.8808417320251465
1789323210353177000,17.051177001953125,0.1582094430923462,-0.23334364593029022,0.6169557571411133
1789323210372027600,17.070027587890625,0.13499724864959717,-0.006108472589403391,0.1710372269153595
1789323210390878200,17.088878173828125,0.03420744836330414,0.2504473626613617,-0.31092125177383423
1789323210409729000,17.10772900390625,0.0012216945178806782,0.314586341381073,-0.6157340407371521
1789323210428579600,17.12657958984375,-0.10017894953489304,0.3029802441596985,-0.9474241137504578
1789323210447430100,17.14543017578125,-0.18997350335121155,0.6676560640335083,-1.2412415742874146
1789323210475705900,17.173705810546874,-0.5937435626983643,1.2577345371246338,-1.4997063875198364
1789323210494556400,17.192556396484374,-0.80937260389328,1.4502277374267578,-1.580949068069458
1789323210513407200,17.2114072265625,-0.9529217481613159,1.511312484741211,-1.7739768028259277
1789323210532257800,17.2302578125,-1.0616525411605835,1.2595670223236084,-2.0170938968658447
1789323210551108400,17.2491083984375,-1.2595670223236084,1.4630554914474487,-2.403149366378784
1789323210569959000,17.267958984375,-1.5265836715698242,1.207645058631897,-2.558304786682129
1789323210588809500,17.2868095703125,-1.7165571451187134,0.5076140761375427,-2.7977569103240967
1789323210607660000,17.305659912109373,-1.8136818408966064,-0.1557660549879074,-2.798367738723755
1789323210626510600,17.324510498046877,-1.2833900451660156,-0.37689274549484253,-2.9614639282226562
1789323210645361200,17.343361083984377,-0.837471604347229,-0.2107423096895218,-3.0005581378936768
1789323210664211700,17.362211669921876,-0.5864133834838867,-0.27121618390083313,-2.5277624130249023
1789323210683062300,17.381062255859376,-0.24128466844558716,0.19241689145565033,-2.1001691818237305
1789323210701912800,17.399912841796876,0.007330167107284069,0.2376195788383484,-1.77642023563385
1789323210720763400,17.418763427734376,0.26755109429359436,0.2223484069108963,-1.475272536277771
1789323210739614000,17.437614013671876,0.29442837834358215,0.07146912813186646,-0.7727217674255371
1789323210758464500,17.456464599609376,0.1820324808359146,0.004275931045413017,-0.07391251623630524
1789323210777315000,17.475315185546876,0.10323318839073181,0.37139514088630676,0.2901524603366852
1789323210796165600,17.49416552734375,0.18691925704479218,0.29748260974884033,0.3658975064754486
1789323210815016200,17.51301611328125,0.27060532569885254,0.2870981991291046,0.5748072862625122
1789323210843292000,17.5412919921875,0.38422292470932007,0.29442837834358215,1.2821683883666992
1789323210862142500,17.560142578125,0.3536805510520935,0.014660334214568138,1.4813809394836426
1789323210880993000,17.578992919921873,0.30908870697021484,-0.07330167293548584,1.3805911540985107
1789323210899843600,17.597843505859377,0.09040539711713791,0.11606097966432571,1.383034586906433
1789323210918694100,17.616694091796877,-0.05008947476744652,-0.3561239540576935,1.5540717840194702
1789323210937544700,17.635544677734377,0.06413896381855011,-0.2767138183116913,1.919358491897583
1789323210956395300,17.654395263671876,0.3793361485004425,-0.0018325417768210173,1.9853299856185913
1789323210975245800,17.673245849609376,0.7140804529190063,0.09651386737823486,1.808184266090393
1789323210994096400,17.692096435546876,0.9181034564971924,-0.05619794875383377,2.0910065174102783
1789323211012947000,17.710947021484376,1.0476030111312866,-0.2742704153060913,2.3988735675811768
1789323211031797500,17.729797607421876,1.0995250940322876,-0.6071822047233582,2.413533926010132
1789323211050648000,17.74864794921875,1.0848647356033325,-0.9199360013008118,2.2767040729522705
1789323211069498600,17.76749853515625,1.009730577468872,-1.0866972208023071,2.2712063789367676
1789323211088349200,17.78634912109375,0.9620844125747681,-1.668911099433899,2.5857927799224854
1789323211107199700,17.80519970703125,0.6090146899223328,-1.8118493556976318,2.4611799716949463
1789323211126050300,17.82405029296875,0.5705313682556152,-1.1618314981460571,1.7336609363555908
1789323211144900600,17.842900634765623,0.5534276366233826,-0.3298575282096863,1.589500904083252
1789323211163751400,17.86175146484375,0.7379034757614136,-0.7317950129508972,1.2003148794174194
1789323211182601700,17.880601806640627,0.6627692580223083,-0.4679090082645416,0.6945333480834961
1789323211201452300,17.899452392578127,0.2473931461572647,-0.5320479869842529,0.605960488319397
1789323211220302800,17.918302734375,-0.012827792204916477,-0.367730051279068,0.4868452548980713
1789323211239153400,17.9371533203125,-0.21929416060447693,-0.1820324808359146,-0.0030542362947016954
1789323211258004000,17.95600390625,-0.3310792148113251,0.6029062271118164,-0.4819584786891937
1789323211276854500,17.9748544921875,-0.2742704153060913,1.0378295183181763,-0.7721109390258789
1789323211295705000,17.993705078125,-0.26755109429359436,1.2748382091522217,-1.2778924703598022
1789323211314555400,18.012555419921874,-0.34512871503829956,1.110520362854004,-1.646309733390808
1789323211333406000,18.031406005859374,-0.53143709897995,0.9236010313034058,-1.9621177911758423
1789323211352256500,18.050256591796874,-0.8283088803291321,0.9871291518211365,-2.0506906509399414
1789323211371107000,18.069107177734374,-1.3421077728271484,1.1587772369384766,-2.1545345783233643
1789323211389957600,18.08795751953125,-1.5968310832977295,1.138619303703308,-2.3286261558532715
1789323211408808200,18.10680810546875,-1.6096588373184204,0.9975135922431946,-2.4471304416656494
1789323211427658800,18.12565869140625,-1.6939557790756226,0.367730051279068,-2.4617908000946045
1789323211446509300,18.14450927734375,-1.7440452575683594,0.06658235192298889,-2.880221128463745
1789323211465359600,18.163359619140625,-1.376926064491272,-0.37139514088630676,-3.1215057373046875
1789323211493635600,18.191635498046875,-0.9064973592758179,-0.4367557764053345,-2.913817882537842
1789323211512486000,18.21048583984375,-0.5894675850868225,-0.555260181427002,-2.2907536029815674
1789323211531336400,18.22933642578125,-0.25350162386894226,0.022601349279284477,-1.7971889972686768
1789323211550187000,18.24818701171875,0.0525328628718853,0.09284878522157669,-1.8118493556976318
1789323211569037600,18.26703759765625,0.24067382514476776,-0.3500154912471771,-1.4862676858901978
1789323211587888000,18.28588818359375,0.26694026589393616,-0.24250635504722595,-0.6004628539085388
1789323211606738700,18.30473876953125,0.37139514088630676,0.15454435348510742,-0.17714570462703705
1789323211625589000,18.323589111328126,0.21318569779396057,0.3536805510520935,-0.009773556143045425
1789323211644439600,18.342439453125,0.05375456064939499,0.011606098152697086,0.38666632771492004
1789323211663290000,18.3612900390625,0.2608317732810974,0.3280249834060669,0.7928797602653503
1789323211682140700,18.380140625,0.3512371778488159,-0.16065283119678497,1.0469921827316284
1789323211700991000,18.398990966796877,0.367730051279068,-0.06841489672660828,1.1410627365112305
1789323211719841500,18.417841552734377,0.33535513281822205,-0.08551861345767975,1.1856545209884644
1789323211738692000,18.436692138671877,0.3261924386024475,-0.3384093940258026,1.5119233131408691
1789323211757542700,18.455542724609376,0.3683409094810486,-0.08735115826129913,1.8478893041610718
1789323211776393200,18.474393310546876,0.393385648727417,0.007941014133393764,1.8637713193893433
1789323211795243500,18.493243408203124,0.4746283292770386,-0.022601349279284477,1.7599272727966309
1789323211814094000,18.512093994140624,0.5497625470161438,-0.3402419090270996,1.8955353498458862
1789323211842369800,18.540369873046874,1.0769237279891968,-0.09895725548267365,2.0885632038116455
1789323211861220400,18.559220458984374,1.1911520957946777,-0.24556060135364532,2.1838552951812744
1789323211880071000,18.57807080078125,1.1215155124664307,-0.6823163628578186,2.3200743198394775
1789323211898921500,18.59692138671875,0.9541434049606323,-0.8319739699363708,2.284034252166748
1789323211917771800,18.615771728515625,0.998735249042511,-1.0133955478668213,2.107499361038208
1789323211936622300,18.634622314453125,1.012784719467163,-0.9834640622138977,2.054966449737549
1789323211955473000,18.653472900390625,0.8741224408149719,-1.0512681007385254,2.006098747253418
1789323211974323500,18.672323486328125,0.9278770089149475,-0.9034430980682373,1.733049988746643
1789323211993173800,18.691173828125,0.9474241137504578,-0.5821374654769897,1.4801592826843262
1789323212012024300,18.7100244140625,0.6951441764831543,-0.2480039894580841,1.2168077230453491
1789323212030875000,18.728875,0.47951510548591614,-0.37506023049354553,1.0378295183181763
1789323212049725200,18.74772509765625,0.2895416021347046,-0.2877090573310852,0.7513421177864075
1789323212068575700,18.76657568359375,0.07330167293548584,0.16187451779842377,0.24250635504722595
1789323212087426300,18.78542626953125,0.05375456064939499,0.07391251623630524,-0.1423274129629135
1789323212106276600,18.804276611328124,0.047646086663007736,0.20402298867702484,-0.6407787799835205
1789323212125127200,18.823127197265624,-0.07330167293548584,0.19241689145565033,-1.1581664085388184
1789323212143977700,18.841977783203124,-0.40193748474121094,0.6450546979904175,-1.5149775743484497
1789323212162828300,18.860828369140624,-0.6432221531867981,0.8900044560432434,-1.6261518001556396
1789323212181678600,18.8796787109375,-0.7244648337364197,1.2125318050384521,-1.6597483158111572
1789323212200529200,18.898529052734375,-0.80937260389328,1.2785032987594604,-1.751375436782837
1789323212219379500,18.91737939453125,-0.9260444641113281,1.1795459985733032,-1.9926601648330688
1789323212238230000,18.93622998046875,-1.2565127611160278,1.5143667459487915,-2.13620924949646
1789323212257080600,18.95508056640625,-1.4569470882415771,1.3879213333129883,-2.33901047706604
1789323212275931100,18.97393115234375,-1.6841822862625122,1.1080769300460815,-2.480116128921509
1789323212294781400,18.992781494140626,-1.690901517868042,0.07207997888326645,-2.6639811992645264
1789323212313632000,19.011632080078126,-1.593776822090149,-0.18569757044315338,-3.131279468536377
1789323212332482600,19.030482666015626,-1.1618314981460571,-0.41293275356292725,-3.062253713607788
1789323212360758000,19.058758056640624,-0.6749862432479858,0.005497625097632408,-2.110553741455078
1789323212379608600,19.077608642578124,-0.5430431962013245,0.01832541823387146,-1.919358491897583
1789323212398459100,19.096459228515624,-0.5234960913658142,-0.10628741979598999,-1.7147246599197388
1789323212417309400,19.115309326171875,-0.2241809368133545,0.21685077250003815,-1.100746750831604
1789323212436160000,19.134159912109375,0.16859383881092072,0.6493306159973145,-0.5974085927009583
1789323212455010600,19.153010498046875,0.08063183724880219,0.46302223205566406,-0.33596599102020264
1789323212473860900,19.17186083984375,-0.08307522535324097,0.16126367449760437,-0.05497625470161438
1789323212492711400,19.19071142578125,0.15332266688346863,-0.2351761907339096,0.32313820719718933
1789323212511561700,19.209561767578126,0.314586341381073,-0.342074453830719,0.6786513328552246
1789323212530412300,19.228412353515626,0.3927747905254364,-0.2632751762866974,0.8857285380363464
1789323212549262800,19.247262939453126,0.4715740978717804,0.05619794875383377,0.9278770089149475
1789323212568113200,19.266113037109374,0.4190412163734436,0.02748812735080719,1.0390511751174927
1789323212586963700,19.284963623046874,0.3249707520008087,-0.18753011524677277,1.5137559175491333
1789323212605814000,19.30381396484375,0.46851983666419983,0.04825693368911743,1.9651719331741333
1789323212624664600,19.32266455078125,0.5943543910980225,-0.017714571207761765,1.9505116939544678
1789323212643515000,19.341514892578125,0.5528167486190796,-0.016492875292897224,1.6408120393753052
1789323212662365400,19.360365478515625,0.3811686933040619,-0.03665083646774292,1.7544296979904175
1789323212681216000,19.379216064453125,0.6016845703125,-0.14843589067459106,2.0403060913085938
1789323212700066300,19.39806640625,0.9724688529968262,-0.2626643180847168,2.1954615116119385
1789323212718916900,19.416916748046877,0.9767447710037231,-0.5167768001556396,2.2064566612243652
1789323212737767200,19.43576708984375,0.8112051486968994,-0.7036960124969482,2.2272255420684814
1789323212756617700,19.45461767578125,0.70308518409729,-0.6621584296226501,2.315798282623291
1789323212775468000,19.473468017578124,0.8105943202972412,-1.0250016450881958,2.295029401779175
1789323212794318600,19.492318603515624,1.0714260339736938,-1.136786699295044,2.1087210178375244
1789323212813169000,19.5111689453125,1.0421054363250732,-0.8893936276435852,1.8552194833755493
1789323212832019500,19.53001953125,0.8154810667037964,-1.022558331489563,1.6151565313339233
1789323212850870000,19.5488701171875,0.6126797795295715,-0.9981244206428528,1.631649374961853
1789323212869720300,19.56772021484375,0.6780404448509216,-0.7641699314117432,1.180156946182251
1789323212888571000,19.58657080078125,0.5711421966552734,-0.518609344959259,0.9132166504859924
1789323212907421200,19.605421142578123,0.3915531039237976,-0.34940463304519653,0.5454866290092468
1789323212926271700,19.624271728515627,0.17714570462703705,-0.06352811306715012,0.16553960740566254
1789323212945122000,19.6431220703125,0.005497625097632408,0.18875180184841156,-0.12400199472904205
1789323212963972600,19.66197265625,-0.09773556143045425,0.40010493993759155,-0.5454866290092468
1789323212982823000,19.680822998046875,-0.2767138183116913,0.8777875304222107,-0.856407880783081
1789323213011098600,19.7090986328125,-0.4220954477787018,1.1868761777877808,-1.26872980594635
1789323213029949000,19.727948974609376,-0.6719319820404053,1.180156946182251,-1.5241402387619019
1789323213048799500,19.746799560546876,-0.8753440976142883,1.2198619842529297,-1.728774070739746
1789323213067649800,19.76564990234375,-0.9810206890106201,1.166107416152954,-1.9126391410827637
1789323213086500400,19.784500244140624,-1.2491827011108398,1.2070342302322388,-2.127657413482666
1789323213105350700,19.8033505859375,-1.5168100595474243,0.869846522808075,-2.30968976020813
1789323213124201200,19.822201171875,-1.7477103471755981,0.7153021693229675,-2.3805482387542725
1789323213143051500,19.841051513671875,-1.7135028839111328,0.24128466844558716,-2.6065616607666016
1789323213161902000,19.859902099609375,-1.5528501272201538,0.0659715011715889,-2.6676464080810547
1789323213180752400,19.87875244140625,-1.2320789098739624,-0.07574506103992462,-2.795924186706543
1789323213209028000,19.907028076171876,-0.754396378993988,-0.27976804971694946,-2.9248130321502686
1789323213227878400,19.92587841796875,-0.53143709897995,-0.29626092314720154,-2.8154714107513428
1789323213246728700,19.944728759765624,-0.3390202224254608,-0.30908870697021484,-2.356724977493286
1789323213265579300,19.963579345703124,-0.0525328628718853,-0.05619794875383377,-1.7941347360610962
1789323213284429600,19.9824296875,0.16004198789596558,0.08735115826129913,-1.3500487804412842
1789323213303280000,20.001280029296876,0.17653486132621765,0.12094775587320328,-0.9064973592758179
1789323213322130400,20.02013037109375,0.20157960057258606,-0.02076880633831024,-0.4691306948661804
1789323213340980700,20.038980712890623,0.3512371778488159,0.12827792763710022,-0.16553960740566254
1789323213359831300,20.057831298828123,0.3524588644504547,-0.021990500390529633,0.23884128034114838
1789323213378681600,20.076681640625,0.30908870697021484,-0.02870982140302658,0.6762079000473022
1789323213397532200,20.0955322265625,0.3017585575580597,0.08002099394798279,1.0207257270812988
1789323213416382500,20.114382568359375,0.3176405727863312,-0.09712471067905426,1.3249276876449585
1789323213435232800,20.133232666015626,0.2852656841278076,-0.004275931045413017,1.4917653799057007
1789323213454083300,20.152083251953126,0.3542914092540741,-0.10873081535100937,1.482602596282959
1789323213472933600,20.17093359375,0.41476529836654663,0.0647498071193695,1.5394114255905151
1789323213491784000,20.189783935546874,0.45263782143592834,0.08612946420907974,1.7293848991394043
1789323213510634500,20.208634521484374,0.5448757410049438,-0.0006108472589403391,2.0256459712982178
1789323213529484800,20.22748486328125,0.6682668924331665,-0.10140064358711243,2.2046241760253906
1789323213548335000,20.246335205078125,0.6365028619766235,-0.32191649079322815,2.3524491786956787
1789323213567185700,20.265185546875,0.6804838180541992,-0.18142163753509521,2.23760986328125
1789323213586036000,20.284035888671873,0.7580614686012268,-0.30481278896331787,2.1722493171691895
1789323213604886500,20.302886474609377,0.7806627750396729,-0.503948986530304,2.371385335922241
1789323213633162000,20.331161865234375,0.9254335761070251,-0.7098045349121094,2.379326343536377
1789323213652012300,20.35001220703125,1.0506572723388672,-0.9859074950218201,2.2852559089660645
1789323213670862800,20.36886279296875,0.9743013978004456,-1.3989166021347046,2.3463406562805176
1789323213689713200,20.387713134765626,0.7043069005012512,-1.4031925201416016,1.894924521446228
1789323213717988600,20.415988525390624,0.6047387719154358,-0.5833591222763062,1.501538872718811
1789323213736839200,20.434839111328124,0.832584798336029,-0.43614494800567627,1.2754490375518799
1789323213755689500,20.453689453125,0.6493306159973145,-0.41048935055732727,0.8466343283653259
1789323213774539800,20.472539794921875,0.3512371778488159,-0.20219044387340546,0.31092125177383423
1789323213793390000,20.49139013671875,-0.06780404597520828,0.15515519678592682,0.0916270911693573
1789323213812240600,20.51024072265625,-0.19424942135810852,0.29320669174194336,-0.24678228795528412
1789323213831091000,20.529091064453127,-0.16248537600040436,0.5821374654769897,-0.7018635272979736
1789323213849941200,20.547941162109375,-0.20707722008228302,0.8423583507537842,-1.045770525932312
1789323213868791800,20.566791748046874,-0.27060532569885254,0.8454126119613647,-1.2742273807525635
1789323213887642000,20.58564208984375,-0.49112120270729065,0.8386932611465454,-1.5644562244415283
1789323213906492400,20.604492431640626,-0.7262973785400391,1.1373976469039917,-1.6194324493408203
1789323213925342700,20.6233427734375,-0.990183413028717,1.3469945192337036,-1.6658568382263184
1789323213944193300,20.642193359375,-1.2937744855880737,1.4587795734405518,-1.7422127723693848
1789323213963043600,20.661043701171874,-1.5461307764053345,1.2607887983322144,-1.8808751106262207
1789323213981894000,20.679893798828125,-1.5888900756835938,1.2693406343460083,-2.20828914642334
1789323214010169300,20.70816943359375,-1.7116703987121582,0.6365028619766235,-2.41414475440979
1789323214029020000,20.72702001953125,-1.8711014986038208,-0.05131116881966591,-2.761106014251709
1789323214047870200,20.7458701171875,-1.5675103664398193,-0.5027272701263428,-2.998114585876465
1789323214076145700,20.774145751953125,-0.8985562920570374,-0.23028941452503204,-2.700632095336914
1789323214094996000,20.792995849609376,-0.6829272508621216,0.13866232335567474,-2.543644428253174
1789323214113846500,20.811846435546876,-0.5790832042694092,-0.25777754187583923,-2.183244466781616
1789323214132696800,20.83069677734375,-0.31092125177383423,-0.26755109429359436,-1.6896798610687256
1789323214151547100,20.849547119140624,0.08551861345767975,0.2363978922367096,-1.1697725057601929
1789323214170397400,20.8683974609375,0.2107423096895218,0.258999228477478,-0.6358919739723206
1789323214189247700,20.887247802734375,0.12583453953266144,0.14965757727622986,-0.12216944992542267
1789323214208098300,20.906098388671875,0.06963659077882767,0.053143709897994995,0.3542914092540741
1789323214226948600,20.924948486328127,0.26938363909721375,0.03542914241552353,0.7776085734367371
1789323214245799000,20.943798828125,0.42514967918395996,0.08124268800020218,1.100746750831604
1789323214264649200,20.962649169921875,0.5070032477378845,0.05741964280605316,1.0610417127609253
1789323214283499500,20.98149951171875,0.4092676639556885,-0.1832541823387146,1.249793529510498
1789323214302349800,21.000349853515626,0.2999260127544403,-0.2583884000778198,1.5931659936904907
1789323214321200000,21.0192001953125,0.24067382514476776,-0.3402419090270996,1.6566941738128662
1789323214340050700,21.03805078125,0.1985253542661667,-0.11972606182098389,1.668911099433899
1789323214358901000,21.05690087890625,0.06658235192298889,-0.1692046970129013,1.825287938117981
1789323214377751300,21.075751220703125,0.18814095854759216,0.01588202826678753,2.0396952629089355
1789323214396601600,21.0946015625,0.4752391576766968,-0.07696675509214401,2.1704165935516357
1789323214415452000,21.113451904296873,0.790436327457428,0.0653606578707695,2.16552996635437
1789323214434302200,21.13230224609375,0.9254335761070251,-0.42698222398757935,2.1520912647247314
1789323214453152500,21.151152587890625,1.0524898767471313,-0.7446228265762329,2.2962512969970703
1789323214472002800,21.1700029296875,1.159998893737793,-0.7660024762153625,2.359168529510498
1789323214490853000,21.18885302734375,1.1728267669677734,-0.8130376935005188,2.1673624515533447
1789323214509703700,21.20770361328125,1.1917630434036255,-1.1520578861236572,2.215008497238159
1789323214528554000,21.226553955078124,1.1227372884750366,-1.414798617362976,2.3805482387542725
1789323214547404300,21.245404296875,0.8674030900001526,-1.778863549232483,2.2797582149505615
1789323214566254600,21.264254638671876,0.46241137385368347,-0.8167027831077576,1.714113712310791
1789323214585105000,21.28310498046875,0.47707170248031616,-0.37078428268432617,1.6218758821487427
1789323214603955200,21.301955078125,0.7183563709259033,-0.19180603325366974,1.2271921634674072
1789323214622805500,21.320805419921875,0.6676560640335083,-0.16065283119678497,0.2498365342617035
1789323214641655800,21.33965576171875,0.5051707029342651,0.14049486815929413,-0.20585553348064423
1789323214660506000,21.358506103515627,0.1960819661617279,-0.031153209507465363,-0.3805578351020813
1789323214679356400,21.3773564453125,0.0659715011715889,-0.4947862923145294,-0.7214106321334839
1789323214698206700,21.396206787109374,-0.14171656966209412,0.053143709897994995,-1.0567657947540283
1789323214717057000,21.41505712890625,-0.3939964771270752,0.47890424728393555,-1.1716049909591675
1789323214735907300,21.4339072265625,-0.48012593388557434,1.0524898767471313,-1.3059914112091064
1789323214754757600,21.452757568359374,-0.6132906675338745,1.382423758506775,-1.6524181365966797
1789323214773608200,21.471608154296874,-0.6358919739723206,1.4917653799057007,-1.756262183189392
1789323214792458500,21.49045849609375,-0.9058864712715149,1.6927341222763062,-1.8344507217407227
1789323214811308800,21.509308837890625,-1.285833477973938,1.4575579166412354,-2.1899638175964355
1789323214830159000,21.5281591796875,-1.6377578973770142,0.9645278453826904,-2.4770619869232178
1789323214849009400,21.547009521484377,-1.9254668951034546,0.5192201733589172,-2.475229501724243
1789323214867859700,21.565859619140625,-1.8686580657958984,-0.06352811306715012,-2.6590945720672607
1789323214886710000,21.5847099609375,-1.7110595703125,-0.14171656966209412,-2.5082151889801025
1789323214905560300,21.603560302734376,-1.1880979537963867,-0.09468132257461548,-2.827688217163086
1789323214924410600,21.62241064453125,-0.9107732772827148,-0.4703523814678192,-2.9767351150512695
1789323214943261000,21.641260986328124,-0.7788302302360535,-0.6181774139404297,-2.5143237113952637
1789323214962111200,21.660111328125,-0.4709632396697998,-0.07757759839296341,-2.0965042114257812
1789323214980961500,21.67896142578125,0.08368607610464096,-0.10262233763933182,-1.8472784757614136
1789323215009237000,21.707237060546873,0.2089097648859024,-0.25411245226860046,-0.9865183234214783
1789323215028087300,21.72608740234375,0.312142938375473,-0.08796200156211853,-0.5680879354476929
1789323215046937600,21.7449375,0.5601469278335571,0.15210096538066864,-0.2864873707294464
1789323215065788000,21.763787841796876,0.5412106513977051,-0.06902574002742767,0.1313321590423584
1789323215084638000,21.782637939453124,0.4734066128730774,0.13866232335567474,0.6853706240653992
1789323215103488500,21.801488525390624,0.49356457591056824,0.09284878522157669,0.9810206890106201
1789323215122338800,21.8203388671875,0.4813476502895355,0.13805148005485535,1.1453386545181274
1789323215141188900,21.83918896484375,0.40987852215766907,-0.16615045070648193,1.395862340927124
1789323215160039200,21.8580390625,0.5454866290092468,-0.44042086601257324,1.690901517868042
1789323215178889500,21.876889404296875,0.7403468489646912,0.0018325417768210173,1.8130710124969482
1789323215197739800,21.89573974609375,0.5967977643013,-0.1832541823387146,1.7361042499542236
1789323215216590000,21.914590087890623,0.33474430441856384,-0.6694886088371277,2.003044605255127
1789323215235440400,21.9334404296875,0.49356457591056824,-0.5167768001556396,2.41109037399292
1789323215254290700,21.952290771484375,0.7922688722610474,0.08674030750989914,2.231501340866089
1789323215273141000,21.97114111328125,0.8478559851646423,-0.2644968628883362,2.006709575653076
1789323215291991300,21.9899912109375,0.8545753359794617,-0.3158080279827118,2.21134352684021
1789323215329691600,22.027691650390626,1.0091196298599243,-0.554649293422699,1.9804431200027466
1789323215348542200,22.046542236328126,0.8667922616004944,-0.70797199010849,1.8057408332824707
1789323215367392300,22.065392333984374,0.5882459282875061,-1.2656755447387695,1.7825286388397217
1789323215386242600,22.08424267578125,0.47890424728393555,-1.5241402387619019,1.8839292526245117
1789323215405092900,22.1030927734375,0.6157340407371521,-1.1257915496826172,1.4532819986343384
1789323215423943200,22.121943115234377,0.7476770281791687,-0.13499724864959717,1.4789376258850098
1789323215442793500,22.14079345703125,0.7769976854324341,-0.7769976854324341,1.391586422920227
1789323215461643800,22.159643798828125,0.610236406326294,-0.6157340407371521,0.9785773158073425
1789323215480494000,22.178494140625,0.27976804971694946,-0.33596599102020264,0.6181774139404297
1789323215508769300,22.206769287109374,-0.17225892841815948,0.2357870489358902,0.14110571146011353
1789323215527619600,22.22561962890625,-0.17714570462703705,0.3689517378807068,-0.29381752014160156
1789323215546470000,22.244469970703125,-0.004275931045413017,0.7843278646469116,-0.8643488883972168
1789323215565320200,22.2633203125,-0.042759306728839874,0.9016105532646179,-1.2369656562805176
1789323215584170500,22.28217041015625,-0.16309621930122375,0.9517000317573547,-1.6432554721832275
1789323215603020800,22.301020751953125,-0.5057815313339233,1.1826002597808838,-1.886372685432434
1789323215621871000,22.31987109375,-0.7965448498725891,0.9608627557754517,-1.9211909770965576
1789323215640721200,22.33872119140625,-1.0958600044250488,1.431902289390564,-1.9621177911758423
1789323215659571500,22.357571533203124,-1.3114891052246094,1.4325132369995117,-2.1875205039978027
1789323215678421800,22.376421875,-1.266897201538086,1.3799803256988525,-2.630995512008667
1789323215697272000,22.39527197265625,-1.497262954711914,0.8069292306900024,-2.6969668865203857
1789323215716122000,22.4141220703125,-1.6609700918197632,0.10140064358711243,-2.6816959381103516
1789323215734972400,22.432972412109375,-1.5009280443191528,0.06719319522380829,-2.8154714107513428
1789323215753822700,22.45182275390625,-1.050046443939209,0.05803048983216286,-2.7892048358917236
1789323215772673000,22.470673095703123,-0.8912261724472046,-0.2113531529903412,-2.602285623550415
1789323215791523300,22.4895234375,-0.7947123050689697,-0.5173876285552979,-2.495387315750122
1789323215810373400,22.508373291015626,-0.41110020875930786,-0.022601349279284477,-2.367720365524292
1789323215829223700,22.5272236328125,0.09529217332601547,0.35856732726097107,-1.9150824546813965
1789323215848074000,22.546073974609374,0.07146912813186646,0.2376195788383484,-1.2864443063735962
1789323215866924300,22.56492431640625,-0.01832541823387146,0.32313820719718933,-0.8393041491508484
1789323215885774300,22.5837744140625,0.010995250195264816,0.337798535823822,-0.4844018816947937
1789323215904624600,22.602624755859374,-0.04337015375494957,-0.10628741979598999,-0.04153761267662048
1789323215923475000,22.621474853515625,0.04581354558467865,0.21257483959197998,0.19974705576896667
1789323215942325200,22.6403251953125,0.11300674080848694,0.05008947476744652,0.4306473135948181
1789323215961175300,22.65917529296875,0.18691925704479218,0.08796200156211853,0.731184184551239
1789323215980025600,22.678025634765625,0.18081079423427582,-0.130721315741539,1.1398409605026245
1789323215998876000,22.6968759765625,0.33413344621658325,-0.09651386737823486,1.4349565505981445
1789323216017726200,22.715726318359376,0.4428642690181732,-0.2858765125274658,1.5882792472839355
1789323216036576300,22.734576171875,0.5424323678016663,0.006108472589403391,1.6701327562332153
1789323216055426600,22.753426513671876,0.5662553906440735,0.11361759155988693,1.618210792541504
1789323216074276900,22.77227685546875,0.5711421966552734,-0.16859383881092072,1.8857618570327759
1789323216093127000,22.791126953125,0.8124268651008606,-0.051922015845775604,2.3756613731384277
1789323216111977200,22.809977294921875,0.9975135922431946,0.0787992998957634,2.356114149093628
1789323216130827500,22.82882763671875,0.9932376146316528,-0.42637139558792114,2.362222671508789
1789323216149677600,22.847677490234375,0.8148702383041382,-0.5436540842056274,2.5454769134521484
1789323216168528000,22.86652783203125,0.7849387526512146,-0.47951510548591614,2.393986701965332
1789323216187378200,22.885378173828126,0.8448017835617065,-0.5668662786483765,2.3341238498687744
1789323216206228200,22.904228271484374,0.9596410393714905,-0.9779664874076843,2.4361352920532227
1789323216225078500,22.92307861328125,0.897334635257721,-1.2571237087249756,2.2883102893829346
1789323216243928800,22.9419287109375,0.7324058413505554,-1.5583477020263672,1.8161252737045288
1789323216262779100,22.960779052734374,0.6035171151161194,-0.8081509470939636,1.5992745161056519
1789323216281629200,22.979629150390625,0.6029062271118164,-0.1979145109653473,1.5736188888549805
1789323216300479500,22.9984794921875,0.6951441764831543,-0.3023693859577179,1.2461284399032593
1789323216319329500,23.01732958984375,0.5913001298904419,-0.6817055344581604,0.781884491443634
1789323216338179800,23.036179931640625,0.4355340898036957,-0.610236406326294,0.3567348122596741
1789323216357030100,23.055030029296876,0.2473931461572647,-0.4086568057537079,-0.018936265259981155
1789323216375880200,23.073880126953124,0.007941014133393764,-0.3176405727863312,-0.38666632771492004
1789323216394730500,23.09273046875,-0.09407047927379608,0.024433890357613564,-0.6511631608009338
1789323216413580800,23.111580810546876,-0.17409147322177887,0.1447708010673523,-0.9565867781639099
1789323216432430800,23.130430908203124,-0.2241809368133545,0.5913001298904419,-1.2039799690246582
1789323216451281200,23.14928125,-0.37200596928596497,1.2473500967025757,-1.3439403772354126
1789323216470131200,23.168131103515623,-0.5955760478973389,1.8967571258544922,-1.23940908908844
1789323216488981500,23.1869814453125,-0.767224133014679,2.1459827423095703,-1.2235270738601685
1789323216507831800,23.205831787109375,-1.0231691598892212,1.9120283126831055,-1.5326920747756958
1789323216526681900,23.224681884765626,-1.300493836402893,1.650585651397705,-2.0946714878082275
1789323216545532200,23.2435322265625,-1.6933449506759644,1.3763152360916138,-2.6823067665100098
1789323216564382200,23.26238232421875,-2.141706943511963,0.37506023049354553,-2.8673934936523438
1789323216583232500,23.281232421875,-2.2021806240081787,-0.2999260127544403,-2.971848249435425
1789323216602082600,23.30008251953125,-1.738547682762146,-0.01038440316915512,-3.0921852588653564
1789323216620932900,23.318932861328125,-1.2137534618377686,0.07330167293548584,-2.857008934020996
1789323216639783200,23.337783203125,-0.9657495021820068,-0.31092125177383423,-2.5864036083221436
1789323216658633200,23.35663330078125,-0.8509102463722229,-0.4599680006504059,-2.3555033206939697
1789323216677483500,23.3754833984375,-0.6084038615226746,-0.0910162404179573,-2.01526141166687
1789323216696333600,23.39433349609375,-0.4593571424484253,0.16248537600040436,-1.5088690519332886
1789323216715183900,23.413183837890625,-0.22601348161697388,0.2724378705024719,-1.0598199367523193
1789323216734034000,23.432033935546876,0.038483377546072006,0.03542914241552353,-0.5137225389480591
1789323216752884200,23.45088427734375,0.10689827054738998,-0.4031592011451721,0.08063183724880219
1789323216771734300,23.469734375,0.17714570462703705,-0.2919849753379822,0.37383851408958435
1789323216790584600,23.48858447265625,0.4611896872520447,0.04947862774133682,0.5149442553520203
1789323216809434600,23.5074345703125,0.5699204802513123,0.09040539711713791,0.8637380003929138
1789323216828285000,23.526284912109375,0.4709632396697998,0.0647498071193695,1.2980504035949707
1789323216847135000,23.545135009765627,0.5638120174407959,0.3836120665073395,1.372650146484375
1789323216865985300,23.5639853515625,0.4471401870250702,-0.24250635504722595,1.3909755945205688
1789323216884835300,23.58283544921875,0.3029802441596985,-0.5961869359016418,1.5949985980987549
1789323216903685600,23.601685546875,0.31031039357185364,-0.416597843170166,1.7697008848190308
1789323216922535700,23.62053564453125,0.4300364851951599,-0.15943112969398499,1.8149036169052124
1789323216941386000,23.639385986328126,0.5027272701263428,-0.38910970091819763,1.8320072889328003
1789323216960236000,23.658236083984374,0.7275190949440002,-0.19424942135810852,1.8937028646469116
1789323216979086300,23.67708642578125,0.8295305967330933,-0.25350162386894226,1.9792214632034302
1789323216997936400,23.695936279296873,0.8258655071258545,-0.5876350402832031,1.98899507522583
1789323217016786700,23.71478662109375,0.8228112459182739,-0.6597150564193726,1.918136715888977
1789323217035636700,23.73363671875,0.8264763355255127,-0.6084038615226746,1.941348910331726
1789323217054487000,23.752487060546876,1.0121738910675049,-0.7739434838294983,2.2247819900512695
1789323217073337000,23.771337158203124,1.206423282623291,-0.9571976661682129,2.2760932445526123
1789323217092187400,23.7901875,1.1587772369384766,-0.9333745837211609,1.8448350429534912
1789323217111037400,23.809037353515624,0.8643488883972168,-1.0793671607971191,1.6108806133270264
1789323217129887500,23.827887451171875,0.6743753552436829,-1.0897514820098877,1.6377578973770142
1789323217148737800,23.84673779296875,0.8936695456504822,-0.39949411153793335,1.4496169090270996
1789323217167587800,23.865587890625,0.9095515608787537,-0.05008947476744652,1.077534556388855
1789323217186438100,23.884438232421875,0.6682668924331665,-0.5399889945983887,0.7409577369689941
1789323217205288200,23.9032880859375,0.42698222398757935,-0.2761029601097107,0.38849884271621704
1789323217224138500,23.922138427734374,0.22723518311977386,-0.04947862774133682,0.08368607610464096
1789323217242988500,23.940988525390626,0.12827792763710022,-0.013438640162348747,-0.21807247400283813
1789323217261838600,23.959838623046874,0.06841489672660828,0.17470231652259827,-0.6029062271118164
1789323217280689000,23.97868896484375,-0.0794101431965828,0.5210527181625366,-0.9101623892784119
1789323217308964000,24.006964111328124,-0.45324867963790894,0.8997780084609985,-1.4410650730133057
1789323217327814100,24.025814208984375,-0.6401679515838623,1.226581335067749,-1.7782527208328247
1789323217346664400,24.04466455078125,-0.8991671800613403,1.438010811805725,-1.872934103012085
1789323217365514500,24.063514404296875,-1.2143644094467163,1.4813809394836426,-1.9395164251327515
1789323217384364800,24.08236474609375,-1.5754514932632446,1.4612230062484741,-2.1899638175964355
1789323217403214800,24.10121484375,-1.8130710124969482,1.0219475030899048,-2.3005270957946777
1789323217422065000,24.12006494140625,-1.7739768028259277,0.7965448498725891,-2.518599510192871
1789323217440915200,24.138915283203126,-1.625540852546692,0.7177455425262451,-2.838683605194092
1789323217459765200,24.15776513671875,-1.660359263420105,-0.16248537600040436,-2.8460137844085693
1789323217488040400,24.18604052734375,-1.0213366746902466,-0.3426853120326996,-3.3181986808776855
1789323217506890800,24.204890869140623,-0.6285618543624878,-0.10811996459960938,-3.0078883171081543
1789323217525740800,24.22374072265625,-0.4214846193790436,-0.07024743407964706,-2.3664987087249756
1789323217544590800,24.2425908203125,-0.1710372269153595,-0.02076880633831024,-1.899200439453125
1789323217563441200,24.261441162109374,0.03237490355968475,0.01588202826678753,-1.4758833646774292
1789323217582291200,24.280291259765626,0.27976804971694946,0.258999228477478,-1.0579874515533447
1789323217601141200,24.299141357421874,0.27121618390083313,0.017714571207761765,-0.577861487865448
1789323217619991600,24.317991455078126,0.22784602642059326,0.0397050715982914,-0.04214845970273018
1789323217638841600,24.336841552734374,0.15271180868148804,0.015271181240677834,0.39949411153793335
1789323217657691600,24.355691650390625,0.2632751762866974,0.04825693368911743,0.7751652002334595
1789323217676541700,24.374541748046877,0.37689274549484253,0.1698155403137207,1.2473500967025757
1789323217695392000,24.39339208984375,0.5656445622444153,-0.12278030067682266,1.5296379327774048
1789323217714242000,24.412241943359376,0.7085828185081482,-0.09468132257461548,1.7367150783538818
1789323217733092000,24.431092041015624,0.7824953198432922,-0.09407047927379608,1.6664676666259766
1789323217751942400,24.4499423828125,0.5705313682556152,-0.14965757727622986,1.543076515197754
1789323217770792400,24.46879248046875,0.1453816443681717,-0.18691925704479218,1.7190005779266357
1789323217789642500,24.487642578125,0.018936265259981155,-0.26999449729919434,2.028700113296509
1789323217808492800,24.506492919921875,0.15454435348510742,-0.12583453953266144,2.258378744125366
1789323217827342800,24.5253427734375,0.4611896872520447,0.12766708433628082,2.2394423484802246
1789323217846193000,24.54419287109375,0.7403468489646912,0.17348061501979828,2.246161699295044
1789323217865043000,24.56304296875,0.9327637553215027,-0.3115321099758148,2.4672884941101074
1789323217883893200,24.581893310546874,1.0873081684112549,-0.5821374654769897,2.4996633529663086
1789323217902743300,24.600743408203126,1.2009257078170776,-0.7690566778182983,2.148426055908203
1789323217921593300,24.61959326171875,1.2742273807525635,-0.8203678727149963,1.9205801486968994
1789323217940443600,24.638443603515626,1.0640959739685059,-1.3157650232315063,2.050079822540283
1789323217959293700,24.657293701171874,0.7592831254005432,-1.5974419116973877,1.9865516424179077
1789323217978143700,24.676143798828125,0.7128587365150452,-1.1874871253967285,1.7190005779266357
1789323217996993800,24.694993896484377,0.8008207678794861,-0.546097457408905,1.5522392988204956
1789323218015844000,24.713843994140625,0.7592831254005432,-0.4960079789161682,1.0121738910675049
1789323218034694100,24.732694091796876,0.7458444833755493,-0.39949411153793335,0.469741553068161
1789323218053544200,24.751544189453124,0.5467082858085632,-0.28343313932418823,0.19241689145565033
1789323218072394200,24.770394287109376,0.27976804971694946,-0.16431790590286255,-0.04092676565051079
1789323218091244500,24.78924462890625,0.0018325417768210173,-0.22479179501533508,-0.21868331730365753
1789323218110094600,24.808094482421875,-0.17714570462703705,0.042759306728839874,-0.5662553906440735
1789323218128944600,24.826944580078123,-0.208298921585083,0.4337015450000763,-0.7678350210189819
1789323218147794700,24.845794677734375,-0.3671191930770874,0.9107732772827148,-1.0188932418823242
1789323218166645000,24.86464501953125,-0.4715740978717804,1.1587772369384766,-1.3017154932022095
1789323218185495000,24.8834951171875,-0.6835380792617798,1.4557254314422607,-1.5968310832977295
1789323218204345000,24.902344970703126,-0.8356390595436096,1.497262954711914,-1.7501537799835205
1789323218223195100,24.921195068359374,-1.050046443939209,1.4447301626205444,-1.984719157218933
1789323218242045400,24.94004541015625,-1.4777158498764038,1.3799803256988525,-2.260822057723999
1789323218260895500,24.9588955078125,-1.825287938117981,1.115407109260559,-2.463623285293579
1789323218279745500,24.97774560546875,-2.0280892848968506,0.7824953198432922,-2.405592918395996
1789323218298595600,24.996595703125,-1.9242452383041382,0.4300364851951599,-2.660316228866577
1789323218317445600,25.015445556640625,-1.682349681854248,0.13866232335567474,-2.8374619483947754
1789323218336295700,25.034295654296876,-1.1899304389953613,-0.31825143098831177,-2.859452486038208
1789323218355146000,25.05314599609375,-0.846023440361023,-0.3671191930770874,-2.7739336490631104
1789323218373996000,25.07199609375,-0.624285876750946,-0.33474430441856384,-2.610837459564209
1789323218392846000,25.09084619140625,-0.47707170248031616,-0.3781144618988037,-2.142317771911621
1789323218411696000,25.109696044921876,-0.3561239540576935,0.03298575058579445,-1.5632344484329224
1789323218430546200,25.128546142578124,-0.08796200156211853,0.19913621246814728,-1.1868761777877808
1789323218449396500,25.147396484375,0.22723518311977386,0.11056335270404816,-0.730573296546936
1789323218468246500,25.16624658203125,0.3255815804004669,-0.0024433890357613564,-0.1850867122411728
1789323218487096600,25.1850966796875,0.42881476879119873,0.026877280324697495,0.0922379344701767
1789323218515371800,25.213371826171876,0.342074453830719,-0.10017894953489304,0.5650337338447571
1789323218534221800,25.232221923828124,0.35856732726097107,-0.10201149433851242,0.9895725846290588
1789323218553071900,25.25107177734375,0.4471401870250702,0.08674030750989914,1.2974395751953125
1789323218571922000,25.269921875,0.46607646346092224,-0.1313321590423584,1.5210859775543213
1789323218590772000,25.28877197265625,0.4428642690181732,-0.20463383197784424,1.6719653606414795
1789323218609622000,25.3076220703125,0.38910970091819763,-0.21318569779396057,1.8607170581817627
1789323218628472000,25.32647216796875,0.4569137394428253,-0.33596599102020264,2.0830655097961426
1789323218647322400,25.345322265625,0.6951441764831543,-0.17348061501979828,2.238220691680908
1789323218666172400,25.36417236328125,0.9223793745040894,-0.09529217332601547,2.2211170196533203
1789323218685022500,25.3830224609375,1.0592091083526611,-0.01710372418165207,2.1459827423095703
1789323218703872500,25.40187255859375,0.8985562920570374,-0.15332266688346863,2.278536558151245
1789323218722722600,25.42072265625,0.7721109390258789,-0.3133646547794342,2.4239182472229004
1789323218741572600,25.439572509765625,0.8527427911758423,-0.35917818546295166,2.3255717754364014
1789323218760422700,25.458422607421873,0.883895993232727,-0.6389462351799011,2.1704165935516357
1789323218779272700,25.477272705078125,0.7232431769371033,-0.7067502737045288,2.1325440406799316
1789323218798123000,25.496123046875,0.5326588153839111,-1.1593880653381348,2.3432865142822266
1789323218816973000,25.51497314453125,0.5998520255088806,-1.7092269659042358,2.0800113677978516
1789323218835823000,25.533822998046876,0.7947123050689697,-1.4746615886688232,1.3940298557281494
1789323218854673200,25.552673095703124,0.6774296164512634,-0.8936695456504822,0.9052756428718567
1789323218873523200,25.571523193359376,0.6071822047233582,-0.6652126908302307,0.7641699314117432
1789323218892373200,25.590373291015624,0.4984513521194458,-0.8948912620544434,0.8179244995117188
1789323218911223300,25.609223388671875,0.42759308218955994,-0.9651386737823486,0.49295374751091003
1789323218930073300,25.6280732421875,0.16737215220928192,-0.6413896083831787,0.182643324136734
1789323218948923400,25.64692333984375,-0.08063183724880219,-0.17409147322177887,-0.17225892841815948
1789323218967773700,25.665773681640626,-0.22845686972141266,0.6004628539085388,-0.4367557764053345
1789323218986623700,25.684623779296874,-0.28037887811660767,1.1306782960891724,-0.7934905886650085
1789323219014898700,25.712898681640624,-0.30481278896331787,1.4007490873336792,-1.3964731693267822
1789323219033748700,25.731748779296876,-0.46363306045532227,1.507036566734314,-1.7269415855407715
1789323219052598800,25.750598876953124,-0.7977665066719055,1.5888900756835938,-1.896146297454834
1789323219071448800,25.76944873046875,-1.1545013189315796,1.4807701110839844,-2.058631658554077
1789323219090299100,25.788299072265627,-1.4905437231063843,1.2491827011108398,-2.1661407947540283
1789323219109149200,25.807149169921875,-1.6328710317611694,1.1031901836395264,-2.367720365524292
1789323219127999200,25.825999267578126,-1.5974419116973877,1.090362310409546,-2.448352098464966
1789323219146849300,25.844849365234374,-1.5467416048049927,0.3426853120326996,-2.5448660850524902
1789323219175124200,25.873124267578124,-1.202147364616394,-0.13316470384597778,-2.7861506938934326
1789323219203399400,25.9013994140625,-0.7391251921653748,-0.2779355049133301,-2.845402956008911
1789323219222249500,25.92024951171875,-0.6542174220085144,-0.3243598937988281,-2.6584837436676025
1789323219241099500,25.939099609375,-0.45447036623954773,-0.34818294644355774,-2.506993532180786
1789323219269374500,25.96737451171875,0.021379653364419937,0.35978904366493225,-1.598052740097046
1789323219288224500,25.986224609375,0.2229592502117157,0.46302223205566406,-1.2106993198394775
1789323219307074600,26.005074462890626,0.21990501880645752,-0.047646086663007736,-0.8680139780044556
1789323219325924900,26.0239248046875,0.20219044387340546,-0.11667182296514511,-0.30481278896331787
1789323219344775000,26.04277490234375,0.34940463304519653,0.4068242609500885,0.13805148005485535
1789323219363625000,26.061625,0.3439069986343384,0.16004198789596558,0.5063923597335815
1789323219382475000,26.08047509765625,0.22906772792339325,-0.01710372418165207,0.9590302109718323
1789323219401325000,26.099324951171877,0.28282228112220764,0.13499724864959717,1.3616548776626587
1789323219420175000,26.118175048828125,0.4349232614040375,-0.061084724962711334,1.501538872718811
1789323219439025200,26.137025146484376,0.5558710098266602,-0.15271180868148804,1.5803382396697998
1789323219457875200,26.155875244140624,0.5320479869842529,-0.12766708433628082,1.664635181427002
1789323219476725200,26.174725341796876,0.5497625470161438,-0.03420744836330414,1.6377578973770142
1789323219495575300,26.1935751953125,0.5473191738128662,-0.043981000781059265,1.641422986984253
1789323219514425300,26.21242529296875,0.5002838969230652,-0.25350162386894226,1.9077523946762085
1789323219533275400,26.231275390625,0.6529957056045532,-0.3683409094810486,2.1472043991088867
1789323219552125400,26.25012548828125,0.7562289237976074,-0.24250635504722595,2.2253928184509277
1789323219570975500,26.2689755859375,0.7623373866081238,-0.10384403169155121,2.0885632038116455
1789323219589825500,26.287825439453126,0.6700994372367859,-0.5082249045372009,2.2449400424957275
1789323219608675600,26.306675537109374,1.0042328834533691,-0.5173876285552979,2.4825596809387207
1789323219627525600,26.325525634765626,1.3310362100601196,-0.6774296164512634,2.252270221710205
1789323219646375700,26.344375732421874,1.138619303703308,-1.1276240348815918,2.0732920169830322
1789323219665225700,26.363225830078125,0.9058864712715149,-1.7593164443969727,1.9346296787261963
1789323219684075500,26.382075439453125,0.7721109390258789,-1.3035480976104736,1.7568731307983398
1789323219702925600,26.400925537109377,0.6700994372367859,-0.5949652194976807,1.5760623216629028
1789323219721775600,26.419775634765625,0.7678350210189819,-0.11422843486070633,1.3230952024459839
1789323219740625700,26.438625732421876,0.44042086601257324,-0.5131117105484009,0.8759549856185913
1789323219759475700,26.457475830078124,0.3151971995830536,-0.5277720093727112,0.363454133272171
1789323219778325800,26.47632568359375,0.045202698558568954,-0.04153761267662048,-0.062306419014930725
1789323219797175800,26.49517578125,-0.08612946420907974,0.26938363909721375,-0.20035789906978607
1789323219816025900,26.51402587890625,-0.208298921585083,0.48989951610565186,-0.448361873626709
1789323219834876000,26.5328759765625,-0.337798535823822,0.4031592011451721,-0.9779664874076843
1789323219853726000,26.551725830078126,-0.4563029110431671,0.9975135922431946,-1.166107416152954
1789323219872576000,26.570575927734374,-0.6804838180541992,1.2082558870315552,-1.2846118211746216
1789323219891426000,26.589426025390626,-0.7281299233436584,0.8814526200294495,-1.5876684188842773
1789323219910276000,26.608276123046874,-0.8753440976142883,0.8044858574867249,-1.7324391603469849
1789323219929126100,26.627126220703126,-1.111131191253662,1.1422843933105469,-1.8136818408966064
1789323219947976200,26.64597607421875,-1.42335045337677,1.3200409412384033,-1.9621177911758423
1789323219966826200,26.664826171875,-1.7116703987121582,1.0396620035171509,-1.9499008655548096
1789323219985676300,26.68367626953125,-1.7312175035476685,0.864959716796875,-2.21134352684021
1789323220004526300,26.7025263671875,-1.7739768028259277,0.873511552810669,-2.3310694694519043
1789323220023376100,26.721376220703124,-1.751375436782837,0.13805148005485535,-2.5369250774383545
1789323220042226200,26.74022607421875,-1.6542507410049438,-0.16431790590286255,-2.9913954734802246
1789323220070501400,26.76850146484375,-0.8893936276435852,-0.237008735537529,-3.0659186840057373
1789323220089351400,26.787351318359374,-0.7067502737045288,0.0036650835536420345,-2.48927903175354
1789323220108201500,26.806201416015625,-0.6536065936088562,-0.00916270911693573,-2.127046585083008
1789323220127051300,26.82505126953125,-0.3542914092540741,-0.23151111602783203,-1.4343457221984863
1789323220145901300,26.8439013671875,-0.02870982140302658,-0.18081079423427582,-0.7110261917114258
1789323220164751400,26.86275146484375,0.2852656841278076,0.04581354558467865,-0.4086568057537079
1789323220183601400,26.881601318359376,0.29503923654556274,-0.11667182296514511,-0.2107423096895218
1789323220202451500,26.900451416015624,0.13744063675403595,-0.2498365342617035,0.265718549489975
1789323220221301500,26.919301513671876,0.16309621930122375,-0.24556060135364532,0.7134696245193481
1789323220240151600,26.938151611328124,0.3298575282096863,-0.11545012891292572,0.9761339426040649
1789323220259001600,26.957001708984375,0.4337015450000763,-0.20341213047504425,1.3463836908340454
1789323220277851400,26.975851318359375,0.5955760478973389,-0.02870982140302658,1.6389795541763306
1789323220296701400,26.994701416015626,0.8502993583679199,0.16859383881092072,1.623097538948059
1789323220315551500,27.013551513671874,0.7684458494186401,-0.02870982140302658,1.6530290842056274
1789323220334401500,27.032401611328126,0.6218425035476685,-0.2736595869064331,1.8173469305038452
1789323220353251600,27.05125146484375,0.5821374654769897,-0.08246438205242157,2.0103747844696045
1789323220372101600,27.0701015625,0.5796940326690674,-0.12461283802986145,2.06107497215271
1789323220390951700,27.08895166015625,0.6383354067802429,-0.06719319522380829,2.0421388149261475
1789323220409801700,27.1078017578125,0.6749862432479858,-0.2510582208633423,1.9761672019958496
1789323220428651500,27.126651611328125,0.7250757217407227,-0.5424323678016663,2.188131332397461
1789323220447501600,27.14550146484375,0.8832851648330688,-0.7195780873298645,2.4410219192504883
1789323220466351600,27.1643515625,1.1031901836395264,-0.6474980711936951,2.318852663040161
1789323220485201700,27.18320166015625,1.1917630434036255,-0.6499415040016174,2.1062777042388916
1789323220504051700,27.2020517578125,1.1306782960891724,-1.3163758516311646,2.1777467727661133
1789323220522901800,27.22090185546875,1.0408837795257568,-1.410522699356079,1.9028655290603638
1789323220541751600,27.23975146484375,0.8521319031715393,-1.2003148794174194,1.5326920747756958
1789323220560601600,27.2586015625,0.813648521900177,-0.9168817400932312,1.3285927772521973
1789323220579451600,27.27745166015625,0.7244648337364197,-1.0243908166885376,1.0506572723388672
1789323220598301700,27.2963017578125,0.45019441843032837,-0.730573296546936,0.7330167293548584
1789323220617151700,27.31515185546875,0.05619794875383377,-0.5809157490730286,0.5528167486190796
1789323220636001800,27.334001708984374,-0.04947862774133682,-0.16492876410484314,0.3133646547794342
1789323220654851600,27.3528515625,-0.047646086663007736,0.31947311758995056,-0.09590301662683487
1789323220673701600,27.37170166015625,-0.09773556143045425,0.7238540053367615,-0.3903313875198364
1789323220692551700,27.3905517578125,-0.22662433981895447,0.7452336549758911,-0.7715001106262207
1789323220711401700,27.409401611328125,-0.2919849753379822,0.8942803740501404,-1.1734375953674316
1789323220730251800,27.428251708984376,-0.5210527181625366,1.0671501159667969,-1.4569470882415771
1789323220749101600,27.4471015625,-0.791047215461731,1.1538904905319214,-1.6768521070480347
1789323220767951600,27.46595166015625,-1.0940274000167847,1.2174185514450073,-1.9303536415100098
1789323220786801700,27.4848017578125,-1.235133171081543,1.0561549663543701,-2.1233813762664795
1789323220805651700,27.503651611328124,-1.3750935792922974,1.1312891244888306,-2.2974729537963867
1789323220824501800,27.522501708984375,-1.6652460098266602,1.054322361946106,-2.315187454223633
1789323220843351600,27.5413515625,-1.4575579166412354,0.656660795211792,-2.362222671508789
1789323220862201600,27.56020166015625,-1.30476975440979,0.8124268651008606,-2.810584545135498
1789323220881051600,27.5790517578125,-1.3518813848495483,-0.17958909273147583,-2.76721453666687
1789323220899901700,27.597901611328126,-1.1697725057601929,-0.4746283292770386,-2.880221128463745
1789323220918751500,27.61675146484375,-0.6670452356338501,-0.4312581717967987,-3.0262136459350586
1789323220937601500,27.6356015625,-0.4556920528411865,-0.1704263836145401,-2.6181676387786865
1789323220956451600,27.65445166015625,-0.47829338908195496,-0.034818295389413834,-1.9309645891189575
1789323220975301600,27.673301513671873,-0.30603447556495667,0.004275931045413017,-1.5864466428756714
1789323220994151700,27.692151611328125,0.011606098152697086,0.2510582208633423,-1.381201982498169
1789323221013001500,27.71100146484375,0.1948602795600891,0.2095206081867218,-0.7971556782722473
1789323221031851500,27.7298515625,0.3304683566093445,0.1844758689403534,-0.1447708010673523
1789323221050701600,27.74870166015625,0.44958359003067017,0.1429382562637329,0.15210096538066864
1789323221069551600,27.767551513671876,0.4172086715698242,0.20524467527866364,0.41110020875930786
1789323221088401400,27.7864013671875,0.3946073353290558,0.07330167293548584,0.7879929542541504
1789323221107251500,27.80525146484375,0.3524588644504547,-0.15210096538066864,1.1422843933105469
1789323221126101500,27.8241015625,0.35856732726097107,-0.13805148005485535,1.4575579166412354
1789323221144951600,27.84295166015625,0.4422534108161926,-0.04825693368911743,1.5858358144760132
1789323221163801300,27.86180126953125,0.41476529836654663,-0.01832541823387146,1.6518073081970215
1789323221182651400,27.8806513671875,0.2516690790653229,-0.06719319522380829,1.7232764959335327
1789323221201501400,27.89950146484375,0.2101314514875412,-0.12583453953266144,1.852776050567627
1789323221220351200,27.918351318359374,0.3830012381076813,-0.16676130890846252,1.8979787826538086
1789323221239201300,27.937201171875,0.7641699314117432,-0.08796200156211853,1.9071414470672607
1789323221258051300,27.95605126953125,0.9724688529968262,-0.3133646547794342,2.0366411209106445
1789323221276901400,27.9749013671875,1.0549331903457642,-0.5888567566871643,2.2479941844940186
1789323221295751200,27.993751220703125,1.0366077423095703,-0.41415444016456604,2.2443292140960693
1789323221314601200,28.012601318359376,0.9242119193077087,-0.4062134325504303,2.280369281768799
1789323221333451300,28.031451171875,1.086086392402649,-0.7519529461860657,2.3371779918670654
1789323221352301300,28.05030126953125,1.12823486328125,-0.8270871639251709,2.163086414337158
1789323221371151000,28.069151123046876,0.9333745837211609,-1.0897514820098877,2.0415279865264893
1789323221390001200,28.088001220703124,0.7562289237976074,-1.391586422920227,1.9779998064041138
1789323221408851200,28.106851318359375,0.8063184022903442,-0.9743013978004456,1.7648141384124756
1789323221427701000,28.125700927734375,0.8063184022903442,-0.5106683373451233,1.3488271236419678
1789323221446551000,28.144551025390626,0.6456655263900757,-0.6743753552436829,1.0219475030899048
1789323221465401000,28.163401123046874,0.32191649079322815,-0.6279509663581848,0.5851916670799255
1789323221484251000,28.1822509765625,0.08002099394798279,-0.38483378291130066,0.13438639044761658
1789323221512525800,28.21052587890625,-0.2773246467113495,0.3524588644504547,-0.3915531039237976
1789323221531375900,28.2293759765625,-0.30969956517219543,0.8050966858863831,-0.6774296164512634
1789323221550226000,28.248225830078123,-0.265718549489975,0.9419264793395996,-1.0384403467178345
1789323221569075700,28.26707568359375,-0.3775036036968231,1.0702043771743774,-1.431902289390564
1789323221587925800,28.28592578125,-0.6639909744262695,1.022558331489563,-1.7483211755752563
1789323221606775800,28.30477587890625,-0.896723747253418,1.2748382091522217,-1.9059197902679443
1789323221625625600,28.32362548828125,-1.2571237087249756,1.3108782768249512,-1.9944926500320435
1789323221644475600,28.3424755859375,-1.5931659936904907,0.9840749502182007,-2.1691949367523193
1789323221663325700,28.36132568359375,-1.6640242338180542,0.9785773158073425,-2.1783576011657715
1789323221682175500,28.380175537109373,-1.7923022508621216,0.9126058220863342,-2.147815227508545
1789323221701025500,28.399025634765625,-1.7416019439697266,0.7183563709259033,-2.0885632038116455
1789323221719875600,28.41787548828125,-1.6628025770187378,0.16859383881092072,-2.373218059539795
1789323221738725400,28.436725341796876,-1.497262954711914,-0.13438639044761658,-2.668868064880371
1789323221757575400,28.455575439453124,-1.2345223426818848,-0.4862344264984131,-2.882664680480957
1789323221785850400,28.483850341796874,-0.5644228458404541,-0.4172086715698242,-2.455071449279785
1789323221804700400,28.502700439453125,-0.11667182296514511,0.0647498071193695,-2.0311434268951416
1789323221842400300,28.540400146484377,-0.018936265259981155,0.021379653364419937,-1.1795459985733032
1789323221861250000,28.55925,0.14904673397541046,0.2993151545524597,-0.5766398310661316
1789323221880100000,28.57810009765625,0.2510582208633423,0.2596100866794586,-0.08185353130102158
1789323221898950100,28.5969501953125,0.3365768492221832,0.3646758198738098,0.18691925704479218
1789323221917800000,28.615800048828124,0.5363239049911499,0.08429691940546036,0.41232189536094666
1789323221936650000,28.63464990234375,0.5094466209411621,-0.1588202863931656,0.8912261724472046
1789323221955499800,28.653499755859375,0.4459185004234314,-0.4416425824165344,1.133732557296753
1789323221974349800,28.672349853515627,0.47585001587867737,-0.028098974376916885,1.206423282623291
1789323221993199900,28.691199951171875,0.3426853120326996,-0.15393351018428802,1.2821683883666992
1789323222012049700,28.710049560546874,0.2761029601097107,-0.46668729186058044,1.5400222539901733
1789323222030899700,28.728899658203126,0.3268032968044281,-0.367730051279068,1.8851510286331177
1789323222049749800,28.747749755859374,0.5063923597335815,-0.17592400312423706,1.942570686340332
1789323222068599600,28.766599609375,0.6328377723693848,-0.13621893525123596,1.8045191764831543
1789323222087449600,28.78544970703125,0.7018635272979736,-0.5357130169868469,2.008542060852051
1789323222106299400,28.80429931640625,0.9834640622138977,-0.43797749280929565,2.21806263923645
1789323222125149400,28.8231494140625,1.1184613704681396,-0.6132906675338745,2.028700113296509
1789323222143999500,28.84199951171875,1.0335536003112793,-0.6505523324012756,2.124603033065796
1789323222162849300,28.860849365234376,0.9510892033576965,-1.2271921634674072,2.4379677772521973
1789323222181699300,28.87969921875,1.235133171081543,-1.2620104551315308,2.399484395980835
1789323222200549000,28.898549072265624,1.2675080299377441,-1.3066022396087646,2.10688853263855
1789323222219399200,28.917399169921875,0.9608627557754517,-1.4325132369995117,1.8882052898406982
1789323222238249000,28.9362490234375,0.6041279435157776,-1.621264934539795,1.9059197902679443
1789323222257099000,28.95509912109375,0.5790832042694092,-1.0885298252105713,1.6377578973770142
1789323222275948800,28.97394873046875,0.624896764755249,-0.0787992998957634,1.3120999336242676
1789323222294798800,28.992798828125,0.5308262705802917,-0.061084724962711334,1.0469921827316284
1789323222313649000,29.01164892578125,0.3390202224254608,-0.056808795779943466,0.5131117105484009
1789323222332498700,29.030498779296874,0.07452336698770523,0.3946073353290558,-0.0647498071193695
1789323222351348700,29.0493486328125,-0.02626643143594265,0.44042086601257324,-0.30969956517219543
1789323222370198500,29.068198486328125,0.047646086663007736,0.6297835111618042,-0.7788302302360535
1789323222389048600,29.087048583984377,-0.16126367449760437,0.5638120174407959,-1.3665416240692139
1789323222407898400,29.1058984375,-0.38910970091819763,0.7971556782722473,-1.7190005779266357
1789323222426748400,29.12474853515625,-0.6939224600791931,1.0653176307678223,-1.8882052898406982
1789323222445598200,29.14359814453125,-1.0231691598892212,1.345162034034729,-1.8320072889328003
1789323222464448300,29.1624482421875,-1.0195040702819824,1.3781477212905884,-1.918136715888977
1789323222483298300,29.18129833984375,-1.1905412673950195,1.4887111186981201,-2.13315486907959
1789323222511573000,29.209572998046873,-1.4184637069702148,0.7012526392936707,-2.5082151889801025
1789323222530423000,29.228423095703125,-1.604161262512207,0.7715001106262207,-2.556472063064575
1789323222549272800,29.24727294921875,-1.595609426498413,-0.08612946420907974,-2.4709534645080566
1789323222568123000,29.266122802734376,-1.4435083866119385,-0.3970507085323334,-2.4770619869232178
1789323222586972700,29.28497265625,-1.0201148986816406,-0.24617144465446472,-2.9040441513061523
1789323222615247600,29.31324755859375,-0.5070032477378845,0.021990500390529633,-2.9107635021209717
1789323222634097700,29.33209765625,-0.25716668367385864,0.22784602642059326,-2.3860456943511963
1789323222652947500,29.350947509765625,0.030542362481355667,0.12827792763710022,-1.8692690134048462
1789323222671797500,29.369797607421877,0.055587101727724075,0.1301104724407196,-1.2577345371246338
1789323222690647300,29.388647216796876,0.08490777015686035,0.4984513521194458,-0.8295305967330933
1789323222709497300,29.407497314453124,0.18753011524677277,0.3426853120326996,-0.4196520745754242
1789323222728347100,29.42634716796875,0.3414636254310608,0.055587101727724075,0.0787992998957634
1789323222747197200,29.445197265625,0.5143333673477173,0.10078980028629303,0.5509842038154602
1789323222766047000,29.464046875,0.5570927262306213,-0.054365407675504684,0.80937260389328
1789323222784897000,29.48289697265625,0.5088357925415039,-0.2877090573310852,1.0024003982543945
1789323222803746800,29.501746826171875,0.4227063059806824,0.04214845970273018,1.2937744855880737
1789323222822596900,29.520596923828126,0.35795649886131287,-0.14904673397541046,1.4966521263122559
1789323222841446700,29.53944677734375,0.28098973631858826,-0.2486148327589035,1.6597483158111572
1789323222860296700,29.558296630859374,0.2773246467113495,-0.4227063059806824,1.8118493556976318
1789323222879146500,29.577146484375,0.31031039357185364,0.13866232335567474,1.7984106540679932
1789323222897996300,29.595996337890625,0.33474430441856384,0,1.8185685873031616
1789323222916846300,29.614846435546873,0.5308262705802917,-0.0525328628718853,2.1545345783233643
1789323222935696100,29.633696044921876,0.8490777015686035,0.01710372418165207,2.2760932445526123
1789323222954546200,29.652546142578124,1.0805888175964355,-0.42881476879119873,2.1814119815826416
1789323222973396000,29.67139599609375,1.0653176307678223,-0.4746283292770386,2.2424967288970947
1789323222992246000,29.69024609375,0.790436327457428,-0.7067502737045288,2.2278363704681396
1789323223011095800,29.709095703125,0.8527427911758423,-1.1184613704681396,2.1472043991088867
1789323223029945900,29.72794580078125,0.9009997248649597,-1.0433270931243896,2.093449831008911
1789323223048795600,29.746795654296875,0.8069292306900024,-1.1227372884750366,1.970058798789978
1789323223067645700,29.765645751953127,0.5351021885871887,-1.2082558870315552,2.003655433654785
1789323223086495500,29.78449560546875,0.2852656841278076,-0.9492566585540771,1.6707435846328735
1789323223105345500,29.803345458984374,0.5082249045372009,-0.1704263836145401,1.2785032987594604
1789323223124195300,29.8221953125,0.5650337338447571,-0.07574506103992462,1.0524898767471313
1789323223143045400,29.84104541015625,0.3805578351020813,0.12094775587320328,0.6395570635795593
1789323223161895200,29.859895263671874,0.2473931461572647,0.20035789906978607,0.5332696437835693
1789323223180745200,29.8787451171875,0.1948602795600891,0.021990500390529633,0.0781884491443634
1789323223199595000,29.897594970703125,-0.05497625470161438,0.14843589067459106,-0.5613686442375183
1789323223218444800,29.91644482421875,-0.23884128034114838,0.4159869849681854,-0.9975135922431946
1789323223237294800,29.935294921875,-0.4086568057537079,0.6077930331230164,-1.410522699356079
1789323223256144600,29.95414453125,-0.5357130169868469,0.9138274788856506,-1.719611406326294
1789323223274994700,29.97299462890625,-0.7391251921653748,1.174659252166748,-1.7501537799835205
1789323223293844500,29.991844482421875,-0.8252546191215515,1.3860887289047241,-1.7623707056045532
1789323223312694500,30.010694580078123,-1.0561549663543701,1.1178505420684814,-1.728774070739746
1789323223331544300,30.02954443359375,-1.3799803256988525,1.09219491481781,-1.872934103012085
1789323223350394000,30.04839404296875,-1.4135769605636597,1.4123551845550537,-2.0965042114257812
1789323223369244200,30.067244140625,-1.6053829193115234,1.1972606182098389,-2.4532389640808105
1789323223388094000,30.086093994140626,-1.8723231554031372,0.390942245721817,-2.805086851119995
1789323223406944000,30.104944091796874,-1.8100167512893677,-0.3512371778488159,-3.2143545150756836
1789323223425793800,30.123793701171873,-1.1697725057601929,-0.28282228112220764,-3.218019723892212
1789323223444643800,30.142643798828125,-0.7605048418045044,0.18814095854759216,-2.761716842651367
1789323223463493600,30.16149365234375,-0.7464553713798523,-0.014660334214568138,-2.313354969024658
1789323223482343400,30.180343505859376,-0.8307522535324097,-0.2626643180847168,-1.9462357759475708
1789323223510618400,30.208618408203126,-0.30603447556495667,0.30481278896331787,-1.3702067136764526
1789323223529468200,30.22746826171875,0.04703523963689804,0.25533416867256165,-0.7708892226219177
1789323223548318200,30.246318115234374,0.2113531529903412,0.0024433890357613564,-0.2235700935125351
1789323223567168000,30.26516796875,0.3793361485004425,0.08307522535324097,0.15332266688346863
1789323223586018000,30.28401806640625,0.41415444016456604,-0.26938363909721375,0.4172086715698242
1789323223604867800,30.302867919921876,0.40010493993759155,-0.5094466209411621,0.7666133046150208
1789323223623718000,30.3217177734375,0.527161180973053,-0.03298575058579445,1.0488247871398926
1789323223642567700,30.340567626953124,0.6432221531867981,-0.0036650835536420345,1.254069447517395
1789323223661417500,30.35941748046875,0.5131117105484009,-0.14110571146011353,1.4312914609909058
1789323223680267500,30.378267578125,0.4593571424484253,-0.17592400312423706,1.438010811805725
1789323223699117300,30.397117431640623,0.30664533376693726,0.08429691940546036,1.5424656867980957
1789323223717967000,30.415967041015627,0.1710372269153595,-0.12827792763710022,1.625540852546692
1789323223736817200,30.434817138671875,0.30481278896331787,-0.20219044387340546,1.8320072889328003
1789323223755667000,30.4536669921875,0.5986303091049194,-0.21257483959197998,2.0329761505126953
1789323223774517000,30.47251708984375,0.9822424054145813,-0.17897824943065643,2.1093318462371826
1789323223793366800,30.49136669921875,1.1813786029815674,-0.37200596928596497,2.171638250350952
1789323223812216600,30.510216552734374,1.0250016450881958,-0.7977665066719055,2.439800262451172
1789323223831066600,30.529066650390625,0.9352071285247803,-1.0384403467178345,2.5228755474090576
1789323223849916400,30.54791650390625,1.0799779891967773,-0.9883508682250977,2.179579257965088
1789323223868766200,30.56676611328125,1.0219475030899048,-0.9651386737823486,2.0629074573516846
1789323223887616300,30.5856162109375,0.813648521900177,-1.3298144340515137,2.434302568435669
1789323223906466000,30.604466064453124,0.6951441764831543,-1.4483952522277832,2.125213861465454
1789323223925315800,30.62331591796875,0.7366818189620972,-1.138619303703308,1.7580947875976562
1789323223944166000,30.642165771484375,0.8399149775505066,-0.6157340407371521,1.5424656867980957
1789323223963015700,30.661015625,0.7947123050689697,-0.7379034757614136,0.883895993232727
1789323223981865700,30.67986572265625,0.5137225389480591,-0.3115321099758148,0.546097457408905
1789323224010140400,30.708140380859376,0.09590301662683487,-0.11361759155988693,0.2357870489358902
1789323224028990200,30.726990234375,-0.130721315741539,0.27915719151496887,-0.23028941452503204
1789323224047840300,30.74584033203125,-0.12216944992542267,0.19424942135810852,-0.7379034757614136
1789323224066690000,30.76468994140625,-0.17653486132621765,0.9590302109718323,-1.152668833732605
1789323224085539800,30.783539794921875,-0.4037700295448303,0.9559759497642517,-1.4025816917419434
1789323224104390000,30.802389892578127,-0.5381564497947693,1.1068552732467651,-1.6145457029342651
1789323224123239700,30.82123974609375,-0.80937260389328,1.6322602033615112,-1.683571457862854
1789323224142089500,30.84008935546875,-1.1422843933105469,1.4398432970046997,-1.6792954206466675
1789323224160939500,30.858939453125,-1.4294589757919312,1.3340904712677002,-1.8723231554031372
1789323224179789300,30.877789306640626,-1.5919443368911743,0.962695300579071,-2.0195374488830566
1789323224198639000,30.89663916015625,-1.7831394672393799,1.0738694667816162,-2.403149366378784
1789323224217489200,30.9154892578125,-1.9315754175186157,0.5619794726371765,-2.4959981441497803
1789323224236339000,30.9343388671875,-1.871712327003479,-0.2626643180847168,-2.654207706451416
1789323224255188700,30.953188720703125,-1.616989016532898,-0.4312581717967987,-2.943138360977173
1789323224274038800,30.972038818359376,-1.0103414058685303,-0.30908870697021484,-2.969404935836792
1789323224292888600,30.990888671875,-0.731184184551239,-0.21807247400283813,-2.7507214546203613
1789323224311738400,31.00973828125,-0.5479300022125244,-0.3817795515060425,-2.3958191871643066
1789323224330588400,31.02858837890625,-0.18569757044315338,-0.09712471067905426,-1.8094059228897095
1789323224349438200,31.047438232421875,0.004275931045413017,0.21685077250003815,-1.1202938556671143
1789323224368288000,31.0662880859375,0.3042019307613373,0.2522799074649811,-0.8680139780044556
1789323224387138000,31.085137939453126,0.24189551174640656,-0.21990501880645752,-0.5387672781944275
1789323224405987800,31.10398779296875,0.22601348161697388,-0.08246438205242157,-0.022601349279284477
1789323224424837600,31.122837646484374,0.3127537965774536,-0.16004198789596558,0.26755109429359436
1789323224453112600,31.151112548828124,0.5149442553520203,-0.1716480851173401,0.91566002368927
1789323224471962400,31.16996240234375,0.5796940326690674,-0.1044548824429512,1.2375766038894653
1789323224490812200,31.188812255859375,0.6200099587440491,0.19241689145565033,1.2442958354949951
1789323224509662200,31.207662109375,0.48989951610565186,-0.31825143098831177,1.349437952041626
1789323224528512000,31.226511962890626,0.39827242493629456,-0.5955760478973389,1.728163242340088
1789323224547361800,31.24536181640625,0.5076140761375427,-0.12644538283348083,1.8332289457321167
1789323224566211600,31.264211669921874,0.6774296164512634,-0.1301104724407196,1.6298168897628784
1789323224585061600,31.2830615234375,0.7177455425262451,-0.29748260974884033,1.7495429515838623
1789323224603911400,31.301911376953125,0.7195780873298645,-0.4886777997016907,1.9951034784317017
1789323224622761200,31.32076123046875,0.9003888368606567,-0.5302154421806335,2.093449831008911
1789323224641611000,31.339611083984376,1.035386085510254,-0.22723518311977386,2.1496479511260986
1789323224660461000,31.3584609375,1.0207257270812988,-0.7678350210189819,2.312133312225342
1789323224679310800,31.377310791015624,1.1618314981460571,-0.813648521900177,2.208899974822998
1789323224698160600,31.39616064453125,1.2785032987594604,-0.6780404448509216,2.058020830154419
1789323224717010700,31.4150107421875,1.0787562131881714,-1.0188932418823242,2.2528810501098633
1789323224735860500,31.433860595703123,0.9413156509399414,-1.553460955619812,2.2009589672088623
1789323224754710300,31.452710205078127,0.8582404255867004,-1.437399983406067,1.5418548583984375
1789323224773560000,31.47156005859375,0.7488987445831299,-0.5161659121513367,1.09219491481781
1789323224792410000,31.49041015625,0.5949652194976807,-0.0916270911693573,1.0060654878616333
1789323224811260000,31.509260009765626,0.5680879354476929,-0.23090025782585144,0.8661814332008362
1789323224830109700,31.528109619140626,0.5711421966552734,-0.23212195932865143,0.3775036036968231
1789323224848959500,31.54695947265625,0.1710372269153595,-0.09956810623407364,-0.2339545041322708
1789323224867809500,31.5658095703125,-0.02748812735080719,0.14904673397541046,-0.23823043704032898
1789323224886659300,31.584659423828125,0.02993151545524597,0.2473931461572647,-0.4947862923145294
1789323224905509000,31.603509033203125,-0.20035789906978607,0.6126797795295715,-1.0060654878616333
1789323224924359000,31.62235888671875,-0.4819584786891937,0.8961129188537598,-1.3402752876281738
1789323224943209000,31.641208984375,-0.7104153633117676,1.8368940353393555,-1.3127107620239258
1789323224962058800,31.660058837890624,-0.8869501948356628,1.8142926692962646,-1.3359229564666748
1789323224980908500,31.678908447265623,-1.0378295183181763,1.544909119606018,-1.6450880765914917
1789323225009183200,31.707183349609377,-1.4862676858901978,1.5962202548980713,-2.199737310409546
1789323225028033300,31.726033203125,-1.8136818408966064,1.6090480089187622,-2.6291630268096924
1789323225046883000,31.744883056640624,-2.1777467727661133,0.33291175961494446,-2.4532389640808105
1789323225065732900,31.76373291015625,-2.109942674636841,-0.08124268800020218,-2.4813380241394043
1789323225084582700,31.782582763671876,-1.4813809394836426,-0.006108472589403391,-2.79348087310791
1789323225103432700,31.8014326171875,-1.100746750831604,-0.13682979345321655,-2.6902477741241455
1789323225122282500,31.820282470703123,-1.0103414058685303,-0.14782503247261047,-2.5106585025787354
1789323225141132300,31.83913232421875,-0.7287407517433167,-0.367730051279068,-2.445297956466675
1789323225159982000,31.857982177734375,-0.3939964771270752,-0.4202629029750824,-2.084287166595459
1789323225178832000,31.876831787109374,-0.11606097966432571,0.01710372418165207,-1.540633201599121
1789323225197682000,31.895681884765626,0.006719320081174374,0.1692046970129013,-1.1606098413467407
1789323225216531700,31.91453173828125,0.08490777015686035,0.1050657257437706,-0.7739434838294983
1789323225235381500,31.933381591796874,0.12339114397764206,0.12705622613430023,-0.2779355049133301
1789323225254231300,31.952231201171877,0.43919917941093445,0.4966188073158264,-0.02076880633831024
1789323225273081000,31.9710810546875,0.3390202224254608,-0.09407047927379608,0.3029802441596985
1789323225291931100,31.98993115234375,0.2486148327589035,-0.0659715011715889,0.7281299233436584
1789323225310781000,32.008781005859376,0.2516690790653229,0.1582094430923462,0.8521319031715393
1789323225329630700,32.02763061523437,0.22479179501533508,-0.031153209507465363,1.0250016450881958
1789323225348480500,32.04648046875,0.23028941452503204,0.14660334587097168,1.2754490375518799
1789323225367330300,32.06533032226562,0.2742704153060913,-0.18691925704479218,1.4050250053405762
1789323225386180000,32.08418017578125,0.36039987206459045,-0.3793361485004425,1.5931659936904907
1789323225405030100,32.103030029296875,0.32313820719718933,-0.6737645268440247,1.8503327369689941
1789323225423880000,32.1218798828125,0.582748293876648,0.014049487188458443,1.8747665882110596
1789323225442729700,32.140729736328126,0.5809157490730286,-0.3243598937988281,1.9999902248382568
1789323225461579500,32.15957958984375,0.7513421177864075,-0.38666632771492004,2.30968976020813
1789323225480429300,32.17842919921875,0.9144383668899536,0.07635590434074402,2.1496479511260986
1789323225508704300,32.20670434570312,1.0005677938461304,-0.5858024954795837,2.196683168411255
1789323225527554000,32.22555395507813,1.0109522342681885,-0.7690566778182983,2.4098687171936035
1789323225546403800,32.24440380859375,1.032942771911621,-0.6719319820404053,2.2040133476257324
1789323225565253600,32.26325366210938,0.9248227477073669,-0.8319739699363708,2.3438973426818848
1789323225584103400,32.282103515625,0.7592831254005432,-1.479548454284668,2.5057718753814697
1789323225602953200,32.300953125,0.6713211536407471,-1.273005723953247,2.1178839206695557
1789323225621803300,32.31980322265625,0.6065713167190552,-0.7275190949440002,1.654861569404602
1789323225640653000,32.33865307617187,0.6890357136726379,-0.29748260974884033,1.3402752876281738
1789323225659502800,32.3575029296875,0.652384877204895,-0.2516690790653229,1.1129636764526367
1789323225678352600,32.3763525390625,0.4746283292770386,-0.35917818546295166,0.7348492741584778
1789323225697202400,32.39520239257813,0.017714571207761765,-0.30603447556495667,0.14904673397541046
1789323225716052200,32.41405224609375,-0.17225892841815948,0.17409147322177887,-0.18569757044315338
1789323225734902000,32.43290209960937,-0.09956810623407364,0.363454133272171,-0.6725428104400635
1789323225753752000,32.451751953125,-0.16553960740566254,0.30725616216659546,-1.2168077230453491
1789323225772601900,32.47060180664062,-0.31947311758995056,0.7446228265762329,-1.4850460290908813
1789323225791451600,32.48945166015625,-0.5638120174407959,0.7873821258544922,-1.5589585304260254
1789323225810301400,32.508301513671874,-0.5754181146621704,0.9303203821182251,-1.6524181365966797
1789323225829151200,32.52715112304688,-0.9236010313034058,1.0469921827316284,-1.8601062297821045
1789323225848001000,32.5460009765625,-1.2387982606887817,1.2186403274536133,-1.9254668951034546
1789323225866850800,32.56485083007812,-1.4025816917419434,1.2510151863098145,-2.072681188583374
1789323225885700600,32.58370068359375,-1.408690094947815,1.5131449699401855,-2.1722493171691895
1789323225904550700,32.60255053710937,-1.549185037612915,0.7385143637657166,-2.2131760120391846
1789323225923400400,32.621400390625,-1.6145457029342651,0.15271180868148804,-2.5405900478363037
1789323225942250200,32.640250244140624,-1.474050760269165,-0.3426853120326996,-2.7977569103240967
1789323225961100000,32.65910009765625,-1.1166287660598755,-0.3536805510520935,-3.0170509815216064
1789323225989374700,32.68737475585937,-0.5925218462944031,-0.12278030067682266,-2.760495185852051
1789323226008224500,32.706224609375,-0.3432961702346802,0.006108472589403391,-2.3756613731384277
1789323226027074300,32.72507421875,-0.0787992998957634,-0.07452336698770523,-1.8051300048828125
1789323226045924000,32.74392407226563,0.06780404597520828,0.24311721324920654,-1.4471734762191772
1789323226064774100,32.762774169921876,0.20463383197784424,0.21929416060447693,-1.1398409605026245
1789323226083624000,32.7816240234375,0.13988402485847473,-0.22051586210727692,-0.5473191738128662
1789323226102473700,32.8004736328125,0.08979454636573792,-0.1588202863931656,0.02993151545524597
1789323226121323500,32.81932348632812,0.12278030067682266,0.04886778071522713,0.365286648273468
1789323226140173300,32.83817333984375,0.27915719151496887,0.0647498071193695,0.6328377723693848
1789323226159023000,32.857023193359375,0.3536805510520935,0.004275931045413017,1.0115630626678467
1789323226177873000,32.87587280273438,0.5070032477378845,-0.23884128034114838,1.258345365524292
1789323226196722700,32.89472265625,0.6511631608009338,0.09712471067905426,1.4496169090270996
1789323226215572500,32.91357250976562,0.6224533319473267,-0.2095206081867218,1.3224843740463257
1789323226234422300,32.93242236328125,0.37261682748794556,-0.2626643180847168,1.2247487306594849
1789323226253272000,32.95127197265625,0.10201149433851242,-0.16492876410484314,1.4312914609909058
1789323226272122000,32.9701220703125,0.1435490995645523,-0.6945333480834961,1.8875943422317505
1789323226290972000,32.988971923828124,0.4330907166004181,-0.33535513281822205,2.1465935707092285
1789323226309821700,33.00782177734375,0.7317950129508972,0.13744063675403595,2.0012118816375732
1789323226328671500,33.02667138671875,0.8722898960113525,-0.1325538605451584,2.0219807624816895
1789323226347521300,33.04552124023437,1.0109522342681885,-0.546097457408905,2.361611843109131
1789323226366371000,33.06437109375,1.2913310527801514,-0.6267293095588684,2.4245290756225586
1789323226385220900,33.08322094726562,1.5229185819625854,-0.6444438695907593,2.260211229324341
1789323226404070700,33.102070556640626,1.2748382091522217,-1.01706063747406,2.2211170196533203
1789323226422920400,33.12092041015625,0.8582404255867004,-1.5296379327774048,2.0622966289520264
1789323226441770200,33.13977026367188,0.624896764755249,-1.300493836402893,1.8436133861541748
1789323226460620000,33.1586201171875,0.5760289430618286,-0.8362498879432678,1.6768521070480347
1789323226479469800,33.1774697265625,0.6578825116157532,-0.2235700935125351,1.475272536277771
1789323226498319600,33.196319580078125,0.5723638534545898,-0.08002099394798279,0.939483106136322
1789323226517169400,33.21516943359375,0.4874561131000519,-0.21196399629116058,0.6487197875976562
1789323226536019200,33.234019287109376,0.420873761177063,-0.1453816443681717,0.37078428268432617
1789323226554869000,33.25286889648437,0.25472331047058105,0.042759306728839874,0.09468132257461548
1789323226573719000,33.27171899414063,0.05925218388438225,-0.03298575058579445,-0.13988402485847473
1789323226592568800,33.29056884765625,-0.02626643143594265,0.20463383197784424,-0.6444438695907593
1789323226611418600,33.30941870117187,-0.38727715611457825,0.5338805317878723,-0.9816315174102783
1789323226630268400,33.328268310546875,-0.4471401870250702,0.9290986657142639,-1.0042328834533691
1789323226649118200,33.3471181640625,-0.43797749280929565,0.9767447710037231,-1.2320789098739624
1789323226667968000,33.365968017578126,-0.6084038615226746,1.1447277069091797,-1.7306066751480103
1789323226686817800,33.38481787109375,-0.7941014170646667,1.2015365362167358,-1.8118493556976318
1789323226705667600,33.40366748046875,-1.0243908166885376,1.2632321119308472,-1.9340187311172485
1789323226724517400,33.42251733398437,-1.252847671508789,1.3836454153060913,-2.139874219894409
1789323226743367200,33.4413671875,-1.604161262512207,1.100746750831604,-2.3573360443115234
1789323226762217000,33.460217041015625,-1.5565152168273926,0.6670452356338501,-2.463012456893921
1789323226781066800,33.47906665039063,-1.5919443368911743,0.7232431769371033,-2.521043062210083
1789323226799916500,33.49791650390625,-1.5540717840194702,0.37139514088630676,-2.792870044708252
1789323226818766300,33.51676635742187,-1.1532796621322632,-0.3029802441596985,-2.769657850265503
1789323226837616000,33.5356162109375,-0.6474980711936951,-0.011606098152697086,-2.668257236480713
1789323226856466000,33.5544658203125,-0.33230090141296387,0.3549022674560547,-2.6645920276641846
1789323226875315700,33.57331567382813,-0.2596100866794586,-0.2351761907339096,-2.101390838623047
1789323226894165500,33.59216552734375,-0.1704263836145401,-0.07574506103992462,-1.428848147392273
1789323226913015300,33.61101538085938,0.1172826737165451,0.33718767762184143,-1.1545013189315796
1789323226931865000,33.629864990234374,0.15026842057704926,0.3683409094810486,-0.9260444641113281
1789323226950715000,33.64871484375,-0.012216945178806782,0.40254834294319153,-0.49417543411254883
1789323226969564700,33.667564697265625,-0.07513421028852463,0.15210096538066864,0.08612946420907974
1789323226988414500,33.68641455078125,0.036039989441633224,-0.20646637678146362,0.6145123243331909
1789323227007264300,33.70526416015625,0.1948602795600891,0.34696123003959656,1.0592091083526611
1789323227026114000,33.72411401367187,0.3017585575580597,-0.28160059452056885,1.3934189081192017
1789323227044963800,33.7429638671875,0.3573456406593323,-0.28282228112220764,1.6585266590118408
1789323227063813600,33.761813720703124,0.3561239540576935,0.40010493993759155,1.808184266090393
1789323227082663400,33.78066333007813,0.33352261781692505,0.3811686933040619,1.7910804748535156
1789323227101513200,33.79951318359375,0.18936264514923096,-0.026877280324697495,1.723887324333191
1789323227120363000,33.81836303710938,0.17348061501979828,-0.12155860662460327,1.852776050567627
1789323227139212800,33.837212890625,0.3512371778488159,-0.07696675509214401,1.9450139999389648
1789323227158062600,33.8560625,0.5234960913658142,-0.2596100866794586,1.84850013256073
1789323227176912400,33.874912353515626,0.577861487865448,-0.291374146938324,1.9566200971603394
1789323227195762200,33.89376220703125,0.45263782143592834,-0.5919110178947449,1.9993793964385986
1789323227214612000,33.91261206054688,0.4282039403915405,-0.8105943202972412,1.9547876119613647
1789323227233461800,33.93146166992187,0.9095515608787537,-0.8032641410827637,2.229058027267456
1789323227252311300,33.950311279296876,1.4019708633422852,-0.990183413028717,2.4330809116363525
1789323227271161000,33.9691611328125,1.3561573028564453,-1.4398432970046997,2.404982089996338
1789323227290011000,33.98801098632813,1.1496145725250244,-1.6157673597335815,2.122159719467163
1789323227308860700,34.006860595703124,0.8997780084609985,-1.2870551347732544,1.9584527015686035
1789323227327710500,34.02571044921875,0.8741224408149719,-0.7116370797157288,1.9211909770965576
1789323227346560300,34.044560302734375,1.0708152055740356,-0.1319430023431778,1.5265836715698242
1789323227365410000,34.06341015625,0.8936695456504822,-0.47768256068229675,0.9718579649925232
1789323227384259800,34.082259765625,0.5790832042694092,-0.7415685653686523,0.46363306045532227
1789323227403109600,34.10110961914062,0.2113531529903412,-0.6988092660903931,0.1716480851173401
1789323227421959400,34.11995947265625,0.056808795779943466,-0.1459924876689911,-0.0024433890357613564
1789323227440809200,34.138809326171874,-0.030542362481355667,0.19119518995285034,-0.2632751762866974
1789323227459659000,34.15765893554688,-0.10750912129878998,0.5876350402832031,-0.6865923404693604
1789323227478508800,34.1765087890625,-0.19119518995285034,0.7342383861541748,-0.9596410393714905
1789323227497358600,34.19535864257813,-0.13988402485847473,1.02683424949646,-1.2247487306594849
1789323227516208400,34.21420849609375,-0.2363978922367096,1.0769237279891968,-1.5278053283691406
1789323227535058200,34.23305810546875,-0.5473191738128662,1.0103414058685303,-1.9083632230758667
1789323227553907700,34.25190771484375,-0.9694145917892456,1.2100883722305298,-2.1056668758392334
1789323227572757500,34.27075756835937,-1.3671525716781616,1.3310362100601196,-2.101390838623047
1789323227591607300,34.289607177734375,-1.5748405456542969,0.9498674869537354,-2.400095224380493
1789323227610457000,34.30845703125,-1.6017178297042847,0.49295374751091003,-2.9590203762054443
1789323227629307000,34.327306884765626,-1.7733659744262695,0.2773246467113495,-3.0866875648498535
1789323227648156700,34.34615673828125,-1.6536399126052856,0.13499724864959717,-3.2161872386932373
1789323227667006500,34.36500634765625,-1.2131426334381104,0.08368607610464096,-2.4092578887939453
1789323227685856300,34.383856201171874,-0.8619054555892944,-0.29381752014160156,-2.5308165550231934
1789323227704706000,34.4027060546875,-0.5253286361694336,-0.8405258059501648,-2.844792127609253
1789323227723555600,34.4215556640625,-0.37567105889320374,-0.9003888368606567,-2.7171249389648438
1789323227742405400,34.4404052734375,0.04581354558467865,-0.7653915882110596,-2.105056047439575
1789323227761255200,34.459255126953124,-0.021990500390529633,-0.33718767762184143,-1.0928057432174683
1789323227780105000,34.47810498046875,0.06413896381855011,-0.2492256760597229,-0.4978405237197876
1789323227798954800,34.496954833984375,0.28037887811660767,0.15332266688346863,-0.30481278896331787
1789323227817804500,34.51580444335937,0.25350162386894226,0.21746163070201874,-0.17897824943065643
1789323227836654300,34.534654296875,0.35978904366493225,0.5302154421806335,0.20768806338310242
1789323227855504100,34.55350415039062,0.3567348122596741,0.6939224600791931,0.5583143830299377
1789323227874353700,34.572353759765626,0.45324867963790894,0.25777754187583923,0.8527427911758423
1789323227893203500,34.59120336914062,0.44042086601257324,0.3939964771270752,1.0934165716171265
1789323227912053200,34.61005322265625,0.44103172421455383,0.3274141252040863,1.442286729812622
1789323227930903000,34.62890307617187,0.3701734244823456,-0.01954711228609085,1.464888095855713
1789323227949752800,34.6477529296875,0.4306473135948181,-0.21990501880645752,1.3066022396087646
1789323227968602600,34.6666025390625,0.5644228458404541,0.014049487188458443,1.4410650730133057
1789323227987452400,34.68545239257813,0.9840749502182007,-0.5442649126052856,1.7293848991394043
1789323228006302000,34.704302001953124,1.2778924703598022,-0.33352261781692505,1.803297519683838
1789323228025151700,34.72315185546875,1.2113101482391357,-0.2852656841278076,1.7116703987121582
1789323228044001500,34.74200146484375,0.8386932611465454,-0.34818294644355774,1.9230235815048218
1789323228062851300,34.76085131835937,0.7495095729827881,-0.6994200944900513,2.238220691680908
1789323228081700900,34.779700927734375,0.9126058220863342,-0.8893936276435852,2.3365671634674072
1789323228100550700,34.79855053710938,1.1502254009246826,-0.9889616966247559,2.4147555828094482
1789323228119400400,34.817400390625,1.3127107620239258,-1.0085088014602661,2.596177101135254
1789323228138250200,34.83625024414062,1.3506596088409424,-0.6022953987121582,2.6994104385375977
1789323228157100000,34.85510009765625,1.2143644094467163,-0.7983773946762085,2.5198214054107666
1789323228175949800,34.87394970703125,1.1129636764526367,-0.34635040163993835,1.9462357759475708
1789323228194799400,34.89279931640625,1.1441168785095215,-0.030542362481355667,1.3964731693267822
1789323228213649200,34.91164916992187,1.0628741979599,0.14965757727622986,0.9810206890106201
1789323228232499000,34.9304990234375,0.9523108601570129,0.006719320081174374,0.418430358171463
1789323228251348700,34.9493486328125,0.5381564497947693,0.21623992919921875,0.00916270911693573
1789323228270198500,34.96819848632813,-0.03176405653357506,-0.12278030067682266,0.046424392610788345
1789323228289048300,34.98704833984375,-0.2877090573310852,0.046424392610788345,-0.09773556143045425
1789323228326747600,35.02474755859375,0.08185353130102158,0.5082249045372009,-1.372650146484375
1789323228345597400,35.04359741210938,0.20096874237060547,0.6890357136726379,-1.7116703987121582
1789323228364447200,35.062447265625,0.04031591862440109,0.2883199155330658,-1.9718912839889526
1789323228383297000,35.08129711914062,-0.08002099394798279,0.054365407675504684,-2.078178644180298
1789323228402146600,35.100146484375,-0.13438639044761658,0.38544461131095886,-2.171638250350952
1789323228420996400,35.11899633789063,-0.5088357925415039,0.13560809195041656,-2.217451810836792
1789323228439846100,35.13784619140625,-0.7238540053367615,0.38910970091819763,-2.254713535308838
1789323228458696000,35.15669604492187,-0.8783983588218689,0.4593571424484253,-2.4935548305511475
1789323228477545500,35.17554541015625,-0.5986303091049194,0.3426853120326996,-2.7214009761810303
1789323228496395300,35.19439526367187,-0.21746163070201874,0.31092125177383423,-2.477672815322876
1789323228515245000,35.2132451171875,-0.6621584296226501,0.29687178134918213,-2.051912307739258
1789323228534094800,35.2320947265625,-1.0115630626678467,0.1557660549879074,-2.023202419281006
1789323228552944600,35.25094458007813,-0.582748293876648,-0.7299624681472778,-2.2675414085388184
1789323228571794200,35.26979418945312,0.0794101431965828,-0.5076140761375427,-2.2064566612243652
1789323228590644000,35.28864404296875,-0.37078428268432617,-0.16737215220928192,-1.8430025577545166
1789323228609493800,35.30749365234375,-1.2949961423873901,-0.10384403169155121,-1.2723948955535889
1789323228628343600,35.32634350585938,-0.9168817400932312,-0.07146912813186646,-0.6896465420722961
1789323228647193000,35.34519311523437,-0.20463383197784424,0.1948602795600891,-0.20157960057258606
1789323228666043000,35.36404296875,-0.09468132257461548,-0.20646637678146362,-0.5112791657447815
1789323228684892700,35.382892578125,0.33718767762184143,-0.46363306045532227,-0.2638860046863556
1789323228703742500,35.40174243164063,1.1233481168746948,-0.6517740488052368,0.35856732726097107
1789323228722592000,35.420592041015624,2.1789684295654297,-0.9468132257461548,0.790436327457428
1789323228741441800,35.43944189453125,3.0054447650909424,-0.24372805655002594,0.18814095854759216
1789323228760291600,35.45829150390625,3.5552074909210205,0.5650337338447571,0.12583453953266144
1789323228779141400,35.47714135742188,3.7903835773468018,4.166131019592285,-0.3408527672290802
1789323228797991000,35.495990966796874,3.557039976119995,3.9742486476898193,-1.2754490375518799
1789323228816840700,35.5148408203125,3.7671713829040527,1.9474574327468872,-1.9547876119613647
1789323228835690500,35.5336904296875,3.8997251987457275,2.8783886432647705,-2.4190316200256348
1789323228854540000,35.5525400390625,2.671311378479004,2.4758403301239014,-2.5912904739379883
1789323228873389800,35.571389892578125,1.3995274305343628,1.5094798803329468,-2.70857310295105
1789323228892239600,35.59023950195313,0.5589252710342407,0.9315420985221863,-2.480726957321167
1789323228911089200,35.609089111328124,0.3542914092540741,2.9064877033233643,-2.7623276710510254
1789323228929939000,35.62793896484375,0.08185353130102158,1.4538928270339966,-2.289531946182251
1789323228948788700,35.646788818359376,-0.7617265582084656,-3.5436012744903564,1.3163758516311646
1789323228967638500,35.66563842773437,-1.5284161567687988,-4.640759468078613,1.8637713193893433
1789323228986488000,35.684488037109375,-1.9859408140182495,-3.837418794631958,1.6597483158111572
1789323229005337900,35.703337890625,-2.1753034591674805,-2.9296998977661133,2.2015697956085205
1789323229024187600,35.722187744140626,-1.2424633502960205,-3.48679256439209,2.6389365196228027
1789323229043037200,35.741037109375,0.2235700935125351,-3.6456127166748047,3.736629009246826
1789323229061887000,35.759886962890626,0.8777875304222107,-3.8508574962615967,3.877734661102295
1789323229080736800,35.77873681640625,0.3775036036968231,-1.803908348083496,3.444643974304199
1789323229099586300,35.79758642578125,-0.2651077210903168,-1.0579874515533447,3.6804311275482178
1789323229118436000,35.81643603515625,-0.06841489672660828,-1.159998893737793,3.4977877140045166
1789323229137286000,35.835285888671876,1.014006495475769,-1.0463813543319702,2.981621742248535
1789323229156135700,35.8541357421875,1.8912594318389893,-1.254069447517395,2.8142497539520264
1789323229174985200,35.872985107421876,2.5143237113952637,-2.3579468727111816,2.605340003967285
1789323229193835000,35.8918349609375,2.6969668865203857,-3.114175796508789,2.1783576011657715
1789323229212684800,35.91068481445313,2.6212220191955566,-2.1386525630950928,1.963950276374817
1789323229231534300,35.92953442382812,2.122159719467163,-1.3549355268478394,2.2333338260650635
1789323229250384100,35.948384033203126,1.3695958852767944,-0.5919110178947449,2.4874463081359863
1789323229288083500,35.98608349609375,1.1648857593536377,0.9193251132965088,2.397041082382202
1789323229306933200,36.004933349609374,1.0427162647247314,0.34818294644355774,2.5521962642669678
1789323229325783000,36.02378295898438,0.446529358625412,0.40987852215766907,2.306635618209839
1789323229344632600,36.04263256835937,-0.13744063675403595,0.4569137394428253,1.816736102104187
1789323229363482400,36.061482421875,-0.6022953987121582,0.42698222398757935,1.5705646276474
1789323229382332000,36.08033178710937,-0.9462023973464966,0.5070032477378845,1.7379368543624878
1789323229401181700,36.099181640625,-1.0799779891967773,1.3372210264205933,1.618210792541504
1789323229420031500,36.118031494140624,-0.4825693368911743,2.7012429237365723,1.1880979537963867
1789323229438881000,36.13688110351563,0.40010493993759155,2.937640905380249,0.7898254990577698
1789323229467155700,36.16515576171875,-0.5063923597335815,0.730573296546936,1.719611406326294
1789323229486005200,36.184005126953124,-1.3482162952423096,-0.9211576581001282,2.5259296894073486
1789323229504855000,36.20285498046875,-1.5552934408187866,-1.4202961921691895,3.3524060249328613
1789323229523704800,36.221704833984376,-2.0708484649658203,-4.783086776733398,2.497220039367676
1789323229542554400,36.24055444335937,-2.645655870437622,-4.252871513366699,-0.04153761267662048
1789323229561404200,36.259404052734375,-2.393375873565674,-1.9853299856185913,-1.8491109609603882
1789323229580254000,36.27825390625,-1.6047720909118652,-2.2223386764526367,-2.651764392852783
1789323229599103500,36.297103515625,-0.9016105532646179,-3.119673252105713,-2.4898898601531982
1789323229617953300,36.31595336914062,-0.5741963982582092,-2.9070985317230225,-1.7971889972686768
1789323229636802800,36.334802734375,-0.49173203110694885,-2.029310941696167,-1.180156946182251
1789323229683927300,36.38192724609375,-1.9908275604248047,-3.640115261077881,0.6108472347259521
1789323229702776800,36.40077685546875,-2.182633638381958,-3.357292890548706,1.321873426437378
1789323229778175700,36.47617578125,-0.47890424728393555,-1.5485742092132568,0.19424942135810852
1789323229815875000,36.513875,-0.4831801950931549,-1.3023263216018677,0.8454126119613647
1789323229834724600,36.532724609375,-0.4569137394428253,-1.437399983406067,1.2113101482391357
1789323229853574400,36.55157446289063,-0.46302223205566406,-0.9236010313034058,1.2278029918670654
1789323229872424000,36.570423828125,-0.5876350402832031,0.09040539711713791,0.6804838180541992
1789323229891273700,36.58927368164063,-0.40193748474121094,0.754396378993988,-0.130721315741539
1789323229910123500,36.60812353515625,-0.13560809195041656,0.6988092660903931,-0.32069480419158936
1789323229928973000,36.62697314453125,-0.12033691257238388,-0.09468132257461548,-0.02504473738372326
1789323229947822800,36.64582275390625,-0.4367557764053345,-0.2217375487089157,0.3762819170951843
1789323229966672400,36.66467236328125,-0.5980194807052612,0.17531315982341766,0.4049917459487915
1789323229985522200,36.683522216796874,-0.5656445622444153,0.3836120665073395,0.17897824943065643
1789323230004372000,36.7023720703125,-0.4074351191520691,0.5858024954795837,-0.19180603325366974
1789323230032646400,36.730646484375,0.10017894953489304,1.9779998064041138,0.043981000781059265
1789323230051496200,36.74949609375,0.24678228795528412,1.8362832069396973,1.3787586688995361
1789323230070345700,36.768345703125,-0.07452336698770523,-0.5839699506759644,1.8075734376907349
1789323230089195500,36.787195556640626,-0.1704263836145401,-1.0592091083526611,1.9101957082748413
1789323230108045000,36.80604516601562,-0.10995250940322876,-0.7134696245193481,1.0805888175964355
1789323230126894800,36.824894775390625,0.3384093940258026,0.3671191930770874,-0.2852656841278076
1789323230145744400,36.84374438476563,0.5094466209411621,0.3530697226524353,-0.8105943202972412
1789323230164594200,36.86259423828125,0.29442837834358215,0.0659715011715889,-0.022601349279284477
1789323230183444000,36.88144384765625,0.04886778071522713,-0.9077190160751343,0.6090146899223328
1789323230202293500,36.90029345703125,-0.10873081535100937,-1.0335536003112793,0.971247136592865
1789323230221143300,36.91914331054687,-0.08002099394798279,-0.6676560640335083,0.9828532338142395
1789323230239992800,36.937992919921875,-0.1429382562637329,-0.3683409094810486,0.7061394453048706
1789323230258842600,36.95684252929688,-0.17225892841815948,-0.13805148005485535,0.3787252902984619
1789323230277692200,36.975692138671874,0.054365407675504684,-0.28404396772384644,0.26938363909721375
1789323230296542000,36.9945419921875,0.25350162386894226,-0.8228112459182739,0.4868452548980713
1789323230315391500,37.0133916015625,0.27060532569885254,-1.0335536003112793,0.5900784730911255
1789323230334241300,37.0322412109375,0.2632751762866974,-0.3127537965774536,0.22845686972141266
1789323230353091000,37.051091064453125,0.4159869849681854,0.6139014959335327,-0.47890424728393555
1789323230371940600,37.06994067382813,0.3139754831790924,1.2406307458877563,-1.2314680814743042
1789323230390790400,37.088790283203124,0.0653606578707695,1.6597483158111572,-1.7941347360610962
1789323230409640000,37.10763989257813,0.06352811306715012,1.9272994995117188,-2.1520912647247314
1789323230428489700,37.12648974609375,0.26755109429359436,1.4923762083053589,-2.4697318077087402
1789323230447339300,37.14533935546875,0.11606097966432571,-0.19241689145565033,-2.8753345012664795
1789323230466189000,37.16418896484375,-0.1960819661617279,0.02993151545524597,-2.8496787548065186
1789323230485038600,37.18303857421875,-0.5845808386802673,0.4862344264984131,-2.442854642868042
1789323230503888400,37.201888427734374,-0.7568397521972656,-0.26999449729919434,-1.5876684188842773
1789323230532162800,37.230162841796876,-0.12033691257238388,-0.033596597611904144,-0.8631271719932556
1789323230551012600,37.2490126953125,0.5204418897628784,-0.13866232335567474,-0.8533536195755005
1789323230569862100,37.267862060546875,0.7159129977226257,-0.754396378993988,-0.8667922616004944
1789323230588712000,37.2867119140625,0.5296045541763306,-1.5375789403915405,-0.4850127100944519
1789323230607561700,37.305561767578126,0.1447708010673523,-1.3390535116195679,-0.13499724864959717
1789323230626411300,37.32441137695312,-0.01038440316915512,-0.7055285573005676,0.17897824943065643
1789323230645261000,37.343260986328126,0.0647498071193695,0.08674030750989914,0.6731536984443665
1789323230664110600,37.36211059570312,0.07146912813186646,0.6316160559654236,1.0469921827316284
1789323230682960400,37.38096044921875,-0.004275931045413017,0.7146912813186646,1.165496587753296
1789323230701810000,37.39980981445313,0.011606098152697086,0.9223793745040894,1.4196853637695312
1789323230720659700,37.41865966796875,0.06658235192298889,0.9962918758392334,1.9230235815048218
1789323230739509200,37.43750927734375,-0.023212196305394173,0.16309621930122375,2.373218059539795
1789323230758359000,37.456359130859376,-0.291374146938324,-0.17897824943065643,2.4740078449249268
1789323230777208600,37.47520849609375,-0.4679090082645416,-0.2229592502117157,2.006098747253418
1789323230796058400,37.494058349609375,-0.3274141252040863,-0.5686988234519958,1.372650146484375
1789323230814908000,37.51290795898438,-0.1178935244679451,-1.1227372884750366,1.0830321311950684
1789323230833757700,37.5317578125,-0.3365768492221832,-0.7458444833755493,0.8783983588218689
1789323230852607200,37.55060717773438,-0.33718767762184143,0.1313321590423584,0.41171106696128845
1789323230871457000,37.56945703125,0.04092676565051079,0.5900784730911255,0.05864133685827255
1789323230890306600,37.588306640625,0.22906772792339325,0.22906772792339325,0.38666632771492004
1789323230909156400,37.60715625,0.045202698558568954,0.12400199472904205,1.0207257270812988
1789323230928006100,37.62600610351563,-0.15943112969398499,0.33230090141296387,0.962695300579071
1789323230946855700,37.644855712890624,-0.013438640162348747,0.6780404448509216,0.46729815006256104
1789323230965705500,37.66370556640625,0.288930743932724,0.8527427911758423,0.26999449729919434
1789323230984555000,37.682554931640624,0.31092125177383423,0.7098045349121094,0.4190412163734436
1789323231003404800,37.70140478515625,0.1704263836145401,0.6224533319473267,0.5118899941444397
1789323231022254300,37.72025439453125,0.1710372269153595,0.5320479869842529,0.4080459773540497
1789323231041104100,37.73910424804688,0.365286648273468,0.3164188861846924,0.3426853120326996
1789323231059953700,37.75795361328125,0.49112120270729065,0.036039989441633224,0.3683409094810486
1789323231078803500,37.77680346679688,0.5375455617904663,-0.062306419014930725,0.3432961702346802
1789323231097653000,37.795653076171874,0.49234288930892944,-0.04825693368911743,0.22662433981895447
1789323231116502800,37.81450268554688,0.26877278089523315,0.09529217332601547,0.21562908589839935
1789323231135352300,37.83335229492187,0.00916270911693573,0.49112120270729065,0.21868331730365753
1789323231154202000,37.8522021484375,0.014660334214568138,0.6401679515838623,0.13560809195041656
1789323231173051600,37.8710517578125,0.20035789906978607,0.3506263196468353,0.18997350335121155
1789323231191901400,37.8899013671875,0.21318569779396057,0.15087927877902985,0.2901524603366852
1789323231210751000,37.9087509765625,0.1704263836145401,0.208298921585083,0.10689827054738998
1789323231229600800,37.92760083007813,0.28282228112220764,0.26755109429359436,-0.08979454636573792
1789323231248450300,37.9464501953125,0.4367557764053345,0.5412106513977051,0.007330167107284069
1789323231267300000,37.96530004882813,0.4159869849681854,0.26816195249557495,0.45263782143592834
1789323231286149600,37.98414965820312,0.22540263831615448,-0.8032641410827637,0.33413344621658325
1789323231304999400,38.00299951171875,0.1569877415895462,-1.2113101482391357,-0.05070032179355621
1789323231323849000,38.02184887695312,0.08368607610464096,-0.7159129977226257,-0.20096874237060547
1789323231342698800,38.04069873046875,0.09773556143045425,0.09468132257461548,-0.20341213047504425
1789323231361548500,38.05954858398437,0.1557660549879074,0.517998456954956,-0.2864873707294464
1789323231380398000,38.07839819335938,0.18569757044315338,0.19119518995285034,-0.3054236173629761
1789323231399248000,38.09724780273437,0.16370706260204315,-0.6688777208328247,-0.30603447556495667
1789323231418097400,38.116097412109376,0.10140064358711243,-0.9034430980682373,-0.314586341381073
1789323231436947200,38.134947265625,0.14843589067459106,-0.5424323678016663,-0.3536805510520935
1789323231455796700,38.153796630859375,0.2761029601097107,-0.17775654792785645,-0.28160059452056885
1789323231474646500,38.172646484375,0.19424942135810852,0.22784602642059326,-0.09773556143045425
1789323231493496000,38.19149609375,0.024433890357613564,0.3836120665073395,0.009773556143045425
1789323231512345900,38.21034594726562,0.056808795779943466,0.3384093940258026,0.11117420345544815
1789323231531195400,38.2291953125,0.2217375487089157,0.008551862090826035,0.34940463304519653
1789323231550045200,38.24804516601562,0.24617144465446472,-0.10873081535100937,0.5485408306121826
1789323231568894700,38.266894775390625,0.09834641218185425,0.031153209507465363,0.3775036036968231
1789323231587744500,38.28574462890625,-0.08612946420907974,0.24006296694278717,0.1301104724407196
1789323231606594000,38.304593994140625,-0.1966928243637085,0.19119518995285034,0.017714571207761765
1789323231625443800,38.32344384765625,-0.07635590434074402,0.1850867122411728,-0.014049487188458443
1789323231644293400,38.34229345703125,0.13499724864959717,0.4202629029750824,0.10934165865182877
1789323231663143200,38.36114306640625,0.1441599577665329,0.3836120665073395,0.342074453830719
1789323231681992700,38.37999267578125,0.04092676565051079,0.12461283802986145,0.47829338908195496
1789323231710267100,38.40826708984375,0,0.2363978922367096,0.365286648273468
1789323231729117000,38.42711694335937,-0.15210096538066864,0.22601348161697388,0.182643324136734
1789323231747966500,38.445966552734376,-0.20219044387340546,-0.9297095537185669,-0.29259583353996277
1789323231766816300,38.46481616210937,-0.17348061501979828,-1.298661231994629,-0.5283828973770142
1789323231785665800,38.483665771484375,-0.14721418917179108,-0.7244648337364197,-0.3903313875198364
1789323231804515600,38.502515625,-0.030542362481355667,0.0653606578707695,-0.16737215220928192
1789323231823365000,38.521365234375,0.043981000781059265,0.3390202224254608,-0.011606098152697086
1789323231842215000,38.54021484375,-0.036039989441633224,-0.2351761907339096,-0.10750912129878998
1789323231861064700,38.559064697265626,0.0012216945178806782,-0.9419264793395996,-0.4086568057537079
1789323231879914200,38.57791430664062,0.12155860662460327,-0.5082249045372009,-0.3787252902984619
1789323231898764000,38.596763916015625,0.23212195932865143,0.4324798583984375,0.1044548824429512
1789323231917613600,38.61561352539063,0.2095206081867218,0.836860716342926,0.6927008032798767
1789323231936463000,38.634463134765625,0.023823043331503868,0.9956810474395752,0.7525638341903687
1789323231955313000,38.65331298828125,0.03420744836330414,1.285833477973938,0.49417543411254883
1789323231974162400,38.672162353515624,0.1423274129629135,1.0720369815826416,0.3402419090270996
1789323231993012200,38.69101220703125,0.10262233763933182,0.32313820719718933,0.17470231652259827
1789323232011861800,38.70986181640625,-0.0390942245721817,-0.08551861345767975,0.014660334214568138
1789323232030711600,38.72871166992188,-0.10689827054738998,-0.11911521852016449,-0.0006108472589403391
1789323232049561000,38.74756103515625,0.046424392610788345,0.01038440316915512,0.2602209448814392
1789323232068411000,38.76641088867188,0.20035789906978607,-0.008551862090826035,0.288930743932724
1789323232087260400,38.785260498046874,0.08979454636573792,-0.08979454636573792,-0.1453816443681717
1789323232106110200,38.80411010742188,-0.22967857122421265,0.09834641218185425,-0.5192201733589172
1789323232124959700,38.82295971679687,-0.2987042963504791,0.42514967918395996,-0.5509842038154602
1789323232143809500,38.8418095703125,-0.06841489672660828,0.6542174220085144,-0.3561239540576935
1789323232162659000,38.8606591796875,0.17958909273147583,0.6340594291687012,-0.02626643143594265
1789323232181508900,38.8795087890625,0.24128466844558716,0.03176405653357506,0.2101314514875412
1789323232200358400,38.8983583984375,0.3304683566093445,-0.3836120665073395,-0.0525328628718853
1789323232219208200,38.91720825195313,0.34818294644355774,0.10201149433851242,-0.37200596928596497
1789323232238057700,38.9360576171875,0.418430358171463,0.5741963982582092,-0.5430431962013245
1789323232256907500,38.95490747070313,0.26694026589393616,0.707361102104187,-0.6285618543624878
1789323232275757000,38.97375708007812,-0.2498365342617035,0.29259583353996277,-0.47585001587867737
1789323232294606800,38.99260693359375,-0.4337015450000763,-0.5748072862625122,-0.19119518995285034
1789323232313456400,39.01145629882812,-0.21990501880645752,-1.0433270931243896,-0.06719319522380829
1789323232332306200,39.03030615234375,0.047646086663007736,-0.7409577369689941,0.04703523963689804
1789323232351155700,39.04915576171875,0.07635590434074402,-0.08002099394798279,0.05375456064939499
1789323232370005500,39.06800561523438,-0.026877280324697495,0.21990501880645752,0.04092676565051079
1789323232388855000,39.08685498046875,-0.21868331730365753,-0.24311721324920654,0.03665083646774292
1789323232407704800,39.105704833984376,-0.2724378705024719,-1.0280559062957764,-0.23884128034114838
1789323232426554400,39.12455444335937,-0.29442837834358215,-1.566288709640503,-0.7275190949440002
1789323232445404200,39.143404052734375,-0.38544461131095886,-1.5760623216629028,-0.9529217481613159
1789323232464253700,39.16225366210937,-0.363454133272171,-1.521696925163269,-1.018282413482666
1789323232483103500,39.181103515625,-0.35917818546295166,-1.3084348440170288,-1.0164498090744019
1789323232501953000,39.199953125,-0.5118899941444397,-0.962695300579071,-0.9950701594352722
1789323232520802800,39.218802734375,-0.5497625470161438,-0.7849387526512146,-1.161220669746399
1789323232539652400,39.23765234375,-0.21440738439559937,-0.7116370797157288,-1.1618314981460571
1789323232558502100,39.256502197265625,0.13744063675403595,-0.3970507085323334,-0.6829272508621216
1789323232577351700,39.2753515625,0.22906772792339325,-0.11239589750766754,-0.06841489672660828
1789323232596201500,39.294201416015625,-0.01038440316915512,-0.21257483959197998,0.16798299551010132
1789323232615051000,39.31305102539063,-0.10628741979598999,-0.36223241686820984,-0.07024743407964706
1789323232633900800,39.33190087890625,0.1710372269153595,-0.08857285231351852,-0.46302223205566406
1789323232662175200,39.36017529296875,0.23090025782585144,0.49234288930892944,-0.70308518409729
1789323232681024800,39.37902465820312,0.062306419014930725,0.37689274549484253,-0.5540384650230408
1789323232699874600,39.39787451171875,0.025655584409832954,0.5821374654769897,-0.19424942135810852
1789323232718724000,39.41672412109375,-0.10140064358711243,0.9834640622138977,0.6047387719154358
1789323232737574000,39.435573974609376,-0.031153209507465363,0.053143709897994995,0.5638120174407959
1789323232756423400,39.45442333984375,0.10201149433851242,-0.12827792763710022,0.42331716418266296
1789323232775273200,39.473273193359375,0.23028941452503204,-0.10201149433851242,0.37444937229156494
1789323232794122800,39.49212280273437,0.3426853120326996,-0.022601349279284477,0.4850127100944519
1789323232812972500,39.51097265625,0.3640649616718292,0.9462023973464966,0.8551861643791199
1789323232831822000,39.52982202148438,0.420873761177063,0.8393041491508484,1.0152281522750854
1789323232850671900,39.548671875,0.4679090082645416,-0.022601349279284477,0.8087617754936218
1789323232869521400,39.567521484375,0.40071579813957214,0.038483377546072006,0.5723638534545898
1789323232888371200,39.58637109375,0.21562908589839935,1.2699514627456665,0.2602209448814392
1789323232907220700,39.605220703125,0.16065283119678497,2.2644870281219482,0.14110571146011353
1789323232926070500,39.624070556640625,0.3310792148113251,1.8851510286331177,0.41110020875930786
1789323232944920300,39.64292041015625,0.6603258848190308,1.1673290729522705,0.9358180165290833
1789323232963769900,39.661769775390624,0.6554391384124756,1.5626236200332642,1.1606098413467407
1789323232982619600,39.68061962890625,0.2211267054080963,1.3720393180847168,0.7140804529190063
1789323233001469200,39.69946923828125,0.11117420345544815,0.5906893014907837,0.3274141252040863
1789323233020319000,39.71831909179687,0.2993151545524597,-0.02626643143594265,0.16431790590286255
1789323233039168500,39.73716845703125,0.0910162404179573,0.07757759839296341,0.004886778071522713
1789323233058018300,39.75601831054688,-0.021379653364419937,0.5888567566871643,-0.10384403169155121
1789323233076867800,39.774867919921874,-0.08429691940546036,0.5833591222763062,-0.11361759155988693
1789323233095717400,39.79371728515625,-0.10140064358711243,0.4489727318286896,-0.02504473738372326
1789323233114567200,39.812567138671874,-0.07146912813186646,0.605960488319397,0.011606098152697086
1789323233133417000,39.8314169921875,0.02626643143594265,0.8851176500320435,0.08063183724880219
1789323233152266500,39.8502666015625,0.05619794875383377,0.17592400312423706,0.10323318839073181
1789323233171116300,39.8691162109375,0.08307522535324097,-0.24189551174640656,-0.12705622613430023
1789323233189965800,39.8879658203125,-0.1557660549879074,0.45324867963790894,-0.30603447556495667
1789323233208815600,39.90681567382813,-0.20280128717422485,0.7201889157295227,-0.3549022674560547
1789323233227665200,39.9256650390625,-0.01954711228609085,-0.34757208824157715,-0.08612946420907974
1789323233246515000,39.94451489257813,0.129499614238739,-1.2656755447387695,0.22662433981895447
1789323233265364500,39.96336450195312,0.017714571207761765,-1.009730577468872,0.05741964280605316
1789323233284214300,39.98221435546875,-0.3139754831790924,-0.24250635504722595,-0.13805148005485535
1789323233303063800,40.00106372070312,-0.5106683373451233,0.31947311758995056,-0.182643324136734
1789323233321913600,40.01991357421875,-0.36162158846855164,0.578472375869751,-0.2742704153060913
1789323233340763100,40.03876318359375,-0.21196399629116058,0.3249707520008087,-0.365286648273468
1789323233359613000,40.05761303710938,-0.1850867122411728,0.008551862090826035,-0.37383851408958435
1789323233378462500,40.07646240234375,-0.19363857805728912,0.08857285231351852,-0.4049917459487915
1789323233397312300,40.095312255859376,-0.18753011524677277,0.40132665634155273,-0.5002838969230652
1789323233416161800,40.11416186523437,-0.0397050715982914,0.8472451567649841,-0.6511631608009338
1789323233435011600,40.133011474609376,0.2883199155330658,0.9822424054145813,-0.46546560525894165
1789323233453861400,40.151861328125,0.3432961702346802,0.7116370797157288,-0.18936264514923096
1789323233472711000,40.1707109375,0.16187451779842377,0.2516690790653229,0.03237490355968475
1789323233491560400,40.189560546875,0.1844758689403534,-0.42331716418266296,0.4324798583984375
1789323233510410200,40.20841015625,0.6725428104400635,-0.3414636254310608,0.49295374751091003
1789323233529260000,40.22726000976562,0.6878139972686768,0.16004198789596558,0.12766708433628082
1789323233548109600,40.246109619140626,0.11606097966432571,0.8234221339225769,-0.26999449729919434
1789323233566959400,40.26495947265625,-0.37078428268432617,0.7183563709259033,-0.1973036676645279
1789323233585809000,40.283808837890625,-0.5167768001556396,-0.7873821258544922,0.04947862774133682
1789323233604658700,40.30265869140625,-0.43919917941093445,-2.1233813762664795,0.2235700935125351
1789323233623508200,40.32150830078125,-0.33413344621658325,-2.4727859497070312,0.07696675509214401
1789323233642358000,40.34035791015625,-0.18814095854759216,-2.1722493171691895,-0.2730487287044525
1789323233670632400,40.368632568359374,-0.012827792204916477,-1.111131191253662,-0.5497625470161438
1789323233689482200,40.38748217773438,-0.10873081535100937,-0.6933116316795349,-0.5833591222763062
1789323233708331800,40.40633178710937,-0.3133646547794342,-0.6646018028259277,-0.5961869359016418
1789323233727181600,40.425181640625,-0.31092125177383423,-0.6126797795295715,-0.37261682748794556
1789323233746031000,40.44403100585937,-0.08307522535324097,-0.5644228458404541,-0.0910162404179573
1789323233764881000,40.462880859375,0.11972606182098389,-0.4056025743484497,0.14782503247261047
1789323233783730400,40.48173046875,0.09590301662683487,0.16248537600040436,0.22845686972141266
1789323233802580200,40.50058032226563,0.01710372418165207,0.7605048418045044,0.20524467527866364
1789323233821430000,40.51942993164062,0.08429691940546036,0.8643488883972168,0.1588202863931656
1789323233840279600,40.538279541015626,0.2223484069108963,0.7531746625900269,0.25777754187583923
1789323233859129300,40.55712939453125,0.17286977171897888,0.5980194807052612,0.3023693859577179
1789323233877979000,40.575978759765626,0.023823043331503868,0.2492256760597229,0.10934165865182877
1789323233896828700,40.59482861328125,0.02626643143594265,0.4074351191520691,0.006108472589403391
1789323233915678200,40.61367822265625,0.17897824943065643,0.8044858574867249,-0.05131116881966591
1789323233934528000,40.63252807617187,0.20035789906978607,0.5149442553520203,0.24189551174640656
1789323233953377500,40.65137744140625,-0.006108472589403391,-0.6658235192298889,0.1185043677687645
1789323233972227300,40.67022729492187,-0.2644968628883362,-1.178935170173645,0.09590301662683487
1789323233991077000,40.6890771484375,-0.3695625960826874,-0.6444438695907593,0.08246438205242157
1789323234009926700,40.7079267578125,-0.19119518995285034,0.2089097648859024,0.10078980028629303
1789323234028776400,40.7267763671875,0.08246438205242157,0.5723638534545898,0.1979145109653473
1789323234047626000,40.7456259765625,0.23090025782585144,0.395218163728714,0.3939964771270752
1789323234066475800,40.764475830078126,0.3897205591201782,0.24556060135364532,0.5473191738128662
1789323234085325600,40.78332568359375,0.4679090082645416,0.4477510452270508,0.3915531039237976
1789323234104175000,40.802175048828126,0.4434750974178314,0.7537854909896851,0.09956810623407364
1789323234123025000,40.82102490234375,0.3133646547794342,0.9315420985221863,0.03420744836330414
1789323234141874400,40.83987451171875,0.2345653474330902,1.1233481168746948,0.48989951610565186
1789323234160724200,40.85872412109375,0.32069480419158936,1.1288456916809082,0.9547542929649353
1789323234179574000,40.877573974609376,0.47951510548591614,0.8344173431396484,0.837471604347229
1789323234198423600,40.89642358398437,0.4190412163734436,0.7916580438613892,0.390942245721817
1789323234217273300,40.9152734375,0.258999228477478,0.497229665517807,0.16370706260204315
1789323234236123000,40.93412280273437,0.15515519678592682,0.1979145109653473,0.23945212364196777
1789323234254972700,40.95297265625,0.18936264514923096,0.4049917459487915,0.16737215220928192
1789323234273822500,40.97182250976562,0.1557660549879074,0.7348492741584778,-0.06658235192298889
1789323234292672000,40.990672119140626,-0.04581354558467865,0.6493306159973145,-0.12216944992542267
1789323234311521800,41.00952172851562,-0.11606097966432571,0.4214846193790436,0.004275931045413017
1789323234330371300,41.028371337890626,-0.05741964280605316,0.38727715611457825,-0.05131116881966591
1789323234349221000,41.04722119140625,-0.0018325417768210173,-0.2113531529903412,-0.05070032179355621
1789323234368070700,41.066070556640625,-0.01710372418165207,-0.6615476012229919,-0.1966928243637085
1789323234386920400,41.08492041015625,-0.04337015375494957,-0.21868331730365753,-0.2730487287044525
1789323234405770200,41.103770263671876,-0.24067382514476776,0.1435490995645523,-0.21746163070201874
1789323234424619800,41.12261987304687,-0.34940463304519653,-0.3658975064754486,-0.1966928243637085
1789323234443469600,41.141469482421876,-0.3164188861846924,-1.4227396249771118,-0.0922379344701767
1789323234462319400,41.1603193359375,-0.1948602795600891,-2.026867628097534,-0.02504473738372326
1789323234481169000,41.1791689453125,0.01710372418165207,-2.1148295402526855,-0.04031591862440109
1789323234500018700,41.19801879882812,0.10811996459960938,-1.5290271043777466,0.16798299551010132
1789323234518868500,41.216868408203126,0.007330167107284069,-0.8014315962791443,0.43919917941093445
1789323234537718000,41.23571801757812,-0.08002099394798279,-0.1985253542661667,0.5082249045372009
1789323234556567800,41.25456787109375,-0.10078980028629303,-0.17225892841815948,0.2883199155330658
1789323234575417600,41.27341748046875,-0.17286977171897888,-0.5204418897628784,-0.02504473738372326
1789323234594267100,41.29226708984375,-0.288930743932724,-0.9962918758392334,-0.29687178134918213
1789323234613117000,41.31111694335937,-0.37567105889320374,-1.2339115142822266,-0.24128466844558716
1789323234631966700,41.329966796875,-0.261442631483078,-1.1709941625595093,0.013438640162348747
1789323234650816300,41.34881616210937,-0.1948602795600891,-0.7757760286331177,0.16615045070648193
1789323234669666000,41.367666015625,-0.1948602795600891,-0.1588202863931656,0.14782503247261047
1789323234688515800,41.386515869140624,-0.15393351018428802,0.3970507085323334,0.00916270911693573
1789323234707365400,41.40536547851563,-0.0787992998957634,0.4294256269931793,-0.11606097966432571
1789323234726215200,41.42421508789062,-0.014049487188458443,0.32252734899520874,-0.15943112969398499
1789323234745065000,41.44306494140625,0.06780404597520828,0.3915531039237976,-0.1820324808359146
1789323234763914500,41.46191455078125,0.11300674080848694,0.29565006494522095,-0.1563768982887268
1789323234782764300,41.48076440429688,0.07207997888326645,0.12094775587320328,0.06963659077882767
1789323234801614000,41.499614013671874,-0.01588202826678753,0.1325538605451584,0.2742704153060913
1789323234820463600,41.51846362304688,-0.024433890357613564,0.3127537965774536,0.20463383197784424
1789323234839313400,41.5373134765625,0.0922379344701767,0.5326588153839111,0.023212196305394173
1789323234858163200,41.5561630859375,0.11239589750766754,0.6902574300765991,-0.10811996459960938
1789323234877012700,41.5750126953125,-0.011606098152697086,0.9749122262001038,-0.08857285231351852
1789323234895862500,41.59386254882813,-0.15943112969398499,0.3946073353290558,0.02626643143594265
1789323234914712300,41.61271240234375,-0.12827792763710022,-0.49356457591056824,-0.00916270911693573
1789323234933561900,41.63156176757813,0.021990500390529633,-0.4563029110431671,0.0018325417768210173
1789323234952411600,41.65041162109375,0.030542362481355667,-0.1056765764951706,-0.061084724962711334
1789323234971261400,41.66926147460938,0.012827792204916477,0.08857285231351852,-0.17409147322177887
1789323234990111000,41.688111083984374,-0.006719320081174374,0.051922015845775604,-0.2211267054080963
1789323235008960800,41.70696069335938,-0.11117420345544815,-0.4709632396697998,-0.1948602795600891
1789323235027810600,41.725810546875,-0.008551862090826035,-0.05986303091049194,-0.05619794875383377
1789323235046660400,41.74466040039062,0.22723518311977386,0.420873761177063,0.06169557198882103
1789323235065510000,41.763510009765625,0.25289076566696167,0.39949411153793335,0.32008397579193115
1789323235084359700,41.78235961914063,0.1319430023431778,-0.5613686442375183,0.21562908589839935
1789323235103209500,41.80120947265625,0.08918370306491852,-0.5650337338447571,0.038483377546072006
1789323235122059000,41.82005908203125,0.08674030750989914,-0.013438640162348747,0
1789323235140908800,41.83890869140625,0.18142163753509521,0.07269082218408585,-0.06658235192298889
1789323235159758600,41.85775854492187,0.1698155403137207,0.01710372418165207,-0.16004198789596558
1789323235178608400,41.8766083984375,0.05497625470161438,-0.3035911023616791,-0.15087927877902985
1789323235197458000,41.8954580078125,0,-0.9895725846290588,-0.04886778071522713
1789323235216307700,41.9143076171875,0.018936265259981155,-1.3017154932022095,0.012827792204916477
1789323235235157500,41.93315747070312,0.015271181240677834,-1.2241379022598267,-0.05131116881966591
1789323235254007300,41.95200732421875,-0.0781884491443634,-0.7360709309577942,-0.24433889985084534
1789323235272856800,41.97085693359375,-0.2724378705024719,-0.46485477685928345,-0.4886777997016907
1789323235291706600,41.98970654296875,-0.474017471075058,-0.390942245721817,-0.7446228265762329
1789323235310556400,42.00855639648437,-0.5412106513977051,-0.8344173431396484,-0.7947123050689697
1789323235329406200,42.02740625,-0.4727957844734192,-1.2418525218963623,-0.5772506594657898
1789323235348255700,42.046255859375,-0.1459924876689911,-1.2345223426818848,-0.3530697226524353
1789323235367105500,42.06510546875,0.2229592502117157,-0.37261682748794556,-0.18814095854759216
1789323235385955300,42.08395532226562,0.418430358171463,0.3927747905254364,-0.3518480062484741
1789323235404805000,42.10280517578125,0.4080459773540497,0.7525638341903687,-0.9345963001251221
1789323235423654700,42.12165454101562,0.29503923654556274,0.8032641410827637,-1.3921972513198853
1789323235442504400,42.14050439453125,0.30481278896331787,0.7928797602653503,-1.2186403274536133
1789323235461354200,42.159354248046874,0.25777754187583923,0.9590302109718323,-0.10323318839073181
1789323235480204000,42.1782041015625,0.15210096538066864,0.3249707520008087,0.446529358625412
1789323235499053600,42.19705346679687,0.00916270911693573,-0.02993151545524597,0.4062134325504303
1789323235517903400,42.2159033203125,0.062306419014930725,-0.21257483959197998,0.09834641218185425
1789323235536753200,42.234753173828125,0.24006296694278717,0.2480039894580841,-0.1178935244679451
1789323235555603000,42.25360302734375,0.40010493993759155,0.5234960913658142,-0.06841489672660828
1789323235574452500,42.272452392578124,0.4459185004234314,0.33474430441856384,0.10201149433851242
1789323235593302300,42.29130224609375,0.2767138183116913,-0.017714571207761765,0.3432961702346802
1789323235612152000,42.310152099609375,-0.02626643143594265,-0.2522799074649811,0.5088357925415039
1789323235631001900,42.329001953125,-0.26755109429359436,-0.033596597611904144,0.5155550837516785
1789323235649851400,42.347851318359375,-0.4031592011451721,0.1325538605451584,0.3243598937988281
1789323235668701200,42.366701171875,-0.39643988013267517,0.03542914241552353,0.13866232335567474
1789323235687551000,42.385551025390626,-0.2730487287044525,-0.04581354558467865,0.025655584409832954
1789323235715825700,42.41382568359375,-0.1185043677687645,0.01710372418165207,0.007330167107284069
1789323235734675500,42.432675537109375,-0.03420744836330414,0.43919917941093445,0.05497625470161438
1789323235753525000,42.45152490234375,-0.04886778071522713,0.2779355049133301,0.009773556143045425
1789323235772374800,42.470374755859375,-0.042759306728839874,-0.4343124032020569,0.05925218388438225
1789323235791224600,42.489224609375,-0.10140064358711243,-0.7605048418045044,0.3298575282096863
1789323235810074400,42.508074462890626,-0.1582094430923462,-0.3042019307613373,0.6187883019447327
1789323235828924200,42.52692407226562,-0.1954711228609085,0.4489727318286896,0.5613686442375183
1789323235847773700,42.545773681640625,-0.24617144465446472,1.0176715850830078,0.25655585527420044
1789323235866623500,42.56462353515625,-0.20096874237060547,0.7873821258544922,-0.07574506103992462
1789323235885473300,42.58347338867188,-0.12155860662460327,0.028098974376916885,-0.16187451779842377
1789323235904323000,42.60232299804687,-0.1692046970129013,-0.1453816443681717,-0.04825693368911743
1789323235923172900,42.6211728515625,-0.09590301662683487,0.10934165865182877,0.017714571207761765
1789323235942022400,42.6400224609375,-0.0036650835536420345,0.13927318155765533,-0.11911521852016449
1789323235960872200,42.6588720703125,-0.1423274129629135,-0.2980934679508209,-0.25289076566696167
1789323235979722000,42.67772192382812,-0.3958290219306946,-0.679872989654541,-0.26877278089523315
1789323235998571800,42.69657177734375,-0.40132665634155273,-0.3133646547794342,-0.2999260127544403
1789323236017421600,42.715421630859375,-0.18936264514923096,0.5259394645690918,-0.3903313875198364
1789323236036271400,42.73427124023438,-0.042759306728839874,1.0274450778961182,-0.47768256068229675
1789323236055121000,42.753120849609374,0.04459185153245926,0.7782194018363953,-0.5070032477378845
1789323236073970700,42.771970703125,0.13805148005485535,0.36284327507019043,-0.3689517378807068
1789323236092820500,42.790820556640625,0.1698155403137207,0.2107423096895218,-0.07513421028852463
1789323236111670300,42.80967016601563,0.1044548824429512,0.030542362481355667,0.21196399629116058
1789323236130520000,42.82852001953125,0.04092676565051079,-0.28037887811660767,0.5002838969230652
1789323236149369900,42.84736987304687,-0.021990500390529633,-0.43614494800567627,0.7574505805969238
1789323236168219600,42.8662197265625,-0.09651386737823486,-0.33230090141296387,0.7550072073936462
1789323236187069200,42.88506909179687,-0.12705622613430023,-0.1716480851173401,0.416597843170166
1789323236205919000,42.9039189453125,-0.13560809195041656,-0.08490777015686035,-0.004886778071522713
1789323236243618600,42.94161865234375,-0.06658235192298889,0.5106683373451233,-0.24556060135364532
1789323236262468400,42.96046826171875,0.0647498071193695,0.6053496599197388,-0.208298921585083
1789323236281318100,42.97931811523438,0.26632940769195557,0.4752391576766968,-0.13377554714679718
1789323236300168000,42.99816796875,0.36039987206459045,0.4434750974178314,0.055587101727724075
1789323236319017700,43.01701782226562,0.29259583353996277,0.34451785683631897,0.18081079423427582
1789323236337867300,43.0358671875,0.21807247400283813,0.03237490355968475,0.17775654792785645
1789323236356717000,43.05471704101563,0.20157960057258606,-0.17958909273147583,0.1710372269153595
1789323236375566800,43.07356689453125,0.2363978922367096,-0.337798535823822,0.1569877415895462
1789323236394416600,43.09241674804687,0.1948602795600891,-0.446529358625412,0.1557660549879074
1789323236413266400,43.111266357421876,0.07146912813186646,-0.39888325333595276,0.1459924876689911
1789323236432116200,43.1301162109375,-0.014660334214568138,-0.2510582208633423,0.07696675509214401
1789323236450966000,43.14896606445313,-0.06352811306715012,-0.13438639044761658,-0.12766708433628082
1789323236469815600,43.16781567382812,-0.038483377546072006,-0.1313321590423584,-0.3903313875198364
1789323236488665300,43.186665283203126,0.004886778071522713,-0.0653606578707695,-0.5265503525733948
1789323236507515100,43.20551513671875,0.09895725548267365,-0.07635590434074402,-0.5094466209411621
1789323236526365000,43.22436499023438,0.18691925704479218,-0.22845686972141266,-0.3927747905254364
1789323236545214700,43.243214599609374,0.17836740612983704,-0.06780404597520828,-0.20707722008228302
1789323236564064500,43.262064453125,0.1820324808359146,0.182643324136734,-0.042759306728839874
1789323236582914300,43.280914306640625,0.21318569779396057,-0.03420744836330414,0.020157959312200546
1789323236601764000,43.29976416015625,0.21196399629116058,-0.35795649886131287,0.036039989441633224
1789323236620614000,43.31861376953125,0.14721418917179108,-0.46241137385368347,0.023212196305394173
1789323236639463700,43.33746362304687,0.02870982140302658,-0.3017585575580597,-0.054365407675504684
1789323236658313500,43.3563134765625,-0.021990500390529633,0.13682979345321655,-0.12400199472904205
1789323236677163300,43.375163330078124,0.02076880633831024,0.5473191738128662,-0.036039989441633224
1789323236696012800,43.3940126953125,-0.03298575058579445,0.5363239049911499,0.0787992998957634
1789323236714862600,43.41286254882812,-0.1960819661617279,0.17225892841815948,-0.021379653364419937
1789323236733712400,43.43171240234375,-0.288930743932724,0.12522368133068085,-0.15149012207984924
1789323236752562200,43.450562255859374,-0.24433889985084534,0.41476529836654663,-0.1948602795600891
1789323236771412000,43.46941186523438,-0.08429691940546036,0.7055285573005676,-0.22051586210727692
1789323236790261800,43.48826171875,0.023212196305394173,0.9651386737823486,-0.28221142292022705
1789323236809111600,43.50711157226562,-0.031153209507465363,0.7000309824943542,-0.024433890357613564
1789323236827961300,43.52596142578125,-0.18081079423427582,-0.7043069005012512,0.21440738439559937
1789323236846811100,43.54481103515625,-0.10323318839073181,-0.9877400398254395,0.21746163070201874
1789323236865661000,43.563660888671876,-0.32374903559684753,-0.7598940134048462,0.10689827054738998
1789323236884510700,43.5825107421875,-0.5949652194976807,-0.5161659121513367,0.062306419014930725
