time,seconds_elapsed,z,y,x
1790096749765576448,0.174576416015625,8.7505521774292,3.986143350601196,1.4676976203918457
1790096749775576576,0.18457641601562502,8.311352822223077,3.755687695079859,1.7964876291372798
1790096749785576448,0.19457641601562503,7.813877619192778,3.4659417271706694,2.128430435985397
1790096749795576576,0.20457641601562504,7.527985235394391,3.3243429270173737,2.2651648494500827
1790096749805576448,0.21457641601562505,7.551346255151512,3.3791353188410738,2.086048496840869
1790096749815576576,0.22457641601562506,7.80809165497105,3.612841071518384,1.6377464027622846
1790096749825576448,0.23457641601562507,8.144689300955038,3.8431857947332517,1.1560156626995877
1790096749835576576,0.24457641601562508,8.418855179792143,3.9181251521741736,0.8337402306932215
1790096749845576448,0.2545764160156251,8.577873064785603,3.8911245565036516,0.6445069554586281
1790096749855576576,0.2645764160156251,8.657049858907557,3.818242988634342,0.5376552327005072
1790096749865576448,0.2745764160156251,8.76695240917863,3.7162930320748626,0.4789752050967942
1790096749875576576,0.2845764160156251,9.052979122863436,3.6638646512094417,0.4589105174792544
1790096749885576448,0.2945764160156251,9.54978055561247,3.7194821336978903,0.4450971242153281
1790096749895576576,0.30457641601562513,9.98107935468349,3.825362616172437,0.41407800730358213
1790096749905576448,0.31457641601562514,10.114710291615735,3.849398127790252,0.40300190903398836
1790096749915576576,0.32457641601562515,9.99576936905912,3.6638311474742706,0.5289710485148857
1790096749925576448,0.33457641601562516,9.712913699670018,3.3525170819866146,0.8113260578967212
1790096749935576576,0.34457641601562516,9.405742929135595,3.126573582005042,1.0695292620585894
1790096749945576448,0.3545764160156252,9.317038009463737,3.1344667248576483,1.1057308946239959
1790096749955576576,0.3645764160156252,9.288152383479758,3.2990931030753634,0.958143504488437
1790096749965576448,0.3745764160156252,9.157055552993562,3.433509880739821,0.7736275209274244
1790096749975576576,0.3845764160156252,9.053767092022305,3.4422709712337496,0.7095063769564177
1790096749985576448,0.3945764160156252,8.927423381091598,3.397710125082803,0.760395259738746
1790096749995576576,0.4045764160156252,8.684041862273395,3.3708787372823563,0.90215077432873
1790096750005576448,0.4145764160156252,8.369194116743072,3.4315178789767686,1.0518211161062188
1790096750015576576,0.42457641601562524,8.124297818598873,3.5668203097821642,1.1502731436909528
1790096750025576448,0.43457641601562524,8.02078437197551,3.7473147390790986,1.1392579315055114
1790096750035576576,0.44457641601562525,8.11213993437085,3.9465171411351805,1.028639342957162
1790096750045576448,0.45457641601562526,8.339607141897904,4.0940130110069335,0.8991313347841507
1790096750055576576,0.46457641601562527,8.476343485387204,4.134638972624622,0.8330729060161167
1790096750065576448,0.4745764160156253,8.443279234988179,4.073679542640303,0.959977183608129
1790096750075576576,0.4845764160156253,8.302630272202084,3.962757279466522,1.2645573188525034
1790096750085576448,0.4945764160156253,8.150047073343504,3.9185181786159418,1.504181854754347
1790096750095576576,0.5045764160156253,8.309384905329614,4.035396533111071,1.3928399600953143
1790096750105576448,0.5145764160156253,8.532917801946658,4.2087783443961735,1.0339525117154047
1790096750115576576,0.5245764160156253,8.551533703753252,4.236534232097374,0.7509091967981937
1790096750125576448,0.5345764160156253,8.378187154124886,4.1894131186822845,0.5994001493451848
1790096750135576576,0.5445764160156253,8.14572646574046,4.1704621144571155,0.527350370438104
1790096750145576448,0.5545764160156254,8.029408116996429,4.237767674150448,0.6077469822132302
1790096750155576576,0.5645764160156254,8.175560527018154,4.359769260771263,0.8565271709837372
1790096750165576448,0.5745764160156254,8.558730283409677,4.528231436352267,1.1415915106714438
1790096750175576576,0.5845764160156254,9.137442811126826,4.637241527567451,1.3257348385820744
1790096750185576448,0.5945764160156254,9.699454750048604,4.647395124969182,1.447384026994034
1790096750195576576,0.6045764160156254,10.086922884938398,4.560171109152341,1.5045073707497079
1790096750205576448,0.6145764160156254,10.283717902148636,4.396305148854881,1.3785690861313094
1790096750215576576,0.6245764160156254,10.145323582016147,4.26410293249362,1.140617900129843
1790096750225576448,0.6345764160156254,9.73185757870173,4.219998112214917,0.9205628536702675
1790096750235576576,0.6445764160156254,9.27887550786837,4.228500509777072,0.7594859113763817
1790096750245576448,0.6545764160156254,8.897844134219067,4.256951732583137,0.6713748328064101
1790096750255576576,0.6645764160156254,8.646738294528811,4.2921111080690375,0.6420131124785688
1790096750265576448,0.6745764160156255,8.561169330001158,4.352951776508968,0.5617977758842932
1790096750275576576,0.6845764160156255,8.625770944280818,4.481918182712918,0.42589457324326857
1790096750285576448,0.6945764160156255,8.740808354594865,4.58625483850036,0.3373286254663467
1790096750295576576,0.7045764160156255,8.806188025979285,4.544010112386319,0.3378741348488484
1790096750305576448,0.7145764160156255,8.808992094204417,4.345222305158531,0.41804367895186767
1790096750315576576,0.7245764160156255,8.711500186964123,4.146863892585292,0.5114778118815773
1790096750325576448,0.7345764160156255,8.53556765518569,4.1251262994805655,0.5526908040556129
1790096750335576576,0.7445764160156255,8.389860079048267,4.25730406187632,0.5614913608999456
1790096750345576448,0.7545764160156255,8.336435616511922,4.421224752082189,0.5931526906874254
1790096750355576576,0.7645764160156255,8.465791915680157,4.524673712003485,0.7340021174270899
1790096750365576448,0.7745764160156255,8.791038284212856,4.523106581211953,0.9814725232414698
1790096750375576576,0.7845764160156256,9.21126551671463,4.446751713805228,1.1935313482211285
1790096750385576448,0.7945764160156256,9.605426980196205,4.351671276422016,1.2739074372031283
1790096750395576576,0.8045764160156256,9.816349875077911,4.23127413611126,1.2153313636100482
1790096750405576448,0.8145764160156256,9.814186605002131,4.104086284941742,1.0733781609883761
1790096750415576576,0.8245764160156256,9.641718743907104,3.990849806401572,0.9416470563355129
1790096750425576448,0.8345764160156256,9.33452360167917,3.943266216200473,0.8867946791362389
1790096750435576576,0.8445764160156256,9.01687589110378,3.9596428768525533,0.9454019086436946
1790096750445576448,0.8545764160156256,8.831657553670077,4.025083802988175,1.037015805862573
1790096750455576576,0.8645764160156256,8.933942939810882,4.0904611664735215,1.1207774930621448
1790096750465576448,0.8745764160156256,9.249402877195287,4.075096293314018,1.2456179107159675
1790096750475576576,0.8845764160156256,9.533959039521644,3.987256733662901,1.3770799158089457
1790096750485576448,0.8945764160156257,9.685548410842708,3.900434463990072,1.476163745911355
1790096750495576576,0.9045764160156257,9.652744704880277,3.825975677133519,1.6109138375621002
1790096750505576448,0.9145764160156257,9.416327019449136,3.768269445031022,1.7082540304510763
1790096750515576576,0.9245764160156257,9.022909606759674,3.8547904669389568,1.729431488099602
1790096750525576448,0.9345764160156257,8.622166318266778,3.9711707828792773,1.7446620125107521
1790096750535576576,0.9445764160156257,8.308111255016371,3.9302367252131436,1.6762357356170932
1790096750545576448,0.9545764160156257,8.07894908044693,3.8631041692763017,1.5262884746135303
1790096750555576576,0.9645764160156257,7.751571634821654,3.830436986309663,1.4404830347963657
1790096750565576448,0.9745764160156257,7.3172359020355024,3.7219675982156737,1.252596356390112
1790096750575576576,0.9845764160156257,7.059052887250871,3.628110450481968,0.9767800980503737
1790096750585576448,0.9945764160156257,7.180936527141058,3.5795050053916326,0.6590200005124496
1790096750595576576,1.0045764160156256,7.584956371318969,3.635959923571483,0.571273092107651
1790096750605576448,1.0145764160156259,8.183301071232835,3.7365556699467977,0.6327677690012294
1790096750615576576,1.0245764160156257,8.60762372358247,3.918888722468352,0.530274492745492
1790096750625576448,1.0345764160156259,8.824468231645788,4.0014548180418865,0.44848909972862394
1790096750635576576,1.0445764160156257,8.890612168597354,4.020203327928854,0.33930481748702046
1790096750645576448,1.054576416015626,8.710837999493865,4.053220988647551,0.15205321994981916
1790096750655576576,1.0645764160156257,8.372489289357356,4.1192524432703825,-0.0009398143287500937
1790096750665576448,1.074576416015626,8.076045354948338,4.215230477408907,-0.009664872422426689
1790096750675576576,1.0845764160156257,7.825836977879994,4.269511885367731,0.09758435284253864
1790096750685576448,1.094576416015626,7.560041970187289,4.2654835086908545,0.29698209425380284
1790096750695576576,1.1045764160156257,7.21699330202192,4.218783649735049,0.557449492311228
1790096750705576448,1.114576416015626,6.900657733614879,4.143976397910774,0.8670895658636365
1790096750715576576,1.1245764160156257,6.8068437574318015,3.900206492328257,1.1995572511191475
1790096750725576448,1.134576416015626,7.057623580099343,3.440785537841352,1.4503027850454397
1790096750735576576,1.1445764160156258,7.557403465531474,2.9317620588297584,1.6053825747157668
1790096750745576448,1.154576416015626,7.977311052187713,2.439668188055282,1.7129558441982426
1790096750755576576,1.1645764160156258,8.109407296316189,1.9191673203986976,1.795613062853823
1790096750765576448,1.174576416015626,7.937010977886993,1.2728389786727488,1.9017112879192382
1790096750775576576,1.1845764160156258,7.865118524948585,0.8598690361533142,1.942065832618591
1790096750785576448,1.194576416015626,8.083933924490049,0.7814717020643073,1.7378125709425016
1790096750795576576,1.2045764160156258,8.31951307372334,0.9223737185095903,1.3765230010995073
1790096750805576448,1.214576416015626,7.786537786268599,0.7951153398921079,1.4398763976309332
1790096750815576576,1.2245764160156258,6.928602474213124,0.3878828162859412,1.7826931180283245
1790096750825576448,1.234576416015626,7.336847295986243,0.5816255849341585,1.068925157760016
1790096750835576576,1.2445764160156259,8.129963666594323,1.4161369121930778,-0.36756092749935365
1790096750845576448,1.254576416015626,7.962269574037065,2.121962304246373,-1.4662023923394978
1790096750855576576,1.2645764160156259,7.357996336992787,2.0441681871120863,-2.1755520600310616
1790096750865576448,1.274576416015626,6.90249635026538,1.256687865788829,-2.5570548800414628
1790096750875576576,1.2845764160156259,6.832915538526426,0.24957819047814034,-2.6835565749978576
1790096750885576448,1.2945764160156261,6.87783145052407,-0.45600809587146357,-2.8371491989844224
1790096750895576576,1.304576416015626,6.9209847328237455,-0.6946817302944839,-2.8827713134714266
1790096750905576448,1.3145764160156261,6.407861423092227,-0.7626824862291232,-2.757057470305978
1790096750915576576,1.324576416015626,5.723287372228935,-0.8018147202287255,-2.5431314603588944
1790096750925576448,1.3345764160156262,5.62924872968702,-0.9085626775753703,-2.2936835236266413
1790096750935576576,1.344576416015626,5.4069572516849345,-1.163831581498152,-2.173051758466026
1790096750945576448,1.3545764160156262,4.602641986705584,-1.5512482314347407,-2.11405873298645
1790096750955576576,1.364576416015626,3.96750008048164,-1.8602148863557684,-1.9881677958259063
1790096750965576448,1.3745764160156262,5.624647865891916,-2.4555899314968723,-1.3527220049269224
1790096750975576576,1.384576416015626,7.230088735015848,-3.691895349579763,-0.6553607102495624
1790096750985576448,1.3945764160156262,7.844456550776278,-4.725957203854973,-0.35666630742388633
1790096750995576576,1.404576416015626,8.494901803301168,-5.135031978881063,-0.3769412529561015
1790096751005576448,1.4145764160156262,8.761426379093397,-5.354505359258932,-0.5323726169666739
1790096751015576576,1.424576416015626,8.884001125597425,-5.760990238335479,-0.570074153562105
1790096751025576448,1.4345764160156262,9.08484792680949,-6.228801793366275,-0.6152931922632773
1790096751035576576,1.444576416015626,9.32477329027405,-6.337935030877169,-1.0117287411973728
1790096751045576448,1.4545764160156263,9.655367214181883,-5.9780972853909455,-1.5665261167206228
1790096751055576576,1.464576416015626,10.005907956248098,-6.008820603108793,-1.8937715698531792
1790096751065576448,1.4745764160156263,10.34501401407776,-6.5605211151598235,-2.0977630901517217
1790096751075576576,1.484576416015626,10.380457303072768,-6.800832358195029,-2.4162156483330395
1790096751085576448,1.4945764160156263,10.00181940919553,-6.8289260545634285,-2.7347970892785884
1790096751095576576,1.504576416015626,9.761000763628758,-7.327925158906756,-3.262842777500328
1790096751105576448,1.5145764160156263,11.854365791049437,-7.592833625205,-4.324797233575914
1790096751115576576,1.524576416015626,20.252275501498637,-6.963560782298631,-6.349463881561195
1790096751125576448,1.5345764160156263,21.992011030756608,-6.45168978575566,-7.293778601826687
1790096751135576576,1.5445764160156261,19.284099371276582,-5.157070465712631,-7.070210780173579
1790096751145576448,1.5545764160156264,15.739872177664827,-3.855743300871102,-6.641886670143984
1790096751155576576,1.5645764160156261,12.951337410073219,-3.699704090657546,-5.913299324789551
1790096751165576448,1.5745764160156264,10.243908213012617,-5.183738039528797,-5.099111863190311
1790096751175576576,1.5845764160156262,7.7320627306404734,-6.929287612572667,-4.89849017611233
1790096751185576448,1.5945764160156264,5.8114014305292585,-7.648756027481064,-5.294091016008697
1790096751195576576,1.6045764160156262,4.2410875334326725,-7.769434819595709,-6.255387216959373
1790096751205576448,1.6145764160156264,3.306480581414333,-7.96693828832035,-7.5390965419694105
1790096751215576576,1.6245764160156262,3.203512452747912,-8.33050327019949,-8.792193392934815
1790096751225576448,1.6345764160156264,2.1993659260560827,-8.681978691417495,-9.409808738775954
1790096751235576576,1.6445764160156262,1.950602089922464,-8.526966892914334,-10.065655866118487
1790096751245576448,1.6545764160156264,3.1568615220977847,-8.114363546622625,-10.59907032361604
1790096751255576576,1.6645764160156262,3.346622656758181,-7.820562967883894,-9.777314091669695
1790096751265576448,1.6745764160156265,2.946301751560429,-7.287915464986455,-8.796212516493139
1790096751275576576,1.6845764160156262,4.147503399571235,-7.116984089048828,-7.801890937209373
1790096751285576448,1.6945764160156265,5.449251930436747,-6.751044304164385,-7.939061877907461
1790096751295576576,1.7045764160156263,6.569399095866732,-6.20740152979305,-9.86954361433319
1790096751305576448,1.7145764160156265,7.472535909318354,-5.488254425100083,-13.030417732302483
1790096751315576576,1.7245764160156263,8.176501531540069,-4.637668453258516,-15.47794234593053
1790096751325576448,1.7345764160156265,9.144190738178512,-3.7219989695830065,-15.798901243719255
1790096751335576576,1.7445764160156263,9.856445201596202,-2.704388632313555,-14.50624582833539
1790096751345576448,1.7545764160156265,9.51539693917696,-1.7684918862764178,-13.20332682827071
1790096751355576576,1.7645764160156263,8.20584842593143,-1.214588443539013,-12.100332483168616
1790096751365576448,1.7745764160156265,6.8837343266328945,-1.1738632741045003,-10.480503579638134
1790096751375576576,1.7845764160156263,6.325243401029049,-1.4808903131750724,-8.47498080754556
1790096751385576448,1.7945764160156266,6.242051425166271,-1.6109608508796536,-7.37579518441883
1790096751395576576,1.8045764160156264,6.030189959208137,-1.5922661949087027,-7.729541693793478
1790096751405576448,1.8145764160156266,5.441921032693579,-1.866256346507746,-8.589439708837016
1790096751415576576,1.8245764160156264,4.709341707330802,-2.4827676766897087,-9.70951772638944
1790096751425576448,1.8345764160156266,4.131098577567395,-2.997984330478956,-10.175455977331325
1790096751435576576,1.8445764160156264,3.40682867015385,-3.024222879123826,-10.344911801762773
1790096751445576448,1.8545764160156266,2.9365122378166078,-3.752484612254037,-9.334210797190641
1790096751455576576,1.8645764160156264,3.3070953152576283,-5.213597396985376,-6.748698388114823
1790096751465576448,1.8745764160156266,3.997600357144326,-4.396042172291021,-5.630663666759191
1790096751475576576,1.8845764160156264,4.343326013761208,-3.3799815232879804,-6.828582500830329
1790096751485576448,1.8945764160156267,4.355885781464197,-4.648513816927685,-6.762970755387507
1790096751495576576,1.9045764160156264,3.6279136991293313,-4.7091441444082065,-6.415101778090006
1790096751505576448,1.9145764160156267,3.9055239912323767,-5.031476029606595,-5.152174621766903
1790096751515576576,1.9245764160156265,4.383264203032202,-5.644802749204893,-3.565876759520763
1790096751525576448,1.9345764160156267,4.433274632743136,-6.751440917172871,-2.305487320530436
1790096751535576576,1.9445764160156265,5.123729382361697,-8.174295983392525,-1.6149917975727304
1790096751545576448,1.9545764160156267,5.485688003181337,-7.957717797129395,-2.028533161271674
1790096751555576576,1.9645764160156265,4.5872354524116865,-7.516991278986282,-3.0796134989350517
1790096751565576448,1.9745764160156267,4.444935335541161,-8.736207204938523,-2.9791946476587894
1790096751575576576,1.9845764160156265,3.8945107259522413,-10.180404034778887,-2.410576997506237
1790096751585576448,1.9945764160156267,3.3609434203823176,-10.78029579630921,-1.6420873310782906
1790096751595576576,2.0045764160156265,3.786163694445942,-11.286155746871877,-0.6719195578327889
1790096751605576448,2.0145764160156268,4.1098356172109005,-11.93175634807164,0.09315774529639152
1790096751615576576,2.0245764160156265,4.2535392302177275,-12.240065453491635,0.20187619588839334
1790096751625576448,2.0345764160156268,4.225926026033145,-12.75542960940409,-1.2744743028684162
1790096751635576576,2.0445764160156266,4.732029260478604,-13.30059836322113,-3.887861463216425
1790096751645576448,2.054576416015627,6.0086107684555605,-13.511235104852055,-6.6994320277387525
1790096751655576576,2.0645764160156266,7.562574901409628,-13.370976021053231,-9.182546025750966
1790096751665576448,2.074576416015627,8.818167605695056,-13.043993759258937,-10.930958613350269
1790096751675576576,2.0845764160156266,9.31449083280331,-12.230081999372748,-11.443033725972667
1790096751685576448,2.094576416015627,8.975826746674308,-10.9270727520871,-10.860011296982101
1790096751695576576,2.1045764160156266,8.218818724348253,-8.965879359613822,-9.993087781027816
1790096751705576448,2.114576416015627,7.062577421249391,-7.061104844351618,-8.915341689295596
1790096751715576576,2.1245764160156266,6.034670513396248,-5.987445587477067,-7.77662438740661
1790096751725576448,2.134576416015627,5.0571150344392795,-5.4824134278156444,-6.621053219607029
1790096751735576576,2.1445764160156267,4.7055370950290865,-5.299951770755771,-5.666058646233815
1790096751745576448,2.154576416015627,4.909556443243466,-4.995266377893379,-4.901132690715253
1790096751755576576,2.1645764160156267,5.339575297312207,-4.622727569838028,-4.083392833785791
1790096751765576448,2.174576416015627,5.974912481506666,-4.6692220171068595,-3.5141802128517265
1790096751775576576,2.1845764160156267,6.450523081058293,-5.914304957264501,-3.522238118514411
1790096751785576448,2.194576416015627,7.191327518330205,-7.062611462553739,-4.119800469293206
1790096751795576576,2.204576416015627,8.467801474304839,-7.205277752084119,-5.359113139103191
1790096751805576448,2.214576416015627,8.865896161721745,-7.56983647784416,-6.279543334124103
1790096751815576576,2.2245764160156267,8.779881801677734,-7.839214548098483,-6.213103616372469
1790096751825576448,2.234576416015627,7.439160775719262,-7.520653019028833,-5.535049984459959
1790096751835576576,2.244576416015627,5.485092868338213,-6.486387094265042,-4.76526167613029
1790096751845576448,2.254576416015627,4.5174921545665025,-5.061136955196809,-4.057316963586484
1790096751855576576,2.2645764160156268,5.834024396211947,-1.2594554091419337,-2.8767283750341535
1790096751865576448,2.274576416015627,7.712236878749463,0.13433142056454964,-2.529335506207338
1790096751875576576,2.284576416015627,9.208023353563128,-0.9606954897666433,-3.0281116993062405
1790096751885576448,2.294576416015627,9.541686730884896,-2.52232574584841,-3.667183201313957
1790096751895576576,2.304576416015627,8.636866677554698,-3.6105518613811025,-4.518946157703925
1790096751905576448,2.314576416015627,8.050297834857204,-4.487544948034307,-5.104691277196177
1790096751915576576,2.3245764160156273,5.501158440005841,2.5492107046751884,-6.316897077094362
1790096751925576448,2.334576416015627,5.5940284266622715,2.352023901118898,-6.388723579560873
1790096751935576576,2.344576416015627,8.223257581978485,-4.8150167782106585,-6.906769150476114
1790096751945576448,2.354576416015627,7.9469330228014785,-4.706823695965406,-9.253741108761146
1790096751955576576,2.3645764160156273,7.658606181062139,-2.7696778548747694,-10.462716117568455
1790096751965576448,2.374576416015627,8.637240154408635,-2.2524304221563045,-10.384370714371132
1790096751975576576,2.384576416015627,9.92112194236764,-1.6451771378513098,-9.73914430690443
1790096751985576448,2.394576416015627,10.449096070877228,-1.9999703121262211,-8.741004790607425
1790096751995576576,2.4045764160156273,9.934325895338631,-3.7607166122158113,-7.478646370139883
1790096752005576448,2.414576416015627,9.126746934195703,-5.742318983422453,-7.035573328585866
1790096752015576576,2.424576416015627,8.373557787304478,-7.6215743117495265,-7.4122263268899236
1790096752025576448,2.434576416015627,8.179646982982055,-8.471654267662048,-7.627828883129387
1790096752035576576,2.4445764160156274,8.487881135176192,-8.728560601447617,-6.840197207855763
1790096752045576448,2.454576416015627,7.811995129238048,-9.597145681275215,-4.252170738732411
1790096752055576576,2.464576416015627,7.437930790664329,-8.104578870470776,-4.0993170212367245
1790096752065576448,2.474576416015627,7.131078772727451,-7.1194869240247645,-4.015319732287004
1790096752075576576,2.4845764160156274,7.524481123913955,-7.152828319722517,-3.0345741697456594
1790096752085576448,2.494576416015627,6.879948352397266,-6.236968126914542,-2.0613361938193098
1790096752095576576,2.504576416015627,7.168739855953262,-5.336226262356952,-2.241909839735923
1790096752105576448,2.514576416015627,6.992054786104029,-4.576543838661029,-2.560217262926061
1790096752115576576,2.5245764160156274,6.378987957575703,-4.412736137358,-2.569877537127034
1790096752125576448,2.534576416015627,5.5693139271856875,-3.899715640328029,-2.7508710331016637
1790096752135576576,2.544576416015627,5.498015915313346,-3.191124216838796,-2.8758173646781584
1790096752145576448,2.5545764160156272,6.595665944743683,-2.067071989903169,-3.1369520663227792
1790096752155576576,2.5645764160156275,7.669344670461778,-1.2063380303152451,-3.3999614067477313
1790096752165576448,2.5745764160156273,7.745371861026717,-0.5285029840016839,-3.634688125932495
1790096752175576576,2.584576416015627,6.775351672702101,-0.08813805087944987,-3.503276110658669
1790096752185576448,2.5945764160156273,5.653838526862446,-0.2526371243167986,-3.1311540892930325
1790096752195576576,2.6045764160156275,5.939726944465379,-1.062811164717647,-2.2728405239776275
1790096752205576448,2.6145764160156273,7.096611735630187,-0.6021678707798053,-2.4209562820502395
1790096752215576576,2.624576416015627,8.719422589278404,0.7643286452425315,-3.308964846113438
1790096752225576448,2.6345764160156273,9.440644330193837,1.3451211836439816,-4.097486925175939
1790096752235576576,2.6445764160156275,9.705088399222042,0.8903232568076537,-5.010541385273421
1790096752245576448,2.6545764160156273,8.471376832475505,0.3116270597171732,-6.159366600861484
1790096752255576576,2.664576416015627,6.109428574093027,0.06039749805827482,-6.8556429388238875
1790096752265576448,2.6745764160156273,4.234419283143531,-0.5508178727305487,-6.810973412055884
1790096752275576576,2.6845764160156276,4.205570271000958,-1.5331684534268901,-5.85146819130204
1790096752285576448,2.6945764160156274,4.8146254560241415,-1.3172652132118707,-4.843921020406611
1790096752295576576,2.704576416015627,6.742962290359474,-1.0784704565944283,-3.4099977772191523
1790096752305576448,2.7145764160156274,8.684588612347248,-1.2021128955980462,-2.92922022894655
1790096752315576576,2.7245764160156276,8.563401697460327,-0.7250919046023019,-3.0862659303428392
1790096752325576448,2.7345764160156274,7.531860784372504,-0.04779093929579126,-3.4943912868990457
1790096752335576576,2.744576416015627,6.272061302316308,0.2192259648326199,-3.745730432318385
1790096752345576448,2.7545764160156274,5.044260617705192,0.17878742052139152,-4.289065506136756
1790096752355576576,2.7645764160156276,5.527949322829738,1.2022033280380882,-8.006439210405846
1790096752365576448,2.7745764160156274,7.232820238823887,-0.2306792656310488,-8.09803193322686
1790096752375576576,2.784576416015627,9.73336868819715,-0.7017430681448946,-6.777008988751383
1790096752385576448,2.7945764160156275,11.335022713692474,0.16188399630760308,-5.677116869891905
1790096752395576576,2.8045764160156277,9.221564747513826,0.31924967043312674,-5.002212050466907
1790096752405576448,2.8145764160156275,6.168453062266936,-0.1877720335895677,-5.297082506079938
1790096752415576576,2.8245764160156273,6.196553127931223,-0.01074566479165888,-5.557621208858459
1790096752425576448,2.8345764160156275,8.212823261853128,0.4233101062533379,-5.693771411556768
1790096752435576576,2.8445764160156277,9.20927260209835,0.5498413481323438,-4.793821577041998
1790096752445576448,2.8545764160156275,8.663205354833483,0.017122817719826128,-2.5777193670709346
1790096752455576576,2.8645764160156273,6.961962229795657,-0.5704859918618359,-1.6433791085124485
1790096752465576448,2.8745764160156275,5.217318696830397,-1.0436360420119986,-2.159872516762716
1790096752475576576,2.8845764160156278,4.762264693855748,-0.9073114382419993,-3.3025130074219167
1790096752485576448,2.8945764160156275,5.660866219403072,-0.7039748797976343,-3.6026844928313677
1790096752495576576,2.9045764160156273,6.945461588310509,-0.5250386369585351,-2.8324411685010302
1790096752505576448,2.9145764160156276,7.099649062162352,-0.8411527014766065,-0.4500421018726932
1790096752515576576,2.924576416015628,6.875606164188746,-1.3188207007542334,1.8142610984223138
1790096752525576448,2.9345764160156276,7.708989537008586,-0.6500571046635425,-0.7092181928628603
1790096752535576576,2.9445764160156274,8.234694792925499,-1.6173123848743984,-3.9738422293439593
1790096752545576448,2.9545764160156276,8.551257368734664,-3.327845143727031,-5.794828010330177
1790096752555576576,2.964576416015628,9.132161188308563,-3.8198350346745316,-6.105447441027728
1790096752565576448,2.9745764160156276,9.67478290277276,-2.906099720477775,-5.989469928440021
1790096752575576576,2.9845764160156274,9.837036258931299,-2.3832400137821383,-5.662794656909141
1790096752585576448,2.9945764160156276,8.388663096019279,-2.75589798827583,-5.507470815549283
1790096752595576576,3.004576416015628,7.894649720432575,-2.811439737647149,-4.6539027320011
1790096752605576448,3.0145764160156276,7.722391547183939,-1.9234051353539998,-3.264600560047625
1790096752615576576,3.0245764160156274,8.794486571616822,-1.5967220751721727,-0.9627714368310396
1790096752625576448,3.0345764160156277,9.101631159462704,-1.3709025856641373,-0.0880362045821872
1790096752635576576,3.044576416015628,8.884818911706617,-2.2811262320748185,-2.3314843626420885
1790096752645576448,3.0545764160156277,8.07916479255679,-3.534406869519332,-4.053107388039294
1790096752655576576,3.0645764160156275,7.692497381463773,-4.976798642599121,-3.239685281172852
1790096752665576448,3.0745764160156277,8.557322060841162,-5.354773296255574,-2.2780246384140783
1790096752675576576,3.084576416015628,10.032104613564691,-5.645657781787903,-2.239856065236635
1790096752685576448,3.0945764160156277,10.89082034688283,-6.221312480823904,-2.4013258472127963
1790096752695576576,3.1045764160156275,10.881501403438651,-6.658165268518847,-2.5610994788422623
1790096752705576448,3.1145764160156277,9.87270108298238,-7.019028507262502,-3.424642899595451
1790096752715576576,3.124576416015628,8.483785871210406,-6.880143513613992,-3.881591452523597
1790096752725576448,3.1345764160156278,7.417879344792775,-6.687162938742256,-3.1699940919633987
1790096752735576576,3.1445764160156275,7.789922402455521,-5.859907196321975,-2.7273053586991303
1790096752745576448,3.1545764160156278,8.815358830913803,-5.56139405835605,-2.3477109555570346
1790096752755576576,3.164576416015628,9.607568121874158,-5.621716478692373,-2.61941440059587
1790096752765576448,3.174576416015628,9.75922378408115,-6.495129544177688,-3.5358316292946816
1790096752775576576,3.1845764160156276,9.246973826821057,-8.05945524809194,-4.351786143592634
1790096752785576448,3.194576416015628,9.412297375623043,-9.39794580897701,-4.856453550627376
1790096752795576576,3.204576416015628,8.88977416899783,-8.799397123529737,-4.637790851140705
1790096752805576448,3.214576416015628,7.834692481686902,-8.04215419345222,-3.837519128154912
1790096752815576576,3.2245764160156276,6.941200735679321,-7.149284356469625,-3.4443556004718965
1790096752825576448,3.234576416015628,6.76199804462632,-6.38102264617935,-3.2084821545437903
1790096752835576576,3.244576416015628,6.332599703913597,-6.047759116432259,-2.551669587010835
1790096752845576448,3.254576416015628,5.516887322508312,-6.318409659405649,-1.6592700974847459
1790096752855576576,3.2645764160156276,5.2960618770483725,-7.191073001403897,-1.5527162431466848
1790096752865576448,3.274576416015628,5.909179386103975,-8.068872636856213,-2.012052634345987
1790096752875576576,3.284576416015628,7.110628779243437,-8.859574159015471,-2.144672822113744
1790096752885576448,3.294576416015628,8.149378567191771,-9.059400641439657,-2.3431794947832514
1790096752895576576,3.3045764160156277,8.619184969954167,-8.868719208246421,-2.2983441322711413
1790096752905576448,3.314576416015628,8.441446714381092,-6.615759248597714,-2.519972007887868
1790096752915576576,3.324576416015628,7.0280760141679055,-2.5109627231130713,-2.577653897725067
1790096752925576448,3.334576416015628,6.11889264369425,0.5009554483401637,-2.0682055345644224
1790096752935576576,3.3445764160156277,7.873248230155006,0.5118063480853453,-2.3627638653998173
1790096752945576448,3.354576416015628,9.53903430242592,-1.801975513863434,-2.6050999599417537
1790096752955576576,3.364576416015628,9.301720535568743,-4.609837826617096,-2.845022830098488
1790096752965576448,3.374576416015628,8.601093626800225,-6.5478712107479025,-3.193785797688361
1790096752975576576,3.3845764160156278,8.600753492107671,-7.689674671786079,-3.8281591258491288
1790096752985576448,3.394576416015628,9.386476929576894,-8.0560177694387,-4.45613875716012
1790096752995576576,3.404576416015628,9.875632091434351,-8.409561452393962,-4.5919006792753425
1790096753005576448,3.414576416015628,9.335031327165877,-8.393924531938804,-3.9518136152626093
1790096753015576576,3.424576416015628,8.388946101998116,-8.437856507077221,-3.1265452470641604
1790096753025576448,3.434576416015628,8.005121156101609,-8.023216906510083,-2.963028203505553
1790096753035576576,3.4445764160156283,7.430594391837542,-7.461520615899811,-2.817777643577628
1790096753045576448,3.454576416015628,6.7725015091284595,-7.0357978994116275,-2.748356420718202
1790096753055576576,3.464576416015628,6.7454588778042694,-6.4000018038897055,-3.1188538300119273
1790096753065576448,3.474576416015628,7.208976017055329,-5.951082924264412,-3.5554190925319937
1790096753075576576,3.4845764160156283,7.616889407306954,-6.091397414137291,-3.3270515108810192
1790096753085576448,3.494576416015628,7.9903270846173,-6.767120963901772,-2.6426390616640556
1790096753095576576,3.504576416015628,8.475861457596453,-7.2382509567374544,-2.231375654676405
1790096753105576448,3.514576416015628,8.8987554913264,-7.340595583408034,-2.4526168881783086
1790096753115576576,3.5245764160156283,8.96259388425936,-6.943513379396894,-2.861566282096815
1790096753125576448,3.534576416015628,8.803353420134153,-6.413274015439632,-3.14305429610896
1790096753135576576,3.544576416015628,8.376657653923058,-6.092025992599193,-3.284661719077174
1790096753145576448,3.554576416015628,7.921312602279815,-5.929085500553161,-3.25586845156584
1790096753155576576,3.5645764160156284,7.403853902838807,-5.916047279132672,-3.0678813153305198
1790096753165576448,3.574576416015628,6.939344014269445,-5.786304917357293,-2.7487355209489426
1790096753175576576,3.584576416015628,6.801017331371845,-5.192656453600137,-2.763312521701123
1790096753185576448,3.594576416015628,6.652896512403727,-4.655273303007314,-2.9212960190490707
1790096753195576576,3.6045764160156284,6.507190839134592,-4.549447943132417,-2.9390313581863317
1790096753205576448,3.614576416015628,6.789329822898628,-4.452709965541342,-3.1674409961375276
1790096753215576576,3.624576416015628,7.25329238880451,-4.635897334609834,-3.3362749535913614
1790096753225576448,3.634576416015628,7.687551646474624,-4.9082011254233215,-3.293242254573539
1790096753235576576,3.6445764160156284,7.950217283292005,-5.151847097116264,-3.0825218980044613
1790096753245576448,3.654576416015628,8.064231796430722,-5.364883657015409,-2.9836025156217074
1790096753255576576,3.664576416015628,8.366054586386104,-5.282214490570281,-3.5007292727505455
1790096753265576448,3.6745764160156282,8.668447904000669,-5.165332203857903,-4.049984075229626
1790096753275576576,3.6845764160156285,8.693505982166373,-5.272589471079563,-4.118841977939541
1790096753285576448,3.6945764160156283,8.964063594144472,-5.341319800349495,-3.93988702896801
1790096753295576576,3.704576416015628,9.673738223776605,-5.159019042579041,-3.993347995947172
1790096753305576448,3.7145764160156283,10.282735067870062,-4.853611371406601,-4.106646075146167
1790096753315576576,3.7245764160156285,10.351451345752281,-4.5757097303812,-3.9908116264735143
1790096753325576448,3.7345764160156283,9.83577861436612,-4.626364797717394,-3.6862995340434255
1790096753335576576,3.744576416015628,9.209551501329509,-4.334668525022791,-3.652626478273783
1790096753345576448,3.7545764160156283,8.472504933320828,-3.9278159996390745,-3.6428310469571112
1790096753355576576,3.7645764160156285,8.02072007310723,-3.7013150263781642,-3.3807322229958423
1790096753365576448,3.7745764160156283,8.355596224837608,-3.3907526565072503,-3.419494565735547
1790096753375576576,3.784576416015628,8.981390093124647,-3.666816505456344,-4.443948814577894
1790096753385576448,3.7945764160156283,9.482171718989884,-4.108831888874348,-4.914907390655766
1790096753395576576,3.8045764160156286,10.18231756724047,-4.682476350531474,-4.973827799353653
1790096753405576448,3.8145764160156284,10.603024706282548,-5.041219013220311,-4.796885003194182
1790096753415576576,3.824576416015628,10.035766402676167,-4.998713342280834,-4.855298214013096
1790096753425576448,3.8345764160156284,8.782073906537061,-5.016450839178327,-4.875691868523986
1790096753435576576,3.8445764160156286,7.8848015872355015,-4.722261461139816,-4.806741766741755
1790096753445576448,3.8545764160156284,7.381221446605538,-4.239235959945824,-4.673308764193088
1790096753455576576,3.864576416015628,7.189387155540577,-3.8332970453268596,-4.272387277341572
1790096753465576448,3.8745764160156284,7.315699208468574,-3.619312263461966,-3.516405411685869
1790096753475576576,3.8845764160156286,7.868740800908705,-3.6433128295059602,-2.7548359933029136
1790096753485576448,3.8945764160156284,8.373473734743504,-3.4846219687974616,-2.475820720589415
1790096753495576576,3.904576416015628,8.31445286693902,-3.259830318820219,-2.4289267344715535
1790096753505576448,3.9145764160156284,8.26537095657504,-3.148446846119427,-2.3545928808482235
1790096753515576576,3.9245764160156287,8.093727534796107,-3.1022409545443033,-2.0191969930674856
1790096753525576448,3.9345764160156285,7.851727199981661,-2.495751836071113,-1.8603168379741097
1790096753535576576,3.9445764160156283,7.562776174745268,-1.8866335281957112,-1.8549031612756393
1790096753545576448,3.9545764160156285,6.966271028167463,-1.4652930195214002,-2.018280366612416
1790096753555576576,3.9645764160156287,6.333005457657934,-1.442057558206371,-1.9169224408956185
1790096753565576448,3.9745764160156285,6.1494872669393725,-1.2773294310810843,-1.7979071140289309
1790096753575576576,3.9845764160156283,6.721105807848689,-0.7330197339121558,-1.7755458640692448
1790096753585576448,3.9945764160156285,7.568694454189531,-0.3637299985117476,-1.6799614677031585
1790096753595576576,4.004576416015628,9.06731160547714,-0.23980809924080182,-1.7992452314161693
1790096753605576448,4.014576416015628,10.698733714097974,-0.3559749567013619,-2.198941897248206
1790096753615576576,4.024576416015628,9.618080721836783,-0.8624502194359283,-2.169314443975332
1790096753625576448,4.0345764160156286,7.305510785417239,-1.3580694605132646,-1.5088097991673677
1790096753635576576,4.044576416015628,6.856824494233394,-1.118068190789815,-0.9985044364395366
1790096753645576448,4.054576416015628,7.689491558742148,-0.6539131589145883,-0.5429585378763229
1790096753655576576,4.064576416015628,8.27284032023823,-0.3920727859568145,0.11743387206979639
1790096753665576448,4.074576416015629,8.471314265688456,0.03235637435051064,0.8602430131257666
1790096753675576576,4.084576416015628,10.199254814599227,0.944187642142182,0.7481015748600923
1790096753685576448,4.094576416015628,10.509884396959272,1.7185717042593436,0.04579051548361723
1790096753695576576,4.104576416015628,9.545898012148697,1.5241811061119852,-1.0266034047151118
1790096753705576448,4.114576416015629,9.501027776910325,1.0112262600659832,-1.5146452883062815
1790096753715576576,4.124576416015628,10.643332019601436,0.41105435494220743,-2.0609552304767336
1790096753725576448,4.134576416015628,10.33635963389502,0.0547704152432741,-2.0896975031048903
1790096753735576576,4.144576416015628,8.673799442622693,0.009054377227694187,-1.782786166015415
1790096753745576448,4.154576416015629,7.591542134588189,0.04049355505115061,-1.347111263847767
1790096753755576576,4.1645764160156284,8.371808907480327,0.09992330825270859,-1.1219634374165879
1790096753765576448,4.174576416015628,9.214880641889872,0.18099091295563616,-0.795297893630167
1790096753775576576,4.184576416015628,9.238285482267674,0.5861303739046163,-1.0147100031655882
1790096753785576448,4.194576416015628,8.387115350568326,0.8756020989976578,-1.5463566615836766
1790096753795576576,4.2045764160156285,7.1183914382556495,0.783793289064612,-2.0702699216008758
1790096753805576448,4.214576416015628,5.970685969865641,0.48043706394704966,-1.9212614176868756
1790096753815576576,4.224576416015628,5.680898465841034,0.08269475210165378,-1.5927641876247396
1790096753825576448,4.234576416015629,6.106348530821741,-0.24391939954236358,-1.3493942991718477
1790096753835576576,4.2445764160156285,6.282348960151768,-0.35826815715482613,-1.3165274357184489
1790096753845576448,4.254576416015628,5.5472950994145425,-0.19896323487295056,-1.195341082213971
1790096753855576576,4.264576416015628,4.745897438130084,-0.23487242764220345,-0.8581647347457951
1790096753865576448,4.274576416015628,5.369509930569014,-0.10572308611746273,-0.46030866702551027
1790096753875576576,4.2845764160156286,7.603432689432767,0.39426454860107846,-0.731311530161404
1790096753885576448,4.294576416015628,9.182805677699982,0.8612275912418091,-1.4364043210053985
1790096753895576576,4.304576416015628,8.66250934788983,1.059065550139619,-1.702084677467401
1790096753905576448,4.314576416015629,7.573813737613886,0.8888370115723936,-1.8260477367270536
1790096753915576576,4.324576416015629,9.100645039644643,0.5356276151864677,-2.1674030902470736
1790096753925576448,4.334576416015628,11.951425858815945,0.17682197655225493,-2.827343670182393
1790096753935576576,4.344576416015628,12.631367378255364,-0.23676234252392606,-3.5221634256116836
1790096753945576448,4.354576416015628,11.116919698840384,-0.7164071938144724,-4.124228146100449
1790096753955576576,4.364576416015629,9.332616489225297,-1.4063013361733059,-4.572298851855596
1790096753965576448,4.374576416015628,8.81932617389143,-2.3724389338113294,-4.703433569079469
1790096753975576576,4.384576416015628,8.84851997638592,-3.414645899630206,-4.299041940629082
1790096753985576448,4.394576416015629,10.048102984025274,-4.196479771335708,-3.7468522617710556
1790096753995576576,4.404576416015629,12.293750556970853,-4.475063283096903,-3.6093324756990426
1790096754005576448,4.4145764160156284,12.969248759515022,-4.42340405648679,-3.798893394707422
1790096754015576576,4.424576416015628,10.828975501381624,-4.548990008566239,-4.061172493700092
1790096754025576448,4.434576416015628,9.39822631336578,-4.976414805843646,-3.9947982025894566
1790096754035576576,4.444576416015629,9.221081198450472,-5.375461206507947,-3.3700689185746695
1790096754045576448,4.4545764160156285,9.083656439448033,-5.463408706800087,-3.0743855245031324
1790096754055576576,4.464576416015628,8.81350152485708,-5.144766937182572,-3.162654607267046
1790096754065576448,4.474576416015629,8.10227146737984,-4.595652681986098,-3.409500184072457
1790096754075576576,4.484576416015629,7.417232541004647,-4.046489449438404,-3.6492678506994047
1790096754085576448,4.4945764160156285,7.260607440926922,-3.8505619296568856,-3.7203553128630977
1790096754095576576,4.504576416015628,7.708353183451875,-4.065799263356063,-3.482418229698272
1790096754105576448,4.514576416015628,7.905681415314363,-4.338183856857089,-3.0970616002128946
1790096754115576576,4.524576416015629,7.410013195073103,-4.4915602359460625,-2.852579950008023
1790096754125576448,4.5345764160156286,6.721582475950392,-4.4928639185480685,-2.8029551171116824
1790096754135576576,4.544576416015628,6.482162328154315,-4.468056624778749,-2.8717802052348564
1790096754145576448,4.554576416015629,6.658471623025391,-4.407214485144709,-2.922589050417473
1790096754155576576,4.564576416015629,6.865918611387885,-4.274883884072126,-2.851569785533528
1790096754165576448,4.574576416015629,7.142630680875016,-4.167915235313237,-2.7401397993062173
1790096754175576576,4.584576416015628,7.861955579319813,-4.092972420892737,-2.6714453586918028
1790096754185576448,4.594576416015628,8.41783571859557,-4.431172267926013,-2.6665970935697065
1790096754195576576,4.604576416015629,8.36727296928462,-5.252329573444276,-2.8043182410825427
1790096754205576448,4.614576416015629,8.186917931397774,-6.313696716515712,-3.1446393097214376
1790096754215576576,4.624576416015628,7.70356633686581,-7.229005703858683,-3.357880102004591
1790096754225576448,4.634576416015629,7.819778995914389,-7.608941842162783,-3.453135413908622
1790096754235576576,4.644576416015629,8.603165603382799,-7.313317918489522,-3.351529179708252
1790096754245576448,4.654576416015629,9.381169728794926,-6.8233892529168925,-3.2155962591730454
1790096754255576576,4.6645764160156284,9.296259314381958,-6.57939774425079,-3.64153826504115
1790096754265576448,4.674576416015628,8.57656051905633,-7.167748328130635,-3.9969163138206225
1790096754275576576,4.684576416015629,8.071615471397374,-7.964795828477208,-4.137742690509394
1790096754285576448,4.694576416015629,8.298507700408786,-8.3640478844039,-3.883563479596565
1790096754295576576,4.7045764160156285,9.08853771385809,-8.222821831039271,-3.564851976892572
1790096754305576448,4.714576416015629,9.937637323248067,-7.980947036218969,-3.194202197903583
1790096754315576576,4.724576416015629,10.255227515659776,-8.142324522438422,-2.8871793451340113
1790096754325576448,4.734576416015629,10.10979954776243,-8.50268620969509,-2.4649619638121427
1790096754335576576,4.7445764160156285,9.232987020112335,-8.114299757942092,-2.775877394563658
1790096754345576448,4.754576416015628,7.896255529473823,-7.404305635173554,-2.7675252746610837
1790096754355576576,4.764576416015629,7.469646325555502,-6.397215830776416,-2.1256938028072305
1790096754365576448,4.774576416015629,7.28924189801408,-5.384253360317514,-1.8314658603827154
1790096754375576576,4.7845764160156286,6.99830328892993,-4.553585510987765,-1.8834596488777495
1790096754385576448,4.794576416015629,6.623007244473491,-4.061893753082767,-2.134806826936635
1790096754395576576,4.804576416015629,6.450367190621141,-4.101746650175773,-2.5246535713024176
1790096754405576448,4.814576416015629,6.602945768398923,-4.500902940169279,-2.9250902633364486
1790096754415576576,4.824576416015629,7.107437539108879,-4.811731785130621,-3.1117844599881956
1790096754425576448,4.834576416015628,7.597146784546125,-5.0101798103746935,-3.0968344670754124
1790096754435576576,4.844576416015629,7.730449875987205,-5.444039205803438,-2.836165652717438
1790096754445576448,4.854576416015629,7.555119185294321,-5.923877384003875,-2.408254687001876
1790096754455576576,4.864576416015629,7.556722086163303,-6.075992673951907,-2.4479273223286153
1790096754465576448,4.874576416015629,8.236837988074832,-5.6901373142114355,-3.346556974968823
1790096754475576576,4.884576416015629,8.903557880624408,-5.400392229309807,-4.066900392718885
1790096754485576448,4.894576416015629,9.450049838931083,-5.474953528717746,-4.290941357742327
1790096754495576576,4.904576416015629,10.049687540425474,-6.389998433010591,-4.384469831293365
1790096754505576448,4.9145764160156284,10.283681998216233,-7.664193922278734,-4.384660222536471
1790096754515576576,4.924576416015629,10.362425818340823,-8.244427893020566,-4.465517093912409
1790096754525576448,4.934576416015629,9.812649388310696,-8.004417873658188,-4.3777236955518815
1790096754535576576,4.944576416015629,9.240120423120802,-6.91567299550592,-4.489269766823579
1790096754545576448,4.954576416015629,8.46427915274761,-5.8913203519753825,-4.382406830827664
1790096754555576576,4.964576416015629,7.612357484541115,-5.393988818617868,-4.0313645134232665
1790096754565576448,4.974576416015629,7.237678304221294,-5.23118000723359,-3.4877335781383945
1790096754575576576,4.984576416015629,7.481416849455286,-5.3105079124853525,-3.1475546653754
1790096754585576448,4.9945764160156285,7.874328572897604,-5.587889509704305,-2.8106190390322667
1790096754595576576,5.004576416015629,8.249096344739488,-5.8558962023086645,-2.4941261946519555
1790096754605576448,5.014576416015629,8.670551163315823,-5.870542345893633,-2.3624388379753323
1790096754615576576,5.024576416015629,8.947061753236635,-5.758872246224128,-2.4755265716814367
1790096754625576448,5.034576416015629,9.033277450758556,-5.7064566577538995,-2.711380861587961
1790096754635576576,5.044576416015629,9.078437206878608,-5.555994479170952,-2.971244074896993
1790096754645576448,5.054576416015629,9.17647768566184,-5.200667964489483,-3.6608027464294968
1790096754655576576,5.064576416015629,9.089556489705442,-4.921917284349128,-4.216733506171295
1790096754665576448,5.074576416015629,8.225575034649038,-5.256361715147471,-4.768794123416729
1790096754675576576,5.084576416015629,7.577636567292117,-5.788380283072298,-4.425117538196815
1790096754685576448,5.094576416015629,7.472194413513861,-6.066642872628421,-4.195864788826979
1790096754695576576,5.104576416015629,8.069287645212201,-5.662786950857676,-4.502706327050939
1790096754705576448,5.1145764160156295,8.228462003951385,-5.334739716501918,-4.574943099877793
1790096754715576576,5.124576416015629,8.129828774528525,-5.325012419558607,-4.522882867743942
1790096754725576448,5.134576416015629,7.967820509160937,-5.378439080134207,-3.790407809648811
1790096754735576576,5.144576416015629,7.863847343960516,-4.822991048841786,-3.298466581200185
1790096754745576448,5.154576416015629,7.681474048025263,-4.169320037458495,-2.8843794897445005
1790096754755576576,5.164576416015629,7.482103318385866,-3.4843849958520092,-2.6564657285167437
1790096754765576448,5.174576416015629,7.831957176108084,-2.9327483330200055,-2.616850614547729
1790096754775576576,5.184576416015629,8.933896701192158,-2.256267899816532,-2.811793504705353
1790096754785576448,5.19457641601563,10.323678342845456,-1.8544416141807303,-3.103894670292928
1790096754795576576,5.204576416015629,11.413829683671233,-1.8973164319560343,-3.242900701212641
1790096754805576448,5.214576416015629,11.718322645867605,-2.1572918938962027,-3.299917748233139
1790096754815576576,5.224576416015629,11.095043893207311,-2.7052894254357325,-3.3237101871905925
1790096754825576448,5.234576416015629,9.831415583944208,-3.439120213870255,-3.2641185525475414
1790096754835576576,5.244576416015629,9.005407828365529,-3.6011986254534296,-3.4254534511300347
1790096754845576448,5.254576416015629,8.723214678144178,-3.413369662197651,-3.315358083116118
1790096754855576576,5.264576416015629,8.072067467501823,-3.199504619328677,-2.6920175509573343
1790096754865576448,5.27457641601563,6.677128019688278,-2.6625767222511505,-2.074168839952885
1790096754875576576,5.284576416015629,5.706000003330698,-1.7631485299824976,-1.428143887882779
1790096754885576448,5.294576416015629,6.143552603488384,-0.40087771776052616,-1.0559252477159848
1790096754895576576,5.304576416015629,7.653219742837651,0.5100230117305841,-0.56980408330954
1790096754905576448,5.314576416015629,9.402701720954555,1.1659714218962365,-0.4973743943254151
1790096754915576576,5.3245764160156295,9.499445863624295,1.4455452146839876,-0.8514542590119568
1790096754925576448,5.334576416015629,8.201947228224281,0.7191519824146062,-1.4333519188677304
1790096754935576576,5.344576416015629,6.807906333050723,0.0682296238841879,-2.016556296808499
1790096754945576448,5.35457641601563,6.231436873491267,-0.16313688743724156,-2.106624650274627
1790096754955576576,5.3645764160156295,6.443156550925567,-0.007633236730460541,-1.7638684719219861
1790096754965576448,5.374576416015629,7.493065502380507,0.39342649124163165,-0.9878578402584094
1790096754975576576,5.384576416015629,8.984654394490592,0.9050291563131712,-0.5527685571051545
1790096754985576448,5.394576416015629,8.336268529469056,1.1610013152058536,-0.9628329912453231
1790096754995576576,5.4045764160156295,6.475340800444811,0.9182927537816696,-1.5729689770304032
1790096755005576448,5.414576416015629,6.099383795654388,0.5440281579636681,-1.5295718852395541
1790096755015576576,5.424576416015629,6.77868983852377,0.3693343514624692,-0.881651946157322
1790096755025576448,5.43457641601563,6.505259491624066,0.30900259879826814,-0.3291848745760424
1790096755035576576,5.44457641601563,4.983890683401899,0.3459846423433079,-0.10251029121496044
1790096755045576448,5.454576416015629,4.638604441660353,0.791350694411687,0.038490041122398226
1790096755055576576,5.464576416015629,5.459453371002477,0.7083414167527811,-0.16280105761201621
1790096755065576448,5.474576416015629,6.468853163553007,0.42745916912030646,-0.061127600722862295
1790096755075576576,5.48457641601563,8.091544687657871,0.4334966236131927,0.01656470972492756
1790096755085576448,5.494576416015629,9.797717227749882,0.6784531021387092,-0.4746918874339383
1790096755095576576,5.504576416015629,9.630724786285022,0.806621409870428,-1.2563616007315215
1790096755105576448,5.51457641601563,7.9309825841880315,0.8975160362986432,-2.003255317256609
1790096755115576576,5.52457641601563,6.835623863807682,0.8323450960578819,-2.6332066814180743
1790096755125576448,5.534576416015629,7.142274503750226,0.37434139256933874,-2.7903712670131036
1790096755135576576,5.544576416015629,7.95439433187061,-0.24654217739205714,-2.7981012945473758
1790096755145576448,5.554576416015629,8.515911819372437,-0.8021150350662327,-2.5947617123179954
1790096755155576576,5.56457641601563,9.160889798846192,-0.9728859505654284,-2.6273781765437407
1790096755165576448,5.5745764160156295,9.364167381347517,-1.027163179618964,-2.729386777015339
1790096755175576576,5.584576416015629,9.60403876119267,-0.9419537506095426,-2.952349141453639
1790096755185576448,5.59457641601563,9.605476899346977,-0.9947523571845053,-3.484695884675256
1790096755195576576,5.60457641601563,8.298999566297677,-1.0808019748102586,-3.6796043879502585
1790096755205576448,5.6145764160156295,7.232886456220509,-1.42001551331973,-3.697560445263695
1790096755215576576,5.624576416015629,7.2760299512960716,-1.7141692746272905,-3.365293815195049
1790096755225576448,5.634576416015629,8.19372999532592,-1.7835307590815208,-3.129708923279214
1790096755235576576,5.64457641601563,8.27629521178985,-1.751851735859736,-3.1015045147861047
1790096755245576448,5.6545764160156295,8.284712402598236,-1.7125080871537548,-3.015081271619749
1790096755255576576,5.664576416015629,9.388393557756906,-1.7637305457209,-2.7239404665721962
1790096755265576448,5.67457641601563,10.193901151525074,-1.9774637657817649,-2.533769254454705
1790096755275576576,5.68457641601563,9.207647490008478,-2.2708778589998397,-2.7908255636072594
1790096755285576448,5.69457641601563,8.513359337690897,-2.744230138280494,-3.2485791415912524
1790096755295576576,5.704576416015629,9.427703583497431,-3.2923345479347557,-3.6689389538069324
1790096755305576448,5.714576416015629,9.114806235695934,-3.858128377445591,-4.0911269511987065
1790096755315576576,5.72457641601563,7.356548337681042,-4.440919849682055,-4.528167209326587
1790096755325576448,5.73457641601563,7.284854703657241,-5.248530711763995,-4.647214708565128
1790096755335576576,5.744576416015629,9.352611126833786,-5.931648594087747,-4.487217687151901
1790096755345576448,5.75457641601563,10.419447121179774,-6.3736895463037255,-4.193384861186412
1790096755355576576,5.76457641601563,9.333094817874038,-6.371356783668706,-4.546307596373061
1790096755365576448,5.77457641601563,8.681255677700063,-6.2681790941545374,-5.0319260007551305
1790096755375576576,5.784576416015629,7.999584117845342,-6.392126560211182,-4.79672856937225
1790096755385576448,5.794576416015629,6.900778639144086,-6.35776682398454,-3.9200010451148986
1790096755395576576,5.80457641601563,7.822442637610003,-6.120621521789929,-3.1439758016401163
1790096755405576448,5.81457641601563,10.289887468471601,-5.735581363997925,-2.9150953398872534
1790096755415576576,5.8245764160156295,10.521561750760016,-5.387162273393298,-3.3909557702703474
1790096755425576448,5.83457641601563,8.473456225117916,-5.465019275374844,-4.406163516033482
1790096755435576576,5.84457641601563,7.469850083998148,-6.467663867324223,-4.875838069426798
1790096755445576448,5.85457641601563,7.464087755190294,-7.498645605358355,-4.570314937587232
1790096755455576576,5.8645764160156295,7.686835603060699,-7.456250324664438,-4.034387815230619
1790096755465576448,5.874576416015629,8.87646491852006,-6.5048035932843975,-3.733303727567278
1790096755475576576,5.88457641601563,9.275143953041598,-5.824955069167336,-3.2054841823994256
1790096755485576448,5.89457641601563,8.29501112492062,-5.62317330252297,-2.9555449775689158
1790096755495576576,5.9045764160156295,7.16150786207868,-5.867708370680176,-3.235516865085047
1790096755505576448,5.91457641601563,6.491410866140527,-6.015234498907826,-3.442041457337025
1790096755515576576,5.92457641601563,6.0832198142682365,-5.964545773482941,-3.111937788519313
1790096755525576448,5.93457641601563,6.642843821490715,-5.721729134158369,-2.801672981315695
1790096755535576576,5.94457641601563,7.739376627634304,-5.384525503090512,-2.4207641797531827
1790096755545576448,5.954576416015629,7.981335306599733,-5.402552915873195,-1.91067915218419
1790096755555576576,5.96457641601563,7.9376443861832175,-5.961365628868448,-2.060635548927959
1790096755565576448,5.97457641601563,8.736717593833932,-6.797913260659087,-2.5143066222112687
1790096755575576576,5.98457641601563,9.417854701296475,-7.416219804188924,-3.020740521778673
1790096755585576448,5.99457641601563,9.616803998936286,-7.728109441655276,-3.4369745588509875
1790096755595576576,6.00457641601563,9.758476644722146,-7.8363459214741455,-3.824061512058045
1790096755605576448,6.01457641601563,9.898085717776988,-7.530649785308555,-3.922259294075846
1790096755615576576,6.02457641601563,9.471302708941636,-6.8666394590658095,-3.6832495498314892
1790096755625576448,6.034576416015629,8.696881687639896,-6.2180048778015165,-3.460049846678548
1790096755635576576,6.04457641601563,8.281817869014859,-5.79524843582228,-3.586328522117433
1790096755645576448,6.05457641601563,8.08650822735908,-5.64865437946018,-3.7137009014675804
1790096755655576576,6.06457641601563,7.880094323458271,-5.703620460261318,-3.8506561691667254
1790096755665576448,6.07457641601563,8.031006743038555,-5.885384454658364,-3.5286654828355934
1790096755675576576,6.08457641601563,8.523098335523246,-6.38935312690059,-3.3847165207638756
1790096755685576448,6.09457641601563,8.767344512435692,-7.29927617808895,-3.2743747720074112
1790096755695576576,6.10457641601563,8.989403128719731,-7.594023254502965,-3.361257235933772
1790096755705576448,6.1145764160156295,9.084136189898175,-7.417849309763364,-3.5628212551106646
1790096755715576576,6.12457641601563,8.942853847832486,-6.7145596835774555,-3.7017572761765405
1790096755725576448,6.13457641601563,8.42854806407445,-6.080400361167646,-3.910569043967415
1790096755735576576,6.14457641601563,8.050495056820603,-5.77635238046497,-4.182277157960747
1790096755745576448,6.15457641601563,7.786216431701778,-5.667881139721306,-4.31879679638197
1790096755755576576,6.16457641601563,7.426330828085392,-5.644860575037386,-4.1081514811261375
1790096755765576448,6.17457641601563,6.912972340303181,-5.693149208892915,-3.5926071834696813
1790096755775576576,6.18457641601563,6.532393365080214,-5.686495572085365,-3.0347027524897157
1790096755785576448,6.19457641601563,6.751290965489907,-5.325896857887468,-2.886055064150132
1790096755795576576,6.20457641601563,7.263610713178173,-5.019849341190186,-3.573636381093576
1790096755805576448,6.21457641601563,7.467876627106197,-5.389910014266125,-3.9973090677958028
1790096755815576576,6.22457641601563,7.932093599083647,-5.91788401734259,-3.8578189375707526
1790096755825576448,6.2345764160156305,8.624827052929149,-6.402437686920411,-3.544095927697472
1790096755835576576,6.24457641601563,9.396939113940741,-6.712215281005991,-3.614504047653065
1790096755845576448,6.25457641601563,9.995462277037705,-6.767936214774954,-4.270814015424734
1790096755855576576,6.26457641601563,9.963882347564699,-6.653243541717529,-5.252838663101605
1790096755865576448,6.27457641601563,9.44085539975156,-6.63244613259077,-5.73956666085732
1790096755875576576,6.28457641601563,9.139673511551504,-6.377996102950033,-5.780693138673914
1790096755885576448,6.29457641601563,9.032955548479805,-5.776020738961456,-5.812238803943456
1790096755895576576,6.30457641601563,8.96375160111567,-5.1970250603879835,-5.600037536483621
1790096755905576448,6.314576416015631,8.804752607970329,-4.931657282301402,-5.294955237607514
1790096755915576576,6.32457641601563,8.497931141406236,-4.757526852547119,-4.89293234378714
1790096755925576448,6.33457641601563,8.406479540622417,-4.296739925843518,-4.478599310507716
1790096755935576576,6.34457641601563,8.917552489241862,-3.745898343404375,-4.128625983192574
1790096755945576448,6.35457641601563,10.240591125417957,-3.3928513183344564,-3.8850845095314748
1790096755955576576,6.36457641601563,11.549848170959153,-3.2099826515780707,-3.8441429018699615
1790096755965576448,6.37457641601563,11.590700193255254,-3.4204560765206744,-3.9348690412539753
1790096755975576576,6.38457641601563,10.145423829262816,-3.722296928594511,-4.191273061753415
1790096755985576448,6.394576416015631,7.994884225766421,-4.108570576850533,-4.456897920521382
1790096755995576576,6.40457641601563,6.233231068348165,-4.244356833211013,-4.321980956896866
1790096756005576448,6.41457641601563,5.438502508902282,-4.17289447907914,-3.6897441242980866
1790096756015576576,6.42457641601563,5.573232735799743,-3.415156354115623,-2.6155178400183785
1790096756025576448,6.43457641601563,5.9460701082163,-2.1288538935733747,-2.060651179364453
1790096756035576576,6.4445764160156305,6.88574227906205,-1.0524246719003818,-1.5587158190929886
1790096756045576448,6.45457641601563,8.259986610828149,-0.25271452683596385,-1.6115202065855703
1790096756055576576,6.46457641601563,9.129410941655655,0.23212471037707838,-1.7228530408132565
1790096756065576448,6.474576416015631,8.927266588052657,0.4602436652295899,-1.9513223221128173
1790096756075576576,6.4845764160156305,7.873976334015671,-0.013021352375881201,-2.166349644452406
1790096756085576448,6.49457641601563,6.8732328246210095,-0.7664813762488475,-2.3221921476419802
1790096756095576576,6.50457641601563,6.290135649736552,-1.2076028371295495,-2.0479393369368566
1790096756105576448,6.51457641601563,6.2604282207307715,-1.040594771986998,-1.2018916261024502
1790096756115576576,6.5245764160156305,6.729594015000421,-0.5127675141927408,-0.4416098441687638
1790096756125576448,6.53457641601563,7.334435806572115,0.2863802519695827,-0.540564681319412
1790096756135576576,6.54457641601563,5.973359073871448,0.7741008922926357,-0.8101445438176906
1790096756145576448,6.554576416015631,4.271069752548831,0.8963568793635062,-0.9358322122156203
1790096756155576576,6.564576416015631,3.880757039331296,0.9095886415888285,-0.5199921746335268
1790096756165576448,6.57457641601563,4.130352015928938,1.0993994168237793,0.5515259974206461
1790096756175576576,6.58457641601563,6.799243664990122,1.730941386063151,1.6476236532613875
1790096756185576448,6.59457641601563,10.661204917426963,2.394095625084358,1.0716098416738025
1790096756195576576,6.604576416015631,11.327848790737622,2.7635010745691844,-0.08722727682639778
1790096756205576448,6.61457641601563,8.253319414559583,2.849231261504105,-1.5563876690479113
1790096756215576576,6.62457641601563,5.2117868447766424,2.327262514478886,-2.709209179879038
1790096756225576448,6.634576416015631,6.0712103696374085,1.34548937172717,-2.707569404703847
1790096756235576576,6.644576416015631,8.75507537305443,0.3311276740500459,-1.942821936815779
1790096756245576448,6.65457641601563,9.709261703490649,-0.362554719414489,-1.4646987951068138
1790096756255576576,6.66457641601563,7.838392892426286,-0.499310946380025,-1.1589901875852275
1790096756265576448,6.67457641601563,5.868035483246744,-0.25031337680568566,-1.1549742127691913
1790096756275576576,6.684576416015631,5.806744267201133,0.04123133573825771,-1.2659674017972802
1790096756285576448,6.6945764160156305,6.7652400136139,-0.13821511708785894,-1.2765686340979714
1790096756295576576,6.70457641601563,7.335714431724344,-0.495421056795773,-1.034563443877304
1790096756305576448,6.714576416015631,7.1572689890646455,-0.5142054216081541,-1.1692716454433771
1790096756315576576,6.724576416015631,6.482460665123832,-0.23976382429384918,-1.5863414072115347
1790096756325576448,6.7345764160156305,5.9985558267515255,-0.18963202928607115,-2.0882550254015544
1790096756335576576,6.74457641601563,6.663381200845997,-0.42085865448217574,-2.4371267605032236
1790096756345576448,6.75457641601563,7.920507430857792,-0.7149804205885333,-2.4286428050762683
1790096756355576576,6.764576416015631,8.701842667383014,-0.9667794591250451,-2.3285294118429722
1790096756365576448,6.7745764160156305,9.056351746451023,-1.2747677706212195,-2.3192012747953346
1790096756375576576,6.78457641601563,8.935899551097672,-1.450825118950681,-2.770906137944941
1790096756385576448,6.794576416015631,8.063306188981727,-1.6507995558128972,-3.2589893984674814
1790096756395576576,6.804576416015631,7.635273004460881,-2.228216304497532,-3.403629786194229
1790096756405576448,6.814576416015631,8.615500985326552,-2.9865166335121236,-3.389403185718588
1790096756415576576,6.82457641601563,10.33465527807779,-3.690760094797899,-3.7136785898704576
1790096756425576448,6.83457641601563,11.185547250887463,-4.163204867158895,-4.367852050188444
1790096756435576576,6.844576416015631,9.241128316080356,-4.534949827774902,-5.150297200436276
1790096756445576448,6.854576416015631,6.52715653438908,-4.992605909348456,-5.259902161319969
1790096756455576576,6.86457641601563,6.230960523890179,-5.3998640382311205,-4.64849278864504
1790096756465576448,6.874576416015631,8.069477354731225,-5.607792172583937,-3.84654779145166
1790096756475576576,6.884576416015631,10.210457466301426,-5.380281612097373,-3.310873347449078
1790096756485576448,6.894576416015631,10.667736129319197,-4.930554220798475,-3.145303522931282
1790096756495576576,6.90457641601563,9.887999792723438,-4.571895769178852,-4.14236009874975
1790096756505576448,6.91457641601563,8.607396620302888,-5.12604615712472,-4.982821827038691
1790096756515576576,6.924576416015631,7.273194902556427,-6.41707550656259,-5.213659216374987
1790096756525576448,6.934576416015631,7.421351590062748,-7.308511565249375,-4.791738806908756
1790096756535576576,6.9445764160156305,8.007777136716046,-7.620692487820141,-3.9837150165937834
1790096756545576448,6.954576416015631,7.977047455060508,-7.301812395348868,-3.5225151685566876
1790096756555576576,6.964576416015631,7.736800527428175,-6.606425797916275,-3.494629536570356
1790096756565576448,6.974576416015631,7.61000406438574,-5.845373760245386,-3.7473227224108174
1790096756575576576,6.9845764160156305,6.961381046491556,-5.482543506625749,-3.737696240759547
1790096756585576448,6.99457641601563,6.61579378280266,-5.5123280002343344,-3.568686046404124
1790096756595576576,7.004576416015631,7.597968356006573,-5.529102317733154,-3.333976304872716
1790096756605576448,7.014576416015631,8.996693020415979,-5.420055309968411,-3.373034881711984
1790096756615576576,7.0245764160156305,9.467590029091292,-5.580362517839269,-3.6086157792988662
1790096756625576448,7.034576416015631,9.229466667924939,-6.2453968270471,-4.172459741674229
1790096756635576576,7.044576416015631,9.42947442628557,-6.855673828387156,-5.193095054444367
1790096756645576448,7.054576416015631,10.227571715947501,-7.302543262344996,-5.965689490507571
1790096756655576576,7.064576416015631,11.073009180518598,-7.875000892975486,-5.928634274061697
1790096756665576448,7.07457641601563,11.071297548346353,-8.679198011188618,-5.43936814479787
1790096756675576576,7.084576416015631,10.296228763902626,-9.37210259263399,-5.1052980889062205
1790096756685576448,7.094576416015631,9.065365570431943,-8.958938664259222,-4.4757264189676915
1790096756695576576,7.104576416015631,7.710570371176958,-8.470066855137587,-3.8366973056478924
1790096756705576448,7.114576416015631,6.332910576696232,-7.961708658193754,-2.882920971708763
1790096756715576576,7.124576416015631,5.951900179571402,-7.157637913630102,-1.6935475049342026
1790096756725576448,7.134576416015631,6.25537433713202,-6.155518016861588,-1.1668460819190913
1790096756735576576,7.144576416015631,6.33010562205361,-5.423626428995072,-0.8586646301762849
1790096756745576448,7.15457641601563,6.3317843543255785,-5.04349536976756,-0.9476777166017538
1790096756755576576,7.164576416015631,6.642169592409234,-4.997289167183272,-1.2542004384368322
1790096756765576448,7.174576416015631,7.084372585927257,-5.27808221047878,-1.7215965855189705
1790096756775576576,7.184576416015631,7.709635093901616,-5.677645626825633,-2.587982021528883
1790096756785576448,7.194576416015631,8.470182212063811,-5.8305919729268965,-3.40280232208241
1790096756795576576,7.204576416015631,9.065184596856728,-5.986642048975262,-3.3638061619003143
1790096756805576448,7.214576416015631,9.152431371359441,-6.4354079187345326,-3.2089402177944977
1790096756815576576,7.224576416015631,8.661758453232448,-6.578937370460396,-3.169934644009946
1790096756825576448,7.2345764160156305,8.096928439650052,-6.283030056823559,-3.5048498368209833
1790096756835576576,7.244576416015631,7.109074174958105,-5.991844457499193,-3.553652670558571
1790096756845576448,7.254576416015631,7.300093409818347,-5.4057467833598905,-4.24284058484207
1790096756855576576,7.264576416015631,7.584683444121808,-4.430842991657537,-4.887715323470134
1790096756865576448,7.274576416015631,7.300147689740216,-4.412058159656943,-4.931642325267537
1790096756875576576,7.284576416015631,7.502041608471555,-5.793097301230545,-4.825524879362046
1790096756885576448,7.294576416015631,8.403209330828867,-7.105345378664061,-4.8876762273433725
1790096756895576576,7.304576416015631,9.720877765909117,-7.767412787399359,-5.538127862504073
1790096756905576448,7.314576416015631,10.692611865508482,-7.437023526242941,-6.553100988057054
1790096756915576576,7.324576416015631,10.571209610716794,-6.651569662614511,-7.102158203976261
1790096756925576448,7.334576416015631,10.088352346329964,-6.30061670343955,-6.928939371199354
1790096756935576576,7.344576416015631,10.560780367299786,-6.5292012363851795,-6.301966276158516
1790096756945576448,7.3545764160156315,11.57997359362582,-6.904308149586999,-6.0393134789589045
1790096756955576576,7.364576416015631,11.661683535619519,-7.274521666521059,-6.040980864570268
1790096756965576448,7.374576416015631,10.503996495154842,-7.340019765748643,-5.95739111577985
1790096756975576576,7.384576416015631,8.852967292351078,-6.86377281903142,-5.177620924879205
1790096756985576448,7.394576416015631,7.289933939918547,-6.079998889584842,-5.168562456523623
1790096756995576576,7.404576416015631,6.035951321064365,-5.46469342217634,-5.240162233280086
1790096757005576448,7.414576416015631,6.34560937445832,-4.5586795208675275,-4.938312293654581
1790096757015576576,7.424576416015631,7.249037155699102,-4.279094433685096,-4.146682830563777
1790096757025576448,7.434576416015632,8.447466744246379,-4.250598097701847,-3.2844611487618773
1790096757035576576,7.444576416015631,9.45225296020541,-3.797748419164304,-3.4792118794501636
1790096757045576448,7.454576416015631,9.607051210239218,-3.4053561075599856,-4.2279674558758185
1790096757055576576,7.464576416015631,8.545409500117888,-3.659543133632077,-4.486457671384404
1790096757065576448,7.474576416015631,6.941486224692574,-4.41549018960188,-3.9146030057987056
1790096757075576576,7.484576416015631,5.875466116750553,-4.756274784340761,-3.243594150369378
1790096757085576448,7.494576416015631,5.598648816370222,-4.551963907669962,-3.0150684103449743
1790096757095576576,7.504576416015631,5.7075059693023595,-3.940833991223597,-2.8956872473970394
1790096757105576448,7.514576416015632,6.165848797683449,-2.986601045836158,-2.49670374583921
1790096757115576576,7.524576416015631,6.808188931258438,-1.8568637881039325,-1.9048216607763024
1790096757125576448,7.534576416015631,7.190199776160346,-0.6112544171938129,-1.4306607757443053
1790096757135576576,7.544576416015631,8.109253441166432,0.7508635737573952,-1.743772751838679
1790096757145576448,7.554576416015631,10.011225246377148,0.9551101457201708,-2.7522342532075825
1790096757155576576,7.5645764160156315,10.416400541455728,0.036003647634513136,-3.198693654770183
1790096757165576448,7.574576416015631,9.307790822740914,-1.0937228834082713,-3.189565550891056
1790096757175576576,7.584576416015631,8.634120067023112,-1.5868504911277328,-2.3394049916725215
1790096757185576448,7.594576416015632,9.442490760177257,-0.7217707211080223,-1.8643182645148995
1790096757195576576,7.6045764160156315,8.291575755745201,-0.1397903937690406,-1.2679079667933353
1790096757205576448,7.614576416015631,7.445366025820233,-0.04191310251104735,-0.8293298874726083
1790096757215576576,7.624576416015631,8.070667794181984,0.09155324741350163,-0.9949515354221873
1790096757225576448,7.634576416015631,8.69956126137317,-0.008449593376366304,-1.8250866213041557
1790096757235576576,7.6445764160156315,7.566890931727446,-0.546446265895387,-2.1940925084751295
1790096757245576448,7.654576416015631,6.6970344477853745,-0.7388589308782194,-1.9965113675976602
1790096757255576576,7.664576416015631,6.859362881487271,-0.3681042178254461,-1.7197572118130926
1790096757265576448,7.674576416015632,7.433871243908821,0.4764881894902624,-1.203768099096362
1790096757275576576,7.684576416015632,6.66890951155032,1.1995897477651383,-1.1228608794934858
1790096757285576448,7.694576416015631,5.800301338135833,1.4633576065923382,-0.9239958376893955
1790096757295576576,7.704576416015631,4.143917169024836,1.3295784093284473,-0.6472476359898472
1790096757305576448,7.714576416015631,3.274025631668086,1.094809550196064,-0.38039945858004953
1790096757315576576,7.724576416015632,3.383331866504195,0.9057230009490093,-0.20755498318211388
1790096757325576448,7.734576416015631,3.4850699376599414,0.6124813053431586,0.11922037162407119
1790096757335576576,7.744576416015631,4.686895286778033,0.3874772896468025,1.3521069581870395
1790096757345576448,7.754576416015632,6.920529836190486,0.6443327939127086,1.3420501361616368
1790096757355576576,7.764576416015632,8.82485417336014,1.2914444540047139,0.3513476829421952
1790096757365576448,7.774576416015631,10.067050314546334,1.4197769204216355,-0.7497411576941285
1790096757375576576,7.784576416015631,9.656379735644231,0.9336995463822233,-1.8549420078481649
1790096757385576448,7.794576416015631,7.822519290092078,0.10596235232589124,-3.0389179946792497
1790096757395576576,7.804576416015632,7.259650917647729,-0.7791070150662542,-3.3610395371028927
1790096757405576448,7.8145764160156315,7.771986944495485,-1.3717862879605898,-3.423591615029372
1790096757415576576,7.824576416015631,9.29528504307268,-1.7820888668972645,-3.8131011069055987
1790096757425576448,7.834576416015632,10.040954914923093,-2.161580720018483,-3.937402548502082
1790096757435576576,7.844576416015632,9.839496026452913,-2.299093508478958,-4.08324784420693
1790096757445576448,7.8545764160156315,8.935776443556811,-2.180982764402962,-4.307075665382584
1790096757455576576,7.864576416015631,8.273299711227605,-2.01090686244369,-4.386189153854569
1790096757465576448,7.874576416015631,8.817164330829897,-1.8589589244689642,-4.311880816187179
1790096757475576576,7.884576416015632,9.319535169475788,-1.597912133156641,-4.437537481623766
1790096757485576448,7.8945764160156315,9.302563547699009,-1.3907304195997008,-4.5183237739500255
1790096757495576576,7.904576416015631,9.831895700773122,-1.0480015605377584,-4.509459328945995
1790096757505576448,7.914576416015632,10.418310615491837,-0.8994456188816207,-4.560277327933089
1790096757515576576,7.924576416015632,9.861340363206189,-0.9205378443209475,-4.663504758564857
1790096757525576448,7.934576416015632,8.69778130444742,-1.364758342028824,-4.417747222714008
1790096757535576576,7.944576416015631,8.206768489519435,-2.2070173375178546,-3.9753617656797697
1790096757545576448,7.954576416015631,8.215286238729254,-3.0599717425692208,-3.7472811128266543
1790096757555576576,7.964576416015632,7.967588098672924,-3.860197214106288,-3.5145497212722994
1790096757565576448,7.974576416015632,7.68902521975701,-4.494813147124953,-3.3845802139353864
1790096757575576576,7.984576416015631,8.173743156030051,-4.668991045556508,-3.708451795959943
1790096757585576448,7.994576416015632,8.484171442340598,-4.59218274997763,-4.02847949450365
1790096757595576576,8.004576416015633,7.7348946268731265,-4.432226043668807,-4.27840811053567
1790096757605576448,8.014576416015633,7.081831392025851,-4.273080308017596,-4.591549092496268
1790096757615576576,8.024576416015632,7.292188949185171,-4.096990129015702,-4.740868742705012
1790096757625576448,8.034576416015632,7.3394862133490975,-3.889281914796552,-4.51984027708397
1790096757635576576,8.044576416015632,6.671492532633439,-3.6269198627645123,-3.9277052600348092
1790096757645576448,8.054576416015632,7.1996490206405115,-3.441551949587447,-3.545729743008039
1790096757655576576,8.064576416015631,9.992091381451402,-3.2671841342103023,-3.508725082993336
1790096757665576448,8.074576416015633,11.94245072653362,-3.2095620376651377,-4.215326745089248
1790096757675576576,8.084576416015633,9.526560395392822,-3.6922739610074067,-5.309828664207135
1790096757685576448,8.094576416015633,6.454213106653929,-4.982215743760132,-6.258887664522591
1790096757695576576,8.104576416015632,5.685930312342256,-6.482926511440466,-5.590950878209168
1790096757705576448,8.114576416015632,6.402922541104406,-7.122007711582843,-4.228665884237601
1790096757715576576,8.124576416015632,8.5190511018559,-6.8122825424961615,-3.3658427126873116
1790096757725576448,8.134576416015632,9.881025653711541,-6.192884559922528,-3.3115177265075553
1790096757735576576,8.144576416015632,8.824215125369326,-5.953219397084661,-3.6813346305931147
1790096757745576448,8.154576416015633,7.310614875094982,-5.953258214662951,-4.214167166749551
1790096757755576576,8.164576416015633,6.881823080952091,-6.313788926184142,-4.2775706143271295
1790096757765576448,8.174576416015633,7.167593198266264,-6.676765809507623,-4.287137784170054
1790096757775576576,8.184576416015632,7.782628172375808,-6.191048686880621,-4.368188209866681
1790096757785576448,8.194576416015632,7.9545838103131015,-5.3985304221848756,-4.133841359601832
1790096757795576576,8.204576416015632,7.8957476257761785,-5.186239103853335,-3.814572105904947
1790096757805576448,8.214576416015632,8.202061432249401,-5.246607398119922,-3.9166552190882378
1790096757815576576,8.224576416015633,8.24744147305909,-5.699892280004019,-4.270182133882181
1790096757825576448,8.234576416015633,7.947438261490375,-6.670779250934701,-4.298964571290498
1790096757835576576,8.244576416015633,7.820162981879001,-7.472749294639827,-4.579634948353355
1790096757845576448,8.254576416015633,7.687565681869659,-7.450332235972716,-4.425806812959209
1790096757855576576,8.264576416015633,7.012958260584236,-6.861127100192674,-3.9083799816796807
1790096757865576448,8.274576416015632,6.291384700850318,-6.260489447725898,-3.212335760424444
1790096757875576576,8.284576416015632,6.1477997128202535,-5.711861309794001,-3.0463999790185894
1790096757885576448,8.294576416015634,6.998255167302386,-5.118809610275828,-3.4247512782433245
1790096757895576576,8.304576416015633,7.73827013516191,-4.592526682730146,-3.332625882917304
1790096757905576448,8.314576416015633,7.72027498610378,-4.773447296200159,-3.0533503412701823
1790096757915576576,8.324576416015633,7.671962331519648,-5.673438962019088,-3.063751507946667
1790096757925576448,8.334576416015633,8.210592920130608,-6.551441942895821,-3.594709886538183
1790096757935576576,8.344576416015633,9.302545735622687,-6.841889104106891,-4.043018777826799
1790096757945576448,8.354576416015632,10.267980458137501,-6.959086067433971,-4.170711407158841
1790096757955576576,8.364576416015632,10.352566677706958,-7.366224663877332,-4.450811875221815
1790096757965576448,8.374576416015632,9.39552833016827,-7.854877548789151,-4.481850251207702
1790096757975576576,8.384576416015634,8.166291362226572,-7.934951837602984,-3.9913584661937214
1790096757985576448,8.394576416015633,7.56582113159614,-7.684529970379165,-3.771567539581823
1790096757995576576,8.404576416015633,7.285800840915182,-7.219685226831268,-3.5191171621661232
1790096758005576448,8.414576416015633,6.588918252769821,-6.7648431633207675,-3.1307361502869484
1790096758015576576,8.424576416015633,5.817914136469545,-6.414077319433321,-3.040046350207335
1790096758025576448,8.434576416015632,5.724094501313645,-6.249360525630535,-3.3479141580494116
1790096758035576576,8.444576416015632,6.488525325367835,-6.196280319991459,-3.7631665920663617
1790096758045576448,8.454576416015634,7.423929597000205,-6.217655064969435,-3.9261716980375874
1790096758055576576,8.464576416015634,7.974559257228875,-6.169923365606946,-3.9207296374609375
1790096758065576448,8.474576416015633,8.072807439810504,-6.007052655826213,-3.9854654414023125
1790096758075576576,8.484576416015633,8.161942153490747,-5.728865280989914,-4.249716690236487
1790096758085576448,8.494576416015633,8.524033393557927,-5.451439588430521,-4.601795487667047
1790096758095576576,8.504576416015633,8.466615706272831,-5.6999820843231035,-4.573204957336458
1790096758105576448,8.514576416015633,8.136270873705845,-6.292174209585241,-4.16778663629189
1790096758115576576,8.524576416015632,8.051143462268449,-6.4576446377019945,-3.803462627090731
1790096758125576448,8.534576416015632,7.624052593329819,-6.505520702158674,-3.479908359877641
1790096758135576576,8.544576416015634,6.754088067547046,-6.3893211895834705,-3.1530397262255967
1790096758145576448,8.554576416015633,6.304566207100877,-5.696641006397417,-3.176680622252781
1790096758155576576,8.564576416015633,6.639752529689821,-4.809190183328946,-4.007961278356117
1790096758165576448,8.574576416015633,7.071947431499078,-4.641062932796851,-4.620811261016485
1790096758175576576,8.584576416015633,7.280255878972928,-5.186772171512919,-4.5650632574525325
1790096758185576448,8.594576416015633,7.322787770901239,-5.5790953125015115,-4.186870088023877
1790096758195576576,8.604576416015632,7.412464357058519,-5.838378097713995,-3.722314519172931
1790096758205576448,8.614576416015634,7.54927433442032,-5.590036112414732,-3.650899104708839
1790096758215576576,8.624576416015634,7.826733861559274,-4.964979160316641,-4.383730076900733
1790096758225576448,8.634576416015634,8.086967558790418,-4.742611549831199,-4.896217717259752
1790096758235576576,8.644576416015633,8.555010671626814,-4.93909502528376,-4.741146513071156
1790096758245576448,8.654576416015633,9.74239989138044,-5.315868253879411,-4.428648480983291
1790096758255576576,8.664576416015633,10.904681210863252,-5.835263942974897,-4.291691359421319
1790096758265576448,8.674576416015633,10.952072234424053,-6.262982823101768,-4.580398346981642
1790096758275576576,8.684576416015632,10.045645982247057,-6.339382807092619,-5.0696342827899885
1790096758285576448,8.694576416015632,8.863452195120074,-5.79765776987632,-5.671905698976728
1790096758295576576,8.704576416015634,7.8718684676549024,-5.150251052771217,-5.751926611910468
1790096758305576448,8.714576416015634,7.690971195637482,-4.565448490081133,-5.316140314084295
1790096758315576576,8.724576416015633,8.052573795348492,-4.175985407116916,-4.522038715899712
1790096758325576448,8.734576416015633,8.85284719561052,-3.7522814933637654,-4.431471559242593
1790096758335576576,8.744576416015633,9.141588276589005,-3.6876935530436437,-4.657529129385876
1790096758345576448,8.754576416015633,8.808724161102944,-3.5611145156749386,-5.108187739633212
1790096758355576576,8.764576416015633,8.288907053877569,-3.440439149187116,-5.15784140973867
1790096758365576448,8.774576416015634,8.751600541380506,-3.042651190605439,-5.075979116264781
1790096758375576576,8.784576416015634,9.84319599154456,-2.8711436919032645,-4.892537054094455
1790096758385576448,8.794576416015634,10.260046535067918,-3.3101887473359,-4.633058385495529
1790096758395576576,8.804576416015633,9.474716506290912,-3.998254217048629,-4.36072551763833
1790096758405576448,8.814576416015633,7.577828229226586,-4.618409265700097,-4.258872356606459
1790096758415576576,8.824576416015633,5.6229948556596625,-4.888037807683205,-3.995542706650271
1790096758425576448,8.834576416015633,5.054762160096635,-4.525648193971014,-3.7016826375119676
1790096758435576576,8.844576416015633,5.481672820397718,-4.047139917619561,-3.16644674349339
1790096758445576448,8.854576416015632,6.862558521633146,-3.3943766308176366,-2.820523894364973
1790096758455576576,8.864576416015634,10.039840482087422,-2.5325903773394995,-2.6490394818482152
1790096758465576448,8.874576416015634,14.438656228683739,-1.3197904790373658,-3.440074079017907
1790096758475576576,8.884576416015634,17.013683598749303,-1.0463553731534274,-4.2947424415115005
1790096758485576448,8.894576416015633,14.990464100321319,-2.172014405988815,-3.913058394655004
1790096758495576576,8.904576416015633,9.899555721592824,-3.184204344575043,-3.587570310627723
1790096758505576448,8.914576416015633,8.766907445158841,-2.8519161508827446,-4.492482781451041
1790096758515576576,8.924576416015633,9.608728118963187,-2.8038322702475793,-4.966294918114941
1790096758525576448,8.934576416015634,8.284671521340098,-3.419986976295281,-3.958082549214502
1790096758535576576,8.944576416015634,7.4531946851749735,-3.1036247990340264,-2.9827398343517872
1790096758545576448,8.954576416015634,7.422608851509558,-2.446127035781211,-2.536255945034515
1790096758555576576,8.964576416015634,6.417775686648106,-2.237280512189375,-1.6366299752456592
1790096758565576448,8.974576416015633,5.66455942705612,-1.869811049176836,-0.7315766455752457
1790096758575576576,8.984576416015633,6.990698517196311,-1.1376662747715456,-0.42026950937140795
1790096758585576448,8.994576416015633,9.223222791691967,-0.46493097572140607,-0.6286715538152683
1790096758595576576,9.004576416015633,7.897658113040041,0.12184444046525683,-1.3893172427167506
1790096758605576448,9.014576416015633,4.165540072906972,0.4040517312183535,-2.1064834131336907
1790096758615576576,9.024576416015634,2.840294238076093,0.5767289183049304,-1.525857029137018
1790096758625576448,9.034576416015634,3.718036538407969,0.738425527379886,-0.022600924263417532
1790096758635576576,9.044576416015634,5.554101482614514,1.187376641360903,0.452658817904456
1790096758645576448,9.054576416015633,5.631628038671531,1.8693365867270335,0.20050850792364017
1790096758655576576,9.064576416015633,4.210259944469739,2.757844884926684,0.16371261709908524
1790096758665576448,9.074576416015633,4.356499818212395,3.669241490175832,-0.10053731612281754
1790096758675576576,9.084576416015633,6.756703143708033,4.475596561048743,-0.5950945023405144
1790096758685576448,9.094576416015634,11.396334337714503,5.234176547676227,-1.898030058432774
1790096758695576576,9.104576416015634,15.720484695739456,5.272610333536663,-3.2741200269603254
1790096758705576448,9.114576416015634,14.348664852284072,4.5697210691562065,-4.298489843449886
1790096758715576576,9.124576416015634,12.083799563013313,3.4473732003064628,-5.701755631002816
1790096758725576448,9.134576416015634,11.37677372522668,2.0522392274048737,-6.978118784222572
1790096758735576576,9.144576416015633,10.81020966417346,0.7247413241149024,-6.8844425682260795
1790096758745576448,9.154576416015633,9.17707230605008,-0.15159633094215852,-5.794223327446018
1790096758755576576,9.164576416015633,8.349837849367242,-0.5146972275273596,-4.589761814515966
1790096758765576448,9.174576416015633,8.953881041536553,-0.5410960293548139,-3.52772040315294
1790096758775576576,9.184576416015634,10.246755221841731,-0.40712412271775056,-2.3963504997989156
1790096758785576448,9.194576416015634,11.363056155075231,-0.37015842133747184,-1.536954052494958
1790096758795576576,9.204576416015634,11.620181370441113,-0.5296420826739623,-1.217321334060083
1790096758805576448,9.214576416015634,10.96038991018891,-0.9405783365153987,-2.0006568787350623
1790096758815576576,9.224576416015633,8.632847407167674,-1.5372249980171675,-2.8341958557132227
1790096758825576448,9.234576416015633,6.127338395294044,-1.9673099296387242,-3.1742614955303647
1790096758835576576,9.244576416015633,4.449599115330877,-2.271800936519069,-3.0631082394738747
1790096758845576448,9.254576416015635,3.5079758485885555,-2.5324815854133584,-2.8881957208582443
1790096758855576576,9.264576416015634,2.9889041678022132,-2.653380509362622,-2.5218647369717853
1790096758865576448,9.274576416015634,2.850738430149166,-2.551865641558292,-1.7550926860555398
1790096758875576576,9.284576416015634,3.0271398451025053,-2.384959647780741,-0.8703709873895735
1790096758885576448,9.294576416015634,3.5898027485629367,-2.2733539698809686,-0.1529254004793727
1790096758895576576,9.304576416015633,4.497239785873337,-2.2111206035050093,0.3672366278656415
1790096758905576448,9.314576416015633,5.373464743119928,-2.134070888456837,0.4612665275319716
1790096758915576576,9.324576416015633,5.046381711773786,-2.0558129483879015,0.12823563218305734
1790096758925576448,9.334576416015633,3.7325590526798473,-1.955934174345835,-0.35989161871077546
1790096758935576576,9.344576416015634,3.126967928983604,-1.8396873226568733,-0.9277617106066914
1790096758945576448,9.354576416015634,3.661645794567522,-1.7800263161332677,-1.6399411462361169
1790096758955576576,9.364576416015634,4.569599705512057,-1.9812838286190928,-2.1634332476447606
1790096758965576448,9.374576416015634,5.858890772379594,-2.2269608335883104,-2.8250663141558414
1790096758975576576,9.384576416015634,7.537531482071959,-2.3541216471506776,-3.9864749879926733
1790096758985576448,9.394576416015633,8.3027582973757,-2.7650277326116157,-4.911444350153314
1790096758995576576,9.404576416015633,7.409721150918486,-3.5203213628857135,-5.91292781089366
1790096759005576448,9.414576416015635,6.064356543535671,-4.766705118649233,-6.511824719762791
1790096759015576576,9.424576416015634,6.220549981383359,-6.346972920765993,-6.37499452557896
1790096759025576448,9.434576416015634,8.142454484350306,-7.351637496370705,-5.799286755870269
1790096759035576576,9.444576416015634,10.817519872816758,-7.653163720288704,-5.597809100478795
1790096759045576448,9.454576416015634,13.343069350069577,-7.408699049179811,-6.633979646273702
1790096759055576576,9.464576416015634,13.778687537328393,-7.043799823654928,-8.412659565043532
1790096759065576448,9.474576416015633,11.853370212054584,-7.510778521526586,-9.453074736021325
1790096759075576576,9.484576416015633,9.538136052750035,-8.4453205065672,-8.648524249830553
1790096759085576448,9.494576416015633,8.135920732077908,-8.015911525111923,-6.399008866954967
1790096759095576576,9.504576416015635,7.0626948109919185,-6.9528391696461185,-4.772284592704372
1790096759105576448,9.514576416015634,7.136007267834503,-6.112691084814843,-3.661023298033834
1790096759115576576,9.524576416015634,8.908999531455851,-5.4892557293887965,-3.6964289226881597
1790096759125576448,9.534576416015634,10.82185208436694,-5.043474198128317,-4.70562986346973
1790096759135576576,9.544576416015634,10.208709088348671,-4.727324236393557,-5.572218977432881
1790096759145576448,9.554576416015633,8.739312973140064,-5.018259573377273,-6.109518797518663
1790096759155576576,9.564576416015633,8.917051238886284,-5.6405449333480675,-6.324262075515489
1790096759165576448,9.574576416015635,9.816032630901939,-5.86887161328663,-6.161134274515319
1790096759175576576,9.584576416015635,9.556700096302892,-5.632792117597819,-5.739678764641774
1790096759185576448,9.594576416015634,8.259694911588541,-5.36233181438269,-5.383960844626639
1790096759195576576,9.604576416015634,7.380300705256648,-5.057375666014943,-5.094512946961626
1790096759205576448,9.614576416015634,6.98242566696111,-4.64246742971893,-4.919571933359402
1790096759215576576,9.624576416015634,6.761689286996316,-4.050415258183469,-4.578709850777658
1790096759225576448,9.634576416015634,6.393567409023408,-3.3891398241958712,-4.004868038482534
1790096759235576576,9.644576416015633,5.81626438179999,-3.032521807042936,-3.1964605509794213
1790096759245576448,9.654576416015633,5.247866796909552,-3.126809684750634,-2.230954258943204
1790096759255576576,9.664576416015635,5.111823220349482,-3.3997093984255096,-1.6415867501023733
1790096759265576448,9.674576416015634,6.021096524960951,-3.7433856705473385,-1.705516543966171
1790096759275576576,9.684576416015634,7.715706227769738,-4.178917846485235,-1.9656136694075388
1790096759285576448,9.694576416015634,8.750508330888026,-4.873259669834546,-2.461358912233442
1790096759295576576,9.704576416015634,9.25814725094848,-5.876723988327375,-3.101208647143192
1790096759305576448,9.714576416015634,9.58139025622506,-7.166644695783816,-3.9856310195175477
1790096759315576576,9.724576416015633,9.109975797726657,-7.828717195788026,-4.683583818941127
1790096759325576448,9.734576416015635,8.518504684820694,-7.8328198596042435,-5.002696705808554
1790096759335576576,9.744576416015635,8.36611623339963,-7.377439390136486,-5.352658629895784
1790096759345576448,9.754576416015635,8.59593758537403,-6.961381397985641,-4.990954233691074
1790096759355576576,9.764576416015634,8.681710666402154,-6.801446178638612,-4.471751242317914
1790096759365576448,9.774576416015634,8.054466460300487,-6.837564218961365,-4.384129692957894
1790096759375576576,9.784576416015634,7.215333678233291,-7.043206437157404,-4.206308334066728
1790096759385576448,9.794576416015634,6.802164912986281,-7.417215903400763,-3.808973834871792
1790096759395576576,9.804576416015633,6.695968591016155,-7.763544126619387,-3.3588012470938304
1790096759405576448,9.814576416015633,6.619549116807901,-7.85526456813123,-3.017885355540368
1790096759415576576,9.824576416015635,6.910488756294418,-7.519791346329401,-3.120327569684715
1790096759425576448,9.834576416015635,7.179674628842504,-6.849218263025446,-3.397914245323956
1790096759435576576,9.844576416015634,6.8016378295382935,-6.269257407767156,-3.5995903393668747
1790096759445576448,9.854576416015634,6.262538107633181,-5.853850700438023,-3.7502431190517562
1790096759455576576,9.864576416015634,5.636279836690555,-5.7484182654947755,-3.821220617478869
1790096759465576448,9.874576416015634,5.210356016061703,-5.8624738613480005,-3.8958105542034995
1790096759475576576,9.884576416015634,5.921205466563579,-5.612382172099087,-4.937012478508615
1790096759485576448,9.894576416015635,6.94044107920308,-5.29500323616475,-5.343384362081943
1790096759495576576,9.904576416015635,7.380371879636483,-5.650006042926696,-5.024720662172572
1790096759505576448,9.914576416015635,8.014939819607523,-6.292181450506302,-4.548424358801375
1790096759515576576,9.924576416015634,8.754713856506806,-6.649916746482451,-4.338484362821739
1790096759525576448,9.934576416015634,9.20571315207957,-6.600576106399794,-4.313865658879476
1790096759535576576,9.944576416015634,8.938441637311465,-6.317565932306501,-4.3680884838043115
1790096759545576448,9.954576416015634,8.395609398537905,-5.963174064582361,-4.383137478707727
1790096759555576576,9.964576416015634,7.853368077743679,-5.870374485019479,-4.26107507466929
1790096759565576448,9.974576416015633,7.074984508819441,-6.056589323664862,-3.885992151543567
1790096759575576576,9.984576416015635,6.390229889815522,-6.139764124443715,-3.425426400593467
1790096759585576448,9.994576416015635,6.373775822599481,-5.96646981985098,-3.0949682202889215
1790096759595576576,10.004576416015635,6.9946545581903905,-5.5540586648007,-3.171016536415283
1790096759605576448,10.014576416015634,7.5925480151886315,-5.284102013741452,-3.96861037059135
1790096759615576576,10.024576416015634,8.01520339775377,-5.275261354842859,-4.2768319392675185
1790096759625576448,10.034576416015634,8.096572720814043,-5.625264086326848,-4.099077836687315
1790096759635576576,10.044576416015634,8.717915009219409,-5.7040549435568755,-4.319593146188152
1790096759645576448,10.054576416015635,9.691941980135306,-5.527047541533998,-5.086784885389004
1790096759655576576,10.064576416015635,9.732020229593381,-5.905334530046447,-5.543608652326059
1790096759665576448,10.074576416015635,8.671383302702203,-6.628163388107422,-5.35009706802961
1790096759675576576,10.084576416015635,7.69259624251425,-6.862472768349606,-4.78670973184903
1790096759685576448,10.094576416015634,7.23728133022264,-6.387202283798531,-4.375394022906258
1790096759695576576,10.104576416015634,6.983061012430075,-5.54269727288833,-4.417939074713683
1790096759705576448,10.114576416015634,6.8773062232493585,-4.9348236577489795,-4.568759618550343
1790096759715576576,10.124576416015634,7.4520841179712,-4.5398922202678245,-4.752923396055532
1790096759725576448,10.134576416015634,8.803084114080992,-4.317955396869953,-5.1564387071789435
1790096759735576576,10.144576416015635,10.26145644438646,-4.3525880976724585,-5.487390189791142
1790096759745576448,10.154576416015635,10.592565221950165,-4.680559888333088,-5.853881165036367
1790096759755576576,10.164576416015635,9.598560675463082,-5.229134854729741,-6.062950298492411
1790096759765576448,10.174576416015634,8.287822787928949,-5.269027833264183,-6.612926391640753
1790096759775576576,10.184576416015634,6.717715027070732,-5.137307865673246,-6.381041972583077
1790096759785576448,10.194576416015634,5.50723185817858,-4.725722250930922,-5.447088539798488
1790096759795576576,10.204576416015634,5.790216520738615,-3.8462095458887546,-4.3762092265156465
1790096759805576448,10.214576416015635,6.803908494565451,-2.887064994926068,-3.645845647124218
1790096759815576576,10.224576416015635,8.01625019089582,-2.2653511887940403,-2.9870174614535556
1790096759825576448,10.234576416015635,9.123695936092538,-2.0018029922819816,-3.3790265075761465
1790096759835576576,10.244576416015635,9.102267726483788,-2.388264837386895,-3.968995171868657
1790096759845576448,10.254576416015635,7.5686328447517335,-2.9460509133077504,-4.359139632141627
1790096759855576576,10.264576416015634,6.222065410056508,-3.241608723489824,-4.644520115578962
1790096759865576448,10.274576416015634,6.379277145403233,-3.204523671003625,-4.659775228458214
1790096759875576576,10.284576416015634,7.553430558586206,-2.9087548802778387,-4.400193257098126
1790096759885576448,10.294576416015634,9.564344908938908,-2.5021963829245086,-4.435294591205472
1790096759895576576,10.304576416015635,11.550748796250623,-2.452672949284734,-4.5367578166134
1790096759905576448,10.314576416015635,11.639743284657312,-3.0224283681235775,-4.2565685822572075
1790096759915576576,10.324576416015635,9.564924726715413,-3.6401136005771284,-3.980475036899659
1790096759925576448,10.334576416015635,7.300002334313859,-3.6057917031002233,-3.8223539383537815
1790096759935576576,10.344576416015634,6.682044135097828,-2.9962743041528226,-3.338114896417469
1790096759945576448,10.354576416015634,7.374463936187218,-1.7784593161868119,-2.5899966289803915
1790096759955576576,10.364576416015634,9.00304846239987,-0.4226942798029452,-2.052927291346209
1790096759965576448,10.374576416015636,10.459439072074465,0.5682349708272778,-2.2525050246397043
1790096759975576576,10.384576416015635,10.233018843381233,-0.05360504529573477,-2.462539665608664
1790096759985576448,10.394576416015635,9.314782951301806,-0.7391779646153388,-2.8605354520193598
1790096759995576576,10.404576416015635,8.586307783355418,-0.9231077507847838,-3.2271827593273628
1790096760005576448,10.414576416015635,7.406061712084667,-1.2703375833329598,-3.319182094073972
1790096760015576576,10.424576416015634,6.535278100745513,-1.5462908148659027,-3.1223656356489955
1790096760025576448,10.434576416015634,6.329362646238154,-1.6192710846225769,-2.7026526664152777
1790096760035576576,10.444576416015634,6.537839538663802,-1.2145566493616708,-2.1558456543346467
1790096760045576448,10.454576416015634,6.71682743902561,-0.20608346982253534,-1.720687521679825
1790096760055576576,10.464576416015635,6.240716762850161,0.7237942386189062,-1.443945099669204
1790096760065576448,10.474576416015635,5.544635913186815,1.2749539861578925,-1.4354906908993805
1790096760075576576,10.484576416015635,5.08834806232866,1.505993003575025,-1.0945599778756054
1790096760085576448,10.494576416015635,5.518665997941339,1.7358593379487377,-0.6266792570882737
1790096760095576576,10.504576416015635,5.687332964499282,1.6812801889975415,0.24304064708722684
1790096760105576448,10.514576416015634,7.080756165914854,2.16088546672304,0.26121715366872605
1790096760115576576,10.524576416015634,9.883826952204553,2.1932692826079707,-0.6746771284744489
1790096760125576448,10.534576416015636,10.7867229464932,1.3572536735892005,-2.235839225428244
1790096760135576576,10.544576416015635,10.799677288554483,0.6649694832213997,-2.76930282313624
1790096760145576448,10.554576416015635,9.58849929413367,0.6253953599214002,-3.1504294983321115
1790096760155576576,10.564576416015635,9.231049663279464,0.4906046373697267,-4.044947122361538
1790096760165576448,10.574576416015635,7.8731414541032505,-0.2832769348179716,-4.23201443041194
1790096760175576576,10.584576416015635,6.78264878300121,-0.6900161177862196,-3.5691810818998277
1790096760185576448,10.594576416015634,7.426381953005816,-0.6774678826332092,-2.9309133196547963
1790096760195576576,10.604576416015634,8.770221560988535,-0.7098174622856831,-2.41086331281136
1790096760205576448,10.614576416015634,9.351125442214729,-0.8050284221341762,-1.905041822692235
1790096760215576576,10.624576416015636,8.723685536239065,-0.7642113649482244,-1.6342525381029218
1790096760225576448,10.634576416015635,8.04374842837587,-0.37747718702731087,-1.6998182310957521
1790096760235576576,10.644576416015635,7.883831125932049,0.017340233037246577,-2.2342499838562757
1790096760245576448,10.654576416015635,7.47315636444335,-0.07667754520506567,-2.7890840319892876
1790096760255576576,10.664576416015635,6.508334817307383,-0.3168480810946642,-3.0280970347049587
1790096760265576448,10.674576416015634,6.685325770262296,-0.5145445019846013,-2.8775514271215865
1790096760275576576,10.684576416015634,7.243063352605719,-0.5909071184950312,-2.5665294144651813
1790096760285576448,10.694576416015636,8.218532673901302,-0.5565943956160018,-2.5199087484611
1790096760295576576,10.704576416015636,8.605351920695941,-0.6515193135694433,-2.6336838619554492
1790096760305576448,10.714576416015635,7.364086484401486,-0.8461721346437746,-2.7730282873912517
1790096760315576576,10.724576416015635,6.278684143968919,-1.1635507310468463,-2.9142437645249353
1790096760325576448,10.734576416015635,6.085152018783947,-1.4377001056307153,-3.0060149054243235
1790096760335576576,10.744576416015635,6.763043252337853,-1.685436239442786,-3.1351891100330795
1790096760345576448,10.754576416015635,7.754371941116628,-1.7985625374533734,-3.315611201972176
1790096760355576576,10.764576416015634,8.559983897520379,-1.7611720249839715,-3.5801065838708834
1790096760365576448,10.774576416015634,9.585602970959286,-1.6518772595256976,-3.9914334281932504
1790096760375576576,10.784576416015636,10.95209428347224,-1.6836590675208958,-4.535264070217999
1790096760385576448,10.794576416015635,11.410470191330141,-1.965276408123685,-5.094276588338168
1790096760395576576,10.804576416015635,9.81625891707221,-2.484979693243721,-5.668453363889964
1790096760405576448,10.814576416015635,8.056744617242176,-3.13320597093186,-5.8444270124339175
1790096760415576576,10.824576416015635,7.785248969077437,-3.6836431724861494,-5.871304133370052
1790096760425576448,10.834576416015635,7.330422174167107,-4.1863600279590605,-5.494098362612611
1790096760435576576,10.844576416015634,6.575540292568211,-4.793172576353927,-4.695777948948285
1790096760445576448,10.854576416015636,7.311158980721538,-4.982696532635202,-4.136049088909966
1790096760455576576,10.864576416015636,9.71094516565553,-4.8722792900678495,-4.108023594329136
1790096760465576448,10.874576416015636,11.260450197148158,-4.820619538064307,-4.093765042576298
1790096760475576576,10.884576416015635,9.858864350229398,-4.77783595981235,-4.426741385126092
1790096760485576448,10.894576416015635,7.028855036946477,-4.951817956671269,-4.666837383706191
1790096760495576576,10.904576416015635,6.149335894601529,-5.1563512247112335,-4.79313042299078
1790096760505576448,10.914576416015635,7.102112397390399,-5.230189532914429,-4.59872152741612
1790096760515576576,10.924576416015634,8.224006456965464,-5.102759431327187,-4.083262947351039
1790096760525576448,10.934576416015634,8.923351667345715,-4.830780171980881,-3.905336052830293
1790096760535576576,10.944576416015636,9.070651679675986,-4.444685249758434,-4.581938155039292
1790096760545576448,10.954576416015636,8.829318857603884,-4.378156155733187,-5.639513554877614
1790096760555576576,10.964576416015635,8.27947528177572,-5.048346372887902,-6.088288011775756
1790096760565576448,10.974576416015635,7.305738349096894,-5.795260597097228,-5.844698527500488
1790096760575576576,10.984576416015635,6.098261521678796,-5.854186422696064,-4.989395240299812
1790096760585576448,10.994576416015635,5.167926411602066,-5.273707712242526,-3.700961789290807
1790096760595576576,11.004576416015635,4.806920414274973,-4.7484402890208,-2.911233774298708
1790096760605576448,11.014576416015636,5.455306356905258,-4.322418962336195,-3.0397502410319084
1790096760615576576,11.024576416015636,6.874163706936746,-4.294536301924852,-3.3130196299680805
1790096760625576448,11.034576416015636,8.551002775816658,-4.270381991746134,-3.403965739448601
1790096760635576576,11.044576416015635,9.072047949238453,-4.35706275763483,-3.5018098598881666
1790096760645576448,11.054576416015635,8.765024769423025,-5.057443732159312,-3.9533485988315853
1790096760655576576,11.064576416015635,8.1511515672326,-6.661500000961716,-4.721498221630451
1790096760665576448,11.074576416015635,7.998002602242693,-8.357136331039527,-5.180457550762294
1790096760675576576,11.084576416015635,7.986558454920962,-9.057832112632926,-4.999073212587905
1790096760685576448,11.094576416015634,7.969837426985117,-8.421160698627332,-4.609188443528864
1790096760695576576,11.104576416015636,8.0518732784986,-7.143533719285041,-4.466126298426298
1790096760705576448,11.114576416015636,7.892001616179907,-6.1690947720806655,-4.210048238861047
1790096760715576576,11.124576416015636,7.656213954190785,-5.765303636814201,-4.23756448095434
1790096760725576448,11.134576416015635,7.5267991588151455,-5.823116046738916,-4.30270490273147
1790096760735576576,11.144576416015635,7.7000181013320805,-6.186019449201597,-4.118507886185238
1790096760745576448,11.154576416015635,8.404482892066152,-6.890936591409235,-3.9245706098246504
1790096760755576576,11.164576416015635,9.34057805632812,-7.344996686174919,-4.083128593693832
1790096760765576448,11.174576416015636,9.467762898423164,-7.258555020349699,-4.663363209527309
1790096760775576576,11.184576416015636,8.744109853305591,-7.113551028828754,-4.802260950815282
1790096760785576448,11.194576416015636,8.4822144460443,-6.769155097569384,-4.584985495613649
1790096760795576576,11.204576416015636,8.4171380397969,-6.489828553566386,-4.2495216144360946
1790096760805576448,11.214576416015635,8.081442277922184,-6.348816078478709,-4.049104795160276
1790096760815576576,11.224576416015635,7.169200587038791,-6.266403747028948,-3.770730034873674
1790096760825576448,11.234576416015635,6.343787755733458,-5.932652194065087,-3.345062018521103
1790096760835576576,11.244576416015635,5.744721739960193,-5.192380106741755,-3.0233811081023774
1790096760845576448,11.254576416015635,4.898184573077239,-4.618097085866672,-2.6527402488340797
1790096760855576576,11.264576416015636,4.212026612741651,-4.208847476051726,-2.5564737853474075
1790096760865576448,11.274576416015636,4.857273788349982,-3.6861002685424005,-3.402211796278581
1790096760875576576,11.284576416015636,6.151181451678493,-3.3073665199446705,-4.228274922954114
1790096760885576448,11.294576416015635,6.958804834287896,-3.645275720628079,-4.1383826128217995
1790096760895576576,11.304576416015635,7.927074458124195,-4.956494568538968,-4.15685892634944
1790096760905576448,11.314576416015635,9.115642258977248,-6.792683473157045,-4.222663524520607
1790096760915576576,11.324576416015635,9.648672424202537,-8.324056228351155,-4.402185232169159
1790096760925576448,11.334576416015636,9.522544757101493,-8.036372560013007,-4.99937939811276
1790096760935576576,11.344576416015636,8.664349207893126,-6.640749712984105,-5.0215407914183725
1790096760945576448,11.354576416015636,7.941082312909197,-5.458560566243699,-4.990290298164199
1790096760955576576,11.364576416015636,7.228658825682164,-5.436562924952699,-4.709284603086231
1790096760965576448,11.374576416015636,7.114310861048107,-6.168537031064812,-4.642162499184333
1790096760975576576,11.384576416015635,7.581928995618046,-7.323176926079139,-4.48679304021638
1790096760985576448,11.394576416015635,7.87889518468553,-8.297439283486405,-4.337913383445787
1790096760995576576,11.404576416015635,7.71338544191981,-8.383516152699318,-4.2759153904058484
1790096761005576448,11.414576416015635,7.4121240731112135,-7.576907502149958,-4.3172075204699185
1790096761015576576,11.424576416015636,7.299018654241281,-6.2563744070735945,-4.58323718023873
1790096761025576448,11.434576416015636,7.335986614918919,-5.374637659407315,-4.77292526943672
1790096761035576576,11.444576416015636,7.4869233098412735,-5.345966601112144,-4.681424751416405
1790096761045576448,11.454576416015636,7.761285279137024,-5.715342495250356,-4.334793451538403
1790096761055576576,11.464576416015635,8.241719898176987,-5.874486471586544,-4.056081141060929
1790096761065576448,11.474576416015635,8.327442235310038,-5.922989135410872,-3.9610415031969195
1790096761075576576,11.484576416015635,7.724747667828459,-5.9704733301720525,-4.024505413885652
1790096761085576448,11.494576416015637,6.652791515515192,-5.8069207059149575,-4.066509411856247
1790096761095576576,11.504576416015636,5.686447902150731,-5.346010767030655,-4.228128205374424
1790096761105576448,11.514576416015636,5.499023328723716,-4.875197165699387,-4.179990045229807
1790096761115576576,11.524576416015636,6.118013787250669,-4.4331647026721415,-4.182958774810616
1790096761125576448,11.534576416015636,7.402165439851466,-4.272495975021836,-4.124337696009656
1790096761135576576,11.544576416015635,8.66774237292152,-4.5065149372734,-4.145368021520263
1790096761145576448,11.554576416015635,9.260863331605519,-4.936172680871402,-4.263497950607511
1790096761155576576,11.564576416015635,9.11883243429237,-5.275135681014321,-4.71851308490793
1790096761165576448,11.574576416015635,8.589314106093004,-5.279971340789159,-5.371966135752181
1790096761175576576,11.584576416015636,8.131694248184777,-5.001993389865214,-5.796803452332237
1790096761185576448,11.594576416015636,8.094242696223938,-4.582060543720374,-5.949232679017338
1790096761195576576,11.604576416015636,8.709533469654575,-4.266106896922481,-5.838509424833324
1790096761205576448,11.614576416015636,9.90366422198377,-4.020137126332496,-5.570061157688626
1790096761215576576,11.624576416015636,10.950323379574826,-3.9004979914872426,-5.6502975939102065
1790096761225576448,11.634576416015635,10.776816167344423,-4.084149195515853,-5.902813415261331
1790096761235576576,11.644576416015635,9.666717997858138,-4.350305792644054,-6.035608064384337
1790096761245576448,11.654576416015637,8.392292408337736,-4.379921857227163,-6.126414460361138
1790096761255576576,11.664576416015636,7.327931785582405,-4.332602310625214,-5.767509474009168
1790096761265576448,11.674576416015636,6.682934019151739,-4.17861818033479,-5.113633493992244
1790096761275576576,11.684576416015636,7.067110353285926,-3.7748381219564022,-4.551708223077658
1790096761285576448,11.694576416015636,7.510427021530513,-3.5726342466395833,-4.184433899539585
1790096761295576576,11.704576416015636,7.863884089293558,-3.5107039320899713,-4.024508880255774
1790096761305576448,11.714576416015635,8.091506904508474,-3.3727797693943007,-4.170139874078138
1790096761315576576,11.724576416015635,7.918685000636868,-3.319072435049569,-3.8959537056075817
1790096761325576448,11.734576416015635,7.5825969768856725,-3.136127375996628,-3.6202473892868654
1790096761335576576,11.744576416015637,7.5615617375030455,-2.8088916852166372,-3.468952069897551
1790096761345576448,11.754576416015636,8.00429045411236,-2.444815877063368,-3.4462584665790077
1790096761355576576,11.764576416015636,8.627755143612163,-2.1649098052048865,-3.2598966370925435
1790096761365576448,11.774576416015636,9.106227799667677,-1.8658851951055735,-2.8845095656686186
1790096761375576576,11.784576416015636,8.826144988600747,-1.597632219289106,-2.423304427744279
1790096761385576448,11.794576416015635,7.999043167684767,-1.2597100629208975,-2.1610902320568215
1790096761395576576,11.804576416015635,7.602932752060058,-0.8362392847244104,-2.2113638016082597
1790096761405576448,11.814576416015637,7.230517824472938,-0.7043606737088599,-2.2900935014007295
1790096761415576576,11.824576416015637,7.259085872963771,-0.8353588122401132,-2.400832240767089
1790096761425576448,11.834576416015636,7.774211865526298,-1.0345378245085484,-2.5864361271369707
1790096761435576576,11.844576416015636,8.401238785383606,-1.1995956891311461,-2.4900793192600696
1790096761445576448,11.854576416015636,8.189577077120475,-0.998801970821181,-2.523877650448482
1790096761455576576,11.864576416015636,7.491556100244003,-0.7262680856219789,-2.5823171961278897
1790096761465576448,11.874576416015636,6.450916511479336,-0.7107118344561232,-2.4372713233736882
1790096761475576576,11.884576416015635,5.836905749465622,-0.700953967905743,-2.0392365682556983
1790096761485576448,11.894576416015635,5.70324344383104,-0.3867686510101368,-1.6101946360513433
1790096761495576576,11.904576416015637,6.167143732835663,0.3150137355593153,-1.2652943533300218
1790096761505576448,11.914576416015636,6.83936120183766,1.1002529899748734,-1.297557520403068
1790096761515576576,11.924576416015636,6.904126690570167,1.3767023972913304,-1.376244392607832
1790096761525576448,11.934576416015636,6.751576477788194,1.3087168077766134,-1.4774871362177204
1790096761535576576,11.944576416015636,7.1751294776883,1.4817641732894935,-1.662491557290541
1790096761545576448,11.954576416015636,7.314739924692358,1.4908062427377315,-1.8562936800066054
1790096761555576576,11.964576416015635,7.62428495495581,1.5260255832310352,-2.0014379435549543
1790096761565576448,11.974576416015637,8.920273027414156,1.4310646858195182,-2.1369208836068427
1790096761575576576,11.984576416015637,10.881571129924277,1.2019167274418352,-2.8751457707294485
1790096761585576448,11.994576416015637,11.61405029233706,0.5507111266003998,-3.6234847173551676
1790096761595576576,12.004576416015636,10.549999662731297,0.11326103494904022,-4.352347021648819
1790096761605576448,12.014576416015636,8.117968368083567,-0.2813128312845955,-4.3547031629334345
1790096761615576576,12.024576416015636,6.373673052961266,-0.3169461999169364,-4.19543109616856
1790096761625576448,12.034576416015636,5.989800247143831,-0.3617508251406766,-3.537107377465683
1790096761635576576,12.044576416015635,7.452194285784569,-0.14251127109949943,-2.5501761695934957
1790096761645576448,12.054576416015635,9.84570575750492,0.20041654457223335,-2.4074896079691666
1790096761655576576,12.064576416015637,11.076535722573364,-0.11732166397295093,-2.584571194111705
1790096761665576448,12.074576416015637,9.838156576334384,-0.6652026931541236,-2.6827237919987827
1790096761675576576,12.084576416015636,7.610812383850369,-0.8845007863869941,-2.7410001076450987
1790096761685576448,12.094576416015636,6.161657462369863,-0.8931163878274948,-2.6852538024656947
1790096761695576576,12.104576416015636,6.226370033777742,-0.6330107813388158,-2.4204643562769017
1790096761705576448,12.114576416015636,7.4218188333734165,-0.23311328128005937,-2.552802670323753
1790096761715576576,12.124576416015636,8.383197813471984,-0.29018448979515643,-2.8068849193097756
1790096761725576448,12.134576416015637,8.543974880899198,-0.8749254131457435,-2.633589571863816
1790096761735576576,12.144576416015637,8.914012746684788,-1.3310363930719094,-2.691272568324366
1790096761745576448,12.154576416015637,9.064846961741853,-1.6813655452439296,-2.914919129927665
1790096761755576576,12.164576416015636,7.750611013691187,-1.8610914665960088,-3.0706471762349787
1790096761765576448,12.174576416015636,6.556279804138179,-1.9312249227064988,-2.935338963587907
1790096761775576576,12.184576416015636,6.892022969420226,-1.899571036218038,-2.9585437852959355
1790096761785576448,12.194576416015636,7.490865722834986,-1.9097039250948609,-3.114364953626801
1790096761795576576,12.204576416015636,7.831503409532333,-1.8863727969074504,-3.295147922822779
1790096761805576448,12.214576416015635,8.729854678664696,-1.891911208731595,-3.4290271512588526
1790096761815576576,12.224576416015637,10.271124672444719,-2.0391631100657364,-3.628392914335969
1790096761825576448,12.234576416015637,10.702636458803928,-2.233029171704909,-4.139695580826047
1790096761835576576,12.244576416015637,8.764501228417618,-2.407706631295519,-4.851565554574283
1790096761845576448,12.254576416015636,6.545215040179088,-2.827548154958178,-5.004404933353953
1790096761855576576,12.264576416015636,6.5333529626493,-3.4181431324802283,-4.7065390087534755
1790096761865576448,12.274576416015636,8.49127074311537,-3.93601606105324,-4.464070357227932
1790096761875576576,12.284576416015636,10.7496835186971,-4.145889845020463,-4.543075320079299
1790096761885576448,12.294576416015637,10.690982589631554,-4.31429627447443,-4.996142597465947
1790096761895576576,12.304576416015637,8.30294720338487,-4.626173384246643,-5.729805564261358
1790096761905576448,12.314576416015637,6.649418948751635,-5.194997025734798,-5.807575369992647
1790096761915576576,12.324576416015637,6.768999976008081,-5.635763747715417,-5.306897671868595
1790096761925576448,12.334576416015636,7.291783400230397,-5.719099210830248,-4.393743939018387
1790096761935576576,12.344576416015636,8.603016018365768,-5.274222075862617,-3.7073940856143266
1790096761945576448,12.354576416015636,9.819889238836314,-4.397048071213271,-3.74799333184417
1790096761955576576,12.364576416015636,8.75891300076141,-3.597428066079873,-4.346491135418024
1790096761965576448,12.374576416015636,6.467999969061651,-3.4146653778559326,-5.014836270277588
1790096761975576576,12.384576416015637,6.689527683180166,-3.89965341641423,-5.095068443330599
1790096761985576448,12.394576416015637,9.689358428898565,-4.446134583835172,-4.698852515707722
1790096761995576576,12.404576416015637,11.456000123526609,-4.99108073189752,-4.266036604659095
1790096762005576448,12.414576416015636,9.756727887586619,-5.546535635423615,-4.6627103586419745
1790096762015576576,12.424576416015636,7.273386164956502,-6.035480156593478,-5.860903928138559
1790096762025576448,12.434576416015636,6.606522675293704,-6.518855015278804,-6.1266099102196145
1790096762035576576,12.444576416015636,6.511670574318316,-6.739980232514692,-5.017681241679038
1790096762045576448,12.454576416015637,6.7132006996478335,-6.2997015532128025,-3.931391538711973
1790096762055576576,12.464576416015637,7.2891079643880445,-5.65046370823762,-3.6277156153719683
1790096762065576448,12.474576416015637,7.477949493066256,-5.178484926381045,-3.6731766362448237
1790096762075576576,12.484576416015637,6.8395488271863005,-5.042375514197756,-3.6933276506999246
1790096762085576448,12.494576416015637,6.10803441933828,-5.273298774571445,-3.680325706096899
1790096762095576576,12.504576416015636,6.412980263124181,-5.607801295895281,-3.7825485787592883
1790096762105576448,12.514576416015636,6.675203146511477,-5.597374400484368,-3.773863461078718
1790096762115576576,12.524576416015636,7.16106061575359,-5.154225260396321,-3.770455532370975
1790096762125576448,12.534576416015636,7.573672580719159,-4.831530984242637,-3.8704636732738282
1790096762135576576,12.544576416015637,7.684306637359588,-4.846131743029192,-4.042955165661913
1790096762145576448,12.554576416015637,7.698644854682344,-5.375900373395591,-4.371577586130076
1790096762155576576,12.564576416015637,7.839777873446249,-6.194216864927058,-4.5059108447361185
1790096762165576448,12.574576416015637,7.809353688939122,-6.828141903927727,-4.459132934258135
1790096762175576576,12.584576416015636,7.37472218968148,-6.933236483988932,-4.241501047770715
1790096762185576448,12.594576416015636,6.770250995366609,-6.6023735603618,-3.9782342677965623
1790096762195576576,12.604576416015636,6.5532091602554985,-6.076551411344001,-3.691587548653061
1790096762205576448,12.614576416015638,6.90968967688269,-5.70751408856291,-3.5613673089730558
1790096762215576576,12.624576416015637,7.875257641663509,-5.445700062126789,-3.748990195293692
1790096762225576448,12.634576416015637,8.60425621313961,-5.577094653872489,-4.115048269462619
1790096762235576576,12.644576416015637,8.9076467126742,-6.49598365495814,-4.523951716671766
1790096762245576448,12.654576416015637,9.773322362629862,-7.83867178401578,-5.106686753131428
1790096762255576576,12.664576416015636,10.40594432722546,-8.858779596449097,-5.446235803753562
1790096762265576448,12.674576416015636,9.751626874993558,-9.069203960493818,-5.220007840157019
1790096762275576576,12.684576416015636,8.74259477505106,-8.46462899294167,-4.627741674572545
1790096762285576448,12.694576416015636,8.026270193362935,-7.4976593905044755,-4.379884498213984
1790096762295576576,12.704576416015637,7.797064159855683,-6.6286548610049,-4.548146669792754
1790096762305576448,12.714576416015637,7.691122403647086,-6.046411610464101,-4.818831479108137
1790096762315576576,12.724576416015637,7.143857496149323,-5.687313055826044,-4.892781206562858
1790096762325576448,12.734576416015637,6.42317687325778,-5.905035022132511,-4.647819306065187
1790096762335576576,12.744576416015637,6.350968398321993,-6.353750645327445,-4.359568587179171
1790096762345576448,12.754576416015636,6.365108992613447,-6.496754632469442,-3.9463332413119927
1790096762355576576,12.764576416015636,6.0104116664605325,-6.343649389421805,-3.429493794879522
1790096762365576448,12.774576416015638,6.455765116629471,-5.747582122844907,-3.6419304655157743
1790096762375576576,12.784576416015637,7.374042684217823,-5.050833568659578,-4.214059142163642
1790096762385576448,12.794576416015637,7.227166343457134,-4.833780444826093,-4.060439384362876
1790096762395576576,12.804576416015637,6.888255642325173,-5.304149493564262,-3.7527680600250957
1790096762405576448,12.814576416015637,6.895234785603402,-5.780983862833312,-3.592655804492336
1790096762415576576,12.824576416015637,6.591442926446458,-5.558330480658698,-3.392297047340871
1790096762425576448,12.834576416015636,5.811325007961477,-5.2366689752914555,-3.3908505193390557
1790096762435576576,12.844576416015636,6.055630757704197,-4.854807622615764,-4.280385923720448
1790096762445576448,12.854576416015636,7.017114914504724,-4.646149294724458,-5.344278399989253
1790096762455576576,12.864576416015638,7.660848636770924,-5.223126423912766,-5.056836845965598
1790096762465576448,12.874576416015637,8.475855391338492,-6.5459921685533695,-4.234409571736784
1790096762475576576,12.884576416015637,9.599638441407505,-7.944725079945296,-4.111163358898651
1790096762485576448,12.894576416015637,10.804874777084585,-8.263681790149256,-5.216256041134801
1790096762495576576,12.904576416015637,10.50413107630997,-7.424187495836201,-6.35802736000839
1790096762505576448,12.914576416015636,8.533672782169049,-6.563941078966285,-6.364423723685183
1790096762515576576,12.924576416015636,6.763261318588285,-5.820914090297838,-5.626920762376943
1790096762525576448,12.934576416015638,6.678136841938997,-5.0277907909792035,-4.913977527380501
1790096762535576576,12.944576416015638,7.630176062784303,-4.69603227968199,-4.472768865274995
1790096762545576448,12.954576416015637,8.075338981893456,-4.997911199477918,-4.152305825995556
1790096762555576576,12.964576416015637,8.187838557050043,-5.119216186683523,-4.21723648351408
1790096762565576448,12.974576416015637,8.20017048406797,-4.801923416398393,-4.70212372095754
1790096762575576576,12.984576416015637,7.8496695728316865,-4.220600014478099,-5.059565757612575
1790096762585576448,12.994576416015637,7.34317626771807,-3.6587204755633067,-5.248963237669732
1790096762595576576,13.004576416015636,7.212427264513064,-3.209889380296992,-4.914130482208072
1790096762605576448,13.014576416015636,7.906068027085056,-2.729668754816203,-4.930008039126198
1790096762615576576,13.024576416015638,8.486598386865968,-2.7551248187202346,-4.940653613317169
1790096762625576448,13.034576416015637,8.423271698926296,-3.137385118993627,-4.9635828829243955
1790096762635576576,13.044576416015637,7.5450683258182645,-3.727469329481328,-4.6464185803020746
1790096762645576448,13.054576416015637,6.24236602067971,-4.098253517440116,-4.2252480883691685
1790096762655576576,13.064576416015637,5.179388093997066,-4.01398283516368,-3.7492823045319628
1790096762665576448,13.074576416015637,5.021949413727046,-3.3371406538099175,-3.6100956918119125
1790096762675576576,13.084576416015636,5.842252619902131,-2.6558066763053114,-4.038416002255149
1790096762685576448,13.094576416015638,7.2841652941334605,-2.429453959164888,-4.623148608041576
1790096762695576576,13.104576416015638,9.310414935762939,-2.588127328850236,-4.687928561727408
1790096762705576448,13.114576416015638,11.550916422555616,-2.8319561403488054,-4.4812975032065445
1790096762715576576,13.124576416015637,12.304213538956912,-3.1104750994483714,-4.445904865168594
1790096762725576448,13.134576416015637,10.803132304973632,-3.080229470540201,-4.958620774842678
1790096762735576576,13.144576416015637,8.32293502745049,-2.9893687823249273,-5.815395506761397
1790096762745576448,13.154576416015637,6.846189641246834,-3.1010041501912053,-5.978973974017098
1790096762755576576,13.164576416015636,6.451514527962833,-3.3435072720722316,-5.270447287610635
1790096762765576448,13.174576416015636,5.563232889164319,-3.5747858927306155,-4.348141702688354
1790096762775576576,13.184576416015638,4.5782389962402235,-3.5135995675350906,-3.5646518203386903
1790096762785576448,13.194576416015638,4.440341980819047,-3.0378427411194058,-3.196346941794376
1790096762795576576,13.204576416015637,4.479638141303623,-2.3880293642353525,-2.910326828344135
1790096762805576448,13.214576416015637,4.545385311689497,-1.940745732191187,-2.566865073911533
1790096762815576576,13.224576416015637,4.992287195646798,-1.6630500738433753,-1.8445901992983165
1790096762825576448,13.234576416015637,5.908334147156421,-1.151587366609225,-1.162973324040422
1790096762835576576,13.244576416015637,7.413010655052777,-0.3489386721991955,-0.9735166222072303
1790096762845576448,13.254576416015638,9.272495220944347,0.30055413541396664,-1.4098642643698658
1790096762855576576,13.264576416015638,10.326849425566236,0.4347031741768748,-2.13584678779105
1790096762865576448,13.274576416015638,10.351636215830728,-0.22800925463212413,-2.763545336496381
1790096762875576576,13.284576416015637,9.65071483400519,-1.1192025691490095,-3.315092586008199
1790096762885576448,13.294576416015637,9.46630573272705,-1.402986733328781,-3.901199739753726
1790096762895576576,13.304576416015637,10.847378006387594,-1.0355766251384537,-4.543121208082963
1790096762905576448,13.314576416015637,12.088325657759665,-0.9087040370915025,-4.489276220928721
1790096762915576576,13.324576416015637,10.995666695348804,-2.2565635158855732,-4.0889638133420005
1790096762925576448,13.334576416015636,8.170787285323652,-3.1446077077664825,-3.441989783334611
1790096762935576576,13.344576416015638,7.733381181013084,-2.377522191208059,-3.141283326046887
1790096762945576448,13.354576416015638,9.180695198968499,-1.320359953965838,-2.647512204163199
1790096762955576576,13.364576416015638,11.02596113713479,-0.6403159102794103,-2.3873553435129065
1790096762965576448,13.374576416015637,11.202610371638004,-0.9696526393866773,-2.396635345638713
1790096762975576576,13.384576416015637,8.299115778688384,-1.5755200360023325,-2.7979119956357716
1790096762985576448,13.394576416015637,5.710583712205371,-1.6534157893595212,-2.9797157514856774
1790096762995576576,13.404576416015637,4.716520577074576,-1.400830175631899,-2.609660667910511
1790096763005576448,13.414576416015638,4.698851658624435,-1.2699202682124067,-1.9128851122686883
1790096763015576576,13.424576416015638,4.464180660600354,-1.2320102943425284,-1.0680360761884167
1790096763025576448,13.434576416015638,3.9640385486578116,-1.1933762422900192,0.09017794081465103
1790096763035576576,13.444576416015638,3.6385673104895355,-0.8400449093553599,1.1004907558797439
1790096763045576448,13.454576416015637,3.5577444805934353,-0.07043183829724431,2.09925062775702
1790096763055576576,13.464576416015637,3.4548063752798646,0.838592810801651,2.4152265249880487
1790096763065576448,13.474576416015637,5.354267664424565,1.5394034206269032,1.9417088867514214
1790096763075576576,13.484576416015637,6.112325328593412,2.3309863910444406,1.009898467569268
1790096763085576448,13.494576416015637,5.660392419628574,2.0063427211284695,-0.7813401690885402
1790096763095576576,13.504576416015638,7.17127938718893,2.9787379898153836,-0.9702612542431248
1790096763105576448,13.514576416015638,7.582005321801045,3.6253372990741672,-1.7274993503073968
1790096763115576576,13.524576416015638,9.71741573405434,3.816699558734159,-2.3046902850851345
1790096763125576448,13.534576416015637,13.201465150420557,3.6032081002541094,-3.120516816534252
1790096763135576576,13.544576416015637,16.773906043214254,3.257427638910853,-4.492720922351833
1790096763145576448,13.554576416015637,15.78174426303089,2.4604806328521596,-6.462689742143103
1790096763155576576,13.564576416015637,12.092483087398215,1.29611356735428,-7.444680848460218
1790096763165576448,13.574576416015638,11.330740497868737,0.6017473745198139,-8.029391525737966
1790096763175576576,13.584576416015638,12.681924392794478,-0.27358268150831266,-8.419268250641604
1790096763185576448,13.594576416015638,13.873677873946166,-1.5032929152893026,-8.262072483142294
1790096763195576576,13.604576416015638,14.997823582818546,-2.851571293639775,-8.075061156631637
1790096763205576448,13.614576416015638,15.061797979664227,-4.407473369282809,-7.81017790860504
1790096763215576576,13.624576416015637,13.511862999598513,-5.963221351548244,-7.197048065063229
1790096763225576448,13.634576416015637,11.158241054410274,-7.042900743204192,-6.502036830335083
1790096763235576576,13.644576416015637,8.2179845035301,-7.1112970397250415,-5.972920013788701
1790096763245576448,13.654576416015637,5.63678380807937,-6.695898699757589,-5.205930426197969
1790096763255576576,13.664576416015638,4.094189744349364,-5.929354718827622,-4.202127010929077
1790096763265576448,13.674576416015638,3.780878667253415,-5.105839170739834,-2.9883104143318953
1790096763275576576,13.684576416015638,4.38841335092258,-4.045281783253837,-2.1111877393427148
1790096763285576448,13.694576416015638,5.0749126629186545,-2.8540933685549428,-1.475243804103221
1790096763295576576,13.704576416015637,5.244682839410978,-1.7747593157153092,-1.26988454048311
1790096763305576448,13.714576416015637,4.653538759676569,-1.123857752839411,-1.1715354290521494
1790096763315576576,13.724576416015637,3.7608940803880646,-0.9311821007938587,-1.1737536358203287
1790096763325576448,13.734576416015639,3.1041400129262775,-1.0285091460448312,-1.0342926978829916
1790096763335576576,13.744576416015638,2.8255798112618384,-1.2624849011914991,-0.6043145429226804
1790096763345576448,13.754576416015638,3.4829512654316015,-1.4729257281290262,-0.2838594073874706
1790096763355576576,13.764576416015638,5.610519594397467,-1.512301557689549,-0.6618437279656333
1790096763365576448,13.774576416015638,8.277381467637221,-1.3692386321530137,-1.6876502298699323
1790096763375576576,13.784576416015637,9.722446826026125,-1.2655213031020411,-3.499783570197579
1790096763385576448,13.794576416015637,8.046101621393383,-1.8921157142415908,-5.448537799863419
1790096763395576576,13.804576416015637,5.701905137187946,-3.5011877877505744,-6.641479260951613
1790096763405576448,13.814576416015637,7.09693147591275,-5.694652420626155,-7.118158442809614
1790096763415576576,13.824576416015638,10.526702239685925,-7.401870178049698,-7.607109351696618
1790096763425576448,13.834576416015638,12.013758314391014,-8.551472620752815,-8.526318454988365
1790096763435576576,13.844576416015638,12.180181856722898,-9.454251458906432,-9.702240484300809
1790096763445576448,13.854576416015638,13.051764662060865,-10.27613201047574,-10.66690586177087
1790096763455576576,13.864576416015638,12.920419579764834,-10.967504802784934,-10.7024521317131
1790096763465576448,13.874576416015637,10.918674835048343,-11.507300514620464,-9.22301854649791
1790096763475576576,13.884576416015637,9.290276252176442,-11.075055498399863,-7.075070479071171
1790096763485576448,13.894576416015639,8.420296926140974,-9.685813963483657,-5.2004440035586095
1790096763495576576,13.904576416015638,7.5239439437414815,-8.040822073595445,-3.591033442986708
1790096763505576448,13.914576416015638,6.596780197105054,-6.343464794592813,-2.6544729767252897
1790096763515576576,13.924576416015638,6.148104602749514,-4.797525897033184,-2.134029196736364
1790096763525576448,13.934576416015638,6.303267956743689,-3.555826754721929,-2.190380815779392
1790096763535576576,13.944576416015638,7.2837681658943865,-2.772604180432515,-2.781947882167432
1790096763545576448,13.954576416015637,8.348870128608107,-2.567657458963954,-3.267599537920862
1790096763555576576,13.964576416015637,8.66237681727931,-3.0687418635775754,-3.673560957473071
1790096763565576448,13.974576416015637,8.578183125299633,-4.209307303453886,-4.228889823111863
1790096763575576576,13.984576416015639,8.709904289171906,-5.687176775470937,-4.750500087324006
1790096763585576448,13.994576416015638,8.97622628146528,-6.889202745009289,-5.40669920497053
1790096763595576576,14.004576416015638,9.002159107413526,-7.49339332612683,-5.8664893285191
1790096763605576448,14.014576416015638,8.741875820134934,-7.410568989775699,-5.788480826751421
1790096763615576576,14.024576416015638,8.09782563909722,-6.741238414281365,-5.686879768660725
1790096763625576448,14.034576416015637,7.3107790548547635,-5.839954292364643,-5.0907762957157985
1790096763635576576,14.044576416015637,6.389055373336309,-4.937459181695951,-4.593130715783016
1790096763645576448,14.054576416015639,5.2621529912066904,-4.0864455575973855,-4.1074242015334566
1790096763655576576,14.064576416015639,4.4419215928787565,-3.312375080667627,-3.5962418140290806
1790096763665576448,14.074576416015638,4.32069329047169,-2.793151453515927,-3.1193040391683753
1790096763675576576,14.084576416015638,4.58753816286761,-2.817817223513933,-2.9735850932221206
1790096763685576448,14.094576416015638,4.938663813303275,-3.365423002833071,-3.2581240111395857
1790096763695576576,14.104576416015638,5.816876112665893,-4.192037172474267,-3.650220498338948
1790096763705576448,14.114576416015638,6.802313186851251,-5.100404708802215,-3.8773241397046863
1790096763715576576,14.124576416015637,7.582310912839109,-5.926031489772206,-3.892314055814938
1790096763725576448,14.134576416015637,7.374988119431817,-6.538459163683668,-3.173007204029682
1790096763735576576,14.144576416015639,6.494261858296226,-6.7106931342821765,-2.72193514786366
1790096763745576448,14.154576416015638,5.892533884713362,-6.7056793695283785,-2.724598552550722
1790096763755576576,14.164576416015638,6.287828109978586,-6.539093248666453,-3.1766975960054387
1790096763765576448,14.174576416015638,6.990670197827315,-6.03611391585435,-4.113822366141277
1790096763775576576,14.184576416015638,7.208357699983968,-5.848786418458404,-4.348069751093017
1790096763785576448,14.194576416015638,7.618577930379812,-6.169108436418283,-4.676347958008364
1790096763795576576,14.204576416015637,9.177449097080203,-7.288600269218718,-5.623020256173188
1790096763805576448,14.214576416015639,11.623650446089634,-8.633172664250335,-7.0286869617314025
1790096763815576576,14.224576416015639,13.511889890613123,-9.849987796779004,-9.009147695149391
1790096763825576448,14.234576416015639,13.410369277014306,-10.591216380985228,-10.38800927473749
1790096763835576576,14.244576416015638,11.574437438377977,-9.863341351091313,-9.671206252030688
1790096763845576448,14.254576416015638,9.584458066290184,-8.113597330862921,-7.98149591715908
1790096763855576576,14.264576416015638,7.871889057837562,-6.604623695429527,-6.072375513206792
1790096763865576448,14.274576416015638,6.1706279980518834,-5.69044621636362,-4.458003728600432
1790096763875576576,14.284576416015637,4.720796624131356,-5.223000963461589,-2.837430366696349
1790096763885576448,14.294576416015637,4.179225055767419,-4.815918666955425,-2.6326695996572944
1790096763895576576,14.304576416015639,4.513745102052188,-4.573949403669368,-2.56538567823112
1790096763905576448,14.314576416015639,5.212637686415348,-5.033398170293874,-2.353516719835415
1790096763915576576,14.324576416015638,5.794953883543933,-5.338338055655942,-2.065724589762602
1790096763925576448,14.334576416015638,6.2314986190688115,-4.970874032607454,-2.35787066004069
1790096763935576576,14.344576416015638,6.495875630728094,-4.212816562691107,-3.0787255768586217
1790096763945576448,14.354576416015638,6.34523804352613,-3.510369042675311,-3.751890555888589
1790096763955576576,14.364576416015638,6.060343472520597,-3.206190448312394,-4.2734646164615135
1790096763965576448,14.374576416015639,6.1428742951426445,-3.17141570758393,-4.797501004493263
1790096763975576576,14.384576416015639,6.930981844512723,-3.223549288552117,-4.993419637324313
1790096763985576448,14.394576416015639,7.74104659873432,-3.519518518050751,-4.653033306252925
1790096763995576576,14.404576416015638,8.448947934159165,-4.026755499933128,-4.3907505057629175
1790096764005576448,14.414576416015638,9.086148697379008,-4.452626746331908,-4.799180304235377
1790096764015576576,14.424576416015638,9.250448437009185,-4.864779000096507,-5.623590679157973
1790096764025576448,14.434576416015638,8.764961505996844,-5.359547106982196,-6.180813581953783
1790096764035576576,14.444576416015638,8.39242782219762,-5.82812973458231,-6.38677943023941
1790096764045576448,14.454576416015637,8.691297891405405,-6.111448505189998,-6.415307891730116
1790096764055576576,14.464576416015639,9.709317975093924,-6.007882059043246,-6.668187352111462
1790096764065576448,14.474576416015639,10.906913987042303,-5.8664684828822615,-7.1979294146951736
1790096764075576576,14.484576416015639,11.039002968797426,-5.952592774040154,-7.522686042354724
1790096764085576448,14.494576416015638,9.556694213200071,-6.236403598420508,-7.356771577601704
1790096764095576576,14.504576416015638,8.13703096743708,-5.862962053320649,-6.965717815246792
1790096764105576448,14.514576416015638,7.7253726986395534,-5.07162917936627,-6.6715795837071745
1790096764115576576,14.524576416015638,7.647700001791938,-4.453711254056503,-5.766800082219445
1790096764125576448,14.53457641601564,8.109173568819422,-3.6387574183005844,-4.775955408935155
1790096764135576576,14.544576416015639,8.618305448157273,-2.9762577475312995,-3.8398433423944027
1790096764145576448,14.554576416015639,8.90364538109445,-2.543164828862433,-3.3972537569481243
1790096764155576576,14.564576416015639,8.66129193633517,-2.4331671760552984,-3.6010534845405426
1790096764165576448,14.574576416015638,7.5622557066518805,-2.8213991594087324,-3.8424568737459834
1790096764175576576,14.584576416015638,6.577708709489053,-3.1679273304192663,-3.8721969392131848
1790096764185576448,14.594576416015638,6.591515870639368,-2.859003253638207,-4.10692959220859
1790096764195576576,14.604576416015638,7.1236029530468,-2.414039802346982,-4.5342971424838465
1790096764205576448,14.614576416015638,7.819439494070371,-2.1933033891427263,-4.607430235359577
1790096764215576576,14.624576416015639,8.101406641592938,-2.6104319913853784,-4.236545201389064
1790096764225576448,14.634576416015639,8.272732942340294,-2.460197897853008,-3.762661174520629
1790096764235576576,14.644576416015639,8.76076078205026,-1.6527279306633968,-3.7681034084925855
1790096764245576448,14.654576416015638,9.07165240549791,-0.657265182881966,-3.850811387676339
1790096764255576576,14.664576416015638,8.482334951326257,-0.26111141942542565,-3.411221079799467
1790096764265576448,14.674576416015638,7.368142481675474,-0.47533088795148326,-2.7230387838625116
1790096764275576576,14.684576416015638,7.076951325117118,-0.4419295576647209,-1.937533059332417
1790096764285576448,14.69457641601564,7.01123565023394,-0.1228165506470669,-1.1681997343658277
1790096764295576576,14.70457641601564,7.127717811744885,0.3583772748193582,-0.897187158861501
1790096764305576448,14.714576416015639,7.354342907854212,0.44009590649831254,-1.1694142547604387
1790096764315576576,14.724576416015639,7.496988734702628,-0.06431984052832812,-1.7022394633059987
1790096764325576448,14.734576416015639,7.490067073403984,-0.41330790458594663,-2.159907729920712
1790096764335576576,14.744576416015638,7.237699760089742,-0.26572566793983876,-2.4319239311349667
1790096764345576448,14.754576416015638,6.851828702472279,-0.017904431381541186,-2.6366268203384062
1790096764355576576,14.764576416015638,6.960294854586076,0.03505963244307466,-2.801002471652024
1790096764365576448,14.774576416015638,7.84945230322849,0.03148113193438222,-2.884682639533017
1790096764375576576,14.78457641601564,8.72238683989668,0.06573091620704025,-2.595784095481115
1790096764385576448,14.794576416015639,8.38468181291205,0.043985012584534675,-2.4646021813116397
1790096764395576576,14.804576416015639,7.769953213538953,0.3304327694413901,-2.2079465947233587
1790096764405576448,14.814576416015639,8.21239683160711,0.6511407789829928,-2.523990553804743
1790096764415576576,14.824576416015638,8.69738480030211,0.2622141215359023,-2.8312700827239454
1790096764425576448,14.834576416015638,8.395072622378768,0.021388897936405353,-2.9752958781977417
1790096764435576576,14.844576416015638,6.624522190194858,-0.04219659927869643,-2.9079001611325164
1790096764445576448,14.85457641601564,4.679830047151476,0.07640324409091023,-2.4371915901330556
1790096764455576576,14.86457641601564,4.088933309916262,0.09425758781915647,-1.518239978891465
1790096764465576448,14.874576416015639,5.632796510898855,0.33823747427848927,-0.4472561949289681
1790096764475576576,14.884576416015639,8.482248672409233,0.8262760227890751,-0.6227627941751456
1790096764485576448,14.894576416015639,10.038961522711501,0.9363820028779613,-1.3906349866967334
1790096764495576576,14.904576416015638,10.012812411701193,0.7775452564226495,-2.3829537935483978
1790096764505576448,14.914576416015638,8.391446515926633,0.6348202261981757,-3.4072488062860007
1790096764515576576,14.924576416015638,6.810523024112226,0.3194667867715218,-4.170615805845392
1790096764525576448,14.934576416015638,5.803189037629843,-0.17554948620198696,-4.4479119479866664
1790096764535576576,14.94457641601564,5.704103235839142,-0.6483018484433638,-3.833420460669466
1790096764545576448,14.95457641601564,6.764393352173145,-0.7688042232454622,-3.5599386586080657
1790096764555576576,14.964576416015639,9.600016926402292,-0.7157590279828908,-3.1196868696035165
1790096764565576448,14.974576416015639,10.534925051779451,-0.518129697068954,-3.112027786717261
1790096764575576576,14.984576416015639,9.866136449733279,-0.28601065786985325,-3.164945384715938
1790096764585576448,14.994576416015638,9.483701445561161,-0.11642657003161656,-3.7002208049052174
1790096764595576576,15.004576416015638,9.322656552773994,-0.18871505929463772,-4.434258749770064
1790096764605576448,15.01457641601564,8.57529321321492,-0.2788831130263678,-5.370668466026673
1790096764615576576,15.02457641601564,8.09192010770941,-0.49052170402184664,-5.70105922953626
1790096764625576448,15.03457641601564,9.27544479788378,-0.8030911277286774,-5.883747415477788
1790096764635576576,15.044576416015639,11.470320142142578,-1.1713020071195057,-6.178604913110572
1790096764645576448,15.054576416015639,11.394744511275723,-1.564208294537036,-6.4105264414884235
1790096764655576576,15.064576416015639,8.633309875965601,-2.0447836357639275,-6.001707920305137
1790096764665576448,15.074576416015638,6.242179169198264,-2.5454530095896413,-5.178521152308299
1790096764675576576,15.084576416015638,5.094545521764271,-3.1516415276788017,-4.296226654279755
1790096764685576448,15.094576416015638,4.7702332207401765,-3.822021625228754,-3.2753581416249533
1790096764695576576,15.10457641601564,5.115546078671536,-4.3548652186545755,-2.185399771568675
1790096764705576448,15.11457641601564,6.304025890050427,-4.474567452232963,-1.492912779984098
1790096764715576576,15.124576416015639,8.07100210382472,-4.055038339085627,-1.4623452865334583
1790096764725576448,15.134576416015639,8.463879744083428,-3.105455149889759,-2.117181960713203
1790096764735576576,15.144576416015639,7.995072572882238,-2.4846734920948346,-2.7743017049571344
1790096764745576448,15.154576416015638,8.639021922234438,-2.2586010016422153,-3.1777565245127253
1790096764755576576,15.164576416015638,9.82517527580494,-2.363607537194329,-3.657547227832579
1790096764765576448,15.17457641601564,9.330984496831022,-2.821778496025914,-4.314869960769983
1790096764775576576,15.18457641601564,8.006637504489941,-3.272398633373821,-5.320216419543332
1790096764785576448,15.19457641601564,7.693474908358572,-3.621165086420444,-6.384844373799631
1790096764795576576,15.20457641601564,8.096909216679034,-4.215412203471858,-6.985997847355064
1790096764805576448,15.214576416015639,8.463642453962644,-4.8632517268524325,-7.074268122591247
1790096764815576576,15.224576416015639,8.898922844004938,-5.498175258888841,-6.812730045517506
1790096764825576448,15.234576416015639,9.46673781892442,-6.1515800443033335,-6.479150195712893
1790096764835576576,15.244576416015638,9.614540104543572,-6.778231900197883,-6.12496641759715
1790096764845576448,15.254576416015638,8.72947240777791,-7.355945694256181,-5.665512890795481
1790096764855576576,15.26457641601564,7.563969541673049,-7.657567667836109,-5.282241752015044
1790096764865576448,15.27457641601564,7.284676160009738,-7.2255875091809525,-4.967121157055793
1790096764875576576,15.28457641601564,7.382109394533077,-6.494231443557258,-4.351345524568408
1790096764885576448,15.294576416015639,7.487853516078083,-5.8387082763508005,-4.106627739892163
1790096764895576576,15.304576416015639,7.6812827051429124,-5.1976380651031455,-4.213592887347893
1790096764905576448,15.314576416015639,7.69060477737162,-4.771468135576942,-4.311243597096679
1790096764915576576,15.324576416015638,7.4350330391684425,-4.725930614861849,-4.299312833935633
1790096764925576448,15.33457641601564,7.37516204719886,-4.865327063659417,-4.246442428187112
1790096764935576576,15.34457641601564,7.461575449899387,-5.156250458942482,-4.141499384670127
1790096764945576448,15.35457641601564,7.435296428913177,-5.527889869963865,-4.075143904314508
1790096764955576576,15.36457641601564,7.174055573557374,-5.750725866398552,-4.133145261642656
1790096764965576448,15.374576416015639,7.031830439262779,-5.672806107877096,-4.1974586777416025
1790096764975576576,15.384576416015639,7.368990703735189,-5.359898198496685,-4.427959264018318
1790096764985576448,15.394576416015639,7.792195960857081,-5.178826253185403,-4.678830910329511
1790096764995576576,15.404576416015638,7.806711055218874,-5.455491675333284,-4.807498188396824
1790096765005576448,15.414576416015638,7.280470762904049,-5.998896659542059,-4.83026549374615
1790096765015576576,15.42457641601564,6.516007181683712,-6.089220255627126,-4.469070128052643
1790096765025576448,15.43457641601564,6.052850685413929,-5.658056982036178,-3.94211808184781
1790096765035576576,15.44457641601564,6.0528022429614765,-5.329813070997551,-3.5755957162885452
1790096765045576448,15.45457641601564,6.783632334499227,-5.272327058604388,-3.7222079831509296
1790096765055576576,15.464576416015639,7.925719061167416,-5.311506544022539,-3.863364800801992
1790096765065576448,15.474576416015639,8.281181562079293,-5.460265062464473,-3.9233791735103267
1790096765075576576,15.484576416015639,7.849504210534273,-6.15775045636111,-4.190821024137708
1790096765085576448,15.49457641601564,7.644629625173663,-7.10139436232808,-4.514569035554467
1790096765095576576,15.50457641601564,7.526534835490825,-7.288890653494351,-4.381243447335567
1790096765105576448,15.51457641601564,7.206812698622737,-6.8043931742950345,-4.053771573772522
1790096765115576576,15.52457641601564,7.088946023020864,-6.349494295556803,-4.017759854421621
1790096765125576448,15.53457641601564,7.2331903382308536,-5.966043665963836,-4.4401337196043515
1790096765135576576,15.544576416015639,7.103841360244199,-5.821067600286798,-4.778264400456437
1790096765145576448,15.554576416015639,6.822055892156712,-5.971394049309981,-4.950600426994706
1790096765155576576,15.564576416015639,7.1190500616819525,-6.456961051494247,-4.995813238642279
1790096765165576448,15.574576416015638,7.5668490284873275,-7.17043994450665,-4.811081196513684
1790096765175576576,15.58457641601564,7.317081274018559,-7.505722048566312,-4.256158570642111
1790096765185576448,15.59457641601564,6.636294040944128,-7.286154815550047,-3.617641030081671
1790096765195576576,15.60457641601564,6.249343446363377,-6.709953985228349,-3.5256696453140046
1790096765205576448,15.61457641601564,7.489922727647723,-5.806052339844385,-4.753428733971485
1790096765215576576,15.624576416015639,8.302231689536722,-5.208249428296657,-5.564151678575784
1790096765225576448,15.634576416015639,7.404580299826178,-5.508437247326189,-4.863587837347859
1790096765235576576,15.644576416015639,7.160516691219989,-6.777398343601545,-4.657876767986046
1790096765245576448,15.65457641601564,7.876869104045718,-7.818662644717041,-4.770238376040882
1790096765255576576,15.66457641601564,8.139714776686208,-7.660542404489052,-5.016051160857349
1790096765265576448,15.67457641601564,7.613075661156124,-6.901131908790008,-5.010552506028107
1790096765275576576,15.68457641601564,7.002836104236402,-6.009926780989957,-4.839318348415595
1790096765285576448,15.69457641601564,6.8357666089777,-5.285003795016732,-4.714003388165705
1790096765295576576,15.70457641601564,6.925607497808842,-4.939030531233315,-4.758118610114813
1790096765305576448,15.714576416015639,6.995462839730513,-5.207705185688294,-4.679917248394744
1790096765315576576,15.724576416015639,7.1527969005328025,-5.823161694958106,-4.393030571879582
1790096765325576448,15.734576416015639,7.219098563664878,-6.2170567788910684,-4.018472501595662
1790096765335576576,15.74457641601564,7.1396277245932085,-6.018637457617296,-3.8022912296205846
1790096765345576448,15.75457641601564,7.152654012521908,-5.385997815355722,-4.121805674028408
1790096765355576576,15.76457641601564,7.335800235810817,-4.837300153656033,-5.005276200933803
1790096765365576448,15.77457641601564,7.836008269904087,-4.755902585355633,-5.994007472778892
1790096765375576576,15.78457641601564,8.400735837417448,-5.238444340733265,-6.192279959976249
1790096765385576448,15.794576416015639,9.271128904990135,-5.684806150588953,-6.109129987618698
1790096765395576576,15.804576416015639,9.725150700020325,-5.959934325111063,-5.995251421562767
1790096765405576448,15.81457641601564,9.041716988398889,-6.196905647055476,-5.834782655235331
1790096765415576576,15.82457641601564,7.476109986388095,-5.9541308707614276,-5.530661804957373
1790096765425576448,15.83457641601564,6.103745949041678,-5.146003058342456,-5.170461205896233
1790096765435576576,15.84457641601564,5.9112721987456105,-4.292237777259405,-4.883354854102313
1790096765445576448,15.85457641601564,6.906288867250814,-3.8583236371396814,-5.130074397566393
1790096765455576576,15.86457641601564,8.403873944278839,-4.0346218111607275,-5.483208204298026
1790096765465576448,15.874576416015639,9.88288684577012,-4.502389905342961,-5.90644857966333
1790096765475576576,15.884576416015639,10.335432360878393,-4.989410383582362,-6.3810431712650795
1790096765485576448,15.894576416015639,9.436781482339459,-5.249366174244923,-6.6111049574915075
1790096765495576576,15.90457641601564,8.50214129030887,-4.878227448560615,-6.939610111948477
1790096765505576448,15.91457641601564,8.323899745126095,-4.138363775653728,-7.230900500297171
1790096765515576576,15.92457641601564,8.319032688382412,-3.6798635463245097,-6.919218584699552
1790096765525576448,15.93457641601564,8.526904961283194,-3.490459570206074,-6.131499166355798
1790096765535576576,15.94457641601564,8.964981818582046,-3.17382739058928,-5.465914573749016
1790096765545576448,15.95457641601564,8.882019778484201,-2.7438353303210348,-5.33417478497299
1790096765555576576,15.964576416015639,8.061064313093212,-2.568872764289065,-5.160597825908884
1790096765565576448,15.97457641601564,7.115607839255723,-2.623205452093378,-5.2655570387687725
1790096765575576576,15.98457641601564,6.617771693384223,-2.805175561048331,-5.133111256739185
1790096765585576448,15.99457641601564,6.663148875312525,-2.8208042334504477,-4.810420086295122
1790096765595576576,16.004576416015638,7.189015555726835,-2.8042024477782874,-4.567986021051651
1790096765605576448,16.01457641601564,8.04859925739267,-2.787526183559249,-4.423357071588849
1790096765615576576,16.024576416015638,8.767541969256289,-2.755937284308281,-4.508370835224728
1790096765625576448,16.03457641601564,8.774727881767593,-2.835956033458452,-4.483190278066314
1790096765635576576,16.044576416015637,8.069691292307796,-2.940382071030573,-4.148203060225595
1790096765645576448,16.05457641601564,7.449436590356577,-2.844648656088932,-3.585747205503102
1790096765655576576,16.06457641601564,7.698906310882028,-2.2967924691198096,-3.052338948393521
1790096765665576448,16.07457641601564,8.518470262945202,-1.444033175771951,-2.7562186157166106
1790096765675576576,16.08457641601564,9.65336536494988,-0.4551127300742309,-2.8187240861069585
1790096765685576448,16.094576416015638,10.102897361416472,-0.2400640299185941,-2.795873304375287
1790096765695576576,16.10457641601564,9.424507508947299,-0.4840220528871483,-3.1419498276018696
1790096765705576448,16.114576416015638,8.456604947254634,-1.5148178793193057,-3.3970415608745888
1790096765715576576,16.12457641601564,7.613968099487684,-2.0520059131978243,-3.6784789361662265
1790096765725576448,16.13457641601564,6.731180004684215,-2.167858798167527,-3.481225857309117
1790096765735576576,16.14457641601564,6.461100078054879,-2.172790684498678,-3.239649383541546
1790096765745576448,16.15457641601564,6.186565906980402,-2.1681651836787235,-2.812163348889524
1790096765755576576,16.164576416015638,5.8496828203959845,-1.8689659903732974,-2.0246468229317567
1790096765765576448,16.17457641601564,6.253060701530425,-0.502485152222078,-1.4426627126014127
1790096765775576576,16.18457641601564,6.93625692703832,0.7454720371004528,-1.3662809192417784
1790096765785576448,16.19457641601564,6.622625406129976,0.8451515601268367,-1.4124422906628107
1790096765795576576,16.20457641601564,6.040583384724825,0.6655037999153137,-0.739139911934789
1790096765805576448,16.21457641601564,6.2049028036485865,1.0511699093258142,-0.09907861779838784
1790096765815576576,16.22457641601564,7.3791495746069415,1.4553297476955998,-0.4005029558119431
1790096765825576448,16.23457641601564,8.655371181017188,1.3924106792658943,-1.2301978895724632
1790096765835576576,16.24457641601564,8.742345042777762,1.1646578255135793,-1.9505731084453894
1790096765845576448,16.254576416015638,8.15163998130605,0.8814737462702342,-2.3783495723318877
1790096765855576576,16.26457641601564,8.349021109013686,0.7921570609776495,-3.0831305900542594
1790096765865576448,16.27457641601564,8.507372016262755,0.4964685207608441,-3.1063782165012124
1790096765875576576,16.28457641601564,7.685951527997269,0.46209087678752997,-3.269670909858273
1790096765885576448,16.29457641601564,6.933188012484803,0.718651461026623,-2.5685402602632625
1790096765895576576,16.30457641601564,7.441159904365593,1.2328025790639847,-2.5205690530625864
1790096765905576448,16.31457641601564,8.240274259850091,1.2742964972914936,-2.302605821565976
1790096765915576576,16.32457641601564,8.908328134609063,1.2676182986941122,-2.309010862355949
1790096765925576448,16.33457641601564,9.640328539781304,1.2597940589814784,-2.373476162528446
1790096765935576576,16.34457641601564,10.243819569474812,1.1140742629525497,-3.05435717910298
1790096765945576448,16.35457641601564,9.027987797495726,0.6064254197641047,-3.7372188862676423
1790096765955576576,16.36457641601564,6.9261083127283145,0.24508426856762858,-4.14183143628232
1790096765965576448,16.37457641601564,6.118557374854078,0.0921459520322419,-4.1254522122962305
1790096765975576576,16.38457641601564,8.015873235093949,-0.21237701619502322,-3.616066067200824
1790096765985576448,16.39457641601564,10.38835869766935,-0.5736399655741802,-3.2591591504654955
1790096765995576576,16.40457641601564,10.620595099782625,-0.9158853468228138,-3.196363592894956
1790096766005576448,16.41457641601564,8.837884805656374,-1.1263415444983826,-3.453641929530714
1790096766015576576,16.42457641601564,6.814845502708421,-1.3214484967043452,-3.6583640214594375
1790096766025576448,16.43457641601564,5.8001492837612245,-1.5200001550864513,-3.65934149099021
1790096766035576576,16.44457641601564,6.141198984894489,-1.6966494888973478,-3.5104317088594543
1790096766045576448,16.45457641601564,7.16257173532951,-1.8990808936141308,-3.297313053062526
1790096766055576576,16.46457641601564,8.196744279541498,-1.8123643020698414,-3.211277522216786
1790096766065576448,16.47457641601564,8.441010431885013,-1.5872258308348466,-3.2129638895700654
1790096766075576576,16.48457641601564,8.542253002457944,-1.4951086485764562,-3.1610720080745534
1790096766085576448,16.49457641601564,8.966629297929984,-1.4708007610794824,-3.2899395896548853
1790096766095576576,16.50457641601564,8.711071320734595,-1.6326799442474886,-3.529648707933194
1790096766105576448,16.51457641601564,7.73634101137106,-1.9043005234851933,-3.983994919858452
1790096766115576576,16.52457641601564,6.595618619459813,-2.332882936217351,-4.283986807443914
1790096766125576448,16.53457641601564,5.709679184290096,-2.9377198100500435,-4.140713132375171
1790096766135576576,16.54457641601564,5.816563315067779,-3.5563098702300024,-3.838786437718462
1790096766145576448,16.55457641601564,7.1220210425361,-3.899685616988612,-3.7088865248756004
1790096766155576576,16.56457641601564,8.334658485335984,-4.0364085929193365,-3.6730209204607385
1790096766165576448,16.57457641601564,8.460374911541576,-4.12581634605478,-3.642319784343717
1790096766175576576,16.58457641601564,8.017797929923596,-3.9009145044139593,-3.992748789711203
1790096766185576448,16.59457641601564,7.095545209153523,-3.7581554695286674,-4.394760284261402
1790096766195576576,16.60457641601564,6.464999641761563,-3.906645652986177,-4.447820518198958
1790096766205576448,16.61457641601564,8.040952304513501,-3.993173446633355,-4.570952232289627
1790096766215576576,16.62457641601564,10.982590241907234,-4.153970859302063,-4.589216905793519
1790096766225576448,16.63457641601564,12.601897716520018,-4.2051443570146265,-5.3639920274720545
1790096766235576576,16.64457641601564,10.54711099097774,-4.518409100446839,-7.183034919762338
1790096766245576448,16.65457641601564,7.381168636129756,-5.471928093108546,-8.531786583334915
1790096766255576576,16.66457641601564,7.175078900915972,-6.595132793117836,-8.393577770938291
1790096766265576448,16.67457641601564,7.825119393380203,-7.110739987553238,-7.751230230294882
1790096766275576576,16.68457641601564,7.942888022827887,-7.120323143113596,-6.1965437315775205
1790096766285576448,16.69457641601564,8.14222240410988,-6.726941276540557,-4.949832008897222
1790096766295576576,16.70457641601564,8.445658894450766,-6.25866579277633,-4.703371201044831
1790096766305576448,16.71457641601564,8.506285597149049,-6.002749190809827,-4.642839276155301
1790096766315576576,16.72457641601564,8.114963336423525,-5.9774068774599645,-4.488899086460676
1790096766325576448,16.734576416015642,7.574377285306021,-6.0580268021419865,-4.516695060054316
1790096766335576576,16.74457641601564,7.315866904505323,-6.0627044989837575,-4.786449646839726
1790096766345576448,16.75457641601564,7.212707190812454,-5.815187839049679,-4.941100465306483
1790096766355576576,16.76457641601564,7.402825945321263,-5.340270737309072,-4.905423231725007
1790096766365576448,16.77457641601564,7.797334849084143,-4.928472619104482,-4.781603819469448
1790096766375576576,16.78457641601564,7.7488232688185725,-4.708257537269422,-4.519473826381895
1790096766385576448,16.79457641601564,7.3007539460885855,-4.56330727878845,-4.461992983828885
1790096766395576576,16.80457641601564,6.8563132292738205,-4.866932288306074,-4.258037029390336
1790096766405576448,16.81457641601564,6.650503792425145,-5.236720560376038,-3.9441860369155712
1790096766415576576,16.824576416015642,6.323752654540064,-5.406890463219651,-3.6844423072938555
1790096766425576448,16.83457641601564,5.888748586834733,-5.38113688238205,-3.448975672872616
1790096766435576576,16.84457641601564,5.705270820045963,-5.237566746358591,-3.541044103015816
1790096766445576448,16.85457641601564,6.256388092450028,-5.114474915642792,-3.777694498372388
1790096766455576576,16.86457641601564,7.4781279044607025,-4.891793025783736,-3.9226995021868634
1790096766465576448,16.87457641601564,8.550041006243067,-4.859244929555688,-3.9218381877453274
1790096766475576576,16.88457641601564,8.759682109805908,-5.711838276404933,-4.433754615518195
1790096766485576448,16.89457641601564,8.401139885882738,-7.442931680032418,-4.855665300263923
1790096766495576576,16.90457641601564,8.209651864520543,-8.547473327718903,-5.42078934411502
1790096766505576448,16.91457641601564,8.306728531097452,-8.184318226712127,-5.989196113922334
1790096766515576576,16.92457641601564,9.036311523870644,-7.309789383871022,-5.645400139048031
1790096766525576448,16.93457641601564,9.675962230605682,-7.000233542029783,-5.192045358316542
1790096766535576576,16.94457641601564,8.762171500519782,-7.233517743614543,-5.181755249291764
1790096766545576448,16.95457641601564,7.730131716076433,-7.367795855710554,-4.9133439138495625
1790096766555576576,16.96457641601564,7.308450639524039,-7.18615607310534,-4.7660381045889935
1790096766565576448,16.97457641601564,7.123312989357542,-6.806731672688894,-4.85533618927002
1790096766575576576,16.984576416015642,6.612052239256109,-6.376935958787571,-4.709279937341105
1790096766585576448,16.99457641601564,5.716588304812375,-6.065636099488304,-4.117132561580701
1790096766595576576,17.00457641601564,5.033998025671233,-5.861439160537802,-3.6255295060198627
1790096766605576448,17.01457641601564,5.599509015414934,-5.550570997453872,-3.833848197385162
1790096766615576576,17.02457641601564,6.730666818783477,-5.243895688966854,-4.306671389012451
1790096766625576448,17.03457641601564,7.082006633630361,-5.228039559735225,-4.168565096609923
1790096766635576576,17.04457641601564,6.653109773999512,-5.381603861522292,-3.5674519374365663
1790096766645576448,17.054576416015642,5.968796394648731,-5.491224361522067,-2.9141303346356535
1790096766655576576,17.06457641601564,6.0651422158287716,-5.221128233112855,-2.9681142366941655
1790096766665576448,17.074576416015642,6.500728274339692,-4.859862749492808,-3.5027974508167476
1790096766675576576,17.08457641601564,6.543323445250308,-4.788024987845636,-3.9522949060201795
1790096766685576448,17.09457641601564,6.4020542490822505,-5.002830224159833,-4.385765293169484
1790096766695576576,17.10457641601564,7.040635256409773,-5.567584044574271,-5.026897986791646
1790096766705576448,17.11457641601564,8.249094672846718,-6.242098674291375,-4.937976670307227
1790096766715576576,17.12457641601564,8.28133365991149,-7.054070349340755,-4.258310187946348
1790096766725576448,17.13457641601564,7.727060570595659,-7.465049484971933,-4.1185724818814196
1790096766735576576,17.144576416015642,7.419539771713247,-6.618327831274626,-4.410808652042754
1790096766745576448,17.15457641601564,7.347584561677006,-5.1210204428609565,-5.084731845541328
1790096766755576576,17.16457641601564,7.482455496453419,-4.06123626923718,-6.003944720002597
1790096766765576448,17.17457641601564,7.7316363748885575,-4.3557695052947345,-6.218912279614853
1790096766775576576,17.18457641601564,8.414230246645296,-5.328394076122417,-5.994154023852019
1790096766785576448,17.19457641601564,9.18379657009081,-6.229633777038855,-5.79169799947486
1790096766795576576,17.20457641601564,9.645903608361102,-6.823406081079168,-6.056148858755527
1790096766805576448,17.21457641601564,9.613084465582233,-6.93159480220752,-6.616323988589548
1790096766815576576,17.22457641601564,8.883068572148874,-6.767620372771897,-6.731249586741023
1790096766825576448,17.234576416015642,8.330502774058882,-6.475810672256316,-6.563083950806213
1790096766835576576,17.24457641601564,8.540428029694473,-5.9968059428831255,-6.4487852198792925
1790096766845576448,17.25457641601564,8.926347156190358,-5.61844391515239,-6.186169632405114
1790096766855576576,17.26457641601564,8.71010346382856,-5.542428305686913,-5.731828520682576
1790096766865576448,17.27457641601564,8.180980939518886,-5.320674926335966,-5.373779700205919
1790096766875576576,17.28457641601564,7.444036555741656,-4.915429719217828,-5.126323172995528
1790096766885576448,17.29457641601564,6.5336606476705885,-4.514638372542465,-4.770491776333796
1790096766895576576,17.304576416015642,5.6550191325400565,-4.021283819459203,-4.479485067224338
1790096766905576448,17.31457641601564,5.27343471006607,-3.641896247628645,-4.081187803071632
1790096766915576576,17.324576416015642,5.590208940734665,-3.2939900930845813,-3.784115695465707
1790096766925576448,17.33457641601564,6.738847770177935,-2.9394922406522874,-4.000727017469985
1790096766935576576,17.34457641601564,8.30928251520662,-2.663207153803035,-4.363705616027508
1790096766945576448,17.35457641601564,9.292900761254174,-2.643426823192086,-4.51828518385825
1790096766955576576,17.36457641601564,9.468698501586914,-2.945041119776588,-4.507046926672736
1790096766965576448,17.374576416015643,9.475097562488099,-3.327613820563493,-4.6392753159438564
1790096766975576576,17.38457641601564,9.15165415113921,-3.8404014594080054,-4.8378085174207754
1790096766985576448,17.394576416015642,7.938858588116188,-4.379734438195071,-5.092576061596947
1790096766995576576,17.40457641601564,6.039222101695353,-4.840831497469468,-5.1146729339057995
1790096767005576448,17.41457641601564,4.550308448856147,-4.946841141619983,-4.174356147412361
1790096767015576576,17.42457641601564,5.214091319305492,-4.091412911726185,-3.2947460273719202
1790096767025576448,17.43457641601564,7.250845472264211,-2.526995870415622,-3.0430360626890556
1790096767035576576,17.44457641601564,9.894131109861352,-0.8356208206193637,-4.435144264473248
1790096767045576448,17.45457641601564,11.279296947619216,-0.8218113866946046,-5.29209224154606
1790096767055576576,17.464576416015642,11.364080284599863,-1.5457984075659776,-5.320373528868124
1790096767065576448,17.47457641601564,10.00871834061851,-2.210110454403916,-4.437608173738213
1790096767075576576,17.484576416015642,8.890781320136465,-2.191497656325806,-4.318174013630172
1790096767085576448,17.49457641601564,9.119518444109424,-2.0559740182989703,-4.6874817284217025
1790096767095576576,17.50457641601564,9.409186893878765,-2.46725121969747,-4.445990283548087
1790096767105576448,17.51457641601564,9.054022160167,-2.9985864259833384,-3.802234101484107
1790096767115576576,17.52457641601564,8.285162901141923,-2.8744462936837825,-3.2856003080053564
1790096767125576448,17.53457641601564,7.234426715044526,-2.048683499806804,-3.3089154450769933
1790096767135576576,17.54457641601564,6.858762650377409,-1.3004488337712719,-3.5783974241331307
1790096767145576448,17.554576416015642,6.183453301127054,-1.1446398955434174,-3.5095477946521916
1790096767155576576,17.56457641601564,5.06510087461652,-1.1886403554649276,-2.8049437291106902
1790096767165576448,17.574576416015642,5.03956706186155,-0.5098605312529771,-1.7144115655459924
1790096767175576576,17.58457641601564,6.36670061858606,0.6847685498809961,-1.5739991985000623
1790096767185576448,17.59457641601564,9.128212058141784,1.3765370436939484,-2.5106866803464647
1790096767195576576,17.60457641601564,10.16758864752462,1.0018378577497824,-3.362207009316305
1790096767205576448,17.61457641601564,7.852327288847992,-0.06516434896867887,-3.3373573777543584
1790096767215576576,17.624576416015643,4.609598025562909,-0.2663579310799598,-2.802117467589688
1790096767225576448,17.63457641601564,3.3035709396543322,0.16869547136643862,-2.355522658181749
1790096767235576576,17.644576416015642,4.994887750768153,0.8970976351372166,-1.9174559910970181
1790096767245576448,17.65457641601564,8.178099246993495,1.900198361031912,-1.7341131555717895
1790096767255576576,17.66457641601564,10.528350165925843,2.1891139147183365,-1.4107490952113655
1790096767265576448,17.67457641601564,9.62924692875935,1.856494210450478,-1.7500953173139184
1790096767275576576,17.68457641601564,6.099900359013984,1.2348997370273078,-2.348979951267635
1790096767285576448,17.694576416015643,6.198554097050926,1.1238143021997957,-2.9409423854440275
1790096767295576576,17.70457641601564,9.62155056914333,1.200240842946062,-2.978293234929232
1790096767305576448,17.714576416015642,12.855647129365508,1.1303427021750843,-2.999996560107189
1790096767315576576,17.72457641601564,12.763789787626669,0.5934251699248918,-3.4884885260069014
1790096767325576448,17.734576416015642,8.813358203728505,0.3105215863397236,-3.9551002990957165
1790096767335576576,17.74457641601564,5.1249162052190655,0.11952631990478513,-4.045513313528662
1790096767345576448,17.75457641601564,6.726015931295686,-0.25879265279247304,-3.75944411277841
1790096767355576576,17.76457641601564,9.717778332637955,-0.7774113706708289,-3.0005329067000663
1790096767365576448,17.77457641601564,10.68938977784137,-0.9199408944729258,-2.670796111247637
1790096767375576576,17.784576416015643,10.065396239685764,-0.7920133002435232,-2.5116579681328997
1790096767385576448,17.79457641601564,9.292381298031463,-0.37862547138124125,-2.955703861261952
1790096767395576576,17.804576416015642,8.908239363488534,-0.2688485445851784,-3.687118870025987
1790096767405576448,17.81457641601564,8.708988754331202,-0.6338822165427827,-4.22406477530354
1790096767415576576,17.824576416015642,7.724200072753615,-0.9844624037296499,-4.127153923856246
1790096767425576448,17.83457641601564,7.523049116801369,-1.1117584326421819,-3.8619797778847356
1790096767435576576,17.84457641601564,7.185683540851087,-1.1321212105261798,-3.624376582104862
1790096767445576448,17.85457641601564,5.925073878449239,-1.0923032355350781,-3.286083074721886
1790096767455576576,17.86457641601564,4.42717192334507,-1.0303989640419629,-2.6850012652607407
1790096767465576448,17.874576416015643,4.258005016883887,-1.000145888458199,-2.0409524345040237
1790096767475576576,17.88457641601564,5.235568909991686,-0.9793663950232805,-1.6075979102735416
1790096767485576448,17.894576416015642,7.270889806863498,-0.9764722459935484,-1.2403505952755691
1790096767495576576,17.90457641601564,9.433001225168082,-0.6404900323306739,-1.332511591317576
1790096767505576448,17.91457641601564,9.796674813164902,0.06246596674254645,-2.089253165988254
1790096767515576576,17.92457641601564,8.079873551113012,0.675599370795624,-3.128800612478306
1790096767525576448,17.93457641601564,7.369473072254228,0.8195025256369601,-4.146507028551405
1790096767535576576,17.944576416015643,9.514805963209504,0.33051172296664233,-4.723156055322172
1790096767545576448,17.95457641601564,11.574324690470029,-0.6622092989970628,-5.434787016434042
1790096767555576576,17.964576416015642,11.648101762571537,-1.7263278008978675,-6.29432565417872
1790096767565576448,17.97457641601564,9.901158926762482,-2.4033426582309825,-7.251733552221733
1790096767575576576,17.984576416015642,8.272937024759308,-2.9281488754636555,-7.664214733245384
1790096767585576448,17.99457641601564,8.082645412246665,-3.671039908901026,-7.576772229395449
1790096767595576576,18.00457641601564,8.46389708200769,-4.649358881336572,-6.984167232510861
1790096767605576448,18.014576416015643,8.895445014697549,-5.624403514584125,-6.3053624693447965
1790096767615576576,18.02457641601564,9.540172883303324,-6.22319981196762,-6.115754039720225
1790096767625576448,18.034576416015643,10.011423471758158,-6.417917097198473,-6.263185182985269
1790096767635576576,18.04457641601564,9.441445669731127,-6.408389312872836,-6.255456453307079
1790096767645576448,18.054576416015642,8.982357641810943,-6.084250405599188,-6.213951622504237
1790096767655576576,18.06457641601564,9.844731414259106,-5.799092993869593,-6.147918919392271
1790096767665576448,18.074576416015642,9.881141963584861,-5.511519640486029,-6.109573177156481
1790096767675576576,18.08457641601564,7.324401654558931,-5.0676413571361305,-6.289852744953864
1790096767685576448,18.09457641601564,5.020810325439186,-4.586557710173348,-6.128786993864968
1790096767695576576,18.104576416015643,4.428237420862708,-4.273736125772028,-5.10261442010828
1790096767705576448,18.11457641601564,4.622923418131442,-3.8910171796533817,-3.8377708104088413
1790096767715576576,18.124576416015643,4.8169171226611756,-3.414786978108094,-2.7974137935680563
1790096767725576448,18.13457641601564,5.27448078627298,-2.931870281456027,-2.075748574986531
1790096767735576576,18.144576416015642,6.551183241166239,-2.2373915396949116,-2.3177483171126725
1790096767745576448,18.15457641601564,7.537485391609407,-1.6526035464186999,-3.0216692963186427
1790096767755576576,18.16457641601564,6.836898664247727,-1.5162707393817105,-3.5492251289059116
1790096767765576448,18.17457641601564,5.223935640995134,-2.1147716211843552,-3.9076855609470136
1790096767775576576,18.18457641601564,5.5178274140365735,-3.450495897599178,-4.08651173799614
1790096767785576448,18.194576416015643,7.971066785359796,-4.7766687841826565,-4.306925192250016
1790096767795576576,18.20457641601564,9.797046183430478,-5.5365176348336,-4.751542023766081
1790096767805576448,18.214576416015642,9.439188689716586,-5.8670905285059245,-5.748365025481435
1790096767815576576,18.22457641601564,8.049041748439308,-6.396423586198586,-7.203972517009619
1790096767825576448,18.234576416015642,7.72904426302491,-7.348567408598301,-7.97192580068324
1790096767835576576,18.24457641601564,8.078614398629691,-8.122064809168783,-7.618982823208219
1790096767845576448,18.25457641601564,7.9850177207542075,-8.470676622363257,-6.640445132427189
1790096767855576576,18.264576416015643,8.47026493698859,-8.287431062128794,-5.241922843225599
1790096767865576448,18.27457641601564,8.330483628812958,-8.112044644151558,-4.448036241394987
1790096767875576576,18.284576416015643,7.880694234595837,-7.829743303741994,-4.081023444167646
1790096767885576448,18.29457641601564,7.561819468715309,-7.409589714843568,-3.9467476985223593
1790096767895576576,18.304576416015642,7.813401660843208,-6.819641984627074,-4.654597809389626
1790096767905576448,18.31457641601564,8.637124092263461,-6.516042844064998,-4.744320987488247
1790096767915576576,18.324576416015642,9.01421829266489,-6.419154628241132,-4.7072886316152
1790096767925576448,18.334576416015643,8.673540813901424,-6.622183710082591,-4.395167132319872
1790096767935576576,18.34457641601564,7.958300882568707,-6.98174816855128,-3.8011439750045573
1790096767945576448,18.354576416015643,7.189290545535587,-7.165063063007308,-3.364201963685398
1790096767955576576,18.36457641601564,7.01444681481807,-6.755955727078923,-3.351556093357613
1790096767965576448,18.374576416015643,7.326143469486385,-5.8767317073866785,-3.5982354370066982
1790096767975576576,18.38457641601564,7.244963361924553,-4.993942378094407,-3.6800573743483826
1790096767985576448,18.394576416015642,6.500515744153873,-4.404725086771222,-3.7746084552269314
1790096767995576576,18.40457641601564,6.132341276277627,-4.16312124823664,-3.99404604708754
1790096768005576448,18.41457641601564,5.913775736616464,-4.4025267674130655,-4.371300394997051
1790096768015576576,18.424576416015643,6.0217289063813695,-5.0326556677398075,-4.69055569570584
1790096768025576448,18.43457641601564,6.82680128820651,-5.58255382947783,-4.988013999747413
1790096768035576576,18.444576416015643,7.374082483174632,-6.036841051946019,-4.811679268618532
1790096768045576448,18.45457641601564,6.960100165761258,-6.229560999852977,-4.325923053142642
1790096768055576576,18.464576416015642,6.197286997455261,-6.217546805480535,-3.8546925203007936
1790096768065576448,18.47457641601564,5.493538056606328,-6.009055022145188,-3.684647798538208
1790096768075576576,18.484576416015642,5.831096379001647,-5.634824928906663,-4.258522891537446
1790096768085576448,18.49457641601564,6.773961606812782,-5.062318228118435,-5.263994752975498
1790096768095576576,18.50457641601564,6.413239547670168,-5.061975517561167,-5.029908994399575
1790096768105576448,18.514576416015643,5.737279932994141,-6.122753022207582,-4.167969434910413
1790096768115576576,18.52457641601564,5.795251479216913,-7.519006460804258,-3.9448844309050712
1790096768125576448,18.534576416015643,6.319150598377242,-8.456274975325632,-4.264969315999645
1790096768135576576,18.54457641601564,7.002987443433736,-8.488520176031095,-4.683195095772136
1790096768145576448,18.554576416015642,7.539435311209839,-7.896215187634217,-4.876736279273209
1790096768155576576,18.56457641601564,7.800619843178751,-7.319625569130065,-4.771350398701943
1790096768165576448,18.574576416015642,8.075218893227962,-7.268627714869944,-4.531186401148926
1790096768175576576,18.584576416015643,9.002870136035918,-7.158484740208681,-4.62882543903286
1790096768185576448,18.59457641601564,9.582292907539191,-6.930960841641468,-4.957171858458182
1790096768195576576,18.604576416015643,9.526092649311106,-6.672976749994079,-5.190860214978533
1790096768205576448,18.61457641601564,8.910881820282567,-6.514529682236458,-5.216806468134652
1790096768215576576,18.624576416015643,7.667127543733359,-6.522204427946229,-4.944324213184041
1790096768225576448,18.63457641601564,6.71105081372439,-6.324002010405963,-4.819400001455574
1790096768235576576,18.644576416015642,6.743782195178874,-5.845476904299869,-5.123016730704285
1790096768245576448,18.654576416015644,7.449942225792363,-5.460667225699541,-5.501997576514088
1790096768255576576,18.66457641601564,8.440607616897873,-5.352791490977246,-5.664056679252228
1790096768265576448,18.674576416015643,9.205310226639467,-5.50269697547986,-5.5847391045887536
1790096768275576576,18.68457641601564,9.007599251456202,-5.875188694504939,-5.26594903559786
1790096768285576448,18.694576416015643,8.325136259186829,-6.089006736704171,-5.234149049669311
1790096768295576576,18.70457641601564,7.689827132012298,-5.843680133654504,-5.339442141131711
1790096768305576448,18.714576416015642,7.272882669325272,-5.114255570462478,-5.419333833710885
1790096768315576576,18.72457641601564,6.748927139487227,-4.322038465734101,-5.160686138839003
1790096768325576448,18.734576416015642,6.569053068429545,-3.836375536244302,-4.867434602861749
1790096768335576576,18.744576416015644,7.215497071819892,-3.5781514636215372,-4.480915297803819
1790096768345576448,18.75457641601564,8.805039168036352,-3.133749447094442,-4.722901695685225
1790096768355576576,18.764576416015643,10.213103603644782,-2.863674039496037,-5.3965194433423616
1790096768365576448,18.77457641601564,10.72066712961734,-2.851096329987798,-6.217272732487642
1790096768375576576,18.784576416015643,10.09767822229821,-3.1440886871344116,-6.99687100926471
1790096768385576448,18.79457641601564,8.513635927700404,-3.7549735330858556,-7.020711054180256
1790096768395576576,18.804576416015642,7.479286773909068,-4.086150576738529,-6.542223447740202
1790096768405576448,18.81457641601564,7.34262410135236,-3.856806258085031,-5.796025991080685
1790096768415576576,18.824576416015642,7.344187134094948,-3.4265812947479524,-5.295013300018177
1790096768425576448,18.834576416015643,7.259454553818871,-3.1783947920000846,-4.950238957554731
1790096768435576576,18.84457641601564,7.211430556364721,-3.182512309853363,-4.500682346130265
1790096768445576448,18.854576416015643,7.166538330251802,-3.148829108360809,-4.077430181536722
1790096768455576576,18.86457641601564,7.081107585302171,-2.7949198645643913,-3.8038667618437354
1790096768465576448,18.874576416015643,7.245312999014014,-2.2299678707393515,-3.794663011736077
1790096768475576576,18.88457641601564,8.153071110042186,-1.5338572817237262,-4.121513959664947
1790096768485576448,18.894576416015642,9.510033750944078,-1.1126098327882041,-4.338311487922915
1790096768495576576,18.904576416015644,10.916631523012516,-0.7906197555138541,-4.608592554364225
1790096768505576448,18.91457641601564,10.951231636067991,-1.3213807272944567,-4.466476931790087
1790096768515576576,18.924576416015643,9.215215254123295,-2.1157085611859077,-4.248084952452578
1790096768525576448,18.93457641601564,7.396347742811926,-2.4940061894331444,-4.396861604877244
1790096768535576576,18.944576416015643,6.204074471456584,-2.508527826714766,-4.25755009696407
1790096768545576448,18.95457641601564,5.760011268556092,-2.2218158623045015,-3.670327610341486
1790096768555576576,18.964576416015642,6.2156502751047205,-1.6457851701165274,-3.0911173660672784
1790096768565576448,18.974576416015644,6.786728539814162,-0.9186707530865241,-2.7303942407263344
1790096768575576576,18.984576416015642,7.316335581735869,-0.3425742339521136,-2.449381579675678
1790096768585576448,18.994576416015644,7.5222786525804555,-0.10104573862037702,-2.177379057961645
1790096768595576576,19.00457641601564,6.569106884822528,-0.3424478530249309,-1.9095697765300024
1790096768605576448,19.014576416015643,5.11565762565066,-0.24560833359833872,-1.450961459444765
1790096768615576576,19.02457641601564,4.503164880755535,-0.13385775516622442,-0.42383459274940394
1790096768625576448,19.034576416015643,5.851765324052753,0.6055106032291039,-0.2023570639469493
1790096768635576576,19.04457641601564,9.045256865494846,1.586983448019548,-0.7124519783229857
1790096768645576448,19.054576416015642,9.437325650060965,1.887966251039513,-1.6957882654434968
1790096768655576576,19.064576416015644,6.2838386751829205,1.5328382293745997,-2.41115733844946
1790096768665576448,19.074576416015642,5.281028931581186,1.5493255753300645,-3.0953073644246576
1790096768675576576,19.084576416015643,8.690847223459384,1.0685645145179394,-3.9345648055925926
1790096768685576448,19.09457641601564,10.627146842192657,0.20995638709609005,-3.8590691357942544
1790096768695576576,19.104576416015643,10.731090516431847,0.11396944808589905,-3.8726026392640662
1790096768705576448,19.11457641601564,9.42717837316308,0.09285341905234565,-4.038748498248555
1790096768715576576,19.124576416015643,7.750776582089651,0.253791157999161,-3.8315433567671855
1790096768725576448,19.13457641601564,7.606142848509365,0.30923387587257073,-3.131519296119869
1790096768735576576,19.144576416015642,9.687756545707467,0.20459914104007282,-3.2323118319257356
1790096768745576448,19.154576416015644,10.612911923804985,0.006922831807388771,-3.671323203673839
1790096768755576576,19.16457641601564,8.476390562074872,0.1564790772819537,-3.6286244112283623
1790096768765576448,19.174576416015643,7.349913311928774,0.3936661910893308,-3.229059109105066
1790096768775576576,19.18457641601564,8.31216494576808,0.2956058211592951,-3.356457680608543
1790096768785576448,19.194576416015643,8.370655894679931,-0.08789083313967994,-3.303852265895319
1790096768795576576,19.20457641601564,7.002967366203693,-0.209284312745436,-2.923279659913208
1790096768805576448,19.214576416015642,5.894609921806502,-0.10486041589553785,-2.3907171744497386
1790096768815576576,19.224576416015644,5.901388721053337,-0.1085554631017035,-1.8859428154088205
1790096768825576448,19.234576416015642,6.605934859311378,-0.08399762134976094,-1.9693782654368874
1790096768835576576,19.244576416015644,6.413942228672542,-0.2266320215504177,-1.8544371315000152
1790096768845576448,19.25457641601564,5.950367714438997,-0.4783261887692419,-1.5788936752818223
1790096768855576576,19.264576416015643,6.402142025651569,-0.4724205583989884,-1.6878296147545813
1790096768865576448,19.27457641601564,6.079261726047207,-0.446026257617981,-2.1439600954744513
1790096768875576576,19.284576416015643,5.354823719061729,-0.39824614817392545,-2.6943465444222943
1790096768885576448,19.294576416015644,5.288152268836853,-0.5554671683838139,-2.6697467294284807
1790096768895576576,19.304576416015642,6.754868043816228,-0.916878910190005,-2.310463793058952
1790096768905576448,19.314576416015644,9.373371027349203,-1.0315931732557293,-2.2872728221446406
1790096768915576576,19.324576416015642,11.963914863266421,-0.5633532219814495,-3.3414059119386694
1790096768925576448,19.334576416015643,12.43613171810677,0.09121359619132535,-5.110994922535119
1790096768935576576,19.34457641601564,9.776897733072307,-0.007210888905981261,-6.221570384701471
1790096768945576448,19.354576416015643,8.221835802756948,-0.6561934005165133,-6.156199487295787
1790096768955576576,19.36457641601564,10.249085085562417,-1.326342003518587,-6.487170187360604
1790096768965576448,19.374576416015643,12.386418154867282,-2.53793669863037,-7.198922526022832
1790096768975576576,19.384576416015644,11.553377571675687,-3.368379785633569,-8.148683311205481
1790096768985576448,19.394576416015642,8.891865105868836,-4.017393956995244,-8.155102523965205
1790096768995576576,19.404576416015644,8.83132804752223,-4.699010476568125,-7.344914134004552
1790096769005576448,19.41457641601564,10.145406904651608,-5.36696778873352,-6.8435816144447
1790096769015576576,19.424576416015643,9.293200652897802,-5.883009267810997,-6.36420561122948
1790096769025576448,19.43457641601564,6.331930905889751,-6.1107692646877245,-5.678049423350412
1790096769035576576,19.444576416015643,4.699363729948553,-6.006382114943602,-4.821056883905079
1790096769045576448,19.45457641601564,4.6077111067418155,-5.468323849164441,-4.075131079980618
1790096769055576576,19.464576416015642,4.52238720440353,-4.579737373170914,-3.2306457679296807
1790096769065576448,19.474576416015644,4.439521633182499,-3.440564392488063,-2.4780559455245195
1790096769075576576,19.484576416015642,5.033977587132517,-2.223284932373007,-2.070765639595958
1790096769085576448,19.494576416015644,6.247215087599878,-1.2096410882607151,-1.9363738096954046
1790096769095576576,19.50457641601564,7.3529827917728845,-0.5273463713181838,-2.1420852968163007
1790096769105576448,19.514576416015643,7.539726403301933,-0.2528658734216801,-2.6321472168535007
1790096769115576576,19.52457641601564,6.965138393925914,-0.6032494289436247,-3.1891069660057814
1790096769125576448,19.534576416015643,7.530650454837846,-1.6057442986700372,-3.97517913518792
1790096769135576576,19.544576416015644,10.172063121076357,-2.741967362448017,-5.22798018605311
1790096769145576448,19.554576416015642,11.694722317679574,-3.8795696487256865,-6.792990492018422
1790096769155576576,19.564576416015644,9.76660368791723,-4.790226487915401,-8.857054420443832
1790096769165576448,19.574576416015642,8.304582985448812,-5.852093970694371,-10.46742704668637
1790096769175576576,19.584576416015643,10.017757304968374,-7.159602736292226,-10.522853354250984
1790096769185576448,19.59457641601564,10.96173403260418,-8.276469958660417,-9.85496274037037
1790096769195576576,19.604576416015643,9.814782551943706,-8.906774097488212,-8.472057827996148
1790096769205576448,19.614576416015645,8.504213327087612,-8.902239223238531,-6.6306145164223675
1790096769215576576,19.624576416015643,7.192590145446192,-8.603137662509813,-4.919985716011399
1790096769225576448,19.634576416015644,6.47039569940188,-7.964588063640205,-4.0148446399331785
1790096769235576576,19.644576416015642,6.705498730165687,-6.941311233108045,-3.0997485164558967
1790096769245576448,19.654576416015644,7.2715043012093705,-5.894408656966885,-2.8896986335559864
1790096769255576576,19.66457641601564,7.602555134543086,-5.152668659527284,-3.3244808570869795
1790096769265576448,19.674576416015643,7.229564243113886,-4.879902299047472,-3.8626953282966157
1790096769275576576,19.68457641601564,6.483455228101648,-5.187836832216526,-4.187342784557601
1790096769285576448,19.694576416015643,6.112754818096628,-5.970843283200991,-4.255830437999359
1790096769295576576,19.704576416015644,6.184900624305854,-6.3677966594701045,-4.24256628443308
1790096769305576448,19.714576416015642,6.664325563124538,-6.028712163092254,-4.371100827650436
1790096769315576576,19.724576416015644,6.5312517115992605,-5.600911784992521,-4.0991856129291335
1790096769325576448,19.734576416015642,5.750837021895214,-5.3117059214211935,-3.549215027710868
1790096769335576576,19.744576416015644,5.08276964115145,-4.809973651573392,-3.5088705743114774
1790096769345576448,19.75457641601564,5.181045211446853,-3.9448761720895864,-4.137908083243072
1790096769355576576,19.764576416015643,5.926652379790098,-3.259838955265156,-4.609571575548221
1790096769365576448,19.77457641601564,6.389040222134134,-3.1534788210329765,-5.097647216511601
1790096769375576576,19.784576416015643,7.011244136523469,-3.779949320371382,-5.4175623202585355
1790096769385576448,19.794576416015644,8.145740132777501,-4.992518830246446,-5.5781536372026155
1790096769395576576,19.804576416015642,9.323866776747495,-6.587605086613366,-5.892250137655733
1790096769405576448,19.814576416015644,10.231433092951868,-8.098724959711703,-6.270192696883546
1790096769415576576,19.824576416015642,10.422575886006399,-8.554087869159183,-6.682716936684154
1790096769425576448,19.834576416015643,9.752340405296371,-7.750285654120315,-6.415163816375722
1790096769435576576,19.84457641601564,8.822790604962165,-6.523789766885162,-5.502575545027915
1790096769445576448,19.854576416015643,7.515777122413035,-5.594010259967266,-4.9610014227312815
1790096769455576576,19.864576416015645,6.132828318494836,-5.221681520943265,-3.7863299479505574
1790096769465576448,19.874576416015643,5.206049967168808,-5.051352575583928,-2.7253888032543037
1790096769475576576,19.884576416015644,5.161495594347339,-4.982655189692385,-2.4579976508663988
1790096769485576448,19.894576416015642,5.48120615886954,-5.346469405303336,-2.790475225906574
1790096769495576576,19.904576416015644,6.237348934060239,-6.00436274335918,-3.241949988509671
1790096769505576448,19.91457641601564,7.249626555812036,-6.728103580329378,-3.421594460534721
1790096769515576576,19.924576416015643,8.600925981874502,-6.793949452955168,-4.182596659854246
1790096769525576448,19.934576416015645,9.807974490825938,-6.447625740821461,-5.434776641925533
1790096769535576576,19.944576416015643,10.072781572239109,-6.057879549726498,-6.259773152605045
1790096769545576448,19.954576416015644,9.226287512195654,-6.211601517640367,-6.104263394065179
1790096769555576576,19.964576416015642,8.88608437246048,-6.3593963993654,-5.8514618839632755
1790096769565576448,19.974576416015644,9.138590908272677,-6.148727974413445,-5.825040840602296
1790096769575576576,19.984576416015642,8.420004602212469,-6.09889974559295,-5.387790811017704
1790096769585576448,19.994576416015644,7.065909077568479,-5.944005708612415,-4.7349625742323385
1790096769595576576,20.00457641601564,5.870067534288428,-5.4795981726531515,-4.162785337971492
1790096769605576448,20.014576416015643,5.906788087904177,-4.556617220023824,-4.437809291718572
1790096769615576576,20.024576416015645,7.04646877673534,-3.677492218980003,-5.6574787395797
1790096769625576448,20.034576416015643,7.678778729964198,-4.105018429127787,-5.859036597490573
1790096769635576576,20.044576416015644,7.920991479582131,-4.984628233112425,-4.975209341365748
1790096769645576448,20.054576416015642,7.995158241338082,-5.449085855728056,-4.620789927852344
1790096769655576576,20.064576416015644,7.581241021653004,-5.44371025181235,-4.902186990741829
1790096769665576448,20.074576416015642,6.853842920911345,-5.065397398917521,-5.201994214950905
1790096769675576576,20.084576416015643,6.1984678707631105,-4.544981558117987,-5.255631798133764
1790096769685576448,20.09457641601564,5.983435895226672,-3.947528569180978,-5.353426150342124
1790096769695576576,20.104576416015643,6.377474717480695,-3.797773334344467,-5.349900914638572
1790096769705576448,20.114576416015645,7.206809582819811,-4.206073957724358,-5.054518193834956
1790096769715576576,20.124576416015643,8.519528542342824,-4.765232242114748,-4.716751296332564
1790096769725576448,20.134576416015644,9.660938882733868,-5.197597095629662,-4.643969807487947
1790096769735576576,20.144576416015642,9.455462071709153,-5.254796621003199,-5.131616030009754
1790096769745576448,20.154576416015644,8.186060342707131,-4.95531673626951,-5.756290636091181
1790096769755576576,20.16457641601564,7.383416374974512,-4.565358186699886,-6.3084901283093515
1790096769765576448,20.174576416015643,7.804633124065998,-4.232073623495523,-6.743649766286063
1790096769775576576,20.184576416015645,9.22961605299826,-3.9155707906306856,-6.893890130121391
1790096769785576448,20.194576416015643,11.039806040298332,-3.5435481093386225,-6.890905783417828
1790096769795576576,20.204576416015644,11.667659794104301,-3.331207853478763,-6.787025046704047
1790096769805576448,20.214576416015642,10.502850060582992,-3.514850869545942,-6.660851423556776
1790096769815576576,20.224576416015644,8.48029253651669,-3.865184300565139,-6.247463137283298
1790096769825576448,20.234576416015642,6.923751604008259,-3.9016105229845977,-5.724478121254414
1790096769835576576,20.244576416015644,5.903515774979077,-3.498682590629783,-5.070653501330796
1790096769845576448,20.254576416015645,5.6472037382253655,-2.7455555258277475,-4.7643905131938755
1790096769855576576,20.264576416015643,5.634471171201794,-2.4733009977556466,-4.31359345853566
1790096769865576448,20.274576416015645,6.581343378864994,-2.3592843392986427,-3.8837762921890837
1790096769875576576,20.284576416015643,8.06766525991085,-2.0936001463885954,-3.6366613500322074
1790096769885576448,20.294576416015644,9.215736766333597,-1.6953727061862798,-3.7190002883175532
1790096769895576576,20.304576416015642,9.703912607776408,-1.3888056595907845,-4.092135895018458
1790096769905576448,20.314576416015644,9.359424652790311,-1.4478931629338703,-4.319459136813388
1790096769915576576,20.324576416015642,8.631836476742711,-1.927901654441534,-4.228640383379943
1790096769925576448,20.334576416015643,8.16175599444061,-2.1865487779167805,-4.082670927769977
1790096769935576576,20.344576416015645,8.029195417578835,-1.8552538190803072,-4.079961995941
1790096769945576448,20.354576416015643,8.643719354171697,-1.2149181331496874,-4.3238777281041845
1790096769955576576,20.364576416015645,9.64042464728016,-0.6565946110499148,-4.528677499100124
1790096769965576448,20.374576416015643,9.749989917580208,-0.8587677727558382,-4.735936613189533
1790096769975576576,20.384576416015644,7.6271466358120845,-1.7496068831565617,-4.334642241941291
1790096769985576448,20.394576416015642,5.246787002414767,-2.194121434000943,-3.5726267212951592
1790096769995576576,20.404576416015644,3.8444892813413896,-1.831385176208824,-2.3065345893565534
1790096770005576448,20.41457641601564,4.937916037201266,-0.21491907326441534,-1.1523818488445616
1790096770015576576,20.424576416015643,6.995049589117168,1.3319986858746016,-1.4390027218305077
1790096770025576448,20.434576416015645,8.08971728300468,0.9806175870995087,-2.225235689196972
1790096770035576576,20.444576416015643,7.946773057524811,-0.419497322632625,-2.3713993119550976
1790096770045576448,20.454576416015644,7.167230729557134,-0.9334980785132788,-1.9234958109517357
1790096770055576576,20.464576416015642,6.2508819105941065,-0.57089594679741,-1.9351759474163415
1790096770065576448,20.474576416015644,5.679937611914276,0.0291184552395905,-1.8576988623117594
1790096770075576576,20.484576416015642,5.742916940933071,0.2727817893028259,-1.4569378522531042
1790096770085576448,20.494576416015644,6.827314280379797,0.5023087016884161,-1.1255589268482111
1790096770095576576,20.504576416015645,7.681831376636193,1.0555268400949978,-0.7851020652597467
1790096770105576448,20.514576416015643,9.352731240500487,2.293471069997553,-1.34896184456887
1790096770115576576,20.524576416015645,9.438619972376697,2.2794108164108,-2.4496328365132616
1790096770125576448,20.534576416015643,8.374947953388668,1.6306218137816777,-3.4895473737249563
1790096770135576576,20.544576416015644,7.758505646789763,1.4111187902804534,-3.428999922585176
1790096770145576448,20.554576416015642,9.509648122692681,1.444911993873997,-3.7640972888837547
1790096770155576576,20.564576416015644,10.508827360566256,1.0689974105745823,-4.1973444762834005
1790096770165576448,20.574576416015645,9.517704791397332,0.4206243289728099,-3.9106272436801532
1790096770175576576,20.584576416015643,8.180843599098386,0.5193606437457379,-4.001775822285296
1790096770185576448,20.594576416015645,7.238600722594667,0.49293350464136754,-4.118583284344139
1790096770195576576,20.604576416015643,6.336946395589888,0.20872544160010223,-3.950791804958027
1790096770205576448,20.614576416015645,5.911047911476575,-0.29965775086743135,-3.2616593746572295
1790096770215576576,20.624576416015643,6.7522926857693895,-0.7839822595960158,-2.469873661599923
1790096770225576448,20.634576416015644,8.317246469518537,-0.8496851243538086,-2.071729261401722
1790096770235576576,20.644576416015642,8.76554894530612,-0.4571220304137999,-2.170530272221025
1790096770245576448,20.654576416015644,7.810650635178391,-0.022636836344498895,-2.4697479167626235
1790096770255576576,20.664576416015645,6.859032213782108,0.0855118940900636,-2.8002448892945795
1790096770265576448,20.674576416015643,6.798890000454231,-0.12023256827274081,-3.2108997389848675
1790096770275576576,20.684576416015645,7.335353716827083,-0.342970384746947,-3.5712860540793456
1790096770285576448,20.694576416015643,7.668373874957847,-0.4876804484460193,-3.7725273526762533
1790096770295576576,20.704576416015644,7.411497455283583,-0.5207747898226323,-3.8170514132624485
1790096770305576448,20.714576416015642,7.002656500267642,-0.4716688099439969,-3.773194796444454
1790096770315576576,20.724576416015644,7.239527253790809,-0.4285582059095954,-3.8267422019753514
1790096770325576448,20.734576416015642,7.929378539163609,-0.6198873006019504,-4.054842428801057
1790096770335576576,20.744576416015644,8.453693206913849,-1.0346883525237296,-4.325677555962172
1790096770345576448,20.754576416015645,8.46728879132683,-1.5572415896515637,-4.582831071084645
1790096770355576576,20.764576416015643,8.213159068573509,-2.0360304456875324,-4.781402922859293
1790096770365576448,20.774576416015645,8.301508945964164,-2.304737917233471,-5.2379356047022805
1790096770375576576,20.784576416015643,8.006408034560284,-2.466706759100769,-5.697969821114686
1790096770385576448,20.794576416015644,7.1078189019905516,-2.7034229296849954,-5.8746907958647165
1790096770395576576,20.804576416015642,6.76310771233551,-2.999599575453411,-5.883389401293964
1790096770405576448,20.814576416015644,7.42902623826413,-3.3385919716023893,-5.841441188270456
1790096770415576576,20.824576416015645,7.9869490070197555,-4.001521328490893,-5.456760571885448
1790096770425576448,20.834576416015643,8.630530953427334,-4.435668329981902,-5.495656662091629
1790096770435576576,20.844576416015645,9.050671051820537,-4.505186516605848,-6.012739028386886
1790096770445576448,20.854576416015643,7.69898272582918,-4.689296686214423,-6.051391122613289
1790096770455576576,20.864576416015645,6.573955138551175,-5.189090712791337,-5.668301820062517
1790096770465576448,20.874576416015643,9.110005278432995,-5.476172835874882,-5.721900702918556
1790096770475576576,20.884576416015644,13.357985816272215,-5.477063582244896,-6.619658773062383
1790096770485576448,20.894576416015646,12.366307623910023,-5.558689073243831,-7.871458778789724
1790096770495576576,20.904576416015644,7.15592073833498,-6.0115451419398935,-9.070463478086557
1790096770505576448,20.914576416015645,4.685908702408949,-6.577576970077631,-8.240462174286735
1790096770515576576,20.924576416015643,5.522889552183621,-6.142479728027169,-7.055849578962072
1790096770525576448,20.934576416015645,6.279819310885603,-5.444646982286813,-4.966632817917796
1790096770535576576,20.944576416015643,6.588708645999436,-4.585223706450711,-3.683127092776436
1790096770545576448,20.954576416015644,7.3402720611716985,-3.5981735337697356,-3.347289639064106
1790096770555576576,20.964576416015642,8.77577676158262,-2.681463918262387,-3.789030547391176
1790096770565576448,20.974576416015644,9.233667562465016,-2.487681065505171,-4.557028311593131
1790096770575576576,20.984576416015646,7.990159585987275,-3.2510554648613255,-5.285869642778566
1790096770585576448,20.994576416015644,6.395127172795613,-4.663962770320512,-5.741617983483192
1790096770595576576,21.004576416015645,6.335202506127486,-5.933089191400063,-6.153640977628765
1790096770605576448,21.014576416015643,6.67167433026414,-6.517357190895472,-5.715772113549227
1790096770615576576,21.024576416015645,7.049695962144966,-6.057154378282023,-5.1285937299249476
1790096770625576448,21.034576416015643,7.720361656896677,-5.0863077890056765,-4.718512395090264
1790096770635576576,21.044576416015644,8.05223491642049,-4.434734112176178,-4.285807551760309
1790096770645576448,21.054576416015642,8.10791565652518,-4.031842126893076,-4.649232268359684
1790096770655576576,21.064576416015644,7.2763230395887755,-4.431962033402684,-5.736975135793502
1790096770665576448,21.074576416015645,6.076061173380205,-5.8495242625651676,-5.7284126316310635
1790096770675576576,21.084576416015643,6.451369143016473,-6.953878538375938,-5.251042524811767
1790096770685576448,21.094576416015645,7.849627925796729,-6.756104066091564,-4.719883453434775
1790096770695576576,21.104576416015643,9.335094929299226,-5.954660637585272,-4.650748526542021
1790096770705576448,21.114576416015645,10.1407660662141,-5.92455503967837,-5.210539599814539
1790096770715576576,21.124576416015643,9.969062952391631,-7.135888658788486,-6.349153216525906
1790096770725576448,21.134576416015644,9.108573176716522,-8.206226116572585,-6.949258112295909
1790096770735576576,21.144576416015646,7.964082539063336,-7.874026570741623,-6.332816591040809
1790096770745576448,21.154576416015644,6.958409280263253,-6.779896530397176,-5.324609990285782
1790096770755576576,21.164576416015645,6.959186369255404,-6.055599585195639,-4.0538519973378415
1790096770765576448,21.174576416015643,7.600930407448302,-5.781573993033152,-3.3380300892526096
1790096770775576576,21.184576416015645,7.935724764913105,-5.640612769243943,-3.530662051417496
1790096770785576448,21.194576416015643,7.4043234768064465,-5.705407479426423,-4.053758604173738
1790096770795576576,21.204576416015644,7.121716615150346,-6.17848514651678,-4.6706385107367
1790096770805576448,21.214576416015646,7.355763906397217,-6.7873749263156835,-5.022501995033335
1790096770815576576,21.224576416015644,7.733131594312184,-6.504238864405124,-5.090855635054856
1790096770825576448,21.234576416015646,7.074323977918156,-5.723753256525933,-4.770247578020787
1790096770835576576,21.244576416015644,6.251478338886866,-5.1080289097218365,-4.26525175049868
1790096770845576448,21.254576416015645,6.435587244609925,-4.665041424108951,-4.17207739587345
1790096770855576576,21.264576416015643,7.540618090953869,-4.424535781132192,-4.79029280204119
1790096770865576448,21.274576416015645,7.612534821803227,-4.781326195513795,-5.182428933341139
1790096770875576576,21.284576416015643,7.09052419773506,-5.59672988600536,-5.079874969954651
1790096770885576448,21.294576416015644,6.561304578704238,-6.240067540499194,-4.707754244988027
1790096770895576576,21.304576416015646,6.563703557365515,-6.190991134390792,-4.660869257081989
1790096770905576448,21.314576416015644,7.026298605275941,-5.489271060618026,-5.369086334330956
1790096770915576576,21.324576416015645,7.495918443897387,-4.8166476423384665,-6.109179176956415
1790096770925576448,21.334576416015643,7.405705893678302,-5.172417013747136,-6.052381149544346
1790096770935576576,21.344576416015645,6.789257378611149,-6.053983002266226,-5.423286476026046
1790096770945576448,21.354576416015643,6.527235134201476,-6.181144079375309,-4.951924242314252
1790096770955576576,21.364576416015645,7.078158866813963,-5.64962969800596,-5.027218234715287
1790096770965576448,21.374576416015643,7.894434590662796,-5.125487551544168,-5.4231789581155
1790096770975576576,21.384576416015644,8.338951053583386,-4.886943989773479,-5.836936358740752
1790096770985576448,21.394576416015646,8.357720298440857,-5.3077690466869285,-5.901625544392823
1790096770995576576,21.404576416015644,8.309629599327728,-5.897512923174724,-5.790378259309784
1790096771005576448,21.414576416015645,8.513844956415832,-6.193178419349009,-5.984845258071055
1790096771015576576,21.424576416015643,8.697121528045905,-5.9455183912942875,-6.235541459655959
1790096771025576448,21.434576416015645,7.886616376743336,-5.720144304344226,-6.010474181834934
1790096771035576576,21.444576416015643,6.4215241163924555,-5.5085771903873315,-5.582836635492548
1790096771045576448,21.454576416015644,5.883296357075967,-5.039642630385196,-5.066605493089859
1790096771055576576,21.464576416015646,6.645868552052475,-4.404085363964509,-5.01710958243496
1790096771065576448,21.474576416015644,7.9836500504289285,-4.140699780638731,-5.239590053761342
1790096771075576576,21.484576416015646,8.950367273491732,-4.53420311065391,-5.210723031341786
1790096771085576448,21.494576416015644,9.136436857739035,-5.206560108014483,-5.157432397029597
1790096771095576576,21.504576416015645,9.019643333198822,-5.342962210573946,-5.521391574677148
1790096771105576448,21.514576416015643,9.090464582667964,-4.919619448518993,-6.240645284213595
1790096771115576576,21.524576416015645,9.142587172679503,-4.563194543886696,-6.9636147531703925
1790096771125576448,21.534576416015646,9.00050218795039,-4.541577339172363,-7.297427495444734
1790096771135576576,21.544576416015644,8.494596056839159,-4.83987345819349,-6.846636935229584
1790096771145576448,21.554576416015646,8.39525464196937,-4.64731498280543,-6.290264777268956
1790096771155576576,21.564576416015644,8.908616526588363,-3.833786592917952,-6.000138356456745
1790096771165576448,21.574576416015645,8.840070076822155,-3.196851672548042,-6.073152732688496
1790096771175576576,21.584576416015643,8.108977050192955,-3.12708244700303,-6.017721416653122
1790096771185576448,21.594576416015645,7.455062409935852,-3.083400510129727,-5.8613372960563614
1790096771195576576,21.604576416015643,7.012249482501908,-3.0783021947705467,-5.551193562515127
1790096771205576448,21.614576416015645,6.699906459073065,-3.191596768860213,-5.089636113537153
1790096771215576576,21.624576416015646,6.9067308665259635,-3.1167206030621237,-4.604231918737126
1790096771225576448,21.634576416015644,7.564901069740671,-2.6924954402301235,-4.271645277602191
1790096771235576576,21.644576416015646,8.022969565926882,-2.198822086185613,-4.197558201214664
1790096771245576448,21.654576416015644,7.332246518613881,-2.2223289167726006,-4.058227735507762
1790096771255576576,21.664576416015645,6.170619948751954,-2.7550335179473135,-3.7001224546589344
1790096771265576448,21.674576416015643,5.481649530405238,-3.032418878762393,-3.3060331206214206
1790096771275576576,21.684576416015645,5.242490689350516,-2.8536306988123745,-2.025692364418223
1790096771285576448,21.694576416015643,6.8507737441217476,-0.793349932810052,-0.8292501143144058
1790096771295576576,21.704576416015644,10.265732490440717,2.069774103723139,-1.189871382327619
1790096771305576448,21.714576416015646,14.029258645972469,3.1274268840462263,-2.9554732177241205
1790096771315576576,21.724576416015644,12.262917189114768,-0.3768189864979925,-4.637889389752659
1790096771325576448,21.734576416015646,5.674563401520054,-2.4872097145331846,-4.822471439284954
1790096771335576576,21.744576416015644,2.693773368791456,-1.789821826571035,-4.589834208630143
1790096771345576448,21.754576416015645,2.69405317238928,-1.682224855132235,-3.487106574673796
1790096771355576576,21.764576416015643,4.6451975851694005,-1.4916912817085262,-2.340956557632003
1790096771365576448,21.774576416015645,7.517774398624413,-0.7023201452758554,-1.8083866330152316
1790096771375576576,21.784576416015646,10.33318512076351,0.3192429109111699,-1.689310667550487
1790096771385576448,21.794576416015644,9.747774227204347,0.7696581153554494,-1.1350912781881632
1790096771395576576,21.804576416015646,7.975167771626894,1.5051458265106339,-1.3400585734991028
1790096771405576448,21.814576416015644,6.6336237579398425,1.7764810959371207,-2.2306050029439546
1790096771415576576,21.824576416015645,5.436354535413533,1.0923763541043645,-2.597578178624058
1790096771425576448,21.834576416015643,5.907458256440075,1.2790079520224862,-2.300197691561313
1790096771435576576,21.844576416015645,8.089317037203378,1.7359397944674801,-2.598081785552977
1790096771445576448,21.854576416015647,9.153991039947131,1.2983224195049758,-3.759573973974515
1790096771455576576,21.864576416015645,6.235990787554709,0.3358839145627366,-4.337914372721135
1790096771465576448,21.874576416015646,2.2628039626388556,-0.1996484080506857,-3.2664303592436124
1790096771475576576,21.884576416015644,2.430277672938237,-0.7126495693963905,-0.8666220011898529
1790096771485576448,21.894576416015646,9.984800514884403,1.153558129399809,-0.5127626635685176
1790096771495576576,21.904576416015644,16.344283902583882,2.187272277946187,-2.87904150124332
1790096771505576448,21.914576416015645,12.24806954243477,1.0237768598165775,-3.918832773914343
1790096771515576576,21.924576416015643,3.2279301555001987,1.221757863075353,-3.8115320335372633
1790096771525576448,21.934576416015645,6.92798016565416,1.104683488668782,-5.636717208818784
1790096771535576576,21.944576416015646,11.826863723340878,-0.6224387452104803,-5.99872964604141
1790096771545576448,21.954576416015644,10.328145853543514,-1.5803156293922584,-5.204244600665885
1790096771555576576,21.964576416015646,7.01955354219404,-1.6662894509776929,-4.280709712814517
1790096771565576448,21.974576416015644,5.805034436546348,-1.439175814726206,-3.413382395309021
1790096771575576576,21.984576416015646,6.7383623245001845,-1.567580290662069,-2.600452042496478
1790096771585576448,21.994576416015644,7.51602108508823,-1.6868638560273383,-2.262673651258264
1790096771595576576,22.004576416015645,7.037714269305972,-1.622997622837262,-2.3284114514465677
1790096771605576448,22.014576416015643,6.471675164739244,-1.4195206102704745,-2.396099006397713
1790096771615576576,22.024576416015645,6.519590720972691,-1.1235611378206514,-2.67878269049861
1790096771625576448,22.034576416015646,6.543672190007784,-0.8914313677783302,-2.9491342378431944
1790096771635576576,22.044576416015644,6.230002634714862,-0.7257591610898051,-3.258094046661444
1790096771645576448,22.054576416015646,5.956930529350384,-0.5947953341634021,-3.4887883334309326
1790096771655576576,22.064576416015644,6.021438199339578,-0.6401548253787877,-3.5106946173994107
1790096771665576448,22.074576416015645,6.421256934307766,-0.6895711851794379,-3.5763890662856124
1790096771675576576,22.084576416015643,7.266107715310183,-0.9083009062657524,-3.7048826572437283
1790096771685576448,22.094576416015645,9.028446825708428,-1.1991082314858523,-4.051966645138932
1790096771695576576,22.104576416015647,10.63444336803598,-1.4234984304293161,-4.798800431103715
1790096771705576448,22.114576416015645,10.166898539293607,-1.8358163009034354,-5.617744003353519
1790096771715576576,22.124576416015646,8.119131869344475,-2.475937202559605,-6.521442846255364
1790096771725576448,22.134576416015644,7.594248424685805,-3.2157394212205976,-7.331269348109365
1790096771735576576,22.144576416015646,8.791818422952815,-4.183935070049637,-7.5625118507463815
1790096771745576448,22.154576416015644,9.637347509179031,-5.061897120520658,-7.694324621321773
1790096771755576576,22.164576416015645,9.18505960260961,-5.536808695996721,-7.902214880696364
1790096771765576448,22.174576416015647,7.762833582255803,-5.770497116169799,-7.777619617450396
1790096771775576576,22.184576416015645,7.17379460828156,-5.850307299366267,-7.237399517390731
1790096771785576448,22.194576416015646,7.843208998123052,-5.81117009103454,-6.422989606044813
1790096771795576576,22.204576416015644,8.53180149584817,-5.754773000345882,-5.513996003238918
1790096771805576448,22.214576416015646,8.466056243739413,-5.723122952434433,-4.808173866391029
1790096771815576576,22.224576416015644,7.9707595787549765,-5.687144786501924,-4.459042700057227
1790096771825576448,22.234576416015646,7.54458645152116,-5.58372526414078,-4.552071720358281
1790096771835576576,22.244576416015644,6.868157076963975,-5.472407737688276,-4.746440346023341
1790096771845576448,22.254576416015645,6.025753959314767,-5.237649889801983,-4.891971727888696
1790096771855576576,22.264576416015647,5.27475743107239,-4.850587776043621,-4.849683967971969
1790096771865576448,22.274576416015645,4.8728483304796155,-4.551733942853924,-4.250918887013146
1790096771875576576,22.284576416015646,5.448490678078954,-4.299472756658071,-3.7060437002998716
1790096771885576448,22.294576416015644,7.318015978890055,-3.9546480729023976,-3.6806801669620777
1790096771895576576,22.304576416015646,8.78394531654764,-3.721636931253784,-3.921970154716153
1790096771905576448,22.314576416015644,8.90773460118384,-3.848688774399069,-4.726082849986147
1790096771915576576,22.324576416015645,8.777145955774134,-4.542793881997159,-5.733597500578097
1790096771925576448,22.334576416015643,9.363386909003921,-5.550295798021266,-6.865613088279342
1790096771935576576,22.344576416015645,9.7183715834384,-6.529228019468958,-7.777893215522568
1790096771945576448,22.354576416015647,9.105122284500993,-7.209732467092827,-8.053770356080575
1790096771955576576,22.364576416015645,8.507149168382854,-7.421179443342937,-7.719177756830928
1790096771965576448,22.374576416015646,8.101113427029807,-7.068995647265625,-7.062331632402753
1790096771975576576,22.384576416015644,7.781445039883905,-6.4930016522247165,-5.79063265877074
1790096771985576448,22.394576416015646,7.424068376935568,-6.3456342744397265,-4.582637490169104
1790096771995576576,22.404576416015644,7.0540652841715685,-6.661086834611873,-3.964576928047604
1790096772005576448,22.414576416015645,6.845100086846302,-7.035014801739536,-3.8041460246186314
1790096772015576576,22.424576416015647,7.453302529492726,-6.992617498358722,-3.881717343675051
1790096772025576448,22.434576416015645,8.38544670740937,-6.455170770605555,-4.160240903366833
1790096772035576576,22.444576416015646,8.937350579694328,-6.113270060203326,-4.679017021408804
1790096772045576448,22.454576416015644,8.906249698607503,-6.146788327170937,-5.305619955199463
1790096772055576576,22.464576416015646,8.528645053276183,-6.1320881028456995,-5.612202932895457
1790096772065576448,22.474576416015644,8.379537872879492,-5.973955429833012,-5.458676481583744
1790096772075576576,22.484576416015646,8.668632941258815,-5.936151556757772,-5.390408296963638
1790096772085576448,22.494576416015647,9.123517377383344,-6.044733166185407,-5.54035921055279
1790096772095576576,22.504576416015645,8.73566733169662,-6.115469433674134,-5.333260772018129
1790096772105576448,22.514576416015647,7.807609812361366,-5.985068537371908,-4.94103654225164
1790096772115576576,22.524576416015645,6.914505293226452,-5.542612090019977,-4.592788333915056
1790096772125576448,22.534576416015646,5.987484295197541,-5.162572694596165,-4.376282818914185
1790096772135576576,22.544576416015644,6.197682701340354,-4.684202196843346,-4.883127900264555
1790096772145576448,22.554576416015646,6.861908465462799,-4.1299604917728665,-5.2114135867417675
1790096772155576576,22.564576416015644,6.407465626078088,-4.174551283212306,-4.684205931188702
1790096772165576448,22.574576416015645,5.95634337200661,-5.282866923967028,-4.281346450401869
1790096772175576576,22.584576416015647,5.964875209655545,-6.826772172673289,-4.0586556972216465
1790096772185576448,22.594576416015645,6.664233712997499,-7.056960915610289,-4.417054089876313
1790096772195576576,22.604576416015647,7.6677153192007035,-5.790510558605622,-5.244673632089072
1790096772205576448,22.614576416015645,7.14979395432647,-5.005794085235677,-5.458611172055652
1790096772215576576,22.624576416015646,5.935538164276999,-4.774826136627522,-5.107689861076443
1790096772225576448,22.634576416015644,5.989627301696086,-4.550764970041397,-5.003846760412225
1790096772235576576,22.644576416015646,6.8939966845732865,-4.624622954403343,-5.2934956175893335
1790096772245576448,22.654576416015644,7.9334107424468225,-5.416118160947855,-5.459396066585989
1790096772255576576,22.664576416015645,8.60205966203886,-6.385086271937106,-5.327850032097843
1790096772265576448,22.674576416015647,8.66356321970507,-6.917301384608452,-5.370162057876862
1790096772275576576,22.684576416015645,8.064593840115855,-6.854210216710222,-5.474961739961461
1790096772285576448,22.694576416015646,7.595770327718819,-6.353420362876307,-5.6494110917099984
1790096772295576576,22.704576416015644,7.90800748626666,-5.698896254893546,-6.190901001522306
1790096772305576448,22.714576416015646,8.602931474288335,-5.518775561349485,-6.66836528196452
1790096772315576576,22.724576416015644,8.695915769029883,-6.259149247951577,-6.609218807486815
1790096772325576448,22.734576416015646,8.006929538046123,-7.20554321606816,-6.0133447864699825
1790096772335576576,22.744576416015647,7.013695229422067,-7.38507384547482,-5.305340776278872
1790096772345576448,22.754576416015645,6.439609409986169,-6.530926680185484,-4.929955176142537
1790096772355576576,22.764576416015647,6.885695311036779,-5.049653064914556,-5.330880938809718
1790096772365576448,22.774576416015645,7.216780839307409,-4.279473831161556,-5.915551469408067
1790096772375576576,22.784576416015646,6.904270413859721,-4.934497045478497,-5.839494566667605
1790096772385576448,22.794576416015644,7.000797553794493,-5.66947116398536,-5.252231405424095
1790096772395576576,22.804576416015646,8.121822590337992,-5.373378620457254,-5.3645318858478666
1790096772405576448,22.814576416015647,9.162117772150559,-4.416390331695515,-5.9263347627591845
1790096772415576576,22.824576416015645,8.749274036549405,-3.846340313859061,-6.113608467640178
1790096772425576448,22.834576416015647,7.229434399278045,-4.049037648915889,-5.870610456754463
1790096772435576576,22.844576416015645,6.075248231790687,-4.318259006786465,-5.574239926910087
1790096772445576448,22.854576416015647,6.382575957968653,-4.026618025649384,-5.751634011465069
1790096772455576576,22.864576416015645,7.38031461837428,-3.5759046592719455,-6.049239940021294
1790096772465576448,22.874576416015646,8.622302053385582,-3.1208983402406605,-6.225724120210529
1790096772475576576,22.884576416015644,9.643947448944605,-2.7866475428605932,-6.408977150997729
1790096772485576448,22.894576416015646,10.250406387161544,-2.796321935603023,-6.534480728848361
1790096772495576576,22.904576416015647,10.413239013244212,-2.995790539810895,-6.4332002538990505
1790096772505576448,22.914576416015645,10.029898650902988,-3.180917330643698,-6.419579084721895
1790096772515576576,22.924576416015647,8.919759542259134,-3.2123234130344254,-6.514863837747067
1790096772525576448,22.934576416015645,7.52151187946183,-3.3144853726533214,-6.52440018792103
1790096772535576576,22.944576416015646,6.618265783878126,-3.221204722996896,-6.0339599831466915
1790096772545576448,22.954576416015644,6.690210254080794,-2.9910324449320544,-4.968191302139025
1790096772555576576,22.964576416015646,7.361788576246912,-2.1895546621378528,-4.2537995202971866
1790096772565576448,22.974576416015644,7.933211371603722,-1.3031849346133877,-3.946425399098503
1790096772575576576,22.984576416015646,8.088930526590042,-0.8248747232077233,-3.8058216446200115
1790096772585576448,22.994576416015647,7.277054568460453,-0.9289963596395601,-3.393068726021414
1790096772595576576,23.004576416015645,6.475210190189315,-1.0030170360456196,-2.828050333023826
1790096772605576448,23.014576416015647,6.580583417774055,-0.5639431429622026,-2.2480481847667786
1790096772615576576,23.024576416015645,7.352443765751917,0.3148976812943012,-2.000608580494232
1790096772625576448,23.034576416015646,8.26062909206496,0.7283132674424497,-2.1738214488298495
1790096772635576576,23.044576416015644,8.370795522889653,0.1481681595155162,-2.752064484762969
1790096772645576448,23.054576416015646,7.173086057339786,-0.9177878701683534,-3.1403384608086395
1790096772655576576,23.064576416015647,5.578290126797357,-1.5747421419531769,-2.976987212951261
1790096772665576448,23.074576416015645,4.885174254263513,-1.2960377959218885,-2.6529041843992913
1790096772675576576,23.084576416015647,5.0333204643262475,-0.4523744228556844,-2.1758099650708598
1790096772685576448,23.094576416015645,6.555043048049986,0.7905391694198747,-2.097741268969721
1790096772695576576,23.104576416015647,8.259584686091442,1.6960678184868578,-2.4160988219028425
1790096772705576448,23.114576416015645,8.79461534242947,1.269122640002482,-3.2337922694800993
1790096772715576576,23.124576416015646,9.795970893973063,0.480808752072848,-3.782581767874199
1790096772725576448,23.134576416015648,9.267885920124806,0.17747569629073098,-4.421855021107674
1790096772735576576,23.144576416015646,8.921962109967183,-0.12688730603586565,-5.036603246487573
1790096772745576448,23.154576416015647,7.321545571379466,-0.7013259948870949,-4.899923583879477
1790096772755576576,23.164576416015645,5.074230475665729,-1.184855955733417,-3.6988279475558468
1790096772765576448,23.174576416015647,4.632019847945724,-1.0603233266633356,-2.4217229851259523
1790096772775576576,23.184576416015645,5.851155664723623,-0.5165801092063624,-1.5267610295339564
1790096772785576448,23.194576416015646,6.621632477163405,-0.07003861918378568,-0.622965078408007
1790096772795576576,23.204576416015644,8.766737255778127,0.8145005611767044,-0.5932603302032267
1790096772805576448,23.214576416015646,8.84435352874944,0.8332288496240274,-1.8964567798051606
1790096772815576576,23.224576416015648,6.644353867768663,0.62528435612361,-2.164211858454224
1790096772825576448,23.234576416015646,4.784692381079687,0.5637017802201653,-2.0361470964341017
1790096772835576576,23.244576416015647,6.111552126131585,0.4494640620158015,-2.232678574004591
1790096772845576448,23.254576416015645,9.658423072192344,0.2693919627241464,-2.9803269082001798
1790096772855576576,23.264576416015647,11.780534954604796,-0.34556017338923023,-3.5820888711962118
1790096772865576448,23.274576416015645,9.90297506169311,-0.7542679152196167,-4.061679890378753
1790096772875576576,23.284576416015646,7.461969776652092,-0.9055599388620033,-4.07722663026068
1790096772885576448,23.294576416015644,5.63243133169671,-0.6847998376715472,-4.255412136438171
1790096772895576576,23.304576416015646,5.362994908966163,-0.4360006862013171,-4.211026340942595
1790096772905576448,23.314576416015647,6.390381429594612,-0.3378358391454295,-3.610308988792114
1790096772915576576,23.324576416015645,8.845432671979522,-0.2247071844469829,-3.133617979804233
1790096772925576448,23.334576416015647,10.86571875601702,-0.05009074340451946,-3.3692749433249696
1790096772935576576,23.344576416015645,11.442474031343597,-0.09327186530226023,-4.258521640223978
1790096772945576448,23.354576416015647,9.73390236289056,-0.37378323909417555,-5.0367063313355525
1790096772955576576,23.364576416015645,7.138210744674386,-0.602794769134197,-5.312702299161956
1790096772965576448,23.374576416015646,5.671696472971318,-0.89165085596809,-5.443498571779886
1790096772975576576,23.384576416015648,5.6707378962150345,-1.2873230081444142,-5.389109451412478
1790096772985576448,23.394576416015646,6.5652527537696,-2.060178755727659,-4.6757336193904715
1790096772995576576,23.404576416015647,8.716114892853494,-2.5590681280495553,-4.316550966069251
1790096773005576448,23.414576416015645,10.801451065906754,-2.6477184112617262,-4.517093376356973
1790096773015576576,23.424576416015647,9.986065072055078,-2.482592595484566,-4.876791197659836
1790096773025576448,23.434576416015645,6.847034672302188,-2.349892524138305,-5.0058956883922665
1790096773035576576,23.444576416015646,4.743047507758638,-2.655492050510756,-4.509718512279997
1790096773045576448,23.454576416015648,4.8696122332689376,-3.212070170284929,-4.091196918521206
1790096773055576576,23.464576416015646,7.077639491474246,-3.762543280304711,-3.763730213646752
1790096773065576448,23.474576416015648,9.96068527792241,-3.880513701663889,-3.8905393145501685
1790096773075576576,23.484576416015646,11.117205398484906,-3.2800219898824334,-4.85810164085507
1790096773085576448,23.494576416015647,9.276208369770073,-2.5514975658063728,-6.408865076299618
1790096773095576576,23.504576416015645,6.709364734540023,-2.4481521634787002,-7.4185291160652875
1790096773105576448,23.514576416015647,5.927772612005483,-3.197204303632498,-6.9309459899665224
1790096773115576576,23.524576416015645,6.256246108585127,-4.030716265650122,-5.819583835785836
1790096773125576448,23.534576416015646,7.063842791409822,-4.612560454905306,-4.765541214834267
1790096773135576576,23.544576416015648,9.181600178201107,-5.040755069439863,-4.275866235662618
1790096773145576448,23.554576416015646,11.207735204543823,-5.403521564754842,-4.6449897617377625
1790096773155576576,23.564576416015647,10.327771294471537,-5.46686574523457,-6.114151488006405
1790096773165576448,23.574576416015645,7.373622535634384,-5.60782336441571,-8.02596573884357
1790096773175576576,23.584576416015647,5.676404146150701,-6.691693991054697,-7.728446485920552
1790096773185576448,23.594576416015645,5.985543860629527,-6.916036875220963,-6.4160349383768125
1790096773195576576,23.604576416015647,6.116535302492474,-6.301300848231529,-4.601542779257131
1790096773205576448,23.614576416015645,7.0024437446816,-5.465994343536941,-3.8236778473450137
1790096773215576576,23.624576416015646,9.066511675316113,-4.5548728942148875,-4.149052996944311
1790096773225576448,23.634576416015648,9.880007411713933,-3.821653423330739,-4.786029858356814
1790096773235576576,23.644576416015646,8.253971640069757,-3.561968666238387,-5.465062983172631
1790096773245576448,23.654576416015647,6.088757896296959,-3.846072541060378,-6.328213508387343
1790096773255576576,23.664576416015645,5.2905352673393695,-4.826545725461864,-6.392235433318527
1790096773265576448,23.674576416015647,5.848251472698696,-5.688343331531729,-5.699056814171992
1790096773275576576,23.684576416015645,7.3659332701473685,-5.728296198196025,-4.748225151380615
1790096773285576448,23.694576416015646,9.256170252848337,-5.2605615631666245,-4.112981175519375
1790096773295576576,23.704576416015648,9.648197714550351,-5.109361272254862,-4.2496322974174845
1790096773305576448,23.714576416015646,8.12523834988205,-5.703165329712489,-5.508509959571118
1790096773315576576,23.724576416015648,6.739753538824166,-6.77456939527289,-6.162617624364211
1790096773325576448,23.734576416015646,6.457706830279665,-7.149032866834856,-5.570657563201722
1790096773335576576,23.744576416015647,6.719731403000503,-6.7300357960256205,-5.010555494425837
1790096773345576448,23.754576416015645,7.42300340376534,-5.943427053442657,-4.4868570579388205
1790096773355576576,23.764576416015647,8.125095448696435,-5.536310298242951,-4.280560526382864
1790096773365576448,23.77457641601565,8.701515721388754,-5.347323602339075,-4.634490439633709
1790096773375576576,23.784576416015646,9.440420083447638,-5.335055365350069,-5.498011039409683
1790096773385576448,23.794576416015648,9.503717732924082,-5.933176204270492,-6.408643818967592
1790096773395576576,23.804576416015646,8.809693515738658,-6.892476253149262,-6.776325428870613
1790096773405576448,23.814576416015647,7.714907493414132,-7.0522989323057566,-6.416301792812082
1790096773415576576,23.824576416015645,6.850435609428789,-6.579192996671984,-5.2472904794875905
1790096773425576448,23.834576416015647,6.875309087309371,-5.856413491769468,-4.011283814189365
1790096773435576576,23.844576416015645,7.24146300288482,-5.148578794098344,-3.767509807375944
1790096773445576448,23.854576416015647,6.891075831968737,-4.8296795944872954,-3.95526991282565
1790096773455576576,23.864576416015648,6.135488343337717,-4.727934299517562,-3.984316218893013
1790096773465576448,23.874576416015646,5.747454421793707,-4.85843286718363,-3.8830753598826715
1790096773475576576,23.884576416015648,5.765456097100722,-5.685645789707628,-3.7266401108511173
1790096773485576448,23.894576416015646,6.182215232561079,-6.700502209231867,-3.8983268154996864
1790096773495576576,23.904576416015647,7.334988138167683,-6.894513503810219,-4.62231591467566
1790096773505576448,23.914576416015645,8.462374995900086,-6.181715508081249,-5.337463665701605
1790096773515576576,23.924576416015647,8.059933311509061,-5.7064518493930985,-5.298432015656628
1790096773525576448,23.934576416015645,7.1192477286241544,-5.815427299015839,-5.478504739234616
1790096773535576576,23.944576416015646,7.757293337861271,-5.589919343120761,-6.12030768137038
1790096773545576448,23.954576416015648,8.465695543152831,-5.617073365917391,-6.39090034295886
1790096773555576576,23.964576416015646,8.47562675846035,-6.4377058997920145,-6.042951787148796
1790096773565576448,23.974576416015648,8.07086918122838,-7.346253212505368,-5.497685424145633
1790096773575576576,23.984576416015646,7.314710165495042,-7.323445089452932,-4.927663682834148
1790096773585576448,23.994576416015647,6.783033081692312,-6.45118576305301,-4.410277732984889
1790096773595576576,24.004576416015645,6.766934259133998,-5.492649872898445,-4.348699324652126
1790096773605576448,24.014576416015647,7.286429100644889,-4.867599684915479,-4.876734552620095
1790096773615576576,24.02457641601565,8.187328754453079,-4.769840129698475,-5.604041982581845
1790096773625576448,24.034576416015646,8.676245982697937,-5.495965390103113,-5.870526553583704
1790096773635576576,24.044576416015648,8.9417936897136,-6.4136307960181185,-5.973253410550093
1790096773645576448,24.054576416015646,8.933403038676431,-6.730606404955253,-6.107708284906991
1790096773655576576,24.064576416015647,8.342942471874261,-6.348156446891809,-6.2962916599389365
1790096773665576448,24.074576416015645,7.558663608494676,-5.65242003301411,-6.120779252922578
1790096773675576576,24.084576416015647,7.333097387415795,-4.422443943941677,-6.959714676561663
1790096773685576448,24.09457641601565,7.211986899403888,-4.112684074071155,-7.0208956984127395
1790096773695576576,24.104576416015647,7.363064545341073,-4.662343875596364,-6.027428224314194
1790096773705576448,24.114576416015648,7.961813825992529,-4.9508006808055125,-5.232102984539531
1790096773715576576,24.124576416015646,8.111675508815752,-4.674736527227941,-4.981507337776389
1790096773725576448,24.134576416015648,7.191779899094697,-4.284506657019975,-4.735450716592191
1790096773735576576,24.144576416015646,5.931271364600177,-4.035847424348712,-4.265764966216628
1790096773745576448,24.154576416015647,5.818463320216108,-3.6947494423385003,-4.206773904513729
1790096773755576576,24.164576416015645,7.10102953640705,-3.215929600389323,-4.818458144983362
1790096773765576448,24.174576416015647,8.544883861714295,-3.0477137801268377,-5.591082043042517
1790096773775576576,24.18457641601565,9.256330410134174,-3.5081263032503647,-6.037456185520299
1790096773785576448,24.194576416015646,9.361112813280771,-3.973410866256306,-6.638033949656447
1790096773795576576,24.204576416015648,9.145642321482587,-4.039422607473631,-7.138322685738267
1790096773805576448,24.214576416015646,8.613346514850935,-3.9260204992430268,-7.001684114974345
1790096773815576576,24.224576416015648,7.980402057315002,-3.5811698391587607,-6.580744404808961
1790096773825576448,24.234576416015646,7.731197879092279,-3.027150477931899,-6.113626602984878
1790096773835576576,24.244576416015647,8.046462055316725,-2.705074532789032,-5.893414649157713
1790096773845576448,24.254576416015645,8.39285156091373,-2.682401098213439,-5.576590305472261
1790096773855576576,24.264576416015647,8.085507720513457,-2.742099449793827,-5.417601549732481
1790096773865576448,24.27457641601565,7.345712893608168,-2.734605880058717,-5.376634930288242
1790096773875576576,24.284576416015646,6.805949854646963,-2.6497040538148537,-5.2316354832351175
1790096773885576448,24.294576416015648,6.960442579452598,-2.542281112481801,-5.008761103914953
1790096773895576576,24.304576416015646,7.63982064640784,-2.37094422053582,-4.808905416768318
1790096773905576448,24.314576416015647,8.28608625013165,-2.194463324653546,-4.59839369037321
1790096773915576576,24.324576416015645,8.312842666369596,-2.021853632633481,-4.239091234898696
1790096773925576448,24.334576416015647,7.516980873950564,-1.7522301677272356,-3.894966870468329
1790096773935576576,24.34457641601565,7.093176913125212,-1.3969492625069115,-3.4117280932370844
1790096773945576448,24.354576416015647,7.643728844071272,-0.41127803360465526,-3.2927600980738623
1790096773955576576,24.364576416015648,8.186018473753832,-0.028516160240030897,-3.5512327903312095
1790096773965576448,24.374576416015646,7.429795512185232,-0.6619234089826337,-3.713319394081146
1790096773975576576,24.384576416015648,5.891208807729661,-1.5182912232079444,-3.405862986553142
1790096773985576448,24.394576416015646,5.366182664261848,-1.2585151801515435,-2.900540931936377
1790096773995576576,24.404576416015647,6.326232819159836,-0.29680682991433216,-2.3705338664635156
1790096774005576448,24.41457641601565,7.744244086971222,0.45051160968230847,-2.6747727022880254
1790096774015576576,24.424576416015647,8.264513430587348,0.41268605730151775,-2.9602951730856835
1790096774025576448,24.43457641601565,7.287848293222644,-0.4825458709519546,-2.857630039355307
1790096774035576576,24.444576416015646,5.84171237598393,-0.8375098067416031,-2.1785215030481293
1790096774045576448,24.454576416015648,6.5017612973070955,-0.14180569598592568,-1.8588121827915278
1790096774055576576,24.464576416015646,8.58386871616669,0.9342116865593081,-2.064808468152197
1790096774065576448,24.474576416015648,9.067876485690133,1.2161578061712794,-2.8816819876177844
1790096774075576576,24.484576416015646,7.30614828942075,0.4365734305440596,-2.635886069319557
1790096774085576448,24.494576416015647,6.615692249270072,0.09871983315151088,-2.14197976478071
1790096774095576576,24.50457641601565,8.646329310757384,0.1897402712316352,-2.5127056208018486
1790096774105576448,24.514576416015647,10.342672379810628,0.26933263703269517,-3.6063392685750846
1790096774115576576,24.52457641601565,8.464884430732596,-0.0034394622368542627,-4.311165057506579
1790096774125576448,24.534576416015646,4.064679695384103,0.021233490690970684,-2.717826778007861
1790096774135576576,24.544576416015648,4.186243548454049,0.5458758924936463,-2.382724767270285
1790096774145576448,24.554576416015646,6.899564551344902,0.47800007657192517,-1.7539289562521934
1790096774155576576,24.564576416015647,9.071648170694512,0.5966279287887446,-2.105186788507907
1790096774165576448,24.574576416015645,10.109228453284329,0.29766609258778437,-2.8054062101572357
1790096774175576576,24.584576416015647,6.240868695213465,0.07352515742136774,-3.101698038430606
1790096774185576448,24.59457641601565,3.726129967284984,0.3003159454478481,-2.421979383381458
1790096774195576576,24.604576416015647,5.358972173570175,0.22362999427395142,-1.8022944233935638
1790096774205576448,24.614576416015648,8.565010082817444,0.3987195130630027,-2.359586204401597
1790096774215576576,24.624576416015646,10.24919763067746,0.7617646136192775,-3.034016702070335
1790096774225576448,24.634576416015648,9.138100601553248,0.7428994878367481,-3.485820479938876
1790096774235576576,24.644576416015646,8.033376034113925,0.6797718030289618,-3.7810601570468148
1790096774245576448,24.654576416015647,8.608416439606312,0.5058724195519098,-4.033104009451338
1790096774255576576,24.66457641601565,9.53430842617368,0.08953354760268986,-4.661026496612584
1790096774265576448,24.674576416015647,8.720751174532058,-0.2464028883888228,-5.231102808838807
1790096774275576576,24.68457641601565,6.461314363876823,-0.49176293834647167,-5.447442906287822
1790096774285576448,24.694576416015646,4.588042686475422,-0.829507343223469,-4.996865303260853
1790096774295576576,24.704576416015648,5.377896446078044,-1.380628490548788,-3.8096297000955497
1790096774305576448,24.714576416015646,9.881071266104755,-1.8645212865385932,-3.091863550171466
1790096774315576576,24.724576416015648,15.164147090418886,-1.4310288320483218,-4.016075794087835
1790096774325576448,24.73457641601565,12.682298111789043,-0.833947850403189,-5.739056772006318
1790096774335576576,24.744576416015647,5.3617434272139555,-1.1400175281984626,-6.446409925142795
1790096774345576448,24.75457641601565,4.169956518778271,-1.922199206971112,-5.2316902047847424
1790096774355576576,24.764576416015647,6.416786837613115,-2.319178242111397,-5.042951232886981
1790096774365576448,24.77457641601565,7.423800713764225,-3.0212732746366275,-4.730983852314843
1790096774375576576,24.784576416015646,7.254031424441611,-3.491210388459027,-4.121426109543985
1790096774385576448,24.794576416015648,7.116469718403474,-3.4428227294853593,-4.308403748946419
1790096774395576576,24.804576416015646,7.840382405792672,-3.1933963880362555,-5.0054556670558785
1790096774405576448,24.814576416015647,8.561046795828446,-3.2406308819396337,-5.179450806852452
1790096774415576576,24.82457641601565,8.035915544092797,-3.480795979386155,-5.018639607034141
1790096774425576448,24.834576416015647,7.026671527091854,-3.8457407845277687,-4.8091587974746846
1790096774435576576,24.84457641601565,7.386655784068323,-4.152983085513386,-4.802613698888221
1790096774445576448,24.854576416015647,8.84372548259575,-4.321479953530569,-4.949107979654007
1790096774455576576,24.864576416015648,9.735727974263636,-4.244490513579811,-5.35842515283109
1790096774465576448,24.874576416015646,8.61384488693085,-4.065911790417151,-6.218635172476495
1790096774475576576,24.884576416015648,6.648896048244394,-3.8362493863282277,-7.491604251908851
1790096774485576448,24.894576416015646,5.613798250766483,-3.8865384390535582,-7.6369380730225975
1790096774495576576,24.904576416015647,5.002500079118348,-4.515450412207787,-6.0342560209739595
1790096774505576448,24.91457641601565,5.665004002623116,-5.1560847055498,-4.21208343918519
1790096774515576576,24.924576416015647,8.357497003231565,-5.152574908496666,-3.5046212714356977
1790096774525576448,24.93457641601565,10.337638622494737,-5.018445011684593,-3.57284298234979
1790096774535576576,24.944576416015646,8.887443406568364,-5.227927946669285,-4.0307718904344245
1790096774545576448,24.954576416015648,7.00061516676831,-5.392277374335766,-5.263060898975276
1790096774555576576,24.964576416015646,7.225885392108918,-5.693691951919912,-6.349655562825522
1790096774565576448,24.974576416015648,7.708487174151445,-6.299759827564349,-6.308182721042259
1790096774575576576,24.98457641601565,7.219530594316339,-6.592082306754165,-6.049188859635084
1790096774585576448,24.994576416015647,6.804537561494871,-6.381640241805415,-5.950019737726632
1790096774595576576,25.00457641601565,7.15893267096048,-5.900902922340816,-5.764294779406767
1790096774605576448,25.014576416015647,7.481379873253958,-5.433647044221789,-5.287537018428727
1790096774615576576,25.02457641601565,7.534101009368896,-5.08931654571205,-4.871340366061142
1790096774625576448,25.034576416015646,7.7204915027088825,-5.120889458213353,-4.902444800367234
1790096774635576576,25.044576416015648,8.28734039477048,-5.250352673979015,-5.263519725516648
1790096774645576448,25.05457641601565,8.70910248821789,-5.610451165234883,-5.566564543953665
1790096774655576576,25.064576416015647,8.370004320409393,-6.241181169810204,-5.665805048383409
1790096774665576448,25.07457641601565,7.942196761005853,-6.90386386884014,-5.760841709638696
1790096774675576576,25.084576416015647,8.116728781588849,-6.870027561826283,-5.866038982562246
1790096774685576448,25.09457641601565,8.21824538791227,-6.3210932779320785,-5.835499028688854
1790096774695576576,25.104576416015647,8.018726563381625,-5.963903751448528,-5.051438128502434
1790096774705576448,25.114576416015648,7.5814370345224855,-6.2013820739788885,-4.276668974880913
1790096774715576576,25.124576416015646,7.408798617916644,-6.673796963859038,-4.179483984271259
1790096774725576448,25.134576416015648,7.446892251872035,-6.790892946321499,-4.53041714443836
1790096774735576576,25.14457641601565,7.735614102811183,-6.4213073677545,-4.782870473029366
1790096774745576448,25.154576416015647,7.820054005612617,-5.814022465301662,-4.770009429810834
1790096774755576576,25.16457641601565,7.061416546338627,-5.558395642037908,-4.618468106377704
1790096774765576448,25.174576416015647,6.680125865180268,-5.547161102294922,-4.60196215156088
1790096774775576576,25.18457641601565,7.219510076011366,-5.36252336316764,-4.868132546886835
1790096774785576448,25.194576416015646,7.5376364178944835,-5.3265570410544285,-4.902226336210733
1790096774795576576,25.204576416015648,7.817774415850423,-5.464116727389156,-5.02205202196059
1790096774805576448,25.214576416015646,7.847711620587703,-5.621528873379731,-4.837708323892444
1790096774815576576,25.224576416015648,6.744836953241472,-5.810672342544991,-4.457507999890969
1790096774825576448,25.23457641601565,5.574060453352068,-6.156113647539879,-3.9355945954131704
1790096774835576576,25.244576416015647,6.193374736708286,-5.868632043544939,-4.283369334137484
1790096774845576448,25.25457641601565,7.326852322802681,-5.310173030814766,-5.162313971978494
1790096774855576576,25.264576416015647,7.1015932223268345,-5.094239294013768,-5.138616820232248
1790096774865576448,25.27457641601565,5.975733419690672,-5.403373002204757,-4.499682236231317
1790096774875576576,25.284576416015646,5.194768458040153,-6.203997890834416,-3.9180940408275693
1790096774885576448,25.294576416015648,5.422094452942431,-6.3513055843124,-3.8973780456356635
1790096774895576576,25.30457641601565,6.213301081829418,-5.836159999754124,-4.612163028330473
1790096774905576448,25.314576416015647,6.880673146546041,-5.1584638805102925,-5.512199990407074
1790096774915576576,25.32457641601565,7.035548203511608,-4.9568774884679225,-5.753334547996778
1790096774925576448,25.334576416015647,7.145445935327329,-5.415074742011668,-5.60612552847067
1790096774935576576,25.34457641601565,8.09713856419444,-5.996031679213409,-5.7930503796958
1790096774945576448,25.354576416015647,9.548124938733242,-6.363360195654053,-6.5010020638108035
1790096774955576576,25.364576416015648,10.160781366113328,-6.800650167714388,-7.078670165729265
1790096774965576448,25.37457641601565,9.7329637431617,-7.098853308572732,-7.272229068374009
1790096774975576576,25.384576416015648,8.716012928477994,-7.129714012145996,-7.175826616294367
1790096774985576448,25.39457641601565,7.863404636197752,-6.810231542261642,-7.198965220392276
1790096774995576576,25.404576416015647,7.474921223722549,-6.270853182704381,-7.116689909673639
1790096775005576448,25.41457641601565,7.42032210489043,-5.732221608876329,-6.7265909840095
1790096775015576576,25.424576416015647,7.192284767033398,-5.459716767578478,-5.937952803566215
1790096775025576448,25.43457641601565,7.079019614092623,-5.168004722896696,-5.453024788659343
1790096775035576576,25.444576416015646,7.55933904480082,-4.754062161806048,-5.460752820496516
1790096775045576448,25.454576416015648,8.456400050229805,-4.371733472628861,-5.917819669637204
1790096775055576576,25.46457641601565,8.773557239763933,-4.455386244367945,-6.384178392500632
1790096775065576448,25.474576416015648,8.213780149784473,-5.11747530275838,-6.437934801444936
1790096775075576576,25.48457641601565,7.746318344957679,-5.5579841039485816,-6.254115707057501
1790096775085576448,25.494576416015647,8.004625228397936,-5.074581621877456,-6.6457383148280345
1790096775095576576,25.50457641601565,8.2667411668694,-4.445638909872566,-7.064738352997309
1790096775105576448,25.514576416015647,7.883954215334796,-4.619462226814669,-6.702182948513705
1790096775115576576,25.52457641601565,7.7290845889053355,-4.904811851745696,-5.590395490876778
1790096775125576448,25.534576416015646,8.317363901690701,-4.510051010617742,-5.271034543126906
1790096775135576576,25.544576416015648,8.646472360245554,-4.033192038192266,-5.137917625582333
1790096775145576448,25.55457641601565,8.297578180727562,-3.9028127281072393,-5.060744435278819
1790096775155576576,25.564576416015647,7.410304042050455,-3.87360590191899,-5.167140070241625
1790096775165576448,25.57457641601565,6.902754571085262,-3.542304481776174,-5.510763497712596
1790096775175576576,25.584576416015647,7.053163698648413,-3.2427500914446568,-5.70021299130344
1790096775185576448,25.59457641601565,8.200272508882856,-3.0147140150918506,-5.722805525190888
1790096775195576576,25.604576416015647,10.004319207014301,-2.6298619136878196,-5.822294964556195
1790096775205576448,25.614576416015648,10.942118793892138,-2.372228513580493,-6.243261119568213
1790096775215576576,25.62457641601565,9.357074823993106,-3.076338289463601,-6.093380896581607
1790096775225576448,25.634576416015648,6.866207314477588,-3.906769214142522,-5.313211846846406
1790096775235576576,25.64457641601565,5.9105020053248545,-3.9545939101120586,-4.495338957703589
1790096775245576448,25.654576416015647,6.496829225805248,-3.2138431527347904,-3.8644250743624418
1790096775255576576,25.66457641601565,8.013454120029586,-2.1550221385522517,-3.9892095819874864
1790096775265576448,25.674576416015647,8.834974717176161,-1.570121031906874,-3.9383879165794307
1790096775275576576,25.68457641601565,8.693886782566269,-1.5811580168278296,-3.2019833211893847
1790096775285576448,25.69457641601565,8.06532095695494,-1.1110147455520412,-2.5304397267733547
1790096775295576576,25.704576416015648,6.970420362202095,-0.11022705658947182,-2.130384330461077
1790096775305576448,25.71457641601565,6.532324531521678,0.6329569850195786,-2.1089131949389492
1790096775315576576,25.724576416015648,6.671972068630865,0.7007140871846442,-2.171540198739824
1790096775325576448,25.73457641601565,7.184802133092629,0.5167835184431359,-2.2746597607320087
1790096775335576576,25.744576416015647,7.906564329084987,0.5020149358676836,-2.632511028249366
1790096775345576448,25.75457641601565,8.030898623438409,0.5085888109825228,-3.291524406884651
1790096775355576576,25.764576416015647,7.4572227611066495,0.35200211355306,-3.5912639484046225
1790096775365576448,25.77457641601565,6.522824755831138,0.22106345291769985,-3.731717056189635
1790096775375576576,25.78457641601565,5.583736017770232,0.007695759265529262,-3.364760066912331
1790096775385576448,25.794576416015648,4.874045923290595,0.2627416079187693,-1.899528500982554
1790096775395576576,25.80457641601565,5.599011256869068,0.8618430197593805,-1.0717649335951953
1790096775405576448,25.814576416015647,7.791309416579843,2.1284921776764616,-0.9914365434388817
1790096775415576576,25.82457641601565,9.144662117171327,2.4087489430335376,-1.6621651334046974
1790096775425576448,25.834576416015647,8.073235357509773,2.0280020523930324,-2.0277344558146195
1790096775435576576,25.84457641601565,6.321994944864238,1.6606142752840851,-2.667852950362997
1790096775445576448,25.854576416015647,7.738767122223289,1.555639423598282,-3.1393953640508876
1790096775455576576,25.864576416015648,10.402165965931028,1.243973016404646,-3.9158732291718494
1790096775465576448,25.87457641601565,10.372208357070216,0.7659134332501941,-4.626362996468569
1790096775475576576,25.884576416015648,7.506693107278956,0.20642632749138437,-4.4097174159136525
1790096775485576448,25.89457641601565,6.058918255608043,0.2198686761201017,-3.959686821169452
1790096775495576576,25.904576416015647,6.978333482724763,-0.1610036414160083,-3.990722180465787
1790096775505576448,25.91457641601565,7.982135197305585,-0.8521553610362511,-3.279143751180101
1790096775515576576,25.924576416015647,8.540338549655743,-0.9083517400850651,-2.881808758508325
1790096775525576448,25.93457641601565,7.529452990783611,-0.5755716973062537,-2.8816097780820327
1790096775535576576,25.94457641601565,5.883464873579251,-0.3003593109048476,-3.209661580851875
1790096775545576448,25.954576416015648,4.4106865972973885,-0.2984678889486486,-2.3454307192989132
1790096775555576576,25.96457641601565,5.509687232806299,-0.35576014288391355,-1.5863492409419682
1790096775565576448,25.974576416015648,7.362762361958893,-0.37690921998987026,-1.4422594052579722
1790096775575576576,25.98457641601565,8.055458211510034,-0.16554845087092424,-1.8804658274429704
1790096775585576448,25.994576416015647,6.646334732394541,0.16773755132510232,-2.570241619232341
1790096775595576576,26.00457641601565,4.970121341627273,-0.07023561351039287,-2.905461538375447
1790096775605576448,26.01457641601565,4.613542159353401,-0.2880341074387756,-2.761164366826851
1790096775615576576,26.02457641601565,5.663298357435227,-0.6738681493910331,-2.6590655627970263
1790096775625576448,26.03457641601565,6.8251432318864875,-1.0931188170749526,-2.6636275087809014
1790096775635576576,26.044576416015648,7.589631085750135,-1.2025348478130824,-2.957732239159327
1790096775645576448,26.05457641601565,7.793783107899266,-1.1927466238529632,-3.1935935775557915
1790096775655576576,26.064576416015647,8.410663810019535,-1.412156182236461,-3.512219936156852
1790096775665576448,26.07457641601565,9.877139302473626,-1.478867378355382,-4.29002223451991
1790096775675576576,26.084576416015647,11.175221120859362,-1.685894372336483,-5.735919813626401
1790096775685576448,26.09457641601565,10.595968293879569,-2.0788330548766782,-7.27609227698719
1790096775695576576,26.10457641601565,8.479142429168208,-2.6152782443969906,-8.104701676187748
1790096775705576448,26.114576416015648,7.621376292877658,-3.30797137572067,-8.011940911000469
1790096775715576576,26.12457641601565,9.803929608349229,-3.9431904524863075,-7.9824714234671115
1790096775725576448,26.134576416015648,12.124989158694596,-4.421395461259349,-8.293983225167738
1790096775735576576,26.14457641601565,11.327813984837533,-4.749555492979818,-8.650135512365981
1790096775745576448,26.154576416015647,8.452058209745624,-5.075054425597238,-8.411871216476678
1790096775755576576,26.16457641601565,7.010158930092718,-5.445068042423032,-7.308660206548291
1790096775765576448,26.174576416015647,7.552035651216717,-5.7517793141017055,-6.112544664690397
1790096775775576576,26.18457641601565,8.668299178664359,-5.834915710366269,-5.170696282033115
1790096775785576448,26.19457641601565,8.688269284181667,-5.727024989063681,-4.458290245299846
1790096775795576576,26.204576416015648,7.1329717212806,-5.361182449024061,-4.162810934908403
1790096775805576448,26.21457641601565,5.466209685714771,-4.609426357138328,-4.153562575231363
1790096775815576576,26.224576416015648,4.772846561066966,-3.7549949034287113,-4.13415216197821
1790096775825576448,26.23457641601565,5.181647299932285,-2.977756005027491,-3.760763572351043
1790096775835576576,26.244576416015647,6.23347428722855,-2.3725592332535186,-3.3123988829616136
1790096775845576448,26.25457641601565,7.418039554731759,-2.0268299042558904,-2.998802628148031
1790096775855576576,26.26457641601565,8.322808735954181,-1.8930939839146892,-3.1098088430301605
1790096775865576448,26.27457641601565,8.675894297617784,-1.9179666092196932,-3.973983078214972
1790096775875576576,26.28457641601565,8.343093459875792,-2.3934770300419483,-5.27774686011865
1790096775885576448,26.294576416015648,8.069361586099918,-3.519731309121018,-6.518085674468158
1790096775895576576,26.30457641601565,8.324807464262717,-4.877749417861942,-7.534522362237735
1790096775905576448,26.314576416015647,8.862924121015178,-5.947719245714996,-8.054798157665445
1790096775915576576,26.32457641601565,9.041881405466395,-6.7784528650065905,-8.087200135820586
1790096775925576448,26.33457641601565,9.05702211285754,-7.508983729542725,-7.7504653611261425
1790096775935576576,26.34457641601565,9.272154342780304,-8.091037355872029,-7.494016777203013
1790096775945576448,26.35457641601565,9.456798285883135,-8.568849860849626,-6.846650115220595
1790096775955576576,26.364576416015648,9.11971721890157,-8.691783621068703,-5.43771727436952
1790096775965576448,26.37457641601565,8.125709621057885,-8.462450901773671,-5.132012748342344
1790096775975576576,26.384576416015648,7.5535939279181274,-7.890148599932937,-4.986998865248442
1790096775985576448,26.39457641601565,7.5576002239140685,-6.740845179363277,-4.875635888224744
1790096775995576576,26.404576416015647,7.339055138503912,-5.999810966615669,-4.67960536164083
1790096776005576448,26.41457641601565,6.554278254457942,-5.731775212079866,-4.60175006269991
1790096776015576576,26.42457641601565,5.908360791528193,-5.4833688172405886,-4.233549292354519
1790096776025576448,26.43457641601565,5.514986972479019,-5.193832693655619,-3.6536784667678037
1790096776035576576,26.44457641601565,5.539171769367825,-4.943140410768744,-3.2377830810943955
1790096776045576448,26.454576416015648,5.898038234376767,-4.837306851332281,-3.209727085437287
1790096776055576576,26.46457641601565,6.458222517855763,-4.902859034513271,-3.2902566378070603
1790096776065576448,26.474576416015648,7.098781196101032,-4.873326344912016,-3.469527077646287
1790096776075576576,26.48457641601565,7.270161493325232,-4.690660214892284,-3.725243183983626
1790096776085576448,26.494576416015647,6.861376246919655,-4.598409379419936,-4.111591758717611
1790096776095576576,26.50457641601565,6.516771780124978,-4.747466075361529,-4.564194886358284
1790096776105576448,26.51457641601565,6.648406698617338,-5.032245212749364,-5.004963828011153
1790096776115576576,26.52457641601565,7.0233539670329685,-5.173184342063345,-5.546390824831872
1790096776125576448,26.53457641601565,7.660399793509017,-5.133929030872654,-6.200029541482252
1790096776135576576,26.544576416015648,8.053212122384641,-5.285854784992998,-6.406279749852068
1790096776145576448,26.55457641601565,8.113515972347125,-5.872889600548697,-6.401499300391805
1790096776155576576,26.564576416015647,8.164453121517502,-6.55571482985061,-6.469418175632285
1790096776165576448,26.57457641601565,8.293144421142228,-7.142244729828802,-6.428038830016958
1790096776175576576,26.58457641601565,8.468986782883192,-7.29120539877849,-6.362332384699083
1790096776185576448,26.59457641601565,8.351347858065845,-7.093097562691406,-6.174085717031282
1790096776195576576,26.60457641601565,7.812829479530481,-6.781633920554263,-5.726133128546755
1790096776205576448,26.614576416015648,7.061539348751675,-6.482559699143188,-5.143876670949571
1790096776215576576,26.62457641601565,6.434714996358806,-6.3147101230732225,-4.55646048688994
1790096776225576448,26.634576416015648,6.321421141724761,-6.171767860584991,-4.177115630910146
1790096776235576576,26.64457641601565,6.747657923397674,-5.740823747010414,-4.190961228729738
1790096776245576448,26.65457641601565,7.249261501697459,-5.244681326818016,-4.4063643608137255
1790096776255576576,26.66457641601565,7.404302060208945,-4.974103609864473,-4.476775553233412
1790096776265576448,26.67457641601565,7.557944637229824,-5.011233027076942,-4.838973803863419
1790096776275576576,26.68457641601565,8.11024216404234,-5.1753643821546955,-5.535526851032221
1790096776285576448,26.69457641601565,8.586269643844378,-5.695683343187666,-5.734343789310109
1790096776295576576,26.704576416015648,8.527965196788564,-6.120879657082435,-5.599005842838329
1790096776305576448,26.71457641601565,8.31685243664258,-6.1004642332438,-5.972909656036899
1790096776315576576,26.724576416015648,7.868465231625694,-5.861057199574934,-6.110399322021061
1790096776325576448,26.73457641601565,7.4897737732881815,-5.385440520297631,-6.253343105316162
1790096776335576576,26.74457641601565,6.981793149829813,-4.9721557108851515,-6.193214185087172
1790096776345576448,26.75457641601565,6.655025985643085,-4.686511251147526,-5.936515864509462
1790096776355576576,26.76457641601565,7.031591786279992,-4.437477417666283,-5.831061182600053
1790096776365576448,26.77457641601565,7.422496526761385,-4.382695921484613,-5.807532076778842
1790096776375576576,26.78457641601565,7.420956485176921,-4.310014689642075,-5.75143292379922
1790096776385576448,26.794576416015648,7.454087069130402,-3.8679776928835503,-6.069965666218501
1790096776395576576,26.80457641601565,7.455734333911934,-3.6155529981217365,-6.470805848511749
1790096776405576448,26.814576416015647,7.480767840428898,-3.667546930441903,-6.740408411626696
1790096776415576576,26.82457641601565,7.8273381208528825,-3.9134181174252443,-6.8420964047780375
1790096776425576448,26.83457641601565,8.483824904576277,-4.250328714053185,-7.008161046118018
1790096776435576576,26.84457641601565,9.18945845390483,-4.44873939148924,-6.832664007702378
1790096776445576448,26.85457641601565,9.61594850454874,-4.2106402818120605,-6.958209166440895
1790096776455576576,26.864576416015648,9.56172919779417,-3.997786305070278,-6.935114426464662
1790096776465576448,26.87457641601565,8.5177549301611,-4.089514319457646,-6.216875225615248
1790096776475576576,26.884576416015648,7.927192305854138,-3.83200207119306,-5.651194204812961
1790096776485576448,26.89457641601565,8.253028096712628,-3.03907770235868,-5.47153398841858
1790096776495576576,26.90457641601565,8.990989260700058,-2.027567415274714,-5.808135276378254
1790096776505576448,26.91457641601565,9.491831025581567,-1.4646428872928157,-6.157431812825237
1790096776515576576,26.92457641601565,9.576101891162427,-1.4824215416714248,-6.247176376743958
1790096776525576448,26.93457641601565,8.948726696684293,-1.8477387198668864,-6.346220243937399
1790096776535576576,26.94457641601565,7.497464564755833,-2.4591071507206643,-6.378261665518573
1790096776545576448,26.954576416015648,6.089645200495009,-3.1998667267258907,-6.061103763185031
1790096776555576576,26.96457641601565,5.610136963424473,-3.536339567017545,-5.639463781920417
1790096776565576448,26.97457641601565,5.994538443181664,-3.4631560483778685,-5.29804812264543
1790096776575576576,26.98457641601565,6.077358129261789,-3.526352098331709,-4.31950705068918
1790096776585576448,26.99457641601565,6.503932166178701,-3.4467115911578716,-3.1561753483691835
1790096776595576576,27.00457641601565,7.625305840125398,-2.1917385577770134,-2.5928211336504883
1790096776605576448,27.01457641601565,8.499276942547086,-0.19082890072868403,-2.585457231991806
1790096776615576576,27.02457641601565,7.637176166508526,1.1302704496612321,-2.236381781395852
1790096776625576448,27.03457641601565,6.786827408457519,1.6903574426810968,-1.7094804486294746
1790096776635576576,27.044576416015648,7.020583758867649,1.515886392336516,-1.7360582900161419
1790096776645576448,27.05457641601565,7.7548161682433765,0.8864498301988684,-2.3791093051764696
1790096776655576576,27.06457641601565,8.081404907561266,0.008734956478878397,-3.224944960812608
1790096776665576448,27.07457641601565,7.032092561713421,-0.8756624179422943,-3.8994662145883177
1790096776675576576,27.08457641601565,5.1487433072658275,-1.3094191925854464,-3.410063058096603
1790096776685576448,27.09457641601565,4.391329481037021,-1.0949498539532938,-2.5585127445558364
1790096776695576576,27.10457641601565,6.109570414258864,0.33141832040806074,-2.052570750853056
1790096776705576448,27.114576416015648,8.190904382593995,1.7280837079058373,-2.157922417062783
1790096776715576576,27.12457641601565,8.614261425676025,1.5634077544078249,-1.9574489800116117
1790096776725576448,27.134576416015648,8.702912304882515,1.5469990705148104,-2.067426251054827
1790096776735576576,27.14457641601565,7.594393863455698,1.2528897977117743,-2.574166289198195
1790096776745576448,27.15457641601565,6.8715933027717435,1.135400468273229,-3.016953266654475
1790096776755576576,27.16457641601565,6.38841965417868,0.9876135061202587,-3.0362471244376144
1790096776765576448,27.17457641601565,6.777487957230953,0.7506965389685062,-2.6137199014623067
1790096776775576576,27.18457641601565,8.485258643097422,0.5627356858815269,-2.867958791018535
1790096776785576448,27.19457641601565,9.444991584282437,0.30314276982665406,-3.5397979173088765
1790096776795576576,27.204576416015648,8.909641791143091,0.1519505543422132,-3.8232567195718197
1790096776805576448,27.21457641601565,7.872938416496956,0.042183499247938704,-3.861607003568493
1790096776815576576,27.22457641601565,7.016811208114111,0.17507568094403816,-4.04138706686946
1790096776825576448,27.23457641601565,6.109973615146353,0.28307867919110014,-3.913585760248716
1790096776835576576,27.24457641601565,5.779495696865185,0.2561050426270582,-3.2140880052666927
1790096776845576448,27.25457641601565,6.660343915066175,0.3092835321746473,-2.620031920386698
1790096776855576576,27.26457641601565,8.2950004080306,0.507290719078388,-2.515921640502278
1790096776865576448,27.27457641601565,9.095200634947824,0.6739016534139708,-2.9298292735885343
1790096776875576576,27.28457641601565,8.525736015658849,0.656761749330708,-3.407976864805647
1790096776885576448,27.29457641601565,7.287210103261413,0.3719904249147841,-3.6385313819159415
1790096776895576576,27.30457641601565,7.140678568688979,0.3225082915545783,-3.866459567334647
1790096776905576448,27.31457641601565,7.448287011219643,0.11117601708330577,-4.120043637011568
1790096776915576576,27.32457641601565,7.954345185173299,-0.045288858028030725,-4.343394229362505
1790096776925576448,27.33457641601565,7.740744702210418,-0.2581080191192501,-4.4726169979822785
1790096776935576576,27.34457641601565,7.152473416273653,-0.5272387130180968,-4.269333484353321
1790096776945576448,27.35457641601565,7.1760323291825765,-0.7964196790661048,-3.836196613932103
1790096776955576576,27.364576416015648,7.560527434756124,-1.0275230937522606,-3.5481047487844073
1790096776965576448,27.37457641601565,7.4360748927695,-1.2745258084715192,-3.502325876575263
1790096776975576576,27.38457641601565,7.170528113742753,-1.5416885289455797,-3.5319567775879053
1790096776985576448,27.39457641601565,7.686120230069985,-1.8159519792235397,-3.51026088090577
1790096776995576576,27.40457641601565,9.105082993535243,-1.9006676030416148,-3.712379701742008
1790096777005576448,27.41457641601565,9.722091911686336,-1.7601202392373247,-4.340985665774862
1790096777015576576,27.42457641601565,8.17668555474501,-1.6415947136531064,-5.242018172111458
1790096777025576448,27.43457641601565,6.288715661436127,-1.7357719309075423,-5.6623771473415285
1790096777035576576,27.44457641601565,6.0190502308276645,-2.167609591153015,-5.486690823545299
1790096777045576448,27.454576416015648,6.700897843659012,-2.7091595306690555,-5.0683454967024595
1790096777055576576,27.46457641601565,8.50399972792192,-3.308514086916461,-4.798072612537814
1790096777065576448,27.47457641601565,10.06765044981349,-3.349742689000301,-4.936584646513934
1790096777075576576,27.48457641601565,9.639166660192211,-3.475901814959228,-5.276145752367187
1790096777085576448,27.49457641601565,8.098345054427039,-4.098514079234336,-5.69241512289367
1790096777095576576,27.50457641601565,8.626319891916266,-4.798098778083434,-6.292361253249338
1790096777105576448,27.51457641601565,10.507145616492616,-5.358755168791312,-6.729572361600744
1790096777115576576,27.52457641601565,10.279376994110894,-5.65171903696823,-7.119034288573292
1790096777125576448,27.53457641601565,7.837797518054611,-5.6815995305119085,-7.595055777270547
1790096777135576576,27.54457641601565,5.936160871714561,-5.524243073992755,-7.564187680349109
1790096777145576448,27.55457641601565,5.666140875989551,-5.3424186285883755,-6.64970112220869
1790096777155576576,27.56457641601565,6.349609870476049,-5.2207332334333625,-5.320732717382959
1790096777165576448,27.57457641601565,7.659892785993364,-4.979112099673079,-4.680386767593786
1790096777175576576,27.58457641601565,8.897828867889835,-4.644009110865529,-4.7372483272354655
1790096777185576448,27.59457641601565,8.512131512533891,-4.364979116910059,-4.819956418418774
1790096777195576576,27.60457641601565,6.488211913971379,-4.47290989642995,-4.716732147233189
1790096777205576448,27.61457641601565,5.825776165115693,-4.700747164664965,-4.9961540210587065
1790096777215576576,27.62457641601565,6.716280982090183,-4.947985339620238,-5.111906974495213
1790096777225576448,27.63457641601565,7.223604631186791,-5.107013347405122,-4.864298807687043
1790096777235576576,27.64457641601565,6.760686130805085,-5.24536657333374,-4.529762701699377
1790096777245576448,27.65457641601565,6.0939403024484005,-5.26085111918225,-4.589326894745675
1790096777255576576,27.66457641601565,5.706039356027927,-5.2761125839253165,-4.949211520028423
1790096777265576448,27.67457641601565,6.231738534896337,-5.163250315821356,-4.928427908845403
1790096777275576576,27.68457641601565,6.825761534018997,-5.067582071607033,-4.558263830507447
1790096777285576448,27.69457641601565,7.221410804215685,-5.248879996907909,-4.243688696059225
1790096777295576576,27.70457641601565,7.917074056351045,-5.804363687012599,-4.623530449224788
1790096777305576448,27.71457641601565,8.798047500125616,-6.436161818781624,-5.420227595646647
1790096777315576576,27.72457641601565,9.40898861312524,-6.887816691424959,-6.1900373924888
1790096777325576448,27.73457641601565,9.660201582123106,-7.3693443666666445,-6.586399070267883
1790096777335576576,27.74457641601565,9.579703336328611,-7.891882760471438,-6.810649568401784
1790096777345576448,27.75457641601565,8.939617736792892,-8.13018269661187,-6.739400026804722
1790096777355576576,27.76457641601565,7.7323570239574515,-7.611482676952199,-6.251238254406577
1790096777365576448,27.77457641601565,6.888539939084314,-6.698306877368435,-5.182057397642986
1790096777375576576,27.78457641601565,6.715289819392793,-5.978418655469778,-4.602128417660749
1790096777385576448,27.79457641601565,6.628996439546989,-5.469557896308328,-4.20980778520226
1790096777395576576,27.80457641601565,6.523654269308933,-5.146450258658213,-4.037704796916676
1790096777405576448,27.81457641601565,6.1460737273238255,-5.1887929646235476,-3.994853864005648
1790096777415576576,27.82457641601565,6.249798453954243,-5.456130608617636,-4.134319358137844
1790096777425576448,27.83457641601565,6.550202369692369,-5.94227600097681,-4.277020931245247
1790096777435576576,27.84457641601565,7.278673909375041,-5.802259942876838,-4.579771379029558
1790096777445576448,27.85457641601565,7.548955277442684,-5.445126283924907,-4.708443932584617
1790096777455576576,27.86457641601565,7.117441569395016,-5.484937336264796,-4.851701951305441
1790096777465576448,27.87457641601565,6.890246088224173,-5.839375694618039,-4.905291212929906
1790096777475576576,27.88457641601565,7.078412139519623,-6.224576722674534,-5.089428402313594
1790096777485576448,27.89457641601565,7.809204417355565,-6.452912386355478,-5.258952747274266
1790096777495576576,27.90457641601565,8.24791448576382,-6.582785961570812,-5.265496228913224
1790096777505576448,27.91457641601565,7.907382521885196,-6.592710554251434,-5.020632048282996
1790096777515576576,27.92457641601565,7.085564698257232,-6.5562157477040595,-4.694499808040469
1790096777525576448,27.934576416015652,6.782361218580923,-6.041480102651197,-4.519185414099565
1790096777535576576,27.94457641601565,6.99778180016963,-5.115605385459761,-4.9761886532925645
1790096777545576448,27.95457641601565,7.114795823894303,-4.5237965279081935,-5.374562981675602
1790096777555576576,27.96457641601565,7.044183400598287,-4.833709018368239,-5.727891861163698
1790096777565576448,27.97457641601565,7.355764334395093,-5.752788089713979,-5.723797391250018
1790096777575576576,27.98457641601565,7.60691521473385,-6.285428374853257,-5.691009823074228
1790096777585576448,27.99457641601565,7.678094673553391,-6.2661378154531695,-5.92981465751486
1790096777595576576,28.00457641601565,8.18874927709365,-5.789835128108916,-6.142110507862868
1790096777605576448,28.01457641601565,8.13183919303267,-5.391162485583232,-6.117977087721505
1790096777615576576,28.024576416015652,7.178749307770282,-5.429093640917445,-5.702378508931875
1790096777625576448,28.03457641601565,6.575603132858027,-5.382956131378743,-5.158710741433805
1790096777635576576,28.04457641601565,7.061499735751035,-4.997549988745095,-5.149628525792722
1790096777645576448,28.05457641601565,7.896512579483341,-4.760896197799932,-5.415910245137285
1790096777655576576,28.06457641601565,8.366768031403922,-5.0738926931615165,-5.525704594900966
1790096777665576448,28.07457641601565,8.42110323886176,-5.480284947481441,-5.805812198939803
1790096777675576576,28.08457641601565,8.608212731902247,-5.486951648314508,-6.34441612864773
1790096777685576448,28.09457641601565,8.49326344030294,-5.386974500847178,-6.722900246048606
1790096777695576576,28.10457641601565,7.972873888067844,-5.402463488532637,-6.813894877474933
1790096777705576448,28.11457641601565,7.903740397004173,-5.086451192448456,-6.64803427806177
1790096777715576576,28.12457641601565,8.292540104343708,-4.349775002267281,-6.710602115458132
1790096777725576448,28.13457641601565,7.7550275912143105,-4.357026889504632,-6.357072906042726
1790096777735576576,28.14457641601565,7.124059280005485,-4.834017412107598,-5.553200566538665
1790096777745576448,28.15457641601565,6.860373697599595,-4.965521025790897,-4.774485972205302
1790096777755576576,28.16457641601565,6.5815223611614675,-4.808420166284248,-4.279122103769145
1790096777765576448,28.17457641601565,6.668032853212466,-4.290002354392489,-4.336805147613724
1790096777775576576,28.184576416015652,6.796179419943926,-3.817318378156548,-4.510132474961235
1790096777785576448,28.19457641601565,7.351359667841671,-3.439248879488396,-4.864578123218088
1790096777795576576,28.20457641601565,8.421917290963723,-3.184825259506867,-5.241505095935585
1790096777805576448,28.21457641601565,9.484687010996398,-3.1529106046437816,-5.60206872325383
1790096777815576576,28.22457641601565,9.769174564294469,-3.3720549337705554,-5.912185194751825
1790096777825576448,28.23457641601565,9.261252145355943,-3.5601931482509324,-6.304309799571894
1790096777835576576,28.24457641601565,8.15417786059638,-3.675485963720947,-6.69173657974804
1790096777845576448,28.254576416015652,7.120092679174245,-3.801442984079664,-6.65863229726377
1790096777855576576,28.26457641601565,7.215092650327937,-3.7939297570121124,-6.354212928540018
1790096777865576448,28.274576416015652,8.544895793217101,-3.4389895895693363,-5.927733300904818
1790096777875576576,28.28457641601565,10.410014358351527,-2.7249322380431433,-5.95891722323006
1790096777885576448,28.29457641601565,11.083151333945498,-2.282793563655398,-5.97431333177647
1790096777895576576,28.30457641601565,9.7737296535936,-2.4468669774153224,-5.725449854300917
1790096777905576448,28.31457641601565,8.219656951440015,-2.355492103045216,-5.366008133795892
1790096777915576576,28.32457641601565,7.812674639490282,-2.0577908857929597,-4.926425413820329
1790096777925576448,28.33457641601565,7.866636417382568,-1.8031238892526777,-4.412244341903135
1790096777935576576,28.344576416015652,7.541627244817342,-1.5615705432704683,-3.584215338304655
1790096777945576448,28.35457641601565,7.159929502766385,-1.1546384154865676,-3.0404046752948397
1790096777955576576,28.36457641601565,7.1277472535559685,-0.7395486246865066,-2.425049945538794
1790096777965576448,28.37457641601565,7.647019017996029,-0.0036637270301923264,-2.379662036895752
1790096777975576576,28.38457641601565,6.895243182209414,-0.11431533770511765,-2.4891402545723103
1790096777985576448,28.39457641601565,5.180311454873586,-0.7190727174724237,-2.3982776799099974
1790096777995576576,28.40457641601565,4.023532883114111,-0.8832741973547393,-1.600247026206881
1790096778005576448,28.41457641601565,4.248070536555158,-0.359129633032933,-0.9219157583875174
1790096778015576576,28.42457641601565,5.417781865232948,0.5272142014113927,-0.7256768238320304
1790096778025576448,28.434576416015652,6.097744943343313,0.9493665412635371,-1.0263745499484291
1790096778035576576,28.44457641601565,6.756531654925876,1.5203377350566007,-1.4683466302975707
1790096778045576448,28.45457641601565,7.343354503462414,1.8747247457128489,-1.778253290357963
1790096778055576576,28.46457641601565,6.990305198814351,1.6456898850368225,-2.1929345158901175
1790096778065576448,28.47457641601565,6.234787923909225,1.3324173420562517,-2.384733050826724
1790096778075576576,28.48457641601565,6.137438216420018,1.1616034287197925,-2.2648097971054524
1790096778085576448,28.49457641601565,7.3498899821609145,1.2315973885402332,-2.5121731663052778
1790096778095576576,28.504576416015652,9.052729987864726,1.2858502187267953,-3.4154554803090025
1790096778105576448,28.51457641601565,9.016778106497798,1.1712625235868332,-3.8787696233632296
1790096778115576576,28.524576416015652,7.785277587682926,1.1443674564361572,-3.9563685509375053
1790096778125576448,28.53457641601565,7.263570741820592,0.8808377376630636,-3.690249709149347
1790096778135576576,28.54457641601565,7.2613295439875545,0.7315477348270016,-3.283452852829582
1790096778145576448,28.55457641601565,8.342945681254086,0.6650257784025027,-2.8712569010822127
1790096778155576576,28.56457641601565,11.098706620861442,0.5255173615141887,-3.288700023057214
1790096778165576448,28.574576416015653,12.01629784266589,0.3713857561661297,-4.304339119584004
1790096778175576576,28.58457641601565,10.47474626155736,-0.1719105673098088,-5.1152871246973985
1790096778185576448,28.594576416015652,5.777080282790747,-0.49582906001455107,-5.30068401598882
1790096778195576576,28.60457641601565,3.7848380212538357,-0.5832668086725948,-4.617642179251823
1790096778205576448,28.61457641601565,5.066879778240532,-1.015354146616828,-3.514325821553642
1790096778215576576,28.62457641601565,7.186523642143735,-1.3764724212559296,-2.318632179633438
1790096778225576448,28.63457641601565,8.581461525052836,-1.2376625386195348,-1.5607469085640016
1790096778235576576,28.64457641601565,8.470356053719973,-0.681155802389471,-1.4869233327071376
1790096778245576448,28.65457641601565,7.505142608718127,-0.2068630481908038,-1.7354816886270665
1790096778255576576,28.664576416015652,6.87056536665831,-0.0885344371199607,-2.080534605720989
1790096778265576448,28.67457641601565,7.034919811244922,-0.23747162281292095,-2.6577351238549216
1790096778275576576,28.684576416015652,7.7748376528450445,-0.6007203508919708,-3.1505930423751356
1790096778285576448,28.69457641601565,8.593665862944905,-1.0003441103428259,-3.696025054114483
1790096778295576576,28.70457641601565,8.50207906864938,-1.4240451197616122,-4.402657517559676
1790096778305576448,28.71457641601565,7.24692350341682,-1.8308917492723462,-4.77430855673045
1790096778315576576,28.72457641601565,6.395476463370095,-2.2617292097764747,-4.862132693777285
1790096778325576448,28.73457641601565,6.29650720241311,-2.7983834476983884,-4.626004578275561
1790096778335576576,28.74457641601565,6.348445949567433,-3.0934303419148304,-4.43143436990686
1790096778345576448,28.754576416015652,6.301093184241021,-3.426859751144328,-4.114034576552466
1790096778355576576,28.76457641601565,7.271643662590767,-3.4196532466280383,-4.0556777383582
1790096778365576448,28.774576416015652,10.023426309061051,-2.936358825689659,-4.486480708927956
1790096778375576576,28.78457641601565,11.729987319352734,-2.40456882209291,-5.295620750503911
1790096778385576448,28.79457641601565,9.966494167813321,-2.2809201602805604,-6.259956359631141
1790096778395576576,28.80457641601565,7.864510179340445,-2.6071568073961595,-7.086387886015917
1790096778405576448,28.81457641601565,8.241483496181942,-3.444000412878806,-7.107335990067112
1790096778415576576,28.824576416015653,9.505982444487108,-4.3252413091208295,-7.010085253569156
1790096778425576448,28.83457641601565,9.278155968312456,-5.241799480743018,-6.862253629180717
1790096778435576576,28.844576416015652,7.96232745091809,-6.1454266750088085,-6.981366346469012
1790096778445576448,28.85457641601565,7.094116965287417,-6.874894064752305,-7.118524024078477
1790096778455576576,28.86457641601565,6.591388448719278,-7.2486428606704525,-6.613758039753612
1790096778465576448,28.87457641601565,5.733775862056001,-7.245681409991878,-5.351589543143955
1790096778475576576,28.88457641601565,5.584300675508282,-6.660307984551717,-4.20977502858486
1790096778485576448,28.894576416015653,7.1654459229310605,-5.573595827119941,-3.7854545338292716
1790096778495576576,28.90457641601565,9.73744701753199,-4.511011878482077,-3.965354066171441
1790096778505576448,28.914576416015652,10.562760910612363,-3.785241303314447,-4.35780786733837
1790096778515576576,28.92457641601565,8.485736333733445,-3.332739140134126,-5.149707518962622
1790096778525576448,28.934576416015652,6.822324974203871,-2.90589194830252,-6.465594232358473
1790096778535576576,28.94457641601565,7.854750404272741,-3.130386889613323,-7.431323174923609
1790096778545576448,28.95457641601565,8.819811614749865,-4.175180218990514,-7.590315302339701
1790096778555576576,28.96457641601565,8.075939480216508,-5.378079384123192,-7.176998950524161
1790096778565576448,28.97457641601565,6.9165870183389115,-6.204019219273291,-6.510916682059652
1790096778575576576,28.984576416015653,6.49965449414767,-6.459728905156957,-5.5957459723613345
1790096778585576448,28.99457641601565,6.5997346297072275,-6.3680595998027005,-4.642469784393763
1790096778595576576,29.004576416015652,6.861811550894974,-6.233698539458902,-3.87957273686329
1790096778605576448,29.01457641601565,6.855263264962795,-6.1491299715343875,-3.4979254993352935
1790096778615576576,29.024576416015652,6.542796766659024,-6.121737480163574,-3.507010451860416
1790096778625576448,29.03457641601565,6.747368419512716,-5.873716608893044,-4.1323753324151795
1790096778635576576,29.04457641601565,7.759595643307255,-5.269266229774591,-4.892091724571777
1790096778645576448,29.05457641601565,8.389387111817008,-4.9990761887095525,-5.439080066112474
1790096778655576576,29.06457641601565,8.679937556474217,-5.5505583984409785,-5.845765008235442
1790096778665576448,29.074576416015653,9.420892299346313,-6.517469170102073,-6.368471906861617
1790096778675576576,29.08457641601565,9.745203107556664,-7.393528711887489,-6.812587870372725
1790096778685576448,29.094576416015652,9.361168841970994,-7.674003287566089,-6.557696607729086
1790096778695576576,29.10457641601565,8.44918994346997,-7.15001583046073,-5.545883590632696
1790096778705576448,29.11457641601565,7.008070945859673,-6.293492896311494,-4.755355042337833
1790096778715576576,29.12457641601565,5.886322931621723,-5.605224614239283,-3.9764488042379997
1790096778725576448,29.13457641601565,5.796613968622571,-4.973951197119254,-3.76256346824276
1790096778735576576,29.144576416015653,6.177797435057364,-4.687428517022246,-4.058321426879013
1790096778745576448,29.15457641601565,6.3452006737268265,-4.666074059339379,-4.333958313492224
1790096778755576576,29.164576416015652,6.265521310915723,-5.236729708715547,-4.3271654144993095
1790096778765576448,29.17457641601565,6.6527511976889215,-6.215695597101719,-4.624706680963412
1790096778775576576,29.184576416015652,7.255843029912585,-6.693652629728817,-5.072109465000572
1790096778785576448,29.19457641601565,7.7299480985858935,-6.14529656220023,-5.6430552519867945
1790096778795576576,29.20457641601565,8.161254723736274,-5.31460123016471,-6.138607671918607
1790096778805576448,29.214576416015653,8.327214970764581,-4.917584700518107,-6.219827512220059
1790096778815576576,29.22457641601565,8.199174198165263,-5.4050953090140474,-6.06007778639879
1790096778825576448,29.234576416015653,8.01234103040752,-6.427144115416305,-5.859297155830048
1790096778835576576,29.24457641601565,7.490223513475863,-6.676574730769106,-5.43279434589717
1790096778845576448,29.254576416015652,7.106962218589087,-6.272964998305157,-5.229850784035471
1790096778855576576,29.26457641601565,6.765523305508044,-5.761533257911281,-4.911386747009453
1790096778865576448,29.274576416015652,6.235431688815464,-5.291797551223205,-4.518680083444745
1790096778875576576,29.28457641601565,5.9551658507732,-4.685942645418682,-4.345430238448249
1790096778885576448,29.29457641601565,6.2214693399205965,-4.385058505499323,-4.547674176818355
1790096778895576576,29.304576416015653,6.909246009365528,-4.784152152305551,-5.06308243309899
1790096778905576448,29.31457641601565,7.641902727398974,-5.747020871458321,-5.429332219475977
1790096778915576576,29.324576416015653,7.976042930197235,-6.459104775537373,-5.458960355222002
1790096778925576448,29.33457641601565,7.820710241077446,-6.494130724304654,-5.331500942855612
1790096778935576576,29.344576416015652,7.797290696912935,-5.839204725527194,-5.392695452803609
1790096778945576448,29.35457641601565,7.970754048511382,-5.075300073478789,-5.8891133275029794
1790096778955576576,29.36457641601565,8.04604832714629,-4.851330909001804,-6.566378127576768
1790096778965576448,29.37457641601565,8.25860526949134,-5.235837765122917,-6.965683998901233
1790096778975576576,29.38457641601565,8.83963154162095,-5.83969682450453,-7.118704625080908
1790096778985576448,29.394576416015653,9.032183675438441,-6.381269064462217,-6.760173411643194
1790096778995576576,29.40457641601565,8.537240812108008,-6.432187838817146,-6.305242983670227
1790096779005576448,29.414576416015652,7.873459860018657,-5.891643992780026,-5.979784074740578
1790096779015576576,29.42457641601565,7.235928256172394,-5.093374972798221,-5.951792109410133
1790096779025576448,29.434576416015652,6.5255918068546315,-4.636526117297632,-5.888637673345877
1790096779035576576,29.44457641601565,6.278373116883616,-4.4789782517340795,-5.8092473993488865
1790096779045576448,29.45457641601565,6.6965140437150925,-4.4604975598998875,-5.545305467353959
1790096779055576576,29.464576416015653,7.668854000403445,-4.423110110834851,-5.458722835900735
1790096779065576448,29.47457641601565,8.3870612028166,-4.509963721019447,-5.320366734326342
1790096779075576576,29.484576416015653,8.644225189043217,-4.620091292860107,-5.32193660736084
1790096779085576448,29.49457641601565,8.432043118095283,-4.609200324516271,-5.433520850937323
1790096779095576576,29.504576416015652,7.831471829813855,-4.527348046882306,-5.702658870385962
1790096779105576448,29.51457641601565,7.0490979287348905,-4.676004960606836,-5.828108137818353
1790096779115576576,29.524576416015652,6.627926219660212,-4.739780272332673,-5.78522629906793
1790096779125576448,29.534576416015653,6.974994600168267,-4.294085909840605,-5.890031772213807
1790096779135576576,29.54457641601565,7.594017365828478,-3.648078201970571,-5.691384204002543
1790096779145576448,29.554576416015653,8.259491926401552,-3.0893718880371996,-5.616552829742432
1790096779155576576,29.56457641601565,8.815928108515834,-2.7248592790439607,-5.7339540708596175
1790096779165576448,29.574576416015653,8.804063472839488,-2.615777206955453,-5.889824046752627
1790096779175576576,29.58457641601565,8.532001966122767,-2.755374680174293,-5.909924756553484
1790096779185576448,29.594576416015652,8.867826563239413,-2.5658855962507268,-6.559415977064797
1790096779195576576,29.60457641601565,9.229022550954232,-2.6437467253211184,-7.294876746400228
1790096779205576448,29.61457641601565,8.881610702664588,-3.3717061653069704,-7.368255335495674
1790096779215576576,29.624576416015653,7.857898434542825,-4.108747859370551,-6.59219835385242
1790096779225576448,29.63457641601565,7.138820495850475,-3.992593889131896,-5.514818417007017
1790096779235576576,29.644576416015653,7.13464204743145,-3.2935251099934417,-4.507718428692464
1790096779245576448,29.65457641601565,7.715366081179875,-2.2414450433549487,-3.7472455797636783
1790096779255576576,29.664576416015652,7.977961451036184,-1.271896965622324,-3.328721949328824
1790096779265576448,29.67457641601565,6.8521527743177195,-1.1540285479118342,-2.866771606420506
1790096779275576576,29.684576416015652,5.91331601533058,-1.0313838259410504,-2.194150742204745
1790096779285576448,29.69457641601565,5.926947646041604,-0.1883582320447169,-1.6814854271196729
1790096779295576576,29.70457641601565,7.079893152748478,1.3188714697946269,-1.547374721833948
1790096779305576448,29.714576416015653,8.594117316913035,1.9600632085206928,-2.010512708316379
1790096779315576576,29.72457641601565,8.89507434406862,1.0865591771182452,-3.0426570453246438
1790096779325576448,29.734576416015653,7.648686941951764,-0.8596988523512036,-3.603670389696479
1790096779335576576,29.74457641601565,6.112343269275087,-1.5237573319175375,-3.710102570227878
1790096779345576448,29.754576416015652,5.360351589524777,-1.2955206077643817,-3.829700321232943
1790096779355576576,29.76457641601565,5.647750746743137,-1.0593935946380775,-3.700289009740081
1790096779365576448,29.774576416015652,6.290753236695297,-0.8427028579170832,-3.148540448879007
1790096779375576576,29.784576416015653,7.297736143431936,-0.05999667357204547,-3.0079514015471434
1790096779385576448,29.79457641601565,8.228827265088583,1.0863340344474803,-2.8357631693892023
1790096779395576576,29.804576416015653,8.355486302812482,2.0039070795968943,-2.555481504723239
1790096779405576448,29.81457641601565,7.448235435043478,2.0956995468089716,-2.3106469845404147
1790096779415576576,29.824576416015653,6.629325553088319,1.4425332670208892,-2.4721309437186316
1790096779425576448,29.83457641601565,6.667085103079052,0.7110681987724208,-2.6831071089535543
1790096779435576576,29.844576416015652,7.414177108952316,0.28185744780737837,-2.516286041939896
1790096779445576448,29.854576416015654,8.59356997830958,0.16644511067981266,-2.596005600512351
1790096779455576576,29.86457641601565,8.796205347130444,0.053134185412365906,-2.891116961229555
1790096779465576448,29.874576416015653,7.720153632233969,-0.012017971379344159,-3.0401237358385127
1790096779475576576,29.88457641601565,6.419794694712929,-0.07310780222084748,-3.219544638108012
1790096779485576448,29.894576416015653,5.702224964230217,-0.4337034186053467,-3.3805263642700014
1790096779495576576,29.90457641601565,5.682134788443837,-0.9858230573829359,-2.348107452010745
1790096779505576448,29.914576416015652,8.168940403092257,-0.30765894071260835,-2.197263256754677
1790096779515576576,29.92457641601565,9.972202431869862,0.24933508944524926,-2.998863990483722
1790096779525576448,29.934576416015652,9.002484980015502,0.41679527174450265,-3.477305691924845
1790096779535576576,29.944576416015654,7.214292583788164,0.48839873850135035,-3.656710513980299
1790096779545576448,29.95457641601565,4.865478636343696,0.6234718348629111,-3.776418924571841
1790096779555576576,29.964576416015653,5.621787879867945,0.6690315306377351,-3.4309399929668802
1790096779565576448,29.97457641601565,8.728991329506567,0.6587695338520082,-3.1797021724079735
1790096779575576576,29.984576416015653,10.95979704303182,0.6306324243011938,-3.7378414250992775
1790096779585576448,29.99457641601565,9.858699307882208,0.30638263544290234,-4.5447956988606855
1790096779595576576,30.004576416015652,6.792961438977733,-0.11647944515911318,-5.027781750674922
1790096779605576448,30.01457641601565,5.5645729234724115,-0.48894600939085775,-4.849211684941274
1790096779615576576,30.024576416015652,7.735627012496769,-1.206081382750722,-4.448425223644898
1790096779625576448,30.034576416015653,10.669560205441666,-1.8996103635610626,-4.575975665285322
1790096779635576576,30.04457641601565,10.542293388709243,-2.287788867302865,-5.364625474972932
1790096779645576448,30.054576416015653,7.518340076113667,-2.6356201143417417,-5.789942871308972
1790096779655576576,30.06457641601565,5.889703651677484,-2.77314265651005,-5.672318340113145
1790096779665576448,30.074576416015653,5.889214566373694,-3.1119724630615493,-5.320049457426997
1790096779675576576,30.08457641601565,6.308195280373257,-3.367835207546857,-4.816873755801171
1790096779685576448,30.094576416015652,6.653263441196449,-3.4060353376875843,-4.317646834644797
1790096779695576576,30.104576416015654,6.829982927714029,-3.143498705719865,-3.976675464535341
1790096779705576448,30.11457641601565,7.903076339883636,-2.750446432776633,-3.8658079561551713
1790096779715576576,30.124576416015653,9.90964940048678,-2.3534749993699857,-4.123730897880047
1790096779725576448,30.13457641601565,10.308444679446442,-2.0716564556552775,-4.664384953386071
1790096779735576576,30.144576416015653,8.375051693905947,-1.9035506141609249,-5.3308043352230285
1790096779745576448,30.15457641601565,6.54798854341638,-2.23355821285194,-5.664748715528069
1790096779755576576,30.164576416015652,6.350980889688346,-2.9980069950528647,-5.504612728916761
1790096779765576448,30.174576416015654,7.20695651119697,-3.706375368740613,-5.232111046939671
1790096779775576576,30.184576416015652,8.1471040395126,-4.306417953633616,-5.023313104191935
1790096779785576448,30.194576416015654,8.775055790363831,-4.842848972172882,-5.364252461125819
1790096779795576576,30.20457641601565,9.201859031643078,-5.097908794341548,-6.283372704149097
1790096779805576448,30.214576416015653,8.111694262767454,-5.3283553697543535,-6.977275689041293
1790096779815576576,30.22457641601565,5.795894350692198,-5.6401199482216,-6.754678093261336
1790096779825576448,30.234576416015653,5.476199990873649,-5.899942227878974,-6.002905144858916
1790096779835576576,30.24457641601565,7.853251744488218,-6.05575539221644,-5.150493424805105
1790096779845576448,30.254576416015652,10.611624094881671,-5.748228116431078,-4.4580675111447245
1790096779855576576,30.264576416015654,10.373170283065761,-5.042630556362149,-4.913243064102952
1790096779865576448,30.274576416015652,7.582423616602436,-4.489765808782073,-6.022095867329067
1790096779875576576,30.284576416015653,6.870572426010846,-4.330964075682635,-6.9824642738253235
1790096779885576448,30.29457641601565,8.458538049394967,-4.704046332054647,-6.709255760292999
1790096779895576576,30.304576416015653,8.233943177743539,-5.134244395572518,-5.776451250622977
1790096779905576448,30.31457641601565,6.2891955247792355,-5.173919978573211,-5.121347917073846
1790096779915576576,30.324576416015653,5.436535400816209,-5.035590488922808,-4.655902191265094
1790096779925576448,30.33457641601565,5.9881088188457845,-5.04084352098629,-4.135942415938235
1790096779935576576,30.344576416015652,7.090640360453911,-4.968267833168001,-3.7383895408551195
1790096779945576448,30.354576416015654,7.945157417981999,-4.523261024355713,-3.8177479531761045
1790096779955576576,30.36457641601565,7.687194000105328,-4.095225481218105,-4.326690757841629
1790096779965576448,30.374576416015653,7.167916699571422,-3.970967724704198,-4.928371948063631
1790096779975576576,30.38457641601565,7.368842028641184,-4.4568587575004655,-5.568942444508016
1790096779985576448,30.394576416015653,8.11747183551212,-5.286762643038075,-6.0760119648171615
1790096779995576576,30.40457641601565,8.512448075478328,-6.211704600408637,-6.230829928625667
1790096780005576448,30.414576416015652,8.71635432950853,-6.9585917186283694,-6.409833061898709
1790096780015576576,30.424576416015654,9.229350877787391,-7.354114937688375,-6.632120914734318
1790096780025576448,30.434576416015652,9.708271676465692,-7.5367797584649825,-6.768535543900739
1790096780035576576,30.444576416015654,9.645875151606026,-7.6963279476833915,-6.693573317838367
1790096780045576448,30.45457641601565,9.096600438469196,-7.7602179269843194,-6.033975491374803
1790096780055576576,30.464576416015653,8.249774830791404,-7.374718157965759,-5.540822126238888
1790096780065576448,30.47457641601565,7.0157535329423455,-6.685647976233329,-4.792441777341224
1790096780075576576,30.484576416015653,6.0170262322405925,-5.9151439381301065,-3.6489301000272696
1790096780085576448,30.494576416015654,5.530444270496999,-5.135561228852047,-2.972545891893335
1790096780095576576,30.504576416015652,5.5501250139772,-4.510421451965543,-2.8065867927426726
1790096780105576448,30.514576416015654,5.638516639612856,-4.152191654544285,-2.8481872134001014
1790096780115576576,30.524576416015652,5.527959019262471,-4.15951166454587,-2.980196997534927
1790096780125576448,30.534576416015653,5.088256563157885,-4.647988905070289,-2.959472867780837
1790096780135576576,30.54457641601565,4.552156777303841,-5.388758635602546,-2.7880357484279834
1790096780145576448,30.554576416015653,4.722287796108161,-5.769984997127491,-2.835634006135844
1790096780155576576,30.56457641601565,5.670014099191815,-5.480750897160266,-3.5336798261881395
1790096780165576448,30.574576416015653,5.583067489085462,-5.422027236842553,-4.270513921955099
1790096780175576576,30.584576416015654,5.499606527006466,-5.457120347805363,-4.724938413350851
1790096780185576448,30.594576416015652,6.367059561265408,-5.458156932551646,-4.827113618286217
1790096780195576576,30.604576416015654,7.9135854893921875,-5.689223661372758,-5.375827519716284
1790096780205576448,30.61457641601565,8.910902389490593,-6.629522046956103,-5.727736812185402
1790096780215576576,30.624576416015653,9.139116579994123,-7.919511428971224,-5.851142614599061
1790096780225576448,30.63457641601565,9.575464173070658,-8.41710707312928,-6.147644691770539
1790096780235576576,30.644576416015653,10.085462345704281,-7.835338998112388,-6.507913663027274
1790096780245576448,30.65457641601565,10.095139265751376,-6.96047632344765,-6.953830028058257
1790096780255576576,30.664576416015652,9.889824252576762,-6.50565388967866,-7.297943298742204
1790096780265576448,30.674576416015654,9.50500454276171,-6.7838561215438515,-7.1747345925108394
1790096780275576576,30.684576416015652,8.860240569213563,-7.116953692395307,-6.637000335234369
1790096780285576448,30.694576416015654,7.849465576283958,-7.021013258997819,-5.791061037758832
1790096780295576576,30.70457641601565,6.834342464030608,-6.325917145374394,-4.988667556418665
1790096780305576448,30.714576416015653,6.132304060994286,-5.253516099633246,-4.652675331411626
1790096780315576576,30.72457641601565,5.713580096082948,-4.470792101838197,-4.659804310929178
1790096780325576448,30.734576416015653,5.7410216005560315,-4.042364486552815,-4.653012094189254
1790096780335576576,30.744576416015654,6.3067517169695675,-3.98544038408864,-4.58891128921232
1790096780345576448,30.754576416015652,7.120080426183371,-4.052252867287859,-4.472857927218854
1790096780355576576,30.764576416015654,7.921441654705212,-3.9677125695554403,-4.563295673499817
1790096780365576448,30.774576416015652,8.22496959029134,-3.9142022243789634,-4.904330059897157
1790096780375576576,30.784576416015653,7.597460877038586,-4.2597600039840415,-4.860585336362712
1790096780385576448,30.79457641601565,7.42406345126253,-4.343086956982966,-5.118647777756715
1790096780395576576,30.804576416015653,8.659773553918006,-3.8126528563364683,-6.297095357134767
1790096780405576448,30.814576416015655,10.219428858809879,-3.314432590574256,-7.4566717614008455
1790096780415576576,30.824576416015653,10.439514082905674,-3.934879251013603,-7.241746657979938
1790096780425576448,30.834576416015654,9.874510184296819,-4.76110956868803,-6.839294045512359
1790096780435576576,30.844576416015652,9.452169626505142,-5.008072356295281,-6.851468543658852
1790096780445576448,30.854576416015654,8.711167368633676,-4.4888021524947765,-7.471449918826877
1790096780455576576,30.86457641601565,7.398060867031817,-4.26458737124812,-7.392666021900574
1790096780465576448,30.874576416015653,6.825824509724478,-3.930786874595557,-6.801810165760256
1790096780475576576,30.88457641601565,6.8478648345704904,-3.5807815189432723,-6.2091745703053585
1790096780485576448,30.894576416015653,6.7489064392424325,-3.8761064687817144,-5.504852690871083
1790096780495576576,30.904576416015654,6.804160615596294,-4.271461297389792,-4.896558765023772
1790096780505576448,30.914576416015652,6.961185074971691,-4.124751158470968,-4.778533882502192
1790096780515576576,30.924576416015654,7.008024662704972,-3.469918796758759,-4.945319022837144
1790096780525576448,30.934576416015652,7.153992735277691,-2.6668101796079506,-5.205766360003532
1790096780535576576,30.944576416015654,7.480160639548456,-2.2912358673267743,-5.194373894327101
1790096780545576448,30.95457641601565,8.278539583339848,-2.34909047303146,-4.864141375307504
1790096780555576576,30.964576416015653,9.009524861442952,-2.520769308015672,-4.527601027420435
1790096780565576448,30.97457641601565,8.867628665942092,-2.672779494158272,-4.591492963223202
1790096780575576576,30.984576416015653,8.174852130583053,-2.611954469384639,-4.8191784967758995
1790096780585576448,30.994576416015654,7.397230146364976,-2.4874114666326994,-4.593082117635857
1790096780595576576,31.004576416015652,7.850740319746458,-1.8655687702639232,-4.216315152941806
1790096780605576448,31.014576416015654,9.236845261861083,-1.0431804338002586,-4.526251481110529
1790096780615576576,31.024576416015652,10.097611190814584,-0.4988266699193823,-4.954918202453485
1790096780625576448,31.034576416015653,9.618384616078416,-0.8362969390478543,-5.117575617485216
1790096780635576576,31.04457641601565,8.651734435375788,-1.3670111981098405,-4.998186091244463
1790096780645576448,31.054576416015653,7.934964233123059,-1.494881560824563,-4.751520093131213
1790096780655576576,31.064576416015655,7.676986512154614,-1.415341919401088,-4.29512099849787
1790096780665576448,31.074576416015653,7.154180367826332,-1.3471582086066176,-3.541220750738895
1790096780675576576,31.084576416015654,6.197874799342523,-1.3346482360152438,-2.78746263873648
1790096780685576448,31.094576416015652,5.457159660604038,-1.3529256829826222,-2.276644180741491
1790096780695576576,31.104576416015654,5.66167583279336,-1.157534626608359,-1.6810798967999503
1790096780705576448,31.11457641601565,6.731350939285388,-0.6836700568397064,-1.053079951019635
1790096780715576576,31.124576416015653,7.83519851622632,-0.4934089430006377,-0.7457966829635923
1790096780725576448,31.134576416015655,7.105088682617984,-0.2541175395899591,-0.9297574678771561
1790096780735576576,31.144576416015653,6.321155934261822,-0.03764132380376693,-0.9516556645661093
1790096780745576448,31.154576416015654,6.552126322525826,0.5240653111783811,-0.8637069628953195
1790096780755576576,31.164576416015652,7.889056889841877,1.084291456605705,-1.8139456647284622
1790096780765576448,31.174576416015654,8.288371626452658,1.0099464602451547,-3.112907622769366
1790096780775576576,31.184576416015652,7.106498717579993,0.595908622718937,-3.3548438851501645
1790096780785576448,31.194576416015654,6.382776364269237,0.3733242160869837,-2.803328995553461
1790096780795576576,31.20457641601565,7.969888674911133,0.49618536494128157,-2.3675623025982073
1790096780805576448,31.214576416015653,9.576657126866072,0.8171193284019568,-3.204138420157311
1790096780815576576,31.224576416015655,9.48504249177974,0.9094481546009391,-3.776602546127492
1790096780825576448,31.234576416015653,5.707607224335578,0.9769557221671923,-3.4191665746962983
1790096780835576576,31.244576416015654,4.9084386296407345,1.018599020347287,-2.672847218640911
1790096780845576448,31.254576416015652,7.8824782560593665,0.9145564180169504,-2.2600209712982178
1790096780855576576,31.264576416015654,10.640256717036792,0.8207380343676901,-2.7697337494449257
1790096780865576448,31.274576416015652,9.646412971959293,0.5174883033054188,-3.8051849261790283
1790096780875576576,31.284576416015653,6.393124097805716,0.11488848706633928,-4.259596726284958
1790096780885576448,31.29457641601565,5.0935118175110015,-0.17119066408946879,-4.151448742523814
1790096780895576576,31.304576416015653,6.946366486671247,-0.5562080772269475,-3.7932872577262313
1790096780905576448,31.314576416015655,8.976356501022723,-0.8461352254218629,-3.6732426081401903
1790096780915576576,31.324576416015653,9.120316142124546,-0.7982608806147651,-3.4299856599421927
1790096780925576448,31.334576416015654,7.957384289667895,-0.4933745471327385,-3.5094953986096327
1790096780935576576,31.344576416015652,7.0605508396739785,-0.2688718766634911,-3.714059282282565
1790096780945576448,31.354576416015654,7.096217481663108,-0.3690883623131514,-3.9336321366507963
1790096780955576576,31.36457641601565,8.289179258994247,-0.44589688183381715,-4.119204491683182
1790096780965576448,31.374576416015653,8.958416131570898,-0.438832642590831,-4.322807463999467
1790096780975576576,31.384576416015655,7.6814109282481855,-0.2974429649714417,-4.534315021587225
1790096780985576448,31.394576416015653,5.663462296420408,-0.42398183628234554,-4.528843925469328
1790096780995576576,31.404576416015654,5.562514473477249,-0.5943461099474288,-4.124781531501287
1790096781005576448,31.414576416015652,7.065992326970074,-1.0293085623177796,-3.7930942732127426
1790096781015576576,31.424576416015654,8.940123994958588,-1.362420887198141,-3.849003584940205
1790096781025576448,31.434576416015652,8.892883509013213,-1.3748786615548338,-4.172045506114899
1790096781035576576,31.444576416015654,6.910139711849973,-1.1378501320233465,-4.372662457217596
1790096781045576448,31.454576416015655,5.097353641457039,-1.1893769869017352,-4.125201561717531
1790096781055576576,31.464576416015653,4.842361790244565,-1.8154476088958578,-3.6977011868868574
1790096781065576448,31.474576416015655,6.976242619642468,-2.747485730834582,-3.5905271917286314
1790096781075576576,31.484576416015653,10.42520267366417,-3.3433870763907647,-4.206491556139581
1790096781085576448,31.494576416015654,11.409022560945926,-3.32556245480103,-5.712507116730087
1790096781095576576,31.504576416015652,7.943499050621933,-3.464627780615957,-6.924069074008201
1790096781105576448,31.514576416015654,6.273866164816936,-3.8247266517314698,-7.474897316543507
1790096781115576576,31.524576416015652,9.01151332213215,-4.247839700050053,-7.5979514563184205
1790096781125576448,31.534576416015653,10.69146662134349,-4.742610382645006,-7.5675527442620085
1790096781135576576,31.544576416015655,9.288244893867988,-5.072517777076655,-7.626807614773705
1790096781145576448,31.554576416015653,8.093192513150429,-4.890245191613563,-8.091970926220343
1790096781155576576,31.564576416015655,7.975674586490892,-4.767854239082816,-8.070749350925665
1790096781165576448,31.574576416015653,7.899030545728597,-4.896462609729108,-7.5972862667873
1790096781175576576,31.584576416015654,8.169470381351028,-5.210737477835946,-7.031954985513637
1790096781185576448,31.594576416015652,8.851958128751653,-5.528785783231829,-6.539683210801197
1790096781195576576,31.604576416015654,8.430871494546484,-5.693358494081021,-6.098801243158382
1790096781205576448,31.61457641601565,6.027863311858457,-5.858130457498465,-5.465137541659171
1790096781215576576,31.624576416015653,4.741357271606308,-5.820961496545272,-5.075384791565749
1790096781225576448,31.634576416015655,5.69644528589022,-5.642039664304423,-4.813365135204299
1790096781235576576,31.644576416015653,6.980515188775856,-5.183432897422034,-4.552155031803595
1790096781245576448,31.654576416015654,6.8349199929363085,-4.721050127353726,-4.34771593418018
1790096781255576576,31.664576416015652,6.301898178201771,-4.015024326639726,-4.67506346159134
1790096781265576448,31.674576416015654,5.637651783772612,-3.533466131629047,-4.7078967649044765
1790096781275576576,31.684576416015652,5.4572253154178805,-3.4384009250580263,-4.561516963471297
1790096781285576448,31.694576416015654,6.51398682896822,-3.4885374710492614,-4.470422458737805
1790096781295576576,31.704576416015655,8.261596051598993,-3.475844472378827,-4.79325185550588
1790096781305576448,31.714576416015653,9.138245019758198,-3.659619762654859,-5.668073425775738
1790096781315576576,31.724576416015655,8.77037802020916,-4.385394000047978,-6.823662474032586
1790096781325576448,31.734576416015653,8.248359969824547,-5.522656371339518,-8.171113744005421
1790096781335576576,31.744576416015654,8.214612466230964,-6.839339604708051,-8.859282917186542
1790096781345576448,31.754576416015652,8.53661095420245,-8.078667600906527,-8.393962524749433
1790096781355576576,31.764576416015654,9.032273271621328,-8.72822711348629,-7.283897665185895
1790096781365576448,31.774576416015655,9.139532920366923,-8.552043782051694,-5.649766612342411
1790096781375576576,31.784576416015653,8.328222682510784,-8.054996307656822,-4.847946147043505
1790096781385576448,31.794576416015655,7.670931958697142,-7.055475914724476,-5.071001890771187
1790096781395576576,31.804576416015653,7.782569538001783,-6.210939115376337,-4.95845931990693
1790096781405576448,31.814576416015655,8.158576885324472,-5.914728995753813,-4.871021276953026
1790096781415576576,31.824576416015653,8.285592852001729,-5.93765755746304,-5.198910981410278
1790096781425576448,31.834576416015654,8.09630422110119,-5.9626681664405,-5.334027332078274
1790096781435576576,31.844576416015652,7.756386896109986,-5.684854567937177,-5.223095429619417
1790096781445576448,31.854576416015654,7.29615524217077,-5.210882910740443,-4.86292125370347
1790096781455576576,31.864576416015655,6.709651650405472,-4.854096423625227,-4.3780940148122545
1790096781465576448,31.874576416015653,6.588373917423731,-4.49020553821334,-4.195249785360288
1790096781475576576,31.884576416015655,6.297064286305441,-4.268223678934713,-4.0950544617548355
1790096781485576448,31.894576416015653,5.484785288619218,-4.45694398487349,-3.8339732386753456
1790096781495576576,31.904576416015654,4.7931728302256005,-4.718175551257557,-3.661480744343984
1790096781505576448,31.914576416015652,4.813097773505948,-4.788624234038869,-3.729989234018789
1790096781515576576,31.924576416015654,5.154986864556869,-4.877054094536806,-4.06649582956202
1790096781525576448,31.934576416015652,5.659869951520407,-4.936893676945275,-4.463556456021787
1790096781535576576,31.944576416015654,6.5510139972233015,-5.022613102649947,-4.8041496031332125
1790096781545576448,31.954576416015655,7.412908254475925,-5.735340103021857,-5.216062160805405
1790096781555576576,31.964576416015653,8.107219016805523,-6.5824739960195044,-5.65561099315408
1790096781565576448,31.974576416015655,8.624781585436843,-6.868972958306962,-6.176929099527542
1790096781575576576,31.984576416015653,8.798244460805888,-6.658252901559426,-6.611858736886517
1790096781585576448,31.994576416015654,8.874032020001698,-6.456045481920838,-6.857087939031023
1790096781595576576,32.00457641601565,9.158501310858686,-6.53496397850867,-6.98457927245394
1790096781605576448,32.01457641601565,9.065181894757135,-6.913773976679098,-6.964814320567433
1790096781615576576,32.024576416015655,8.19574908688861,-7.194255864452121,-6.907311519052581
1790096781625576448,32.03457641601565,6.9742766701912196,-6.9419975290874545,-6.511566823434911
1790096781635576576,32.04457641601565,6.175126457050019,-6.11617708928392,-5.629895779160843
1790096781645576448,32.05457641601565,5.799253176540589,-5.114519272829743,-4.785241896611475
1790096781655576576,32.064576416015655,6.015717229978091,-4.581127552551836,-4.417026627480259
1790096781665576448,32.07457641601565,6.99142220404236,-4.671697102034005,-4.590757952765415
1790096781675576576,32.08457641601565,8.062416259720521,-5.300188234876986,-5.034633823856331
1790096781685576448,32.094576416015656,8.509335617112537,-5.941048181682341,-5.437135668918898
1790096781695576576,32.104576416015654,8.176126784744374,-6.054412961722514,-5.51061749601583
1790096781705576448,32.11457641601565,7.863564579000655,-5.445864023451148,-5.473646158308221
1790096781715576576,32.12457641601565,8.145302806462638,-4.320183871246842,-6.176184306885761
1790096781725576448,32.134576416015655,8.933468104990965,-3.6634109745367156,-7.108765785940528
1790096781735576576,32.14457641601565,9.356492117437968,-4.427307723424364,-7.194508034363215
1790096781745576448,32.15457641601565,9.91597515138605,-5.526704467218316,-6.921551590096576
1790096781755576576,32.16457641601565,10.075807679379661,-6.072660202980357,-6.5130888617385905
1790096781765576448,32.174576416015654,9.1671592704108,-5.660574274374435,-6.419469739642031
1790096781775576576,32.18457641601565,7.47301770046489,-4.974379383770184,-6.301358455944384
1790096781785576448,32.19457641601566,5.831205869182459,-4.494070185218572,-5.793901930469321
1790096781795576576,32.204576416015655,5.518546118068147,-3.9737014749551247,-5.462042366647098
1790096781805576448,32.21457641601565,6.532033475270529,-3.4465280712455084,-5.539021828340177
1790096781815576576,32.22457641601565,7.603626331058048,-3.354067823475163,-5.717714976039649
1790096781825576448,32.234576416015656,8.060999501557411,-3.6572401689596186,-5.56346053085034
1790096781835576576,32.244576416015654,8.075994990755978,-3.855797830472151,-5.20524135787256
1790096781845576448,32.25457641601565,7.966162296325171,-3.662855428325364,-5.157368998206952
1790096781855576576,32.26457641601566,7.820758729051021,-3.239335665325444,-5.329994492154941
1790096781865576448,32.274576416015655,7.842817900017905,-2.8660880971873737,-5.575793569549302
1790096781875576576,32.28457641601565,8.480249474754302,-2.6988885576269586,-5.751507697586434
1790096781885576448,32.29457641601565,9.475871879333747,-2.8047237273849897,-5.794498017181702
1790096781895576576,32.30457641601566,9.116552880968,-3.1201046724775616,-5.604325684258652
1790096781905576448,32.314576416015655,7.309672498914898,-3.6161415029434876,-5.426654023126222
1790096781915576576,32.32457641601565,5.838285564680501,-3.7466380672907453,-5.059053329810946
1790096781925576448,32.33457641601565,5.810827476409642,-3.1224473960611916,-4.553612938688147
1790096781935576576,32.344576416015656,6.851011518019816,-1.9461036291917302,-4.347348253988372
1790096781945576448,32.354576416015654,7.71516792449951,-1.3042448011225214,-4.0647470166946
1790096781955576576,32.36457641601565,8.2320573752531,-1.001070730834518,-3.9453647937778964
1790096781965576448,32.37457641601566,8.675487539257995,-0.4200339655716265,-4.109517776154087
1790096781975576576,32.384576416015655,8.650091374013252,-0.006043290565332815,-4.322906660876002
1790096781985576448,32.39457641601565,7.9735695883465425,-0.059025765909327926,-4.336871323326428
1790096781995576576,32.40457641601565,6.600792058212983,-0.5168202864502398,-4.157025313208875
1790096782005576448,32.414576416015656,5.1903948686763135,-1.205198155796392,-3.8423634557411166
1790096782015576576,32.424576416015654,5.0237392217353,-1.557276383358353,-3.389226431673189
1790096782025576448,32.43457641601565,5.885309943344437,-1.1408814939188203,-2.9291507295759325
1790096782035576576,32.44457641601566,7.114977242545826,-0.49287843939508724,-2.5080032675657793
1790096782045576448,32.454576416015655,7.411217804268444,0.21515993631206115,-2.248961905608365
1790096782055576576,32.46457641601565,7.3722261223757135,0.9967212827572993,-2.2717669241742033
1790096782065576448,32.47457641601565,7.210038491590289,1.5630935356741666,-2.4060685251004257
1790096782075576576,32.484576416015656,6.948132345820185,1.866618237781251,-2.547283576365235
1790096782085576448,32.494576416015654,6.491715932530798,1.7700509380936886,-2.6456589552576735
1790096782095576576,32.50457641601565,7.284054270697645,1.3079421925859516,-3.096458070573821
1790096782105576448,32.51457641601566,8.088015124355753,0.8317477493238022,-3.47895234871544
1790096782115576576,32.524576416015655,7.32171734377983,0.33080600358543066,-3.5268494286011243
1790096782125576448,32.53457641601565,6.003708695519765,0.0008185768133432622,-3.062132983697144
1790096782135576576,32.54457641601565,6.08235831542148,-0.13907117287758583,-2.3933357020613784
1790096782145576448,32.55457641601566,7.545691122497723,0.10386746987623266,-2.2817195459715682
1790096782155576576,32.564576416015655,8.212684642216173,0.2721034095301271,-2.40363106297025
1790096782165576448,32.57457641601565,7.549790944155767,0.47375136813321944,-2.7252713453658215
1790096782175576576,32.58457641601566,6.961448656068559,0.6138932871724814,-2.85852575302124
1790096782185576448,32.594576416015656,6.960019887403407,0.786045361370811,-3.3341761752857253
1790096782195576576,32.604576416015654,9.157145870876626,0.4807268797979091,-3.4710013955226002
1790096782205576448,32.61457641601565,9.379955157986148,0.19424229852900493,-4.075838452383681
1790096782215576576,32.62457641601566,7.7658397561367005,-0.11787145115454459,-4.101906061585825
1790096782225576448,32.634576416015655,6.772302781689829,-0.30305933973162547,-3.9602379736633817
1790096782235576576,32.64457641601565,7.429544146300751,-0.5123491610282387,-3.807718374012743
1790096782245576448,32.65457641601566,8.404313412746934,-0.5706520424356604,-4.310757953936859
1790096782255576576,32.664576416015656,7.74024857592005,-0.6302112717907332,-4.575836743747113
1790096782265576448,32.674576416015654,7.01624604307544,-0.8146969205400513,-4.450587193820782
1790096782275576576,32.68457641601565,7.895224678026964,-1.0358060566235554,-4.3804402168848515
1790096782285576448,32.69457641601566,9.084311498704672,-1.1756567697470561,-4.6858404561187
1790096782295576576,32.704576416015655,8.544581881098207,-1.3060954691247115,-4.907085866984661
1790096782305576448,32.71457641601565,7.160904588978771,-1.4079433977235383,-4.902808764861818
1790096782315576576,32.72457641601565,6.136082158040175,-1.31745044623636,-4.747605667030322
1790096782325576448,32.734576416015656,5.548713229462431,-1.1462422095410474,-4.590847569718438
1790096782335576576,32.744576416015654,5.5281459936971205,-1.0903458893013083,-4.212704593173328
1790096782345576448,32.75457641601565,6.642503244229141,-1.2446142191454945,-3.646732863145102
1790096782355576576,32.76457641601566,8.588935082849268,-1.2444989783442193,-3.4971579397783836
1790096782365576448,32.774576416015655,9.652385280569451,-0.8735774006442594,-3.9862704621509955
1790096782375576576,32.78457641601565,8.460588816322064,-0.5706891710979078,-4.620356177013988
1790096782385576448,32.79457641601565,7.0170716755735745,-1.1302004978758395,-4.599075220674348
1790096782395576576,32.80457641601566,7.958068472973323,-1.9395759934487344,-4.74189496716646
1790096782405576448,32.814576416015655,8.876353956896327,-2.8707798044668507,-5.116974161164755
1790096782415576576,32.82457641601565,8.438436009898544,-3.7131670491613677,-5.717220367658718
1790096782425576448,32.83457641601566,7.695629755345016,-3.9942091574199727,-6.562387260034116
1790096782435576576,32.844576416015656,7.29926912593581,-4.2150483117335655,-6.946773043088816
1790096782445576448,32.854576416015654,7.832188941708289,-4.383369068513414,-7.011869842178122
1790096782455576576,32.86457641601565,9.083278487891057,-4.452835606456743,-7.058962959498308
1790096782465576448,32.87457641601566,9.035912546335663,-4.512269606632415,-6.949999426134639
1790096782475576576,32.884576416015655,7.270372023612308,-4.637699055515917,-6.616141400144236
1790096782485576448,32.89457641601565,6.69465619519639,-4.923186660814348,-6.182246490663297
1790096782495576576,32.90457641601566,9.512437644388028,-5.1047569899037875,-6.1369309527869556
1790096782505576448,32.914576416015656,11.776947847115093,-5.0903924797243345,-6.19442935223239
1790096782515576576,32.924576416015654,8.798640842600006,-4.866420798611195,-6.69443640825688
1790096782525576448,32.93457641601565,4.932861531346891,-4.7078307901194,-7.077201590481003
1790096782535576576,32.94457641601566,5.107235099116917,-4.774874218929353,-6.51620505745647
1790096782545576448,32.954576416015655,5.959025859832764,-5.084042620296309,-4.858376058741937
1790096782555576576,32.96457641601565,5.957056461850724,-5.022438965097456,-3.5654068693681444
1790096782565576448,32.97457641601565,6.0481061958168425,-4.526364221582212,-3.1739977362833005
1790096782575576576,32.984576416015656,6.640925286336032,-3.5532486692966323,-3.505879795513283
1790096782585576448,32.994576416015654,6.780746561508684,-2.944000766205662,-3.606140956066889
1790096782595576576,33.00457641601565,6.946744406922748,-2.8126828787033116,-3.8513909266007826
1790096782605576448,33.01457641601566,7.839859311370349,-2.868023606112112,-4.400046175498841
1790096782615576576,33.024576416015655,9.173665482934231,-3.336980863630975,-5.212475836466489
1790096782625576448,33.03457641601565,9.523326181544409,-4.583195595677413,-6.395627696142888
1790096782635576576,33.04457641601565,9.005094939264518,-6.472966879320351,-7.774821144030981
1790096782645576448,33.05457641601566,8.978506765745044,-8.17425788352163,-8.850565887764917
1790096782655576576,33.064576416015655,8.971045097462012,-9.227221629905339,-8.66869245726534
1790096782665576448,33.07457641601565,8.175013353947373,-9.295561709444904,-7.366525559118967
1790096782675576576,33.08457641601566,7.580081938732363,-8.080232039472984,-6.036556632812559
1790096782685576448,33.094576416015656,6.896930653821543,-6.686625866363519,-5.183264159719188
1790096782695576576,33.104576416015654,6.086469929941323,-5.662340190722763,-4.621407043719576
1790096782705576448,33.11457641601565,5.79527360218662,-5.0599375819415675,-4.37216885621135
1790096782715576576,33.12457641601566,5.905780840392422,-4.85408217927716,-4.422147476965521
1790096782725576448,33.134576416015655,6.087667003082535,-4.950401954537899,-4.690973466301665
1790096782735576576,33.14457641601565,6.297191151633355,-5.36439563012361,-4.775607646821074
1790096782745576448,33.15457641601566,6.8973050411834596,-5.742799314494857,-4.867997555889948
1790096782755576576,33.164576416015656,7.623206324584263,-6.057174057909503,-4.901404667710671
1790096782765576448,33.174576416015654,7.6485769936405,-6.395924601326576,-4.665987802844557
1790096782775576576,33.18457641601565,7.21419941295171,-6.411957759085355,-4.249266073759333
1790096782785576448,33.19457641601566,6.716676042234143,-5.855112849592203,-4.0280903314435275
1790096782795576576,33.204576416015655,5.892245818514587,-5.299424113615923,-3.6127334495668104
1790096782805576448,33.21457641601565,5.545901879035832,-4.871263753367096,-3.4564171357356925
1790096782815576576,33.22457641601566,6.3660417375395495,-4.172558977469667,-4.109912635544533
1790096782825576448,33.234576416015656,6.415591715529317,-3.7302850155372256,-4.357677484829975
1790096782835576576,33.244576416015654,6.049907956272958,-3.9943973805136412,-4.6201236050552295
1790096782845576448,33.25457641601565,7.311158003093629,-4.702729075740715,-5.368918793406056
1790096782855576576,33.26457641601566,9.67270574672119,-5.597041756932006,-6.364182236356409
1790096782865576448,33.274576416015655,10.904339067497594,-6.90199483129744,-7.208249492104041
1790096782875576576,33.28457641601565,10.478590270428745,-8.493109638068269,-7.854258243732549
1790096782885576448,33.29457641601566,9.804219011776576,-9.029877624491476,-8.066811773823455
1790096782895576576,33.30457641601566,8.610944870927687,-7.206696174484717,-6.71254352355693
1790096782905576448,33.314576416015655,7.689683429502897,-6.074165271048319,-6.074985325216833
1790096782915576576,33.32457641601565,6.970749918075308,-5.613866317818188,-5.79580759682739
1790096782925576448,33.33457641601566,6.040486976261699,-5.570919433003167,-5.3013930550449855
1790096782935576576,33.344576416015656,5.625669136597198,-5.725723300380397,-4.899532029695245
1790096782945576448,33.354576416015654,6.048508981208034,-5.798516460327304,-4.69903031924078
1790096782955576576,33.36457641601565,7.235972683726277,-5.473590270100193,-4.9305397358665655
1790096782965576448,33.37457641601566,8.462147877123334,-5.153724178504679,-5.349371091242817
1790096782975576576,33.384576416015655,9.043888479399584,-5.115034620036387,-5.774707777678054
1790096782985576448,33.39457641601565,8.927547911715369,-5.251292930562764,-5.983064488797904
1790096782995576576,33.40457641601566,8.43465816072394,-5.115239946776085,-5.968838218264968
1790096783005576448,33.414576416015656,7.8340228591950964,-4.570279898286439,-6.000529349788069
1790096783015576576,33.424576416015654,7.2046864952989695,-4.241714978471544,-5.761887954175539
1790096783025576448,33.43457641601565,6.8111845688415835,-3.99073649112603,-5.480754656434766
1790096783035576576,33.44457641601566,6.516057612097232,-3.9092965143721745,-5.1550915208058745
1790096783045576448,33.454576416015655,6.2779769135581756,-4.262574860771182,-5.030990880827497
1790096783055576576,33.46457641601565,6.235965814383396,-4.726143400045235,-5.017182894409798
1790096783065576448,33.47457641601566,6.402979497828273,-5.076180518418746,-5.0965320473343665
1790096783075576576,33.484576416015656,7.042768643072837,-4.978536170360016,-5.532422035319476
1790096783085576448,33.494576416015654,7.945643043597022,-4.716620167959257,-5.816739770724189
1790096783095576576,33.50457641601565,8.714333667157723,-4.518860633279834,-5.961171038226774
1790096783105576448,33.51457641601566,9.515221262494896,-4.312820855976486,-6.3280684756302215
1790096783115576576,33.524576416015655,10.107867847287352,-4.1102887029153905,-6.96269591736852
1790096783125576448,33.53457641601565,9.605636252486681,-4.18688756164562,-7.502832228114479
1790096783135576576,33.54457641601566,8.16049524105071,-4.370683603747449,-7.467360825918029
1790096783145576448,33.55457641601566,7.241201492249265,-4.048180726963239,-7.289632552795076
1790096783155576576,33.564576416015655,7.2673411148751015,-3.428702598010469,-6.951740417740258
1790096783165576448,33.57457641601565,8.09548991563454,-3.0081334384037297,-6.464420194656556
1790096783175576576,33.58457641601566,9.704066334653483,-2.968595504760742,-5.947851191267394
1790096783185576448,33.594576416015656,11.248034112504143,-3.116099147671038,-6.010815275791837
1790096783195576576,33.604576416015654,10.822080958777127,-3.3268235266106307,-6.223795282485086
1790096783205576448,33.61457641601565,7.961363591192698,-3.863397168348523,-6.046023369619192
1790096783215576576,33.62457641601566,5.31893007471873,-4.064621387484328,-5.578431779715993
1790096783225576448,33.634576416015655,4.65360279324876,-3.5221012987606395,-5.2747009522386445
1790096783235576576,33.64457641601565,5.2558865469779725,-2.7045745663955185,-4.878721690938326
1790096783245576448,33.65457641601566,6.015158589140491,-2.3313734795871026,-4.158669879877688
1790096783255576576,33.664576416015656,6.809844695508721,-2.1427618289437387,-3.6388732648041766
1790096783265576448,33.674576416015654,7.453640910432699,-1.8047827911773258,-3.317399595920329
1790096783275576576,33.68457641601565,7.7005060813359165,-1.1636251848462482,-3.015738645135657
1790096783285576448,33.69457641601566,7.863745488423234,-0.04664298937037259,-2.8303610808967257
1790096783295576576,33.704576416015655,8.30145149996588,1.1273848531002666,-2.92158984508339
1790096783305576448,33.71457641601565,9.394495553570748,1.917831986915313,-3.0696745391062557
1790096783315576576,33.72457641601566,9.679509199903212,1.2177864631607038,-3.464595712042963
1790096783325576448,33.734576416015656,8.499919382062025,-0.8669400160743664,-4.097608938504693
1790096783335576576,33.744576416015654,5.783640467149517,-2.8055482376438725,-4.344202919233631
1790096783345576448,33.75457641601565,3.5720986852405447,-3.2004680870120845,-3.835811187793854
1790096783355576576,33.76457641601566,2.291312093862052,-2.5209042815013496,-2.8581623682777506
1790096783365576448,33.774576416015655,3.113145399511896,-1.4029658079587488,-1.7079824393839709
1790096783375576576,33.78457641601565,6.40877682675492,0.09219465133515248,-1.4839949284571672
1790096783385576448,33.79457641601566,10.633305112562669,0.7740165640175602,-1.5418872287397445
1790096783395576576,33.80457641601566,11.967594336672619,1.2150636471174776,-1.8682260998075946
1790096783405576448,33.814576416015655,11.189865298765,1.6915181201549951,-2.792292614163528
1790096783415576576,33.82457641601565,8.363032885848654,1.6337727667544248,-4.2279710025993245
1790096783425576448,33.83457641601566,5.65179170128337,0.7586448865021664,-5.2169066036045235
1790096783435576576,33.844576416015656,4.910885786956374,-0.45122386643767987,-4.7600277205024515
1790096783445576448,33.854576416015654,5.32058893258535,-1.2752600408931283,-3.4553336241360766
1790096783455576576,33.86457641601566,6.409449579097934,-1.3773003511442445,-2.6814257084653472
1790096783465576448,33.87457641601566,6.91785701680889,-1.0436758270707458,-1.8242220015393307
1790096783475576576,33.884576416015655,6.7609551384545306,-0.31014991897310173,-1.6582976597904995
1790096783485576448,33.89457641601565,6.504350336824301,0.4713371350495769,-1.8131294008223706
1790096783495576576,33.90457641601566,6.772268351619897,0.9802228213155244,-2.15723546787626
1790096783505576448,33.914576416015656,8.255829992948724,1.1840765228245433,-2.5052057626117805
1790096783515576576,33.924576416015654,9.22594539076343,1.2783448000458195,-3.298719217528727
1790096783525576448,33.93457641601566,8.79528902526703,1.2420939443675925,-3.984551899467829
1790096783535576576,33.94457641601566,5.484429473873709,0.7736824815421626,-3.669958214925272
1790096783545576448,33.954576416015655,4.805130828867799,0.43031920120380174,-3.047204331036127
1790096783555576576,33.96457641601565,6.465460129274137,0.05347227456961127,-2.9499192976638544
1790096783565576448,33.97457641601566,7.790374155112163,-0.2540242809075864,-2.8065068256330656
1790096783575576576,33.984576416015656,8.951243710074012,-0.0786957946087215,-2.6045025500498675
1790096783585576448,33.994576416015654,10.352649841157099,0.28169115759512003,-2.70230966102791
1790096783595576576,34.00457641601565,11.06368056477142,0.7831067257469957,-3.923864801364167
1790096783605576448,34.01457641601566,9.236535476601993,1.0666013177790339,-5.7094262402614735
1790096783615576576,34.024576416015655,7.625931943095175,0.5063118729242493,-6.099405389323273
1790096783625576448,34.03457641601565,8.624039300755902,-0.21567155022226847,-6.196476170156739
1790096783635576576,34.04457641601566,9.744219448790412,-0.992094633890112,-6.610854834396441
1790096783645576448,34.05457641601566,8.623641143807797,-1.862111987511394,-6.779111340299023
1790096783655576576,34.064576416015655,6.846787199865201,-2.66369059054575,-6.489045056113632
1790096783665576448,34.07457641601565,6.192096524418937,-3.1164883867305613,-5.947888555486886
1790096783675576576,34.08457641601566,5.597671206991255,-3.279819402384635,-5.305735679466962
1790096783685576448,34.094576416015656,4.97329786166037,-3.3051168873548633,-4.562481114320491
1790096783695576576,34.104576416015654,5.424500152543513,-3.59327654553833,-3.728729365772167
1790096783705576448,34.11457641601566,8.048159794321148,-3.697880322100144,-3.4458990448781726
1790096783715576576,34.12457641601566,10.555512167094578,-3.1687203851134997,-3.9390148036013035
1790096783725576448,34.134576416015655,9.145390444233112,-2.319635304370843,-4.473385625393612
1790096783735576576,34.14457641601565,6.27207112953012,-1.8865430868773665,-4.64488914165937
1790096783745576448,34.15457641601566,5.96603133699254,-1.9425035098741834,-4.739015735533755
1790096783755576576,34.164576416015656,7.127059186572105,-2.3035850440303562,-4.877654689841113
1790096783765576448,34.174576416015654,7.627855191113342,-2.630010711750575,-5.0310224360249345
1790096783775576576,34.18457641601566,7.325140339580545,-2.7018205865515528,-5.506706392823292
1790096783785576448,34.19457641601566,7.055132410436699,-2.8015659486945896,-6.01823235932699
1790096783795576576,34.204576416015655,7.595720503110491,-3.1231767520231033,-6.2262046758464775
1790096783805576448,34.21457641601565,8.660855769570768,-3.552166107766956,-6.377735551786725
1790096783815576576,34.22457641601566,9.385560724680754,-4.186877704044381,-6.593627561500479
1790096783825576448,34.234576416015656,9.14858422274399,-4.858241239568053,-6.940756853630838
1790096783835576576,34.244576416015654,8.382064572251014,-5.449983327453345,-7.2308884172997105
1790096783845576448,34.25457641601565,8.694423402604563,-6.059031001906762,-7.3900188388171495
1790096783855576576,34.26457641601566,9.964544082667485,-6.499126211773139,-7.332236658040083
1790096783865576448,34.274576416015655,10.31592867675099,-6.656607081510791,-7.5152445709816424
1790096783875576576,34.28457641601565,8.084234102005224,-6.554690202809521,-7.576200322321785
1790096783885576448,34.29457641601566,5.956920040155861,-6.354824739721783,-6.735366990539409
1790096783895576576,34.30457641601566,5.886129461459058,-6.292327006105373,-5.494282950884138
1790096783905576448,34.314576416015655,7.234890578318878,-6.048676952910133,-4.586389006094784
1790096783915576576,34.32457641601565,7.986591766200001,-5.814312097828268,-4.252248432692915
1790096783925576448,34.33457641601566,7.701641110352572,-5.45141196254471,-4.462834783279354
1790096783935576576,34.344576416015656,6.843020719852744,-5.040879647561756,-4.832649168549927
1790096783945576448,34.354576416015654,6.494113303405824,-4.6587488998638005,-5.257688029421888
1790096783955576576,34.36457641601566,6.735726984912732,-4.424406550605006,-5.616417081338255
1790096783965576448,34.37457641601566,6.867146627170944,-4.401154596974619,-5.694573890505703
1790096783975576576,34.384576416015655,6.883580189644449,-4.467693240129993,-5.647476087602444
1790096783985576448,34.39457641601565,6.618250456593265,-4.585972478371738,-5.649342815714316
1790096783995576576,34.40457641601566,6.389641491403874,-4.631624925479068,-5.7446402447461
1790096784005576448,34.414576416015656,6.57450836148507,-4.60576311404697,-5.739800670558907
1790096784015576576,34.424576416015654,6.949055132015378,-4.548892492285437,-5.7529082932613
1790096784025576448,34.43457641601566,7.331890237902758,-4.657590311404197,-5.755409496069151
1790096784035576576,34.44457641601566,7.985209220330633,-5.00827083329937,-5.9800118306773955
1790096784045576448,34.454576416015655,8.840119199319766,-5.600424793924382,-6.270666658224839
1790096784055576576,34.46457641601565,9.74856915261226,-6.4257486690365475,-6.686627793501198
1790096784065576448,34.47457641601566,10.273084838929153,-7.320386166082292,-7.029374023665133
1790096784075576576,34.484576416015656,9.82728468655481,-7.8739010581804605,-6.852458416193534
1790096784085576448,34.494576416015654,8.94995658664908,-7.668480019623418,-6.576624341032185
1790096784095576576,34.50457641601566,8.392852725944191,-6.980562228569656,-6.120795434308363
1790096784105576448,34.51457641601566,8.454302244586152,-6.169963881931013,-5.521621970164773
1790096784115576576,34.524576416015655,8.257510745903536,-5.420010067591021,-5.081629403243273
1790096784125576448,34.53457641601565,7.513539737848714,-5.078515495321789,-5.075671921219587
1790096784135576576,34.54457641601566,7.075668561929474,-5.471713309758585,-5.8147070523256605
1790096784145576448,34.55457641601566,7.720009411379866,-6.513171521837097,-6.652027724002211
1790096784155576576,34.564576416015655,9.251790600889073,-8.017062018385694,-7.268903347677459
1790096784165576448,34.57457641601566,10.131394433325793,-9.95754167365402,-7.312783550929433
1790096784175576576,34.58457641601566,10.054439587361385,-11.434966078650966,-6.599338232900305
1790096784185576448,34.594576416015656,9.525464142351733,-10.61922697003094,-5.589585106333251
1790096784195576576,34.604576416015654,8.6000281561305,-8.862038033443529,-5.130205310667383
1790096784205576448,34.61457641601566,7.046743678056263,-6.75967110939307,-4.862401128517985
1790096784215576576,34.62457641601566,5.670654712499308,-5.1896019503104664,-4.452583876822622
1790096784225576448,34.634576416015655,4.943360871131786,-4.336579188273717,-4.021242468605683
1790096784235576576,34.64457641601565,4.740797270198884,-4.145974349170962,-3.6384523637513704
1790096784245576448,34.65457641601566,4.936274683972562,-4.442995057036663,-3.1864372614495364
1790096784255576576,34.664576416015656,6.029873792646715,-4.641808091607426,-3.1221127479510904
1790096784265576448,34.674576416015654,7.459659394220945,-4.475097993523097,-3.50377258262083
1790096784275576576,34.68457641601566,8.1616423551898,-4.233487594413207,-3.9354313329435584
1790096784285576448,34.69457641601566,8.21313139339317,-3.9391166058043137,-4.338932368037219
1790096784295576576,34.704576416015655,7.739744186596919,-3.462354107174516,-4.908733502709092
1790096784305576448,34.71457641601565,7.306794431887953,-2.826229187399855,-5.8528660083228745
1790096784315576576,34.72457641601566,6.8938869066456725,-2.17885654959475,-6.489303478601614
1790096784325576448,34.734576416015656,5.972385083049853,-1.6978322091890548,-6.47674901958192
1790096784335576576,34.744576416015654,4.58667972430316,-1.5385172895827408,-5.4099461247519365
1790096784345576448,34.75457641601566,4.236145032516603,-1.3867718906400963,-4.527805553784835
1790096784355576576,34.76457641601566,5.7388571303010325,-1.220867408281743,-5.352724938677822
1790096784365576448,34.774576416015655,8.767218768652105,-1.9325329044516049,-7.664272627763369
1790096784375576576,34.78457641601565,11.950398783579878,-3.091958371333572,-9.766647440470512
1790096784385576448,34.79457641601566,14.369887259882871,-5.030381807992285,-10.903141322420518
1790096784395576576,34.80457641601566,15.59298203077913,-8.066396960040144,-11.31994441313692
1790096784405576448,34.814576416015655,15.495708608791709,-10.43829621673177,-11.788967139732122
1790096784415576576,34.82457641601566,13.469940757044055,-10.549692902845038,-11.330702689039942
1790096784425576448,34.83457641601566,10.457945028050535,-8.962810057348152,-9.906537904064301
1790096784435576576,34.844576416015656,8.420999144266283,-6.9135704486349585,-8.556972783639656
1790096784445576448,34.854576416015654,7.245230896819325,-5.153712370445427,-7.427007450717993
1790096784455576576,34.86457641601566,6.363138308342087,-4.100559746802418,-6.301165285098598
1790096784465576448,34.87457641601566,5.851046579064709,-3.729082043331895,-5.199913289822271
1790096784475576576,34.884576416015655,5.486858545848146,-3.7569119108554676,-4.4856393239102745
1790096784485576448,34.89457641601565,5.150215341201111,-3.8002957758559006,-3.6072200945820287
1790096784495576576,34.90457641601566,4.965409176691509,-3.596664408084485,-2.933822507054545
1790096784505576448,34.914576416015656,4.652142222001648,-3.2992232524024443,-2.324911376034028
1790096784515576576,34.924576416015654,4.372487519410558,-3.1000779886455625,-1.8782864452504768
1790096784525576448,34.93457641601566,4.18281923248486,-2.6305605578076685,-1.6634817802875685
1790096784535576576,34.94457641601566,3.619288493585788,-2.2280584596955264,-1.265365689080276
1790096784545576448,34.954576416015655,2.765898774034643,-1.954212652540151,-0.7299256710026578
1790096784555576576,34.96457641601565,2.0290813511583634,-1.7924120192427617,-0.30801535360792465
1790096784565576448,34.97457641601566,1.7567058166292513,-1.3736408491843928,-0.1676142059660327
1790096784575576576,34.984576416015656,2.334111424301681,-0.4630704248242053,-0.7616313788095027
1790096784585576448,34.994576416015654,3.8397540918555526,0.6632549982146271,-2.1885864423649743
1790096784595576576,35.00457641601566,5.407835461026888,1.2557726356341665,-3.732685393826418
1790096784605576448,35.01457641601566,6.396611468648641,0.7290913729996342,-4.751599108308639
1790096784615576576,35.024576416015655,7.67555585809121,-0.47800509559805004,-5.628110791658534
1790096784625576448,35.03457641601565,8.57241036128344,-1.705479531637709,-6.275972967222523
1790096784635576576,35.04457641601566,8.603281548850765,-2.2209244882564643,-6.531746995258488
1790096784645576448,35.05457641601566,8.678221079341899,-2.0412373419019136,-6.348525919199418
1790096784655576576,35.064576416015655,9.247573101166324,-1.187321705472075,-5.466980750897224
1790096784665576448,35.07457641601566,10.376599609461085,0.9298653293854895,-3.948893879336305
1790096784675576576,35.08457641601566,9.723631982030696,3.88168188192045,-2.64151059936371
1790096784685576448,35.094576416015656,8.140618037990375,4.984092776696363,-2.408031299010834
1790096784695576576,35.104576416015654,8.426524002496777,3.630277263501057,-3.8384506266765737
1790096784705576448,35.11457641601566,9.160126455583208,2.098713866725683,-4.75774055396033
1790096784715576576,35.12457641601566,9.206201150539343,1.5997108693103568,-5.478509495336094
1790096784725576448,35.134576416015655,8.208587095366632,0.7978157136237659,-5.906047239053095
1790096784735576576,35.14457641601566,7.434416688136867,0.04525414979566843,-5.559020274314889
1790096784745576448,35.15457641601566,8.196390571782048,-0.010294771642372927,-5.154106797064009
1790096784755576576,35.164576416015656,9.366125482202792,0.026757309576704413,-4.841915681086021
1790096784765576448,35.174576416015654,9.707174296107627,-0.24186039974969448,-4.539576532345765
1790096784775576576,35.18457641601566,8.49125482815099,-0.5972570082682844,-4.183637902387112
1790096784785576448,35.19457641601566,6.455700485718321,-0.8296481562738476,-3.4273361416988477
1790096784795576576,35.204576416015655,5.195016562936104,-0.6728938046511789,-2.319348420093747
1790096784805576448,35.21457641601566,5.171744777227949,-0.2695038606764226,-1.0712770031686263
1790096784815576576,35.22457641601566,5.719380645988004,0.12339816163281073,-0.029536913919176566
1790096784825576448,35.234576416015656,6.900630302921157,0.35978280364503246,0.38566478633269996
1790096784835576576,35.244576416015654,7.375849624075213,0.34981483349336523,0.36192620040228635
1790096784845576448,35.25457641601566,7.011866141294184,0.5949758475655594,0.20379817379860127
1790096784855576576,35.26457641601566,6.908067391237165,0.997747203655085,-0.8359169489076957
1790096784865576448,35.274576416015655,6.4791849416362695,0.9638007289606313,-1.5248526379633616
1790096784875576576,35.28457641601565,6.566099363299509,0.5481964147415295,-1.7453245564533755
1790096784885576448,35.29457641601566,7.735412590374052,0.1710742659048467,-2.0239646959170297
1790096784895576576,35.30457641601566,8.63768782143345,0.1073646522500242,-2.7139773028970695
1790096784905576448,35.314576416015655,7.981992616247972,0.09955994293804757,-3.424259818957165
1790096784915576576,35.32457641601566,6.155388873348635,-0.08344726384184815,-3.8213231805401713
1790096784925576448,35.33457641601566,4.864924417308919,-0.5027684415202974,-3.8292414951539144
1790096784935576576,35.344576416015656,5.336175238533624,-0.9883781069455633,-3.7943727098572912
1790096784945576448,35.354576416015654,6.504272379016594,-1.5812034692269155,-3.7987922415864745
1790096784955576576,35.36457641601566,7.6277303785631805,-2.1531706032340305,-3.959779092770423
1790096784965576448,35.37457641601566,8.429927365050226,-2.328706870858668,-4.469975546345777
1790096784975576576,35.384576416015655,8.37641663554712,-2.1182876181047856,-5.203550977749838
1790096784985576448,35.39457641601566,7.559134319621117,-1.8760325271554719,-5.860113079413474
1790096784995576576,35.40457641601566,7.05287026667237,-2.1219969148606137,-6.240234260426334
1790096785005576448,35.414576416015656,8.477417564203863,-2.5957429734486706,-6.573530889465631
1790096785015576576,35.424576416015654,9.948760727334234,-3.2086195205820607,-7.168863138520337
1790096785025576448,35.43457641601566,10.113115644423754,-3.572342458071681,-7.849921563620597
1790096785035576576,35.44457641601566,9.190008411647895,-3.5378281017875652,-8.396182834583946
1790096785045576448,35.454576416015655,7.982299916385619,-3.5647556117553627,-8.38197106648944
1790096785055576576,35.46457641601566,7.751359166034019,-3.823473883267666,-7.866145787011419
1790096785065576448,35.47457641601566,8.320637996799288,-4.127014449542613,-7.427021270122968
1790096785075576576,35.484576416015656,8.248470789023965,-4.396167257973879,-6.903403145642371
1790096785085576448,35.494576416015654,7.568294825923533,-4.464743241178725,-6.5057839816682845
1790096785095576576,35.50457641601566,7.5386648092390045,-4.357786737473089,-6.293633861429575
1790096785105576448,35.51457641601566,7.996389050917379,-4.095995675432672,-6.049496082825172
1790096785115576576,35.524576416015655,7.674107769333238,-3.75471962678763,-5.677998457394192
1790096785125576448,35.53457641601565,6.705123991453531,-3.5312173162512006,-5.1090060346907356
1790096785135576576,35.54457641601566,6.793688009574433,-3.2540416677558768,-4.71395416632692
1790096785145576448,35.55457641601566,8.1339228344342,-2.900047644337695,-4.669789233723317
1790096785155576576,35.564576416015655,8.425839800418824,-2.776192459495977,-4.596216139471173
1790096785165576448,35.57457641601566,7.328248101982412,-2.8984853576355194,-4.785251049470981
1790096785175576576,35.58457641601566,6.990216739291387,-2.9829902516944378,-5.528203956971019
1790096785185576448,35.594576416015656,7.432032769202707,-3.303965405462737,-6.002734065553351
1790096785195576576,35.604576416015654,7.349788003079386,-3.767524006799858,-6.058261754944421
1790096785205576448,35.61457641601566,7.399757151283257,-4.143726067478871,-6.1951960728874615
1790096785215576576,35.62457641601566,8.255741420153578,-4.3313083748479,-6.456549159235251
1790096785225576448,35.634576416015655,8.924103476531803,-4.460007767259177,-6.628286045585907
1790096785235576576,35.64457641601566,8.48057836367818,-4.740222072202431,-6.891871042104812
1790096785245576448,35.65457641601566,7.897488657905281,-5.134136273622672,-7.443681286434865
1790096785255576576,35.664576416015656,7.895940672818144,-5.509378074118758,-7.607262024321828
1790096785265576448,35.674576416015654,7.925660159817127,-5.991904596880263,-7.457557453179385
1790096785275576576,35.68457641601566,7.843809593084467,-6.314700789421667,-6.8824569813083025
1790096785285576448,35.69457641601566,7.641698689359426,-6.121175063255365,-6.382287589856348
1790096785295576576,35.704576416015655,6.951960839748641,-6.051320091028249,-5.8489553428134355
1790096785305576448,35.71457641601566,6.558789388336063,-5.887501738818566,-5.458523141756039
1790096785315576576,35.72457641601566,6.69449479184056,-5.59563476553718,-5.2441862370769865
1790096785325576448,35.734576416015656,6.867902973207768,-5.5373515194480865,-4.93108928548515
1790096785335576576,35.744576416015654,6.878905044611712,-5.784112606127514,-4.514396866544941
1790096785345576448,35.75457641601566,6.966478413311308,-6.227642140309901,-4.237916030563952
1790096785355576576,35.76457641601566,7.391071921185605,-6.468810526013804,-4.333999041678653
1790096785365576448,35.774576416015655,7.842879013461581,-6.410668584378354,-4.754922984663417
1790096785375576576,35.78457641601566,7.440664794662127,-6.308273964314543,-4.8811938646778925
1790096785385576448,35.79457641601566,6.843554395734194,-5.918487629007551,-4.854947760102071
1790096785395576576,35.80457641601566,6.7827844546388745,-4.960613845376817,-4.862368484208994
1790096785405576448,35.814576416015655,6.217022744791026,-4.2253582940521595,-4.44659278587208
1790096785415576576,35.82457641601566,5.9457673490263305,-4.13002208728629,-4.362904232908363
1790096785425576448,35.83457641601566,6.789421731680034,-4.272979069421416,-4.82319123373203
1790096785435576576,35.844576416015656,7.310901515068321,-4.6411423029114385,-4.998212697039376
1790096785445576448,35.85457641601566,7.223666151059935,-5.525646136308418,-5.076214411547656
1790096785455576576,35.86457641601566,7.289726241145547,-6.636874954782055,-5.147734491226271
1790096785465576448,35.87457641601566,7.469579290415213,-7.261611100232157,-5.114636009874589
1790096785475576576,35.884576416015655,7.4529530760962,-6.9496431489111945,-5.045903612592218
1790096785485576448,35.89457641601566,7.1514003984112415,-6.217899216211859,-4.980919882271745
1790096785495576576,35.90457641601566,6.707704916961757,-5.32221185375015,-4.995479072175184
1790096785505576448,35.914576416015656,5.968505045045421,-4.871825550363049,-4.879661213485453
1790096785515576576,35.924576416015654,5.562689871494284,-4.7975811742054235,-4.683271328212146
1790096785525576448,35.93457641601566,5.839729884659818,-5.27860506519966,-4.848116575670813
1790096785535576576,35.94457641601566,6.558551374190961,-5.738780216049761,-5.566784635919941
1790096785545576448,35.954576416015655,7.532805792654914,-5.8057513728852745,-6.6428607570417215
1790096785555576576,35.96457641601566,8.397431322451707,-6.0812560925950425,-7.099770475366899
1790096785565576448,35.97457641601566,9.223245490289838,-6.576792514467305,-7.340342597738209
1790096785575576576,35.984576416015656,9.837500381229042,-7.326251853816547,-7.574573448893412
1790096785585576448,35.994576416015654,9.571107899828451,-7.582277407543284,-7.58132769587447
1790096785595576576,36.00457641601566,8.680567541592403,-6.869642038583925,-7.089409003377045
1790096785605576448,36.01457641601566,7.689492433468098,-5.757324279359083,-6.3774161654485395
1790096785615576576,36.024576416015655,6.3812175219393605,-5.173393711913866,-5.429493446815093
1790096785625576448,36.03457641601566,5.402777960464832,-4.96839123251353,-4.599955264412601
1790096785635576576,36.04457641601566,5.711637328215525,-4.715589836298646,-4.559606333216002
1790096785645576448,36.05457641601566,6.565078305586268,-4.758613021772634,-5.158703573868072
1790096785655576576,36.064576416015655,7.51799551156755,-5.185268297259773,-5.802891673291696
1790096785665576448,36.07457641601566,8.303312110481754,-5.664072499497689,-6.216421278704982
1790096785675576576,36.08457641601566,8.67764060199841,-5.771136450789301,-6.520576435484571
1790096785685576448,36.094576416015656,8.331490054964275,-5.419685004099705,-6.830973819023481
1790096785695576576,36.10457641601566,7.274121170853045,-5.103857746669103,-6.935228674429595
1790096785705576448,36.11457641601566,5.805558568251586,-4.972596343601937,-6.42746506337677
1790096785715576576,36.12457641601566,4.504085174430525,-4.888697287805416,-5.261476045279519
1790096785725576448,36.134576416015655,4.12004447926461,-4.538449787926931,-4.240974172083062
1790096785735576576,36.14457641601566,4.995297519613905,-3.9110322093549685,-3.822925362461384
1790096785745576448,36.15457641601566,6.565755691096126,-3.5743398861891857,-3.631699963174437
1790096785755576576,36.164576416015656,8.257154317395136,-3.59568012326404,-3.7914960765465975
1790096785765576448,36.174576416015654,9.81971932702942,-3.5520096410060464,-4.899211803146309
1790096785775576576,36.18457641601566,10.872562797191966,-3.5827231416740872,-6.464088139832125
1790096785785576448,36.19457641601566,10.785684743066701,-3.773017776306977,-8.127139586217364
1790096785795576576,36.204576416015655,9.576354443327144,-4.134998937818797,-9.660647671567542
1790096785805576448,36.21457641601566,8.072850348091434,-4.579207874462506,-10.036370880516483
1790096785815576576,36.22457641601566,8.01012015906567,-4.652832890982319,-8.898964789111453
1790096785825576448,36.234576416015656,8.612468668843864,-4.1985393268112166,-7.257769368819669
1790096785835576576,36.244576416015654,8.773104050618263,-3.2299895898045983,-6.774614648084327
1790096785845576448,36.25457641601566,7.99910265118453,-3.255616726420936,-6.070879488726933
1790096785855576576,36.26457641601566,7.580113930964944,-3.174603856478123,-5.84226423464857
1790096785865576448,36.274576416015655,7.548672510396864,-2.8456334197669286,-5.809630098150458
1790096785875576576,36.28457641601566,7.469162391148525,-2.684729358701598,-6.108152909233774
1790096785885576448,36.29457641601566,7.497060384721211,-2.766340476839742,-6.365181246612042
1790096785895576576,36.30457641601566,7.882640539793893,-2.7107037411707045,-6.496973727169
1790096785905576448,36.314576416015655,7.80877185946521,-2.9525293445509253,-5.93573041912566
1790096785915576576,36.32457641601566,6.807225411607173,-3.3821868440583596,-4.892148766722257
1790096785925576448,36.33457641601566,5.796981613563059,-3.437825648160567,-3.9693096931447047
1790096785935576576,36.344576416015656,5.783515906463614,-2.7282641468253948,-3.2272531264439372
1790096785945576448,36.35457641601566,7.024182214668063,-1.26619034263197,-3.094348358927348
1790096785955576576,36.36457641601566,7.593189326600182,-0.3029519515840785,-3.095309767932225
1790096785965576448,36.37457641601566,7.629182117871073,-0.050455660008551825,-3.2757704161883936
1790096785975576576,36.384576416015655,8.277165886469307,0.29024071295032816,-3.9150029349733786
1790096785985576448,36.39457641601566,7.197091048166361,0.4524950365692688,-3.97178085904823
1790096785995576576,36.40457641601566,5.29246759918229,0.20773949858471646,-3.5198763781077504
1790096786005576448,36.414576416015656,4.4197774462539,-0.10414626372599976,-2.8095993655494067
1790096786015576576,36.42457641601566,4.979022446525095,-0.2048927285222164,-2.1937893182231627
1790096786025576448,36.43457641601566,6.659601309755224,-0.4000408030466381,-2.4135430660509694
1790096786035576576,36.44457641601566,7.488845506130498,-0.4525425732135772,-2.7597962899213044
1790096786045576448,36.454576416015655,7.221515781866573,-0.4577871127714128,-2.9371830361618505
1790096786055576576,36.46457641601566,6.849337790944788,-0.34030445820944843,-2.7743450243638232
1790096786065576448,36.47457641601566,7.315416216960719,0.009627510607247897,-2.7230548178100182
1790096786075576576,36.484576416015656,8.065417966210713,0.22089983912764793,-2.8285272489549076
1790096786085576448,36.49457641601566,8.169852495741708,-0.020119249874949507,-2.853918967875448
1790096786095576576,36.50457641601566,7.044194777309373,-0.3792084038573492,-2.73367499713545
1790096786105576448,36.51457641601566,6.166692114216756,-0.3604079081693583,-2.5229275951616783
1790096786115576576,36.524576416015655,7.3922245599668654,0.0170318363696505,-2.726495188915896
1790096786125576448,36.53457641601566,8.736084058481982,0.1297678484687532,-3.2637970496531032
1790096786135576576,36.54457641601566,8.236876384378913,0.4162738515336094,-3.3511260444575712
1790096786145576448,36.55457641601566,6.015468158213157,0.20016876911575734,-3.0086747441990376
1790096786155576576,36.564576416015655,6.127412173075165,0.60750236095479,-2.587109578129562
1790096786165576448,36.57457641601566,9.027366791121326,0.8750320272390127,-3.0130910598151717
1790096786175576576,36.58457641601566,10.647622088890648,0.9627048578964026,-4.3313566323311
1790096786185576448,36.594576416015656,8.486865373628103,0.1961764309051097,-4.837381586010578
1790096786195576576,36.60457641601566,6.493822809210417,-0.13571507141044128,-4.4573884033167
1790096786205576448,36.61457641601566,6.592543315608937,-0.06633083819533823,-4.5357949969827835
1790096786215576576,36.62457641601566,7.365876003917444,-0.1087113852600512,-4.519369238155476
1790096786225576448,36.634576416015655,8.04712049844014,-0.1664061329986149,-4.239411620871452
1790096786235576576,36.64457641601566,8.468887682045427,-0.26459630778024146,-3.9447188944473166
1790096786245576448,36.65457641601566,7.800301010097733,-0.3400799036026001,-3.802844430842544
1790096786255576576,36.664576416015656,7.210426159454409,-0.2750824366816204,-3.698113295977703
1790096786265576448,36.67457641601566,7.9535935479572935,-0.06870870688261035,-3.7400953457198085
1790096786275576576,36.68457641601566,8.515377788094282,0.1473305206961576,-4.061222813496927
1790096786285576448,36.69457641601566,6.1400661978220725,0.10824795329721439,-4.521422902950748
1790096786295576576,36.704576416015655,4.990675835282244,-0.3005484388229002,-4.22241261399912
1790096786305576448,36.71457641601566,6.587932429644784,-0.8588550513492479,-3.597813598867978
1790096786315576576,36.72457641601566,9.392593229854413,-1.0615451237901725,-3.532017132198382
1790096786325576448,36.734576416015656,9.481806621937945,-0.9115796518613871,-4.102822862535386
1790096786335576576,36.74457641601566,6.921767257978629,-0.7865484229009713,-4.622417596674961
1790096786345576448,36.75457641601566,6.020573883796832,-0.9246640790825152,-4.773226412706417
1790096786355576576,36.76457641601566,7.349562518096673,-1.4160144295006711,-4.7007011568908235
1790096786365576448,36.774576416015655,8.320901870728107,-2.037811184494401,-5.027054309846122
1790096786375576576,36.78457641601566,8.240667497199807,-2.655352188644451,-5.390309776761254
1790096786385576448,36.79457641601566,8.244584088742215,-3.1853600536463884,-6.079462312639693
1790096786395576576,36.80457641601566,9.399191635041685,-3.4391282223526582,-6.994851983848629
1790096786405576448,36.814576416015655,8.996340192420634,-3.9615714824898993,-7.394516650017216
1790096786415576576,36.82457641601566,7.34847094454315,-4.600839341650607,-7.349299338264645
1790096786425576448,36.83457641601566,7.4300918895878825,-4.768296809267114,-7.270185900339016
1790096786435576576,36.844576416015656,7.772938691524124,-4.892474153311058,-6.876382636305369
1790096786445576448,36.85457641601566,7.482801629660638,-5.023733867395645,-6.250551344112787
1790096786455576576,36.86457641601566,6.83205589153335,-4.9794625633190295,-5.892192380617898
1790096786465576448,36.87457641601566,6.67319611863793,-4.797864699229796,-5.780703081631407
1790096786475576576,36.884576416015655,7.173964061007486,-4.581094182838912,-5.718312624131495
1790096786485576448,36.89457641601566,7.293684490371088,-4.477411119050141,-5.645573860282339
1790096786495576576,36.90457641601566,6.3544690768288445,-4.3810246101906545,-5.502902526816159
1790096786505576448,36.914576416015656,5.504290880808336,-4.340156527933071,-5.2362149586655455
1790096786515576576,36.92457641601566,5.859121101458715,-4.538174313516437,-4.747806761552881
1790096786525576448,36.93457641601566,7.518384778972772,-4.704125081930108,-4.603932819298628
1790096786535576576,36.94457641601566,8.340831541769818,-4.482006874022813,-4.839034779425892
1790096786545576448,36.954576416015655,6.338329512305989,-4.269841523675924,-4.855416538462749
1790096786555576576,36.96457641601566,4.516148203650383,-3.9440487463485456,-5.0993199448964415
1790096786565576448,36.97457641601566,5.357632864914018,-3.4964544075636153,-5.320868139523311
1790096786575576576,36.984576416015656,7.553036361846556,-3.3159757684055315,-4.966459352565057
1790096786585576448,36.99457641601566,8.549373744953554,-3.4503729664284197,-4.752968531727127
1790096786595576576,37.00457641601566,7.630716317523879,-3.7293235502756192,-5.067238011106972
1790096786605576448,37.01457641601566,6.521636652240877,-4.307412660425824,-6.184051969567233
1790096786615576576,37.024576416015655,7.040539486006474,-5.185009347916048,-6.894258053730475
1790096786625576448,37.03457641601566,7.912949929636552,-6.055659227204577,-6.857143294823559
1790096786635576576,37.04457641601566,8.764474415293673,-6.769884178254507,-6.669884835353461
1790096786645576448,37.05457641601566,9.220626312101665,-7.529650491711463,-6.785013854332375
1790096786655576576,37.06457641601566,9.256934741449454,-8.46703281953314,-7.179079397950479
1790096786665576448,37.07457641601566,9.218957751556303,-9.366020719368452,-7.04696273692475
1790096786675576576,37.08457641601566,8.948037699251536,-9.701908530503113,-6.761847192333311
1790096786685576448,37.094576416015656,8.651771984910319,-9.357822917758815,-6.335821548484978
1790096786695576576,37.10457641601566,8.455616219535866,-8.475966535212644,-5.865800864215988
1790096786705576448,37.11457641601566,7.915558437657314,-7.445654038859243,-5.422622448998987
1790096786715576576,37.12457641601566,6.952933915483571,-6.5192925277678375,-5.08753683073489
1790096786725576448,37.13457641601566,6.0113654918922155,-5.677802222946412,-4.685767464009904
1790096786735576576,37.14457641601566,5.713178234418504,-4.808905269774659,-4.469904279866811
1790096786745576448,37.15457641601566,5.579834453138168,-4.005808957112009,-4.286186485119964
1790096786755576576,37.164576416015656,5.073746572305525,-3.6537923325815655,-3.864767634228662
1790096786765576448,37.17457641601566,5.407601008834826,-3.4973444684119204,-3.782985788701998
1790096786775576576,37.18457641601566,6.028868196016486,-3.438430037933692,-3.7258909975990817
1790096786785576448,37.19457641601566,5.654446906842651,-4.083874682281015,-3.162125971544568
1790096786795576576,37.204576416015655,5.704027899909702,-4.6946854106261755,-3.414864060750682
1790096786805576448,37.21457641601566,5.781377310630632,-5.124128762787059,-3.614241388617469
1790096786815576576,37.22457641601566,6.083272215543158,-5.092700191122064,-3.9437089325536836
1790096786825576448,37.234576416015656,6.206289585098487,-4.858568406919441,-4.163452388839727
1790096786835576576,37.24457641601566,6.055540095857756,-4.8580908548082355,-4.638691897827635
1790096786845576448,37.25457641601566,6.703217555135431,-5.141444003959616,-5.226163684916263
1790096786855576576,37.26457641601566,7.674286878511194,-5.87704867207112,-5.849532227655206
1790096786865576448,37.274576416015655,8.611484735804218,-6.811241191293506,-6.515963485428573
1790096786875576576,37.28457641601566,9.366375245367577,-7.618675638300646,-7.304662913949717
1790096786885576448,37.29457641601566,9.495914663815325,-7.735416096948153,-7.828605116413978
1790096786895576576,37.30457641601566,9.373639153150314,-7.390374814705944,-7.82186558724884
1790096786905576448,37.31457641601566,9.162696701793541,-6.912748158430819,-8.111495528699702
1790096786915576576,37.32457641601566,9.09625451023399,-6.792298598554116,-8.237770404883033
1790096786925576448,37.33457641601566,8.443268090492655,-7.092987483380066,-7.910908537262472
1790096786935576576,37.344576416015656,7.47102694850406,-7.092561155089369,-6.945779674281604
1790096786945576448,37.35457641601566,6.923630572890002,-6.667839868978219,-5.949495238005313
1790096786955576576,37.36457641601566,6.299557635139295,-6.158979704561959,-4.991810964191484
1790096786965576448,37.37457641601566,5.94287024372533,-5.806861678859094,-4.330576510159154
1790096786975576576,37.38457641601566,6.133732394485932,-5.358899422087593,-4.149587072679683
1790096786985576448,37.39457641601566,6.748628722405215,-5.1864976239467815,-4.4274086001824555
1790096786995576576,37.40457641601566,7.3532415637534525,-5.449751527059937,-4.623118163729723
1790096787005576448,37.414576416015656,7.957090709197863,-5.579051078909673,-4.82101381698171
1790096787015576576,37.42457641601566,8.1940144282602,-5.569593876904323,-5.2476895414597395
1790096787025576448,37.43457641601566,7.85890518752958,-5.406081675949758,-5.496174096261892
1790096787035576576,37.44457641601566,7.055116018295027,-5.183969571130217,-5.485641152874873
1790096787045576448,37.454576416015655,6.484652562285196,-4.804053383593267,-5.568838200759826
1790096787055576576,37.46457641601566,6.341016539443023,-4.470438634349442,-5.710625059924009
1790096787065576448,37.47457641601566,6.725871160804759,-4.222633570097214,-5.947139177671302
1790096787075576576,37.484576416015656,7.19304750921179,-4.090467612207283,-5.978220404701767
1790096787085576448,37.49457641601566,7.16542556896506,-4.2712275537045326,-5.698612216319003
1790096787095576576,37.50457641601566,6.516456539036444,-4.576639435842797,-5.1562952830527955
1790096787105576448,37.51457641601566,6.024141416994529,-4.432356657811597,-4.996855475976274
1790096787115576576,37.524576416015655,6.065825958903415,-3.8627131109799415,-5.450586636591594
1790096787125576448,37.53457641601566,5.982299094216501,-3.493787566062174,-5.920064426808631
1790096787135576576,37.54457641601566,6.198363884427283,-3.571607333852073,-5.810810405535841
1790096787145576448,37.55457641601566,7.930399991749248,-3.4382725301309383,-5.861083479132177
1790096787155576576,37.56457641601566,10.826170153980826,-3.0362208650326794,-6.5606573905023975
1790096787165576448,37.57457641601566,12.512148661855205,-3.0274075944919026,-7.4242756840655115
1790096787175576576,37.58457641601566,11.805492096697876,-3.541324130701955,-7.9830846148352785
1790096787185576448,37.594576416015656,9.828140072713772,-3.928059143630346,-8.26381981061696
1790096787195576576,37.60457641601566,8.556162152934474,-3.7031602466556333,-8.314165619317128
1790096787205576448,37.61457641601566,8.429836809728993,-3.19135887503174,-8.279894830248887
1790096787215576576,37.62457641601566,8.55476731343543,-2.8655145356582477,-7.7764515331868775
1790096787225576448,37.63457641601566,8.833125398509592,-2.364574129232361,-7.312622486605209
1790096787235576576,37.64457641601566,8.996304861623752,-2.022605312699769,-6.754915650424374
1790096787245576448,37.65457641601566,8.98369527456386,-1.9334132764288778,-6.043783891738539
1790096787255576576,37.664576416015656,8.580000022267187,-2.0821665323232943,-5.574011406962291
1790096787265576448,37.67457641601566,7.6340509298885335,-2.3185067191593784,-5.180383749864479
1790096787275576576,37.68457641601566,6.871748284724759,-2.4978926284238523,-4.776479565932053
1790096787285576448,37.69457641601566,6.4880383730296165,-2.523501847164322,-4.25647215106846
1790096787295576576,37.70457641601566,6.458016915147584,-2.311910709410501,-3.637285762802419
1790096787305576448,37.71457641601566,6.2145399509105195,-1.9748726160068377,-2.961845843958748
1790096787315576576,37.72457641601566,5.945701981817802,-1.839042135318909,-2.691942113119404
1790096787325576448,37.734576416015656,5.465957701894694,-1.529189615160314,-2.4931352149294863
1790096787335576576,37.74457641601566,4.26003754801809,-1.8963003203117499,-2.3423654299599064
1790096787345576448,37.75457641601566,2.6962804499344464,-1.8524231739423462,-1.2155536492960832
1790096787355576576,37.76457641601566,2.0896754424385175,-1.115175839028362,0.15685572367983178
1790096787365576448,37.77457641601566,4.181908353033554,0.5547546561303633,0.04460491200583755
1790096787375576576,37.78457641601566,7.328664665682184,2.2130438596721342,-1.0407484795423998
1790096787385576448,37.79457641601566,8.470725240485388,2.566888377515732,-1.84441988854776
1790096787395576576,37.80457641601566,8.752391028791571,1.6921290581469148,-2.534505910306084
1790096787405576448,37.81457641601566,9.1272153095053,0.4378174263946413,-3.7433670337355482
1790096787415576576,37.82457641601566,7.87349179902763,-0.5972020681114724,-4.380572567621279
1790096787425576448,37.83457641601566,5.624802098862856,-0.6727043471211198,-3.591940253747138
1790096787435576576,37.844576416015656,5.896312556599,-0.30543637883798436,-2.536845603052082
1790096787445576448,37.85457641601566,9.090146556935952,0.3200241598057613,-3.1556660354702384
1790096787455576576,37.86457641601566,10.040118056585879,0.2525129837392961,-3.283081362988496
1790096787465576448,37.87457641601566,9.897812879386064,0.3020863010906835,-3.605996611655616
1790096787475576576,37.88457641601566,9.97757443313126,0.3367186687551065,-3.8168181018528524
1790096787485576448,37.89457641601566,10.559362938194177,0.5643087837934109,-4.380301343636788
1790096787495576576,37.90457641601566,9.965009802952903,0.5696737745200924,-4.901306418781388
1790096787505576448,37.914576416015656,7.56261026464005,0.1168264333654761,-4.882584413281083
1790096787515576576,37.92457641601566,5.532012539595527,-0.32441611640404644,-4.158060110920375
1790096787525576448,37.93457641601566,5.212568666288377,-0.4775827352302439,-3.3204247439537076
1790096787535576576,37.94457641601566,5.890769488566511,-0.47735807827871096,-2.3597871863864026
1790096787545576448,37.95457641601566,7.1971924552329085,-0.27537679033211937,-1.4988832803979026
1790096787555576576,37.96457641601566,7.928321014872701,-0.008002293536368055,-0.9219105570446414
1790096787565576448,37.97457641601566,7.5169313294365505,0.35584736468632616,-0.8047250726848288
1790096787575576576,37.984576416015656,7.1680042280229825,0.808063145203554,-1.2691780238304204
1790096787585576448,37.99457641601566,7.612254162920525,1.2969757398548905,-2.203321204506681
1790096787595576576,38.00457641601566,8.21353147608534,1.6164614363746077,-3.0851976310904314
1790096787605576448,38.01457641601566,8.219275729257994,1.4639903665019478,-3.7845345770093815
1790096787615576576,38.02457641601566,7.814463723744176,1.208864014170268,-4.310207215772185
1790096787625576448,38.03457641601566,7.761904837979731,0.7075971246584936,-4.616002391820028
1790096787635576576,38.04457641601566,8.099883878390328,0.24886032388854232,-4.880880033810601
1790096787645576448,38.05457641601566,7.776214233036253,-0.264674494958909,-5.086813917335095
1790096787655576576,38.06457641601566,6.5677404762066525,-0.6947005918698671,-5.128894284655297
1790096787665576448,38.07457641601566,5.242327421073216,-1.245387784759414,-4.954105904102133
1790096787675576576,38.08457641601566,4.964584885379245,-2.0080601900363813,-4.36675000987216
1790096787685576448,38.094576416015656,6.859944997976938,-2.815071036049163,-4.1018291191957
1790096787695576576,38.10457641601566,10.29467609668611,-3.0731362678271164,-4.676868944104589
1790096787705576448,38.11457641601566,10.772367416915621,-2.832680874620223,-5.49228059128915
1790096787715576576,38.12457641601566,6.503093189469941,-2.6839166554583653,-5.809339165638272
1790096787725576448,38.13457641601566,3.5624973134151716,-2.7313119769839664,-5.489177228104852
1790096787735576576,38.14457641601566,4.330238035053659,-2.8673711085888165,-5.128995301364156
1790096787745576448,38.15457641601566,5.843481969972207,-3.2096020936107967,-4.720992113511203
1790096787755576576,38.164576416015656,6.634960216766019,-3.427093202190659,-4.293437583784769
1790096787765576448,38.17457641601566,6.907443815371541,-3.3660228602293656,-4.332711381294568
1790096787775576576,38.18457641601566,6.768652746370428,-3.1759056829029486,-4.790995912961799
1790096787785576448,38.19457641601566,5.891644621957502,-3.056836485137822,-4.948453629041421
1790096787795576576,38.20457641601566,5.329807348041781,-2.933058473165962,-4.896215822443239
1790096787805576448,38.21457641601566,5.438318791156996,-2.8430751668067824,-4.620314260978312
1790096787815576576,38.22457641601566,6.265451581601378,-2.8370568843105466,-4.2091942545992795
1790096787825576448,38.234576416015656,7.476226749831387,-2.745623817390486,-3.9850684755404355
1790096787835576576,38.24457641601566,8.68426371323379,-2.725875288535396,-4.3379552954064815
1790096787845576448,38.25457641601566,9.177595200545458,-2.639370483332493,-5.456421267513814
1790096787855576576,38.26457641601566,8.551725284689676,-2.715250423364962,-7.051678642811624
1790096787865576448,38.27457641601566,7.526421901212797,-3.4275027945256067,-8.093282824687163
1790096787875576576,38.28457641601566,7.420306746763991,-4.984444024181945,-8.428168563203753
1790096787885576448,38.29457641601566,8.114292026355368,-6.833551160577044,-8.343022440458649
1790096787895576576,38.30457641601566,8.762886162100749,-8.695371057565222,-7.920038996619442
1790096787905576448,38.31457641601566,9.78943793911732,-10.242188370196923,-8.162427191278299
1790096787915576576,38.32457641601566,10.232997372719202,-11.040424283404972,-8.752851008223335
1790096787925576448,38.33457641601566,9.488658840956653,-11.230798389240697,-9.022872237266672
1790096787935576576,38.34457641601566,8.96484326287866,-11.36440168806804,-8.643408078094888
1790096787945576448,38.35457641601566,8.693144869961085,-11.028166080856153,-8.091199138067648
1790096787955576576,38.36457641601566,7.70403506743605,-9.744912289249903,-6.921933504707353
1790096787965576448,38.37457641601566,6.226033375215398,-7.9297419910398395,-5.853033580627298
1790096787975576576,38.38457641601566,4.866379455031094,-6.231560515663809,-4.8821502962365795
1790096787985576448,38.39457641601566,3.536956865573234,-4.6814218531587155,-3.5730199364978787
1790096787995576576,38.40457641601566,3.0794518986924238,-3.696160961445133,-2.7639980466948924
1790096788005576448,38.41457641601566,3.45258434925789,-3.174649124145837,-2.296184186935754
1790096788015576576,38.42457641601566,4.19124103502414,-2.955592459680954,-1.8110090089887807
1790096788025576448,38.43457641601566,4.946651229086957,-3.017537102820298,-1.3182137238384009
1790096788035576576,38.44457641601566,5.282425805340617,-3.2003877229818705,-1.1645651228546
1790096788045576448,38.45457641601566,5.336263301423476,-3.3317700978554647,-1.4675398429969002
1790096788055576576,38.46457641601566,5.942845210261016,-3.128483680821822,-2.2074410831793
1790096788065576448,38.47457641601566,6.929799777171847,-2.828030856574841,-3.0647944653658987
1790096788075576576,38.484576416015656,8.137910721984396,-2.619182585764578,-4.339245507714878
1790096788085576448,38.49457641601566,9.366329870814754,-2.558231476468999,-6.010827892701412
1790096788095576576,38.50457641601566,10.066182840288583,-2.9457603484397783,-7.839343649974866
1790096788105576448,38.51457641601566,9.6173850920262,-4.383838269926307,-9.844937935756615
1790096788115576576,38.52457641601566,9.93981449491841,-7.022498930025202,-11.521850477352148
1790096788125576448,38.53457641601566,12.456624647746873,-9.836088751981508,-12.113729512676233
1790096788135576576,38.54457641601566,14.103584567516856,-11.872369091598031,-12.423577522688676
1790096788145576448,38.55457641601566,12.726918958846516,-12.370214303799525,-12.382346927342175
1790096788155576576,38.56457641601566,10.6545326605788,-11.486583929219261,-12.68263380487129
1790096788165576448,38.57457641601566,9.239814100946374,-10.9116710680258,-10.67657066027402
1790096788175576576,38.58457641601566,8.942327236148156,-10.417863230561137,-7.990947712411222
1790096788185576448,38.59457641601566,8.914876455915858,-10.087529745132473,-6.012740889569054
1790096788195576576,38.60457641601566,8.597241290983373,-9.666455103086541,-4.514123043214122
1790096788205576448,38.61457641601566,7.945173157778191,-8.871368318634564,-3.686663337801061
1790096788215576576,38.62457641601566,7.060644099928499,-7.850902817433539,-3.3877622013204864
1790096788225576448,38.63457641601566,6.138448624035811,-6.788720316407375,-3.8333718930115204
1790096788235576576,38.64457641601566,5.3099714855482345,-5.455200943416706,-4.168699980252482
1790096788245576448,38.65457641601566,5.0022755338593194,-4.365311454005136,-4.342553568341053
1790096788255576576,38.66457641601566,4.849831482211011,-3.7879963542379724,-4.393466565157546
1790096788265576448,38.67457641601566,4.8711275661275195,-3.657615372799833,-4.4348829913067584
1790096788275576576,38.68457641601566,5.164991403080516,-3.4462005076953117,-4.571841786400528
1790096788285576448,38.69457641601566,5.911509396646164,-3.067025743648154,-4.863779921772978
1790096788295576576,38.70457641601566,6.619191620689462,-2.6496572658206023,-5.353817736795232
1790096788305576448,38.71457641601566,6.767750184459639,-2.699015292812408,-5.648769329986194
1790096788315576576,38.72457641601566,6.237676558169271,-2.9913854546579417,-5.634497931331329
1790096788325576448,38.734576416015656,5.050612801742634,-3.1774067084805675,-5.5507308115692435
1790096788335576576,38.74457641601566,4.5233390072968795,-3.056888285631332,-5.634821849717769
1790096788345576448,38.75457641601566,4.843418635544038,-2.761826380803628,-5.773819559077274
1790096788355576576,38.76457641601566,5.329888403552448,-2.7186137082283826,-5.7345358603150665
1790096788365576448,38.77457641601566,5.416376424502034,-3.203800285863782,-5.114843733481424
1790096788375576576,38.78457641601566,5.789222013172721,-3.859329823580658,-4.591379925051119
1790096788385576448,38.79457641601566,6.773966251642671,-4.349696072446443,-4.659654093459723
1790096788395576576,38.80457641601566,7.880921365110075,-4.6973886198054675,-5.114938210783649
1790096788405576448,38.81457641601566,8.417286544647295,-4.935604048039896,-5.42479748495691
1790096788415576576,38.82457641601566,8.248765500737411,-5.186289624782235,-5.792707261420855
1790096788425576448,38.83457641601566,8.043180146709819,-5.575352894556255,-6.3881451718833455
1790096788435576576,38.84457641601566,8.445673974256064,-5.853537937909036,-7.100340917323987
1790096788445576448,38.85457641601566,9.312787666241505,-5.778868526028932,-7.965204408374552
1790096788455576576,38.86457641601566,9.909456884406215,-5.635150797119833,-8.680369220325273
1790096788465576448,38.87457641601566,10.211879244582367,-5.727771831151958,-8.679077314951574
1790096788475576576,38.88457641601566,10.681201217718522,-5.831676739885598,-8.279975645446825
1790096788485576448,38.89457641601566,11.50909267979758,-5.607188234139177,-8.215844854323661
1790096788495576576,38.90457641601566,12.026672021874594,-5.185987248027655,-8.454608829198929
1790096788505576448,38.91457641601566,11.281736009980802,-4.821400082080306,-8.425117198142752
1790096788515576576,38.92457641601566,9.360688134088408,-4.482448660185009,-7.7729352995438
1790096788525576448,38.93457641601566,7.590129644549023,-3.983336556316511,-6.858419237022691
1790096788535576576,38.94457641601566,6.5654063122629704,-3.475463821514438,-6.0749330160348425
1790096788545576448,38.95457641601566,5.864493217198025,-3.140075793091772,-5.5029767351101375
1790096788555576576,38.96457641601566,5.5573136145311395,-3.049728675248313,-5.051457665780905
1790096788565576448,38.97457641601566,5.749478923954985,-2.827499767329808,-4.4801719445007135
1790096788575576576,38.98457641601566,6.4243445433880515,-2.5795864491780067,-4.126479530475403
1790096788585576448,38.99457641601566,7.35457411505401,-1.95705238806814,-4.33177359490639
1790096788595576576,39.00457641601566,7.452145639898465,-1.7458595221433775,-4.493721253657317
1790096788605576448,39.01457641601566,7.1529077881046135,-1.7249039791513574,-4.46979284286499
1790096788615576576,39.02457641601566,6.664190767886119,-1.7691932916641235,-4.298719237478728
1790096788625576448,39.03457641601566,5.767604858535815,-1.63186923487534,-4.08777254597587
1790096788635576576,39.04457641601566,4.394024020707163,-1.5273625542027047,-3.719784116743503
1790096788645576448,39.054576416015664,4.136310602192295,-1.3701784287322938,-3.1686630979643424
1790096788655576576,39.06457641601566,4.989000778946165,-0.9570395029656347,-2.9490324011613533
1790096788665576448,39.07457641601566,6.831669677978019,-0.19664457678085268,-2.816452138784041
1790096788675576576,39.08457641601566,9.455569545875314,0.9176578291095338,-3.2445789953747686
1790096788685576448,39.09457641601566,10.588074558890623,1.771718236746788,-3.7424738123562573
1790096788695576576,39.10457641601566,8.883639584540033,1.4212596607339023,-3.741096288822604
1790096788705576448,39.11457641601566,5.396125289290627,-0.034834924188539784,-3.225922472788194
1790096788715576576,39.12457641601566,4.314885611870824,-0.45083629594112096,-2.8744963637275727
1790096788725576448,39.13457641601566,5.902272837156247,-0.1365612219567261,-2.239662627532504
1790096788735576576,39.14457641601566,8.947909261592365,0.38620382074462173,-2.532646039836223
1790096788745576448,39.15457641601566,10.244188920766813,0.2756935311391974,-3.135808854756355
1790096788755576576,39.16457641601566,8.318916884469486,-0.3196737097393669,-3.4147788164277135
1790096788765576448,39.17457641601566,5.432962819671959,-0.2593012611127497,-3.160052419101148
1790096788775576576,39.18457641601566,4.702641101249231,0.480007123017046,-3.1444116669707585
1790096788785576448,39.19457641601566,5.264086089393764,0.8201396468644755,-2.6744941449784743
1790096788795576576,39.20457641601566,6.717131216800906,0.9481458398138842,-2.4285734617918804
1790096788805576448,39.21457641601566,8.872522785583495,0.6812996188691577,-2.1409808651203734
1790096788815576576,39.22457641601566,11.511969797935453,0.7905699330826308,-3.6726603205315724
1790096788825576448,39.23457641601566,12.072641536238924,0.6962475104352899,-5.40649858226429
1790096788835576576,39.24457641601566,8.019072554973146,0.017281722005560385,-6.3268156502132555
1790096788845576448,39.25457641601566,3.7453072625995576,0.017894055557385713,-4.752591045604124
1790096788855576576,39.26457641601566,4.478004531186573,0.8294326373285881,-3.277912821693696
1790096788865576448,39.27457641601566,8.235299732161693,1.3890536909437223,-2.7754202062068494
1790096788875576576,39.28457641601566,10.004065499236251,1.537089467048645,-2.5212109236231632
1790096788885576448,39.29457641601566,8.852743628120203,1.3796543392244525,-2.7052229203805673
1790096788895576576,39.304576416015664,7.07418162705569,1.0044199270866416,-3.111646644378181
1790096788905576448,39.31457641601566,6.22280292584281,0.5298272329902021,-3.3319885381396688
1790096788915576576,39.32457641601566,6.3072152645245145,0.10397121994249237,-3.5734237955292834
1790096788925576448,39.33457641601566,6.816679929524137,-0.15567740964322932,-3.6741526740991315
1790096788935576576,39.34457641601566,7.078046334370065,-0.4656581930456007,-3.7081614255298687
1790096788945576448,39.35457641601566,6.499219402955883,-0.5772196558292794,-3.8507028388947933
1790096788955576576,39.36457641601566,5.280068221998102,-0.9009476581099016,-3.5911466221873236
1790096788965576448,39.37457641601566,5.24402906974907,-1.3342120573195095,-3.309815856312698
1790096788975576576,39.38457641601566,7.23718232483329,-1.7716273219175653,-3.2813905863491053
1790096788985576448,39.39457641601566,9.807106935458526,-1.6553095088402898,-4.052839338666766
1790096788995576576,39.40457641601566,9.396419388819064,-1.3445196945302373,-5.10766168494093
1790096789005576448,39.41457641601566,5.772212453794311,-1.618028448451257,-5.24005672273606
1790096789015576576,39.42457641601566,4.225937561637855,-2.218464008688135,-4.663258582376211
1790096789025576448,39.43457641601566,6.657219522076337,-2.667343389541669,-4.786580671230888
1790096789035576576,39.44457641601566,10.621699618012707,-2.6299058592290776,-5.938849917577083
1790096789045576448,39.45457641601566,11.591235343288755,-2.3784933770522825,-7.359898123997968
1790096789055576576,39.46457641601566,8.451879391193808,-2.3026667139168464,-8.472117087399067
1790096789065576448,39.47457641601566,7.047300636846044,-2.6908771345943587,-8.249381817210278
1790096789075576576,39.48457641601566,9.218721767515646,-2.9805249496962674,-8.084834293488141
1790096789085576448,39.49457641601566,10.190487187384296,-3.3610711458065654,-7.9994567335512725
1790096789095576576,39.50457641601566,7.869937576753438,-4.1840696497036545,-7.707374547581434
1790096789105576448,39.51457641601566,5.185645956070157,-4.922179713458166,-7.188319124965801
1790096789115576576,39.52457641601566,4.571113012921153,-5.412522913797297,-6.548125536475816
1790096789125576448,39.53457641601566,5.859345727981776,-5.937710003315268,-5.75198826725333
1790096789135576576,39.54457641601566,8.786783812487343,-5.6054124523235895,-5.631075055642111
1790096789145576448,39.554576416015664,10.447458562601986,-4.872398167292432,-5.56192414349091
1790096789155576576,39.56457641601566,8.235640829792786,-4.474519565373876,-5.425354073700368
1790096789165576448,39.57457641601566,5.405056710858069,-4.434241433443439,-5.580691581069495
1790096789175576576,39.58457641601566,5.741158600392971,-4.520109710076796,-5.812601441238887
1790096789185576448,39.59457641601566,7.871033138715608,-4.551337431455415,-5.735390540660809
1790096789195576576,39.60457641601566,8.878496003288719,-4.244533389685322,-5.778961074180571
1790096789205576448,39.61457641601566,8.77425606635374,-3.7114909487831804,-6.662052170416442
1790096789215576576,39.624576416015664,9.001470971805237,-3.310134453144742,-8.092350966811033
1790096789225576448,39.63457641601566,8.709234695399296,-3.4069668229690553,-8.892969038275684
1790096789235576576,39.64457641601566,7.463955900475011,-4.20769455842845,-8.868316850551148
1790096789245576448,39.65457641601566,6.644582037669367,-5.064183592876047,-8.114588725282896
1790096789255576576,39.66457641601566,6.327260375491143,-5.425784998053889,-6.941150377110928
1790096789265576448,39.67457641601566,6.9333429477622985,-5.654100252147339,-5.656169229154737
1790096789275576576,39.68457641601566,8.225330162877206,-5.187487333311756,-5.059917689143752
1790096789285576448,39.694576416015664,7.394797688702693,-5.1078901333286675,-4.363637096424506
1790096789295576576,39.70457641601566,6.6333199985863605,-5.407679558866684,-4.4510725234495
1790096789305576448,39.71457641601566,6.874821215079598,-5.540603630866336,-5.138473134215252
1790096789315576576,39.72457641601566,7.202094366879362,-5.681868191987048,-5.575430465337577
1790096789325576448,39.73457641601566,7.257067934663454,-6.068821996091827,-5.3787201257315465
1790096789335576576,39.74457641601566,7.205537492675776,-6.419650449748721,-5.198797607954373
1790096789345576448,39.75457641601566,7.220079524507755,-6.209148291779425,-5.033485293666105
1790096789355576576,39.76457641601566,6.873141334163742,-5.447039245454278,-4.954664246984008
1790096789365576448,39.77457641601566,7.079922976139503,-4.552062693651825,-5.028714310378797
1790096789375576576,39.78457641601566,7.835330459905183,-4.034752932940572,-5.284073237885503
1790096789385576448,39.79457641601566,8.006138486778667,-4.159529423726121,-5.524184377447714
1790096789395576576,39.804576416015664,7.724218252447099,-4.787116900444549,-5.862591718497967
1790096789405576448,39.81457641601566,7.488290607368361,-5.648107209106117,-5.9901323318481445
1790096789415576576,39.82457641601566,7.470294159459015,-6.085375013470335,-5.7492461160921415
1790096789425576448,39.83457641601566,7.377395455531566,-6.043396476215683,-5.466443705358577
1790096789435576576,39.84457641601566,7.168074890909687,-5.8072720216960105,-5.301434620679747
1790096789445576448,39.85457641601566,6.935173386085766,-5.4785484810290095,-5.284815788565492
1790096789455576576,39.86457641601566,6.201432925969748,-5.4281648931844595,-5.040573435932741
1790096789465576448,39.874576416015664,5.891032219697775,-5.601060632108981,-5.251051511140278
1790096789475576576,39.88457641601566,6.173580142640093,-5.374175871779932,-5.476252448238283
1790096789485576448,39.89457641601566,5.806603324193907,-5.235795021057129,-5.168849420883132
1790096789495576576,39.90457641601566,5.203098520666859,-5.447177698263431,-4.868952450478224
1790096789505576448,39.91457641601566,5.401009288682285,-5.656683721596374,-5.197504777907833
1790096789515576576,39.92457641601566,6.279808226501743,-5.553606832298553,-5.719359514810215
1790096789525576448,39.93457641601566,7.152394011981393,-5.2419412922644995,-5.98046277229371
1790096789535576576,39.944576416015664,7.622622769396716,-5.360292715565508,-6.107329865020616
1790096789545576448,39.95457641601566,8.260231562665792,-5.802840864096849,-6.346392763660402
1790096789555576576,39.96457641601566,8.303366958361089,-6.082422118916616,-6.282881179225837
1790096789565576448,39.97457641601566,7.575251929172002,-6.089398702478262,-6.129784544401106
1790096789575576576,39.98457641601566,6.8330252441646415,-5.988584200233783,-5.6346377145380755
1790096789585576448,39.99457641601566,6.91325915262759,-5.69797039794937,-5.132166680081054
1790096789595576576,40.00457641601566,6.694410161467165,-5.165663734194436,-4.944411619513645
1790096789605576448,40.01457641601566,5.920373599002035,-4.871338513696849,-4.487316372524566
1790096789615576576,40.02457641601566,5.078369784895618,-5.1316935296950374,-4.051209606269792
1790096789625576448,40.03457641601566,4.640090743053056,-5.317443389602493,-3.6782499934944473
1790096789635576576,40.04457641601566,6.164782489795977,-4.723761988396441,-4.752965020403121
1790096789645576448,40.054576416015664,8.09358218338674,-4.264657708255195,-6.5393155933679505
1790096789655576576,40.06457641601566,8.859632719845717,-4.86519695385126,-6.85410312702752
1790096789665576448,40.07457641601566,8.631719482853475,-5.979002544428434,-6.4618547470513645
1790096789675576576,40.08457641601566,8.138675531792792,-6.646501216154465,-6.477607701812094
1790096789685576448,40.09457641601566,8.103022116208157,-6.0722048657729095,-6.949927875979152
1790096789695576576,40.10457641601566,8.423265235730307,-4.940970559210861,-7.667296021796647
1790096789705576448,40.11457641601566,8.311627388419318,-4.413995134638082,-7.851872372322371
1790096789715576576,40.124576416015664,7.6311758396168585,-4.988064945715897,-7.079846982546238
1790096789725576448,40.13457641601566,7.284305769942792,-5.775607129327467,-6.070257419641592
1790096789735576576,40.14457641601566,7.958795328188963,-5.756250879215913,-5.82787986368328
1790096789745576448,40.15457641601566,8.908511178431436,-4.892244301291627,-6.390804915510871
1790096789755576576,40.16457641601566,8.766769227326595,-4.265861044197655,-6.865698765348968
1790096789765576448,40.17457641601566,7.168168054277873,-4.339148841712377,-6.8660643205514935
1790096789775576576,40.18457641601566,5.508483841232254,-4.722829619821843,-6.264494543614069
1790096789785576448,40.194576416015664,5.744144820893918,-4.554807781123824,-6.0841910065223015
1790096789795576576,40.20457641601566,7.2607386801105775,-3.914169785406303,-6.103428206333548
1790096789805576448,40.21457641601566,8.68545945345739,-3.4116549586492346,-6.332314853623999
1790096789815576576,40.22457641601566,9.178026262997186,-3.405435872139312,-6.240967863116444
1790096789825576448,40.23457641601566,8.425719373710109,-3.591776451200936,-6.038108408700071
1790096789835576576,40.24457641601566,7.334197963955651,-3.8203538931263687,-5.751384108982169
1790096789845576448,40.25457641601566,7.27308363701743,-3.613563571735078,-5.721668473070355
1790096789855576576,40.264576416015665,7.409922371544382,-3.244019671357657,-5.851427392235878
1790096789865576448,40.27457641601566,7.1692191621317845,-3.0393140351205776,-6.012147068267866
1790096789875576576,40.28457641601566,7.014926948490729,-2.8297363819327384,-6.073367372983041
1790096789885576448,40.29457641601566,7.157090027152035,-2.7061849469565686,-6.023427880936857
1790096789895576576,40.304576416015664,7.301411539729091,-2.751043954657737,-5.514404670138914
1790096789905576448,40.31457641601566,7.218974938303018,-2.595002379314871,-5.279971954118722
1790096789915576576,40.32457641601566,7.63923503324844,-2.2386769761632097,-5.430231266061608
1790096789925576448,40.334576416015665,9.31740824495452,-1.6834228706856829,-6.072089498454312
1790096789935576576,40.34457641601566,11.852544464646021,-1.5205152528175974,-6.74441136740108
1790096789945576448,40.35457641601566,12.701736547299662,-1.8704006410998442,-6.760381457402576
1790096789955576576,40.36457641601566,9.96745348500737,-2.8130429648800113,-6.0722630943534135
1790096789965576448,40.374576416015664,5.675925965223507,-3.358623961376134,-5.338594548526719
1790096789975576576,40.38457641601566,3.9304626767790185,-3.255519343667689,-4.716944288514495
1790096789985576448,40.39457641601566,3.791591573105439,-2.5401337639155983,-3.5776011212315755
1790096789995576576,40.40457641601566,5.054763996651258,-1.0738684712639814,-2.5065820424785903
1790096790005576448,40.41457641601566,6.538071752649266,0.4643727654619417,-2.323553152044667
1790096790015576576,40.42457641601566,6.997328066428299,0.9444248687989222,-2.124222273000041
1790096790025576448,40.43457641601566,7.246148106626853,1.7347443456779637,-2.0292372102475937
1790096790035576576,40.444576416015664,6.885254312682271,2.0076692651801964,-1.8062337049892685
1790096790045576448,40.45457641601566,6.884081126386612,2.0470884855458222,-1.9768845064342726
1790096790055576576,40.46457641601566,7.5177339366838964,1.3152133056159991,-2.5782038907954967
1790096790065576448,40.47457641601566,7.2105704836028295,-0.043099564697013926,-2.9771971931572745
1790096790075576576,40.48457641601566,6.312273195806459,-0.7497812441006,-3.209874129889232
1790096790085576448,40.49457641601566,6.059778454848641,-0.7265929833792283,-3.3659762129443322
1790096790095576576,40.50457641601566,4.959634287505372,-0.3179975183911976,-3.427531396388665
1790096790105576448,40.514576416015665,3.588316959285696,0.06929098290594929,-2.5727038422653257
1790096790115576576,40.52457641601566,4.103783371937392,0.3609572570213896,-1.3423026562098404
1790096790125576448,40.53457641601566,7.0801737519772345,1.10806233348621,-0.762058909252245
1790096790135576576,40.54457641601566,10.460894585476492,1.9641289751477542,-1.5649418442474132
1790096790145576448,40.554576416015664,12.900779035638593,2.7316459248245724,-2.5380339917331014
1790096790155576576,40.56457641601566,12.138367461374159,3.2680718871029355,-4.314523579122421
1790096790165576448,40.57457641601566,8.865904416717632,3.4505244321851443,-6.2872667713884685
1790096790175576576,40.584576416015665,5.703092652195397,1.8544228314378641,-6.902581285908629
1790096790185576448,40.59457641601566,5.565228979483205,0.7296630292461648,-6.071236105728076
1790096790195576576,40.60457641601566,7.465951671976428,-0.5463457611130361,-5.251222010823254
1790096790205576448,40.61457641601566,8.246651387502297,-1.8331271883179112,-4.257580540906168
1790096790215576576,40.624576416015664,7.779730047282238,-2.549660724287916,-3.1422070261454187
1790096790225576448,40.63457641601566,7.098941958339947,-2.2944846047007523,-2.7064624915216786
1790096790235576576,40.64457641601566,6.414638011224307,-1.5073794794905109,-3.0036386292475252
1790096790245576448,40.65457641601566,6.143948458211045,-0.9448832154498485,-3.63476609499103
1790096790255576576,40.66457641601566,6.7776356356657805,-0.7867000609874542,-3.9451799281722697
1790096790265576448,40.67457641601566,8.185816240337031,-0.533114423522853,-4.09414098197224
1790096790275576576,40.68457641601566,8.82425866851215,-0.0810054610007156,-4.497911332964604
1790096790285576448,40.694576416015664,7.892418345109137,0.27758171058112985,-4.59800142761031
1790096790295576576,40.70457641601566,6.880368932960887,0.25668734171196345,-4.560380947871354
1790096790305576448,40.71457641601566,5.758144724437864,-0.014135671629657759,-4.588978256617331
1790096790315576576,40.72457641601566,4.653598323442223,-0.4010731998400335,-4.383049491549675
1790096790325576448,40.73457641601566,4.294799779687283,-0.7844196163803758,-3.805384668079721
1790096790335576576,40.74457641601566,5.58705404259145,-1.2994153297120339,-2.839042505775341
1790096790345576448,40.75457641601566,8.12092854994063,-1.6216577382626909,-2.4081258118752458
1790096790355576576,40.764576416015665,9.572687844829503,-1.298335842553094,-3.3484774059419564
1790096790365576448,40.77457641601566,8.821425339860502,-0.7875107950921593,-4.423050080082692
1790096790375576576,40.78457641601566,8.79019974396778,-0.5386841893196106,-5.134356666200867
1790096790385576448,40.79457641601566,9.71630483569337,-0.6850267099447502,-5.926386290687264
1790096790395576576,40.804576416015664,8.591924863249591,-1.2991521846694507,-6.8532230517052914
1790096790405576448,40.81457641601566,7.10067555482489,-2.16808354988277,-7.1351493289744035
1790096790415576576,40.82457641601566,8.211845196153709,-3.008218896009626,-7.233539240632829
1790096790425576448,40.834576416015665,9.851379804085488,-3.762083207543903,-7.48759359289407
1790096790435576576,40.84457641601566,9.494211039393605,-4.286942091752074,-7.933029160899621
1790096790445576448,40.85457641601566,8.39872646561172,-4.543364564563028,-8.216937397714146
1790096790455576576,40.86457641601566,7.828216370381865,-4.7650845785646725,-7.805124077164616
1790096790465576448,40.874576416015664,6.5081978622763925,-5.081447663765046,-6.910974072951647
1790096790475576576,40.88457641601566,5.359465391805398,-5.548189221408072,-5.594414171153302
1790096790485576448,40.89457641601566,6.974141697141238,-6.025929746494106,-4.721269226236945
1790096790495576576,40.904576416015665,11.789495599255218,-6.066609867062473,-4.924301885116524
1790096790505576448,40.91457641601566,13.012946485724767,-5.370253565491011,-5.995860087325571
1790096790515576576,40.92457641601566,7.545613370919816,-4.268388697330849,-7.66040010265952
1790096790525576448,40.93457641601566,4.165555344890002,-3.8602131290058908,-8.370237332403928
1790096790535576576,40.944576416015664,5.287767977470155,-4.400757360562404,-7.38950585564913
1790096790545576448,40.95457641601566,7.134035850465317,-4.985093906512596,-5.741402060340594
1790096790555576576,40.96457641601566,7.614726635562464,-5.0672678546281515,-4.405517268983806
1790096790565576448,40.974576416015665,7.356440159131829,-4.4544956924486545,-4.113730851206841
1790096790575576576,40.98457641601566,6.803392555363647,-3.569354000617674,-4.554286147993189
1790096790585576448,40.99457641601566,6.248017593067151,-2.9768997212033077,-5.096859067146325
1790096790595576576,41.00457641601566,6.423446421982561,-2.8559591556630184,-5.297525362878699
1790096790605576448,41.014576416015665,7.230931535521284,-3.0259208081680233,-5.219040849780758
1790096790615576576,41.02457641601566,7.636822382827877,-3.378791159064494,-5.030157190026943
1790096790625576448,41.03457641601566,7.428694750390727,-4.02691292135014,-5.302445985644634
1790096790635576576,41.04457641601566,7.699956071601452,-4.785623066206749,-5.845847726120155
1790096790645576448,41.054576416015664,8.698337031994473,-5.6549696105725795,-6.506834076381484
1790096790655576576,41.06457641601566,9.288346361977409,-6.374621415036843,-7.216959467753716
1790096790665576448,41.07457641601566,8.558498316761849,-7.179912795673585,-7.781485618196837
1790096790675576576,41.084576416015665,7.6232223413618945,-7.896280183812552,-7.743552119567177
1790096790685576448,41.09457641601566,7.003938377635598,-7.79595232169469,-6.735250197596895
1790096790695576576,41.10457641601566,7.093396749977596,-6.926449597840568,-5.957306547873929
1790096790705576448,41.11457641601566,7.386875802044697,-5.952579689822772,-5.20554236299965
1790096790715576576,41.124576416015664,7.080431239358088,-5.489669928324427,-4.80881064619843
1790096790725576448,41.13457641601566,7.2013121949788,-5.095469836305499,-5.141636654253626
1790096790735576576,41.14457641601566,7.423624081873625,-4.725572299583259,-5.44075673475689
1790096790745576448,41.154576416015665,7.412917492944746,-4.501207859326183,-5.5717065785489845
1790096790755576576,41.16457641601566,7.179516023061451,-5.027447711545779,-5.553134485572016
1790096790765576448,41.17457641601566,7.291147711484027,-5.510724293891025,-5.387917373560967
1790096790775576576,41.18457641601566,7.729201913160576,-5.599421634741976,-5.1794476156488765
1790096790785576448,41.194576416015664,8.503831734540828,-5.505052673668018,-5.382249225390584
1790096790795576576,41.20457641601566,8.370408236315905,-5.587551820521826,-5.509734578142363
1790096790805576448,41.21457641601566,7.403884190645949,-5.8015313691060815,-5.330706851607
1790096790815576576,41.224576416015665,6.609786696343633,-5.898263150214087,-4.940190066179969
1790096790825576448,41.23457641601566,6.019715268877544,-6.001695766619393,-4.557795951881837
1790096790835576576,41.24457641601566,6.153049344154148,-6.072739400905361,-4.856731242503995
1790096790845576448,41.25457641601566,6.961684482127441,-5.627115572126128,-5.394026863909871
1790096790855576576,41.264576416015665,6.6927455860140475,-5.308156919326301,-5.395840130056622
1790096790865576448,41.27457641601566,6.511503573272035,-4.9755090593184095,-5.466251804433648
1790096790875576576,41.28457641601566,6.789881015740504,-5.012485626093065,-6.011129775385563
1790096790885576448,41.29457641601566,7.021759806532929,-5.211339156576239,-6.606484716540668
1790096790895576576,41.304576416015664,7.492655772423132,-5.480061368918662,-6.561803955246369
1790096790905576448,41.31457641601566,7.837754915884863,-5.977985762098185,-6.151671826916069
1790096790915576576,41.32457641601566,7.269748165424074,-6.029393832193254,-5.473080695223481
1790096790925576448,41.334576416015665,6.110281505356914,-6.143943315282357,-4.673780677011408
1790096790935576576,41.34457641601566,5.4023394386069725,-6.1612454279224975,-4.063899426727699
1790096790945576448,41.35457641601566,5.981227238087206,-5.4172266491269685,-4.213204870278679
1790096790955576576,41.36457641601566,6.512600993994883,-4.333385903966106,-4.77916388146316
1790096790965576448,41.374576416015664,6.235259370816506,-3.9415479082454956,-4.8127736012665085
1790096790975576576,41.38457641601566,5.789310680930345,-4.686893325632958,-4.691172330156897
1790096790985576448,41.39457641601566,6.297151274695609,-5.331200671921558,-4.663274171959642
1790096790995576576,41.404576416015665,7.255510744420592,-5.138424514389303,-5.364430380571025
1790096791005576448,41.41457641601566,7.560305063229399,-4.850317235098303,-5.879918240467564
1790096791015576576,41.42457641601566,7.089229829740002,-4.635737595619667,-6.0074840343774225
1790096791025576448,41.43457641601566,6.6978698666302465,-4.326617927265174,-6.321695237242712
1790096791035576576,41.444576416015664,7.2670846648803735,-3.7477692788035077,-7.2655591898578145
1790096791045576448,41.45457641601566,8.448688653963135,-3.3884441410713513,-8.232312958932567
1790096791055576576,41.46457641601566,9.291900877576426,-3.7968916908347836,-8.189439069645617
1790096791065576448,41.474576416015665,9.542232983348551,-4.651749558932405,-7.65894775142448
1790096791075576576,41.48457641601566,9.339529622602525,-5.296560461622708,-7.451396061136018
1790096791085576448,41.49457641601566,8.786394899317584,-5.512742241653555,-7.6221743189502815
1790096791095576576,41.50457641601566,8.38237569132087,-5.4946102001798645,-7.941173334001273
1790096791105576448,41.514576416015665,8.330639800116435,-5.537761860675266,-7.8163448706562395
1790096791115576576,41.52457641601566,8.075896092627918,-5.3717324400902715,-7.879608250491178
1790096791125576448,41.53457641601566,8.175134090576515,-5.285610391043017,-7.738126380540001
1790096791135576576,41.544576416015666,9.072982055733327,-4.720173038743161,-7.7598358694464435
1790096791145576448,41.554576416015664,10.199463296905932,-3.770592529700267,-7.822244634149972
1790096791155576576,41.56457641601566,10.789624787017464,-2.9743310737270474,-8.152118326747061
1790096791165576448,41.57457641601566,10.21565341037015,-3.04185510104771,-8.032890502341983
1790096791175576576,41.584576416015665,9.0805620526579,-3.4296558066032565,-7.680884509755539
1790096791185576448,41.59457641601566,7.970691011230567,-3.627540856174429,-7.515130271042016
1790096791195576576,41.60457641601566,7.003623498861925,-3.694621264857023,-7.092488618618113
1790096791205576448,41.614576416015666,6.078030452804675,-3.7070892537210667,-5.961531058451447
1790096791215576576,41.624576416015664,5.842573635331144,-3.067070451806859,-5.213589668480113
1790096791225576448,41.63457641601566,5.518367382247127,-2.6953881440037692,-4.386053425430493
1790096791235576576,41.64457641601566,5.545988686689503,-2.380840480820626,-4.104026242504489
1790096791245576448,41.654576416015665,5.751903002039003,-2.179463108211635,-4.315960482696214
1790096791255576576,41.66457641601566,5.480126129852683,-2.392012167969067,-4.335192695525033
1790096791265576448,41.67457641601566,5.117813017710136,-2.7727976695799144,-4.056045241657107
1790096791275576576,41.68457641601566,5.116647931540281,-2.8550108320942136,-3.6170500550133577
1790096791285576448,41.694576416015664,5.70268026861636,-2.396021898500691,-3.0025121373269914
1790096791295576576,41.70457641601566,6.968697126901943,-1.3957405992377034,-2.633376886058309
1790096791305576448,41.71457641601566,8.647243709591095,-0.3090954095318696,-2.7839581087643457
1790096791315576576,41.724576416015665,10.022221174626324,0.699968828634732,-3.1156335594461457
1790096791325576448,41.73457641601566,9.444032738807664,1.360789628579097,-3.3283741385160828
1790096791335576576,41.74457641601566,6.971820339436246,1.171693886365584,-3.2105010167898413
1790096791345576448,41.75457641601566,5.153981937378814,0.6522897863180733,-2.959311772990896
1790096791355576576,41.764576416015665,6.572860626969159,0.6247607862037495,-3.021615261655893
1790096791365576448,41.77457641601566,9.128789137443997,0.8595552805901701,-3.8208587058891754
1790096791375576576,41.78457641601566,9.983727852104424,0.623142187707582,-4.423463421341699
1790096791385576448,41.794576416015666,7.734596632760827,0.012916258515817292,-3.925790628543095
1790096791395576576,41.804576416015664,6.780780262870223,0.29307732955523425,-4.078138539745487
1790096791405576448,41.81457641601566,7.610543675289078,0.7818186961469701,-4.169009204230647
1790096791415576576,41.82457641601566,7.959576149915207,0.5423434945605781,-3.9160731950544356
1790096791425576448,41.834576416015665,8.559881501908839,-0.013687899425706597,-3.765707815522665
1790096791435576576,41.84457641601566,9.741791118718488,-0.17125645590071956,-4.131722490034265
1790096791445576448,41.85457641601566,10.498180396334375,0.6249299163228573,-5.1823442717890025
1790096791455576576,41.864576416015666,9.586839619914144,0.8462509657203974,-6.158989787484528
1790096791465576448,41.874576416015664,7.250564423576594,0.5015266779348833,-6.193397574371841
1790096791475576576,41.88457641601566,5.641419076641536,0.10182328204134158,-5.223148540453248
1790096791485576448,41.89457641601566,4.923460889406724,0.0065213844490728465,-3.6452464541911613
1790096791495576576,41.904576416015665,4.65275565355643,-0.022874701056725316,-2.0121541861457644
1790096791505576448,41.91457641601566,4.921681028729999,-0.03668839857308498,-0.7042347605981617
1790096791515576576,41.92457641601566,5.339672078744141,0.3696425003061194,0.07908306397440182
1790096791525576448,41.93457641601566,5.528479661996001,0.7940377026091967,0.0076869747882998
1790096791535576576,41.944576416015664,5.857934153436308,1.033788838173512,-0.6923288739123054
1790096791545576448,41.95457641601566,6.2759998512189314,1.3251791693359176,-1.49103926249875
1790096791555576576,41.96457641601566,6.330106566394943,1.626703025634419,-2.3229840405951596
1790096791565576448,41.974576416015665,5.898110187254248,1.7574295894218064,-2.957008021970041
1790096791575576576,41.98457641601566,6.337745727309841,1.2748589054459623,-2.6675336971921535
1790096791585576448,41.99457641601566,8.244367192644159,1.0072425528302025,-2.9506095618893347
1790096791595576576,42.00457641601566,9.102682719318981,0.841969812906085,-3.5569578832171276
1790096791605576448,42.014576416015665,8.095901096566044,0.8084373646441565,-4.273713915463022
1790096791615576576,42.02457641601566,7.0186509395860535,0.6748247376305943,-4.700235067110308
1790096791625576448,42.03457641601566,7.263935773297791,0.38620155710439386,-4.8229129063282326
1790096791635576576,42.044576416015666,8.003998831584221,-0.24331483981717,-4.658382119328637
1790096791645576448,42.054576416015664,10.40089389924376,-0.7833821410956038,-4.920057656574755
1790096791655576576,42.06457641601566,13.292787738359538,-1.062856372641585,-6.228150361349122
1790096791665576448,42.07457641601566,11.588294963232691,-1.1211776004707517,-7.655318199509178
1790096791675576576,42.084576416015665,7.010802736092453,-1.6170582446712256,-7.776618058618835
1790096791685576448,42.09457641601566,6.860044424293094,-2.4248836293715144,-6.958125849357788
1790096791695576576,42.10457641601566,8.735639707465785,-3.230572252295871,-7.015310170836898
1790096791705576448,42.114576416015666,8.870640459166754,-4.16111603845297,-7.275367038407773
1790096791715576576,42.124576416015664,6.788265871940231,-4.872321596001804,-7.1119842925237995
1790096791725576448,42.13457641601566,5.316691147749051,-5.3623770864575455,-6.284212093390627
1790096791735576576,42.14457641601566,5.977696181644829,-5.700479403874141,-5.1097076123406175
1790096791745576448,42.154576416015665,7.602306505705905,-5.591518579191447,-4.394729494481217
1790096791755576576,42.16457641601566,8.20783083011755,-4.773398901926388,-4.3123863719295965
1790096791765576448,42.17457641601566,7.043181529286577,-3.457330425129795,-4.292944785798809
1790096791775576576,42.184576416015666,5.964478924865911,-2.454117694234677,-4.179888973689387
1790096791785576448,42.194576416015664,5.868456810149691,-1.8636254874007425,-4.031256736989506
1790096791795576576,42.20457641601566,7.049153901800784,-1.603502238250118,-3.8968750170725457
1790096791805576448,42.21457641601566,8.905983722618657,-1.3705137026596845,-4.105882867091806
1790096791815576576,42.224576416015665,8.821352142694844,-1.0509138137532628,-5.171361321691817
1790096791825576448,42.23457641601566,5.888996504177124,-1.0845155063660907,-6.3125181384627975
1790096791835576576,42.24457641601566,4.434241005659204,-1.696907158746428,-6.982337666963596
1790096791845576448,42.25457641601567,6.1409768028370575,-2.884003886557579,-7.114948307529141
1790096791855576576,42.264576416015665,8.333067346727743,-4.202104572034174,-6.666531557838495
1790096791865576448,42.27457641601566,8.654999997518319,-5.16582432796087,-6.396139703879485
1790096791875576576,42.28457641601566,7.364836179884041,-5.756663065118469,-6.734698569370846
1790096791885576448,42.294576416015666,7.421308306042712,-6.432476710694989,-7.277821959502171
1790096791895576576,42.304576416015664,8.666504859924316,-7.1891210443670746,-7.41770214923162
1790096791905576448,42.31457641601566,8.508043775372457,-7.442324975272532,-7.23611214216977
1790096791915576576,42.32457641601566,7.1621444797944145,-7.271444586609867,-6.829935813964758
1790096791925576448,42.334576416015665,6.772269227057566,-6.842502826190366,-6.223508206401318
1790096791935576576,42.34457641601566,7.759638967733176,-6.448527430512648,-5.744348188909603
1790096791945576448,42.35457641601566,9.188021336266836,-5.974736051642446,-5.517704033982746
1790096791955576576,42.364576416015666,9.761452783052272,-5.383582044578402,-5.477190352001712
1790096791965576448,42.374576416015664,8.988431393286907,-4.9613088846436195,-6.084954184330239
1790096791975576576,42.38457641601566,7.696168970028226,-4.9662238252218165,-6.87059700330374
1790096791985576448,42.39457641601566,6.828851580731462,-5.219930327749724,-7.144977710928098
1790096791995576576,42.404576416015665,6.324326640778429,-5.446495437938752,-6.479182348176238
1790096792005576448,42.41457641601566,5.819148018476436,-5.76572939282937,-5.575943602899179
1790096792015576576,42.42457641601566,6.5711479542019795,-6.08586997559594,-5.395828755822104
1790096792025576448,42.434576416015666,8.297012142505029,-6.000828693253458,-5.548797807663102
1790096792035576576,42.444576416015664,8.748084875147567,-6.054893368860896,-5.661392389172136
1790096792045576448,42.45457641601566,7.858040225111071,-6.295120252795875,-5.6451733866879446
1790096792055576576,42.46457641601566,7.459435641517399,-6.55907633674713,-5.487001113188527
1790096792065576448,42.474576416015665,7.33341075072646,-5.926380481794022,-5.865300665256939
1790096792075576576,42.48457641601566,6.345428123559389,-5.146796103802889,-5.465353272786726
1790096792085576448,42.49457641601566,6.149246195444556,-4.297988871848879,-4.565558399666626
1790096792095576576,42.50457641601567,7.1746889495895125,-3.418542678560497,-4.821448990130873
1790096792105576448,42.514576416015665,7.651193363258949,-3.171211576048005,-5.236877845323974
1790096792115576576,42.52457641601566,6.744650408838924,-3.5746534685088065,-5.0144685702911875
1790096792125576448,42.53457641601566,5.975298808301888,-4.335748857521537,-4.649251770734473
1790096792135576576,42.544576416015666,5.735871774868909,-5.11522852838352,-4.334136025593093
1790096792145576448,42.554576416015664,5.722593556486148,-5.276658120907421,-4.275619087578136
1790096792155576576,42.56457641601566,5.652538077679801,-5.0504266570360326,-4.18508913919202
1790096792165576448,42.57457641601566,5.550087373729747,-4.8298658350906605,-3.95792377600188
1790096792175576576,42.584576416015665,5.659321517857688,-4.574367613750131,-3.9633616231545057
1790096792185576448,42.59457641601566,5.570028790350375,-4.894560737590722,-4.258854787293305
1790096792195576576,42.60457641601566,5.560567551542159,-5.714000413485434,-5.3672564097852895
1790096792205576448,42.614576416015666,6.826059325232771,-6.450773553835455,-6.4290835107991855
1790096792215576576,42.624576416015664,8.028448229760292,-7.154817372811948,-6.855531011871542
1790096792225576448,42.63457641601566,8.179610764591201,-8.088142113028363,-6.934837546826039
1790096792235576576,42.64457641601566,8.632728335966847,-8.278252339062465,-7.36522760290688
1790096792245576448,42.654576416015665,9.833328920708817,-7.4904086604086215,-8.075214936733213
1790096792255576576,42.66457641601566,10.580362907235214,-6.325664392798843,-8.588063073360145
1790096792265576448,42.67457641601566,9.4142551168618,-6.063064169697831,-8.067117309003184
1790096792275576576,42.684576416015666,7.863876985855193,-6.444135004626241,-6.9112086728075335
1790096792285576448,42.694576416015664,6.876118307974742,-6.363709603310634,-5.6111891774043645
1790096792295576576,42.70457641601566,6.6137735271087905,-5.621255990726416,-4.970411550341802
1790096792305576448,42.71457641601566,6.624468560885798,-4.759819085843832,-5.058856986046742
1790096792315576576,42.724576416015665,6.205972329085927,-4.564476694937598,-5.05120958816112
1790096792325576448,42.73457641601566,5.952446548907953,-4.708051094513448,-4.994366599497704
1790096792335576576,42.74457641601566,6.270913975002601,-4.650575782258582,-5.14433908573769
1790096792345576448,42.75457641601567,6.676730420770759,-4.485903968034251,-5.354655399122755
1790096792355576576,42.764576416015665,7.21951194100866,-4.198360196463357,-5.656703532819532
1790096792365576448,42.77457641601566,7.74092749905567,-3.8062937838830604,-6.067072961545096
1790096792375576576,42.78457641601566,6.925076607829195,-4.1354755785669415,-5.677246566657842
1790096792385576448,42.794576416015666,5.980054598521373,-4.660155839439212,-5.148323469642819
1790096792395576576,42.804576416015664,6.735310606780692,-4.584370308810386,-5.821496316575554
1790096792405576448,42.81457641601566,9.077046722598277,-3.8220450704486413,-7.557599859578187
1790096792415576576,42.82457641601567,10.51919419749539,-3.684781181379302,-8.287517433064915
1790096792425576448,42.834576416015665,10.063900145789317,-4.454246097394579,-7.766598095964524
1790096792435576576,42.84457641601566,8.68388258941791,-5.089086373511029,-7.191442936309587
1790096792445576448,42.85457641601566,8.159954385384827,-5.0139042998145715,-7.355241077573408
1790096792455576576,42.864576416015666,8.30970388793439,-4.482212116417081,-7.561087987816475
1790096792465576448,42.874576416015664,7.396126948854757,-4.196741177745573,-7.226449006699366
1790096792475576576,42.88457641601566,5.840741979071909,-4.260685386604658,-6.323728198309146
1790096792485576448,42.89457641601567,5.766620114809202,-3.8947502377650975,-5.66232500160795
1790096792495576576,42.904576416015665,6.250827245002134,-3.4270579225925784,-5.352288473214983
1790096792505576448,42.91457641601566,6.546568828988758,-3.015040508727317,-5.4188416395771455
1790096792515576576,42.92457641601566,6.810000077646426,-2.6888194410482438,-5.390973485891387
1790096792525576448,42.934576416015666,7.192918345626704,-2.2530029690625795,-5.760647861314137
1790096792535576576,42.944576416015664,8.046151244606545,-1.7653737180055917,-6.171428553710202
1790096792545576448,42.95457641601566,9.21774602442978,-1.6322048204578725,-6.420579778948406
1790096792555576576,42.96457641601566,10.306106536678636,-1.9925927524109548,-6.4116762471723
1790096792565576448,42.974576416015665,10.98795411747746,-2.2766246142129116,-6.663987306203987
1790096792575576576,42.98457641601566,10.491601602436779,-2.6061577171027928,-7.023300352489392
1790096792585576448,42.99457641601566,8.826281035126263,-3.2605644405965752,-6.94510483813094
1790096792595576576,43.00457641601567,6.99710859232092,-3.843565047001254,-6.214564661857253
1790096792605576448,43.014576416015665,5.9620798776359845,-3.701488479323196,-5.304882590597117
1790096792615576576,43.02457641601566,5.9658364706265585,-2.606669649049444,-4.843971570908466
1790096792625576448,43.03457641601566,6.117154840129279,-1.4367694972560079,-4.531831681501357
1790096792635576576,43.044576416015666,6.157976529264379,-0.7285857580835496,-4.019336958737854
1790096792645576448,43.054576416015664,6.635784476462121,-0.11252689067466387,-3.362340504464119
1790096792655576576,43.06457641601566,7.294097285583118,0.7698861743554233,-2.902679553187289
1790096792665576448,43.07457641601567,7.454346251128412,1.3040218853080143,-2.6883919376749215
1790096792675576576,43.084576416015665,6.483820652165885,1.2536227143950862,-2.672147302743438
1790096792685576448,43.09457641601566,4.819661218885977,0.7281275057828731,-2.514747572483699
1790096792695576576,43.10457641601566,3.6694401557026755,-0.041159914681534016,-2.0545199185753464
1790096792705576448,43.114576416015666,4.431442529299929,-0.4365626353994354,-1.6050313142729058
1790096792715576576,43.124576416015664,6.556525081219032,-0.45372585693680156,-1.2420247106999602
1790096792725576448,43.13457641601566,8.562431920381867,0.003522545590636049,-1.4942527838996467
1790096792735576576,43.14457641601567,8.86469717930238,0.9666574310113665,-2.061616986311568
1790096792745576448,43.154576416015665,7.296525441977566,1.6066667739283433,-2.1937281914473794
1790096792755576576,43.16457641601566,5.345477366581735,1.8156671336445849,-2.0406103231226655
1790096792765576448,43.17457641601566,7.388240452903503,1.9119645989996406,-2.177106481918276
1790096792775576576,43.184576416015666,11.592099482764004,1.888531009044371,-3.080627670035013
1790096792785576448,43.194576416015664,12.28296868060433,1.8042927444670682,-4.213605292865419
1790096792795576576,43.20457641601566,8.537948840137396,1.4856993311935225,-4.926687444418155
1790096792805576448,43.21457641601566,6.452397110530126,1.2538066076203453,-5.152062967227356
1790096792815576576,43.224576416015665,7.823383033195184,0.6562149978808561,-5.1717636516677805
1790096792825576448,43.23457641601566,8.577828234026686,-0.37808017579905734,-4.871536722788682
1790096792835576576,43.24457641601566,6.746322839971052,-1.3212093917356964,-4.542062586577739
1790096792845576448,43.25457641601567,4.487290180436666,-2.228017475881904,-3.486726197070349
1790096792855576576,43.264576416015665,4.881139863895468,-2.6734613235137084,-2.1395114909554365
1790096792865576448,43.27457641601566,7.247291417146318,-2.2421396831870988,-1.3464266889306875
1790096792875576576,43.28457641601566,7.732967991314569,-1.6441897921469977,-1.6462882487261634
1790096792885576448,43.294576416015666,5.500798397172221,-0.9785608150246903,-2.225695533847421
1790096792895576576,43.304576416015664,3.5542294342319174,-0.43775309479404856,-2.3848800750879366
1790096792905576448,43.31457641601566,3.773981557932111,-0.28602159175228176,-2.081516460795815
1790096792915576576,43.32457641601567,5.572787383278458,-0.31051852645050054,-1.6523666198509763
1790096792925576448,43.334576416015665,8.29040692603992,0.0293070226536922,-1.914303908084816
1790096792935576576,43.34457641601566,10.60123918531591,0.8303335898782362,-2.950371506304417
1790096792945576448,43.35457641601566,10.131794150211768,1.680280097458444,-4.196384677223872
1790096792955576576,43.364576416015666,6.98737546784594,1.9444256165350393,-5.435784716306793
1790096792965576448,43.374576416015664,5.253903232975397,1.3322190428606389,-5.806956961386055
1790096792975576576,43.38457641601566,7.503297640172919,0.29270279188244197,-5.978359377258839
1790096792985576448,43.39457641601567,11.07515509051482,-0.6411017118038258,-6.930641156252167
1790096792995576576,43.404576416015665,11.060281546949302,-1.381928576194574,-8.044691938561341
1790096793005576448,43.41457641601566,7.81886302667438,-1.9609662222527895,-8.080187850307402
1790096793015576576,43.42457641601566,6.859892848611432,-2.3478745721071843,-7.475359279189454
1790096793025576448,43.434576416015666,8.32497330355168,-2.902283556397716,-7.21448058527637
1790096793035576576,43.444576416015664,9.27975621373981,-3.365563080284702,-7.387215549206616
1790096793045576448,43.45457641601566,7.102745739249474,-3.449272879231531,-6.987649500366578
1790096793055576576,43.46457641601567,4.731447630755002,-3.6700358616903084,-6.0590680987742305
1790096793065576448,43.474576416015665,4.793953463103068,-3.8712061146611343,-4.973142197945983
1790096793075576576,43.48457641601566,6.813514395606459,-3.917119246482852,-4.288067630753721
1790096793085576448,43.49457641601566,9.134790724856627,-3.5717471155714113,-4.164028572607652
1790096793095576576,43.50457641601567,8.700841600480913,-2.821334520274713,-4.526234174673886
1790096793105576448,43.514576416015665,6.074621703486811,-2.262159142017863,-4.863619828344056
1790096793115576576,43.52457641601566,4.855906187019485,-2.2406527544838597,-4.970240714747217
1790096793125576448,43.53457641601567,6.117698290238553,-2.5863119787865507,-5.00159096152188
1790096793135576576,43.544576416015666,8.40401428075967,-3.1637697678595176,-4.945613572958023
1790096793145576448,43.554576416015664,10.591164584589137,-3.630796123233938,-5.511125403328176
1790096793155576576,43.56457641601566,11.359467506804135,-3.6660444670276027,-7.603163400243383
1790096793165576448,43.57457641601567,10.161864551026126,-3.758375143343585,-10.659555711851116
1790096793175576576,43.584576416015665,8.55701029770923,-5.001171615001979,-12.515801196443071
1790096793185576448,43.59457641601566,8.882977141197564,-7.239808480715622,-12.665723521334481
1790096793195576576,43.60457641601566,10.193913425249956,-9.08554784239714,-11.646384322733223
1790096793205576448,43.614576416015666,8.998599187096474,-9.51496710460738,-9.23358197249321
1790096793215576576,43.624576416015664,6.494768855560218,-8.037851821402747,-7.272196869950734
1790096793225576448,43.63457641601566,5.158356789016605,-6.025512065411175,-6.043846426441615
1790096793235576576,43.64457641601567,5.448221620642054,-4.582753062030675,-4.993371406909517
1790096793245576448,43.654576416015665,6.753807456002406,-3.6995893047663304,-4.133232500959034
1790096793255576576,43.66457641601566,6.755230024300294,-3.4441122260129875,-3.2665486143367963
1790096793265576448,43.67457641601566,5.570142173863843,-3.4341626809630954,-2.993638477091221
1790096793275576576,43.684576416015666,4.59867659547871,-3.5635296849730835,-3.0544388162798772
1790096793285576448,43.694576416015664,4.515652270700315,-3.8630270132269544,-3.0278348746727026
1790096793295576576,43.70457641601566,5.272637594956411,-3.96386490417263,-3.0732526763303123
1790096793305576448,43.71457641601567,5.898640541502332,-3.808129403087939,-3.1594782946172413
1790096793315576576,43.724576416015665,6.171746735696229,-3.3405098201142502,-3.7459090486774933
1790096793325576448,43.73457641601566,6.185317029237791,-2.775447155984829,-4.810213271867836
1790096793335576576,43.74457641601566,5.432721074365815,-2.809348727472716,-5.496000456777361
1790096793345576448,43.75457641601567,5.193161511713698,-3.5732918859512313,-5.482053085761865
1790096793355576576,43.764576416015665,6.476708143992614,-4.480664607457582,-5.8374610300082725
1790096793365576448,43.77457641601566,8.6938949767453,-5.2760705300940876,-6.516390153859595
1790096793375576576,43.78457641601567,10.168636403887758,-6.170709694633238,-7.441781870121355
1790096793385576448,43.794576416015666,10.921944298903568,-7.5276738932464164,-8.015301238060102
1790096793395576576,43.804576416015664,11.502012555013568,-8.980416465296903,-9.085140918574782
1790096793405576448,43.81457641601566,11.490116223329828,-9.369632544768761,-9.802803741241227
1790096793415576576,43.82457641601567,11.016663565778552,-8.428232947835658,-10.371490821925361
1790096793425576448,43.834576416015665,10.116199694373368,-7.499258286541382,-9.797187405965637
1790096793435576576,43.84457641601566,8.389953127048598,-7.157642990762588,-7.53891451924189
1790096793445576448,43.85457641601566,6.499917208328098,-7.252213454943377,-5.68301239976013
1790096793455576576,43.864576416015666,5.421586213279497,-7.235318480257347,-4.344830902891741
1790096793465576448,43.874576416015664,4.960012763552212,-6.98657345880335,-3.254812555688516
1790096793475576576,43.88457641601566,5.062607343410637,-6.231041094202269,-2.865145212781419
1790096793485576448,43.89457641601567,5.429196833738298,-5.075610966349603,-3.0393041073978058
1790096793495576576,43.904576416015665,5.406898390981428,-3.9986682450387967,-3.051451901052548
1790096793505576448,43.91457641601566,5.03049613139365,-3.317326131987762,-2.7238318972607938
1790096793515576576,43.92457641601566,4.682839590552151,-3.0421044312202326,-2.3228832986181893
1790096793525576448,43.934576416015666,5.219473663485548,-2.9170471845031756,-2.292736545001772
1790096793535576576,43.944576416015664,6.016817159197822,-2.9676775272607756,-3.1173091556556187
1790096793545576448,43.95457641601566,6.871602844533451,-3.208424288376069,-4.678643969567346
1790096793555576576,43.96457641601567,7.571321807040101,-3.39737368512045,-5.44770716492104
1790096793565576448,43.974576416015665,7.671922821218107,-3.9262030074866683,-5.6278765481870705
1790096793575576576,43.98457641601566,7.2954164661072545,-4.754048633142131,-5.654355433783949
1790096793585576448,43.99457641601566,7.508933938740451,-4.996633637301902,-6.242212291397051
1790096793595576576,44.00457641601567,8.117651484713669,-4.79659725044418,-6.9400366471755595
1790096793605576448,44.014576416015665,8.10802902220274,-4.805901440627612,-7.136669858646011
1790096793615576576,44.02457641601566,7.572060823611335,-5.348588771512962,-6.811640057333413
1790096793625576448,44.03457641601567,7.010863329974924,-6.133169527520859,-6.67345146786293
1790096793635576576,44.044576416015666,6.453176783120167,-6.678950163966789,-6.631132787260756
1790096793645576448,44.054576416015664,6.1690737579245,-6.7916676714426085,-6.574622342618841
1790096793655576576,44.06457641601566,6.620941523889437,-6.260934738239911,-6.7981969845587855
1790096793665576448,44.07457641601567,7.456537706944479,-5.518063555500461,-7.406769367191719
1790096793675576576,44.084576416015665,8.54663067421759,-5.18163116058172,-7.802395958156826
1790096793685576448,44.09457641601566,9.471253762611711,-5.233349914039336,-8.010657995370327
1790096793695576576,44.10457641601567,9.59210323544523,-5.440486791761165,-7.630400559238828
1790096793705576448,44.114576416015666,8.796468083763369,-5.564890729476235,-6.758918987573839
1790096793715576576,44.124576416015664,8.222004856254545,-5.0718318529642685,-6.22702169418335
1790096793725576448,44.13457641601566,8.431871597718871,-4.235741484782865,-6.287995229779373
1790096793735576576,44.14457641601567,9.10061122391346,-3.5635746101153742,-6.6817295027198975
1790096793745576448,44.154576416015665,9.158753863962236,-3.4634532449277,-6.953348854012242
1790096793755576576,44.16457641601566,8.561196459781941,-3.9000449259663825,-6.80693211823252
1790096793765576448,44.17457641601567,7.680732261215441,-4.117020863884069,-6.478346598496779
1790096793775576576,44.184576416015666,6.752401234131899,-4.0514766114859375,-6.002126846159702
1790096793785576448,44.194576416015664,5.471094406886037,-3.8852613867432217,-5.324015793687061
1790096793795576576,44.20457641601566,4.524673549863611,-3.479601578637958,-4.8997285743437216
1790096793805576448,44.21457641601567,4.3119504675796145,-3.022955277462913,-4.7475102091542105
1790096793815576576,44.224576416015665,5.335226060583833,-2.6907886184868843,-4.6238050553939845
1790096793825576448,44.23457641601566,7.150438982603477,-2.4428326668162548,-4.611648336491454
1790096793835576576,44.24457641601566,8.895614161161316,-2.457925533887962,-4.838075641116129
1790096793845576448,44.25457641601567,10.302677379923056,-2.4277319375885,-5.50121385709132
1790096793855576576,44.264576416015665,10.815930380030276,-2.205300991054824,-6.908400018598198
1790096793865576448,44.27457641601566,10.446680766126539,-2.277717685978982,-8.946302994384123
1790096793875576576,44.28457641601567,9.37108146820681,-3.3399250758427854,-9.638102848899253
1790096793885576448,44.294576416015666,8.822150366447106,-4.031933689502986,-8.354791803891878
1790096793895576576,44.304576416015664,9.930441080816005,-3.346931905795866,-6.9221615364439675
1790096793905576448,44.31457641601566,10.203468162528678,-2.17432571707792,-6.166960052659695
1790096793915576576,44.32457641601567,8.080070711325966,-1.7023618143309098,-5.460916671879418
1790096793925576448,44.334576416015665,5.847429045478998,-1.4842084588785602,-4.863953625529482
1790096793935576576,44.34457641601566,4.416233562267319,-1.266767239595528,-4.165814538307245
1790096793945576448,44.35457641601567,4.796011631401165,-0.9112341916572042,-3.5392004783269266
1790096793955576576,44.364576416015666,6.5902754889780875,-0.4581928487231123,-3.2466175699318045
1790096793965576448,44.374576416015664,8.001163685894243,-0.33418431772144386,-3.0719537492652518
1790096793975576576,44.38457641601566,7.607221500433398,-0.7556129066481676,-3.1373971712902136
1790096793985576448,44.39457641601567,5.260194882522233,-1.5580819829799373,-3.3395271987053206
1790096793995576576,44.404576416015665,2.238094544707641,-2.569845074806359,-2.731055820045896
1790096794005576448,44.41457641601566,0.922435970170384,-3.074949096621534,-0.6834949731669362
1790096794015576576,44.42457641601567,1.8194029396308442,-2.361362253806102,0.8401392587663652
1790096794025576448,44.434576416015666,4.227145732273486,-0.7609820972023669,1.2686261037262603
1790096794035576576,44.444576416015664,6.175159855621831,1.0956368901703386,1.0214748971690266
1790096794045576448,44.45457641601566,6.48864352237629,2.3108856554993475,0.3783001387245811
1790096794055576576,44.46457641601567,7.930566353711905,3.8709161164870016,-0.4205406196320974
1790096794065576448,44.474576416015665,10.511165695110858,5.330642657157115,-1.8785483657033724
1790096794075576576,44.48457641601566,12.72123500153369,6.263393210500565,-4.007704667584813
1790096794085576448,44.49457641601566,13.646270967007345,5.366643731767786,-5.832815660791685
1790096794095576576,44.50457641601567,11.412536853014972,3.7801459153252344,-7.25061885214736
1790096794105576448,44.514576416015665,6.561894768029607,2.5206143569840114,-7.50724671199021
1790096794115576576,44.52457641601566,4.025232014191278,1.6284658842115576,-6.499787572098018
1790096794125576448,44.53457641601567,5.364515918285303,0.4083130178330552,-5.221251380936277
1790096794135576576,44.544576416015666,8.318734724001487,-1.2400468820591781,-4.287235595338008
1790096794145576448,44.554576416015664,11.248568394104863,-2.358100856637413,-3.8078968736498786
1790096794155576576,44.56457641601566,11.520052856936937,-1.9574604705241134,-4.179239004734565
1790096794165576448,44.57457641601567,8.774146236124647,-1.17901527759949,-4.426466223194112
1790096794175576576,44.584576416015665,8.24138343272107,-0.39286542036637406,-4.856361777479334
1790096794185576448,44.59457641601566,7.343856774885275,-0.03132266609408729,-5.655774220468665
1790096794195576576,44.60457641601567,4.966592917962267,-0.5391946410556626,-5.360506211896294
1790096794205576448,44.614576416015666,4.350062399294843,-1.4004060522266317,-3.800050830637891
1790096794215576576,44.624576416015664,6.11023382690506,-1.7066594737518397,-2.812223707714203
1790096794225576448,44.63457641601566,6.622812399362021,-1.7950462656698594,-2.5940469316170964
1790096794235576576,44.64457641601567,4.7429819555537325,-1.8916398466162154,-2.578911519769855
1790096794245576448,44.654576416015665,3.0804783723874714,-2.1148332638517284,-2.1020525078807077
1790096794255576576,44.66457641601566,3.3115180597371507,-2.2727320259277874,-1.7657576883682078
1790096794265576448,44.67457641601567,4.448963259315719,-2.35465856667787,-1.6617177056476864
1790096794275576576,44.684576416015666,6.37884717018501,-2.060115457452261,-1.928890605925447
1790096794285576448,44.694576416015664,8.629463348340568,-1.161094362480792,-2.7713959104411634
1790096794295576576,44.70457641601566,9.713047281774172,0.021139124469287562,-3.7510855044359843
1790096794305576448,44.71457641601567,8.947116798544268,1.2311438777399406,-4.964332210420909
1790096794315576576,44.724576416015665,7.63151016835663,1.9043129739451894,-6.252170857713377
1790096794325576448,44.73457641601566,7.780855508603818,1.354039388640097,-6.8768288639748105
1790096794335576576,44.74457641601567,9.513432999184461,0.3328924492417959,-7.406237884478593
1790096794345576448,44.75457641601567,10.150192798314665,-0.8008690918400927,-8.083953865221812
1790096794355576576,44.764576416015665,8.30814308458049,-1.991112547957227,-8.213354986703274
1790096794365576448,44.77457641601566,7.064021924272916,-3.1226519727898614,-8.001512814598765
1790096794375576576,44.78457641601567,8.239988652221651,-4.2536011283239885,-7.673690247571276
1790096794385576448,44.794576416015666,9.34436370443047,-5.034051866616567,-7.836442207648014
1790096794395576576,44.804576416015664,7.436301143835286,-5.639263075611322,-7.699107739323942
1790096794405576448,44.81457641601567,6.173410365594616,-6.2091378716663765,-7.0352795979551646
1790096794415576576,44.82457641601567,8.537641343802644,-6.539358873879253,-6.88305367978858
1790096794425576448,44.834576416015665,11.107550499994593,-6.656717670304707,-7.008483181244354
1790096794435576576,44.84457641601566,9.715913319350959,-6.358624501943769,-7.486496234110151
1790096794445576448,44.85457641601567,6.571635666999907,-5.733598673362824,-8.09962869444313
1790096794455576576,44.864576416015666,6.3916341979509665,-5.34300323081582,-8.209203702850678
1790096794465576448,44.874576416015664,8.250360956712873,-5.254329926242168,-7.53383203010629
1790096794475576576,44.88457641601566,8.464357111474493,-5.094515482970366,-6.631639223604405
1790096794485576448,44.89457641601567,7.122451515999554,-4.744823061317884,-6.148782381383502
1790096794495576576,44.904576416015665,6.451928073776887,-4.439828136024386,-6.087494061857564
1790096794505576448,44.91457641601566,7.0883947820469055,-4.213004764989032,-6.090631008148193
1790096794515576576,44.92457641601567,7.097013164239987,-3.510589243586964,-5.700517376555403
1790096794525576448,44.934576416015666,5.920188737600326,-3.1780375074904046,-5.5683732076009385
1790096794535576576,44.944576416015664,6.003905459471901,-3.10873840315152,-5.673405265862421
1790096794545576448,44.95457641601566,7.484207884533125,-3.157134029919678,-5.633717656273551
1790096794555576576,44.96457641601567,8.62671949820773,-3.2303896989608933,-5.46614449896643
1790096794565576448,44.974576416015665,7.974742146246756,-3.4433919985956045,-5.786738798745842
1790096794575576576,44.98457641601566,6.398410369581964,-4.060599805508311,-6.402313335279883
1790096794585576448,44.99457641601567,5.58043275541497,-4.748670008683109,-6.452431459119295
1790096794595576576,45.00457641601567,5.454962831965385,-5.154742290802533,-5.773475195276234
1790096794605576448,45.014576416015665,5.819999309828111,-5.3090001536154965,-4.720798721974139
1790096794615576576,45.02457641601566,6.464816891492836,-5.319533614583977,-4.077455305351869
1790096794625576448,45.03457641601567,6.751328600597701,-5.49052264594838,-4.0384689754614955
1790096794635576576,45.044576416015666,7.103389340408309,-5.654727865173377,-4.1344237086876525
1790096794645576448,45.054576416015664,7.626141588650196,-5.5958492055289115,-4.724582472329684
1790096794655576576,45.06457641601567,8.374322820718664,-5.756401489979732,-5.474568550670794
1790096794665576448,45.07457641601567,9.379571620874158,-6.306567853453282,-6.185311772900873
1790096794675576576,45.084576416015665,10.146455835392185,-7.117338089580733,-7.048963553222496
1790096794685576448,45.09457641601566,10.065230194137499,-7.751063579058775,-7.761040304906673
1790096794695576576,45.10457641601567,9.457464667123098,-7.635654585319895,-7.563698661814192
1790096794705576448,45.114576416015666,8.520636194381138,-6.847672107513865,-6.912061754516796
1790096794715576576,45.124576416015664,8.145542519683303,-5.906538089275507,-6.273787900168889
1790096794725576448,45.13457641601566,7.858437770016665,-5.327268261052669,-5.797893026618061
1790096794735576576,45.14457641601567,7.087064485112188,-5.170920076843885,-5.15112326279393
1790096794745576448,45.154576416015665,6.460824892066843,-5.23647184015647,-4.6414722112952225
1790096794755576576,45.16457641601566,6.093781677441056,-5.470837065935324,-4.338575695020202
1790096794765576448,45.17457641601567,6.0274087086373775,-5.3952067366682135,-4.447782740274948
1790096794775576576,45.184576416015666,5.757026973029098,-5.3054610152879205,-4.5612861745555575
1790096794785576448,45.194576416015664,5.9528848969812715,-5.094325300719696,-5.032223722525901
1790096794795576576,45.20457641601566,6.474868367433572,-4.77388765334616,-5.728371659949694
1790096794805576448,45.21457641601567,6.478318534258326,-4.8841602065245775,-6.019933229146446
1790096794815576576,45.224576416015665,6.508850716770804,-5.281624836871957,-5.87668257984919
1790096794825576448,45.23457641601566,6.696769358605167,-5.501937038829636,-5.7546670987807
1790096794835576576,45.24457641601567,6.962533486757563,-5.507952780216693,-5.945896567613541
1790096794845576448,45.25457641601567,7.460079161005505,-5.2935706043185755,-6.190970177309908
1790096794855576576,45.264576416015665,7.656395099457019,-5.114055596445388,-6.285901056249821
1790096794865576448,45.27457641601566,7.709522291561677,-4.971544068221104,-6.271823972155892
1790096794875576576,45.28457641601567,7.437150163319344,-5.155667814936192,-6.0912808656322746
1790096794885576448,45.294576416015666,7.016456586420441,-5.548307987300059,-5.87428147885896
1790096794895576576,45.304576416015664,6.699345193922446,-5.78337684652,-5.238532557275104
1790096794905576448,45.31457641601567,6.63453919297835,-5.61271146451604,-4.846355343638819
1790096794915576576,45.32457641601567,6.404156697487305,-5.340940922848414,-4.8578215615273646
1790096794925576448,45.334576416015665,6.054373263156873,-5.1161359674793125,-4.944947163725073
1790096794935576576,45.34457641601566,6.089098527679827,-4.797512637921035,-5.190590427520238
1790096794945576448,45.35457641601567,6.493265271032048,-4.491866544092719,-5.480216251516116
1790096794955576576,45.364576416015666,6.920586399244539,-4.44128672347419,-5.681444561978011
1790096794965576448,45.374576416015664,7.13424339668838,-4.576531421566514,-5.692035310788464
1790096794975576576,45.38457641601567,7.563562855264634,-4.470205047388751,-5.963363796516958
1790096794985576448,45.39457641601567,8.443641679120264,-4.201662901639603,-6.70681995654994
1790096794995576576,45.404576416015665,9.788653997396773,-4.02339655574903,-7.526711738773577
1790096795005576448,45.41457641601566,10.935785972123027,-4.3276824522062505,-8.089891119171186
1790096795015576576,45.42457641601567,10.962133056777622,-5.078854907861946,-8.105825220951
1790096795025576448,45.434576416015666,9.909084315817562,-5.827024514527559,-8.208510012387054
1790096795035576576,45.444576416015664,9.473084011268094,-5.589555272012238,-8.579479359416
1790096795045576448,45.45457641601567,9.470225429910238,-4.489852867475172,-8.836729961781987
1790096795055576576,45.46457641601567,8.808252303269429,-3.740087456181383,-8.386171457974097
1790096795065576448,45.474576416015665,8.342010854540812,-3.3273036387487056,-7.543041826428426
1790096795075576576,45.48457641601566,9.037653395093564,-2.783583238193229,-7.162276962832983
1790096795085576448,45.49457641601567,9.712693681387107,-2.137482668388925,-7.229023913933749
1790096795095576576,45.50457641601567,9.579057046596445,-1.7808506821524093,-7.450530539990811
1790096795105576448,45.514576416015665,8.784699003955502,-1.7948287521578958,-7.666078564751328
1790096795115576576,45.52457641601566,8.076817190575598,-1.9080831663582056,-7.7266990770809985
1790096795125576448,45.53457641601567,7.6378373363081735,-2.268930791976785,-7.289148419442806
1790096795135576576,45.544576416015666,7.1183297849934695,-2.7117489876395418,-6.331776115215254
1790096795145576448,45.554576416015664,5.93950545356524,-3.06106548549693,-5.296399860763506
1790096795155576576,45.56457641601567,4.455332186997818,-3.2855350553765534,-4.0370768161200985
1790096795165576448,45.57457641601567,3.7114933201392284,-3.0586975420704996,-2.805456175810386
1790096795175576576,45.584576416015665,3.826604728102223,-2.2805595805286587,-2.060979221289344
1790096795185576448,45.59457641601566,4.63943213010963,-1.2761349922149532,-1.6339469858127338
1790096795195576576,45.60457641601567,6.119628600972404,-0.07067278136546473,-1.4410179616711154
1790096795205576448,45.614576416015666,8.548658595448583,1.529146487022583,-1.8599732652927319
1790096795215576576,45.624576416015664,10.074713408765156,2.4129601060312735,-2.4818613530522304
1790096795225576448,45.63457641601567,9.39521214252876,1.8891637074910865,-3.0170998664104656
1790096795235576576,45.64457641601567,7.73841043947733,0.4000400476890944,-3.6840444566537567
1790096795245576448,45.654576416015665,6.099608633481051,-1.0943280507399207,-4.382333572604999
1790096795255576576,45.66457641601566,4.925358925044295,-1.7074203605619718,-4.336557131599267
1790096795265576448,45.67457641601567,4.340072705544047,-1.47972639393866,-3.6203299255695724
1790096795275576576,45.684576416015666,4.712666311378035,-0.7824831541332057,-2.447327384882331
1790096795285576448,45.694576416015664,6.4223589374917305,0.23189145679231504,-1.7848362944365825
1790096795295576576,45.70457641601567,7.371705832910311,1.103298625863669,-1.800506833035177
1790096795305576448,45.71457641601567,6.616159013945755,1.3377888215761344,-1.4899577110544286
1790096795315576576,45.724576416015665,5.611338895720653,1.2888244544810956,-1.32476435353069
1790096795325576448,45.73457641601566,7.265653073151473,1.4209909859862508,-1.754524349868685
1790096795335576576,45.74457641601567,10.165630186336909,1.0134505576981103,-3.4128079919664778
1790096795345576448,45.75457641601567,9.896316653913372,0.07077950089386997,-4.7343612832532145
1790096795355576576,45.764576416015665,6.209521968951074,-0.15547884779541646,-4.845475668770199
1790096795365576448,45.77457641601566,4.5809664904873895,0.25950051400855184,-4.2824446172261235
1790096795375576576,45.78457641601567,5.577434657410929,0.08810603725805669,-3.384843760112127
1790096795385576448,45.794576416015666,8.01487673547074,0.07973727396150021,-2.4653477142347526
1790096795395576576,45.804576416015664,9.63921721466615,0.4345681647078138,-2.6012804284921858
1790096795405576448,45.81457641601567,8.267717619531616,0.6940980651005364,-2.965845385853184
1790096795415576576,45.82457641601567,5.4425976560113,1.191160372027333,-3.063042222093933
1790096795425576448,45.834576416015665,4.739801171299731,1.6029475290280166,-2.9196737279100993
1790096795435576576,45.84457641601566,6.87173261448005,1.5942164725691015,-2.8487522245388424
1790096795445576448,45.85457641601567,8.737911642686761,1.505982756614685,-3.0020241734415167
1790096795455576576,45.864576416015666,7.804974014160055,1.5635480611803183,-3.242426539500672
1790096795465576448,45.874576416015664,5.207332104471066,1.4289578902481674,-3.1998001858830873
1790096795475576576,45.88457641601567,4.492177943889825,1.3197275527096177,-3.094220782609135
1790096795485576448,45.89457641601567,6.224379956605674,0.9555218580637902,-3.2408612006219957
1790096795495576576,45.904576416015665,7.9524248081960245,0.35196300564462013,-3.6890832942668137
1790096795505576448,45.91457641601566,7.72709737397123,-0.24358744640845373,-4.2023857203620585
1790096795515576576,45.92457641601567,7.615206728311359,-1.1970215513413824,-4.125712823459196
1790096795525576448,45.934576416015666,9.893666237362408,-1.607991614148148,-4.847488404215062
1790096795535576576,45.944576416015664,10.124385658467244,-1.5680847418919193,-6.114699131104564
1790096795545576448,45.95457641601567,6.7885314439180675,-1.8256145136232456,-6.817709404181704
1790096795555576576,45.96457641601567,4.678811985354315,-2.144743484914199,-6.370210549262857
1790096795565576448,45.974576416015665,5.272528906116779,-2.51222203272593,-5.700307681049031
1790096795575576576,45.98457641601566,7.005367881052218,-3.0337425969756664,-5.238920167586173
1790096795585576448,45.99457641601567,9.47191002668458,-3.208210438291294,-5.300471817540474
1790096795595576576,46.00457641601567,10.281838358654161,-2.6358860488419995,-6.038913192232219
1790096795605576448,46.014576416015665,7.55600360034221,-1.9207153841828708,-6.640292239818108
1790096795615576576,46.02457641601567,4.162081885094537,-2.13352716623082,-6.051229115497705
1790096795625576448,46.03457641601567,3.9991245156007227,-3.06354639591632,-5.121926507373706
1790096795635576576,46.044576416015666,5.56742441457886,-4.117209698153537,-4.532273075748175
1790096795645576448,46.054576416015664,6.906637671565937,-4.6949965497484145,-4.3641308508516765
1790096795655576576,46.06457641601567,7.15156561819626,-4.681382041591493,-4.576447410991645
1790096795665576448,46.07457641601567,5.446990831375312,-4.732278746129635,-4.487900464701237
1790096795675576576,46.084576416015665,5.085422800255294,-4.963781933532171,-4.691602070758792
1790096795685576448,46.09457641601567,9.064099074889599,-5.054774326503823,-5.510851255148453
1790096795695576576,46.10457641601567,14.631350321634049,-4.949990623379595,-7.31151485370054
1790096795705576448,46.114576416015666,13.482718777694721,-5.3219285112848045,-9.725452679736998
1790096795715576576,46.124576416015664,7.836480399182898,-6.456705848832348,-11.947841666820555
1790096795725576448,46.13457641601567,7.572767364572746,-8.44857087129672,-12.816355876372526
1790096795735576576,46.14457641601567,10.748259975081336,-9.18570553479073,-12.161420419739738
1790096795745576448,46.154576416015665,9.561014324131984,-8.117658127163946,-10.732611657542583
1790096795755576576,46.16457641601566,6.957825938153102,-6.174759882658969,-9.585183329322042
1790096795765576448,46.17457641601567,5.802068895001918,-4.720730418519448,-8.007272260660057
1790096795775576576,46.184576416015666,5.224020138819264,-4.3531733057927635,-6.226544652045211
1790096795785576448,46.194576416015664,5.313794217913834,-4.698770308727674,-4.857166476882531
1790096795795576576,46.20457641601567,5.871848043447844,-5.105675930806677,-3.6173139096631943
1790096795805576448,46.21457641601567,6.255563462232165,-5.072512522253518,-2.8195533468329814
1790096795815576576,46.224576416015665,5.64530545193659,-4.365214351417804,-2.954666697234118
1790096795825576448,46.23457641601566,4.322234302189251,-3.4997359573516813,-3.2664522233393845
1790096795835576576,46.24457641601567,3.0289491193665077,-2.8258770165052747,-3.0796124972200416
1790096795845576448,46.25457641601567,0.9345967089159748,-2.4219786716063596,-1.6899053100970005
1790096795855576576,46.264576416015665,1.0093323185942007,-1.913349933820443,-1.4972929774933532
1790096795865576448,46.27457641601567,4.281949628611678,-1.4335025961172778,-2.2097442570047576
1790096795875576576,46.28457641601567,9.16212306719373,-1.0284449111735758,-3.612800697302587
1790096795885576448,46.294576416015666,11.737995418956286,-1.7005218275556397,-4.870372658684308
1790096795895576576,46.304576416015664,12.533879760387425,-3.6079558411790176,-6.667654899003106
1790096795905576448,46.31457641601567,13.881222494140266,-7.0092006642326,-8.800365970013548
1790096795915576576,46.32457641601567,16.44195790061773,-10.61389442828721,-12.433044392360824
1790096795925576448,46.334576416015665,16.566132134445482,-12.798859345457416,-15.791979934472275
1790096795935576576,46.34457641601567,12.964669471314968,-13.432306977083604,-15.0350913640445
1790096795945576448,46.35457641601567,9.561094690642356,-12.090325089305757,-13.457240644214574
1790096795955576576,46.364576416015666,8.267620827650402,-9.71100327293501,-10.718254113129131
1790096795965576448,46.374576416015664,6.9801353320600255,-8.319381811409041,-6.957501198594734
1790096795975576576,46.38457641601567,5.4238648342903115,-7.7489929454624225,-5.0467794224523885
1790096795985576448,46.39457641601567,4.883841277550444,-7.047989198699565,-4.375960554784788
1790096795995576576,46.404576416015665,5.2759014601083205,-5.9915255702179735,-4.388374379921079
1790096796005576448,46.41457641601566,5.590660459554357,-4.703704246160294,-4.319325540796483
1790096796015576576,46.42457641601567,5.194715733675068,-3.7122358048745148,-3.686502694826512
1790096796025576448,46.434576416015666,4.597933997488573,-3.1183744381694782,-2.7256423063340427
1790096796035576576,46.444576416015664,3.885150456323398,-2.8638278338053165,-1.7915524241008156
1790096796045576448,46.45457641601567,4.116580166382329,-2.53874036524278,-1.4583688502073346
1790096796055576576,46.46457641601567,5.4826723836048865,-2.029070692010776,-2.212032233063038
1790096796065576448,46.474576416015665,5.76591039421395,-1.9103259962576298,-3.200102621256415
1790096796075576576,46.48457641601566,5.709383930501141,-2.3154470336760293,-4.0119326907598145
1790096796085576448,46.49457641601567,6.2536655822354525,-2.6566039416913676,-4.727549265474599
1790096796095576576,46.50457641601567,6.497412119348843,-3.3189319046035735,-5.101625697399787
1790096796105576448,46.514576416015665,5.961166495067345,-4.535828141659988,-4.901582579759807
1790096796115576576,46.52457641601567,6.064266223002523,-5.432084380219874,-5.319842918085988
1790096796125576448,46.53457641601567,8.017639270112051,-5.240351273479032,-6.887964477517208
1790096796135576576,46.544576416015666,9.595378350996487,-4.9097769536004225,-7.957279648329046
1790096796145576448,46.554576416015664,9.125913124796732,-5.879650348748752,-7.279480019115079
1790096796155576576,46.56457641601567,8.250060323361032,-7.387857430552549,-7.019331425081593
1790096796165576448,46.57457641601567,8.095943830672768,-7.835537512648598,-8.102002449987083
1790096796175576576,46.584576416015665,7.706423682346234,-6.930501202105459,-9.133038427284026
1790096796185576448,46.59457641601567,5.791578274406111,-6.582240257468452,-7.923200210956632
1790096796195576576,46.60457641601567,4.301300830220053,-6.215263173685578,-5.9110910050396495
1790096796205576448,46.614576416015666,4.559781186800077,-5.2301977215404465,-4.923060563060734
1790096796215576576,46.624576416015664,5.775086085362972,-4.068910776445296,-5.089172785182083
1790096796225576448,46.63457641601567,6.875481358747214,-4.163205494427013,-5.239839104760887
1790096796235576576,46.64457641601567,7.84464462340609,-4.882321084159426,-5.5943999134207
1790096796245576448,46.654576416015665,8.854107122575229,-5.001233338872804,-6.238793689674786
1790096796255576576,46.66457641601567,9.916435853188712,-4.2206289570560145,-7.356247490872527
1790096796265576448,46.67457641601567,10.620815238863191,-3.587625542766488,-8.829861240737838
1790096796275576576,46.684576416015666,10.192166870836596,-4.144815155395714,-9.480697873361729
1790096796285576448,46.694576416015664,9.171931607441145,-5.168137591192246,-9.156738689990302
1790096796295576576,46.70457641601567,8.882677682614684,-5.125198214140758,-8.115139335772243
1790096796305576448,46.71457641601567,9.635909768014027,-3.7819728695731563,-7.759683354836185
1790096796315576576,46.724576416015665,11.185450937252359,-2.136735730513506,-9.252363080241741
1790096796325576448,46.73457641601567,10.008852564906395,-3.2693654623856583,-10.161807187903017
1790096796335576576,46.74457641601567,6.224042219164514,-5.10836623985814,-9.638764828536068
1790096796345576448,46.75457641601567,3.847016851323416,-5.215843499292597,-8.283580035549436
1790096796355576576,46.764576416015665,3.182850248650403,-4.667785568548036,-6.381462963588048
1790096796365576448,46.77457641601567,3.421876386780337,-3.9687664118384216,-4.438002747172675
1790096796375576576,46.78457641601567,5.406613456186104,-2.633595955948859,-3.7955847528624433
1790096796385576448,46.794576416015666,6.59777020382022,-2.840466345043582,-3.0274353100304414
1790096796395576576,46.804576416015664,8.335017673474717,-3.193422744170771,-2.913684228054889
1790096796405576448,46.81457641601567,11.19080899273428,-2.1696192842439195,-4.201908678153039
1790096796415576576,46.82457641601567,11.730626818225451,-1.6286539946449332,-5.199392116017004
1790096796425576448,46.834576416015665,8.568475532009526,-1.7825306032120878,-5.125871603932637
1790096796435576576,46.84457641601567,5.695022222050179,-1.1868680577756292,-4.914402627805285
1790096796445576448,46.85457641601567,5.070259398156772,-0.6498241427829599,-4.125722767642476
1790096796455576576,46.864576416015666,5.505264305040773,-0.36795316732374267,-3.354001396551438
1790096796465576448,46.874576416015664,4.9768361005294715,-0.14227724157277394,-3.3876598964484264
1790096796475576576,46.88457641601567,3.606585885614432,-0.7273062158390706,-3.0208771037441537
1790096796485576448,46.89457641601567,2.9924949747483085,-1.5350760638141965,-1.867156137684856
1790096796495576576,46.904576416015665,5.470657605592618,-0.48479094159188696,-1.4111049750664666
1790096796505576448,46.91457641601567,9.491294073939411,2.0795683635791384,-2.3803446079170483
1790096796515576576,46.92457641601567,8.910684145301872,2.3940219803069334,-2.866626725972613
1790096796525576448,46.934576416015666,3.507998024386321,0.161231227613714,-2.01962868178914
1790096796535576576,46.944576416015664,-0.3009263152415418,-1.3611662990796178,-1.284401064249768
1790096796545576448,46.95457641601567,2.185336001750544,-0.857151403566738,-0.763554753073745
1790096796555576576,46.96457641601567,6.806019990225969,0.5503593882788465,-0.25011517925119287
1790096796565576448,46.974576416015665,11.676063222089754,2.179855360380172,-1.044990709465956
1790096796575576576,46.98457641601567,13.161456227392751,2.669974836356906,-2.2338124446310013
1790096796585576448,46.99457641601567,9.907580643796846,2.6519910205515504,-3.4955393275155466
1790096796595576576,47.00457641601567,6.656388780857904,3.242805375560328,-4.533591984174501
1790096796605576448,47.014576416015665,8.516307244557197,3.783195531719462,-5.396788059357797
1790096796615576576,47.02457641601567,11.198982744590651,3.2070516657147317,-6.711467513504049
1790096796625576448,47.03457641601567,8.253416510658916,1.607106438084535,-7.272953409926451
1790096796635576576,47.044576416015666,4.118037950396695,0.3244600124741075,-6.4598947477253645
1790096796645576448,47.054576416015664,3.5428078352656636,-0.814379068003737,-4.766929275792585
1790096796655576576,47.06457641601567,6.203834330521679,-1.836888452424849,-3.1872201315776034
1790096796665576448,47.07457641601567,9.13535830046739,-2.386091021537558,-2.523119799480984
1790096796675576576,47.084576416015665,9.513944840026545,-2.046356593560527,-2.7271744736096117
1790096796685576448,47.09457641601567,7.72285643458645,-1.0212929866907399,-3.274549285165224
1790096796695576576,47.10457641601567,7.032727736007906,-0.14005760010507373,-3.758209784477234
1790096796705576448,47.114576416015666,6.962451185155582,0.3570403717441723,-4.457332749059031
1790096796715576576,47.124576416015664,6.1298246488106205,0.29679588928180034,-4.923059819758313
1790096796725576448,47.13457641601567,5.109629151496787,-0.17193667264034013,-4.54003314788447
1790096796735576576,47.14457641601567,5.2909739591669345,-0.759051192652043,-3.6814036885315344
1790096796745576448,47.154576416015665,6.787949444077013,-0.9954750901642262,-3.115170197777377
1790096796755576576,47.16457641601567,7.53306473578615,-0.8918024381925325,-3.038529191171191
1790096796765576448,47.17457641601567,6.497235456626578,-0.560476263275993,-3.3616776964752493
1790096796775576576,47.184576416015666,5.582531557589571,-0.3755760280039353,-3.465252524600779
1790096796785576448,47.194576416015664,6.402713600513773,-0.6761240392285144,-3.224292069765766
1790096796795576576,47.20457641601567,8.83024549608837,-1.1008776340045476,-3.4370877353658997
1790096796805576448,47.21457641601567,10.602372585831121,-0.9871651741323649,-4.674075020903638
1790096796815576576,47.224576416015665,8.332125817852004,-0.8620186830182917,-6.306153539296989
1790096796825576448,47.23457641601567,5.23263566492803,-1.2230217924830071,-7.069026492461992
1790096796835576576,47.24457641601567,5.932627573879797,-1.826299111032579,-6.970053714940901
1790096796845576448,47.25457641601567,8.637949723007857,-2.5838238865706287,-7.189168151103595
1790096796855576576,47.264576416015665,10.367449741153754,-3.4180442588519524,-7.685252732638344
1790096796865576448,47.27457641601567,9.2542425497603,-3.8598355592498734,-8.48382946314592
1790096796875576576,47.28457641601567,6.23874505263812,-4.2501333897085125,-8.564833729178686
1790096796885576448,47.294576416015666,4.589859695810629,-5.077257203205068,-7.3929847047672785
1790096796895576576,47.30457641601567,6.401331219623586,-5.770578828497004,-6.606748271325965
1790096796905576448,47.31457641601567,10.588201649422446,-5.792551118403499,-6.615067643278782
1790096796915576576,47.32457641601567,9.835105841386294,-5.605565934016701,-6.686170017491635
1790096796925576448,47.334576416015665,4.775983640664039,-5.836851031921378,-6.705084012970121
1790096796935576576,47.34457641601567,4.903741772147203,-5.785594980424234,-7.080154256185193
1790096796945576448,47.35457641601567,9.977234479311303,-5.4887678998472795,-7.202649413336576
1790096796955576576,47.364576416015666,11.582287251482208,-5.846453436261573,-6.635870464634101
1790096796965576448,47.37457641601567,8.313677662081949,-5.831162287469152,-7.453287476350523
1790096796975576576,47.38457641601567,5.6079346199221645,-5.210826353327495,-8.783249955313588
1790096796985576448,47.39457641601567,5.069933142357679,-4.676685411187614,-8.05096871149568
1790096796995576576,47.404576416015665,4.955149261676177,-4.288388509076651,-6.57643722958793
1790096797005576448,47.41457641601567,5.570889550072356,-3.590813953949902,-5.499588391013231
1790096797015576576,47.42457641601567,6.372616859113888,-3.040628854737883,-4.913255315845999
1790096797025576448,47.434576416015666,7.362527753087478,-2.476610000874238,-4.999652876838387
1790096797035576576,47.444576416015664,7.3527035116974755,-2.3722186896901056,-5.326480391257331
1790096797045576448,47.45457641601567,6.655273261114301,-2.846023074937525,-5.41275041321023
1790096797055576576,47.46457641601567,6.351543955395938,-3.505712920060876,-5.592254036190222
1790096797065576448,47.474576416015665,6.62350789348876,-4.369770811819563,-5.984262392736029
1790096797075576576,47.48457641601567,7.098221435180742,-5.27002091986968,-6.6129944272457815
1790096797085576448,47.49457641601567,6.941604133713894,-5.83136192662294,-6.807845315246056
1790096797095576576,47.50457641601567,6.9242572759750995,-5.984601948283112,-6.702016113420197
1790096797105576448,47.514576416015665,7.758201601449003,-5.646192124165878,-6.4998649186025
1790096797115576576,47.52457641601567,8.456298338865283,-5.522525916946893,-6.373065238884113
1790096797125576448,47.53457641601567,8.89328196566059,-5.698867546973664,-6.258072813662199
1790096797135576576,47.544576416015666,9.279429168117128,-6.0806197422886825,-6.540540336637688
1790096797145576448,47.55457641601567,9.515953157444246,-6.469472170725033,-6.934520917839071
1790096797155576576,47.56457641601567,9.604906166142653,-6.861671531527665,-7.192925779553643
1790096797165576448,47.57457641601567,9.429774601236009,-6.929694501773939,-7.742098620379296
1790096797175576576,47.584576416015665,8.860497715446785,-7.03058793099205,-7.957157131813626
1790096797185576448,47.59457641601567,7.881190797671767,-6.726770154479469,-7.350708596679544
1790096797195576576,47.60457641601567,6.585094874150588,-6.240319792153195,-6.0425380885450295
1790096797205576448,47.614576416015666,5.639399284754195,-6.064443491023756,-4.984416033299207
1790096797215576576,47.62457641601567,5.364967511393089,-5.784349715614505,-4.677080312111819
1790096797225576448,47.63457641601567,4.902263754663572,-5.626764238780574,-4.3231736699989955
1790096797235576576,47.64457641601567,4.837779140663674,-5.27735879907137,-4.302676240797644
1790096797245576448,47.654576416015665,5.040360975998572,-4.578865305191846,-4.450736057410686
1790096797255576576,47.66457641601567,4.991435709307301,-3.9527613552462624,-4.548532884273544
1790096797265576448,47.67457641601567,5.796527270774299,-3.34435108956075,-4.838008551921891
1790096797275576576,47.684576416015666,6.509111933477751,-3.3819159335046782,-5.07765981027703
1790096797285576448,47.694576416015664,6.6552668535607715,-4.271066229759784,-5.228875581981636
1790096797295576576,47.70457641601567,7.377155287618223,-4.50660104981139,-5.61805348243567
1790096797305576448,47.71457641601567,7.472708958599922,-4.5238086511803175,-5.818821715822234
1790096797315576576,47.724576416015665,7.097848364898927,-4.514508454413023,-6.175304882393515
1790096797325576448,47.73457641601567,7.468955580272621,-4.2559944994419725,-6.791530828520359
1790096797335576576,47.74457641601567,7.455191813171166,-4.572097205133686,-6.899717567811097
1790096797345576448,47.75457641601567,7.465872062174521,-5.5297282641800045,-6.850794806947922
1790096797355576576,47.764576416015665,8.115143318797324,-6.199085890831446,-6.871654475199551
1790096797365576448,47.77457641601567,7.954360447684818,-6.597772300801787,-6.838735402151984
1790096797375576576,47.78457641601567,6.344358933115656,-6.643929415961609,-6.228166542307857
1790096797385576448,47.794576416015666,4.884999140703769,-5.803265783891485,-5.341484540229344
1790096797395576576,47.80457641601567,4.414339629147505,-4.393934543682034,-5.258801600253107
1790096797405576448,47.81457641601567,4.74947490536325,-3.2024394523771034,-5.909640079423048
1790096797415576576,47.82457641601567,5.697998315274336,-3.1705682183334845,-6.496335625434025
1790096797425576448,47.834576416015665,6.9053036490309445,-4.321559380499083,-6.61497272095918
1790096797435576576,47.84457641601567,8.347795873662465,-5.5754906167309635,-6.4779863441523675
1790096797445576448,47.85457641601567,9.311420463946124,-6.003377526554856,-6.804638827511055
1790096797455576576,47.864576416015666,9.160502346255868,-5.786650513145188,-7.747546889364181
1790096797465576448,47.87457641601567,8.225411474773484,-5.354394563734977,-8.526482444558535
1790096797475576576,47.88457641601567,6.7942724091751225,-5.241632725625386,-8.205003750355365
1790096797485576448,47.89457641601567,5.908669819719456,-5.150802830410838,-7.405539204397984
1790096797495576576,47.904576416015665,6.018218485082999,-4.861971307937917,-6.617527782877583
1790096797505576448,47.91457641601567,6.612725991639395,-4.535827554090173,-6.021661417382451
1790096797515576576,47.92457641601567,7.100506823898041,-4.418892920881326,-5.531363738785588
1790096797525576448,47.934576416015666,7.518685065297593,-3.95938843814896,-5.689307272562142
1790096797535576576,47.94457641601567,7.504304530351104,-3.5323991256504996,-6.173946023413804
1790096797545576448,47.95457641601567,7.726730146787989,-3.229262177241494,-7.07609318714102
1790096797555576576,47.96457641601567,8.79531899398864,-3.0614319898232183,-8.246708927050861
1790096797565576448,47.974576416015665,10.087217316609802,-3.279226613993049,-9.025933841904022
1790096797575576576,47.98457641601567,10.509161934163377,-3.8863906178354757,-8.892650754657152
1790096797585576448,47.99457641601567,9.659333653650583,-3.976512092533482,-8.380277860534912
1790096797595576576,48.00457641601567,7.963695654096721,-3.47318530997035,-8.15599887090096
1790096797605576448,48.01457641601567,6.221769221937437,-3.376337986681205,-7.668512654735094
1790096797615576576,48.02457641601567,4.932353687009744,-3.677135437619193,-6.491788870464669
1790096797625576448,48.03457641601567,4.74431436694368,-3.5247275893109284,-5.654089925370537
1790096797635576576,48.044576416015666,5.391755333768442,-2.975796112677995,-5.466832627373195
1790096797645576448,48.05457641601567,6.020196362231517,-2.787095869707419,-5.099544382310781
1790096797655576576,48.06457641601567,6.247950726602418,-2.7596924228438393,-4.6816856004702005
1790096797665576448,48.07457641601567,6.142165184116598,-2.7370320919751663,-4.302773599491857
1790096797675576576,48.084576416015665,5.95703566111937,-2.6556803330958405,-3.976137547906437
1790096797685576448,48.09457641601567,6.538179619176999,-2.177153464191985,-3.9621981518603184
1790096797695576576,48.10457641601567,8.055717059065588,-1.1808122012918547,-4.106367572326298
1790096797705576448,48.114576416015666,9.05060624030293,-0.37668855534569656,-3.9512015419229294
1790096797715576576,48.12457641601567,9.30737933008285,0.15817930473244485,-3.7529558885512024
1790096797725576448,48.13457641601567,9.369692321798762,0.8605063666502644,-3.7834764359730064
1790096797735576576,48.14457641601567,9.819196772763336,1.7555875814783648,-4.410209786042542
1790096797745576448,48.154576416015665,9.467373877101807,1.5574392073609105,-5.19778436959738
1790096797755576576,48.16457641601567,6.826481400129396,0.08872050924666781,-5.1814147336292296
1790096797765576448,48.17457641601567,4.780126560989738,-1.2141804348907863,-4.177812612868039
1790096797775576576,48.184576416015666,4.500627174691777,-1.0816973971307708,-3.0631191793413017
1790096797785576448,48.19457641601567,5.939491208510929,0.1208360524862776,-2.4870265487902636
1790096797795576576,48.20457641601567,6.857965948465567,1.1090139512453743,-2.5972727530720086
1790096797805576448,48.21457641601567,6.534670679995534,1.060631570493777,-2.3497642574671285
1790096797815576576,48.224576416015665,5.609410424891841,0.8717649354891617,-1.7518353091956922
1790096797825576448,48.23457641601567,6.365691981750953,1.25679667692982,-1.343452738347209
1790096797835576576,48.24457641601567,7.326785384019061,1.307353928176833,-1.4770793121401313
1790096797845576448,48.25457641601567,7.435630959426752,0.8215507221369193,-1.5996069088453908
1790096797855576576,48.26457641601567,7.870975154721646,0.2682950491868673,-2.655681603393056
1790096797865576448,48.27457641601567,6.926911859856642,-0.2306727178248799,-3.8747754221007047
1790096797875576576,48.28457641601567,4.3513508335401285,-0.23545063752277043,-3.6450757055405445
1790096797885576448,48.294576416015666,2.9916422913775986,-0.4906831359168622,-1.9132853876376377
1790096797895576576,48.30457641601567,5.024048502204337,-0.3637818516709169,-0.9846187631975878
1790096797905576448,48.31457641601567,8.436191990937852,0.57017521115903,-1.616432479808128
1790096797915576576,48.32457641601567,10.375904983892104,1.1741106210653465,-2.6559601164094637
1790096797925576448,48.334576416015665,8.588214662731062,1.4465098021469562,-3.883118459502152
1790096797935576576,48.34457641601567,6.887428484702451,1.7887082284354336,-3.502085152697264
1790096797945576448,48.35457641601567,8.859070907370302,2.1262545310020085,-4.070893598544908
1790096797955576576,48.364576416015666,8.917383903042923,1.5927076706564256,-5.231592789103158
1790096797965576448,48.37457641601567,7.20684789047497,0.6189403156439579,-4.94449648756951
1790096797975576576,48.38457641601567,6.628295370550306,0.27986449238428934,-4.933749763950686
1790096797985576448,48.39457641601567,6.9814471513370275,-0.13040718618863978,-4.825929432547229
1790096797995576576,48.404576416015665,7.576169440322435,-0.5952399799445658,-4.512371893397691
1790096798005576448,48.41457641601567,7.096346094384613,-0.954892163141655,-4.251648433901822
1790096798015576576,48.42457641601567,6.4405673311856555,-1.2934660482850124,-4.009076898922233
1790096798025576448,48.434576416015666,7.297497185071066,-1.4245144580310265,-3.807338434449707
1790096798035576576,48.44457641601567,9.061467919160329,-1.1162042166221786,-4.044376320713733
1790096798045576448,48.45457641601567,9.501406644094855,-0.5420530056159363,-4.71945642864106
1790096798055576576,48.46457641601567,9.07630928557065,-0.13612994464476577,-5.568888609722933
1790096798065576448,48.474576416015665,9.692608845721205,-0.12146569869628457,-6.279491234321535
1790096798075576576,48.48457641601567,10.83160243317809,-0.390880837421288,-7.026355256123934
1790096798085576448,48.49457641601567,9.74156887689828,-0.786301736275138,-8.161236545280447
1790096798095576576,48.50457641601567,6.693735447647855,-1.432826904008688,-8.3979881893401
1790096798105576448,48.51457641601567,5.382608495946511,-2.2733217913458876,-8.00224863145618
1790096798115576576,48.52457641601567,6.095267599701224,-3.399673970063774,-7.5888067856164065
1790096798125576448,48.53457641601567,8.181160178847646,-4.55141865973836,-7.013486291845637
1790096798135576576,48.544576416015666,9.73013623786839,-4.914445687844865,-7.082989599906241
1790096798145576448,48.55457641601567,7.493607286557103,-4.964456068409967,-6.873233770299907
1790096798155576576,48.56457641601567,4.753427315051432,-5.042370639171795,-6.18865293692613
1790096798165576448,48.57457641601567,4.8458962150785165,-4.937144026629009,-5.7178587024218945
1790096798175576576,48.58457641601567,6.12151487414072,-4.86524651601166,-5.195676357279691
1790096798185576448,48.59457641601567,7.749271089216469,-4.446015641892878,-4.559915654513959
1790096798195576576,48.60457641601567,8.565449709865254,-3.4687736980835573,-4.47863050681406
1790096798205576448,48.614576416015666,7.052415503528004,-2.6910386799608057,-4.871729078701935
1790096798215576576,48.62457641601567,5.047978989853209,-2.412192842987177,-5.305026566656467
1790096798225576448,48.63457641601567,5.166289862555669,-2.6097114177625715,-5.363698490429337
1790096798235576576,48.64457641601567,7.052634970932463,-3.0213923810569883,-5.008858632553981
1790096798245576448,48.65457641601567,8.312414121147551,-3.3960262804413053,-4.822655573209116
1790096798255576576,48.66457641601567,7.499307128714787,-3.675644412113321,-5.229244916206332
1790096798265576448,48.67457641601567,6.182922450302071,-3.8837010487201384,-6.203321012571593
1790096798275576576,48.684576416015666,6.560905645146496,-4.222859307542715,-7.022092563402101
1790096798285576448,48.69457641601567,8.47063068349304,-4.743916563114837,-7.29751429239749
1790096798295576576,48.70457641601567,9.257619716539791,-5.29403470655148,-7.160907837005273
1790096798305576448,48.71457641601567,8.159917894191343,-5.966396919693093,-7.496700590276643
1790096798315576576,48.724576416015665,7.567756610085953,-6.602525018655765,-8.163719268069888
1790096798325576448,48.73457641601567,7.832236379686191,-6.8980491572701155,-8.883802939190254
1790096798335576576,48.74457641601567,8.388328114136632,-6.941099524188363,-8.66821092631278
1790096798345576448,48.75457641601567,8.676654190254727,-6.605286941573272,-8.036450689960603
1790096798355576576,48.76457641601567,7.8683567905091625,-6.4274580095068545,-7.07631639835802
1790096798365576448,48.77457641601567,7.335332533420141,-6.501539990123783,-6.907520910922458
1790096798375576576,48.78457641601567,7.55027478810578,-6.405324321859445,-6.684718984658727
1790096798385576448,48.794576416015666,7.929189826972586,-6.383383764550715,-6.22185728461278
1790096798395576576,48.80457641601567,8.174662651442683,-6.779890894371216,-5.759400688419658
1790096798405576448,48.81457641601567,8.193054454842285,-7.06596050845646,-5.690834237807112
1790096798415576576,48.82457641601567,7.04980324305365,-6.690443438137347,-5.737386549376518
1790096798425576448,48.83457641601567,6.281269100830895,-5.780429365987964,-5.209599589085675
1790096798435576576,48.84457641601567,6.182760756044951,-4.828364515085831,-5.1237144584582754
1790096798445576448,48.85457641601567,6.188015303440735,-4.025500039820798,-5.029608587389455
1790096798455576576,48.864576416015666,5.69804601781693,-3.5577392108783674,-4.527517803069597
1790096798465576448,48.87457641601567,5.11980825263648,-3.174560247921854,-4.019555888956642
1790096798475576576,48.88457641601567,4.7084248097240025,-2.825004365284337,-3.817016525047446
1790096798485576448,48.89457641601567,4.4780821597427725,-2.760934460218006,-3.9771846978435583
1790096798495576576,48.90457641601567,4.774878308284825,-2.8205548139393173,-4.371327837622771
1790096798505576448,48.91457641601567,4.91153019480536,-3.3134056981187543,-4.4729296122683495
1790096798515576576,48.92457641601567,4.737044095644432,-4.270646869610473,-4.682732986284334
1790096798525576448,48.934576416015666,5.973081197158761,-4.804438792127999,-5.269619594074623
1790096798535576576,48.94457641601567,6.524707896480743,-5.023275262418098,-5.283336355237896
1790096798545576448,48.95457641601567,5.663628914778193,-5.823775518387177,-5.098744367427576
1790096798555576576,48.96457641601567,5.8967443285522965,-6.68873415145641,-5.40739704799862
1790096798565576448,48.974576416015665,6.7424326865750555,-7.06450933586496,-6.063104705638242
1790096798575576576,48.98457641601567,7.659646843432486,-7.040287193937746,-6.903564443781017
1790096798585576448,48.99457641601567,8.308148103839148,-6.776190340418616,-7.513363997215675
1790096798595576576,49.00457641601567,7.854704392602551,-6.98659897795234,-7.573208431671969
1790096798605576448,49.01457641601567,7.882711067953647,-7.198330360017106,-7.524366595951258
1790096798615576576,49.02457641601567,8.839932088435521,-7.394274132632095,-8.24049490374383
1790096798625576448,49.03457641601567,9.906003097858552,-7.603995586389651,-8.907689670662982
1790096798635576576,49.044576416015666,10.056271301676105,-7.689985182786374,-8.883177012660775
1790096798645576448,49.05457641601567,8.84340964996465,-7.275172168735703,-8.153355019477559
1790096798655576576,49.06457641601567,7.166142271116519,-6.605021343255926,-7.080018203442898
1790096798665576448,49.07457641601567,5.852072010928071,-5.73111492644599,-6.143449703323089
1790096798675576576,49.08457641601567,6.050311719167837,-4.26773605993621,-6.058134969764084
1790096798685576448,49.09457641601567,6.404864933531451,-3.3402795470945628,-5.9804158916013925
1790096798695576576,49.10457641601567,6.759161292837235,-3.954047569183909,-6.005930815388084
1790096798705576448,49.114576416015666,7.310224782840994,-4.842594183188463,-5.933143839432209
1790096798715576576,49.12457641601567,7.941369941413214,-5.14113734967743,-6.259345051112607
1790096798725576448,49.13457641601567,8.364907309501861,-4.823945867733752,-7.0553312314660905
1790096798735576576,49.14457641601567,8.366003332938377,-4.339373782085781,-7.703698663160531
1790096798745576448,49.15457641601567,7.9317540499552805,-4.255510567952369,-7.949029939757202
1790096798755576576,49.16457641601567,7.228327304720403,-4.590846761818631,-7.844976164201972
1790096798765576448,49.17457641601567,6.671608054570538,-4.7986918642128344,-7.483013189150133
1790096798775576576,49.184576416015666,6.251348512325014,-4.761485951550528,-6.983620305296028
1790096798785576448,49.19457641601567,6.183457812013551,-4.5805574795875765,-6.453674616148957
1790096798795576576,49.20457641601567,6.383357381707512,-4.189733267931525,-6.065714625545989
1790096798805576448,49.21457641601567,6.645096692596656,-3.7651192799914828,-6.096516028392498
1790096798815576576,49.22457641601567,6.987024450487825,-3.6094785411246133,-6.282236857005913
1790096798825576448,49.23457641601567,7.490799184367707,-3.57139936979987,-6.555350757614858
1790096798835576576,49.24457641601567,8.18228751151091,-3.5758459916333174,-7.192074615797966
1790096798845576448,49.25457641601567,8.649713432844992,-3.7955241323121856,-7.6234603893264
1790096798855576576,49.26457641601567,8.330729160563319,-4.170817052390084,-7.490146530779946
1790096798865576448,49.27457641601567,7.557881845729996,-4.507537098382847,-6.98569421012352
1790096798875576576,49.28457641601567,7.319714765059744,-4.248959426751854,-6.582551997181799
1790096798885576448,49.29457641601567,7.64905555521554,-3.2846101604242652,-6.759100327954507
1790096798895576576,49.30457641601567,8.020777729651254,-2.7065560486962896,-6.935326190024979
1790096798905576448,49.31457641601567,7.973515882695781,-2.620850274163617,-6.865458585025132
1790096798915576576,49.32457641601567,7.757156468777287,-2.4360797261466405,-6.9275396086788055
1790096798925576448,49.33457641601567,7.203513079981408,-2.262413740158081,-6.97971230648038
1790096798935576576,49.34457641601567,6.468258101654376,-2.313336342640847,-6.867457458193636
1790096798945576448,49.35457641601567,6.146079150653903,-2.284889526874688,-6.652101986915042
1790096798955576576,49.364576416015666,6.883149494486329,-1.8677491225282346,-6.403270461728674
1790096798965576448,49.37457641601567,8.064401191971744,-1.3482848738254545,-6.09153992715942
1790096798975576576,49.38457641601567,8.885001638831806,-1.3044230557986833,-5.491302579936539
1790096798985576448,49.39457641601567,9.252567457856134,-1.001264337465033,-4.91986860758391
1790096798995576576,49.40457641601567,8.96255122558104,-0.16214166952376974,-4.791768248148435
1790096799005576448,49.41457641601567,7.863219333022134,0.07553620730091237,-4.586505575371809
1790096799015576576,49.42457641601567,6.45589471043621,-0.37557815808812123,-4.095925145032275
1790096799025576448,49.434576416015666,5.55991415925634,-0.3082688829306236,-3.0678316722182886
1790096799035576576,49.44457641601567,6.0668818223872085,0.36561280795436035,-2.7371078179660753
1790096799045576448,49.45457641601567,6.333462610113631,1.0337946302309817,-2.5792083074526304
1790096799055576576,49.46457641601567,5.345392498300879,1.0110603738159063,-2.463951427599785
1790096799065576448,49.47457641601567,4.8230641460607515,0.7608712408730799,-2.1162151147204344
1790096799075576576,49.48457641601567,4.677452305054537,0.7577526813180985,-1.7541085169827764
1790096799085576448,49.49457641601567,5.489975525768935,0.9250781067605898,-1.547519397516839
1790096799095576576,49.50457641601567,7.2445949286794,1.223824434991391,-1.597431706123787
1790096799105576448,49.51457641601567,8.259192947167882,1.56887175254785,-1.926477800091945
1790096799115576576,49.52457641601567,7.27678455027515,1.4880138063443162,-2.455671021150056
1790096799125576448,49.53457641601567,4.564241773882468,0.6280931252297066,-3.413510068118886
1790096799135576576,49.54457641601567,2.789321101818455,0.3120876849339109,-2.5792953077523557
1790096799145576448,49.55457641601567,3.4773564874111704,0.16947248962511383,-1.4416405727938555
1790096799155576576,49.56457641601567,7.173404358409991,0.5670156281177499,-0.8800673048263044
1790096799165576448,49.57457641601567,10.490923406607797,1.5840119263320236,-2.3428812631036635
1790096799175576576,49.58457641601567,9.833546455980747,1.67629702925762,-3.364839712485187
1790096799185576448,49.59457641601567,8.599849835436874,2.4439747795535256,-4.072349715570297
1790096799195576576,49.60457641601567,10.215968034524954,2.8613102326837367,-4.872358432609402
1790096799205576448,49.614576416015666,10.035316672309255,1.9388951411787936,-6.589771642900363
1790096799215576576,49.62457641601567,6.707288287135691,0.9698158475336657,-6.722637683127814
1790096799225576448,49.63457641601567,4.738415432427753,0.5943516035948342,-5.483281611303502
1790096799235576576,49.64457641601567,6.085935214295748,0.013982643615446329,-5.074945981228012
1790096799245576448,49.65457641601567,7.663245524663589,-1.0077444976840146,-3.8734909858769213
1790096799255576576,49.66457641601567,8.506642883851084,-1.4396173707654594,-3.578643450624249
1790096799265576448,49.67457641601567,8.858952992275361,-1.5786333075554595,-3.1763626950283133
1790096799275576576,49.684576416015666,8.727588559786293,-0.93195878648358,-3.6617667959303186
1790096799285576448,49.69457641601567,6.517714645514467,-0.6142388539000544,-4.183302903937291
1790096799295576576,49.70457641601567,5.279414599013753,-0.5889182209977281,-4.331466119822331
1790096799305576448,49.71457641601567,5.553608831707549,-0.513183842521692,-4.266000249883774
1790096799315576576,49.72457641601567,6.061036125797959,-0.34060869810068434,-4.006213226755249
1790096799325576448,49.73457641601567,6.425809083690651,-0.04219128561516505,-3.644949939108215
1790096799335576576,49.74457641601567,6.184831416719709,0.33804792589416643,-3.392419334193164
1790096799345576448,49.75457641601567,5.360677408551798,0.5023713760926274,-3.1300432154563884
1790096799355576576,49.76457641601567,5.384149084753571,0.4621684374684985,-2.650647555461931
1790096799365576448,49.77457641601567,6.330531265414519,0.32005768177838356,-2.4393747746488614
1790096799375576576,49.78457641601567,7.499015813948413,-0.13689412138152585,-2.5308836970139073
1790096799385576448,49.79457641601567,9.460114218026712,-0.6494439232637994,-3.0994108026700986
1790096799395576576,49.80457641601567,11.298810011587484,-0.8648028843414589,-4.380434788981138
1790096799405576448,49.81457641601567,11.334638652197292,-0.861977024429615,-6.161245684392852
1790096799415576576,49.82457641601567,9.04597987226673,-0.6463527028899871,-8.389295681176154
1790096799425576448,49.83457641601567,5.9969443119607195,-1.4435310718309609,-8.872616630813782
1790096799435576576,49.84457641601567,7.58624574092657,-2.876934412227767,-8.90528213669951
1790096799445576448,49.85457641601567,11.223049510002088,-4.456283484909701,-9.182764217702047
1790096799455576576,49.86457641601567,11.949198409387595,-5.884517713471031,-9.68405841536512
1790096799465576448,49.87457641601567,8.399550657740225,-6.847059706873072,-10.235288521663827
1790096799475576576,49.88457641601567,6.1544397301969065,-7.447392977739099,-9.776242280652063
1790096799485576448,49.89457641601567,7.645916926754419,-7.347379288723227,-8.751707910049307
1790096799495576576,49.90457641601567,9.39289973267048,-6.6943729035312955,-7.766238591108949
1790096799505576448,49.91457641601567,8.082723064302053,-5.684733782873884,-6.388788063043307
1790096799515576576,49.92457641601567,4.968388908863277,-4.5825287918475155,-4.958771671705235
1790096799525576448,49.93457641601567,3.1886921199327523,-3.8602584816108227,-3.9068661132847353
1790096799535576576,49.94457641601567,3.7503454779412784,-3.4202718931105514,-3.3036746886971646
1790096799545576448,49.95457641601567,5.561593300017674,-2.9176782711024,-2.9659331554735058
1790096799555576576,49.96457641601567,7.006143878460401,-2.3116854559338913,-2.95174859477133
1790096799565576448,49.97457641601567,6.838165876128562,-1.7230930757174057,-3.1519319982559195
1790096799575576576,49.98457641601567,5.281274412832923,-1.5247996132223862,-3.5809939447233057
1790096799585576448,49.99457641601567,5.387757665130175,-1.593399084225634,-4.498484015210452
1790096799595576576,50.00457641601567,7.424447420436976,-2.1240303502378013,-5.512816239832558
1790096799605576448,50.01457641601567,8.8957586191895,-3.2225842873839707,-6.5407084817258365
1790096799615576576,50.02457641601567,8.610644629154603,-4.523464641058696,-7.931152115287067
1790096799625576448,50.03457641601567,7.516748023052369,-5.853866663463538,-9.218409428374096
1790096799635576576,50.04457641601567,7.409656826989396,-7.018353739703047,-9.916327103427827
1790096799645576448,50.05457641601567,8.088862080985232,-7.528197734523511,-9.789516969050824
1790096799655576576,50.06457641601567,8.882120774754352,-7.493721486150091,-9.013248811314794
1790096799665576448,50.07457641601567,9.752441014270792,-7.131443979725551,-8.228033536182206
1790096799675576576,50.08457641601567,9.36631804422793,-6.555333517195574,-7.62872941967729
1790096799685576448,50.09457641601567,8.342835527853945,-6.033944511796537,-7.269781853183599
1790096799695576576,50.10457641601567,7.7671750837335,-5.8719256625463645,-6.627347635251874
1790096799705576448,50.11457641601567,6.927706381442949,-6.136957013207196,-6.111416854502628
1790096799715576576,50.12457641601567,6.351655642624075,-7.011084862074009,-5.540261946934295
1790096799725576448,50.13457641601567,6.397907617718714,-7.566268779799877,-5.284675461602925
1790096799735576576,50.14457641601567,6.434910459093833,-7.354338696423491,-5.066149202904675
1790096799745576448,50.15457641601567,6.300942049104234,-6.642315513628802,-4.6834817864789855
1790096799755576576,50.16457641601567,5.972910490170044,-5.774714751491647,-4.405186653137207
1790096799765576448,50.17457641601567,5.813101187116638,-4.687734253304583,-4.478117522109151
1790096799775576576,50.18457641601567,5.788935584651294,-3.607673375513552,-4.595604176621222
1790096799785576448,50.19457641601567,6.010482116325976,-2.7970660204352744,-4.816826842088215
1790096799795576576,50.20457641601567,6.555054204945868,-2.417227319834464,-5.349397551921635
1790096799805576448,50.21457641601567,7.318625943685781,-2.713380364176897,-6.143442971487601
1790096799815576576,50.22457641601567,8.448170408173212,-3.4338568754569003,-6.91490836748569
1790096799825576448,50.23457641601567,9.350060985899196,-4.7610957505201625,-7.5915878180423
1790096799835576576,50.24457641601567,9.46893067565697,-6.652911188500032,-8.241167901461136
1790096799845576448,50.25457641601567,9.221615890943314,-7.677455575776131,-8.650988894145057
1790096799855576576,50.26457641601567,8.779972128578677,-6.638965873428509,-8.1288719682575
1790096799865576448,50.27457641601567,7.240069041146465,-5.455249382025009,-6.719157460266261
1790096799875576576,50.28457641601567,5.33630126029694,-4.752301810703557,-5.232368817607535
1790096799885576448,50.29457641601567,4.1148538948506435,-4.402183994248314,-4.314837831689726
1790096799895576576,50.30457641601567,3.896716073605585,-4.317973285090288,-4.133212804936326
1790096799905576448,50.31457641601567,4.072128161520313,-4.475245362078773,-4.083180412667576
1790096799915576576,50.32457641601567,4.505643545254837,-4.659831852186498,-4.008161190831165
1790096799925576448,50.33457641601567,5.314410129722237,-4.603269608632634,-4.376135315212194
1790096799935576576,50.34457641601567,6.577850638542173,-4.266537503795421,-5.550187647559377
1790096799945576448,50.35457641601567,7.9702506889749705,-3.9982929337498745,-7.028304840050031
1790096799955576576,50.36457641601567,9.050969796391833,-4.315429869484726,-7.793474995012145
1790096799965576448,50.37457641601567,9.4666789294296,-5.038609459905103,-7.759401637135839
1790096799975576576,50.38457641601567,8.89997353123092,-5.487893685940739,-7.5527647112931655
1790096799985576448,50.39457641601567,7.673846118933472,-5.355516728356733,-7.194911993715994
1790096799995576576,50.40457641601567,6.598199113740981,-4.891819104101635,-6.876715782220944
1790096800005576448,50.41457641601567,5.5523417133608435,-4.561619548278495,-5.848491876317446
1790096800015576576,50.42457641601567,5.925592738543523,-3.8617083181330374,-5.901640881633756
1790096800025576448,50.43457641601567,7.270950336581074,-3.7623697492951975,-6.775663429548143
1790096800035576576,50.44457641601567,8.307437923633723,-4.862750778602945,-7.538979607617332
1790096800045576448,50.45457641601567,9.237617970750891,-5.847910515085917,-8.003965562190306
1790096800055576576,50.46457641601567,9.528066700093333,-6.217744152352045,-8.311535836601541
1790096800065576448,50.47457641601567,8.809190677838894,-6.087383937310424,-8.656852982338913
1790096800075576576,50.48457641601567,8.59110724990161,-5.674788522091444,-8.901235283722961
1790096800085576448,50.49457641601567,8.939110115839707,-5.161165548498515,-8.860996375380752
1790096800095576576,50.504576416015674,8.297348050478766,-5.213270134888715,-8.40124576502162
1790096800105576448,50.51457641601567,6.655220529391737,-5.791273763645444,-7.225074372183735
1790096800115576576,50.52457641601567,5.398147508614051,-5.569657800936023,-5.952391285965955
1790096800125576448,50.53457641601567,4.821754508908903,-4.426534831597004,-5.073556035286786
1790096800135576576,50.54457641601567,4.377927388089694,-3.202138112834373,-4.3988838287663246
1790096800145576448,50.55457641601567,3.8499241586906243,-2.4169488262312298,-3.9099215572851485
1790096800155576576,50.56457641601567,3.764537104527384,-2.394916867643506,-3.713165709647378
1790096800165576448,50.574576416015674,5.075091561574357,-2.529391330839125,-3.786108827953366
1790096800175576576,50.58457641601567,7.703023033710083,-2.143260504074739,-4.719152625494554
1790096800185576448,50.59457641601567,9.551139844465022,-2.1926192847168022,-5.590399981678223
1790096800195576576,50.60457641601567,10.071525084220012,-2.8536992247044584,-6.257047915780218
1790096800205576448,50.61457641601567,9.768121406305953,-3.212379864245091,-7.234551617093888
1790096800215576576,50.62457641601567,8.866220378837959,-3.390253272235632,-8.144673184438435
1790096800225576448,50.63457641601567,8.270609121873957,-3.626559856596748,-8.715992063496918
1790096800235576576,50.64457641601567,8.00094499639143,-3.8250485326181827,-8.612447911608966
1790096800245576448,50.65457641601567,8.528513903156162,-3.4430770904119803,-7.965545978484337
1790096800255576576,50.66457641601567,10.509513037451958,-2.3583028527852403,-7.771771763226616
1790096800265576448,50.67457641601567,12.965242511261499,-1.0565207940273726,-8.047048857185256
1790096800275576576,50.68457641601567,13.894296568800147,-0.41837710390767374,-7.900707471216529
1790096800285576448,50.69457641601567,12.291668338592732,-0.34022978839699936,-7.382187205857532
1790096800295576576,50.70457641601567,8.227082129019474,-1.0515412337132577,-6.339479744979749
1790096800305576448,50.71457641601567,5.110893624479667,-1.9011334539136295,-5.441711198963411
1790096800315576576,50.72457641601567,2.1837182658153216,-2.5665310757772906,-4.108095731085253
1790096800325576448,50.73457641601567,0.09297205838195222,-2.486165905103955,-2.5246777533791125
1790096800335576576,50.74457641601567,2.36368740869346,-0.9639456591485227,-1.1316016329690022
1790096800345576448,50.754576416015674,6.50327004727949,1.2444769726353042,-0.9099578127835536
1790096800355576576,50.76457641601567,8.153650032063906,1.595993319153126,-0.5114253341686655
1790096800365576448,50.77457641601567,7.099859012868336,1.2370463715481395,-0.6354072432175063
1790096800375576576,50.78457641601567,5.80711341662237,1.2321303623796016,-1.154930386906975
1790096800385576448,50.79457641601567,6.393361233603785,1.5699177705072977,-2.3497771031512293
1790096800395576576,50.80457641601567,6.637156138309004,1.6919485493597781,-3.0134252610145515
1790096800405576448,50.81457641601567,6.371348390675345,1.3098498084830033,-3.1748655957142367
1790096800415576576,50.824576416015674,6.283906769507183,0.7119171575583825,-3.4595836142904672
1790096800425576448,50.83457641601567,5.887898614762115,0.1520375146512109,-3.6232011745558226
1790096800435576576,50.84457641601567,4.831804367821548,0.34054081321002005,-3.2000573299871693
1790096800445576448,50.85457641601567,5.122615965128256,0.6970204647783256,-2.010167258854544
1790096800455576576,50.86457641601567,8.023543720775123,1.3514456566279953,-1.6197611614969594
1790096800465576448,50.87457641601567,10.473436823877607,2.313255817271763,-2.2411063910342786
1790096800475576576,50.88457641601567,9.88400120378501,2.9551854173398704,-3.2338354569937113
1790096800485576448,50.89457641601567,8.134212453352625,3.2698786358196457,-3.9621290066060673
1790096800495576576,50.90457641601567,7.326506699064177,2.7852727682511955,-5.023389711836907
1790096800505576448,50.91457641601567,6.288266483578582,1.7585574224343028,-5.883866972436253
1790096800515576576,50.92457641601567,5.171527247316961,0.50033399368202,-5.813877118677604
1790096800525576448,50.93457641601567,4.919306512712652,-1.1384260506558037,-4.830472639234762
1790096800535576576,50.94457641601567,4.831216417816174,-3.123784823240194,-2.9001556755532976
1790096800545576448,50.95457641601567,6.240215753250483,-4.526467274202451,-1.2161075284697083
1790096800555576576,50.96457641601567,9.848159021978258,-3.465760743969165,-1.6316599370602445
1790096800565576448,50.97457641601567,8.42975971388024,-1.840303213943268,-2.8757635229885983
1790096800575576576,50.98457641601567,4.051255803570896,-0.2110172469746966,-3.3631769516269925
1790096800585576448,50.99457641601567,4.917652214312875,1.0989793226883,-2.4999625296092516
1790096800595576576,51.004576416015674,12.839423816385843,2.1801758030576552,-2.9983123769289017
1790096800605576448,51.01457641601567,19.282857750602584,2.9023304339982583,-5.436030509586523
1790096800615576576,51.02457641601567,13.25636435364147,3.23574294027418,-8.69257779287846
1790096800625576448,51.03457641601567,3.136643999896881,2.2659615901804235,-7.6589642235180095
1790096800635576576,51.04457641601567,0.9115200566948963,1.4902220144914933,-6.194592959937008
1790096800645576448,51.05457641601567,3.745990997397214,0.597806803876048,-5.567170203188173
1790096800655576576,51.06457641601567,5.798682395447701,-0.6480305548474949,-4.869981271788229
1790096800665576448,51.074576416015674,6.871114218876517,-2.035269075438085,-4.351246153700258
1790096800675576576,51.08457641601567,7.706349182272188,-3.092398665801519,-4.458274705735146
1790096800685576448,51.09457641601567,9.821064396084102,-3.4956802454807048,-5.312313346358494
1790096800695576576,51.10457641601567,10.559147287381629,-3.6925767375612732,-5.569008274425347
1790096800705576448,51.11457641601567,8.647656854717813,-3.3495465488489353,-5.948046524016847
1790096800715576576,51.12457641601567,6.121293763588685,-3.024674259659108,-6.278061529147122
1790096800725576448,51.13457641601567,4.821674027992804,-3.138460361570012,-6.18234219036803
1790096800735576576,51.144576416015674,5.948466177573105,-3.1817198413361276,-6.199759127692141
1790096800745576448,51.15457641601567,8.328771766417836,-3.0694926564877028,-6.625073758455043
1790096800755576576,51.16457641601567,9.915371086367593,-2.5858243984558555,-7.631014722118186
1790096800765576448,51.17457641601567,8.398740823477878,-1.8301310766498236,-8.821968399277422
1790096800775576576,51.18457641601567,4.536069443836569,-1.984367994896889,-8.129865213842198
1790096800785576448,51.19457641601567,2.771729096560826,-2.991180177506764,-6.164140612023868
1790096800795576576,51.20457641601567,4.463507227300774,-4.023258662510568,-4.747373452859047
1790096800805576448,51.214576416015674,8.892125202351332,-4.742392317001918,-4.1062506552948195
1790096800815576576,51.22457641601567,13.282965374912369,-4.7373667354775675,-4.391601176776328
1790096800825576448,51.23457641601567,11.094586588016657,-4.000909915517809,-6.009591350611405
1790096800835576576,51.24457641601567,4.914558815153915,-3.326611331033295,-8.382248358646631
1790096800845576448,51.254576416015674,3.2680434574828396,-3.407755209272981,-9.021996131623675
1790096800855576576,51.26457641601567,5.499398977538062,-4.401851365085766,-8.151224531466259
1790096800865576448,51.27457641601567,7.118727534896027,-5.6014779319390335,-6.839683774064225
1790096800875576576,51.28457641601567,7.503612008545581,-6.463528027012507,-6.464883402212265
1790096800885576448,51.29457641601567,7.730883194473695,-6.656822651190429,-7.012503850655628
1790096800895576576,51.30457641601567,7.622671365944868,-6.3160692481585325,-7.178467806030099
1790096800905576448,51.31457641601567,6.835103767275255,-5.797824231763146,-6.683966946209069
1790096800915576576,51.324576416015674,6.20040600880101,-5.1303148239105205,-6.102421012211803
1790096800925576448,51.33457641601567,6.109842507381918,-4.441051036512702,-5.851305337719707
1790096800935576576,51.34457641601567,6.427629656913185,-3.963195528530593,-5.910799886022092
1790096800945576448,51.35457641601567,7.316954616689066,-3.6296448716459864,-6.169390702120561
1790096800955576576,51.36457641601567,8.28885204333139,-3.5621817219798437,-6.365468634254515
1790096800965576448,51.37457641601567,8.674007986242925,-3.888040156955148,-6.691367932362245
1790096800975576576,51.38457641601567,8.264104511190528,-4.681366547028145,-7.336832624973177
1790096800985576448,51.394576416015674,7.176272510813001,-5.930081433058057,-7.571638921963725
1790096800995576576,51.40457641601567,6.440673181136953,-6.711427988658062,-7.036988733862692
1790096801005576448,51.41457641601567,6.504829642461284,-6.823267429371862,-6.554515647710616
1790096801015576576,51.42457641601567,7.132583457267995,-6.2146235809649655,-6.036025392398581
1790096801025576448,51.43457641601567,7.274423279804848,-5.453339830941172,-5.008718358502715
1790096801035576576,51.44457641601567,6.53170548006697,-5.1258623232614395,-4.408602704471074
1790096801045576448,51.45457641601567,5.396444876176149,-5.006386655594088,-4.258029623732002
1790096801055576576,51.464576416015674,5.0760161964158295,-4.923641057511818,-4.789789663086846
1790096801065576448,51.47457641601567,6.186457510260499,-4.393084414751321,-5.971922723390743
1790096801075576576,51.48457641601567,7.553346044265871,-4.173677516451867,-6.862037242696189
1790096801085576448,51.49457641601567,8.355164268401285,-4.779594302129083,-7.2482555451024675
1790096801095576576,51.504576416015674,9.03246330096777,-5.711883243486675,-7.621014878811708
1790096801105576448,51.51457641601567,9.008467304981748,-6.205150946583164,-7.681910148189635
1790096801115576576,51.52457641601567,8.159301434910603,-5.8625085297507535,-7.031608540238603
1790096801125576448,51.53457641601567,7.270930922518599,-5.124383081143861,-6.194683720524965
1790096801135576576,51.54457641601567,6.0740286600903985,-4.658067641304796,-5.428097124192844
1790096801145576448,51.55457641601567,5.114892198993219,-4.388477441491885,-4.7930791802017305
1790096801155576576,51.56457641601567,4.280244811062279,-4.275868061826173,-4.249317056162596
1790096801165576448,51.574576416015674,4.119760814735439,-4.385909274158728,-4.241680461477444
1790096801175576576,51.58457641601567,4.609197759636728,-4.6434985635025505,-4.706564929942501
1790096801185576448,51.59457641601567,5.051215406243866,-5.004820793385889,-5.470302939832298
1790096801195576576,51.60457641601567,5.374359299096909,-5.417876468763981,-6.364150284916768
1790096801205576448,51.61457641601567,6.335346313541559,-5.617761540275752,-7.406793852637014
1790096801215576576,51.62457641601567,7.39435574684441,-6.190787854570972,-7.8906876351131086
1790096801225576448,51.63457641601567,8.30895835180387,-7.1550405715960945,-8.157324779567695
1790096801235576576,51.644576416015674,8.68556171404993,-7.626112098228291,-8.035826246258482
1790096801245576448,51.65457641601567,8.547112029282628,-7.281065441426308,-7.561317908962258
1790096801255576576,51.66457641601567,8.303719821258206,-6.525041877256568,-7.387968058426252
1790096801265576448,51.67457641601567,7.767631550780037,-5.911513914126087,-7.245350733117967
1790096801275576576,51.68457641601567,7.2021362883270355,-5.470851423923173,-7.124732115334538
1790096801285576448,51.69457641601567,6.71062884996372,-5.146736100406213,-6.827721946692853
1790096801295576576,51.70457641601567,6.259288929765673,-4.450138200948688,-7.058664751755203
1790096801305576448,51.714576416015674,6.075598773636536,-3.815832358129718,-7.110378640914495
1790096801315576576,51.72457641601567,5.692296904864557,-3.4277192786585435,-6.685505871596705
1790096801325576448,51.73457641601567,5.3106214062134605,-2.996403765774616,-6.304168439389584
1790096801335576576,51.74457641601567,6.333562415434495,-2.533101797103882,-6.495384086167915
1790096801345576448,51.754576416015674,7.495053652550537,-2.704359820570289,-7.107167013000273
1790096801355576576,51.76457641601567,8.503063041104872,-3.1681758684241665,-7.394214134400316
1790096801365576448,51.77457641601567,8.66774335059866,-3.871775277563601,-7.371906892487284
1790096801375576576,51.784576416015675,7.977553657869096,-4.425863692552385,-7.5652000105249915
1790096801385576448,51.79457641601567,7.347528722976562,-4.538466703195918,-7.732491936786672
1790096801395576576,51.80457641601567,6.938239879204886,-4.351310438815242,-7.75041373520745
1790096801405576448,51.81457641601567,7.107910089481915,-3.8326631911625944,-7.977740589495167
1790096801415576576,51.824576416015674,8.044743233337845,-3.606796018588718,-8.036531830628446
1790096801425576448,51.83457641601567,9.544343257709361,-3.8696889081401453,-7.9928663547208485
1790096801435576576,51.84457641601567,10.148775881417832,-4.338265545556882,-8.159627412718544
1790096801445576448,51.854576416015675,9.534742603671118,-4.500549247227698,-8.6832754272406
1790096801455576576,51.86457641601567,8.230571177253186,-4.377208968982583,-9.01778612787031
1790096801465576448,51.87457641601567,6.976558354890379,-4.118180362256876,-8.71044053618084
1790096801475576576,51.88457641601567,6.333568267715423,-3.90712696937672,-7.827539433664328
1790096801485576448,51.894576416015674,6.8013848018447085,-3.7917435686402357,-7.024923986074664
1790096801495576576,51.90457641601567,7.874270965653389,-3.422833309146548,-6.762025993236085
1790096801505576448,51.91457641601567,8.447332751105515,-3.2629131778742506,-6.808217572095446
1790096801515576576,51.92457641601567,7.664241857413821,-3.655460351165094,-6.675520681965547
1790096801525576448,51.93457641601567,5.8955927659805,-4.129231563162298,-6.505918348965991
1790096801535576576,51.94457641601567,4.400922531432238,-4.350664103192611,-6.124679738565389
1790096801545576448,51.95457641601567,3.672296202330012,-4.285747813246975,-5.6374714236837935
1790096801555576576,51.964576416015674,3.988656904926548,-3.9506207994358555,-5.162521460093952
1790096801565576448,51.97457641601567,4.498626742723433,-3.4072933646234542,-4.396846873949893
1790096801575576576,51.98457641601567,5.326339345232258,-2.6231652848348648,-4.310585706482705
1790096801585576448,51.99457641601567,6.362637669486398,-1.8849315207597883,-4.128456965280252
1790096801595576576,52.004576416015674,7.387080441560386,-1.2833479515674302,-3.8281311830430917
1790096801605576448,52.01457641601567,7.788379917574193,-0.6260153558282943,-3.821345351723817
1790096801615576576,52.02457641601567,7.6050229418857835,-0.36712015367695877,-4.261186128756826
1790096801625576448,52.034576416015675,6.825093484212306,-0.2963962849689786,-4.777311377212737
1790096801635576576,52.04457641601567,5.694181221788987,-0.4308891767775474,-4.826854514948332
1790096801645576448,52.05457641601567,5.462602129333682,-0.289429715955223,-4.550989651747917
1790096801655576576,52.06457641601567,7.1465821073362,0.40427248804831806,-4.641486067705352
1790096801665576448,52.074576416015674,8.67378850910919,0.9767020235695789,-4.985325149270022
1790096801675576576,52.08457641601567,7.87296343241727,0.6956700680063586,-4.641244567125704
1790096801685576448,52.09457641601567,6.910388102001991,0.3858650914893063,-3.72834172801576
1790096801695576576,52.104576416015675,7.413382365762263,0.5213736400154821,-3.258873555759201
1790096801705576448,52.11457641601567,8.938893335129903,1.207326724338814,-2.48256226791916
1790096801715576576,52.12457641601567,11.445776976308833,2.6251192586325987,-3.191517795717579
1790096801725576448,52.13457641601567,14.036909884398401,3.6717929366224635,-4.51660404583009
1790096801735576576,52.144576416015674,10.816498263383902,3.2365199038294006,-6.067951244856262
1790096801745576448,52.15457641601567,4.89269292633342,2.1196480039121592,-5.989631737940689
1790096801755576576,52.16457641601567,4.628784043695007,1.2470377246771038,-5.7202833257713905
1790096801765576448,52.17457641601567,7.22413066953912,-0.07109399611209516,-5.275611940082226
1790096801775576576,52.18457641601567,7.779160012953072,-0.8458452916664388,-5.244786203888485
1790096801785576448,52.19457641601567,7.1883303113778,-0.7794615471241808,-4.429983004441666
1790096801795576576,52.20457641601567,5.610633688626173,-0.736837990713322,-3.212465419921154
1790096801805576448,52.214576416015674,4.826303993447305,-0.34609577274514264,-2.3226097372311485
1790096801815576576,52.22457641601567,4.652986094273906,-0.017782968354500134,-1.839872669611723
1790096801825576448,52.23457641601567,4.396382407369207,0.2248546866735075,-1.50888900851827
1790096801835576576,52.24457641601567,3.8894266875937946,0.3189912423343656,-1.2425356545238806
1790096801845576448,52.254576416015674,3.837070840156824,-0.0944950506709642,-0.3360389498332328
1790096801855576576,52.26457641601567,5.039669976775887,-0.03523985319296957,0.33660931573351405
1790096801865576448,52.27457641601567,8.2466044135114,0.6356819843917352,-0.5704450266224226
1790096801875576576,52.284576416015675,8.893826095571612,1.6855641449833723,-2.443163678641941
1790096801885576448,52.29457641601567,5.658734728293442,2.6213109084934025,-3.826098592733789
1790096801895576576,52.30457641601567,3.447064472439332,2.636624676026009,-3.4862225833726552
1790096801905576448,52.31457641601567,6.5583068363378585,1.7325437812576656,-3.328243409061226
1790096801915576576,52.324576416015674,10.910981334951877,0.8355476618154701,-4.511758582984427
1790096801925576448,52.33457641601567,12.019272852883802,0.2717756950087669,-6.0324558070034335
1790096801935576576,52.34457641601567,8.527008807719458,0.1999280001344448,-7.16593474604338
1790096801945576448,52.354576416015675,5.181620099727564,0.40166153284972,-7.111440350076183
1790096801955576576,52.36457641601567,4.9536475572515535,0.37734921456315107,-6.274404588237577
1790096801965576448,52.37457641601567,7.019872831826455,0.1521675694108879,-6.153547531051653
1790096801975576576,52.38457641601567,8.996308083138906,-0.3006920060430109,-6.630765489512898
1790096801985576448,52.394576416015674,9.178078869024317,-0.7567996966959949,-7.301448842193684
1790096801995576576,52.40457641601567,8.713261753954212,-1.422174464336038,-7.820916408488816
1790096802005576448,52.41457641601567,9.35532255711964,-2.1191480401558493,-8.222603069448926
1790096802015576576,52.424576416015675,8.792262406727032,-2.4612816882981883,-8.456595213315813
1790096802025576448,52.43457641601567,7.0100592696795765,-2.868785028826577,-8.304753068041283
1790096802035576576,52.44457641601567,5.638267106683197,-3.092527268233511,-7.866576734032585
1790096802045576448,52.45457641601567,5.469022193906569,-3.524845243484552,-7.235048995819971
1790096802055576576,52.464576416015674,6.280643733590165,-4.2351078688693615,-6.628041502457428
1790096802065576448,52.47457641601567,6.83998658206122,-4.883697591262916,-6.400173952410225
1790096802075576576,52.48457641601567,7.2474176655580065,-5.268053314976878,-6.268951778948775
1790096802085576448,52.494576416015676,7.409634187205745,-4.794471406100946,-6.344554458536129
1790096802095576576,52.504576416015674,6.813859234773222,-3.6015583982383905,-6.386307824824932
1790096802105576448,52.51457641601567,5.4631009531399135,-2.521225025014182,-6.0508739292736164
1790096802115576576,52.52457641601567,5.4375481994426735,-1.97915828126754,-5.973851102241786
1790096802125576448,52.534576416015675,7.7383965713653176,-2.3671808674452617,-5.976449770197541
1790096802135576576,52.54457641601567,9.883861539010395,-3.389298826903801,-6.089029361896913
1790096802145576448,52.55457641601567,8.672094380918953,-3.8724231701430942,-6.524721171484077
1790096802155576576,52.56457641601567,4.957905321057363,-2.861465306519943,-7.313823561261106
1790096802165576448,52.574576416015674,3.5286913891588956,-1.6878837907129767,-7.537036977426339
1790096802175576576,52.58457641601567,5.210349739835104,-1.8501833473557787,-6.5679131295464686
1790096802185576448,52.59457641601567,7.396004383546826,-3.106583794857684,-5.079187642333472
1790096802195576576,52.604576416015675,7.683986920453739,-4.200368012520808,-4.446226001667439
1790096802205576448,52.61457641601567,6.6245606914935244,-4.783078144177562,-5.023327179216898
1790096802215576576,52.62457641601567,7.031126641294201,-5.462759995200834,-6.130919944267959
1790096802225576448,52.63457641601567,8.19758564028176,-6.329529976377263,-7.024388057704353
1790096802235576576,52.644576416015674,7.965179900686616,-6.7886387934278725,-7.5641791040299955
1790096802245576448,52.65457641601567,6.634667143860859,-6.873452520361396,-7.769439267226334
1790096802255576576,52.66457641601567,6.65596539435122,-6.434169143093061,-7.883297542335083
1790096802265576448,52.674576416015675,7.9354988814111485,-5.530672522779017,-7.5039967403965395
1790096802275576576,52.68457641601567,8.911067926381445,-4.965307037009068,-7.18622016746086
1790096802285576448,52.69457641601567,8.435877518325599,-5.211554911480048,-7.23272043135815
1790096802295576576,52.70457641601567,7.488674615947442,-5.8088680014004,-7.828612979521379
1790096802305576448,52.714576416015674,6.687044727284282,-6.64752471131487,-8.435530576504053
1790096802315576576,52.72457641601567,6.214948133932023,-7.131844370287762,-8.713878814342841
1790096802325576448,52.73457641601567,6.152307018422963,-6.49299912048794,-7.682244008706143
1790096802335576576,52.744576416015676,6.613022361662791,-5.668202560692979,-5.698926112900091
1790096802345576448,52.754576416015674,7.0555489125596065,-5.035243867747286,-4.291382057379867
1790096802355576576,52.76457641601567,7.312816067322943,-4.70122702954215,-3.763377768630073
1790096802365576448,52.77457641601567,6.786935741860571,-4.396022142702934,-3.7730910839496437
1790096802375576576,52.784576416015675,5.474271095589677,-4.249794821130248,-4.33867865225281
1790096802385576448,52.79457641601567,4.536078096707205,-5.218082344391758,-4.792792313139279
1790096802395576576,52.80457641601567,4.238752403083497,-6.784151053716564,-4.188053712316752
1790096802405576448,52.81457641601567,5.162265214309701,-6.653951358417499,-3.6664475732395876
1790096802415576576,52.824576416015674,6.425724364961595,-6.19342487110829,-4.258653290341472
1790096802425576448,52.83457641601567,6.8326385523767375,-6.068798075564883,-5.278401914992368
1790096802435576576,52.84457641601567,6.4460354304963525,-7.090447323568868,-5.137148421725615
1790096802445576448,52.854576416015675,6.523514115014905,-8.239009382703626,-4.156040332224475
1790096802455576576,52.86457641601567,7.0909845462379035,-8.510403230494713,-3.2502702345713885
1790096802465576448,52.87457641601567,6.944279739112468,-7.797503900940574,-2.8322263919470254
1790096802475576576,52.88457641601567,6.428804601645576,-7.02457517404761,-2.8321675477710366
1790096802485576448,52.894576416015674,6.192994617249966,-6.80371653590067,-2.973645438347082
1790096802495576576,52.90457641601567,5.0767800061433,-6.41473539701408,-3.265044360685778
1790096802505576448,52.91457641601567,4.155205392093414,-6.4658873692424566,-4.357643765058694
1790096802515576576,52.924576416015675,5.790429496548102,-8.222798336368628,-5.038189656234686
1790096802525576448,52.93457641601567,6.381146722066218,-9.495800427516206,-5.050651185766385
1790096802535576576,52.94457641601567,7.151594349735184,-10.424272860701384,-4.733671917429027
1790096802545576448,52.95457641601567,7.3993080510374405,-12.008370739589825,-5.283073902515998
1790096802555576576,52.964576416015674,7.656743782195239,-13.21275417354334,-5.825400678581582
1790096802565576448,52.97457641601567,7.824484054704439,-12.849737312558334,-6.1352916773734165
1790096802575576576,52.98457641601567,7.767735933090247,-12.27741311122176,-6.7960903883414625
1790096802585576448,52.994576416015676,8.07450204381433,-11.751147443169543,-7.712953244890049
1790096802595576576,53.004576416015674,7.819570342846959,-11.189761418799131,-8.436323118396032
1790096802605576448,53.01457641601567,6.7423141278149155,-10.128544790337966,-9.301837869713198
1790096802615576576,53.02457641601567,4.249559563534406,-10.033368190842541,-9.48030806021147
1790096802625576448,53.034576416015675,2.7708176221907945,-10.862088532402908,-9.797859112111613
1790096802635576576,53.04457641601567,5.034040258601114,-10.073916645910135,-10.416048361764862
1790096802645576448,53.05457641601567,6.300294452957926,-7.065309001975221,-9.82400505076767
1790096802655576576,53.064576416015676,6.84575034049901,-5.202151963201562,-8.546618097664995
1790096802665576448,53.074576416015674,5.455847021294664,-5.164139024196813,-7.159123635247127
1790096802675576576,53.08457641601567,2.5580351413487845,-6.576383910315011,-5.774788620470789
1790096802685576448,53.09457641601567,1.4897437877020199,-7.539543403634591,-5.292079368553396
1790096802695576576,53.104576416015675,3.0564450045947558,-7.590140413520428,-4.952605673458754
1790096802705576448,53.11457641601567,3.652675659214101,-6.6260775938107574,-3.8760048674300505
1790096802715576576,53.12457641601567,5.864584953382521,-4.118979011836215,-3.0411528258446636
1790096802725576448,53.134576416015676,9.11333465576828,-0.7928769784602334,-2.809776764710843
1790096802735576576,53.144576416015674,10.303408601594052,1.5021849279132347,-2.9154837577153665
1790096802745576448,53.15457641601567,9.859495288692745,1.912464018586654,-3.193822640861622
1790096802755576576,53.16457641601567,9.715660053767275,2.270438820603861,-3.126027218353328
1790096802765576448,53.174576416015675,9.502158879871264,2.462496471667872,-3.3930094099818118
1790096802775576576,53.18457641601567,6.611532178266193,1.4068079819422277,-3.586160333370316
1790096802785576448,53.19457641601567,5.2921678359708535,0.5310582116634435,-4.486049103392293
1790096802795576576,53.20457641601567,7.8746638614615225,0.5608800248594916,-7.1303385794944205
1790096802805576448,53.214576416015674,11.65889638932127,1.7455236394905094,-10.042670495386911
1790096802815576576,53.22457641601567,11.352164955500427,-0.33228391403337243,-9.719468548173444
1790096802825576448,53.23457641601567,7.379175668639471,-5.750304786422925,-9.415897732213088
1790096802835576576,53.244576416015676,2.913743638419347,-9.869797097338076,-10.56469009306495
1790096802845576448,53.254576416015674,-0.33596239366697755,-11.34020663586492,-13.113322626591117
1790096802855576576,53.26457641601567,0.4249448124957882,-14.130501922043374,-15.326336689871457
1790096802865576448,53.27457641601567,2.465108518196833,-16.355434895521643,-15.050187864671987
1790096802875576576,53.284576416015675,4.793994578398163,-12.569465492873562,-15.822465769815622
1790096802885576448,53.29457641601567,7.470373362195945,-9.588493355207616,-12.594354748496125
1790096802895576576,53.30457641601567,8.413908994783508,-8.660033969064298,-9.479583463941507
1790096802905576448,53.314576416015676,5.944555947695329,-7.0294951578015,-5.912545662504243
1790096802915576576,53.324576416015674,8.473980775814484,-5.061933789204955,-2.7611110460298245
1790096802925576448,53.33457641601567,15.306292129459573,-3.859416535478124,-0.7782399694366356
1790096802935576576,53.34457641601567,11.71459895525387,-2.6185975318846335,0.32873524903839757
1790096802945576448,53.354576416015675,9.050865307990327,-1.7311252821030934,0.17710605193176254
1790096802955576576,53.36457641601567,9.330009725334286,-0.8376542332746425,-0.610393326825161
1790096802965576448,53.37457641601567,10.179692463274549,0.526839749225268,0.08459201190168558
1790096802975576576,53.384576416015676,10.988386731986262,2.1652812661999454,0.37864556681770023
1790096802985576448,53.394576416015674,11.080166422389306,4.425273765033548,-0.09124506933374521
1790096802995576576,53.40457641601567,9.7559450800451,5.488382687951329,0.3517727487245926
1790096803005576448,53.41457641601567,6.584953936101628,6.137450531266802,1.8762211040668793
1790096803015576576,53.424576416015675,6.059559341987741,7.8051767707891315,2.1886701801170174
1790096803025576448,53.43457641601567,5.066554922808658,9.560543329293353,1.4829197486640273
1790096803035576576,53.44457641601567,2.227531388728729,10.723600060119441,0.9079749461180298
1790096803045576448,53.45457641601567,2.0490238826303866,11.941661618425151,0.34230932316569584
1790096803055576576,53.464576416015674,3.7640438966455325,12.330430117077869,-0.2714500995388194
1790096803065576448,53.47457641601567,4.549189302561593,10.787113740520372,-0.9791234951705776
1790096803075576576,53.48457641601567,5.129108345577376,8.996251697695017,-1.5522414724346554
1790096803085576448,53.494576416015676,9.198904203936642,8.60152540695936,-2.0424630277422926
1790096803095576576,53.504576416015674,12.160565198971025,6.418794724191047,-3.231115402885585
1790096803105576448,53.51457641601567,13.085300610297503,3.105239857917652,-2.9239008535231066
1790096803115576576,53.52457641601567,13.08390035803296,1.562061446943832,-3.1830934159485094
1790096803125576448,53.534576416015675,12.131127099248593,1.4203487468428844,-3.9973921112382715
1790096803135576576,53.54457641601567,10.820171584241297,1.3395929512871356,-4.407182104918529
1790096803145576448,53.55457641601567,9.548900455784636,1.1589748229308359,-4.044028656507924
1790096803155576576,53.564576416015676,8.786612178129857,1.2784012081528382,-3.506876800525818
1790096803165576448,53.574576416015674,8.650086894474885,1.0837738245072703,-3.374622289131573
1790096803175576576,53.58457641601567,7.852347336757683,0.9905994472393074,-4.537319207082366
1790096803185576448,53.59457641601567,5.53276017736224,0.6631244106098436,-4.228871342394803
1790096803195576576,53.604576416015675,4.89378261633369,1.4521880327444963,-4.538690412592427
1790096803205576448,53.61457641601567,7.1782448092486675,2.4155222057117176,-3.974729789127403
1790096803215576576,53.62457641601567,8.36559051288092,2.4736865273317163,-2.5667522775567604
1790096803225576448,53.634576416015676,7.9330311530115525,1.4518639239901348,-1.1475535766666578
1790096803235576576,53.644576416015674,7.048132703637165,0.7819775715122579,0.3331740994571569
1790096803245576448,53.65457641601567,8.271014808473652,0.32598730626502403,1.257545954279127
1790096803255576576,53.66457641601567,10.259725137273044,0.339864687531388,0.6398086154627292
1790096803265576448,53.674576416015675,10.42926082701021,1.2474814653065944,0.6657079864734041
1790096803275576576,53.68457641601567,10.142091658097348,1.5950604566404112,0.20671208225728316
1790096803285576448,53.69457641601567,9.581501604740671,1.5958332901966699,-0.18344004638971656
1790096803295576576,53.704576416015676,9.368770106810462,1.3011663917096221,-0.39188673233334315
1790096803305576448,53.714576416015674,9.321647877495995,1.2290687396474904,0.14420720723763703
1790096803315576576,53.72457641601567,8.935409038739717,0.8927650607860829,1.0512691198375377
1790096803325576448,53.73457641601567,8.865493682578848,0.12132604709312086,1.971222496827295
1790096803335576576,53.744576416015676,9.174825363958927,-0.36366113163445213,2.157868740963568
1790096803345576448,53.754576416015674,9.381874179519935,-0.5140187313366051,2.241516371122571
1790096803355576576,53.76457641601567,9.474857702393145,-0.3455643797183476,2.0337297394774403
1790096803365576448,53.77457641601568,9.29361656374488,0.39488015638302315,2.3573125016356204
1790096803375576576,53.784576416015675,9.512502179363024,0.8651488039582954,2.657384810805911
1790096803385576448,53.79457641601567,8.668410039990937,1.1695514635891129,2.6585089475446497
1790096803395576576,53.80457641601567,8.038828903470762,2.513545559540812,0.11327263966588272
1790096803405576448,53.814576416015676,10.46481098548885,1.9781446417491548,-0.2165724117734495
1790096803415576576,53.824576416015674,9.8114781185204,0.6577151426475845,-0.26473977073785254
1790096803425576448,53.83457641601567,11.013586351648481,-0.33009521248670715,0.3160493608790104
1790096803435576576,53.84457641601567,13.246942708644898,-0.756987655607421,0.18252040662203511
1790096803445576448,53.854576416015675,14.362919410215172,-0.9075482164804362,0.4862766351668926
1790096803455576576,53.86457641601567,14.041574789333458,-0.41661008249359766,0.5152431230499523
1790096803465576448,53.87457641601567,12.304548662586958,0.5673586053768344,-0.23192448633239166
1790096803475576576,53.884576416015676,10.205821972777434,1.3609171834347835,-1.3241955524544915
1790096803485576448,53.894576416015674,9.243262497887576,1.5668613418379314,-1.650338265006772
1790096803495576576,53.90457641601567,8.856614793148337,1.4928630662564253,-1.648025966961275
1790096803505576448,53.91457641601567,8.618229236716012,1.7335114025088578,-1.4631466530380262
1790096803515576576,53.924576416015675,8.406354173016132,2.3772506244682035,-1.4007967228464107
1790096803525576448,53.93457641601567,8.875678251758824,3.070579658146002,-0.704185275673383
1790096803535576576,53.94457641601567,9.493165042188323,3.106764213513837,0.32961836773820286
1790096803545576448,53.954576416015676,9.820548643115732,2.5952761523415955,0.9701544958413023
1790096803555576576,53.964576416015674,9.057912568687165,2.9173755826360384,1.1582375967979979
1790096803565576448,53.97457641601567,8.355036512378144,3.5270997954789687,1.4095367348965435
1790096803575576576,53.98457641601567,7.722528684287773,3.9675972323719333,1.426051876523237
1790096803585576448,53.994576416015676,7.43373182333166,3.7928521642552626,1.294342209541714
1790096803595576576,54.004576416015674,7.249397021045418,3.2573306927978147,0.7514674236573765
1790096803605576448,54.01457641601567,7.765379887924882,0.1755519067733562,0.22472290777686682
1790096803615576576,54.02457641601568,9.893595618532549,-1.6519558125154483,-0.8546052313744816
1790096803625576448,54.034576416015675,11.254044745586619,-0.4359912123530183,-1.7844385248753876
1790096803635576576,54.04457641601567,10.890072770497175,0.7011895268104649,-1.6893923063780647
1790096803645576448,54.05457641601567,9.26153527196625,0.9401103522293086,-1.3716307783296067
1790096803655576576,54.064576416015676,7.804588509971618,1.1511149430107617,-1.326221942901611
1790096803665576448,54.074576416015674,7.593091310243014,1.95100355758765,-1.4286533988456942
1790096803675576576,54.08457641601567,8.767727434251812,1.8835475160266273,-1.141112847870569
1790096803685576448,54.09457641601567,10.943138530067898,1.9126008510886476,-0.9256268892287849
1790096803695576576,54.104576416015675,11.974907680634693,2.200102236980985,-0.7129044250841615
1790096803705576448,54.11457641601567,11.948833504998769,2.1713595705977857,-0.4448120331461344
1790096803715576576,54.12457641601567,11.022400368762021,1.7831030054196526,-0.9846109877898184
1790096803725576448,54.134576416015676,10.685098369025658,1.2209765092913651,-1.777980536626887
1790096803735576576,54.144576416015674,10.378721601814114,0.7646465974497458,-1.9119749251752296
1790096803745576448,54.15457641601567,10.529112155034454,0.8417639099174515,-1.8850785090230056
1790096803755576576,54.16457641601567,10.198772472829146,1.2903464385292938,-1.5946425485119444
1790096803765576448,54.174576416015675,10.167244004697478,0.9677770963980885,-1.1264599541032028
1790096803775576576,54.18457641601567,10.24746781624856,0.5467070850222937,-0.8467359014810125
1790096803785576448,54.19457641601567,10.231523082075384,0.11426703421338393,-0.4395844458131108
1790096803795576576,54.204576416015676,10.560104787840826,-0.09785804819576635,0.6068716624146189
1790096803805576448,54.214576416015674,10.773321699983157,0.41198449614593985,2.1046245974437543
1790096803815576576,54.22457641601567,9.830369745628674,1.504607044435052,3.6890767461296243
1790096803825576448,54.23457641601567,11.26010457252174,1.8301414045374633,4.0125450094324595
1790096803835576576,54.244576416015676,9.72502774245497,2.3773452383042555,4.70512983157632
1790096803845576448,54.254576416015674,9.64315331137049,2.5204899167813766,5.0031322459081515
1790096803855576576,54.26457641601567,12.314110294865424,2.0711656831156833,2.836376218591349
1790096803865576448,54.27457641601568,14.634317933347022,0.931130989786775,0.260556545985703
1790096803875576576,54.284576416015675,13.79783483911304,0.48729483620542713,-0.7801591880117653
1790096803885576448,54.29457641601567,11.776961761818969,0.8848702358002538,-0.6687565340073943
1790096803895576576,54.30457641601567,10.601904961322472,1.564084145688493,-0.3628170841301708
1790096803905576448,54.314576416015676,10.515132493700722,2.377013020150019,-0.16777872572695623
1790096803915576576,54.324576416015674,10.177475951611417,2.6874049037660037,0.2833326862302611
1790096803925576448,54.33457641601567,9.226203849015562,2.4509338449770497,0.9215744989768352
1790096803935576576,54.34457641601568,8.422451098431766,2.2036184049215644,1.0954150502767661
1790096803945576448,54.354576416015675,7.913168474308669,2.4015052318406185,1.022508989838764
1790096803955576576,54.36457641601567,7.840501455695383,2.727659567437811,0.639638211978959
1790096803965576448,54.37457641601567,8.037450224643642,2.948261296810413,-0.020598393828937023
1790096803975576576,54.384576416015676,8.414807868217704,2.9835313113061797,-0.26057061075996274
1790096803985576448,54.394576416015674,11.427751235347795,3.474986372401385,-0.39264538573333885
1790096803995576576,54.40457641601567,11.478991017434403,4.221706587932453,-0.24686564572810846
1790096804005576448,54.41457641601568,10.181184424323137,4.164296477546012,0.5372113478305471
1790096804015576576,54.424576416015675,10.75323886784372,3.8157603877770288,1.0679207277891736
1790096804025576448,54.43457641601567,10.525550744018465,3.9560279641605454,0.9353376926935238
1790096804035576576,54.44457641601567,9.808694964269849,4.2493546430910225,0.5758759130399013
1790096804045576448,54.454576416015676,9.162183431514702,4.17497326142912,0.2563900132270025
1790096804055576576,54.464576416015674,8.25960292033007,4.299711674279137,-0.06136681653831025
1790096804065576448,54.47457641601567,7.188143604254479,4.469023622950206,-0.10932720525553069
1790096804075576576,54.48457641601567,6.8140819453816635,4.418445409734016,0.13231671501931577
1790096804085576448,54.494576416015676,7.0530797679098125,4.088767280028294,0.6426136850458497
1790096804095576576,54.504576416015674,7.868179531785892,3.798833775247146,1.1238753182825771
1790096804105576448,54.51457641601567,8.732135967336562,3.857624232675848,1.251804490804716
1790096804115576576,54.52457641601568,9.23217812415079,3.9976086157430655,1.2060401757771657
1790096804125576448,54.534576416015675,9.433059268866039,4.066465129922338,1.330354448651077
1790096804135576576,54.54457641601567,9.367587175848785,4.186829225169092,1.575694278554869
1790096804145576448,54.55457641601567,9.143955706029917,4.421538689410288,1.800814388423296
1790096804155576576,54.564576416015676,8.717539813771312,4.603067906652141,1.7996782902875987
1790096804165576448,54.574576416015674,7.996792009183567,4.643004973523644,1.2584955944705234
1790096804175576576,54.58457641601567,6.909811580150048,4.45785048126053,0.27159942256784
1790096804185576448,54.59457641601568,5.75593779455593,4.288336473771893,-0.9981910576519211
1790096804195576576,54.604576416015675,4.729218855187288,4.210384037385253,-1.9990072079840973
1790096804205576448,54.61457641601567,3.3013523330436065,4.4651779953349235,-2.6180972450724007
1790096804215576576,54.62457641601567,2.46798459622215,4.675363674876004,-2.5542892061566667
1790096804225576448,54.634576416015676,2.29780519536189,4.4024811781329705,-2.178213241493427
1790096804235576576,54.644576416015674,2.7040270757712026,4.026627974034486,-1.8925297038055582
1790096804245576448,54.65457641601567,3.706022456472433,3.6399267442722167,-1.9083767298913867
1790096804255576576,54.66457641601568,5.229843385171172,3.2902932204839397,-2.184142578251659
1790096804265576448,54.674576416015675,6.847249204088042,3.191359516568073,-2.6228544930577216
1790096804275576576,54.68457641601567,8.174162391372226,3.166384922879574,-2.9363626771829003
1790096804285576448,54.69457641601567,8.761527652674491,3.097836131413728,-2.9737956343808465
1790096804295576576,54.704576416015676,8.878642638530629,3.114058547752067,-2.8229991292894385
1790096804305576448,54.714576416015674,8.828602466386178,3.3031744563714067,-2.4846564396120328
1790096804315576576,54.72457641601567,8.636704034839784,3.3930524645680364,-2.065464045080165
1790096804325576448,54.73457641601567,8.735296818146693,3.2384727078500535,-1.7627780200497387
1790096804335576576,54.744576416015676,9.154505573951411,2.916325773714626,-1.6213373877938553
1790096804345576448,54.754576416015674,9.750941864957499,2.7369417297183696,-1.5784380952370605
1790096804355576576,54.76457641601567,9.975673916365043,2.59882981713024,-1.4132512969331938
1790096804365576448,54.77457641601568,10.22019095313187,2.559872802928418,-1.1823485326586372
1790096804375576576,54.784576416015675,10.500401312954029,2.7819718524071217,-1.0041486477072463
1790096804385576448,54.79457641601567,10.167656753588929,3.3124563001357243,-0.970852270507451
1790096804395576576,54.80457641601567,9.44476393675808,3.817307495173615,-1.0880433295318712
1790096804405576448,54.814576416015676,8.828172030323888,4.308352216604761,-1.2175785097771905
1790096804415576576,54.824576416015674,7.862980013626521,4.890171369245745,-0.9721722519933904
1790096804425576448,54.83457641601567,6.570635450873373,5.565961285047522,-0.010441744046840062
1790096804435576576,54.84457641601568,5.730550083728925,6.007727244303561,1.4344069790237841
1790096804445576448,54.854576416015675,5.553521415665854,5.9700137739715995,2.7069492421284567
1790096804455576576,54.86457641601567,6.208865213921811,5.383079557372671,3.0950356341797374
1790096804465576448,54.87457641601567,7.703294870433058,4.658173071484956,2.348416830930429
1790096804475576576,54.884576416015676,9.26897119922564,4.058081686631228,1.0730663481435765
1790096804485576448,54.894576416015674,10.476682787619161,3.396467788861007,0.015554120799354587
1790096804495576576,54.90457641601567,11.306368825846768,2.7328011303341615,-0.8096869402433912
1790096804505576448,54.91457641601568,11.69095647430954,2.3294495065679888,-1.6266215291335953
1790096804515576576,54.924576416015675,11.613055958713765,2.2507532288686765,-2.4005324099796836
1790096804525576448,54.93457641601567,11.404904386362414,2.193543751373447,-2.9115498070788806
1790096804535576576,54.94457641601567,11.108136670548792,1.9893180888944262,-3.149851594633663
1790096804545576448,54.954576416015676,10.925809132536125,1.6801660071238191,-3.271524005687974
1790096804555576576,54.964576416015674,10.941696599352696,1.3350731673217329,-3.321566443900761
1790096804565576448,54.97457641601567,10.800382681052435,1.1009255247660437,-3.3772052635140626
1790096804575576576,54.98457641601568,10.617675804223467,0.8888720825651788,-3.5752039380207297
1790096804585576448,54.994576416015676,10.724394191481196,0.7341019253106055,-3.8327678432814785
1790096804595576576,55.004576416015674,10.830449105643323,0.6754550111348532,-4.075171062020688
1790096804605576448,55.01457641601567,10.814070467144806,0.6433460236224362,-4.201532203262266
1790096804615576576,55.02457641601568,10.62762578545688,0.7005665350870331,-4.147596035271488
1790096804625576448,55.034576416015675,10.294604196688978,0.9667340481383551,-4.007189219316063
1790096804635576576,55.04457641601567,9.696747089616524,1.4582026504850059,-3.949561029132942
1790096804645576448,55.05457641601568,8.911298712598816,2.041010865981496,-4.025999640910219
1790096804655576576,55.064576416015676,8.077248147706175,2.6303011650410153,-4.1740851334483695
1790096804665576448,55.074576416015674,7.281043982381976,3.0418932924374325,-4.2772140666342935
1790096804675576576,55.08457641601567,7.022433863194704,3.2342857390810447,-4.320643584682959
1790096804685576448,55.09457641601568,7.6643028817967895,3.144856749349576,-4.150211325013388
1790096804695576576,55.104576416015675,8.557624372545773,2.797693900267317,-3.7278824845811718
1790096804705576448,55.11457641601567,9.391800934757935,2.3980428332573114,-3.2621206459104477
1790096804715576576,55.12457641601567,10.538181881582668,2.2455040235004877,-2.8374605503282226
1790096804725576448,55.134576416015676,11.587194402884077,2.2895430856789787,-2.5861469618649267
1790096804735576576,55.144576416015674,12.283285804953191,2.371921675209106,-2.49482644943764
1790096804745576448,55.15457641601567,12.5154133372138,2.432215717698896,-2.4602372747115937
1790096804755576576,55.16457641601568,12.466319645907047,2.5466968681838127,-2.418147947530457
1790096804765576448,55.174576416015675,12.219743753016955,2.736993224020043,-2.3086559357489507
1790096804775576576,55.18457641601567,11.95587334961444,2.8105310894692948,-2.2715833979055717
1790096804785576448,55.19457641601567,11.65081223120521,2.8072604162202124,-2.2914222385028857
1790096804795576576,55.204576416015676,10.989509290034636,2.8448207552668525,-2.196504087661758
1790096804805576448,55.214576416015674,10.219896220974384,2.990847770528788,-1.9730932310658922
1790096804815576576,55.22457641601567,9.465218326945081,3.1796609523790176,-1.6334981840659046
1790096804825576448,55.23457641601568,8.901290652755877,3.3421105380870095,-1.3351389656124735
1790096804835576576,55.244576416015676,8.600072061850224,3.54119691981143,-1.0646893547825034
1790096804845576448,55.254576416015674,8.314063316908559,3.7699212549967585,-0.8541373764785826
1790096804855576576,55.26457641601567,8.055423502055358,3.996111278342631,-0.653087819119653
1790096804865576448,55.27457641601568,7.756565119930729,4.198349242673817,-0.42958326074349634
1790096804875576576,55.284576416015675,7.632266143399908,4.4282956674715095,-0.2967128312078854
1790096804885576448,55.29457641601567,7.528804280563685,4.65503515543795,-0.2351473432472633
1790096804895576576,55.30457641601568,7.445684037195803,4.80948215053954,-0.033178952293896696
1790096804905576448,55.314576416015676,7.519585569815507,4.803726702372168,0.4163468675484343
1790096804915576576,55.324576416015674,7.995162242081318,4.444530092419144,0.9985602143380197
1790096804925576448,55.33457641601567,8.727971285029154,3.6780005838812757,1.2328602758871932
1790096804935576576,55.34457641601568,9.572656272000483,3.144387424440652,0.999884194060754
1790096804945576448,55.354576416015675,10.574756090680758,3.1903184653530263,0.6979651771094676
1790096804955576576,55.36457641601567,11.295722038928917,3.074574284099898,0.4738666255966938
1790096804965576448,55.37457641601567,11.5022573065709,2.991526586524429,0.47215559169698335
1790096804975576576,55.384576416015676,11.242190849801602,2.9946020761348566,0.5225804923320931
1790096804985576448,55.394576416015674,10.764104921837944,2.978789729412578,0.5429125918460221
1790096804995576576,55.40457641601567,10.239669154541534,2.760489745799054,0.6482143154445492
1790096805005576448,55.41457641601568,9.224215347852702,3.0822410462906595,-0.229738829939928
1790096805015576576,55.424576416015675,9.039961085506567,3.5732569199620317,-0.9033686229766524
1790096805025576448,55.43457641601567,9.144534286659686,3.659439444226213,-0.8375711075019338
1790096805035576576,55.44457641601567,9.1655927527741,3.5075175011336577,-0.43524805170832137
1790096805045576448,55.454576416015676,8.847525304758246,3.553826049266918,-0.10545804431082038
1790096805055576576,55.464576416015674,8.005934969350331,3.83649573561896,0.3316926921346185
1790096805065576448,55.47457641601567,7.771633422001778,4.030080001411943,0.7559414087410041
1790096805075576576,55.48457641601568,7.3256620760493005,4.038080758356643,1.0410809673287234
1790096805085576448,55.494576416015676,7.002381381705892,3.983193634859728,1.2764629536119927
1790096805095576576,55.504576416015674,6.952957184717606,3.9050184770949126,1.3779420128936233
1790096805105576448,55.51457641601567,6.974504060387438,3.777870264049605,1.3671932187693037
1790096805115576576,55.52457641601568,6.768147307939531,3.6382267700835462,0.7389629816495764
1790096805125576448,55.534576416015675,6.5389913668557265,3.6775031529612043,0.13173640467006648
1790096805135576576,55.54457641601567,6.584217197443753,4.1371139687113,-0.09411077390691996
1790096805145576448,55.55457641601568,6.813162007489945,4.521502262342009,-0.14172728327276427
1790096805155576576,55.564576416015676,6.568819587898146,3.71581522146811,-0.03382640295312146
1790096805165576448,55.574576416015674,8.652829564929736,3.8843309142706075,0.22702288055168124
1790096805175576576,55.58457641601567,10.432365883420001,4.12009283674266,0.05770255900885812
1790096805185576448,55.59457641601568,9.981834055874312,3.9678879427704836,-0.21165038573285747
1790096805195576576,55.604576416015675,9.52091180432504,3.0758300758071155,-0.27945176903208196
1790096805205576448,55.61457641601567,9.61959855956875,1.8975596713771823,-0.10500651730244516
1790096805215576576,55.62457641601568,10.206921251397862,1.6671331263394908,0.16688822926731786
1790096805225576448,55.634576416015676,10.657555342893703,1.8993524022425299,-0.028527588920513616
1790096805235576576,55.644576416015674,10.525664735481866,2.2825086487154618,-0.46818414873472436
1790096805245576448,55.65457641601567,10.247885531515495,2.5436652689124992,-0.7313544926935023
1790096805255576576,55.66457641601568,10.0877512521937,2.5136965713403625,-0.6749888032682361
1790096805265576448,55.674576416015675,9.88238865275584,2.5427452882444124,-0.5014911391169329
1790096805275576576,55.68457641601567,9.462208153840423,2.869940245321734,-0.5710916675010476
1790096805285576448,55.69457641601568,8.964053846851579,3.2699758950692206,-0.7692677287265175
1790096805295576576,55.704576416015676,8.565224215024383,3.542916691391559,-0.8214154801348559
1790096805305576448,55.714576416015674,8.270549569857433,3.6727994580766907,-0.7995947254584013
1790096805315576576,55.72457641601567,8.057852561711462,3.6652855250102836,-0.6577644891164407
1790096805325576448,55.73457641601568,8.124455232493398,3.525286945628204,-0.34889167318338377
1790096805335576576,55.744576416015676,8.304405974878275,3.3227995318306225,-0.05981860395962496
1790096805345576448,55.754576416015674,8.759969065394918,3.393866604493306,-0.09983847345593783
1790096805355576576,55.76457641601567,8.975845199026319,3.425104757459059,-0.09726926008075126
1790096805365576448,55.77457641601568,8.901753898979782,3.217088546416444,-0.08560138950907159
1790096805375576576,55.784576416015675,9.4589788616851,4.045971489482112,-0.12005235228153892
1790096805385576448,55.79457641601567,9.978480367779113,4.988063532473972,0.024531811874218643
1790096805395576576,55.80457641601568,9.82525955465534,5.047150200361928,0.7649280924383863
1790096805405576448,55.814576416015676,9.625622519148346,4.498538385588185,1.4822122000962332
1790096805415576576,55.824576416015674,9.790643824023626,4.155716359738364,1.4992699774258404
1790096805425576448,55.83457641601567,10.24243548793234,4.121862646175295,0.9882146535971147
1790096805435576576,55.84457641601568,10.492290738338873,3.958093937018258,0.4547751686083512
1790096805445576448,55.854576416015675,10.371545332301931,3.404530157262916,0.17584718328330787
1790096805455576576,55.86457641601567,10.262805963768523,2.8395222689722344,-0.0011052076125703525
1790096805465576448,55.87457641601568,10.390245526797745,2.6879664251328785,-0.23309334106778895
1790096805475576576,55.884576416015676,10.620798450938247,2.9316988907118486,-0.5723810733968804
1790096805485576448,55.894576416015674,10.805539091739767,3.2982642821070973,-0.969487777225941
1790096805495576576,55.90457641601567,10.789744869029095,3.537862735068974,-1.144069058092872
1790096805505576448,55.91457641601568,10.522311226094708,3.5690659301699004,-0.9948169498389581
1790096805515576576,55.924576416015675,10.196209680239718,3.3945313160526087,-0.6524290740471658
1790096805525576448,55.93457641601567,9.769152975225293,2.9545832844619886,-0.2184551136282133
1790096805535576576,55.94457641601568,9.205231115236842,3.332474634908517,0.028096312921560857
1790096805545576448,55.954576416015676,8.990776387636219,3.446159228549451,0.23538999904583968
1790096805555576576,55.964576416015674,9.165530373586956,3.391826834041181,0.5526070343368854
1790096805565576448,55.97457641601567,9.133427702045983,3.1567520359497045,0.8423603524982438
1790096805575576576,55.98457641601568,9.094939863282711,3.0383116961616703,0.8142236760780766
1790096805585576448,55.994576416015676,9.085731557680509,3.0490284745254987,0.5537309905592149
1790096805595576576,56.004576416015674,9.296653379162539,3.175667983267271,0.2890513921977632
1790096805605576448,56.01457641601567,9.583095400469107,3.303737113521034,0.04423572889087754
1790096805615576576,56.02457641601568,9.57317145360323,3.3146055913931125,-0.09365291209190821
1790096805625576448,56.034576416015675,9.407823437526632,3.198279464762253,-0.039002774203755364
1790096805635576576,56.04457641601567,9.07168024795459,3.0641960043082035,0.1617902139586914
1790096805645576448,56.05457641601568,8.60785124206912,3.0082040225099522,0.29385777400144586
1790096805655576576,56.064576416015676,8.302480986744,3.0336300492501604,0.16394036181835608
1790096805665576448,56.074576416015674,8.219979623188474,3.067214370786831,-0.036288396105966264
1790096805675576576,56.08457641601567,8.106278897455674,3.004401220728451,0.05745253318350146
1790096805685576448,56.09457641601568,8.099781410095673,2.825959645540081,0.09704793574845699
1790096805695576576,56.104576416015675,8.208052352890888,2.6578215525223663,-0.0823548942307746
1790096805705576448,56.11457641601567,8.450226737511615,2.664309552318255,-0.5727078714117368
1790096805715576576,56.12457641601568,8.797529366744907,2.5335222278329157,-1.149763232739565
1790096805725576448,56.134576416015676,9.794226750185755,2.303902416549178,-1.6753214440784585
1790096805735576576,56.144576416015674,11.25171481495967,3.0498151508400597,-2.142673405620241
1790096805745576448,56.15457641601567,10.138197625307805,3.553109334438025,-1.7909653958848153
1790096805755576576,56.16457641601568,9.658466179117736,3.5584880547380977,-0.8799691009248007
1790096805765576448,56.174576416015675,9.74774835100174,3.13708676476973,-0.017924707186763256
1790096805775576576,56.18457641601567,9.511513806509425,2.920784313740379,0.49814108872823315
1790096805785576448,56.19457641601568,9.243293023247407,3.1065043449199092,0.5768439165204995
1790096805795576576,56.204576416015676,8.990468070559201,3.2705906619100107,0.5113492308259427
1790096805805576448,56.214576416015674,8.553603837799582,3.1425296733441352,0.595182702192548
1790096805815576576,56.22457641601567,7.893800961420504,2.9289654838379224,0.30548170516362305
1790096805825576448,56.23457641601568,8.233513483279857,2.8992037773132324,-0.4188895494440936
1790096805835576576,56.244576416015676,9.11728437752534,3.0299599493486418,-1.2147176283493872
1790096805845576448,56.254576416015674,9.4618385225856,3.3719703592592034,-1.8487204802003516
