time,seconds_elapsed,z,y,x
1789323338859818000,0.09281787109375,8.895821571350098,4.0830206871032715,-0.6030668020248413
1789323338878668500,0.11166845703125,8.865974426269531,4.168794631958008,-0.43134358525276184
1789323338897519000,0.13051904296875,8.827826499938965,4.259714126586914,-0.30775782465934753
1789323338916370000,0.149369873046875,8.794983863830566,4.331671237945557,-0.23506836593151093
1789323338935220500,0.168220458984375,8.776134490966797,4.371622085571289,-0.19691258668899536
1789323338954071000,0.187071044921875,8.758898735046387,4.406524181365967,-0.1861032098531723
1789323338972921600,0.205921630859375,8.744791984558105,4.435233116149902,-0.16646525263786316
1789323339020048100,0.253048095703125,8.67271900177002,4.576996326446533,-0.07384008169174194
1789323339038898700,0.271898681640625,8.649791717529297,4.620757102966309,-0.010422581806778908
1789323339057749500,0.29074951171875,8.639228820800781,4.640026092529297,0.06545741111040115
1789323339076600000,0.30960009765625,8.626201629638672,4.663339138031006,0.11091572791337967
1789323339095450600,0.32845068359375,8.613617897033691,4.684891700744629,0.16666172444820404
1789323339114301200,0.34730126953125,8.58952808380127,4.725826740264893,0.23865003883838654
1789323339133152000,0.366152099609375,8.571017265319824,4.756852149963379,0.2835659384727478
1789323339152002600,0.38500244140625,8.562321662902832,4.774694442749023,0.2435886114835739
1789323339170853000,0.40385302734375,8.567756652832031,4.76746129989624,0.1877419352531433
1789323339189703700,0.42270361328125,8.577603340148926,4.750771999359131,0.15900766849517822
1789323339208554500,0.441554443359375,8.587301254272461,4.733180046081543,0.16014471650123596
1789323339227405000,0.460405029296875,8.586435317993164,4.735700607299805,0.12901023030281067
1789323339246255600,0.479255615234375,8.568622589111328,4.769139766693115,0.06645318120718002
1789323339265106400,0.4981064453125,8.533265113830566,4.832569122314453,-0.007857936434447765
1789323339283957000,0.51695703125,8.50283145904541,4.885425090789795,-0.06968490034341812
1789323339302807600,0.5358076171875,8.494319915771484,4.899045467376709,-0.1276187151670456
1789323339321658400,0.554658447265625,8.501876831054688,4.884536266326904,-0.17256960272789001
1789323339340509000,0.573509033203125,8.515640258789062,4.858410358428955,-0.22382301092147827
1789323339359359500,0.592359375,8.539117813110352,4.814455986022949,-0.27361685037612915
1789323339378210300,0.611210205078125,8.561697006225586,4.771450042724609,-0.3178056478500366
1789323339397060900,0.630060791015625,8.569707870483398,4.755886077880859,-0.3347400426864624
1789323339415911400,0.648911376953125,8.55634593963623,4.781579494476318,-0.3095405697822571
1789323339434762200,0.66776220703125,8.530020713806152,4.829914569854736,-0.28469395637512207
1789323339453612800,0.68661279296875,8.510168075561523,4.864596366882324,-0.28830793499946594
1789323339472463600,0.705463623046875,8.516188621520996,4.850856304168701,-0.33782097697257996
1789323339491314200,0.724314208984375,8.541299819946289,4.7996015548706055,-0.42474251985549927
1789323339510164700,0.743164794921875,8.570133209228516,4.741076469421387,-0.49538731575012207
1789323339529015600,0.762015625,8.593242645263672,4.692770957946777,-0.5517860651016235
1789323339547866000,0.7808662109375,8.618814468383789,4.636857032775879,-0.6212743520736694
1789323339566717000,0.799717041015625,8.650808334350586,4.583429336547852,-0.571034848690033
1789323339585567500,0.8185673828125,8.656063079833984,4.587207317352295,-0.447756826877594
1789323339613843500,0.846843505859375,8.628331184387207,4.652710914611816,-0.27306291460990906
1789323339632694300,0.8656943359375,8.605122566223145,4.700984954833984,-0.15163123607635498
1789323339651544800,0.884544921875,8.585884094238281,4.738277912139893,-0.04138997942209244
1789323339670395600,0.903395751953125,8.585380554199219,4.739250183105469,0.033751651644706726
1789323339689246200,0.92224609375,8.589923858642578,4.730869770050049,0.049796346575021744
1789323339708097000,0.941096923828125,8.567353248596191,4.771798610687256,-0.027659611776471138
1789323339726947600,0.959947509765625,8.500920295715332,4.886476993560791,-0.16452567279338837
1789323339745798400,0.97879833984375,8.433030128479004,4.998545169830322,-0.26256394386291504
1789323339764649000,0.99764892578125,8.40146541595459,5.041977882385254,-0.40523195266723633
1789323339783499800,1.016499755859375,8.432889938354492,4.9773688316345215,-0.5315477252006531
1789323339802350300,1.035350341796875,8.52937126159668,4.781687259674072,-0.7454397678375244
1789323339821201200,1.054201171875,8.694826126098633,4.43912410736084,-0.9298228621482849
1789323339840051700,1.0730517578125,8.895490646362305,4.023097991943359,-0.9248352646827698
1789323339868328000,1.101327880859375,9.180573463439941,3.3616373538970947,-0.7660645842552185
1789323339887178500,1.120178466796875,9.32886028289795,2.8792715072631836,-0.9233278632164001
1789323339906029300,1.139029296875,9.440703392028809,2.3343513011932373,-1.2626616954803467
1789323339924880000,1.1578798828125,9.520127296447754,1.7514079809188843,-1.5716724395751953
1789323339943730700,1.176730712890625,9.563626289367676,1.1555720567703247,-1.8363221883773804
1789323339962581200,1.195581298828125,9.554082870483398,0.474620521068573,-2.1597723960876465
1789323339981432000,1.21443212890625,9.60866928100586,-0.16805718839168549,-1.9533603191375732
1789323340000283000,1.233282958984375,9.666844367980957,-0.6495213508605957,-1.5167880058288574
1789323340019133400,1.252133544921875,9.648036003112793,-1.2038623094558716,-1.2792609930038452
1789323340037984300,1.270984375,9.521610260009766,-1.9116867780685425,-1.3619054555892944
1789323340056834800,1.289834716796875,9.292401313781738,-2.6682896614074707,-1.643742561340332
1789323340075685600,1.308685546875,8.998501777648926,-3.3839528560638428,-1.9355156421661377
1789323340094536200,1.3275361328125,8.684144020080566,-4.0077338218688965,-2.1665902137756348
1789323340113387000,1.346386962890625,8.36605167388916,-4.498363018035889,-2.4380908012390137
1789323340132237800,1.36523779296875,8.068404197692871,-4.87213134765625,-2.7080585956573486
1789323340151088400,1.38408837890625,7.727505207061768,-5.209298610687256,-3.0527453422546387
1789323340169939200,1.402939208984375,7.2333760261535645,-5.582589149475098,-3.561371088027954
1789323340188790000,1.4217900390625,6.743215560913086,-5.917679786682129,-3.959860324859619
1789323340217066000,1.45006591796875,6.159656047821045,-6.3125762939453125,-4.28723669052124
1789323340235916800,1.468916748046875,5.706623077392578,-6.450575351715088,-4.689873218536377
1789323340254767600,1.487767578125,5.237561225891113,-6.425234317779541,-5.23972225189209
1789323340273618200,1.5066181640625,4.9163970947265625,-6.269989013671875,-5.717225074768066
1789323340292469000,1.525468994140625,4.743317604064941,-6.060419082641602,-6.078047275543213
1789323340311319800,1.54431982421875,4.67599630355835,-5.871049404144287,-6.3115949630737305
1789323340330170400,1.56317041015625,4.7759504318237305,-5.558264255523682,-6.5166239738464355
1789323340349021200,1.582021240234375,4.841361999511719,-5.325716018676758,-6.6609578132629395
1789323340367872000,1.6008720703125,4.73128080368042,-5.183340549468994,-6.849696636199951
1789323340386722800,1.619722900390625,4.759693145751953,-4.9585466384887695,-6.994893550872803
1789323340405573400,1.638573486328125,4.8543829917907715,-4.676830768585205,-7.122682571411133
1789323340424424200,1.657424072265625,4.9838056564331055,-4.36330509185791,-7.231433868408203
1789323340443275000,1.67627490234375,5.038079261779785,-4.040013313293457,-7.3801374435424805
1789323340462125800,1.695125732421875,5.146271228790283,-3.7792251110076904,-7.443368434906006
1789323340480976600,1.7139765625,5.269362449645996,-3.6335995197296143,-7.429749011993408
1789323340499827200,1.7328271484375,5.4380083084106445,-3.6416549682617188,-7.3032050132751465
1789323340518678000,1.751677978515625,5.606682777404785,-3.7357664108276367,-7.125975608825684
1789323340537528800,1.77052880859375,5.739976406097412,-3.8753573894500732,-6.942957878112793
1789323340556379600,1.789379638671875,5.826485633850098,-4.1047043800354,-6.7360124588012695
1789323340575230200,1.808230224609375,5.791900634765625,-4.375762939453125,-6.593707084655762
1789323340594081000,1.8270810546875,5.569271087646484,-4.658104419708252,-6.592092037200928
1789323340612931800,1.845931884765625,5.439943790435791,-4.908115386962891,-6.518267631530762
1789323340631782700,1.86478271484375,5.441494941711426,-5.135140419006348,-6.339625358581543
1789323340650633500,1.883633544921875,5.42501974105835,-5.373465538024902,-6.153488636016846
1789323340669484300,1.902484375,5.361639499664307,-5.58352518081665,-6.020585536956787
1789323340688334800,1.9213349609375,5.192739963531494,-5.744452953338623,-6.017233371734619
1789323340707185700,1.940185546875,4.906459808349609,-5.93163537979126,-6.075584888458252
1789323340726036500,1.959036376953125,4.541103363037109,-6.171016216278076,-6.121055603027344
1789323340744887300,1.97788720703125,4.2154860496521,-6.4011616706848145,-6.117613792419434
1789323340763738000,1.996738037109375,3.945333242416382,-6.55496883392334,-6.1349101066589355
1789323340782589000,2.0155888671875,3.6670122146606445,-6.630552768707275,-6.225688934326172
1789323340801439500,2.034439453125,3.5902817249298096,-6.690794467926025,-6.20592737197876
1789323340820290300,2.053290283203125,3.5666627883911133,-6.7504472732543945,-6.154736042022705
1789323340839141000,2.07214111328125,3.4315781593322754,-6.848134994506836,-6.123537063598633
1789323340857992000,2.090991943359375,3.5173232555389404,-7.024175643920898,-5.870244979858398
1789323340876842800,2.1098427734375,3.6411807537078857,-7.314406871795654,-5.423250675201416
1789323340895693600,2.128693603515625,3.8373632431030273,-7.623757839202881,-4.82942533493042
1789323340914544400,2.14754443359375,3.978414297103882,-8.003138542175293,-4.036383152008057
1789323340933395200,2.166395263671875,3.9953835010528564,-8.352646827697754,-3.2311887741088867
1789323340952246000,2.18524609375,3.999354600906372,-8.534248352050781,-2.7096405029296875
1789323340971096800,2.204096923828125,4.252379894256592,-8.550763130187988,-2.2298214435577393
1789323340989947400,2.222947509765625,4.724344253540039,-8.383131980895996,-1.8905147314071655
1789323341008798200,2.241798095703125,5.1481475830078125,-8.142867088317871,-1.8332164287567139
1789323341027649000,2.26064892578125,5.399804592132568,-7.9261088371276855,-2.046776533126831
1789323341046499800,2.279499755859375,5.548549175262451,-7.755083084106445,-2.289689302444458
1789323341065350700,2.2983505859375,5.690402984619141,-7.603261947631836,-2.4454269409179688
1789323341084201500,2.317201416015625,5.83872652053833,-7.434589862823486,-2.608936071395874
1789323341103052300,2.33605224609375,6.024435997009277,-7.221447467803955,-2.7797961235046387
1789323341121903000,2.354903076171875,6.30023717880249,-6.9490251541137695,-2.861544132232666
1789323341140754000,2.37375390625,6.6563239097595215,-6.6258344650268555,-2.821709156036377
1789323341159604700,2.392604736328125,7.014174461364746,-6.279873847961426,-2.744981050491333
1789323341178455600,2.41145556640625,7.348622798919678,-5.9109930992126465,-2.6885483264923096
1789323341197306400,2.430306396484375,7.626356601715088,-5.5534820556640625,-2.6772966384887695
1789323341216157200,2.4491572265625,7.873672962188721,-5.201735496520996,-2.6678872108459473
1789323341235008000,2.468008056640625,8.136375427246094,-4.805854797363281,-2.6217455863952637
1789323341253858800,2.48685888671875,8.417899131774902,-4.385847091674805,-2.4644901752471924
1789323341272709600,2.505709716796875,8.665687561035156,-4.005006790161133,-2.2441420555114746
1789323341291560400,2.524560546875,8.838101387023926,-3.6887035369873047,-2.109929084777832
1789323341310411300,2.543411376953125,8.940851211547852,-3.439526319503784,-2.0979082584381104
1789323341329262000,2.562261962890625,8.997964859008789,-3.260042428970337,-2.139894723892212
1789323341348113000,2.58111279296875,9.030647277832031,-3.147193193435669,-2.170933961868286
1789323341366963700,2.599963623046875,9.041062355041504,-3.089224100112915,-2.2104930877685547
1789323341385814500,2.618814453125,9.027165412902832,-3.080066442489624,-2.2790064811706543
1789323341404665300,2.637665283203125,8.987506866455078,-3.1282951831817627,-2.3683066368103027
1789323341423516200,2.65651611328125,8.928211212158203,-3.2289042472839355,-2.455932140350342
1789323341442367000,2.675366943359375,8.84460163116455,-3.3776113986968994,-2.5563929080963135
1789323341461218000,2.694218017578125,8.72955322265625,-3.587778091430664,-2.66329288482666
1789323341480068900,2.71306884765625,8.594080924987793,-3.841092824935913,-2.7492098808288574
1789323341498919700,2.731919677734375,8.436004638671875,-4.137191295623779,-2.8085341453552246
1789323341517770500,2.7507705078125,8.258630752563477,-4.465738296508789,-2.8324191570281982
1789323341536621300,2.769621337890625,8.068940162658691,-4.80515193939209,-2.823669195175171
1789323341555472100,2.78847216796875,7.873859882354736,-5.1474127769470215,-2.7707157135009766
1789323341574323000,2.807322998046875,7.667903423309326,-5.493411064147949,-2.6825504302978516
1789323341593173800,2.826173828125,7.4457831382751465,-5.843101501464844,-2.5668792724609375
1789323341612024600,2.845024658203125,7.20273494720459,-6.206270217895508,-2.402750015258789
1789323341630875600,2.863875732421875,6.948931694030762,-6.565287113189697,-2.186262607574463
1789323341649726500,2.8827265625,6.674386501312256,-6.9130988121032715,-1.957552433013916
1789323341668577300,2.901577392578125,6.394425392150879,-7.232702255249023,-1.7232915163040161
1789323341687428000,2.920427978515625,6.1160359382629395,-7.517446041107178,-1.500832438468933
1789323341706279000,2.93927880859375,5.834987163543701,-7.77297306060791,-1.3054488897323608
1789323341725129700,2.958129638671875,5.548150062561035,-8.005603790283203,-1.139609456062317
1789323341743980500,2.97698046875,5.269249439239502,-8.207154273986816,-1.0237245559692383
1789323341762831400,2.995831298828125,5.014378547668457,-8.373082160949707,-0.9580613970756531
1789323341781682400,3.014682373046875,4.800187587738037,-8.4998779296875,-0.9384347200393677
1789323341800533200,3.033533203125,4.6212873458862305,-8.595133781433105,-0.9683803915977478
1789323341819384000,3.052384033203125,4.489833354949951,-8.6587553024292,-1.0186917781829834
1789323341838235000,3.07123486328125,4.4240403175354,-8.687424659729004,-1.0615589618682861
1789323341857085700,3.090085693359375,4.426867485046387,-8.679425239562988,-1.1139179468154907
1789323341875936500,3.1089365234375,4.497131824493408,-8.63337516784668,-1.1878657341003418
1789323341894787600,3.12778759765625,4.627202987670898,-8.552471160888672,-1.2706782817840576
1789323341913638400,3.146638427734375,4.799837589263916,-8.444537162780762,-1.3497207164764404
1789323341932489200,3.1654892578125,4.993174076080322,-8.315266609191895,-1.447386384010315
1789323341951340000,3.184340087890625,5.190211296081543,-8.172304153442383,-1.563814640045166
1789323341970190800,3.20319091796875,5.369899272918701,-8.031327247619629,-1.682957410812378
1789323341989042000,3.2220419921875,5.5216450691223145,-7.901742458343506,-1.8011927604675293
1789323342007892700,3.240892822265625,5.659722805023193,-7.776126861572266,-1.915663719177246
1789323342026743600,3.25974365234375,5.812382698059082,-7.635544776916504,-2.0211493968963623
1789323342045594400,3.278594482421875,5.990446090698242,-7.466859340667725,-2.1286027431488037
1789323342064445400,3.297445556640625,6.19292688369751,-7.267701148986816,-2.235747814178467
1789323342083296300,3.316296142578125,6.406277656555176,-7.044302463531494,-2.3468728065490723
1789323342102147000,3.33514697265625,6.619268894195557,-6.808748722076416,-2.4487967491149902
1789323342120998000,3.353997802734375,6.8282318115234375,-6.56456184387207,-2.540111541748047
1789323342139849000,3.372848876953125,7.053802967071533,-6.296655178070068,-2.601227283477783
1789323342158699800,3.39169970703125,7.3068060874938965,-5.992811679840088,-2.6205296516418457
1789323342177550600,3.410550537109375,7.5652666091918945,-5.668834686279297,-2.607957124710083
1789323342196401400,3.4294013671875,7.82253885269165,-5.324239730834961,-2.575021266937256
1789323342215252200,3.448252197265625,8.082432746887207,-4.963555335998535,-2.491544008255005
1789323342234103300,3.467103271484375,8.34692668914795,-4.5921831130981445,-2.326169729232788
1789323342252954000,3.4859541015625,8.551488876342773,-4.264023303985596,-2.2046632766723633
1789323342271805200,3.50480517578125,8.69432258605957,-3.976517677307129,-2.1832168102264404
1789323342290656000,3.523656005859375,8.799647331237793,-3.7293572425842285,-2.1973814964294434
1789323342309506800,3.5425068359375,8.875985145568848,-3.5343496799468994,-2.212613105773926
1789323342328357600,3.561357666015625,8.919275283813477,-3.3914074897766113,-2.261695384979248
1789323342347208700,3.580208740234375,8.93869400024414,-3.292625665664673,-2.329967737197876
1789323342366059500,3.5990595703125,8.935283660888672,-3.238245964050293,-2.4176125526428223
1789323342384910300,3.617910400390625,8.914186477661133,-3.238651990890503,-2.4937517642974854
1789323342403761400,3.636761474609375,8.86585807800293,-3.319239854812622,-2.559215784072876
1789323342422612200,3.6556123046875,8.789895057678223,-3.464710235595703,-2.627530097961426
1789323342441463000,3.674463134765625,8.687166213989258,-3.6568164825439453,-2.707623243331909
1789323342460314000,3.693314208984375,8.555365562438965,-3.9007632732391357,-2.785705089569092
1789323342479165000,3.7121650390625,8.392754554748535,-4.1986165046691895,-2.8466951847076416
1789323342498015700,3.731015625,8.203934669494629,-4.529877662658691,-2.8889553546905518
1789323342516866800,3.74986669921875,7.993029594421387,-4.884618282318115,-2.9021294116973877
1789323342535717600,3.768717529296875,7.769516468048096,-5.24546480178833,-2.8792521953582764
1789323342554568400,3.787568359375,7.542710781097412,-5.59882116317749,-2.816223621368408
1789323342573419500,3.80641943359375,7.302103519439697,-5.9583587646484375,-2.7106525897979736
1789323342592270300,3.825270263671875,7.062090873718262,-6.311838150024414,-2.5412492752075195
1789323342611121200,3.84412109375,6.822427749633789,-6.648482322692871,-2.328639030456543
1789323342629972200,3.86297216796875,6.556726932525635,-6.983983039855957,-2.098499059677124
1789323342648823000,3.881822998046875,6.272423267364502,-7.3096795082092285,-1.8427376747131348
1789323342667673900,3.900673828125,5.9628753662109375,-7.622729778289795,-1.5838245153427124
1789323342686525000,3.91952490234375,5.632694721221924,-7.912926197052002,-1.3523074388504028
1789323342705375700,3.938375732421875,5.302853584289551,-8.166624069213867,-1.1646435260772705
1789323342724226800,3.957226806640625,4.992459774017334,-8.377870559692383,-1.0281147956848145
1789323342743077600,3.97607763671875,4.715742588043213,-8.546320915222168,-0.9447430372238159
1789323342761928400,3.994928466796875,4.482524394989014,-8.672399520874023,-0.9310564398765564
1789323342780779500,4.013779541015625,4.313709735870361,-8.752766609191895,-0.9753910303115845
1789323342799630300,4.03263037109375,4.2275710105896,-8.787574768066406,-1.0375784635543823
1789323342818481400,4.0514814453125,4.227287769317627,-8.779976844787598,-1.1011109352111816
1789323342837332200,4.070332275390625,4.286048412322998,-8.7437744140625,-1.1604256629943848
1789323342856183000,4.08918310546875,4.385567665100098,-8.68552303314209,-1.2242882251739502
1789323342875034000,4.1080341796875,4.520578384399414,-8.605165481567383,-1.2984163761138916
1789323342893885000,4.126885009765625,4.691162109375,-8.500758171081543,-1.378587007522583
1789323342912736000,4.145736083984375,4.882969856262207,-8.37545394897461,-1.4760645627975464
1789323342931586800,4.1645869140625,5.084590435028076,-8.237467765808105,-1.5689024925231934
1789323342950438000,4.18343798828125,5.284477233886719,-8.095915794372559,-1.6434226036071777
1789323342969288700,4.202288818359375,5.482070446014404,-7.951211452484131,-1.701627254486084
1789323342988139500,4.221139404296875,5.687053680419922,-7.793677806854248,-1.7568145990371704
1789323343006990600,4.239990478515625,5.9157514572143555,-7.606062889099121,-1.8226577043533325
1789323343025841400,4.25884130859375,6.169617176055908,-7.377861976623535,-1.9166043996810913
1789323343044692500,4.2776923828125,6.440131187438965,-7.112592697143555,-2.0263593196868896
1789323343063543300,4.296543212890625,6.706210613250732,-6.8284759521484375,-2.137533187866211
1789323343082394400,4.315394287109375,6.9593024253845215,-6.536962985992432,-2.2375454902648926
1789323343101245200,4.3342451171875,7.213908672332764,-6.228003978729248,-2.311253070831299
1789323343120096300,4.35309619140625,7.463593482971191,-5.9087982177734375,-2.356112003326416
1789323343138947000,4.371947021484375,7.699357986450195,-5.582950592041016,-2.391845941543579
1789323343157798100,4.390798095703125,7.933000564575195,-5.238753795623779,-2.406938076019287
1789323343176649000,4.40964892578125,8.177657127380371,-4.887052059173584,-2.3265960216522217
1789323343195499800,4.428499755859375,8.407487869262695,-4.546420574188232,-2.194218158721924
1789323343214350800,4.447350830078125,8.591608047485352,-4.229605674743652,-2.1130757331848145
1789323343233201700,4.46620166015625,8.728036880493164,-3.941419839859009,-2.1111550331115723
1789323343252052700,4.485052734375,8.82935619354248,-3.696446657180786,-2.1328704357147217
1789323343270903800,4.50390380859375,8.89737319946289,-3.515183210372925,-2.1565330028533936
1789323343289754600,4.522754638671875,8.936235427856445,-3.4024622440338135,-2.176539659500122
1789323343308605700,4.541605712890625,8.952144622802734,-3.3414547443389893,-2.205487012863159
1789323343327456500,4.56045654296875,8.945101737976074,-3.3179643154144287,-2.2686212062835693
1789323343346307600,4.5793076171875,8.905450820922852,-3.3543777465820312,-2.3688528537750244
1789323343365158400,4.598158447265625,8.845036506652832,-3.451826572418213,-2.4536900520324707
1789323343384009500,4.617009521484375,8.76333999633789,-3.60231614112854,-2.5293421745300293
1789323343402860300,4.6358603515625,8.64721393585205,-3.819547176361084,-2.6090502738952637
1789323343421711400,4.65471142578125,8.486631393432617,-4.101505279541016,-2.706496000289917
1789323343440562200,4.673562255859375,8.284873962402344,-4.436771869659424,-2.8011248111724854
1789323343459413200,4.692413330078125,8.0533447265625,-4.8022003173828125,-2.8727846145629883
1789323343478264000,4.71126416015625,7.79627799987793,-5.188384532928467,-2.9101710319519043
1789323343497115100,4.730115234375,7.526141166687012,-5.573713779449463,-2.9088335037231445
1789323343515966000,4.748966064453125,7.238286018371582,-5.96272611618042,-2.8676633834838867
1789323343534817000,4.767817138671875,6.937589168548584,-6.351994037628174,-2.7735188007354736
1789323343553668000,4.786668212890625,6.637549877166748,-6.73246955871582,-2.6052193641662598
1789323343572519000,4.805518798828125,6.327473163604736,-7.101178169250488,-2.3888766765594482
1789323343591370000,4.824369873046875,6.019972324371338,-7.437692165374756,-2.147334575653076
1789323343610220800,4.843220703125,5.706467151641846,-7.741566181182861,-1.9169684648513794
1789323343629072000,4.86207177734375,5.378278732299805,-8.016618728637695,-1.7257816791534424
1789323343647922700,4.880922607421875,5.038902759552002,-8.2648286819458,-1.572401762008667
1789323343666773800,4.899773681640625,4.710049152374268,-8.477645874023438,-1.4544250965118408
1789323343685624600,4.91862451171875,4.4268646240234375,-8.641183853149414,-1.3795658349990845
1789323343704475600,4.9374755859375,4.195523738861084,-8.758318901062012,-1.3637492656707764
1789323343723326700,4.95632666015625,4.01664400100708,-8.836978912353516,-1.3945486545562744
1789323343742177500,4.975177490234375,3.922034502029419,-8.87529182434082,-1.4202910661697388
1789323343761028600,4.994028564453125,3.9079926013946533,-8.87773323059082,-1.4435546398162842
1789323343779879400,5.01287939453125,3.9610490798950195,-8.84582233428955,-1.4939630031585693
1789323343798730500,5.03173046875,4.075599193572998,-8.780230522155762,-1.5708036422729492
1789323343817581600,5.05058154296875,4.2404608726501465,-8.686474800109863,-1.6534898281097412
1789323343836432400,5.069432373046875,4.442019939422607,-8.569291114807129,-1.7338124513626099
1789323343855283500,5.088283447265625,4.666191101074219,-8.433591842651367,-1.808750033378601
1789323343874134300,5.10713427734375,4.890136241912842,-8.288883209228516,-1.8845075368881226
1789323343892985300,5.1259853515625,5.100537300109863,-8.142122268676758,-1.9648804664611816
1789323343911836400,5.14483642578125,5.304850101470947,-7.99009370803833,-2.04630446434021
1789323343930687200,5.163687255859375,5.5287041664123535,-7.817366600036621,-2.119575023651123
1789323343949538300,5.182538330078125,5.7762675285339355,-7.6138482093811035,-2.1987366676330566
1789323343968389000,5.20138916015625,6.0360212326049805,-7.381646156311035,-2.290879487991333
1789323343987240200,5.220240234375,6.290961742401123,-7.128360748291016,-2.4042980670928955
1789323344006091300,5.23909130859375,6.538574695587158,-6.853891849517822,-2.538029670715332
1789323344024942000,5.257942138671875,6.783961772918701,-6.554442882537842,-2.6809582710266113
1789323344043793200,5.276793212890625,7.041407108306885,-6.221884250640869,-2.8066248893737793
1789323344062644200,5.295644287109375,7.318144798278809,-5.856520652770996,-2.8837995529174805
1789323344081495000,5.3144951171875,7.589175224304199,-5.476567268371582,-2.92950701713562
1789323344100346000,5.33334619140625,7.864094257354736,-5.096384048461914,-2.890205144882202
1789323344119197200,5.352197265625,8.144439697265625,-4.719672679901123,-2.7501232624053955
1789323344138048000,5.371048095703125,8.386199951171875,-4.356482028961182,-2.6197519302368164
1789323344156899000,5.389899169921875,8.556447982788086,-4.041497707366943,-2.5736923217773438
1789323344175750000,5.40875,8.678702354431152,-3.7812790870666504,-2.5597753524780273
1789323344194601000,5.42760107421875,8.75960922241211,-3.594329357147217,-2.553513526916504
1789323344213452000,5.4464521484375,8.804577827453613,-3.481807231903076,-2.5547666549682617
1789323344232302800,5.465302734375,8.833558082580566,-3.4210903644561768,-2.5366878509521484
1789323344251154000,5.48415380859375,8.842911720275879,-3.402163505554199,-2.529542922973633
1789323344270005000,5.5030048828125,8.831308364868164,-3.4329917430877686,-2.528425455093384
1789323344288856000,5.52185595703125,8.790794372558594,-3.524592638015747,-2.5435335636138916
1789323344307707000,5.540706787109375,8.716634750366211,-3.676732301712036,-2.583083391189575
1789323344326558000,5.559557861328125,8.604158401489258,-3.8864784240722656,-2.652193546295166
1789323344345409000,5.578408935546875,8.448502540588379,-4.1551008224487305,-2.743778705596924
1789323344364259800,5.597259765625,8.249479293823242,-4.476072788238525,-2.842754364013672
1789323344383111000,5.61611083984375,8.013389587402344,-4.834164619445801,-2.9303274154663086
1789323344401962000,5.6349619140625,7.743955612182617,-5.219587802886963,-2.9928998947143555
1789323344420812800,5.653812744140625,7.463200092315674,-5.610174179077148,-2.9994959831237793
1789323344439663900,5.672663818359375,7.179809093475342,-6.0011820793151855,-2.9336910247802734
1789323344458515000,5.691514892578125,6.90565824508667,-6.3812689781188965,-2.7859818935394287
1789323344477366000,5.710365966796875,6.620558261871338,-6.760793209075928,-2.5749311447143555
1789323344496216800,5.729216796875,6.316089630126953,-7.127821922302246,-2.339137554168701
1789323344515068000,5.74806787109375,5.998275279998779,-7.466019630432129,-2.109412670135498
1789323344533919000,5.7669189453125,5.671270847320557,-7.772951602935791,-1.8942769765853882
1789323344552769800,5.785769775390625,5.339735507965088,-8.04666805267334,-1.7055082321166992
1789323344571620900,5.804620849609375,5.017950534820557,-8.280183792114258,-1.5585654973983765
1789323344590472000,5.823471923828125,4.729921340942383,-8.464532852172852,-1.466254711151123
1789323344609322800,5.84232275390625,4.494966506958008,-8.59791088104248,-1.428843379020691
1789323344628173800,5.861173828125,4.313023567199707,-8.687983512878418,-1.4446971416473389
1789323344647025000,5.88002490234375,4.1932597160339355,-8.740767478942871,-1.4784986972808838
1789323344665875700,5.898875732421875,4.147680759429932,-8.756651878356934,-1.5126705169677734
1789323344684726800,5.917726806640625,4.167715549468994,-8.737276077270508,-1.5686113834381104
1789323344703577900,5.936577880859375,4.248505115509033,-8.68351936340332,-1.648361086845398
1789323344722429000,5.955428955078125,4.374334335327148,-8.603686332702637,-1.7355600595474243
1789323344741279700,5.97427978515625,4.535359859466553,-8.50378704071045,-1.8128747940063477
1789323344760130800,5.993130859375,4.71656608581543,-8.388240814208984,-1.887277364730835
1789323344778982000,6.01198193359375,4.90637731552124,-8.263107299804688,-1.9541999101638794
1789323344797833000,6.0308330078125,5.107125759124756,-8.127805709838867,-2.006592273712158
1789323344816683800,6.049683837890625,5.327542304992676,-7.972586154937744,-2.0556178092956543
1789323344835534800,6.068534912109375,5.567429542541504,-7.790585041046143,-2.1168124675750732
1789323344854386000,6.087385986328125,5.824209690093994,-7.578840255737305,-2.193204879760742
1789323344873237000,6.106237060546875,6.090895652770996,-7.334051609039307,-2.2984893321990967
1789323344892087800,6.125087890625,6.36511754989624,-7.0525803565979,-2.432441234588623
1789323344910939000,6.14393896484375,6.644810676574707,-6.742238521575928,-2.5610737800598145
1789323344929790000,6.1627900390625,6.923808574676514,-6.414126396179199,-2.662750005722046
1789323344948641000,6.18164111328125,7.19530725479126,-6.075417995452881,-2.736281633377075
1789323344967491800,6.200491943359375,7.457912921905518,-5.729001522064209,-2.7800135612487793
1789323344986343000,6.219343017578125,7.713088512420654,-5.376700401306152,-2.7874257564544678
1789323345005194000,6.238194091796875,7.968310356140137,-5.024093151092529,-2.7267019748687744
1789323345024045000,6.257045166015625,8.199186325073242,-4.688587188720703,-2.6383471488952637
1789323345042896000,6.275895751953125,8.382596969604492,-4.369640827178955,-2.609344720840454
1789323345061747000,6.294746826171875,8.5055513381958,-4.101869583129883,-2.6458749771118164
1789323345080598000,6.313597900390625,8.601176261901855,-3.887389659881592,-2.6605162620544434
1789323345099449000,6.332448974609375,8.673665046691895,-3.7278382778167725,-2.6535167694091797
1789323345118300200,6.351300048828125,8.718578338623047,-3.6271488666534424,-2.645859479904175
1789323345137151000,6.37015087890625,8.73589038848877,-3.5868496894836426,-2.643692970275879
1789323345156002000,6.389001953125,8.727689743041992,-3.5966835021972656,-2.6573851108551025
1789323345174853000,6.40785302734375,8.69301700592041,-3.6551852226257324,-2.690995931625366
1789323345193704200,6.4267041015625,8.629338264465332,-3.762667655944824,-2.7472236156463623
1789323345212555300,6.44555517578125,8.529507637023926,-3.9303135871887207,-2.8232102394104004
1789323345231406000,6.464406005859375,8.384984016418457,-4.164305686950684,-2.91907000541687
1789323345259682800,6.492682861328125,8.070569038391113,-4.627674102783203,-3.101763963699341
1789323345278533600,6.51153369140625,7.804121017456055,-4.994018077850342,-3.2133874893188477
1789323345297384700,6.530384765625,7.5168938636779785,-5.382225036621094,-3.2708330154418945
1789323345316235800,6.54923583984375,7.209686756134033,-5.788739204406738,-3.26822566986084
1789323345335086800,6.5680869140625,6.892125606536865,-6.208671569824219,-3.181413412094116
1789323345353937700,6.586937744140625,6.5817179679870605,-6.625535011291504,-2.992267370223999
1789323345372788700,6.605788818359375,6.266322135925293,-7.031869888305664,-2.730639934539795
1789323345391639800,6.624639892578125,5.927353382110596,-7.410290241241455,-2.474764347076416
1789323345410491000,6.643490966796875,5.564946174621582,-7.747785568237305,-2.2745513916015625
1789323345429342000,6.662342041015625,5.1976847648620605,-8.042922973632812,-2.1132543087005615
1789323345448192800,6.68119287109375,4.838991165161133,-8.299449920654297,-1.9681650400161743
1789323345467043800,6.7000439453125,4.503816604614258,-8.51058578491211,-1.8590134382247925
1789323345485895000,6.71889501953125,4.204743385314941,-8.671160697937012,-1.8170017004013062
1789323345504746000,6.73774609375,3.966722249984741,-8.778611183166504,-1.8361619710922241
1789323345523597000,6.75659716796875,3.821639060974121,-8.833744049072266,-1.878942847251892
1789323345542447900,6.77544775390625,3.783425807952881,-8.842244148254395,-1.9159365892410278
1789323345561299000,6.794298828125,3.825784921646118,-8.815503120422363,-1.9546536207199097
1789323345580150000,6.81314990234375,3.926473379135132,-8.75719165802002,-2.0161328315734863
1789323345599001000,6.8320009765625,4.073696613311768,-8.671554565429688,-2.0927300453186035
1789323345617852200,6.85085205078125,4.259868621826172,-8.561832427978516,-2.1723082065582275
1789323345636703200,6.869703125,4.4777045249938965,-8.431748390197754,-2.2419137954711914
1789323345655554000,6.888553955078125,4.709412097930908,-8.288461685180664,-2.300703525543213
1789323345674405000,6.907405029296875,4.955963611602783,-8.130778312683105,-2.3450515270233154
1789323345693256200,6.926256103515625,5.20949125289917,-7.957259178161621,-2.390317916870117
1789323345712107300,6.945107177734375,5.4579033851623535,-7.769970893859863,-2.4513704776763916
1789323345730958300,6.963958251953125,5.707528114318848,-7.559157848358154,-2.5404016971588135
1789323345749809200,6.98280908203125,5.960558891296387,-7.31368350982666,-2.674354076385498
1789323345768660200,7.00166015625,6.20267915725708,-7.0455002784729,-2.8386759757995605
1789323345787511300,7.02051123046875,6.4503326416015625,-6.754672527313232,-2.9896492958068848
1789323345806362400,7.0393623046875,6.72459077835083,-6.430581092834473,-3.0980489253997803
1789323345825213400,7.05821337890625,7.013051509857178,-6.07605504989624,-3.1731767654418945
1789323345844064500,7.077064453125,7.292372703552246,-5.6994476318359375,-3.2416021823883057
1789323345862915600,7.09591552734375,7.562767028808594,-5.305487632751465,-3.2904019355773926
1789323345881766400,7.114766357421875,7.842008590698242,-4.911686420440674,-3.247863292694092
1789323345900617500,7.133617431640625,8.100936889648438,-4.545424461364746,-3.1439359188079834
1789323345919468500,7.152468505859375,8.29883098602295,-4.222570896148682,-3.0772860050201416
1789323345938319600,7.171319580078125,8.434535026550293,-3.9606199264526367,-3.056546926498413
1789323345957170700,7.190170654296875,8.535893440246582,-3.7578983306884766,-3.031024217605591
1789323345976021800,7.209021728515625,8.6087064743042,-3.621161460876465,-2.9912781715393066
1789323345994872800,7.227872802734375,8.657976150512695,-3.5319948196411133,-2.9554810523986816
1789323346013723600,7.2467236328125,8.679338455200195,-3.4925897121429443,-2.939610004425049
1789323346032574700,7.26557470703125,8.665094375610352,-3.518179416656494,-2.9510905742645264
1789323346051425800,7.28442578125,8.61471939086914,-3.6169044971466064,-2.979095458984375
1789323346070276900,7.30327685546875,8.522771835327148,-3.788083553314209,-3.0303728580474854
1789323346089128000,7.3221279296875,8.385069847106934,-4.022181034088135,-3.111760377883911
1789323346107979000,7.34097900390625,8.201229095458984,-4.309639930725098,-3.2151577472686768
1789323346126830000,7.359830078125,7.975684642791748,-4.648313045501709,-3.309385061264038
1789323346145681000,7.378680908203125,7.7194437980651855,-5.026093482971191,-3.364366292953491
1789323346164532000,7.397531982421875,7.441133975982666,-5.423305511474609,-3.374561071395874
1789323346183383000,7.416383056640625,7.155739784240723,-5.829538822174072,-3.3139495849609375
1789323346202234000,7.435234130859375,6.881948471069336,-6.229989051818848,-3.1617093086242676
1789323346221085200,7.454085205078125,6.618504047393799,-6.617412090301514,-2.928419589996338
1789323346239936300,7.472936279296875,6.325010776519775,-7.007321357727051,-2.6574556827545166
1789323346258787000,7.491787109375,6.0200886726379395,-7.376255035400391,-2.3494248390197754
1789323346287063800,7.520063720703125,5.508716583251953,-7.8832550048828125,-1.9179961681365967
1789323346305915000,7.538914794921875,5.152409076690674,-8.166258811950684,-1.713265299797058
1789323346324766000,7.557765869140625,4.835189342498779,-8.382205963134766,-1.590583086013794
1789323346343616800,7.57661669921875,4.573075294494629,-8.538199424743652,-1.535101056098938
1789323346362467800,7.5954677734375,4.369187355041504,-8.646474838256836,-1.5228533744812012
1789323346381319000,7.61431884765625,4.229358673095703,-8.713875770568848,-1.5333901643753052
1789323346400170000,7.633169921875,4.158410549163818,-8.743491172790527,-1.5586405992507935
1789323346419021000,7.65202099609375,4.158849716186523,-8.734614372253418,-1.6065092086791992
1789323346437872000,7.6708720703125,4.214807033538818,-8.693081855773926,-1.6840777397155762
1789323346456723200,7.68972314453125,4.31998872756958,-8.624444007873535,-1.768349528312683
1789323346475574300,7.70857421875,4.480496406555176,-8.527613639831543,-1.8372080326080322
1789323346494425000,7.727425048828125,4.692278861999512,-8.402509689331055,-1.8843392133712769
1789323346513276200,7.746276123046875,4.928046703338623,-8.258161544799805,-1.9202889204025269
1789323346532127200,7.765127197265625,5.165750503540039,-8.10144329071045,-1.9626593589782715
1789323346550978300,7.783978271484375,5.407925605773926,-7.9281907081604,-2.017056941986084
1789323346569829400,7.802829345703125,5.654790878295898,-7.735480785369873,-2.08711576461792
1789323346588680400,7.821680419921875,5.907138824462891,-7.517644882202148,-2.181997776031494
1789323346607531500,7.840531494140625,6.1631340980529785,-7.271203517913818,-2.3055922985076904
1789323346626382600,7.859382568359375,6.419796466827393,-7.001406669616699,-2.436574697494507
1789323346645233700,7.878233642578125,6.688729763031006,-6.701929569244385,-2.5525319576263428
1789323346664084500,7.89708447265625,6.984362602233887,-6.365893363952637,-2.620012044906616
1789323346692361200,7.925361328125,7.428578853607178,-5.813855171203613,-2.6806130409240723
1789323346711212300,7.94421240234375,7.69495153427124,-5.437509059906006,-2.7187514305114746
1789323346730063400,7.9630634765625,7.9433088302612305,-5.059653282165527,-2.733888864517212
1789323346748914200,7.9819140625,8.187219619750977,-4.685017108917236,-2.681499481201172
1789323346767765200,8.00076513671875,8.399700164794922,-4.337072849273682,-2.608680248260498
1789323346786616300,8.0196162109375,8.5604248046875,-4.038548946380615,-2.5650806427001953
1789323346805467400,8.03846728515625,8.694537162780762,-3.7600133419036865,-2.5372629165649414
1789323346824318500,8.057318359375,8.802459716796875,-3.504201889038086,-2.5313358306884766
1789323346843169500,8.07616943359375,8.870047569274902,-3.334963083267212,-2.524015188217163
1789323346862020600,8.0950205078125,8.904288291931152,-3.26457142829895,-2.495317220687866
1789323346880871700,8.11387158203125,8.905256271362305,-3.281593084335327,-2.469402313232422
1789323346899722800,8.13272265625,8.870903968811035,-3.358138084411621,-2.4900519847869873
1789323346918573800,8.15157373046875,8.79910945892334,-3.497664213180542,-2.551940441131592
1789323346937424600,8.170424560546875,8.68216609954834,-3.7041854858398438,-2.6588327884674072
1789323346956275700,8.189275634765625,8.52001953125,-3.98201584815979,-2.7790634632110596
1789323346975126800,8.208126708984375,8.309938430786133,-4.322666168212891,-2.9034247398376465
1789323346993977900,8.226977783203125,8.056114196777344,-4.715483665466309,-3.0055980682373047
1789323347012829000,8.245828857421875,7.778135776519775,-5.125535488128662,-3.065922737121582
1789323347031680000,8.264679931640625,7.459482669830322,-5.553460121154785,-3.1121671199798584
1789323347050531000,8.283531005859375,7.128058433532715,-5.9869065284729,-3.08514666557312
1789323347069382100,8.302382080078125,6.832096576690674,-6.407963752746582,-2.903590202331543
1789323347088233200,8.321233154296875,6.503241539001465,-6.847562313079834,-2.643695831298828
1789323347107084300,8.340084228515625,6.147729396820068,-7.261241436004639,-2.3770129680633545
1789323347125935000,8.35893505859375,5.777660369873047,-7.630397796630859,-2.136828660964966
1789323347144786200,8.3777861328125,5.401464939117432,-7.950857162475586,-1.9438199996948242
1789323347163637200,8.39663720703125,5.036949634552002,-8.221107482910156,-1.7924591302871704
1789323347182488300,8.41548828125,4.705077648162842,-8.434782981872559,-1.6991339921951294
1789323347201339400,8.43433935546875,4.430664539337158,-8.588545799255371,-1.666275143623352
1789323347220190500,8.4531904296875,4.224573612213135,-8.689428329467773,-1.6784532070159912
1789323347239041500,8.47204150390625,4.097873687744141,-8.742847442626953,-1.7147682905197144
1789323347257892600,8.490892578125,4.044373512268066,-8.757184982299805,-1.7678059339523315
1789323347276743400,8.509743408203125,4.055520057678223,-8.737507820129395,-1.8382362127304077
1789323347295594500,8.528594482421875,4.12888240814209,-8.688129425048828,-1.907647728919983
1789323347314445600,8.547445556640625,4.252325057983398,-8.613279342651367,-1.9747281074523926
1789323347333296600,8.566296630859375,4.413483142852783,-8.514276504516602,-2.0490596294403076
1789323347352147700,8.585147705078125,4.5977373123168945,-8.395018577575684,-2.1342127323150635
1789323347370998800,8.603998779296875,4.7898077964782715,-8.266558647155762,-2.2118170261383057
1789323347389849900,8.622849853515625,4.9886040687561035,-8.129887580871582,-2.2779717445373535
1789323347408701000,8.641700927734375,5.204769134521484,-7.9746785163879395,-2.3420684337615967
1789323347427552000,8.660552001953125,5.448108673095703,-7.7902350425720215,-2.4084744453430176
1789323347455828500,8.688828369140625,5.866181373596191,-7.440336227416992,-2.52976393699646
1789323347484105000,8.71710498046875,6.288553714752197,-7.022386074066162,-2.703807830810547
1789323347502956000,8.7359560546875,6.561527252197266,-6.716773986816406,-2.8287274837493896
1789323347521807000,8.75480712890625,6.847353935241699,-6.380611896514893,-2.927783489227295
1789323347540658200,8.773658203125,7.139230251312256,-6.014990329742432,-3.0036096572875977
1789323347559509200,8.79250927734375,7.415470123291016,-5.636297225952148,-3.0681185722351074
1789323347578360300,8.8113603515625,7.674991130828857,-5.255329608917236,-3.105865716934204
1789323347597211400,8.83021142578125,7.933686256408691,-4.876693248748779,-3.073249340057373
1789323347616062500,8.8490625,8.183555603027344,-4.505984783172607,-2.982602119445801
1789323347634913500,8.86791357421875,8.384577751159668,-4.1682562828063965,-2.9145970344543457
1789323347653764600,8.8867646484375,8.533023834228516,-3.876229763031006,-2.8866465091705322
1789323347672615400,8.905615478515625,8.651253700256348,-3.6374239921569824,-2.8452320098876953
1789323347691466500,8.924466552734375,8.725726127624512,-3.507094621658325,-2.7807157039642334
1789323347710317600,8.943317626953124,8.768068313598633,-3.440579891204834,-2.7301595211029053
1789323347729168600,8.962168701171874,8.781731605529785,-3.4119668006896973,-2.7221434116363525
1789323347748019700,8.981019775390624,8.764900207519531,-3.444383144378662,-2.735534429550171
1789323347766870800,8.999870849609374,8.709844589233398,-3.558645486831665,-2.764962911605835
1789323347785721900,9.018721923828124,8.610102653503418,-3.753344774246216,-2.8193836212158203
1789323347804573000,9.037572998046874,8.455841064453125,-4.009533405303955,-2.931342601776123
1789323347823424000,9.056424072265624,8.244898796081543,-4.326171875,-3.0783584117889404
1789323347842275000,9.075275146484374,7.9997124671936035,-4.683520317077637,-3.1999402046203613
1789323347861126100,9.094126220703124,7.727805137634277,-5.062001705169678,-3.2905259132385254
1789323347879977200,9.112977294921874,7.431858062744141,-5.462608814239502,-3.3313326835632324
1789323347898828000,9.131828125,7.12940788269043,-5.873053073883057,-3.2938106060028076
1789323347917679000,9.15067919921875,6.823581695556641,-6.287411212921143,-3.1745216846466064
1789323347936530200,9.1695302734375,6.505184650421143,-6.708474159240723,-2.9747822284698486
1789323347955381200,9.18838134765625,6.164026260375977,-7.131630897521973,-2.7046289443969727
1789323347974232300,9.207232421875,5.809031963348389,-7.5284552574157715,-2.397477865219116
1789323348002508800,9.2355087890625,5.213666915893555,-8.05938720703125,-2.0085694789886475
1789323348021359900,9.25435986328125,4.809756278991699,-8.345441818237305,-1.8412580490112305
1789323348040211000,9.2732109375,4.450720310211182,-8.563360214233398,-1.7407832145690918
1789323348059062000,9.29206201171875,4.161118984222412,-8.716130256652832,-1.698399305343628
1789323348077913000,9.3109130859375,3.9480133056640625,-8.816070556640625,-1.6912968158721924
1789323348096764200,9.32976416015625,3.8202075958251953,-8.870186805725098,-1.7018190622329712
1789323348115615200,9.348615234375,3.7726011276245117,-8.883543968200684,-1.7379662990570068
1789323348134466000,9.367466064453126,3.7983455657958984,-8.860435485839844,-1.7987900972366333
1789323348153317000,9.386317138671876,3.886909246444702,-8.80814266204834,-1.8651920557022095
1789323348172168200,9.405168212890626,4.039065837860107,-8.723444938659668,-1.938520073890686
1789323348191019300,9.424019287109376,4.246090888977051,-8.609477043151855,-2.004495620727539
1789323348209870300,9.442870361328126,4.482027053833008,-8.474980354309082,-2.0631356239318848
1789323348228721400,9.461721435546876,4.735328674316406,-8.323588371276855,-2.11303973197937
1789323348247572500,9.480572509765626,4.999837398529053,-8.15612506866455,-2.156301498413086
1789323348266423600,9.499423583984376,5.272483825683594,-7.971316337585449,-2.197596549987793
1789323348285274400,9.5182744140625,5.545421123504639,-7.768133163452148,-2.252730131149292
1789323348313551000,9.546551025390626,5.9644999504089355,-7.409461498260498,-2.386420965194702
1789323348332402200,9.565402099609376,6.237428188323975,-7.132510185241699,-2.5282773971557617
1789323348351253200,9.584253173828126,6.514255523681641,-6.823821544647217,-2.677746295928955
1789323348370104300,9.603104248046876,6.811539649963379,-6.476644515991211,-2.797569513320923
1789323348398380800,9.631380859375,7.279290676116943,-5.885509014129639,-2.922858953475952
1789323348417232000,9.65023193359375,7.571578502655029,-5.48576021194458,-2.9577035903930664
1789323348436083000,9.6690830078125,7.8672614097595215,-5.083951473236084,-2.9034507274627686
1789323348454934000,9.68793408203125,8.166358947753906,-4.678070545196533,-2.7562010288238525
1789323348473784800,9.706784912109375,8.416476249694824,-4.297698497772217,-2.6197497844696045
1789323348492636000,9.725635986328125,8.582319259643555,-3.981426954269409,-2.5811655521392822
1789323348511487000,9.744487060546875,8.703542709350586,-3.72438383102417,-2.558847188949585
1789323348530338000,9.763338134765625,8.79802131652832,-3.537757158279419,-2.4998977184295654
1789323348549189000,9.782189208984375,8.853484153747559,-3.431135654449463,-2.4522461891174316
1789323348568040200,9.801040283203125,8.872137069702148,-3.3836636543273926,-2.4507944583892822
1789323348586891300,9.819891357421875,8.868402481079102,-3.391033411026001,-2.45412278175354
1789323348605742300,9.838742431640625,8.836690902709961,-3.467776298522949,-2.461263418197632
1789323348624593400,9.857593505859375,8.769182205200195,-3.621089220046997,-2.4818389415740967
1789323348652870000,9.885869873046875,8.600232124328613,-3.95481276512146,-2.5623927116394043
1789323348671721000,9.904720947265625,8.435293197631836,-4.242133617401123,-2.6496243476867676
1789323348699997400,9.93299755859375,8.090654373168945,-4.7731146812438965,-2.815859794616699
1789323348718848500,9.9518486328125,7.798037528991699,-5.176602840423584,-2.9263923168182373
1789323348737699600,9.970699462890625,7.477338790893555,-5.602401256561279,-2.9787404537200928
1789323348756550700,9.989550537109375,7.144293785095215,-6.038597583770752,-2.943600654602051
1789323348775401700,10.008401611328125,6.818818092346191,-6.461090564727783,-2.8157427310943604
1789323348794252800,10.027252685546875,6.478007793426514,-6.881010055541992,-2.618682384490967
1789323348813103900,10.046103759765625,6.126379013061523,-7.281487941741943,-2.370189905166626
1789323348831954700,10.06495458984375,5.750924110412598,-7.6532135009765625,-2.127340316772461
1789323348850805800,10.0838056640625,5.37073278427124,-7.97348165512085,-1.9362882375717163
1789323348869656800,10.10265673828125,5.01809549331665,-8.23228931427002,-1.7940276861190796
1789323348897933600,10.13093359375,4.579014778137207,-8.515148162841797,-1.6417235136032104
1789323348916784400,10.149784423828125,4.367039680480957,-8.633481979370117,-1.6007319688796997
1789323348935635500,10.168635498046875,4.230220794677734,-8.698026657104492,-1.6186237335205078
1789323348954486500,10.187486572265625,4.160269260406494,-8.723660469055176,-1.661412239074707
1789323348973337600,10.206337646484375,4.145493030548096,-8.723179817199707,-1.7004121541976929
1789323348992188700,10.225188720703125,4.191277503967285,-8.692892074584961,-1.7427610158920288
1789323349011039700,10.244039794921875,4.301576137542725,-8.629362106323242,-1.7891184091567993
1789323349029890800,10.262890869140625,4.465616703033447,-8.535539627075195,-1.836635708808899
1789323349048742000,10.281741943359375,4.667314052581787,-8.414518356323242,-1.892739176750183
1789323349067593000,10.300593017578125,4.8867034912109375,-8.273681640625,-1.958754539489746
1789323349086444000,10.319444091796875,5.116191864013672,-8.118626594543457,-2.0206117630004883
1789323349105294800,10.338294921875,5.348495960235596,-7.947506427764893,-2.097883701324463
1789323349124146000,10.35714599609375,5.586353778839111,-7.754199028015137,-2.198962688446045
1789323349142997000,10.3759970703125,5.83796501159668,-7.530591011047363,-2.319213628768921
1789323349161848000,10.39484814453125,6.102574825286865,-7.273893356323242,-2.453458786010742
1789323349180699100,10.41369921875,6.381874084472656,-6.98067045211792,-2.5908119678497314
1789323349199550200,10.43255029296875,6.674156665802002,-6.649038791656494,-2.72329044342041
1789323349218401300,10.4514013671875,6.9777936935424805,-6.283247947692871,-2.828705072402954
1789323349237252400,10.47025244140625,7.281438827514648,-5.891734600067139,-2.904911756515503
1789323349256103400,10.489103515625,7.573177337646484,-5.482515811920166,-2.959627866744995
1789323349274954500,10.50795458984375,7.869943141937256,-5.063576698303223,-2.9316484928131104
1789323349293805300,10.526805419921875,8.157488822937012,-4.643213272094727,-2.840129852294922
1789323349312656400,10.545656494140625,8.413150787353516,-4.228506565093994,-2.7402586936950684
1789323349331507500,10.564507568359375,8.58309268951416,-3.8784382343292236,-2.7310471534729004
1789323349350358500,10.583358642578125,8.714770317077637,-3.6004738807678223,-2.694391965866089
1789323349369209600,10.602209716796875,8.80647087097168,-3.413644790649414,-2.638840913772583
1789323349388060700,10.621060791015625,8.858759880065918,-3.327603578567505,-2.5728981494903564
1789323349406911700,10.639911865234374,8.857625961303711,-3.3280506134033203,-2.5762245655059814
1789323349425762800,10.6587626953125,8.830272674560547,-3.3580069541931152,-2.630678653717041
1789323349444614000,10.67761376953125,8.792728424072266,-3.424546241760254,-2.6703548431396484
1789323349463465000,10.69646484375,8.723714828491211,-3.574347496032715,-2.700226306915283
1789323349482316000,10.71531591796875,8.598347663879395,-3.8030855655670166,-2.7884297370910645
1789323349501167000,10.7341669921875,8.417064666748047,-4.106693267822266,-2.908346652984619
1789323349520018200,10.75301806640625,8.174934387207031,-4.497524738311768,-3.018791437149048
1789323349538869200,10.771869140625,7.911980628967285,-4.911773204803467,-3.073341131210327
1789323349557720000,10.790719970703124,7.635591506958008,-5.333868503570557,-3.0688729286193848
1789323349576571100,10.809571044921874,7.331352233886719,-5.754194736480713,-3.0513782501220703
1789323349595422200,10.828422119140624,6.9865336418151855,-6.177685737609863,-3.032315254211426
1789323349614273300,10.847273193359374,6.661811828613281,-6.562460899353027,-2.9537689685821533
1789323349633124400,10.866124267578124,6.383655548095703,-6.905568599700928,-2.7807319164276123
1789323349651975400,10.884975341796874,6.073441028594971,-7.241876602172852,-2.61513614654541
1789323349670826500,10.903826416015624,5.728362083435059,-7.55845308303833,-2.4952046871185303
1789323349689677600,10.922677490234374,5.333902835845947,-7.870850086212158,-2.401996612548828
1789323349708528600,10.941528564453124,5.011945724487305,-8.120965003967285,-2.2584762573242188
1789323349727379700,10.960379638671874,4.661671161651611,-8.3477783203125,-2.1803224086761475
1789323349746230800,10.979230712890624,4.287477016448975,-8.538554191589355,-2.2092995643615723
1789323349765081900,10.998081787109374,4.051791667938232,-8.655610084533691,-2.198584794998169
1789323349783933000,11.016932861328126,3.930964708328247,-8.719439506530762,-2.1654763221740723
1789323349802783700,11.03578369140625,3.878676414489746,-8.744197845458984,-2.1599209308624268
1789323349821634800,11.054634765625,3.8762471675872803,-8.734711647033691,-2.2022528648376465
1789323349840486000,11.07348583984375,3.9380874633789062,-8.694242477416992,-2.2521090507507324
1789323349859337000,11.0923369140625,4.059901714324951,-8.625712394714355,-2.2988409996032715
1789323349878188000,11.11118798828125,4.216059684753418,-8.536717414855957,-2.3494019508361816
1789323349897039000,11.1300390625,4.39758825302124,-8.430513381958008,-2.3995909690856934
1789323349915890200,11.14889013671875,4.603560924530029,-8.307110786437988,-2.4432599544525146
1789323349934741200,11.1677412109375,4.8304667472839355,-8.164830207824707,-2.4844553470611572
1789323349953592300,11.18659228515625,5.074357509613037,-8.004186630249023,-2.520773410797119
1789323349972443400,11.205443359375,5.325423717498779,-7.820695877075195,-2.578171968460083
1789323349991294500,11.22429443359375,5.587775707244873,-7.602086544036865,-2.6749653816223145
1789323350010145500,11.2431455078125,5.8596882820129395,-7.34426736831665,-2.810011386871338
1789323350028996600,11.26199658203125,6.135248184204102,-7.052130699157715,-2.965900421142578
1789323350057273000,11.290273193359376,6.567011833190918,-6.567118167877197,-3.149238109588623
1789323350076124200,11.309124267578126,6.8584771156311035,-6.219817638397217,-3.2319552898406982
1789323350094975200,11.327975341796876,7.140438556671143,-5.851489067077637,-3.308260917663574
1789323350113826300,11.346826416015626,7.41805362701416,-5.474109649658203,-3.343201160430908
1789323350132677400,11.365677490234376,7.706056118011475,-5.100174903869629,-3.282574415206909
1789323350151528400,11.384528564453126,7.9791741371154785,-4.739297866821289,-3.168947458267212
1789323350170379500,11.403379638671876,8.21125316619873,-4.393797397613525,-3.072499990463257
1789323350189230600,11.422230712890626,8.390214920043945,-4.0947041511535645,-3.0013442039489746
1789323350208081700,11.44108154296875,8.543842315673828,-3.852862596511841,-2.885934352874756
1789323350226932700,11.4599326171875,8.646227836608887,-3.6929996013641357,-2.788346767425537
1789323350245783800,11.47878369140625,8.70458698272705,-3.6011369228363037,-2.72623610496521
1789323350264635000,11.497634765625,8.723685264587402,-3.5586204528808594,-2.721013307571411
1789323350283486000,11.51648583984375,8.706238746643066,-3.580854892730713,-2.7475955486297607
1789323350302337000,11.5353369140625,8.642756462097168,-3.6877126693725586,-2.8060503005981445
1789323350321188000,11.55418798828125,8.533064842224121,-3.8622384071350098,-2.9052186012268066
1789323350340039200,11.5730390625,8.37406063079834,-4.095404624938965,-3.0451853275299072
1789323350358890000,11.591889892578125,8.175312995910645,-4.38407039642334,-3.1803407669067383
1789323350377741000,11.610740966796875,7.945335388183594,-4.712747097015381,-3.291210889816284
1789323350396592000,11.629592041015625,7.684554100036621,-5.082971096038818,-3.3587839603424072
1789323350415443200,11.648443115234375,7.4041948318481445,-5.484618186950684,-3.3566718101501465
1789323350434294300,11.667294189453125,7.113450527191162,-5.894319534301758,-3.290318727493286
1789323350453145300,11.686145263671875,6.809627532958984,-6.306351661682129,-3.1669058799743652
1789323350471996400,11.704996337890625,6.49900484085083,-6.711721420288086,-2.9809601306915283
1789323350490847500,11.723847412109375,6.174477577209473,-7.10891056060791,-2.7403640747070312
1789323350509698600,11.742698486328125,5.839654922485352,-7.476941108703613,-2.482776403427124
1789323350528549600,11.761549560546875,5.473705291748047,-7.8203020095825195,-2.2476232051849365
1789323350547400700,11.780400634765625,5.091494560241699,-8.124960899353027,-2.0571999549865723
1789323350566251800,11.799251708984375,4.732658863067627,-8.372984886169434,-1.9145358800888062
1789323350585102800,11.818102783203125,4.4300408363342285,-8.558427810668945,-1.8161576986312866
1789323350603954000,11.836953857421875,4.194513320922852,-8.686840057373047,-1.7650117874145508
1789323350622805000,11.855804931640625,4.029989719390869,-8.765694618225098,-1.7584576606750488
1789323350641656000,11.874656005859375,3.9485297203063965,-8.798883438110352,-1.7774027585983276
1789323350660507100,11.893507080078125,3.9410135746002197,-8.795525550842285,-1.810399055480957
1789323350679358000,11.91235791015625,3.9971964359283447,-8.758035659790039,-1.8680517673492432
1789323350698209000,11.931208984375,4.115170001983643,-8.687097549438477,-1.9416731595993042
1789323350717060000,11.95006005859375,4.284032344818115,-8.588423728942871,-2.0140604972839355
1789323350735911200,11.9689111328125,4.4926066398620605,-8.463905334472656,-2.0854625701904297
1789323350754762200,11.98776220703125,4.724565505981445,-8.318862915039062,-2.1553168296813965
1789323350773613300,12.00661328125,4.96193265914917,-8.161921501159668,-2.2209596633911133
1789323350792464400,12.02546435546875,5.205152988433838,-7.991517543792725,-2.2830705642700195
1789323350811315500,12.0443154296875,5.45121955871582,-7.806151866912842,-2.3491663932800293
1789323350830166500,12.06316650390625,5.703473091125488,-7.59687614440918,-2.4347994327545166
1789323350849017600,12.082017578125,5.972521781921387,-7.351846218109131,-2.5396323204040527
1789323350867868700,12.10086865234375,6.2536725997924805,-7.073017120361328,-2.6522443294525146
1789323350886719700,12.1197197265625,6.5452752113342285,-6.764029026031494,-2.7527592182159424
1789323350914996200,12.147996337890625,6.993340492248535,-6.244872093200684,-2.8749191761016846
1789323350933847300,12.166847412109375,7.296085357666016,-5.862414360046387,-2.9273929595947266
1789323350952698400,12.185698486328125,7.597811698913574,-5.467677593231201,-2.9237217903137207
1789323350971549400,12.204549560546875,7.893649578094482,-5.082970142364502,-2.8326845169067383
1789323350990400500,12.223400390625,8.15316104888916,-4.722461223602295,-2.71932053565979
1789323351009251600,12.24225146484375,8.3628568649292,-4.381567478179932,-2.6523334980010986
1789323351028102700,12.2611025390625,8.524580955505371,-4.073641777038574,-2.6281814575195312
1789323351046953700,12.27995361328125,8.663561820983887,-3.797720432281494,-2.5865814685821533
1789323351065804800,12.2988046875,8.77318286895752,-3.571851968765259,-2.538407802581787
1789323351084655900,12.31765576171875,8.83955192565918,-3.4268763065338135,-2.5078344345092773
1789323351103507000,12.3365068359375,8.860604286193848,-3.378281831741333,-2.499459981918335
1789323351122358000,12.35535791015625,8.843692779541016,-3.4083282947540283,-2.5184872150421143
1789323351141209000,12.374208984375,8.793412208557129,-3.510302782058716,-2.5542259216308594
1789323351160060000,12.393059814453125,8.706117630004883,-3.6815648078918457,-2.6115100383758545
1789323351178911000,12.411910888671875,8.579010009765625,-3.9166669845581055,-2.6889936923980713
1789323351197762000,12.430761962890625,8.400115013122559,-4.213634967803955,-2.802450180053711
1789323351216613000,12.449613037109375,8.178504943847656,-4.560855865478516,-2.9122235774993896
1789323351235464200,12.468464111328124,7.920377254486084,-4.944918632507324,-2.9976303577423096
1789323351254315300,12.487315185546874,7.6317009925842285,-5.35490083694458,-3.041804790496826
1789323351273166300,12.506166259765624,7.330443382263184,-5.774677753448486,-3.0146467685699463
1789323351292017400,12.525017333984374,7.014278411865234,-6.193653106689453,-2.9341020584106445
1789323351310868500,12.543868408203124,6.695800304412842,-6.606552600860596,-2.7731051445007324
1789323351329719600,12.562719482421874,6.366352558135986,-7.010871410369873,-2.5470802783966064
1789323351348570600,12.581570556640624,6.028018474578857,-7.38578987121582,-2.2985806465148926
1789323351376847000,12.60984716796875,5.487132549285889,-7.879440784454346,-1.994037389755249
1789323351395698200,12.6286982421875,5.112123489379883,-8.15922737121582,-1.8610739707946777
1789323351414549200,12.64754931640625,4.762072563171387,-8.38687515258789,-1.775774359703064
1789323351433400300,12.666400390625,4.475919246673584,-8.553296089172363,-1.725592851638794
1789323351452251400,12.68525146484375,4.263535976409912,-8.66343879699707,-1.713904619216919
1789323351471102500,12.7041025390625,4.112227916717529,-8.730733871459961,-1.7419096231460571
1789323351489953500,12.72295361328125,4.029759883880615,-8.761183738708496,-1.781318187713623
1789323351508804600,12.7418046875,4.029330730438232,-8.752595901489258,-1.8239953517913818
1789323351527655700,12.76065576171875,4.110790729522705,-8.702888488769531,-1.879231572151184
1789323351546506500,12.779506591796874,4.255311965942383,-8.615339279174805,-1.9592454433441162
1789323351565357600,12.798357666015624,4.441839694976807,-8.496505737304688,-2.061514377593994
1789323351584208600,12.817208740234374,4.65131950378418,-8.355528831481934,-2.172731637954712
1789323351603059700,12.836059814453124,4.860630512237549,-8.207084655761719,-2.2778122425079346
1789323351621910800,12.854910888671874,5.0675368309021,-8.059836387634277,-2.3514857292175293
1789323351640761900,12.873761962890624,5.285665035247803,-7.904491901397705,-2.3981525897979736
1789323351659613000,12.892613037109374,5.530625343322754,-7.717023849487305,-2.4556291103363037
1789323351678464000,12.911464111328126,5.794707298278809,-7.488408088684082,-2.5525498390197754
1789323351697315000,12.930315185546876,6.069112777709961,-7.224726676940918,-2.671999216079712
1789323351716166100,12.949166259765626,6.352624416351318,-6.930930137634277,-2.7886855602264404
1789323351735017200,12.968017333984376,6.650898456573486,-6.607539653778076,-2.8768677711486816
1789323351753868300,12.986868408203126,6.9496002197265625,-6.260267734527588,-2.946605920791626
1789323351772719400,13.00571923828125,7.238774299621582,-5.892142295837402,-3.008850574493408
1789323351791570400,13.0245703125,7.513840198516846,-5.508523464202881,-3.0608434677124023
1789323351810421200,13.043421142578126,7.778899192810059,-5.112689018249512,-3.085374593734741
1789323351829272600,13.0622724609375,8.042906761169434,-4.711987495422363,-3.046178102493286
1789323351848123400,13.081123291015626,8.284099578857422,-4.338586807250977,-2.953089952468872
1789323351866974500,13.099974365234376,8.474324226379395,-4.010650634765625,-2.875920295715332
1789323351885825500,13.118825439453126,8.633452415466309,-3.7040939331054688,-2.8131065368652344
1789323351904676600,13.137676513671876,8.753061294555664,-3.4653191566467285,-2.746976613998413
1789323351923527700,13.156527587890626,8.832648277282715,-3.320610284805298,-2.669881820678711
1789323351942378800,13.175378662109376,8.871659278869629,-3.2628591060638428,-2.6110901832580566
1789323351961229800,13.194229736328126,8.871091842651367,-3.279134750366211,-2.5925657749176025
1789323351980081000,13.213080810546876,8.829693794250488,-3.3736913204193115,-2.612485408782959
1789323351998932000,13.231931884765626,8.741313934326172,-3.5477328300476074,-2.6783201694488525
1789323352017783000,13.250782958984376,8.600220680236816,-3.793586015701294,-2.7955868244171143
1789323352036634000,13.269634033203126,8.40113639831543,-4.100992679595947,-2.961949110031128
1789323352055485200,13.288485107421875,8.146383285522461,-4.463085174560547,-3.1444711685180664
1789323352074336300,13.307336181640625,7.8568902015686035,-4.862802028656006,-3.2852413654327393
1789323352093187000,13.32618701171875,7.539366245269775,-5.292113304138184,-3.3648009300231934
1789323352112038400,13.345038330078125,7.205101013183594,-5.73642635345459,-3.369022846221924
1789323352130889200,13.36388916015625,6.858230113983154,-6.18714714050293,-3.2945823669433594
1789323352149740300,13.382740234375,6.514160633087158,-6.635275840759277,-3.1159629821777344
1789323352168591400,13.40159130859375,6.151638984680176,-7.079976558685303,-2.8638527393341064
1789323352187442400,13.4204423828125,5.7760701179504395,-7.4877190589904785,-2.5964303016662598
1789323352206293500,13.43929345703125,5.3910112380981445,-7.842282295227051,-2.3676986694335938
1789323352225144600,13.45814453125,5.009369373321533,-8.138957023620605,-2.1986329555511475
1789323352243995600,13.47699560546875,4.661877155303955,-8.372535705566406,-2.082770824432373
1789323352262846700,13.4958466796875,4.378498554229736,-8.542654991149902,-2.0055370330810547
1789323352281697800,13.51469775390625,4.164282321929932,-8.660651206970215,-1.9550635814666748
1789323352300548900,13.533548828125,4.004240036010742,-8.73738956451416,-1.9479422569274902
1789323352319400000,13.55239990234375,3.90159273147583,-8.776504516601562,-1.9801337718963623
1789323352338251000,13.5712509765625,3.8583669662475586,-8.784713745117188,-2.0278549194335938
1789323352357102000,13.59010205078125,3.87233567237854,-8.765365600585938,-2.084169387817383
1789323352385378600,13.618378662109375,4.003237724304199,-8.682268142700195,-2.1823618412017822
1789323352404229600,13.637229736328125,4.1624836921691895,-8.589096069335938,-2.252012014389038
1789323352423080700,13.656080810546875,4.36651611328125,-8.46816349029541,-2.3225290775299072
1789323352441931800,13.674931884765625,4.576153755187988,-8.334684371948242,-2.400463581085205
1789323352460782800,13.693782958984375,4.789199352264404,-8.194334983825684,-2.467146396636963
1789323352479634000,13.712634033203125,5.0239386558532715,-8.034688949584961,-2.5247175693511963
1789323352498484700,13.731484619140625,5.293759346008301,-7.833341598510742,-2.6048507690429688
1789323352517335800,13.750335693359375,5.584031105041504,-7.588381290435791,-2.7212960720062256
1789323352536187000,13.769186767578125,5.86603307723999,-7.317358493804932,-2.866410732269287
1789323352555038000,13.788037841796875,6.149435043334961,-7.020950794219971,-3.0101637840270996
1789323352573889000,13.806888916015625,6.4550018310546875,-6.691641330718994,-3.1185383796691895
1789323352592740000,13.825739990234375,6.776002883911133,-6.330935955047607,-3.189894199371338
1789323352611591200,13.844591064453125,7.078766345977783,-5.961106300354004,-3.24448299407959
1789323352630442200,13.863442138671875,7.358068943023682,-5.595081806182861,-3.274792194366455
1789323352649293300,13.882293212890625,7.628759384155273,-5.227119445800781,-3.2633798122406006
1789323352668144400,13.901144287109375,7.885746955871582,-4.863785743713379,-3.213872194290161
1789323352686995500,13.919995361328125,8.13571548461914,-4.494302749633789,-3.127582311630249
1789323352705846500,13.938846435546875,8.376630783081055,-4.135019779205322,-2.9839658737182617
1789323352724697600,13.957697509765625,8.584275245666504,-3.8172194957733154,-2.81237530708313
1789323352743548700,13.976548583984375,8.712185859680176,-3.575242042541504,-2.736027240753174
1789323352762399500,13.9953994140625,8.778899192810059,-3.417698383331299,-2.7240846157073975
1789323352781250600,14.01425048828125,8.810991287231445,-3.3501596450805664,-2.704301118850708
1789323352800101600,14.0331015625,8.812031745910645,-3.357917070388794,-2.691257953643799
1789323352818952700,14.05195263671875,8.784866333007812,-3.424283981323242,-2.696439504623413
1789323352837803800,14.0708037109375,8.728699684143066,-3.5501327514648438,-2.716014862060547
1789323352856654800,14.08965478515625,8.637813568115234,-3.742788553237915,-2.747744083404541
1789323352875506000,14.108505859375,8.502933502197266,-3.999385356903076,-2.8063180446624756
1789323352894357000,14.12735693359375,8.323575019836426,-4.3135247230529785,-2.877843141555786
1789323352913208000,14.1462080078125,8.100052833557129,-4.671201705932617,-2.956247329711914
1789323352932059100,14.16505908203125,7.849719524383545,-5.048044204711914,-3.0115647315979004
1789323352950910200,14.18391015625,7.5847697257995605,-5.4306254386901855,-3.0248894691467285
1789323352969761300,14.20276123046875,7.314574241638184,-5.819425106048584,-2.9667611122131348
1789323352988612400,14.2216123046875,7.023484230041504,-6.22946834564209,-2.834571599960327
1789323353007463200,14.240463134765625,6.7062668800354,-6.651418209075928,-2.637233018875122
1789323353026314200,14.259314208984375,6.367131233215332,-7.060135841369629,-2.4051012992858887
1789323353045165300,14.278165283203125,6.023861408233643,-7.4208502769470215,-2.194185256958008
1789323353064016400,14.297016357421874,5.676364421844482,-7.729009628295898,-2.052237033843994
1789323353082867500,14.315867431640624,5.338705062866211,-7.985132217407227,-1.9764273166656494
1789323353111144200,14.344144287109375,4.927517890930176,-8.258238792419434,-1.921313762664795
1789323353129995000,14.3629951171875,4.747671604156494,-8.366178512573242,-1.9071080684661865
1789323353148846000,14.38184619140625,4.617617130279541,-8.433188438415527,-1.9311484098434448
1789323353167697200,14.400697265625,4.522761821746826,-8.472593307495117,-1.9824681282043457
1789323353186548200,14.41954833984375,4.486772060394287,-8.480766296386719,-2.0287604331970215
1789323353205399300,14.4383994140625,4.532976150512695,-8.449639320373535,-2.0557525157928467
1789323353224250400,14.45725048828125,4.638257026672363,-8.382051467895508,-2.0971789360046387
1789323353243101400,14.476101318359374,4.7834792137146,-8.281733512878418,-2.168315887451172
1789323353261952500,14.494952392578124,4.963386535644531,-8.148195266723633,-2.2676196098327637
1789323353280803300,14.51380322265625,5.167897701263428,-7.986382007598877,-2.383467435836792
1789323353299654400,14.532654296875,5.386390209197998,-7.803609848022461,-2.502171039581299
1789323353318505500,14.55150537109375,5.599605560302734,-7.609220027923584,-2.6295578479766846
1789323353337356500,14.5703564453125,5.796332359313965,-7.414283752441406,-2.757046699523926
1789323353356207600,14.58920751953125,6.01445198059082,-7.202460289001465,-2.849792718887329
1789323353375058700,14.60805859375,6.277450084686279,-6.946048259735107,-2.9182918071746826
1789323353393909800,14.62690966796875,6.5556488037109375,-6.647063255310059,-3.0017335414886475
1789323353412760800,14.6457607421875,6.834138870239258,-6.317041397094727,-3.0919113159179688
1789323353431612000,14.66461181640625,7.118858814239502,-5.961520671844482,-3.154758930206299
1789323353450462700,14.683462646484376,7.397585391998291,-5.6011223793029785,-3.173884630203247
1789323353469313800,14.702313720703126,7.658775806427002,-5.2481560707092285,-3.1575939655303955
1789323353488164900,14.721164794921876,7.907417297363281,-4.8929548263549805,-3.114821672439575
1789323353507016000,14.740015869140626,8.154329299926758,-4.527482032775879,-3.029721975326538
1789323353525867000,14.758866943359376,8.385502815246582,-4.185435771942139,-2.8871870040893555
1789323353544718000,14.777718017578126,8.576789855957031,-3.8945229053497314,-2.7279598712921143
1789323353563569200,14.796569091796876,8.712502479553223,-3.644451141357422,-2.642096519470215
1789323353582420200,14.815420166015626,8.80260944366455,-3.428515911102295,-2.6324403285980225
1789323353601271000,14.83427099609375,8.861372947692871,-3.2804410457611084,-2.623958110809326
1789323353620122000,14.8531220703125,8.892176628112793,-3.206968307495117,-2.6105422973632812
1789323353638973200,14.87197314453125,8.894801139831543,-3.1943397521972656,-2.6170742511749268
1789323353657824300,14.89082421875,8.868989944458008,-3.2463560104370117,-2.6405649185180664
1789323353676675300,14.90967529296875,8.811080932617188,-3.3735246658325195,-2.6748063564300537
1789323353695526400,14.9285263671875,8.7119140625,-3.588026523590088,-2.720113515853882
1789323353714377500,14.94737744140625,8.571063041687012,-3.870241403579712,-2.780017375946045
1789323353733228500,14.966228515625,8.387782096862793,-4.200484752655029,-2.8585684299468994
1789323353752079400,14.985079345703125,8.160006523132324,-4.569441318511963,-2.950406074523926
1789323353770930400,15.003930419921875,7.8928728103637695,-4.969456195831299,-3.0294318199157715
1789323353789781500,15.022781494140625,7.592239856719971,-5.39267635345459,-3.0736494064331055
1789323353808632600,15.041632568359375,7.276065349578857,-5.8151960372924805,-3.068021535873413
1789323353836909000,15.069908935546875,6.795314311981201,-6.429490566253662,-2.9420626163482666
1789323353865185800,15.098185791015625,6.278691291809082,-7.039698600769043,-2.6816158294677734
1789323353902887700,15.1358876953125,5.57469367980957,-7.73201847076416,-2.304144859313965
1789323353921738800,15.15473876953125,5.242827892303467,-7.99107027053833,-2.196800947189331
1789323353940589800,15.17358984375,4.947100639343262,-8.199078559875488,-2.1146349906921387
1789323353959441000,15.19244091796875,4.6942524909973145,-8.363430976867676,-2.046313762664795
1789323353978292000,15.2112919921875,4.478372573852539,-8.487565040588379,-2.018862009048462
1789323353997143000,15.23014306640625,4.301612377166748,-8.57198429107666,-2.0463650226593018
1789323354015993900,15.248993896484375,4.187496662139893,-8.616045951843262,-2.097382068634033
1789323354034845000,15.267844970703125,4.139132499694824,-8.632211685180664,-2.1267080307006836
1789323354053696000,15.286696044921875,4.153345108032227,-8.618865966796875,-2.1529650688171387
1789323354072547000,15.305547119140625,4.228592872619629,-8.57080078125,-2.197901964187622
1789323354091398100,15.324398193359375,4.354736328125,-8.491438865661621,-2.258787155151367
1789323354110249200,15.343249267578125,4.506729602813721,-8.388209342956543,-2.3447203636169434
1789323354129100300,15.362100341796875,4.685644626617432,-8.262995719909668,-2.436807870864868
1789323354147951000,15.380951171875,4.901590824127197,-8.11451530456543,-2.509868860244751
1789323354166802200,15.39980224609375,5.13506555557251,-7.945739269256592,-2.581996202468872
1789323354185653200,15.4186533203125,5.36984920501709,-7.763612747192383,-2.657334804534912
1789323354204504300,15.43750439453125,5.605399131774902,-7.564858436584473,-2.7427725791931152
1789323354223355400,15.45635546875,5.851805686950684,-7.331367492675781,-2.8596856594085693
1789323354242206200,15.475206298828125,6.110858917236328,-7.060129165649414,-2.997058629989624
1789323354261057300,15.494057373046875,6.385198593139648,-6.757427215576172,-3.12038516998291
1789323354279908400,15.512908447265625,6.6811113357543945,-6.4218525886535645,-3.2082622051239014
1789323354298759400,15.531759521484375,6.980558395385742,-6.069979190826416,-3.2553868293762207
1789323354317610500,15.550610595703125,7.2653656005859375,-5.719791412353516,-3.266317844390869
1789323354336461600,15.569461669921875,7.521195888519287,-5.383024215698242,-3.259610176086426
1789323354355312400,15.5883125,7.7467427253723145,-5.056955814361572,-3.2535457611083984
1789323354374163500,15.60716357421875,7.949463367462158,-4.731619358062744,-3.2539515495300293
1789323354393014500,15.6260146484375,8.125947952270508,-4.426530361175537,-3.247335195541382
1789323354411865600,15.644865478515625,8.273489952087402,-4.1716508865356445,-3.212019920349121
1789323354430716700,15.663716552734375,8.4099760055542,-3.9477312564849854,-3.1397621631622314
1789323354449567700,15.682567626953125,8.527963638305664,-3.7645225524902344,-3.0450940132141113
1789323354468418800,15.701418701171875,8.603861808776855,-3.6566014289855957,-2.961961269378662
1789323354487269600,15.72026953125,8.635313987731934,-3.629437208175659,-2.903259515762329
1789323354506120700,15.73912060546875,8.61939811706543,-3.685809373855591,-2.8794376850128174
1789323354524971800,15.7579716796875,8.552473068237305,-3.8129405975341797,-2.9132611751556396
1789323354543822800,15.77682275390625,8.433451652526855,-4.00241756439209,-3.0046517848968506
1789323354562674000,15.795673828125,8.272027015686035,-4.24314546585083,-3.120845079421997
1789323354581525000,15.81452490234375,8.074445724487305,-4.5239973068237305,-3.241473436355591
1789323354600375800,15.833375732421874,7.840389728546143,-4.8440704345703125,-3.3516647815704346
1789323354619227000,15.852226806640624,7.5668768882751465,-5.208284854888916,-3.43315052986145
1789323354638078000,15.871077880859374,7.2663397789001465,-5.602564334869385,-3.4614968299865723
1789323354656929000,15.889928955078124,6.947390556335449,-6.016132354736328,-3.422032117843628
1789323354675780000,15.908780029296874,6.626714706420898,-6.433338165283203,-3.296844720840454
1789323354694631200,15.927631103515624,6.299880504608154,-6.862254619598389,-3.0645322799682617
1789323354713482000,15.94648193359375,5.939887523651123,-7.292368412017822,-2.7765979766845703
1789323354732333000,15.9653330078125,5.538895606994629,-7.6995697021484375,-2.4915175437927246
1789323354751184100,15.98418408203125,5.1036057472229,-8.068329811096191,-2.241793394088745
1789323354770035200,16.00303515625,4.6581268310546875,-8.375934600830078,-2.0774872303009033
1789323354788886300,16.02188623046875,4.274470806121826,-8.597585678100586,-1.9951951503753662
1789323354807737300,16.0407373046875,3.9702489376068115,-8.7532377243042,-1.9463611841201782
1789323354826588200,16.059588134765626,3.7412729263305664,-8.86185359954834,-1.9080939292907715
1789323354845439200,16.078439208984374,3.625317335128784,-8.909510612487793,-1.9099959135055542
1789323354864290300,16.097290283203126,3.6145811080932617,-8.9006986618042,-1.9704694747924805
1789323354883141400,16.116141357421874,3.674437999725342,-8.858810424804688,-2.0470383167266846
1789323354901992400,16.134992431640626,3.781550168991089,-8.798527717590332,-2.110969305038452
1789323354920843300,16.15384326171875,3.9198708534240723,-8.727640151977539,-2.1525068283081055
1789323354939694300,16.1726943359375,4.070756435394287,-8.647716522216797,-2.1946144104003906
1789323354958545400,16.19154541015625,4.243005752563477,-8.551525115966797,-2.2447104454040527
1789323354977396500,16.210396484375,4.436858654022217,-8.441322326660156,-2.2866437435150146
1789323354996247600,16.22924755859375,4.650985240936279,-8.320737838745117,-2.303054094314575
1789323355015098600,16.2480986328125,4.875970840454102,-8.189963340759277,-2.3064651489257812
1789323355033949700,16.26694970703125,5.097372531890869,-8.050952911376953,-2.3171820640563965
1789323355052800500,16.285800537109374,5.317309856414795,-7.893725872039795,-2.3634088039398193
1789323355071651600,16.304651611328126,5.558603286743164,-7.698982238769531,-2.449079990386963
1789323355090502700,16.323502685546874,5.821752071380615,-7.466304302215576,-2.5557570457458496
1789323355109353700,16.342353759765626,6.0800862312316895,-7.215965270996094,-2.670729160308838
1789323355128204800,16.361204833984374,6.330101013183594,-6.959634304046631,-2.768338918685913
1789323355147055600,16.3800556640625,6.584085464477539,-6.69171142578125,-2.835702419281006
1789323355165906700,16.39890673828125,6.84512186050415,-6.408102989196777,-2.872438669204712
1789323355184757800,16.4177578125,7.105581760406494,-6.1093010902404785,-2.8909387588500977
1789323355203608800,16.43660888671875,7.358811378479004,-5.791361331939697,-2.911771059036255
1789323355222460000,16.4554599609375,7.598036289215088,-5.458981513977051,-2.9393436908721924
1789323355241311000,16.47431103515625,7.82192325592041,-5.126716136932373,-2.9503698348999023
1789323355260162000,16.493162109375,8.046473503112793,-4.8049187660217285,-2.8874573707580566
1789323355279012900,16.512012939453125,8.263216018676758,-4.498327255249023,-2.7667109966278076
1789323355297864000,16.530864013671874,8.430062294006348,-4.222413063049316,-2.6973438262939453
1789323355316715000,16.549715087890625,8.539939880371094,-3.9838438034057617,-2.7145535945892334
1789323355335566000,16.568566162109374,8.61925220489502,-3.7910330295562744,-2.739882707595825
1789323355354417200,16.587417236328125,8.678788185119629,-3.660158634185791,-2.7298824787139893
1789323355373268000,16.60626806640625,8.711605072021484,-3.5938756465911865,-2.7133700847625732
1789323355392119000,16.625119140625,8.715025901794434,-3.582376003265381,-2.71759033203125
1789323355410970000,16.64397021484375,8.698709487915039,-3.5996010303497314,-2.746946334838867
1789323355429821200,16.6628212890625,8.663185119628906,-3.654492139816284,-2.7864463329315186
1789323355448672300,16.68167236328125,8.608171463012695,-3.7516186237335205,-2.827566385269165
1789323355467523300,16.7005234375,8.52198600769043,-3.898542881011963,-2.889204740524292
1789323355486374400,16.71937451171875,8.395498275756836,-4.0956196784973145,-2.9852797985076904
1789323355505225200,16.73822509765625,8.233838081359863,-4.339144706726074,-3.0896782875061035
1789323355524076300,16.757076171875,8.03350830078125,-4.625592231750488,-3.1995370388031006
1789323355542927400,16.77592724609375,7.808465003967285,-4.939931392669678,-3.2856245040893555
1789323355561778400,16.7947783203125,7.566988468170166,-5.273434638977051,-3.331958293914795
1789323355580629500,16.81362939453125,7.3177900314331055,-5.614128589630127,-3.3319523334503174
1789323355599480300,16.832480224609377,7.052116870880127,-5.969799995422363,-3.2862648963928223
1789323355618331400,16.851331298828125,6.789291858673096,-6.322121620178223,-3.1790993213653564
1789323355637182500,16.870182373046877,6.521560192108154,-6.6706461906433105,-3.023594856262207
1789323355656033500,16.889033447265625,6.241950035095215,-7.006828784942627,-2.8482964038848877
1789323355674884600,16.907884521484377,5.957888603210449,-7.319040775299072,-2.6656312942504883
1789323355693735700,16.926735595703125,5.659210681915283,-7.615384578704834,-2.479844331741333
1789323355712586500,16.94558642578125,5.354735374450684,-7.8883490562438965,-2.2959001064300537
1789323355731437600,16.9644375,5.056721210479736,-8.127690315246582,-2.1308717727661133
1789323355750288600,16.98328857421875,4.773895740509033,-8.325315475463867,-2.0172839164733887
1789323355769139700,17.0021396484375,4.525243759155273,-8.476401329040527,-1.9604040384292603
1789323355787990800,17.02099072265625,4.330816268920898,-8.582262992858887,-1.9388593435287476
1789323355806841600,17.039841552734377,4.198474884033203,-8.649909019470215,-1.9293140172958374
1789323355825692700,17.058692626953125,4.1221089363098145,-8.684549331665039,-1.9383536577224731
1789323355844543700,17.077543701171876,4.102323532104492,-8.687692642211914,-1.966042160987854
1789323355863394800,17.096394775390625,4.139692783355713,-8.661393165588379,-2.0033931732177734
1789323355882246000,17.115245849609376,4.22121524810791,-8.610331535339355,-2.052783966064453
1789323355901096700,17.1340966796875,4.34355354309082,-8.534211158752441,-2.114514112472534
1789323355919947800,17.15294775390625,4.499764442443848,-8.435332298278809,-2.1835033893585205
1789323355938798800,17.171798828125,4.679530143737793,-8.322009086608887,-2.239769458770752
1789323355957650000,17.19064990234375,4.8576860427856445,-8.206480026245117,-2.286250114440918
1789323355976501000,17.2095009765625,5.022479057312012,-8.090476036071777,-2.3429205417633057
1789323355995351800,17.228351806640624,5.1856465339660645,-7.967903137207031,-2.4066522121429443
1789323356014203000,17.247202880859376,5.373847007751465,-7.826119899749756,-2.4584550857543945
1789323356033054000,17.266053955078124,5.584646224975586,-7.661184310913086,-2.5076608657836914
1789323356051905000,17.284905029296876,5.791126251220703,-7.485280513763428,-2.5697903633117676
1789323356070756000,17.303756103515624,5.9937238693237305,-7.299057960510254,-2.6399645805358887
1789323356089607000,17.32260693359375,6.1945390701293945,-7.098552227020264,-2.721879720687866
1789323356108458000,17.3414580078125,6.402471542358398,-6.875690937042236,-2.81133770942688
1789323356127309000,17.36030908203125,6.626942157745361,-6.619105339050293,-2.9054207801818848
1789323356146160000,17.37916015625,6.865994930267334,-6.326763153076172,-3.0000929832458496
1789323356165011200,17.39801123046875,7.111931800842285,-6.0114946365356445,-3.074530839920044
1789323356183862300,17.4168623046875,7.357979774475098,-5.6880388259887695,-3.110745668411255
1789323356202713000,17.435713134765624,7.603845119476318,-5.366243839263916,-3.0911712646484375
1789323356221564200,17.454564208984376,7.8468546867370605,-5.051400661468506,-3.0134034156799316
1789323356240415200,17.473415283203124,8.081321716308594,-4.738054275512695,-2.9005966186523438
1789323356259266300,17.492266357421876,8.268540382385254,-4.456419467926025,-2.818147897720337
1789323356278117400,17.511117431640624,8.397374153137207,-4.2150492668151855,-2.8085319995880127
1789323356296968200,17.52996826171875,8.498055458068848,-4.008265972137451,-2.8084235191345215
1789323356315819300,17.5488193359375,8.582176208496094,-3.8321447372436523,-2.7984490394592285
1789323356334670300,17.56767041015625,8.64129638671875,-3.701934337615967,-2.7917885780334473
1789323356353521400,17.586521484375,8.677475929260254,-3.615105628967285,-2.7933506965637207
1789323356372372500,17.60537255859375,8.695974349975586,-3.5677661895751953,-2.7966883182525635
1789323356391223600,17.6242236328125,8.691398620605469,-3.568831205368042,-2.809523344039917
1789323356410074400,17.643074462890624,8.661666870117188,-3.6189136505126953,-2.8371424674987793
1789323356428925400,17.661925537109376,8.602856636047363,-3.715944528579712,-2.890153169631958
1789323356447776500,17.680776611328124,8.502154350280762,-3.8689770698547363,-2.98576021194458
1789323356466627600,17.699627685546876,8.359663963317871,-4.079090595245361,-3.106031656265259
1789323356485478700,17.718478759765624,8.186017036437988,-4.343367576599121,-3.2085304260253906
1789323356504329500,17.73732958984375,7.985110282897949,-4.6473307609558105,-3.2879629135131836
1789323356523180500,17.7561806640625,7.7598161697387695,-4.978611946105957,-3.342013120651245
1789323356542031600,17.775031494140624,7.508257865905762,-5.339278221130371,-3.359844446182251
1789323356560882700,17.793882568359376,7.246229648590088,-5.713050842285156,-3.3201820850372314
1789323356579733800,17.812733642578124,6.975430011749268,-6.086099147796631,-3.236224889755249
1789323356598584600,17.83158447265625,6.701996803283691,-6.447039604187012,-3.1127636432647705
1789323356617435600,17.850435546875,6.40852689743042,-6.8148932456970215,-2.9425153732299805
1789323356636286700,17.86928662109375,6.092074394226074,-7.1783552169799805,-2.743760347366333
1789323356655137800,17.8881376953125,5.759681701660156,-7.516423225402832,-2.549476385116577
1789323356673988600,17.906988525390624,5.423715114593506,-7.819328308105469,-2.368927478790283
1789323356692839700,17.925839599609375,5.094696998596191,-8.083273887634277,-2.2079708576202393
1789323356711690800,17.944690673828124,4.777498245239258,-8.30980396270752,-2.071974039077759
1789323356730541800,17.963541748046875,4.485692977905273,-8.493502616882324,-1.977209210395813
1789323356749393000,17.982392822265624,4.236579895019531,-8.63047981262207,-1.9330281019210815
1789323356768243700,18.00124365234375,4.0450439453125,-8.722118377685547,-1.9320060014724731
1789323356787094800,18.0200947265625,3.925281286239624,-8.775428771972656,-1.937625527381897
1789323356805945900,18.03894580078125,3.8809378147125244,-8.796433448791504,-1.9317028522491455
1789323356824797000,18.057796875,3.888206720352173,-8.790714263916016,-1.9430816173553467
1789323356843647700,18.076647705078123,3.949153423309326,-8.754748344421387,-1.9821618795394897
1789323356862498800,18.095498779296875,4.058129787445068,-8.690472602844238,-2.0439319610595703
1789323356881350000,18.114349853515623,4.206964492797852,-8.604377746582031,-2.1063013076782227
1789323356900201000,18.133200927734375,4.370926380157471,-8.505908966064453,-2.1713807582855225
1789323356919052000,18.152052001953123,4.539174556732178,-8.39948844909668,-2.2393901348114014
1789323356937902800,18.17090283203125,4.711372375488281,-8.288398742675781,-2.296910047531128
1789323356956754000,18.18975390625,4.895256519317627,-8.17141056060791,-2.331287145614624
1789323356975605000,18.20860498046875,5.085971832275391,-8.048501014709473,-2.350511074066162
1789323356994456000,18.2274560546875,5.285833358764648,-7.911603927612305,-2.374210834503174
1789323357013307000,18.246306884765627,5.5046820640563965,-7.7473273277282715,-2.4182188510894775
1789323357032158000,18.265157958984375,5.737639904022217,-7.549237251281738,-2.5017783641815186
1789323357051009000,18.284009033203127,5.966280937194824,-7.329280853271484,-2.618304491043091
1789323357069860000,18.302860107421875,6.190876007080078,-7.093716621398926,-2.7427399158477783
1789323357088711200,18.321711181640627,6.433422565460205,-6.827377796173096,-2.8580353260040283
1789323357107562000,18.34056201171875,6.706969738006592,-6.525583744049072,-2.9332051277160645
1789323357126413000,18.3594130859375,6.988978385925293,-6.20134973526001,-2.9778900146484375
1789323357145264000,18.37826416015625,7.25067138671875,-5.878079414367676,-3.007713556289673
1789323357164115200,18.397115234375,7.4911651611328125,-5.555004596710205,-3.0322835445404053
1789323357182966300,18.41596630859375,7.746418476104736,-5.2149577140808105,-2.994596242904663
1789323357201817000,18.434817138671875,8.010701179504395,-4.867424964904785,-2.8822245597839355
1789323357220668200,18.453668212890626,8.240498542785645,-4.539499282836914,-2.7672224044799805
1789323357239519200,18.472519287109375,8.408794403076172,-4.25423002243042,-2.7136855125427246
1789323357258370300,18.491370361328126,8.542688369750977,-3.9984006881713867,-2.6843371391296387
1789323357277221000,18.51022119140625,8.654231071472168,-3.7804880142211914,-2.642458915710449
1789323357296072200,18.529072265625,8.729755401611328,-3.6241281032562256,-2.612940549850464
1789323357314923300,18.54792333984375,8.773938179016113,-3.5233099460601807,-2.6028237342834473
1789323357333774300,18.5667744140625,8.789588928222656,-3.47377610206604,-2.616560697555542
1789323357352625200,18.585625244140626,8.776450157165527,-3.483363389968872,-2.6477320194244385
1789323357371476200,18.604476318359374,8.736900329589844,-3.541285753250122,-2.7011594772338867
1789323357390327300,18.623327392578126,8.671576499938965,-3.6413590908050537,-2.7775251865386963
1789323357409178400,18.642178466796874,8.571314811706543,-3.7955057621002197,-2.8804681301116943
1789323357428029400,18.661029541015626,8.434493064880371,-4.005511283874512,-2.997598648071289
1789323357446880300,18.67988037109375,8.265389442443848,-4.265545845031738,-3.1078684329986572
1789323357465731300,18.6987314453125,8.071157455444336,-4.563108921051025,-3.194502592086792
1789323357484582400,18.71758251953125,7.8489603996276855,-4.891130447387695,-3.2620601654052734
1789323357503433200,18.73643310546875,7.604712963104248,-5.2420220375061035,-3.295440435409546
1789323357522284300,18.7552841796875,7.350245952606201,-5.604918479919434,-3.275541067123413
1789323357541135400,18.77413525390625,7.0789289474487305,-5.978067874908447,-3.2127647399902344
1789323357559986400,18.792986328125,6.8046555519104,-6.348843097686768,-3.0918028354644775
1789323357578837500,18.81183740234375,6.52551794052124,-6.710995674133301,-2.924128770828247
1789323357597688300,18.830688232421874,6.220932960510254,-7.069301128387451,-2.737764358520508
1789323357616539400,18.849539306640626,5.8981122970581055,-7.407120704650879,-2.552884340286255
1789323357635390500,18.868390380859374,5.56306791305542,-7.717260837554932,-2.380451202392578
1789323357654241500,18.887241455078126,5.228516578674316,-7.994636535644531,-2.217832088470459
1789323357673092400,18.90609228515625,4.909499168395996,-8.231588363647461,-2.0756115913391113
1789323357691943400,18.924943359375,4.618367671966553,-8.421628952026367,-1.9792015552520752
1789323357710794500,18.94379443359375,4.370494365692139,-8.563627243041992,-1.932218313217163
1789323357729645600,18.9626455078125,4.177947998046875,-8.66362476348877,-1.912261724472046
1789323357748496400,18.981496337890626,4.049350738525391,-8.730043411254883,-1.8866597414016724
1789323357767347500,19.000347412109374,3.9793407917022705,-8.763769149780273,-1.8792530298233032
1789323357786198500,19.019198486328126,3.961540699005127,-8.764325141906738,-1.9139466285705566
1789323357805049600,19.038049560546874,3.9912445545196533,-8.73755931854248,-1.9736775159835815
1789323357823900400,19.056900390625,4.0748701095581055,-8.684043884277344,-2.0379445552825928
1789323357842751500,19.07575146484375,4.201582431793213,-8.605254173278809,-2.1134555339813232
1789323357861602600,19.0946025390625,4.36132287979126,-8.505288124084473,-2.1930131912231445
1789323357880453400,19.113453369140625,4.535642147064209,-8.3945894241333,-2.2647712230682373
1789323357899304400,19.132304443359374,4.716515064239502,-8.282374382019043,-2.3080639839172363
1789323357918155500,19.151155517578125,4.898271083831787,-8.167030334472656,-2.3402881622314453
1789323357937006600,19.170006591796874,5.07475471496582,-8.044425010681152,-2.388404130935669
1789323357955857400,19.188857421875,5.259370803833008,-7.909193515777588,-2.440095901489258
1789323357974708500,19.20770849609375,5.468837738037109,-7.748697280883789,-2.4939732551574707
1789323357993559600,19.2265595703125,5.698711395263672,-7.5589447021484375,-2.5607476234436035
1789323358012410600,19.24541064453125,5.937310218811035,-7.3463568687438965,-2.6362416744232178
1789323358031261400,19.264261474609373,6.187932014465332,-7.1031365394592285,-2.7249462604522705
1789323358050112500,19.283112548828125,6.455662727355957,-6.821952819824219,-2.820596694946289
1789323358068963600,19.301963623046873,6.733215808868408,-6.512070178985596,-2.9029531478881836
1789323358087814700,19.320814697265625,6.998410701751709,-6.193911075592041,-2.971212148666382
1789323358106665500,19.33966552734375,7.244536399841309,-5.875555515289307,-3.0273642539978027
1789323358125516500,19.3585166015625,7.491697788238525,-5.537850379943848,-3.0621984004974365
1789323358144367600,19.37736767578125,7.750350475311279,-5.184589862823486,-3.036853075027466
1789323358163218400,19.396218505859373,8.00521469116211,-4.845823287963867,-2.9334139823913574
1789323358182069500,19.415069580078125,8.23560619354248,-4.524906635284424,-2.805422067642212
1789323358200920600,19.433920654296877,8.422612190246582,-4.2178754806518555,-2.7275493144989014
1789323358219771600,19.452771728515625,8.56813907623291,-3.9592444896698,-2.6611576080322266
1789323358238622500,19.47162255859375,8.686060905456543,-3.7421810626983643,-2.5920658111572266
1789323358257473500,19.4904736328125,8.761104583740234,-3.5850305557250977,-2.561444044113159
1789323358276324600,19.50932470703125,8.802763938903809,-3.487612724304199,-2.5530953407287598
1789323358295175400,19.528175537109377,8.813203811645508,-3.439417600631714,-2.5822932720184326
1789323358314026500,19.547026611328125,8.800769805908203,-3.4287309646606445,-2.638303756713867
1789323358332877600,19.565877685546877,8.76792049407959,-3.4637739658355713,-2.70115327835083
1789323358351728600,19.584728759765625,8.71256160736084,-3.5660557746887207,-2.746800422668457
1789323358370579500,19.603579345703125,8.621190071105957,-3.729482889175415,-2.817166805267334
1789323358389430500,19.622430419921876,8.491137504577637,-3.94162654876709,-2.921396017074585
1789323358408281600,19.641281494140625,8.329888343811035,-4.198035717010498,-3.026524066925049
1789323358427132700,19.660132568359376,8.13865852355957,-4.489203929901123,-3.127246141433716
1789323358445983500,19.6789833984375,7.925197124481201,-4.800801753997803,-3.2115321159362793
1789323358464834600,19.69783447265625,7.683838367462158,-5.141263961791992,-3.2705376148223877
1789323358483685600,19.716685546875,7.4182024002075195,-5.506438732147217,-3.2893459796905518
1789323358502536400,19.735536376953124,7.140650749206543,-5.878754615783691,-3.259099245071411
1789323358521387500,19.754387451171876,6.856632232666016,-6.250798225402832,-3.1756112575531006
1789323358540238600,19.773238525390624,6.570960521697998,-6.613739490509033,-3.0415990352630615
1789323358559089400,19.79208935546875,6.266014099121094,-6.973797798156738,-2.8763880729675293
1789323358577940500,19.8109404296875,5.9522624015808105,-7.310410022735596,-2.7016427516937256
1789323358596791600,19.82979150390625,5.640013694763184,-7.616882801055908,-2.5186779499053955
1789323358615642400,19.848642333984376,5.3217034339904785,-7.895899772644043,-2.3461925983428955
1789323358634493400,19.867493408203124,4.987607479095459,-8.151216506958008,-2.2026865482330322
1789323358653344500,19.886344482421876,4.664489269256592,-8.369494438171387,-2.089134454727173
1789323358672195600,19.905195556640624,4.400852680206299,-8.532014846801758,-2.001899003982544
1789323358691046400,19.92404638671875,4.210599422454834,-8.6387357711792,-1.9528156518936157
1789323358709897500,19.9428974609375,4.085073471069336,-8.700980186462402,-1.9430629014968872
1789323358728748500,19.96174853515625,4.031493663787842,-8.725768089294434,-1.9438167810440063
1789323358747599400,19.980599365234376,4.054669380187988,-8.715606689453125,-1.9411976337432861
1789323358766450400,19.999450439453124,4.125985622406006,-8.67448902130127,-1.9748060703277588
1789323358785301500,20.018301513671876,4.2248148918151855,-8.61034870147705,-2.045295476913452
1789323358804152300,20.03715234375,4.3432111740112305,-8.53231143951416,-2.12286639213562
1789323358823003400,20.05600341796875,4.488202095031738,-8.443985939025879,-2.1738271713256836
1789323358841854200,20.074854248046876,4.64982271194458,-8.345996856689453,-2.2122092247009277
1789323358860705300,20.093705322265624,4.812175750732422,-8.242265701293945,-2.2535293102264404
1789323358879556400,20.112556396484376,4.978250980377197,-8.13149642944336,-2.2948107719421387
1789323358898407400,20.131407470703124,5.159997463226318,-8.00617790222168,-2.333653450012207
1789323358917258200,20.15025830078125,5.354121208190918,-7.862006664276123,-2.3859241008758545
1789323358936109300,20.169109375,5.5597639083862305,-7.6969895362854,-2.452704668045044
1789323358954960400,20.18796044921875,5.780163764953613,-7.5049028396606445,-2.5370304584503174
1789323358973811200,20.206811279296875,6.0133819580078125,-7.281549453735352,-2.643608808517456
1789323358992662300,20.225662353515624,6.252681732177734,-7.033191680908203,-2.758362054824829
1789323359011513300,20.244513427734375,6.497990131378174,-6.759878635406494,-2.872380256652832
1789323359030364200,20.2633642578125,6.752782344818115,-6.462497711181641,-2.9675655364990234
1789323359049215200,20.28221533203125,7.00816011428833,-6.156285762786865,-3.025925636291504
1789323359068066300,20.30106640625,7.249888896942139,-5.848958492279053,-3.065810203552246
1789323359086917000,20.319917236328124,7.4781718254089355,-5.541378974914551,-3.0887632369995117
1789323359105768200,20.338768310546875,7.722921848297119,-5.2218146324157715,-3.042945384979248
1789323359124619000,20.357618896484375,7.986031532287598,-4.8904008865356445,-2.9116439819335938
1789323359143470000,20.376469970703123,8.217649459838867,-4.566274166107178,-2.791015148162842
1789323359162321200,20.395321044921875,8.390798568725586,-4.263805866241455,-2.754060983657837
1789323359181172000,20.414171875,8.534340858459473,-3.991053342819214,-2.7215640544891357
1789323359200023000,20.43302294921875,8.65931510925293,-3.752487897872925,-2.665607213973999
1789323359218874000,20.4518740234375,8.736505508422852,-3.5761728286743164,-2.6560981273651123
1789323359237725000,20.470724853515627,8.774443626403809,-3.4661078453063965,-2.676867723464966
1789323359256576000,20.489575927734375,8.788407325744629,-3.4060561656951904,-2.7079648971557617
1789323359275427000,20.508427001953127,8.783596992492676,-3.3850064277648926,-2.749645471572876
1789323359294278000,20.52727783203125,8.751744270324707,-3.422877073287964,-2.8037972450256348
1789323359313129000,20.54612890625,8.692455291748047,-3.522329092025757,-2.8644025325775146
1789323359331980000,20.56497998046875,8.596875190734863,-3.676196336746216,-2.957991123199463
1789323359350830800,20.583830810546875,8.4658784866333,-3.8850483894348145,-3.06687068939209
1789323359369682000,20.602681884765627,8.301142692565918,-4.148191452026367,-3.1707921028137207
1789323359388533000,20.621532958984375,8.106725692749023,-4.449033737182617,-3.2645795345306396
1789323359407383800,20.6403837890625,7.88263463973999,-4.779407978057861,-3.3454043865203857
1789323359435660300,20.668660400390625,7.499340057373047,-5.315263271331787,-3.417346715927124
1789323359454511400,20.687511474609376,7.226010799407959,-5.685581684112549,-3.4101791381835938
1789323359473362200,20.706362060546876,6.938333511352539,-6.061586380004883,-3.3596248626708984
1789323359492213200,20.725213134765625,6.652595043182373,-6.428999423980713,-3.2528960704803467
1789323359511064300,20.744064208984376,6.351587295532227,-6.796518802642822,-3.104038715362549
1789323359529915100,20.7629150390625,6.045369625091553,-7.145052909851074,-2.9278151988983154
1789323359558191600,20.791191650390626,5.5807013511657715,-7.61693000793457,-2.647364616394043
1789323359577042700,20.810042724609374,5.259161472320557,-7.898293972015381,-2.4755911827087402
1789323359595893500,20.8288935546875,4.950193881988525,-8.139924049377441,-2.3254270553588867
1789323359614744600,20.84774462890625,4.6646013259887695,-8.339262962341309,-2.2064836025238037
1789323359633595600,20.866595703125,4.4076924324035645,-8.496269226074219,-2.134488105773926
1789323359652446500,20.885446533203126,4.177949905395508,-8.618614196777344,-2.105849266052246
1789323359671297500,20.904297607421874,4.002864360809326,-8.704434394836426,-2.0929148197174072
1789323359690148600,20.923148681640626,3.909318208694458,-8.746383666992188,-2.0948526859283447
1789323359708999400,20.94199951171875,3.8815758228302,-8.750865936279297,-2.127464771270752
1789323359727850500,20.9608505859375,3.911848306655884,-8.724934577941895,-2.1779232025146484
1789323359746701300,20.979701416015626,4.0068359375,-8.672030448913574,-2.216198682785034
1789323359765552400,20.998552490234374,4.140388011932373,-8.59868049621582,-2.256164789199829
1789323359784403500,21.017403564453126,4.286794185638428,-8.5079984664917,-2.3254573345184326
1789323359803254300,21.036254150390626,4.443511962890625,-8.404842376708984,-2.4050416946411133
1789323359822105300,21.055105224609374,4.606482982635498,-8.298510551452637,-2.466862440109253
1789323359840956200,21.0739560546875,4.786017417907715,-8.187135696411133,-2.497044563293457
1789323359859807200,21.09280712890625,4.978644847869873,-8.064988136291504,-2.5178236961364746
1789323359878658300,21.111658203125,5.1797637939453125,-7.928886890411377,-2.5442450046539307
1789323359897509000,21.130509033203126,5.392333507537842,-7.771387100219727,-2.588179111480713
1789323359916360200,21.149360107421874,5.628205299377441,-7.57810115814209,-2.6582071781158447
1789323359935211000,21.1682109375,5.877492427825928,-7.347079753875732,-2.765117883682251
1789323359954062000,21.18706201171875,6.1230926513671875,-7.094030380249023,-2.8901302814483643
1789323359972913000,21.205912841796874,6.377805709838867,-6.822088718414307,-2.992168664932251
1789323359991764000,21.224763916015625,6.652345657348633,-6.521511077880859,-3.0637521743774414
1789323360010615000,21.243614990234374,6.922799587249756,-6.20539665222168,-3.1206231117248535
1789323360029465900,21.2624658203125,7.17288875579834,-5.891290664672852,-3.1642935276031494
1789323360048317000,21.28131689453125,7.41533899307251,-5.567534446716309,-3.1915056705474854
1789323360076593400,21.309593505859375,7.777231216430664,-5.0552287101745605,-3.1827235221862793
1789323360095444200,21.3284443359375,8.028219223022461,-4.718381404876709,-3.0748939514160156
1789323360114295300,21.34729541015625,8.258156776428223,-4.404636859893799,-2.9278697967529297
1789323360133146000,21.36614599609375,8.43218994140625,-4.127101898193359,-2.834712505340576
1789323360151997200,21.3849970703125,8.554841995239258,-3.889028310775757,-2.8036670684814453
1789323360170848300,21.40384814453125,8.649933815002441,-3.693936824798584,-2.7755866050720215
1789323360199124500,21.43212451171875,8.736349105834961,-3.4843742847442627,-2.7759203910827637
1789323360217975600,21.4509755859375,8.758094787597656,-3.4221718311309814,-2.7847626209259033
1789323360236826600,21.46982666015625,8.753504753112793,-3.42195987701416,-2.7994143962860107
1789323360255677400,21.488677490234377,8.725333213806152,-3.4750471115112305,-2.8218796253204346
1789323360274528500,21.507528564453125,8.671439170837402,-3.5764944553375244,-2.860983371734619
1789323360293379300,21.52637939453125,8.583867073059082,-3.7313220500946045,-2.9265778064727783
1789323360312230400,21.54523046875,8.450843811035156,-3.9496169090270996,-3.0255839824676514
1789323360331081200,21.564081298828125,8.29189682006836,-4.206510066986084,-3.1177098751068115
1789323360349932300,21.582932373046877,8.0996732711792,-4.5065226554870605,-3.2026455402374268
1789323360368783400,21.601783447265625,7.878747463226318,-4.841086387634277,-3.264904737472534
1789323360387634200,21.62063427734375,7.641372203826904,-5.196272373199463,-3.2830734252929688
1789323360406485200,21.6394853515625,7.38663911819458,-5.554182529449463,-3.280093193054199
1789323360425336000,21.658336181640625,7.114934921264648,-5.913497447967529,-3.252480983734131
1789323360444187100,21.677187255859376,6.839646339416504,-6.275393009185791,-3.163710594177246
1789323360463038000,21.696037841796876,6.56605863571167,-6.637533664703369,-3.000068187713623
1789323360481889000,21.714888916015624,6.2712297439575195,-6.996088981628418,-2.8101260662078857
1789323360500739800,21.73373974609375,5.965823173522949,-7.328097343444824,-2.6226563453674316
1789323360519591000,21.7525908203125,5.65591287612915,-7.629018783569336,-2.445220947265625
1789323360538441700,21.771441650390624,5.339044094085693,-7.90305757522583,-2.2818150520324707
1789323360557292800,21.790292724609376,5.0218939781188965,-8.148595809936523,-2.133390426635742
1789323360576144000,21.809143798828124,4.719160556793213,-8.357708930969238,-2.0121166706085205
1789323360594994700,21.82799462890625,4.452848434448242,-8.519953727722168,-1.9372433423995972
1789323360613845500,21.846845458984376,4.233907222747803,-8.63478946685791,-1.9195913076400757
1789323360632696600,21.865696533203124,4.074159622192383,-8.70538330078125,-1.9462571144104004
1789323360651547600,21.884547607421876,3.9887986183166504,-8.735807418823242,-1.9863356351852417
1789323360670398500,21.9033984375,3.975724935531616,-8.734481811523438,-2.018120050430298
1789323360689249500,21.92224951171875,4.02568244934082,-8.705251693725586,-2.0452044010162354
1789323360708100400,21.941100341796876,4.114067554473877,-8.650264739990234,-2.101848602294922
1789323360726951400,21.959951416015624,4.236011505126953,-8.572369575500488,-2.177398920059204
1789323360745802200,21.97880224609375,4.385543346405029,-8.476271629333496,-2.256150245666504
1789323360774078700,22.00707861328125,4.643009662628174,-8.307527542114258,-2.3659725189208984
1789323360792929500,22.025929443359374,4.826404571533203,-8.1871337890625,-2.4180679321289062
1789323360811780600,22.044780517578126,5.017578125,-8.061408042907715,-2.451122283935547
1789323360830631700,22.063631591796874,5.228130340576172,-7.917654037475586,-2.4794762134552
1789323360849482500,22.082482421875,5.46075963973999,-7.7439045906066895,-2.5263450145721436
1789323360868333600,22.10133349609375,5.703364849090576,-7.541520595550537,-2.60143780708313
1789323360887184400,22.120184326171874,5.952714443206787,-7.3142852783203125,-2.690134048461914
1789323360906035200,22.13903515625,6.2047624588012695,-7.063896656036377,-2.787952184677124
1789323360924886300,22.15788623046875,6.450411796569824,-6.799248218536377,-2.8866589069366455
1789323360943737300,22.1767373046875,6.678903102874756,-6.535332679748535,-2.97524094581604
1789323360962588200,22.195588134765625,6.9089274406433105,-6.261548042297363,-3.038111925125122
1789323360981439200,22.214439208984373,7.146824836730957,-5.96437931060791,-3.0853631496429443
1789323361000290000,22.2332900390625,7.382209300994873,-5.645994186401367,-3.1298763751983643
1789323361019141000,22.25214111328125,7.623346328735352,-5.307843208312988,-3.1435294151306152
1789323361037992000,22.270991943359373,7.877396106719971,-4.960751056671143,-3.0834994316101074
1789323361056843000,22.289843017578125,8.113945007324219,-4.623894214630127,-2.992305040359497
1789323361075693800,22.30869384765625,8.292705535888672,-4.3182172775268555,-2.958786725997925
1789323361094545000,22.327544921875,8.433168411254883,-4.046793460845947,-2.9454264640808105
1789323361113395700,22.346395751953125,8.549941062927246,-3.82009220123291,-2.911323308944702
1789323361132246800,22.365246826171877,8.630773544311523,-3.6573269367218018,-2.8816819190979004
1789323361151097600,22.38409765625,8.668414115905762,-3.5748629570007324,-2.872166872024536
1789323361169948700,22.40294873046875,8.68484115600586,-3.5350654125213623,-2.871800184249878
1789323361188799500,22.421799560546877,8.679267883300781,-3.5259816646575928,-2.89968204498291
1789323361207650300,22.440650390625,8.6462984085083,-3.5595192909240723,-2.9566433429718018
1789323361226501400,22.45950146484375,8.57563304901123,-3.649698495864868,-3.05100154876709
1789323361245352200,22.478352294921876,8.478449821472168,-3.79705810546875,-3.1414341926574707
1789323361264203300,22.497203369140625,8.360983848571777,-3.9872779846191406,-3.219618797302246
1789323361283054000,22.51605419921875,8.217958450317383,-4.218372344970703,-3.2925503253936768
1789323361301905200,22.5349052734375,8.043438911437988,-4.49589204788208,-3.3556571006774902
1789323361320756000,22.553755859375,7.83996057510376,-4.813334941864014,-3.39664626121521
1789323361339607000,22.57260693359375,7.613258361816406,-5.156893253326416,-3.4080967903137207
1789323361358457900,22.591457763671876,7.3731794357299805,-5.511239528656006,-3.3812477588653564
1789323361377309000,22.610308837890624,7.123178958892822,-5.866761684417725,-3.3184056282043457
1789323361396159700,22.62915966796875,6.860172748565674,-6.226713180541992,-3.2150397300720215
1789323361415010800,22.6480107421875,6.596162796020508,-6.582606792449951,-3.054555892944336
1789323361433861600,22.666861572265624,6.317897319793701,-6.935629367828369,-2.855100154876709
1789323361452712700,22.685712646484376,6.030736446380615,-7.26930046081543,-2.637779712677002
1789323361480989000,22.713989013671874,5.566208839416504,-7.731385707855225,-2.326664686203003
1789323361499840000,22.732840087890626,5.250739097595215,-8.00379753112793,-2.1305782794952393
1789323361518690800,22.75169091796875,4.940293788909912,-8.238103866577148,-1.9742183685302734
1789323361537542000,22.7705419921875,4.648530960083008,-8.427000999450684,-1.8833982944488525
1789323361556392700,22.789392822265626,4.395663738250732,-8.568005561828613,-1.8541299104690552
1789323361575243800,22.808243896484374,4.207282543182373,-8.660597801208496,-1.8609727621078491
1789323361594094600,22.827094482421874,4.100794315338135,-8.7080717086792,-1.8770644664764404
1789323361612945400,22.8459453125,4.070163726806641,-8.721607208251953,-1.8808822631835938
1789323361631796500,22.86479638671875,4.09209680557251,-8.705471992492676,-1.907854676246643
1789323361650647300,22.883647216796874,4.1560139656066895,-8.663488388061523,-1.9600796699523926
1789323361669498400,22.902498291015625,4.249256134033203,-8.604302406311035,-2.0199453830718994
1789323361688349200,22.92134912109375,4.372123718261719,-8.525946617126465,-2.0888164043426514
1789323361707200300,22.9402001953125,4.528697490692139,-8.426971435546875,-2.1557888984680176
1789323361726051000,22.959051025390625,4.700894355773926,-8.317512512207031,-2.211552143096924
1789323361744902000,22.97790185546875,4.881305694580078,-8.203105926513672,-2.2477312088012695
1789323361763753000,22.9967529296875,5.069401741027832,-8.080817222595215,-2.27419114112854
1789323361782603800,23.015603759765625,5.255558013916016,-7.9465532302856445,-2.3241753578186035
1789323361801454800,23.034454833984373,5.435982704162598,-7.798102378845215,-2.4104113578796387
1789323361820305700,23.0533056640625,5.624110221862793,-7.625278949737549,-2.528813600540161
1789323361839156700,23.07215673828125,5.829384803771973,-7.424140453338623,-2.65910005569458
1789323361858007600,23.091007568359377,6.049233436584473,-7.201295375823975,-2.7782211303710938
1789323361876858400,23.1098583984375,6.286761283874512,-6.959156513214111,-2.8665595054626465
1789323361895709400,23.12870947265625,6.549076557159424,-6.683234691619873,-2.935021162033081
1789323361914560300,23.147560302734377,6.819637775421143,-6.373769760131836,-3.006324529647827
1789323361933411300,23.166411376953125,7.079357624053955,-6.043087959289551,-3.0877442359924316
1789323361952262100,23.18526220703125,7.32139253616333,-5.705613136291504,-3.1644246578216553
1789323361971113000,23.204113037109376,7.562627792358398,-5.362204551696777,-3.1974711418151855
1789323361989964000,23.222964111328125,7.81308126449585,-5.0174560546875,-3.154564142227173
1789323362008814800,23.24181494140625,8.055571556091309,-4.682341575622559,-3.0584020614624023
1789323362027665700,23.260665771484376,8.251545906066895,-4.369124412536621,-2.9988551139831543
1789323362046516700,23.279516845703125,8.409261703491211,-4.068582057952881,-2.9835128784179688
1789323362065367600,23.298367431640624,8.545660972595215,-3.805074691772461,-2.943376302719116
1789323362084218600,23.317218505859376,8.648111343383789,-3.610600471496582,-2.8886194229125977
1789323362103069400,23.3360693359375,8.707164764404297,-3.4952096939086914,-2.8529233932495117
1789323362121920300,23.354920166015624,8.733024597167969,-3.4435372352600098,-2.836676597595215
1789323362140771300,23.373771240234376,8.72973918914795,-3.434173107147217,-2.858060598373413
1789323362159622100,23.3926220703125,8.700783729553223,-3.455815076828003,-2.919604778289795
1789323362178473200,23.41147314453125,8.642467498779297,-3.537057876586914,-2.994554281234741
1789323362197324000,23.430323974609376,8.5498685836792,-3.680475950241089,-3.08613657951355
1789323362216174800,23.4491748046875,8.417333602905273,-3.88435435295105,-3.198540449142456
1789323362235026000,23.46802587890625,8.254068374633789,-4.145150184631348,-3.295219659805298
1789323362253876700,23.486876708984376,8.061397552490234,-4.443685531616211,-3.381998062133789
1789323362272727600,23.5057275390625,7.8403520584106445,-4.767583847045898,-3.459683418273926
1789323362291578600,23.52457861328125,7.594247817993164,-5.117275238037109,-3.508742094039917
1789323362310429400,23.543429443359376,7.337916374206543,-5.478509426116943,-3.5087475776672363
1789323362329280500,23.562280517578124,7.067399501800537,-5.844976425170898,-3.4725332260131836
1789323362348131300,23.58113134765625,6.787901878356934,-6.217950344085693,-3.381106376647949
1789323362366982100,23.599982177734375,6.526764869689941,-6.580875873565674,-3.203718423843384
1789323362385833200,23.618833251953124,6.251087665557861,-6.935319423675537,-2.9992737770080566
1789323362404684000,23.63768408203125,5.961713790893555,-7.269021034240723,-2.791003465652466
1789323362432960300,23.665960205078125,5.508283615112305,-7.723259925842285,-2.4860525131225586
1789323362451811300,23.684811279296873,5.184618949890137,-7.998573303222656,-2.304978132247925
1789323362470662100,23.703662109375,4.844758987426758,-8.24686050415039,-2.165174961090088
1789323362489513000,23.722512939453125,4.525121688842773,-8.449539184570312,-2.0733935832977295
1789323362508364000,23.741364013671873,4.257628440856934,-8.600024223327637,-2.0205399990081787
1789323362527214800,23.76021484375,4.049745559692383,-8.706088066101074,-1.993485450744629
1789323362546065700,23.779065673828125,3.9195716381073,-8.767291069030762,-1.985434889793396
1789323362564916700,23.797916748046877,3.8682541847229004,-8.781837463378906,-2.0214672088623047
1789323362583767600,23.816767578125,3.878854513168335,-8.761335372924805,-2.0889899730682373
1789323362602618400,23.835618408203125,3.949641704559326,-8.716663360595703,-2.1425442695617676
1789323362621469400,23.854469482421877,4.066040515899658,-8.64957332611084,-2.1960363388061523
1789323362640320300,23.8733203125,4.2156853675842285,-8.560291290283203,-2.2626967430114746
1789323362659171000,23.892171142578125,4.388683319091797,-8.451908111572266,-2.3398923873901367
1789323362678022100,23.911022216796876,4.5683817863464355,-8.335617065429688,-2.4120030403137207
1789323362696873000,23.929873046875,4.755641460418701,-8.216633796691895,-2.457886219024658
1789323362715723800,23.948723876953125,4.954474925994873,-8.091568946838379,-2.4799320697784424
1789323362734574800,23.967574951171876,5.169580459594727,-7.950838088989258,-2.4959959983825684
1789323362753425700,23.98642578125,5.397019863128662,-7.789646148681641,-2.5226945877075195
1789323362772276500,24.0052763671875,5.631870746612549,-7.6026105880737305,-2.5792901515960693
1789323362791127300,24.024127197265624,5.8734636306762695,-7.388188362121582,-2.6622323989868164
1789323362809978400,24.042978271484376,6.124335289001465,-7.146457672119141,-2.755186080932617
1789323362828829200,24.0618291015625,6.381842136383057,-6.876967430114746,-2.8547844886779785
1789323362847680000,24.080679931640624,6.642348289489746,-6.585953235626221,-2.9453065395355225
1789323362866530800,24.09953076171875,6.900990962982178,-6.278035640716553,-3.022083044052124
1789323362885382000,24.1183818359375,7.158290863037109,-5.950437068939209,-3.0856990814208984
1789323362904232700,24.137232666015624,7.410877227783203,-5.613372325897217,-3.120791435241699
1789323362923083500,24.15608349609375,7.656095027923584,-5.274782657623291,-3.119497060775757
1789323362941934600,24.1749345703125,7.902993679046631,-4.93704891204834,-3.0559186935424805
1789323362960785400,24.193785400390624,8.14529800415039,-4.593409538269043,-2.953826427459717
1789323362979636200,24.21263623046875,8.349973678588867,-4.26721715927124,-2.8703999519348145
1789323362998487000,24.231487060546876,8.513731956481934,-3.9666364192962646,-2.8200271129608154
1789323363017338000,24.250338134765624,8.645286560058594,-3.7075278759002686,-2.771939754486084
1789323363036189000,24.26918896484375,8.730729103088379,-3.514265775680542,-2.755845069885254
1789323363055039700,24.288039794921875,8.772937774658203,-3.4141600131988525,-2.7476277351379395
1789323363073890600,24.306890625,8.79633617401123,-3.3627986907958984,-2.7361385822296143
1789323363092741600,24.32574169921875,8.802445411682129,-3.339214563369751,-2.7453558444976807
1789323363111592400,24.344592529296875,8.781774520874023,-3.3573079109191895,-2.789140462875366
1789323363130443300,24.363443359375,8.721057891845703,-3.4482390880584717,-2.8676095008850098
1789323363149294300,24.38229443359375,8.619617462158203,-3.613947629928589,-2.968496084213257
1789323363168145200,24.401145263671875,8.481107711791992,-3.836049795150757,-3.086407423019409
1789323363186996000,24.419995849609375,8.309764862060547,-4.102502822875977,-3.2074387073516846
1789323363215272200,24.448272216796877,7.992741584777832,-4.582541465759277,-3.3595809936523438
1789323363234123000,24.467123046875,7.750268459320068,-4.936300754547119,-3.4258806705474854
1789323363262399500,24.4953994140625,7.366667747497559,-5.4912309646606445,-3.427677869796753
1789323363281250300,24.514250244140626,7.108932018280029,-5.85984468460083,-3.3609066009521484
1789323363300101000,24.53310107421875,6.836781978607178,-6.231358051300049,-3.2556064128875732
1789323363318952200,24.5519521484375,6.554551124572754,-6.604123115539551,-3.097386360168457
1789323363337803000,24.570802978515626,6.2567644119262695,-6.972594738006592,-2.899346351623535
1789323363356653800,24.58965380859375,5.946269512176514,-7.321427345275879,-2.68495512008667
1789323363375504600,24.608504638671874,5.628035545349121,-7.637181282043457,-2.483757257461548
1789323363394355500,24.62735546875,5.307286739349365,-7.916281223297119,-2.3098857402801514
1789323363413206500,24.64620654296875,4.989904403686523,-8.159134864807129,-2.1678965091705322
1789323363432057300,24.665057373046874,4.6894917488098145,-8.359529495239258,-2.0730011463165283
1789323363450908200,24.683908203125,4.445741653442383,-8.507400512695312,-2.007460832595825
1789323363469759000,24.702759033203126,4.259832382202148,-8.609471321105957,-1.9751524925231934
1789323363488609800,24.72160986328125,4.129951477050781,-8.671420097351074,-1.979990839958191
1789323363526311700,24.759311767578126,4.080265045166016,-8.683337211608887,-2.0301454067230225
1789323363545162500,24.77816259765625,4.140049457550049,-8.638947486877441,-2.0973715782165527
1789323363564013300,24.797013427734374,4.287074089050293,-8.555472373962402,-2.1436591148376465
1789323363582864100,24.815864013671874,4.470686435699463,-8.447065353393555,-2.1978251934051514
1789323363601715000,24.83471484375,4.658513069152832,-8.327296257019043,-2.2638018131256104
1789323363620565800,24.853565673828125,4.870459079742432,-8.194621086120605,-2.3015670776367188
1789323363639416800,24.872416748046874,5.076123237609863,-8.04985523223877,-2.367105007171631
1789323363658267600,24.891267578125,5.296460151672363,-7.888831615447998,-2.4257431030273438
1789323363677118500,24.910118408203125,5.514969825744629,-7.722382545471191,-2.4739251136779785
1789323363695969300,24.92896923828125,5.734812259674072,-7.546976566314697,-2.5150444507598877
1789323363714820000,24.947820068359373,5.949111461639404,-7.362537384033203,-2.5634944438934326
1789323363733671000,24.9666708984375,6.178783416748047,-7.14998722076416,-2.6212055683135986
1789323363752521700,24.985521728515625,6.423759937286377,-6.898641109466553,-2.7045247554779053
1789323363771372500,25.00437255859375,6.660385608673096,-6.632081985473633,-2.7973473072052
1789323363790223600,25.0232236328125,6.8881378173828125,-6.357704162597656,-2.8815882205963135
1789323363809074400,25.042074462890625,7.121359348297119,-6.067208766937256,-2.9403436183929443
1789323363827925200,25.06092529296875,7.354360580444336,-5.763405799865723,-2.977738380432129
1789323363846776000,25.079776123046877,7.580964088439941,-5.444451808929443,-3.0095388889312744
1789323363865627000,25.098626953125,7.817976474761963,-5.11599588394165,-2.9792957305908203
1789323363884477700,25.117477783203125,8.061797142028809,-4.782802104949951,-2.8814289569854736
1789323363903328500,25.13632861328125,8.27816104888916,-4.4573822021484375,-2.7882204055786133
1789323363922179300,25.155179443359376,8.43808650970459,-4.171773910522461,-2.7505245208740234
1789323363941030100,25.174030029296876,8.559063911437988,-3.923478126525879,-2.7421042919158936
1789323363959881200,25.192881103515624,8.66126537322998,-3.7022480964660645,-2.7287747859954834
1789323363978732000,25.21173193359375,8.732694625854492,-3.533106565475464,-2.72536039352417
1789323363997582800,25.230582763671876,8.775479316711426,-3.4195427894592285,-2.732781171798706
1789323364016433700,25.24943359375,8.792709350585938,-3.343860626220703,-2.7707862854003906
1789323364035284500,25.268284423828124,8.786989212036133,-3.3142638206481934,-2.823982000350952
1789323364054135300,25.28713525390625,8.747232437133789,-3.3559765815734863,-2.8971927165985107
1789323364072986000,25.305986083984376,8.680521965026855,-3.461794853210449,-2.9723548889160156
1789323364091837000,25.3248369140625,8.575679779052734,-3.629692792892456,-3.0746445655822754
1789323364110687700,25.343687744140624,8.437339782714844,-3.8555192947387695,-3.180666208267212
1789323364129538600,25.36253857421875,8.265837669372559,-4.1271185874938965,-3.288342237472534
1789323364148389400,25.381389404296876,8.063037872314453,-4.434635639190674,-3.3899600505828857
1789323364167240200,25.400240234375,7.835219860076904,-4.771036148071289,-3.4665446281433105
1789323364186091300,25.41909130859375,7.5870680809021,-5.132152557373047,-3.5025410652160645
1789323364204942000,25.437942138671875,7.320575714111328,-5.5099287033081055,-3.4957456588745117
1789323364223793000,25.45679296875,7.044180870056152,-5.895040512084961,-3.434879779815674
1789323364242643700,25.475643798828123,6.759878635406494,-6.279013633728027,-3.323916435241699
1789323364261494500,25.49449462890625,6.47705078125,-6.657211780548096,-3.1463823318481445
1789323364280345300,25.513345458984375,6.183160781860352,-7.028163909912109,-2.922980546951294
1789323364299196200,25.532196044921875,5.879489421844482,-7.3706955909729,-2.6971888542175293
1789323364327472400,25.560472412109377,5.3897552490234375,-7.837266445159912,-2.3870866298675537
1789323364346323200,25.5793232421875,5.063685894012451,-8.09664249420166,-2.2302138805389404
1789323364365174000,25.598174072265625,4.749418258666992,-8.312824249267578,-2.123763084411621
1789323364384024800,25.61702490234375,4.469300746917725,-8.480128288269043,-2.0695815086364746
1789323364402875600,25.635875732421876,4.252164840698242,-8.596834182739258,-2.045464038848877
1789323364421726500,25.6547265625,4.078438758850098,-8.68037223815918,-2.0464282035827637
1789323364440577300,25.673577392578125,3.9606237411499023,-8.730533599853516,-2.0643718242645264
1789323364459428000,25.692427978515624,3.9210824966430664,-8.74123477935791,-2.094348907470703
1789323364478279000,25.71127880859375,3.957946538925171,-8.713597297668457,-2.139690637588501
1789323364497129700,25.730129638671876,4.072062015533447,-8.650886535644531,-2.179645538330078
1789323364515980500,25.74898046875,4.242233753204346,-8.555418014526367,-2.2312886714935303
1789323364534831400,25.767831298828124,4.427554130554199,-8.44105052947998,-2.3056037425994873
1789323364553682200,25.78668212890625,4.612829685211182,-8.317460060119629,-2.3899881839752197
1789323364591383800,25.8243837890625,5.000312328338623,-8.058737754821777,-2.494795322418213
1789323364610234600,25.843234619140624,5.191868782043457,-7.9235005378723145,-2.5363423824310303
1789323364629085400,25.86208544921875,5.3948187828063965,-7.778060436248779,-2.562830924987793
1789323364647936300,25.880936279296876,5.619610786437988,-7.607888698577881,-2.5904433727264404
1789323364666786800,25.899786865234375,5.86112117767334,-7.4036946296691895,-2.6463074684143066
1789323364685638000,25.918637939453124,6.109902858734131,-7.170612335205078,-2.724297046661377
1789323364704488400,25.937488525390624,6.358417510986328,-6.91641092300415,-2.8114371299743652
1789323364723339300,25.95633935546875,6.61271858215332,-6.635709285736084,-2.8999507427215576
1789323364742190000,25.975190185546875,6.877781391143799,-6.324313163757324,-2.9781830310821533
1789323364761041000,25.994041015625,7.141923427581787,-5.993157863616943,-3.040618658065796
1789323364779891700,26.0128916015625,7.388254642486572,-5.663100719451904,-3.0843751430511475
1789323364798742500,26.031742431640627,7.619389533996582,-5.329004764556885,-3.1172101497650146
1789323364817593300,26.05059326171875,7.836560249328613,-4.993411064147949,-3.1344168186187744
1789323364836444200,26.069444091796875,8.049951553344727,-4.658921241760254,-3.1085574626922607
1789323364855295000,26.088294921875,8.263575553894043,-4.332061767578125,-3.0194268226623535
1789323364874145800,26.107145751953126,8.449164390563965,-4.039416790008545,-2.909485340118408
1789323364892996600,26.12599658203125,8.588847160339355,-3.7858083248138428,-2.8407323360443115
1789323364911847400,26.144847412109375,8.688661575317383,-3.5721075534820557,-2.813823699951172
1789323364930698200,26.1636982421875,8.748520851135254,-3.4307756423950195,-2.8042030334472656
1789323364949548800,26.182548828125,8.778043746948242,-3.354360580444336,-2.8043904304504395
1789323364968399600,26.201399658203126,8.788780212402344,-3.334080696105957,-2.7949302196502686
1789323364987250400,26.22025048828125,8.775123596191406,-3.364070415496826,-2.8018958568573
1789323365006101200,26.239101318359374,8.730154991149902,-3.446331739425659,-2.8421080112457275
1789323365024952000,26.2579521484375,8.640264511108398,-3.6013975143432617,-2.9233803749084473
1789323365043803000,26.276802978515626,8.515891075134277,-3.817373037338257,-3.0129127502441406
1789323365062653700,26.29565380859375,8.360295295715332,-4.080442428588867,-3.1025524139404297
1789323365081504300,26.314504150390626,8.173828125,-4.381948471069336,-3.187074899673462
1789323365100355000,26.33335498046875,7.960972309112549,-4.715787887573242,-3.2487919330596924
1789323365119206000,26.352205810546874,7.71761417388916,-5.070197105407715,-3.3018059730529785
1789323365138056700,26.371056640625,7.45410680770874,-5.445252895355225,-3.3099708557128906
1789323365156907500,26.389907470703125,7.166146755218506,-5.83934211730957,-3.273958683013916
1789323365175758300,26.40875830078125,6.864917278289795,-6.244045734405518,-3.170991897583008
1789323365194609200,26.427609130859373,6.557440280914307,-6.641901969909668,-3.0092365741729736
1789323365222885000,26.455885009765623,6.062747955322266,-7.210464954376221,-2.7244582176208496
1789323365241736000,26.47473583984375,5.712754726409912,-7.5518622398376465,-2.5503311157226562
1789323365260586800,26.493586669921875,5.364894390106201,-7.855017185211182,-2.3847408294677734
1789323365279437600,26.5124375,5.02658224105835,-8.117569923400879,-2.238063097000122
1789323365298288400,26.531288330078127,4.701669692993164,-8.334146499633789,-2.1463208198547363
1789323365317139000,26.550138916015626,4.415534496307373,-8.499841690063477,-2.1038365364074707
1789323365335989800,26.56898974609375,4.189570903778076,-8.617236137390137,-2.088332176208496
1789323365354840600,26.587840576171875,4.019409656524658,-8.697665214538574,-2.0893468856811523
1789323365373691400,26.60669140625,3.918281078338623,-8.738069534301758,-2.112724781036377
1789323365392542200,26.625542236328126,3.891993522644043,-8.736772537231445,-2.1660072803497314
1789323365411393000,26.64439306640625,3.9395663738250732,-8.701245307922363,-2.222280502319336
1789323365430243600,26.66324365234375,4.03679084777832,-8.642254829406738,-2.2773091793060303
1789323365449094400,26.682094482421874,4.16254997253418,-8.565574645996094,-2.33976674079895
1789323365467945200,26.7009453125,4.316740989685059,-8.4725341796875,-2.3983964920043945
1789323365486796000,26.719796142578126,4.493028163909912,-8.365757942199707,-2.448915481567383
1789323365505646600,26.738646484375,4.674971103668213,-8.25168514251709,-2.494936227798462
1789323365524497400,26.757497314453126,4.859811782836914,-8.133798599243164,-2.528625011444092
1789323365543348200,26.77634814453125,5.056981086730957,-8.00684642791748,-2.547102928161621
1789323365562199000,26.795198974609374,5.265827178955078,-7.861014366149902,-2.5779638290405273
1789323365581049600,26.814049560546874,5.479723930358887,-7.6932878494262695,-2.637486457824707
1789323365599900400,26.832900390625,5.701399803161621,-7.5003156661987305,-2.7220778465270996
1789323365618751200,26.851751220703125,5.9351396560668945,-7.280948638916016,-2.8164331912994385
1789323365637602000,26.87060205078125,6.168787479400635,-7.041603088378906,-2.921006441116333
1789323365656452600,26.88945263671875,6.403701305389404,-6.778990268707275,-3.034514904022217
1789323365675303400,26.908303466796873,6.650531768798828,-6.4873881340026855,-3.1392040252685547
1789323365694154200,26.927154296875,6.9154839515686035,-6.163477420806885,-3.218386173248291
1789323365713005000,26.946005126953125,7.194648742675781,-5.811456203460693,-3.2610418796539307
1789323365731855600,26.964855712890625,7.4705352783203125,-5.448369979858398,-3.267529010772705
1789323365750706400,26.98370654296875,7.73860502243042,-5.095867156982422,-3.2119338512420654
1789323365769557200,27.00255712890625,7.980151176452637,-4.769101619720459,-3.12141752243042
1789323365788407800,27.02140771484375,8.174845695495605,-4.465041160583496,-3.0668699741363525
1789323365807258600,27.040258544921876,8.313379287719727,-4.200105667114258,-3.068751573562622
1789323365826109400,27.059109375,8.424723625183105,-3.9770710468292236,-3.0622410774230957
1789323365844960000,27.0779599609375,8.525559425354004,-3.7794346809387207,-3.033331871032715
1789323365863810800,27.096810791015624,8.602254867553711,-3.6314291954040527,-2.997385025024414
1789323365882661600,27.11566162109375,8.64520263671875,-3.545443534851074,-2.976689100265503
1789323365901512400,27.134512451171876,8.660128593444824,-3.515580654144287,-2.9687142372131348
1789323365920363000,27.153363037109376,8.642364501953125,-3.5448365211486816,-2.9856412410736084
1789323365948639200,27.18163916015625,8.561920166015625,-3.678755044937134,-3.0546159744262695
1789323365967489800,27.20048974609375,8.471341133117676,-3.821484088897705,-3.1309807300567627
1789323365986340600,27.219340576171874,8.339851379394531,-4.033793926239014,-3.2164857387542725
1789323366005191400,27.23819140625,8.16790771484375,-4.294515609741211,-3.318556547164917
1789323366024042000,27.2570419921875,7.968513488769531,-4.580435752868652,-3.4194719791412354
1789323366042892800,27.275892822265625,7.738194942474365,-4.9118218421936035,-3.4877989292144775
1789323366061743600,27.29474365234375,7.489860534667969,-5.27139139175415,-3.5049681663513184
1789323366080594200,27.31359423828125,7.232045650482178,-5.643386363983154,-3.46699857711792
1789323366099445000,27.332445068359377,6.955349445343018,-6.027914524078369,-3.384927272796631
1789323366118295800,27.3512958984375,6.68048095703125,-6.4077582359313965,-3.2376210689544678
1789323366137146400,27.370146484375,6.393553733825684,-6.782416820526123,-3.048226833343506
1789323366155997200,27.3889970703125,6.083291530609131,-7.143626689910889,-2.851764440536499
1789323366174847700,27.40784765625,5.758571624755859,-7.47910737991333,-2.6593613624572754
1789323366193698600,27.426698486328124,5.427783012390137,-7.784142971038818,-2.473191022872925
1789323366212549400,27.44554931640625,5.10245943069458,-8.052201271057129,-2.3015971183776855
1789323366231400000,27.46439990234375,4.7869343757629395,-8.279240608215332,-2.170212745666504
1789323366250250800,27.483250732421876,4.497531890869141,-8.461464881896973,-2.084754467010498
1789323366278526700,27.511526611328126,4.175544738769531,-8.638587951660156,-2.02731990814209
1789323366297377500,27.53037744140625,4.049618244171143,-8.698500633239746,-2.026588201522827
1789323366316228400,27.549228271484374,3.9936397075653076,-8.723138809204102,-2.0317695140838623
1789323366335079000,27.568078857421874,3.991353988647461,-8.720871925354004,-2.045938491821289
1789323366353929700,27.5869296875,4.038494110107422,-8.689674377441406,-2.085789918899536
1789323366372780300,27.6057802734375,4.1395368576049805,-8.629016876220703,-2.1388533115386963
1789323366391631000,27.624631103515625,4.284061908721924,-8.542299270629883,-2.201437473297119
1789323366410481700,27.643481689453125,4.4532694816589355,-8.436432838439941,-2.272747278213501
1789323366429332500,27.66233251953125,4.639216423034668,-8.320359230041504,-2.3280200958251953
1789323366448183000,27.68118310546875,4.8410162925720215,-8.197343826293945,-2.353400707244873
1789323366467033900,27.700033935546877,5.046078205108643,-8.064343452453613,-2.3819820880889893
1789323366485884400,27.718884521484377,5.244413375854492,-7.918281078338623,-2.442814350128174
1789323366504735200,27.7377353515625,5.44453239440918,-7.757930278778076,-2.5183258056640625
1789323366523586000,27.7565859375,5.661267280578613,-7.575345516204834,-2.5951077938079834
1789323366542436600,27.7754365234375,5.90295934677124,-7.361512184143066,-2.670880079269409
1789323366561287400,27.794287353515625,6.15009069442749,-7.121231555938721,-2.7631208896636963
1789323366580138000,27.813137939453124,6.387749195098877,-6.86063289642334,-2.8807594776153564
1789323366598988800,27.83198876953125,6.636023044586182,-6.573146343231201,-2.9878647327423096
1789323366617839400,27.85083935546875,6.909970760345459,-6.250726699829102,-3.057957172393799
1789323366636690200,27.869690185546876,7.18109130859375,-5.910260200500488,-3.109847068786621
1789323366655540700,27.888540771484376,7.431622505187988,-5.565501689910889,-3.1569900512695312
1789323366674391600,27.9073916015625,7.671882152557373,-5.211202621459961,-3.186845541000366
1789323366693242000,27.9262421875,7.9184956550598145,-4.86223030090332,-3.134730815887451
1789323366712093000,27.945093017578124,8.166930198669434,-4.522207260131836,-3.0035438537597656
1789323366730943500,27.963943603515624,8.36977481842041,-4.214177131652832,-2.891016721725464
1789323366749794300,27.982794189453124,8.523077964782715,-3.927741527557373,-2.8461148738861084
1789323366768644900,28.001644775390623,8.649001121520996,-3.6676740646362305,-2.813066005706787
1789323366787495700,28.02049560546875,8.729440689086914,-3.4919180870056152,-2.7881462574005127
1789323366806346200,28.03934619140625,8.767391204833984,-3.407545328140259,-2.7734220027923584
1789323366825197000,28.058197021484375,8.775772094726562,-3.3814456462860107,-2.7788569927215576
1789323366844047600,28.077047607421875,8.759797096252441,-3.39727783203125,-2.8097784519195557
1789323366862898400,28.0958984375,8.723575592041016,-3.4497952461242676,-2.858063220977783
1789323366881749000,28.1147490234375,8.654885292053223,-3.556171178817749,-2.9354710578918457
1789323366900599800,28.133599853515626,8.54405403137207,-3.724336862564087,-3.049400568008423
1789323366919450400,28.152450439453126,8.39367389678955,-3.9468133449554443,-3.18422532081604
1789323366938301000,28.171301025390626,8.213983535766602,-4.220644474029541,-3.2995476722717285
1789323366957151700,28.19015185546875,8.000123977661133,-4.542658805847168,-3.395977020263672
1789323366976002300,28.209002197265626,7.762747287750244,-4.896073818206787,-3.4552299976348877
1789323366994853000,28.22785302734375,7.503415107727051,-5.272337436676025,-3.474421262741089
1789323367013703700,28.24670361328125,7.224401473999023,-5.667499542236328,-3.443525552749634
1789323367032554500,28.265554443359374,6.9209208488464355,-6.07603645324707,-3.3694257736206055
1789323367051405000,28.284405029296874,6.620758533477783,-6.4745354652404785,-3.2274365425109863
1789323367070255600,28.303255615234374,6.314334392547607,-6.858989238739014,-3.042012929916382
1789323367089106400,28.3221064453125,5.99005651473999,-7.223742485046387,-2.8473074436187744
1789323367117382400,28.35038232421875,5.472321033477783,-7.726640701293945,-2.554037570953369
1789323367136233000,28.36923291015625,5.111583232879639,-8.02139949798584,-2.387312889099121
1789323367155083800,28.388083740234375,4.759199619293213,-8.27376651763916,-2.2505979537963867
1789323367173934300,28.406934326171875,4.449103355407715,-8.470881462097168,-2.1494274139404297
1789323367192785000,28.425784912109375,4.204453945159912,-8.605993270874023,-2.1047167778015137
1789323367211635700,28.4446357421875,4.035203456878662,-8.685534477233887,-2.109267473220825
1789323367230486300,28.463486328125,3.938676357269287,-8.726252555847168,-2.1236159801483154
1789323367249337000,28.482337158203126,3.9032270908355713,-8.736910820007324,-2.1451330184936523
1789323367268187600,28.501187744140626,3.9283528327941895,-8.715510368347168,-2.185938596725464
1789323367287038200,28.5200380859375,3.9921464920043945,-8.669533729553223,-2.2521824836730957
1789323367305889000,28.538888916015626,4.084475040435791,-8.604180335998535,-2.335710287094116
1789323367324739600,28.557739501953126,4.221779823303223,-8.51736831665039,-2.4086110591888428
1789323367343590100,28.576590087890626,4.4065842628479,-8.410934448242188,-2.451244354248047
1789323367362441000,28.59544091796875,4.607786178588867,-8.292688369750977,-2.4839494228363037
1789323367381291500,28.61429150390625,4.805088520050049,-8.167792320251465,-2.5236237049102783
1789323367400142000,28.63314208984375,4.9971771240234375,-8.037022590637207,-2.5699939727783203
1789323367418993000,28.651992919921874,5.2069597244262695,-7.8863701820373535,-2.619755506515503
1789323367437843500,28.670843505859374,5.43494176864624,-7.707961082458496,-2.6868438720703125
1789323367456694000,28.689694091796873,5.661722660064697,-7.509247779846191,-2.7796566486358643
1789323367475544800,28.708544921875,5.893378734588623,-7.289127826690674,-2.8822011947631836
1789323367494395400,28.7273955078125,6.149770259857178,-7.035060882568359,-2.976344585418701
1789323367513246000,28.746245849609377,6.427836894989014,-6.742629528045654,-3.064351797103882
1789323367532096800,28.7650966796875,6.698840618133545,-6.429444313049316,-3.1556568145751953
1789323367550947300,28.783947265625,6.962630271911621,-6.104356288909912,-3.229398727416992
1789323367569798000,28.8027978515625,7.227109909057617,-5.7585577964782715,-3.2830302715301514
1789323367588648700,28.821648681640625,7.482106685638428,-5.407073497772217,-3.309382915496826
1789323367607499300,28.840499267578124,7.738607883453369,-5.0607194900512695,-3.2670254707336426
1789323367626349800,28.859349853515624,7.9987077713012695,-4.711981296539307,-3.160426378250122
1789323367645200600,28.87820068359375,8.227733612060547,-4.373875617980957,-3.0567941665649414
1789323367664051200,28.89705126953125,8.400044441223145,-4.067930221557617,-3.0102481842041016
1789323367682901800,28.91590185546875,8.531311988830566,-3.8126137256622314,-2.975076198577881
1789323367701752600,28.934752685546876,8.629997253417969,-3.6226861476898193,-2.9274001121520996
1789323367720603100,28.95360302734375,8.689541816711426,-3.510882616043091,-2.887206792831421
1789323367739453700,28.97245361328125,8.716198921203613,-3.454404830932617,-2.8749513626098633
1789323367758304300,28.99130419921875,8.723118782043457,-3.43406343460083,-2.8783326148986816
1789323367786580200,29.019580322265625,8.69079875946045,-3.4806673526763916,-2.9198217391967773
1789323367805430800,29.0384306640625,8.631422996520996,-3.5746865272521973,-2.9817004203796387
1789323367852557600,29.0855576171875,8.317889213562012,-4.079470634460449,-3.2157468795776367
1789323367871408000,29.104408203125,8.118423461914062,-4.390782833099365,-3.3140029907226562
1789323367890258700,29.1232587890625,7.886660575866699,-4.735808372497559,-3.397512197494507
1789323367909109200,29.142109130859374,7.635275363922119,-5.10392427444458,-3.438446521759033
1789323367927960000,29.1609599609375,7.36342716217041,-5.489694118499756,-3.4370901584625244
1789323367946810600,29.179810546875,7.0727314949035645,-5.882560729980469,-3.397402048110962
1789323367965661200,29.1986611328125,6.776027202606201,-6.274791717529297,-3.2989110946655273
1789323367984511700,29.21751171875,6.490560531616211,-6.654206275939941,-3.1248276233673096
1789323368003362300,29.2363623046875,6.193934917449951,-7.024184703826904,-2.9097039699554443
1789323368022213000,29.255213134765626,5.880049705505371,-7.3730878829956055,-2.689417839050293
1789323368041063700,29.274063720703126,5.540900230407715,-7.7016425132751465,-2.4806272983551025
1789323368059914200,29.292914306640625,5.192927360534668,-7.995638847351074,-2.2964417934417725
1789323368078764800,29.311764892578125,4.860878944396973,-8.240056037902832,-2.1549272537231445
1789323368097615400,29.330615478515625,4.5684356689453125,-8.427156448364258,-2.06949782371521
1789323368116466200,29.349466064453125,4.3350510597229,-8.562631607055664,-2.0147106647491455
1789323368135316700,29.368316650390625,4.161700248718262,-8.657217979431152,-1.9756567478179932
1789323368154167300,29.387167236328125,4.0576300621032715,-8.707174301147461,-1.9725978374481201
1789323368173017900,29.406017822265625,4.022886276245117,-8.71550178527832,-2.0066909790039062
1789323368191868400,29.424868408203125,4.042945384979248,-8.694035530090332,-2.058817148208618
1789323368210719200,29.44371923828125,4.1185712814331055,-8.64498519897461,-2.1147074699401855
1789323368229569800,29.46256982421875,4.245733737945557,-8.57116413116455,-2.1631641387939453
1789323368248420400,29.48142041015625,4.407892227172852,-8.475735664367676,-2.2142210006713867
1789323368267271000,29.50027099609375,4.585526466369629,-8.365060806274414,-2.273564100265503
1789323368286121500,29.51912158203125,4.768383979797363,-8.2471284866333,-2.327606439590454
1789323368304972000,29.537971923828124,4.958183765411377,-8.12198257446289,-2.3706934452056885
1789323368323822600,29.556822509765624,5.169023513793945,-7.977794647216797,-2.409641981124878
1789323368342673400,29.57567333984375,5.388147354125977,-7.813812732696533,-2.4662892818450928
1789323368361524000,29.59452392578125,5.6039910316467285,-7.634987831115723,-2.5441343784332275
1789323368380374500,29.61337451171875,5.842331886291504,-7.428181171417236,-2.6190972328186035
1789323368399225000,29.63222509765625,6.1079511642456055,-7.182125568389893,-2.698219060897827
1789323368418075600,29.65107568359375,6.3685712814331055,-6.915281295776367,-2.7911605834960938
1789323368436926200,29.66992626953125,6.6186203956604,-6.636573314666748,-2.8844642639160156
1789323368455776800,29.68877685546875,6.879289150238037,-6.3296613693237305,-2.963301420211792
1789323368474627300,29.70762744140625,7.138430118560791,-6.005130767822266,-3.025160789489746
1789323368493478100,29.72647802734375,7.378866195678711,-5.684336185455322,-3.0677433013916016
1789323368512328700,29.74532861328125,7.6124396324157715,-5.358556747436523,-3.0833442211151123
1789323368531179300,29.76417919921875,7.8581953048706055,-5.024302005767822,-3.029114246368408
1789323368550029800,29.78302978515625,8.103645324707031,-4.686482906341553,-2.9220190048217773
1789323368568880400,29.80188037109375,8.31530475616455,-4.359191417694092,-2.8325867652893066
1789323368587731000,29.82073095703125,8.47677993774414,-4.061985492706299,-2.7955057621002197
1789323368606581500,29.83958154296875,8.601224899291992,-3.8159570693969727,-2.761847496032715
1789323368625432000,29.85843212890625,8.700382232666016,-3.618412733078003,-2.7167673110961914
1789323368644282600,29.87728271484375,8.76691722869873,-3.4838449954986572,-2.678502321243286
1789323368663133200,29.89613330078125,8.806764602661133,-3.4014766216278076,-2.653531312942505
1789323368681984000,29.91498388671875,8.820850372314453,-3.3660194873809814,-2.6519598960876465
1789323368700834600,29.93383447265625,8.811750411987305,-3.3805854320526123,-2.6636598110198975
1789323368719685000,29.95268505859375,8.7727632522583,-3.458193778991699,-2.69256591796875
1789323368738535700,29.97153564453125,8.695637702941895,-3.5944724082946777,-2.7633397579193115
1789323368757386200,29.99038623046875,8.579161643981934,-3.787381410598755,-2.8677690029144287
1789323368776236800,30.00923681640625,8.416950225830078,-4.050995349884033,-2.98576021194458
1789323368795087400,30.02808740234375,8.214766502380371,-4.371284484863281,-3.0951359272003174
1789323368813938000,30.04693798828125,7.982895851135254,-4.716435432434082,-3.1935877799987793
1789323368832788500,30.06578857421875,7.728581428527832,-5.082785606384277,-3.256488800048828
1789323368851639000,30.08463916015625,7.461442947387695,-5.462776184082031,-3.264251947402954
1789323368870489600,30.103489501953124,7.176352500915527,-5.848306179046631,-3.235377550125122
1789323368889340200,30.122340087890624,6.878708839416504,-6.236639499664307,-3.1556434631347656
1789323368908190700,30.141190673828124,6.570118427276611,-6.63087272644043,-3.005906105041504
1789323368927041300,30.160041259765624,6.243871212005615,-7.025716781616211,-2.7970964908599854
1789323368945891800,30.178891845703124,5.89751672744751,-7.400085926055908,-2.5745699405670166
1789323368964742400,30.197742431640624,5.532890319824219,-7.73991584777832,-2.377225399017334
1789323368983593000,30.216593017578123,5.164315223693848,-8.033841133117676,-2.226574420928955
1789323369002443500,30.235443603515623,4.82926607131958,-8.26718807220459,-2.121833086013794
1789323369021294000,30.254294189453127,4.551279067993164,-8.438369750976562,-2.061591625213623
1789323369040144600,30.27314453125,4.329429626464844,-8.55617618560791,-2.0538456439971924
1789323369058995200,30.2919951171875,4.162144184112549,-8.633268356323242,-2.0769290924072266
1789323369077845800,30.310845703125,4.054421424865723,-8.67449951171875,-2.1178083419799805
1789323369096696300,30.3296962890625,3.997803211212158,-8.687173843383789,-2.172778606414795
1789323369115547000,30.348546875,3.9909160137176514,-8.676732063293457,-2.2265028953552246
1789323369134397400,30.3673974609375,4.044333457946777,-8.637639999389648,-2.2814321517944336
1789323369153248000,30.386248046875,4.1554670333862305,-8.567118644714355,-2.346689224243164
1789323369172098600,30.4050986328125,4.311913013458252,-8.473630905151367,-2.4031999111175537
1789323369190949000,30.42394921875,4.490158557891846,-8.365966796875,-2.453460454940796
1789323369209799700,30.442799560546874,4.680957794189453,-8.247091293334961,-2.4989004135131836
1789323369228650200,30.461650146484374,4.874574661254883,-8.118111610412598,-2.5505239963531494
1789323369247500800,30.480500732421874,5.067152500152588,-7.980718612670898,-2.608159065246582
1789323369266351400,30.499351318359373,5.272247314453125,-7.82736873626709,-2.6657261848449707
1789323369285202000,30.518201904296873,5.505435943603516,-7.643578052520752,-2.726954698562622
1789323369304052500,30.537052490234377,5.7464280128479,-7.43291711807251,-2.8108201026916504
1789323369322903000,30.555903076171877,5.982784271240234,-7.205592632293701,-2.9079411029815674
1789323369341753600,30.574753662109377,6.215409755706787,-6.963541507720947,-3.0080158710479736
1789323369360604200,30.593604248046876,6.4533820152282715,-6.6990532875061035,-3.105952501296997
1789323369379454700,30.612454833984376,6.7063703536987305,-6.407858371734619,-3.1834492683410645
1789323369398305300,30.63130517578125,6.9687628746032715,-6.087374210357666,-3.2481696605682373
1789323369417155800,30.65015576171875,7.227402210235596,-5.745660305023193,-3.3049094676971436
1789323369436006400,30.66900634765625,7.482710361480713,-5.4019060134887695,-3.3164496421813965
1789323369454856700,30.687856689453124,7.748413562774658,-5.057173728942871,-3.2492268085479736
1789323369473707500,30.70670751953125,8.006549835205078,-4.71193790435791,-3.1405723094940186
1789323369492557800,30.725557861328124,8.21838665008545,-4.376534461975098,-3.0780599117279053
1789323369511408400,30.744408447265624,8.369680404663086,-4.095317840576172,-3.0573208332061768
1789323369530259000,30.763259033203123,8.470548629760742,-3.883277177810669,-3.056199789047241
1789323369549109500,30.782109619140623,8.551947593688965,-3.705181360244751,-3.0506091117858887
1789323369567960000,30.8009599609375,8.614280700683594,-3.5613861083984375,-3.0464844703674316
1789323369586810600,30.819810546875,8.647812843322754,-3.480134963989258,-3.0453858375549316
1789323369605661200,30.8386611328125,8.656579971313477,-3.4598865509033203,-3.043549060821533
1789323369624511700,30.85751171875,8.63651180267334,-3.496786594390869,-3.0583558082580566
1789323369643362300,30.8763623046875,8.586788177490234,-3.5895044803619385,-3.090778350830078
1789323369662212600,30.895212646484374,8.497920036315918,-3.7379984855651855,-3.1596055030822754
1789323369681063200,30.914063232421874,8.37118148803711,-3.9442033767700195,-3.2460668087005615
1789323369699913700,30.932913818359374,8.206704139709473,-4.205905914306641,-3.3362770080566406
1789323369718764300,30.951764404296874,8.012598037719727,-4.508525848388672,-3.4120147228240967
1789323369737614800,30.97061474609375,7.806148529052734,-4.833067417144775,-3.446141004562378
1789323369756465400,30.98946533203125,7.581180095672607,-5.173069477081299,-3.45477294921875
1789323369775316000,31.00831591796875,7.342076301574707,-5.52498197555542,-3.426204204559326
1789323369794166500,31.02716650390625,7.085623264312744,-5.879326343536377,-3.376070022583008
1789323369813016800,31.046016845703125,6.814690589904785,-6.241762638092041,-3.281885862350464
1789323369831867400,31.064867431640625,6.551666736602783,-6.606510639190674,-3.0983970165252686
1789323369850718000,31.083718017578125,6.288662433624268,-6.959003448486328,-2.8627567291259766
1789323369869568500,31.102568603515625,5.985011577606201,-7.303753852844238,-2.646732807159424
1789323369888419000,31.121419189453125,5.654041290283203,-7.621784210205078,-2.4719655513763428
1789323369907269600,31.14026953125,5.337333679199219,-7.895707607269287,-2.3110744953155518
1789323369926120000,31.159119873046876,5.034780502319336,-8.131505012512207,-2.1679465770721436
1789323369944970500,31.177970458984376,4.745694637298584,-8.324779510498047,-2.08490252494812
1789323369963821000,31.196821044921876,4.523840427398682,-8.45748519897461,-2.0435774326324463
1789323369982671600,31.215671630859376,4.368050575256348,-8.541346549987793,-2.033701181411743
1789323370001522200,31.234522216796876,4.272637367248535,-8.585163116455078,-2.0518128871917725
1789323370020372700,31.253372802734376,4.243756294250488,-8.594799995422363,-2.071315050125122
1789323370039223300,31.272223388671875,4.260272979736328,-8.577261924743652,-2.1097469329833984
1789323370058073600,31.291073486328123,4.342478275299072,-8.522052764892578,-2.165153980255127
1789323370076924200,31.309924072265623,4.4915242195129395,-8.437031745910645,-2.193876266479492
1789323370095774700,31.328774658203123,4.6508564949035645,-8.347312927246094,-2.205059051513672
1789323370114625500,31.34762548828125,4.809945106506348,-8.255645751953125,-2.2088725566864014
1789323370133475800,31.366475830078127,4.971610069274902,-8.149476051330566,-2.2448880672454834
1789323370152326400,31.385326416015626,5.1483330726623535,-8.020045280456543,-2.3116965293884277
1789323370171177000,31.404177001953126,5.341765403747559,-7.871436595916748,-2.3825228214263916
1789323370190027500,31.423027587890626,5.528440952301025,-7.723440170288086,-2.4403305053710938
1789323370208878000,31.441878173828126,5.709321022033691,-7.573650360107422,-2.492763042449951
1789323370227728400,31.460728271484374,5.9027838706970215,-7.40437126159668,-2.550060987472534
1789323370246579000,31.479578857421874,6.109365940093994,-7.211263179779053,-2.616051197052002
1789323370265429500,31.498429443359374,6.293209552764893,-7.021503448486328,-2.6952524185180664
1789323370284280000,31.517280029296874,6.455794334411621,-6.8404860496521,-2.77504563331604
1789323370303130400,31.53613037109375,6.6599249839782715,-6.6205949783325195,-2.825509548187256
1789323370321981000,31.55498095703125,6.919672966003418,-6.356690883636475,-2.80731201171875
1789323370340831500,31.57383154296875,7.165957927703857,-6.097138404846191,-2.764841318130493
1789323370359682000,31.59268212890625,7.400478839874268,-5.821713924407959,-2.7406094074249268
1789323370378532600,31.61153271484375,7.661693572998047,-5.513608455657959,-2.658752679824829
1789323370397383000,31.6303828125,7.945594310760498,-5.1291913986206055,-2.5940918922424316
1789323370416233500,31.6492333984375,8.218709945678711,-4.6705641746521,-2.6094110012054443
1789323370435084000,31.668083984375,8.397796630859375,-4.286745071411133,-2.6965160369873047
1789323370453934300,31.686934326171876,8.499017715454102,-4.005825519561768,-2.808993101119995
1789323370472785000,31.705784912109376,8.58635139465332,-3.785862684249878,-2.848191261291504
1789323370491635500,31.724635498046876,8.707780838012695,-3.5525965690612793,-2.779205799102783
1789323370510486000,31.743486083984376,8.774395942687988,-3.4251344203948975,-2.7292544841766357
1789323370529336300,31.76233642578125,8.784098625183105,-3.4079954624176025,-2.7194793224334717
1789323370548187000,31.781186767578124,8.749070167541504,-3.4694266319274902,-2.754490375518799
1789323370567037400,31.800037353515624,8.680398941040039,-3.5766470432281494,-2.833486557006836
1789323370585888000,31.818887939453123,8.588356971740723,-3.7092816829681396,-2.9413857460021973
1789323370614163700,31.847163818359373,8.419254302978516,-3.9657509326934814,-3.0918219089508057
1789323370633014000,31.866013916015625,8.279708862304688,-4.195566654205322,-3.1644954681396484
1789323370651864600,31.884864501953125,8.11046028137207,-4.473710060119629,-3.221292495727539
1789323370670715100,31.903715087890625,7.916332721710205,-4.78839111328125,-3.251671314239502
1789323370689565400,31.9225654296875,7.695443153381348,-5.139039516448975,-3.246664047241211
1789323370708416000,31.941416015625,7.454445838928223,-5.506921291351318,-3.2055325508117676
1789323370727266600,31.9602666015625,7.180721282958984,-5.887497901916504,-3.1535677909851074
1789323370746116900,31.979116943359376,6.8756232261657715,-6.267756938934326,-3.100226879119873
1789323370764967400,31.997967529296876,6.5664167404174805,-6.634612083435059,-3.0057413578033447
1789323370783818000,32.01681787109375,6.230386734008789,-7.009824752807617,-2.86618709564209
1789323370802668500,32.03566845703125,5.9036149978637695,-7.36419153213501,-2.6620309352874756
1789323370821518800,32.05451879882813,5.56781005859375,-7.691233158111572,-2.4525129795074463
1789323370849794600,32.08279467773438,5.066086769104004,-8.100690841674805,-2.209967851638794
1789323370868645000,32.10164501953125,4.77523136138916,-8.31084156036377,-2.073029041290283
1789323370887495700,32.12049560546875,4.534157752990723,-8.467738151550293,-1.977168083190918
1789323370906346000,32.139345947265625,4.337459087371826,-8.578304290771484,-1.9415283203125
1789323370925196500,32.158196533203125,4.187223434448242,-8.651426315307617,-1.9468889236450195
1789323370944046800,32.177046875,4.09375524520874,-8.689884185791016,-1.9742014408111572
1789323370962897400,32.1958974609375,4.053569316864014,-8.698373794555664,-2.019218683242798
1789323370981748000,32.214748046875,4.075260639190674,-8.67583179473877,-2.071855306625366
1789323371000598300,32.23359838867187,4.156259059906006,-8.625850677490234,-2.1191022396087646
1789323371019448800,32.25244873046875,4.283915996551514,-8.552350044250488,-2.1623473167419434
1789323371038299400,32.27129931640625,4.442049503326416,-8.457155227661133,-2.2170066833496094
1789323371057149700,32.29014965820313,4.616856575012207,-8.342758178710938,-2.292031764984131
1789323371076000300,32.30900024414063,4.7977423667907715,-8.218507766723633,-2.3681600093841553
1789323371094850600,32.3278505859375,4.994027137756348,-8.087701797485352,-2.4122910499572754
1789323371113701000,32.346701171875,5.196420669555664,-7.946510314941406,-2.453686475753784
1789323371132551700,32.3655517578125,5.401967525482178,-7.792231559753418,-2.5040509700775146
1789323371151402000,32.384402099609375,5.609374046325684,-7.625698089599609,-2.560086250305176
1789323371170252500,32.40325244140625,5.822398662567139,-7.438868045806885,-2.6331160068511963
1789323371189103000,32.42210302734375,6.04725456237793,-7.220313549041748,-2.732797622680664
1789323371207953400,32.44095336914062,6.283253192901611,-6.970212459564209,-2.8473246097564697
1789323371226804000,32.45980395507812,6.519636154174805,-6.699524879455566,-2.9632906913757324
1789323371245654300,32.478654296875,6.760255336761475,-6.4115891456604,-3.059551239013672
1789323371264504800,32.4975048828125,7.007169246673584,-6.099999904632568,-3.14005970954895
1789323371283355100,32.51635522460938,7.2514801025390625,-5.768972396850586,-3.21020245552063
1789323371302205700,32.53520581054688,7.494964599609375,-5.430826187133789,-3.2406811714172363
1789323371321056300,32.55405615234375,7.748359680175781,-5.090863227844238,-3.19631290435791
1789323371339906600,32.572906494140625,7.9907450675964355,-4.766158580780029,-3.0987284183502197
1789323371358757000,32.591757080078125,8.188664436340332,-4.460946083068848,-3.0358052253723145
1789323371377607400,32.610607421875,8.33803653717041,-4.181241512298584,-3.0273349285125732
1789323371396458000,32.6294580078125,8.447622299194336,-3.9470484256744385,-3.037907838821411
1789323371415308500,32.64830859375,8.521753311157227,-3.7704694271087646,-3.055105447769165
1789323371434158800,32.66715893554687,8.580785751342773,-3.632847309112549,-3.0566186904907227
1789323371453009400,32.68600952148437,8.61655330657959,-3.550509214401245,-3.052748203277588
1789323371471859700,32.70485961914063,8.625428199768066,-3.5196611881256104,-3.06339168548584
1789323371490710300,32.72371020507813,8.614425659179688,-3.528434991836548,-3.0841875076293945
1789323371509560800,32.74256079101563,8.583393096923828,-3.582162857055664,-3.108675241470337
1789323371528411100,32.7614111328125,8.525317192077637,-3.678537607192993,-3.1555850505828857
1789323371547261700,32.78026171875,8.429861068725586,-3.827777862548828,-3.233564853668213
1789323371566112000,32.799112060546875,8.299607276916504,-4.032433986663818,-3.320600748062134
1789323371584962600,32.817962646484375,8.140914916992188,-4.2804107666015625,-3.402055501937866
1789323371603812900,32.83681274414062,7.958648204803467,-4.560267448425293,-3.4690418243408203
1789323371622663400,32.85566333007812,7.741302490234375,-4.878575801849365,-3.527336835861206
1789323371641513700,32.874513671875,7.4998979568481445,-5.226107597351074,-3.551017999649048
1789323371660364300,32.8933642578125,7.244207859039307,-5.590409278869629,-3.5269196033477783
1789323371679214600,32.91221459960938,6.968111515045166,-5.969769477844238,-3.460876703262329
1789323371698065200,32.93106518554688,6.686026573181152,-6.3449625968933105,-3.3479676246643066
1789323371716915500,32.94991552734375,6.40165901184082,-6.708010196685791,-3.192451238632202
1789323371735766000,32.96876611328125,6.103604316711426,-7.063517093658447,-3.0038504600524902
1789323371754616300,32.9876162109375,5.795652866363525,-7.397937297821045,-2.8020198345184326
1789323371773467000,33.006466796875,5.474958419799805,-7.705892562866211,-2.6104507446289062
1789323371792317400,33.0253173828125,5.153406620025635,-7.977660179138184,-2.443300724029541
1789323371811167700,33.04416772460937,4.847107887268066,-8.205402374267578,-2.312424659729004
1789323371830018300,33.06301831054687,4.5689191818237305,-8.388259887695312,-2.2209203243255615
1789323371848868600,33.08186865234375,4.325672626495361,-8.527839660644531,-2.1759839057922363
1789323371867719200,33.10071923828125,4.137852668762207,-8.624031066894531,-2.1620936393737793
1789323371886569500,33.11956958007813,4.018206596374512,-8.679301261901855,-2.166590929031372
1789323371905420000,33.138419921875,3.959355354309082,-8.701896667480469,-2.184239387512207
1789323371924270300,33.157270263671876,3.962073802947998,-8.693617820739746,-2.2120931148529053
1789323371943121000,33.176120849609376,4.0170183181762695,-8.654940605163574,-2.2640554904937744
1789323371961971200,33.19497119140625,4.11062479019165,-8.591537475585938,-2.3363707065582275
1789323371980821800,33.21382177734375,4.243588924407959,-8.50791072845459,-2.4037046432495117
1789323371999672000,33.232672119140624,4.410621166229248,-8.407525062561035,-2.4556734561920166
1789323372018522600,33.25152270507812,4.600666522979736,-8.294607162475586,-2.490732431411743
1789323372037373000,33.270373046875,4.782110691070557,-8.176732063293457,-2.5382797718048096
1789323372056223500,33.28922338867188,4.955734729766846,-8.053681373596191,-2.597940683364868
1789323372075073800,33.30807373046875,5.135634899139404,-7.922277927398682,-2.6520068645477295
1789323372093924000,33.326924072265626,5.3389363288879395,-7.768357753753662,-2.7053184509277344
1789323372112774700,33.345774658203126,5.563624382019043,-7.580032825469971,-2.7856016159057617
1789323372131625000,33.364625,5.800335884094238,-7.362918376922607,-2.8833870887756348
1789323372150475500,33.3834755859375,6.048872947692871,-7.119739532470703,-2.981750965118408
1789323372169325800,33.402325927734374,6.312224388122559,-6.843240261077881,-3.0816025733947754
1789323372188176400,33.42117626953125,6.585631370544434,-6.528891563415527,-3.189579486846924
1789323372207026700,33.44002661132812,6.857494354248047,-6.18875789642334,-3.2930891513824463
1789323372225877200,33.45887719726562,7.131998538970947,-5.8362531661987305,-3.353076934814453
1789323372244727600,33.4777275390625,7.408409595489502,-5.491180896759033,-3.3365836143493652
1789323372263578000,33.496578125,7.670732498168945,-5.165463924407959,-3.263160467147827
1789323372282428400,33.51542846679688,7.898898601531982,-4.857898235321045,-3.190394401550293
1789323372301278700,33.53427880859375,8.096891403198242,-4.555258750915527,-3.140120267868042
1789323372329554400,33.562554443359375,8.321352005004883,-4.134638786315918,-3.1353225708007812
1789323372348405000,33.581405029296874,8.426290512084961,-3.903041124343872,-3.151870012283325
1789323372367255300,33.60025537109375,8.511067390441895,-3.7017056941986084,-3.166938543319702
1789323372386105900,33.61910595703125,8.582443237304688,-3.539381504058838,-3.159878969192505
1789323372404956200,33.6379560546875,8.625844955444336,-3.434429168701172,-3.157510995864868
1789323372423806500,33.65680639648438,8.641650199890137,-3.3877146244049072,-3.16475248336792
1789323372442657000,33.67565698242188,8.629182815551758,-3.3993241786956787,-3.186250686645508
1789323372461507300,33.69450732421875,8.588138580322266,-3.47818660736084,-3.211927652359009
1789323372480358000,33.71335791015625,8.512413024902344,-3.610853672027588,-3.266641139984131
1789323372499208200,33.732208251953125,8.405896186828613,-3.7873737812042236,-3.3417203426361084
1789323372518058800,33.751058837890625,8.269548416137695,-4.0079827308654785,-3.4235970973968506
1789323372536909000,33.76990893554687,8.095281600952148,-4.277784824371338,-3.512458086013794
1789323372555759400,33.78875927734375,7.895654678344727,-4.5845770835876465,-3.57920241355896
1789323372574610000,33.80760986328125,7.659126281738281,-4.932750225067139,-3.629897117614746
1789323372593460200,33.82646020507813,7.403104305267334,-5.305404186248779,-3.6355347633361816
1789323372612310800,33.84531079101563,7.171767711639404,-5.663721084594727,-3.5578651428222656
1789323372631161000,33.8641611328125,6.905988693237305,-6.03557825088501,-3.4712412357330322
1789323372650011400,33.883011474609376,6.6273980140686035,-6.402745723724365,-3.3545219898223877
1789323372668862000,33.901862060546875,6.320281982421875,-6.776276111602783,-3.2103755474090576
1789323372687712300,33.92071215820312,5.99223518371582,-7.144545078277588,-3.0362789630889893
1789323372715988000,33.94898803710937,5.467660903930664,-7.667159080505371,-2.7367401123046875
1789323372734838300,33.96783837890625,5.093769550323486,-7.987879276275635,-2.5333142280578613
1789323372753688800,33.98668872070313,4.740047931671143,-8.248064994812012,-2.381547212600708
1789323372772539100,34.0055390625,4.451803684234619,-8.431349754333496,-2.294377565383911
1789323372791389400,34.024389404296876,4.227020263671875,-8.554993629455566,-2.261580228805542
1789323372810240000,34.043239990234376,4.0501251220703125,-8.634820938110352,-2.2818307876586914
1789323372829090300,34.06209033203125,3.932624101638794,-8.682433128356934,-2.30655837059021
1789323372847940600,34.080940673828124,3.8819334506988525,-8.699092864990234,-2.329542398452759
1789323372866791200,34.099791259765624,3.8901634216308594,-8.686136245727539,-2.363903284072876
1789323372885641500,34.11864135742187,3.9467103481292725,-8.647886276245117,-2.409965753555298
1789323372904492000,34.13749194335937,4.038008213043213,-8.58920669555664,-2.4678759574890137
1789323372923342300,34.15634228515625,4.169859886169434,-8.513930320739746,-2.509110450744629
1789323372942192600,34.17519262695313,4.322394371032715,-8.425373077392578,-2.549586534500122
1789323372961043000,34.19404296875,4.491033554077148,-8.320024490356445,-2.6034953594207764
1789323372979893500,34.2128935546875,4.665396213531494,-8.204042434692383,-2.6642379760742188
1789323372998743800,34.231743896484375,4.843483924865723,-8.078516960144043,-2.7292182445526123
1789323373017594400,34.250594482421874,5.019383907318115,-7.946084976196289,-2.79927134513855
1789323373036444700,34.26944458007812,5.196678638458252,-7.799187183380127,-2.8874905109405518
1789323373055295000,34.288294921875,5.391084671020508,-7.629785060882568,-2.9821090698242188
1789323373074145300,34.30714526367188,5.57783842086792,-7.476731300354004,-3.0259861946105957
1789323373092995800,34.32599584960938,5.792200088500977,-7.293987274169922,-3.068964719772339
1789323373111846100,34.34484619140625,6.046884059906006,-7.057826995849609,-3.129321575164795
1789323373130696400,34.363696533203125,6.313710689544678,-6.768988609313965,-3.238556385040283
1789323373149547000,34.382547119140625,6.579355239868164,-6.462014675140381,-3.3353915214538574
1789323373168397300,34.40139721679687,6.829164981842041,-6.152523517608643,-3.4175069332122803
1789323373206098200,34.43909814453125,7.356922149658203,-5.455925941467285,-3.504133462905884
1789323373224948500,34.45794848632813,7.607810020446777,-5.122413635253906,-3.471670389175415
1789323373243798800,34.476798828125,7.841230392456055,-4.790913105010986,-3.4252922534942627
1789323373272074500,34.505074462890626,8.10839557647705,-4.339892864227295,-3.4043567180633545
1789323373290924800,34.5239248046875,8.25639533996582,-4.0580315589904785,-3.3962786197662354
1789323373309775000,34.542775146484374,8.370512962341309,-3.8262813091278076,-3.385922908782959
1789323373328625700,34.561625732421874,8.435997009277344,-3.678800106048584,-3.3868520259857178
1789323373347476000,34.58047607421875,8.469067573547363,-3.593855857849121,-3.3955085277557373
1789323373366326300,34.599326171875,8.499041557312012,-3.506192684173584,-3.412226676940918
1789323373385176600,34.61817651367188,8.505553245544434,-3.4491822719573975,-3.4538538455963135
1789323373404027100,34.63702709960938,8.487272262573242,-3.4665353298187256,-3.4813408851623535
1789323373422877400,34.65587744140625,8.440044403076172,-3.5641865730285645,-3.497514247894287
1789323373441727700,34.674727783203124,8.367475509643555,-3.714045763015747,-3.5159077644348145
1789323373460578300,34.693578369140624,8.256185531616211,-3.918760061264038,-3.5565576553344727
1789323373479428600,34.7124287109375,8.1144437789917,-4.175643444061279,-3.590290069580078
1789323373498279000,34.73127880859375,7.951622009277344,-4.466061592102051,-3.605051279067993
1789323373526554600,34.7595546875,7.641627788543701,-4.997485637664795,-3.5778560638427734
1789323373545405000,34.77840502929688,7.392746925354004,-5.3956298828125,-3.522052049636841
1789323373564255200,34.797255126953125,7.110547065734863,-5.8276047706604,-3.413140058517456
1789323373583105500,34.81610546875,6.785030364990234,-6.2827277183532715,-3.265132188796997
1789323373601956000,34.8349560546875,6.447859287261963,-6.716281414031982,-3.080106735229492
1789323373620806400,34.85380639648437,6.079777717590332,-7.124094009399414,-2.907571315765381
1789323373639656700,34.87265673828125,5.705132007598877,-7.500067234039307,-2.7149291038513184
1789323373658507000,34.89150708007813,5.414495944976807,-7.810278415679932,-2.419329881668091
1789323373677357300,34.910357421875,5.1058125495910645,-8.084811210632324,-2.176441192626953
1789323373696208000,34.929207763671876,4.758723735809326,-8.332967758178711,-2.02152943611145
1789323373715058200,34.94805810546875,4.418459415435791,-8.533806800842285,-1.9549293518066406
1789323373733908500,34.966908447265624,4.12082576751709,-8.670083045959473,-2.004704475402832
1789323373752758800,34.9857587890625,3.8402812480926514,-8.756427764892578,-2.178900718688965
1789323373771609300,35.004609375,3.6054389476776123,-8.791278839111328,-2.425823211669922
1789323373790459600,35.02345971679687,3.476808547973633,-8.755565643310547,-2.7243828773498535
1789323373809310000,35.04231005859375,3.3574228286743164,-8.709640502929688,-3.006704568862915
1789323373828160300,35.06116015625,3.300137996673584,-8.643970489501953,-3.2498066425323486
1789323373847010600,35.080010498046875,3.4198129177093506,-8.506359100341797,-3.4809646606445312
1789323373865861000,35.098861083984374,3.745781898498535,-8.222293853759766,-3.8122670650482178
1789323373884711400,35.11771142578125,4.110237121582031,-7.921619892120361,-4.065005779266357
1789323373903561700,35.13656176757812,4.423089504241943,-7.676065921783447,-4.205315113067627
1789323373922412000,35.155412109375,4.757506370544434,-7.408046722412109,-4.3194169998168945
1789323373941262300,35.17426245117188,5.087398052215576,-7.107768535614014,-4.446166038513184
1789323373960113000,35.19311279296875,5.246668815612793,-6.883798122406006,-4.610440254211426
1789323373978963200,35.211963134765625,5.29929256439209,-6.759819507598877,-4.732094764709473
1789323373997813500,35.2308134765625,5.204791069030762,-6.803061008453369,-4.774818420410156
1789323374016663800,35.24966381835937,5.013082504272461,-6.9261698722839355,-4.802870273590088
1789323374035514000,35.26851416015625,4.919531345367432,-7.000146389007568,-4.792342662811279
1789323374054364700,35.28736474609375,4.923919200897217,-7.036794185638428,-4.7338080406188965
1789323374073215000,35.30621508789063,4.603364944458008,-6.978974342346191,-5.125753402709961
1789323374092065300,35.325065185546876,4.489429950714111,-6.80414342880249,-5.451516628265381
1789323374110915600,35.34391552734375,4.693161487579346,-6.563751697540283,-5.57330846786499
1789323374129766000,35.362765869140624,4.922421455383301,-6.233578681945801,-5.75175142288208
1789323374148616200,35.3816162109375,5.126976013183594,-5.942067623138428,-5.880166053771973
1789323374167466500,35.40046655273437,5.466468334197998,-5.8334479331970215,-5.679699420928955
1789323374186317000,35.41931713867187,6.107412338256836,-5.747608184814453,-5.082803726196289
1789323374205167400,35.43816748046875,6.941799163818359,-5.473046779632568,-4.245887756347656
1789323374224017700,35.457017578125,7.7032880783081055,-5.019669532775879,-3.4106674194335938
1789323374242868000,35.475867919921875,8.282235145568848,-4.513766765594482,-2.6834466457366943
1789323374261718300,35.49471826171875,8.699042320251465,-4.034989356994629,-2.053271532058716
1789323374280568600,35.51356860351562,9.02640438079834,-3.5389106273651123,-1.4732675552368164
1789323374299419000,35.5324189453125,9.264365196228027,-3.0575830936431885,-0.9965531229972839
1789323374318269200,35.55126928710938,9.426387786865234,-2.556267499923706,-0.882655143737793
1789323374337119700,35.57011962890625,9.570197105407715,-1.9637415409088135,-0.8517224192619324
1789323374355970000,35.588969970703126,9.68260669708252,-1.326867938041687,-0.8105105757713318
1789323374374820400,35.6078203125,9.742295265197754,-0.6625219583511353,-0.9050623178482056
1789323374393670700,35.62667065429687,9.744953155517578,-0.0053849294781684875,-1.0982913970947266
1789323374412521000,35.64552099609375,9.721268653869629,0.6322704553604126,-1.125856637954712
1789323374431371300,35.66437133789063,9.693831443786621,1.1638931035995483,-0.9194476008415222
1789323374450221600,35.6832216796875,9.653769493103027,1.5195209980010986,-0.816198468208313
1789323374469072000,35.70207177734375,9.611856460571289,1.7939863204956055,-0.7511321306228638
1789323374487922200,35.720922119140624,9.583136558532715,1.9813977479934692,-0.6387065649032593
1789323374506772500,35.7397724609375,9.559138298034668,2.134417772293091,-0.48736247420310974
1789323374525623000,35.758623046875,9.519439697265625,2.2977066040039062,-0.5207563042640686
1789323374544473300,35.77747338867187,9.49556827545166,2.368180513381958,-0.629514217376709
1789323374563323600,35.79632373046875,9.491425514221191,2.337230920791626,-0.7877682447433472
1789323374582174000,35.81517407226563,9.493300437927246,2.261747360229492,-0.9654710292816162
1789323374601024300,35.834024169921875,9.497056007385254,2.220379114151001,-1.022853970527649
1789323374619874600,35.85287451171875,9.49421501159668,2.221088171005249,-1.0473902225494385
1789323374638724900,35.87172485351562,9.474088668823242,2.2873122692108154,-1.0863786935806274
1789323374657575200,35.8905751953125,9.444514274597168,2.3938677310943604,-1.1139758825302124
1789323374676425500,35.90942553710938,9.432903289794922,2.486889123916626,-1.0030460357666016
1789323374695275800,35.92827587890625,9.423450469970703,2.5754172801971436,-0.8580182194709778
1789323374714126000,35.9471259765625,9.40933895111084,2.6487319469451904,-0.7867302894592285
1789323374732976400,35.965976318359374,9.402973175048828,2.6831421852111816,-0.7451307773590088
1789323374770677000,36.00367700195312,9.3845796585083,2.793785572052002,-0.5429646372795105
1789323374789527300,36.02252734375,9.374395370483398,2.8319504261016846,-0.5207308530807495
1789323374808377600,36.04137768554688,9.371855735778809,2.8314990997314453,-0.5668520331382751
1789323374827228000,36.060227783203125,9.374122619628906,2.798046827316284,-0.6834886074066162
1789323374846078200,36.079078125,9.376163482666016,2.7512195110321045,-0.8298922181129456
1789323374874353700,36.10735375976562,9.366951942443848,2.6591403484344482,-1.1660053730010986
1789323374893204200,36.12620434570312,9.328941345214844,2.56708025932312,-1.597291111946106
1789323374912054500,36.14505444335938,9.30324649810791,2.4857161045074463,-1.8550506830215454
1789323374940330000,36.173330078125,9.405524253845215,2.290134906768799,-1.5690035820007324
1789323374959180300,36.19218017578125,9.508648872375488,2.104452610015869,-1.1520664691925049
1789323374978030600,36.21103051757812,9.586993217468262,1.933457374572754,-0.7222850918769836
1789323374996881000,36.229880859375,9.633563995361328,1.7881464958190918,-0.40909314155578613
1789323375015731200,36.24873120117188,9.657163619995117,1.6963211297988892,-0.17904460430145264
1789323375034581500,36.26758154296875,9.659509658813477,1.692407488822937,0.004031130112707615
1789323375053431800,36.286431884765626,9.642560958862305,1.7795213460922241,0.15719717741012573
1789323375072282000,36.3052822265625,9.609590530395508,1.9405758380889893,0.24561595916748047
1789323375091132400,36.32413232421875,9.56431770324707,2.165106773376465,0.08072297275066376
1789323375109982700,36.34298266601562,9.502493858337402,2.4178318977355957,-0.164579838514328
1789323375128833000,36.3618330078125,9.435858726501465,2.6593475341796875,-0.25065740942955017
1789323375147683300,36.38068334960938,9.378076553344727,2.854090452194214,-0.27610689401626587
1789323375166533600,36.39953369140625,9.342440605163574,2.967198610305786,-0.2914021611213684
1789323375194808800,36.42780883789062,9.30550479888916,3.072500705718994,-0.3710789382457733
1789323375251359700,36.48435986328125,9.235666275024414,3.225717544555664,-0.6838192343711853
1789323375317335800,36.55033569335937,9.137293815612793,3.379974603652954,-1.1207294464111328
1789323375364461600,36.59746166992188,9.07707691192627,3.5359981060028076,-1.1286160945892334
1789323375458713000,36.69171313476563,9.012986183166504,3.7263054847717285,-1.025246262550354
1789323375496413700,36.72941357421875,8.936609268188477,3.954434633255005,-0.8184428215026855
1789323375543539200,36.77653930664062,8.896288871765137,4.074575424194336,-0.6513691544532776
1789323375562389500,36.79538940429688,8.916874885559082,4.031856536865234,-0.6355067491531372
1789323375581239800,36.81423974609375,8.952203750610352,3.9583070278167725,-0.600184440612793
1789323375600090000,36.833090087890625,8.992695808410645,3.8763482570648193,-0.5251001715660095
1789323375628365600,36.86136547851562,9.056838989257812,3.750282049179077,-0.2818574011325836
1789323375647215900,36.8802158203125,9.109800338745117,3.630678653717041,-0.0102430684491992
1789323375666066200,36.89906616210938,9.161104202270508,3.485544443130493,0.3090991973876953
1789323375684916200,36.917916259765626,9.202345848083496,3.338473081588745,0.5846510529518127
1789323375703766500,36.9367666015625,9.236784934997559,3.199176549911499,0.7857953310012817
1789323375722616800,36.955616943359374,9.25346851348877,3.092146396636963,0.9911322593688965
1789323375750892300,36.98389233398437,9.249919891357422,2.9650840759277344,1.3482029438018799
1789323375769742600,37.00274267578125,9.258963584899902,2.877171277999878,1.4710086584091187
1789323375788593000,37.02159301757813,9.28927993774414,2.8182413578033447,1.3918272256851196
1789323375807443200,37.040443115234375,9.321091651916504,2.8417162895202637,1.1010403633117676
1789323375826293500,37.05929345703125,9.321982383728027,2.960083484649658,0.7133945226669312
1789323375845143800,37.07814379882812,9.293590545654297,3.08624529838562,0.5240759253501892
1789323375873419000,37.1064189453125,9.245346069335938,3.2569663524627686,0.2934996485710144
1789323375901694500,37.134694580078126,9.206561088562012,3.3775269985198975,-0.04385460540652275
1789323375920544800,37.153544677734374,9.177699089050293,3.443537950515747,-0.28685036301612854
1789323375939395000,37.17239501953125,9.14787483215332,3.4921038150787354,-0.5403468608856201
1789323375958245000,37.1912451171875,9.124579429626465,3.510134696960449,-0.7690175175666809
1789323375977095400,37.21009545898438,9.10999584197998,3.517247200012207,-0.8985168933868408
1789323375995945700,37.22894580078125,9.09844970703125,3.542266845703125,-0.9170297384262085
1789323376014796000,37.247796142578125,9.084558486938477,3.5826120376586914,-0.897822916507721
1789323376033646300,37.26664624023437,9.067887306213379,3.6285767555236816,-0.88161301612854
1789323376061921800,37.294921875,9.015166282653809,3.742894411087036,-0.9422832727432251
1789323376080771800,37.313771728515626,8.9724702835083,3.8238742351531982,-1.0213427543640137
1789323376099622100,37.3326220703125,8.948152542114258,3.867619514465332,-1.068860411643982
1789323376118472400,37.35147241210937,8.944916725158691,3.876858949661255,-1.0624574422836304
1789323376137322800,37.37032275390625,8.946159362792969,3.8818979263305664,-1.0331991910934448
1789323376156173000,37.38917309570313,8.949378967285156,3.8761165142059326,-1.0270025730133057
1789323376175023400,37.4080234375,8.956413269042969,3.851531505584717,-1.0577080249786377
1789323376193873400,37.426873291015625,8.961954116821289,3.8271994590759277,-1.0983169078826904
1789323376212723700,37.4457236328125,8.961133003234863,3.8240153789520264,-1.115964412689209
1789323376231574000,37.46457397460937,8.957332611083984,3.833252429962158,-1.114785075187683
1789323376250424300,37.48342431640625,8.954185485839844,3.835174798965454,-1.1333060264587402
1789323376269274600,37.50227465820313,8.948078155517578,3.8344717025756836,-1.1828389167785645
1789323376288124700,37.521124755859375,8.930644035339355,3.8550662994384766,-1.2459731101989746
1789323376306975000,37.53997509765625,8.900751113891602,3.8999502658843994,-1.318105697631836
1789323376325825300,37.5588251953125,8.870673179626465,3.946549415588379,-1.380683422088623
1789323376344675600,37.57767553710938,8.849507331848145,3.9825916290283203,-1.4126482009887695
1789323376363526000,37.59652587890625,8.833341598510742,4.0264787673950195,-1.3892182111740112
1789323376382376200,37.615376220703126,8.812129020690918,4.085545539855957,-1.3509531021118164
1789323376401226200,37.634226318359374,8.787888526916504,4.126945495605469,-1.3826502561569214
1789323376420076500,37.65307666015625,8.763909339904785,4.137615203857422,-1.4981412887573242
1789323376438926800,37.6719267578125,8.739266395568848,4.140127182006836,-1.6294060945510864
1789323376457777200,37.69077709960938,8.716045379638672,4.1580023765563965,-1.7064406871795654
1789323376476627200,37.709627197265625,8.697685241699219,4.189079761505127,-1.7240267992019653
1789323376495477500,37.7284775390625,8.695491790771484,4.20489501953125,-1.696365237236023
1789323376514327800,37.74732788085937,8.707557678222656,4.199492454528809,-1.6471457481384277
1789323376533178000,37.76617822265625,8.717985153198242,4.196768283843994,-1.598201036453247
1789323376552028400,37.7850283203125,8.720446586608887,4.200648784637451,-1.5744043588638306
1789323376570878500,37.80387841796875,8.72489070892334,4.192254543304443,-1.572157621383667
1789323376589728800,37.822728759765624,8.734732627868652,4.17564058303833,-1.5616886615753174
1789323376608579000,37.8415791015625,8.744257926940918,4.169473171234131,-1.5244083404541016
1789323376627429400,37.86042944335937,8.740636825561523,4.187042236328125,-1.496771216392517
1789323376646279700,37.87927978515625,8.733606338500977,4.1973443031311035,-1.5089111328125
1789323376665130000,37.8981298828125,8.740413665771484,4.174427032470703,-1.5328795909881592
1789323376683980000,37.91697998046875,8.760546684265137,4.137312412261963,-1.518508791923523
1789323376702830300,37.93583032226562,8.775253295898438,4.1242756843566895,-1.468216061592102
1789323376721680600,37.9546806640625,8.781278610229492,4.132565021514893,-1.4076365232467651
1789323376740531000,37.97353100585938,8.791367530822754,4.134029388427734,-1.338671088218689
1789323376759381200,37.99238134765625,8.804666519165039,4.126420974731445,-1.2731369733810425
1789323376778231300,38.011231201171874,8.815513610839844,4.116869926452637,-1.228204607963562
1789323376797081600,38.03008154296875,8.817072868347168,4.113304138183594,-1.2289583683013916
1789323376815932000,38.04893188476562,8.812247276306152,4.112854480743408,-1.264563798904419
1789323376834782200,38.0677822265625,8.805726051330566,4.11604642868042,-1.2991244792938232
1789323376853632300,38.08663232421875,8.79186725616455,4.14102029800415,-1.3135484457015991
1789323376872482600,38.105482666015625,8.771883010864258,4.183838367462158,-1.3114683628082275
1789323376891332900,38.12433276367187,8.755093574523926,4.216431140899658,-1.3192555904388428
1789323376910183200,38.14318310546875,8.7489595413208,4.219359397888184,-1.3502224683761597
1789323376929033500,38.16203344726563,8.75126838684082,4.197271823883057,-1.4030661582946777
1789323376947883500,38.180883544921876,8.74893856048584,4.17885684967041,-1.4709235429763794
1789323376966733800,38.19973388671875,8.740487098693848,4.168231964111328,-1.5492289066314697
1789323376985584000,38.218584228515624,8.729387283325195,4.154569149017334,-1.645517110824585
1789323377004434400,38.23743432617187,8.713247299194336,4.152127742767334,-1.7348004579544067
1789323377023284700,38.25628466796875,8.693563461303711,4.213109493255615,-1.6858378648757935
1789323377042134800,38.275134765625,8.684226036071777,4.2959794998168945,-1.5162999629974365
1789323377060985000,38.293985107421875,8.683263778686523,4.345186233520508,-1.375017523765564
1789323377079835400,38.31283544921875,8.683987617492676,4.355223655700684,-1.338199257850647
1789323377098685400,38.331685546875,8.687276840209961,4.337399005889893,-1.374253511428833
1789323377117535700,38.35053564453125,8.68537425994873,4.32434606552124,-1.426432490348816
1789323377136386000,38.369385986328126,8.685667037963867,4.324901580810547,-1.4229493141174316
1789323377155236400,38.388236328125,8.701532363891602,4.314580917358398,-1.355773687362671
1789323377174086700,38.407086669921874,8.72509765625,4.284594535827637,-1.2981960773468018
1789323377192936700,38.42593676757812,8.744994163513184,4.2470879554748535,-1.287520408630371
1789323377211787000,38.444787109375,8.755443572998047,4.219386100769043,-1.307430624961853
1789323377230637300,38.46363720703125,8.765811920166016,4.196282863616943,-1.3122990131378174
1789323377249487600,38.482487548828125,8.777974128723145,4.175253391265869,-1.2980033159255981
1789323377268338000,38.501337890625,8.78502368927002,4.160829067230225,-1.2966265678405762
1789323377287188000,38.52018798828125,8.786663055419922,4.151292324066162,-1.3159407377243042
1789323377306038300,38.53903833007813,8.783238410949707,4.150197505950928,-1.3420013189315796
1789323377324888600,38.557888671875,8.773161888122559,4.166503429412842,-1.3573006391525269
1789323377343739000,38.57673876953125,8.755660057067871,4.202301979064941,-1.3599532842636108
1789323377362589000,38.5955888671875,8.734119415283203,4.244975566864014,-1.3659143447875977
1789323377381439200,38.61443920898437,8.71998119354248,4.26820707321167,-1.383736252784729
1789323377400289500,38.63328955078125,8.717291831970215,4.267118453979492,-1.4038946628570557
1789323377419139800,38.65213989257813,8.715004920959473,4.268197059631348,-1.4147701263427734
1789323377437990000,38.670989990234375,8.72732162475586,4.267756462097168,-1.3380966186523438
1789323377456840200,38.68984008789062,8.744685173034668,4.257993698120117,-1.2531441450119019
1789323377475690500,38.7086904296875,8.759306907653809,4.245608329772949,-1.1915264129638672
1789323377494540800,38.72754077148438,8.760225296020508,4.250543117523193,-1.166929841041565
1789323377513390800,38.746390869140626,8.747787475585938,4.272887706756592,-1.178565502166748
1789323377532241200,38.7652412109375,8.73852825164795,4.2949113845825195,-1.1671559810638428
1789323377551091500,38.784091552734374,8.730192184448242,4.313870429992676,-1.1595935821533203
1789323377569941800,38.80294165039062,8.71664810180664,4.333384990692139,-1.1883608102798462
1789323377588792000,38.8217919921875,8.693357467651367,4.359775066375732,-1.2602708339691162
1789323377607642000,38.84064208984375,8.662802696228027,4.391237735748291,-1.3576711416244507
1789323377626492400,38.859492431640625,8.622523307800293,4.434924602508545,-1.467624306678772
1789323377645342700,38.8783427734375,8.576140403747559,4.49260139465332,-1.561006784439087
1789323377664193000,38.89719311523437,8.534969329833984,4.547094821929932,-1.627456784248352
1789323377683043000,38.91604296875,8.506108283996582,4.578886032104492,-1.6882919073104858
1789323377701893400,38.934893310546876,8.489129066467285,4.583522319793701,-1.7596598863601685
1789323377720743700,38.95374365234375,8.475691795349121,4.5778679847717285,-1.8374354839324951
1789323377739594000,38.972593994140624,8.457470893859863,4.575784206390381,-1.924522042274475
1789323377758444000,38.99144409179687,8.4352445602417,4.582195281982422,-2.0051236152648926
1789323377777294300,39.01029443359375,8.413385391235352,4.605812072753906,-2.0425047874450684
1789323377805569800,39.03856982421875,8.381909370422363,4.668274879455566,-2.0300729274749756
1789323377824420000,39.057420166015625,8.377286911010742,4.691957950592041,-1.9942359924316406
1789323377843270100,39.07627026367187,8.382918357849121,4.70396089553833,-1.9415992498397827
1789323377862120400,39.09512036132813,8.391498565673828,4.709107875823975,-1.8914155960083008
1789323377880970800,39.113970703125,8.40069580078125,4.689999103546143,-1.8980519771575928
1789323377899821000,39.132821044921876,8.418901443481445,4.644484519958496,-1.9290542602539062
1789323377918671400,39.15167138671875,8.458579063415527,4.576821804046631,-1.917169451713562
1789323377937521400,39.170521484375,8.505453109741211,4.523724555969238,-1.8340059518814087
1789323377965796900,39.198796875,8.567893981933594,4.458944797515869,-1.696873426437378
1789323377984647200,39.21764721679688,8.608110427856445,4.396724224090576,-1.6551868915557861
1789323378003497500,39.23649755859375,8.646919250488281,4.313604831695557,-1.671526551246643
1789323378031772700,39.26477270507812,8.690228462219238,4.200516223907471,-1.7337758541107178
1789323378050623000,39.283623046875,8.70733642578125,4.169823169708252,-1.7219882011413574
1789323378069473300,39.30247338867188,8.710468292236328,4.1891021728515625,-1.6581802368164062
1789323378088323600,39.321323486328126,8.704577445983887,4.23555850982666,-1.5686841011047363
1789323378107173600,39.340173583984374,8.698484420776367,4.274785041809082,-1.4943113327026367
1789323378126024000,39.35902392578125,8.707118034362793,4.271885395050049,-1.451710820198059
1789323378144874200,39.37787426757812,8.72899341583252,4.235513687133789,-1.426700472831726
1789323378163724500,39.396724609375,8.744729042053223,4.205716133117676,-1.4184684753417969
1789323378182574800,39.41557495117188,8.739113807678223,4.2136712074279785,-1.429420828819275
1789323378201425000,39.4344248046875,8.713563919067383,4.251635551452637,-1.4723421335220337
1789323378220275200,39.45327514648437,8.688243865966797,4.285338878631592,-1.5233781337738037
1789323378239125500,39.47212548828125,8.670279502868652,4.307500839233398,-1.562716007232666
1789323378257975800,39.49097583007813,8.657134056091309,4.325153827667236,-1.5866460800170898
1789323378276825900,39.509825927734376,8.647937774658203,4.340755462646484,-1.5941758155822754
1789323378295676200,39.52867626953125,8.643914222717285,4.355712890625,-1.575093150138855
1789323378314526500,39.5475263671875,8.646662712097168,4.36754846572876,-1.5264781713485718
1789323378333376800,39.56637670898437,8.663274765014648,4.35422945022583,-1.4692723751068115
1789323378352227000,39.58522705078125,8.692663192749023,4.305368423461914,-1.4393762350082397
1789323378371077000,39.6040771484375,8.721766471862793,4.249395847320557,-1.4296250343322754
1789323378389927400,39.622927490234375,8.74422836303711,4.201087951660156,-1.4351681470870972
1789323378408777700,39.64177783203125,8.756251335144043,4.167363166809082,-1.459981083869934
1789323378427628000,39.6606279296875,8.768211364746094,4.135711193084717,-1.4780948162078857
1789323378446478300,39.67947827148438,8.783724784851074,4.112316608428955,-1.4510098695755005
1789323378465328400,39.698328369140626,8.793021202087402,4.116983413696289,-1.3797132968902588
1789323378484178700,39.7171787109375,8.797660827636719,4.140293121337891,-1.2765285968780518
1789323378503029000,39.736029052734374,8.804591178894043,4.156999111175537,-1.1700013875961304
1789323378521879300,39.75487939453125,8.8230619430542,4.139654159545898,-1.089599847793579
1789323378540729600,39.7737294921875,8.856942176818848,4.079699516296387,-1.0397223234176636
1789323378559579600,39.79257958984375,8.894309043884277,4.000461101531982,-1.0285758972167969
1789323378578430000,39.811429931640625,8.923511505126953,3.9324467182159424,-1.0378812551498413
1789323378597280300,39.8302802734375,8.942038536071777,3.8922221660614014,-1.030017375946045
1789323378616130600,39.84913061523437,8.954808235168457,3.871171712875366,-0.997909665107727
1789323378634980900,39.86798095703125,8.967071533203125,3.8509416580200195,-0.965539276599884
1789323378653831200,39.8868310546875,8.981206893920898,3.823573112487793,-0.9426516890525818
1789323378672681200,39.90568115234375,8.993932723999023,3.7995152473449707,-0.9182860851287842
1789323378691531500,39.92453149414062,8.994559288024902,3.7945690155029297,-0.9324898719787598
1789323378710381800,39.9433818359375,8.986364364624023,3.8046977519989014,-0.9695010185241699
1789323378729232100,39.96223217773438,8.979141235351562,3.8100850582122803,-1.0142310857772827
1789323378748082400,39.98108251953125,8.97665023803711,3.8019888401031494,-1.0653729438781738
1789323378766932500,39.999932373046875,8.9817533493042,3.776789903640747,-1.1110141277313232
1789323378785782800,40.01878271484375,8.998305320739746,3.7324705123901367,-1.1267421245574951
1789323378804633000,40.03763305664062,9.020950317382812,3.6810195446014404,-1.1148749589920044
1789323378823483400,40.0564833984375,9.041671752929688,3.632413625717163,-1.106411337852478
1789323378842333700,40.07533374023438,9.057740211486816,3.575746536254883,-1.1583404541015625
1789323378861184000,40.09418408203125,9.066703796386719,3.5124099254608154,-1.27603280544281
1789323378880034000,40.11303393554687,9.062026977539062,3.465128183364868,-1.429321050643921
1789323378898884400,40.13188427734375,9.037507057189941,3.488345146179199,-1.5248953104019165
1789323378917734700,40.15073461914063,9.045039176940918,3.524446487426758,-1.3913739919662476
1789323378936585000,40.1695849609375,9.054206848144531,3.55780029296875,-1.2384631633758545
1789323378955435300,40.188435302734376,9.043764114379883,3.590420961380005,-1.2204935550689697
1789323378974285600,40.20728564453125,9.028005599975586,3.613177537918091,-1.2690415382385254
1789323378993135900,40.226135986328124,9.031488418579102,3.6159563064575195,-1.2359035015106201
1789323379011986000,40.24498583984375,9.040068626403809,3.630112648010254,-1.1268714666366577
1789323379030836200,40.26383618164063,9.04062271118164,3.664119243621826,-1.0058534145355225
1789323379049686500,40.2826865234375,9.03233528137207,3.702383279800415,-0.9379055500030518
1789323379068536800,40.301536865234375,9.01931381225586,3.735346794128418,-0.9324999451637268
1789323379087387100,40.32038720703125,9.008007049560547,3.7587928771972656,-0.9474592208862305
1789323379106237400,40.33923754882812,9.005134582519531,3.7620577812194824,-0.9616960883140564
1789323379125087700,40.35808764648438,9.017815589904785,3.7300796508789062,-0.9674153327941895
1789323379143937800,40.376937744140626,9.037760734558105,3.683687686920166,-0.9590162634849548
1789323379162788000,40.3957880859375,9.049568176269531,3.6580123901367188,-0.9458620548248291
1789323379181638400,40.414638427734374,9.043252944946289,3.6700403690338135,-0.9595654010772705
1789323379200488700,40.43348876953125,9.027652740478516,3.7026069164276123,-0.9811115264892578
1789323379219339000,40.45233911132812,9.01386547088623,3.7325432300567627,-0.9943568706512451
1789323379238189300,40.47118920898438,9.003618240356445,3.753889322280884,-1.0067567825317383
1789323379257039600,40.49003955078125,8.997523307800293,3.764030933380127,-1.023252248764038
1789323379275889700,40.5088896484375,8.993773460388184,3.769291639328003,-1.0367497205734253
1789323379294740000,40.52773999023437,8.988570213317871,3.7791860103607178,-1.0458241701126099
1789323379313590300,40.54659033203125,8.982728004455566,3.79207181930542,-1.0493688583374023
1789323379332440600,40.56544067382813,8.978754997253418,3.8027737140655518,-1.044633388519287
1789323379351291000,40.584290771484376,8.97681999206543,3.8078370094299316,-1.0428231954574585
1789323379370141200,40.60314111328125,8.98252010345459,3.796438694000244,-1.035258412361145
1789323379388991500,40.621991455078124,8.996307373046875,3.77103590965271,-1.0080323219299316
1789323379407841800,40.640841796875,9.007905960083008,3.7518720626831055,-0.9754408001899719
1789323379426691800,40.65969189453125,9.009613990783691,3.751786231994629,-0.9598656892776489
1789323379445542400,40.67854248046875,9.006173133850098,3.757702350616455,-0.9689792990684509
1789323379464392400,40.697392333984375,9.002098083496094,3.765108346939087,-0.9780516028404236
1789323379483242800,40.71624267578125,8.992963790893555,3.788818120956421,-0.9704864025115967
1789323379502093000,40.73509301757812,8.976178169250488,3.832475423812866,-0.9543312788009644
1789323379520943400,40.753943359375,8.95512580871582,3.8790979385375977,-0.9636958837509155
1789323379539793700,40.77279370117188,8.942541122436523,3.9025259017944336,-0.9857140779495239
1789323379558644000,40.79164404296875,8.933171272277832,3.919642210006714,-1.0026109218597412
1789323379577494300,40.810494384765626,8.914119720458984,3.953457832336426,-1.038763403892517
1789323379596344600,40.829344482421874,8.893084526062012,3.988372325897217,-1.0845891237258911
1789323379615195000,40.84819482421875,8.887057304382324,4.0000691413879395,-1.0908892154693604
1789323379634045000,40.867044921875,8.895978927612305,3.9899494647979736,-1.054627537727356
1789323379652895200,40.88589526367188,8.910138130187988,3.967928171157837,-1.0175293684005737
1789323379671745500,40.90474560546875,8.924203872680664,3.9362473487854004,-1.0173128843307495
1789323379700021000,40.93302099609375,8.937241554260254,3.8927597999572754,-1.0688889026641846
1789323379718871300,40.95187133789062,8.936256408691406,3.886888265609741,-1.0980932712554932
1789323379737721600,40.9707216796875,8.922516822814941,3.912198066711426,-1.1197246313095093
1789323379756572000,40.98957202148438,8.897954940795898,3.964604139328003,-1.1307990550994873
1789323379775422200,41.008422119140626,8.871260643005371,4.02553653717041,-1.1252416372299194
1789323379794272500,41.0272724609375,8.84883975982666,4.078096866607666,-1.1124539375305176
1789323379813122800,41.046122802734374,8.834189414978027,4.113836765289307,-1.097190022468567
1789323379831973000,41.06497314453125,8.825624465942383,4.136706352233887,-1.0800037384033203
1789323379850823400,41.08382348632812,8.821512222290039,4.147498607635498,-1.072178840637207
1789323379869673500,41.10267358398438,8.826192855834961,4.138526916503906,-1.0683149099349976
1789323379888523800,41.121523681640625,8.839384078979492,4.11377477645874,-1.0547726154327393
1789323379907374000,41.1403740234375,8.858609199523926,4.0815606117248535,-1.0179864168167114
1789323379926224400,41.15922436523437,8.879018783569336,4.047614574432373,-0.9747920632362366
1789323379945074700,41.17807470703125,8.898829460144043,4.007518291473389,-0.9596946239471436
1789323379963925000,41.19692504882813,8.918673515319824,3.958174467086792,-0.9800500273704529
1789323379982775300,41.215775390625,8.93409252166748,3.9177470207214355,-1.0018171072006226
1789323380001625600,41.23462548828125,8.940528869628906,3.90036940574646,-1.0121592283248901
1789323380020476000,41.25347583007812,8.944437026977539,3.885404109954834,-1.0349280834197998
1789323380039326200,41.272326171875,8.952298164367676,3.857048273086548,-1.0723470449447632
1789323380058176500,41.29117651367188,8.958028793334961,3.8279082775115967,-1.1274864673614502
1789323380077026800,41.31002685546875,8.94361686706543,3.8428425788879395,-1.1893925666809082
1789323380095877000,41.328877197265626,8.92257308959961,3.881004810333252,-1.2230679988861084
1789323380114727400,41.3477275390625,8.910405158996582,3.8865256309509277,-1.2922844886779785
1789323380133577700,41.36657763671875,8.905521392822266,3.86958646774292,-1.3741837739944458
