time,seconds_elapsed,x,y,z
1789031091622011100,0.04001123046875,2.5598504875183106,-8.60476018207967,1.1812393902100622
1789031091632014300,0.050014404296875,2.4013842651367185,-8.51093798904419,1.1335047023497518
1789031091642018300,0.060018310546875,2.4805428497865796,-8.650999955207109,0.9904512992858886
1789031091652022000,0.07002197265625,2.5252839087888597,-8.837745346611737,0.7809586540222168
1789031091662025200,0.080025146484375,2.6348189270019526,-8.807370082092286,0.6967126831054689
1789031091672029200,0.090029296875,2.67821353983134,-8.57363497597575,0.7288844756528734
1789031091682032400,0.100032470703125,2.6954221565246583,-8.303240995025634,0.7029973163329064
1789031091692036000,0.1100361328125,2.6657936187192797,-8.212112278857829,0.8623613643370568
1789031091702040300,0.120040283203125,2.395847673797607,-8.547150289154052,1.288828388921916
1789031091712043300,0.130043212890625,2.1730369895383714,-9.347261971935627,1.9512740607663988
1789031091722047200,0.140047119140625,2.118868761499226,-10.848577219501138,2.9227219688966866
1789031091732051200,0.15005126953125,2.3671172538757324,-13.148207329559327,3.498227608434856
1789031091742054100,0.16005419921875,2.5893290954589845,-15.600019467163087,2.7727849437989294
1789031091752058400,0.170058349609375,2.4919150154113767,-16.926707046619057,1.6549918975830078
1789031091762061000,0.18006103515625,2.881122422790527,-16.841563250079748,0.5382467529848219
1789031091772065300,0.190065185546875,3.5021184783935553,-15.464896710968016,0.10624299093037837
1789031091782069500,0.200069580078125,3.923497970581054,-13.377901051330566,0.35643691828623414
1789031091792072400,0.210072509765625,3.8901282004207376,-11.186757034954429,1.494430748748779
1789031091802076400,0.220076416015625,4.388721280670166,-9.216180015563964,2.716071999713033
1789031091812080400,0.230080322265625,4.700865322113037,-7.691372833251953,2.6446953011110423
1789031091822083600,0.24008349609375,4.0252515411376955,-7.102099949645996,1.2238858880858867
1789031091832087600,0.250087646484375,4.6302360808774825,-6.561759146991371,1.4155715123716741
1789031091842091300,0.26009130859375,5.084536138153076,-6.798635473743081,1.2708719495359806
1789031091852094500,0.270094482421875,4.518756358337402,-7.624484824371336,1.1529577735016123
1789031091862098400,0.280098388671875,3.349937035369873,-8.706514337158204,0.7169138692108913
1789031091872101600,0.2901015625,2.803012178149819,-8.910770835334061,0.6325182424240745
1789031091882105300,0.300105224609375,2.9508535461425778,-8.358906183624267,0.826597869723907
1789031091892109300,0.310109375,3.1232360656738285,-7.669376105499267,0.7534252801314929
1789031091902112500,0.320112548828125,3.5848680732727045,-7.494000833892822,0.6168065314913168
1789031091912116500,0.330116455078125,4.50095006801188,-7.953389446479081,0.19916790633257486
1789031091922120400,0.340120361328125,4.7631145652771,-7.944410021209716,0.02109941358678047
1789031091932123400,0.350123291015625,4.007744233758747,-7.238421560236812,0.37828364310897866
1789031091942127400,0.36012744140625,3.9462434708744287,-6.156690153613686,1.3938738406307998
1789031091952131600,0.370131591796875,4.860827920532226,-5.2569186576843245,2.7232550430849196
1789031091962134300,0.38013427734375,5.503372375598549,-4.810700492316485,3.3571196403503416
1789031091972138500,0.390138427734375,4.821473815265298,-5.241058240729569,2.7600656013488774
1789031091982142500,0.400142578125,4.165013063049316,-6.506243011474609,1.6594813179567462
1789031091992145700,0.410145751953125,4.420294230541586,-8.243384784477948,0.35269553980082247
1789031092002149400,0.4201494140625,4.450521611022949,-9.279626944079995,-0.7769180003292862
1789031092012153300,0.4301533203125,4.208557313482463,-9.451559966278076,-0.6477813328064974
1789031092022156500,0.440156494140625,4.256890844018757,-9.116971453315019,-0.36870705566406237
1789031092032160500,0.450160400390625,3.942352893176675,-8.397364216834307,-0.44936230861246584
1789031092042164200,0.460164306640625,3.9344221001774073,-7.509864173457026,-0.6995556514464321
1789031092052167400,0.47016748046875,4.32931515197754,-7.077260107421875,-0.9265566270023584
1789031092062171400,0.48017138671875,4.056974713134765,-7.5932105651855455,-1.1730096142642197
1789031092072175600,0.490175537109375,3.314023718206585,-8.769211908611654,-1.2289732012875378
1789031092082178300,0.50017822265625,3.06772022241801,-9.51231283340454,-1.3597570514954622
1789031092092182300,0.510182373046875,3.588608721105754,-9.373898049926757,-1.6135419890806078
1789031092102186500,0.5201865234375,3.8980595779418943,-8.632892636108398,-1.8107646430969235
1789031092112189400,0.530189453125,4.31973805307597,-8.116642318615318,-1.8402432510375977
1789031092122193400,0.540193359375,4.713135605621337,-8.227225092315674,-1.73669402923584
1789031092132197400,0.550197265625,5.0438344176694745,-8.714593598717451,-1.524657544708252
1789031092142200600,0.56020068359375,5.233875051227211,-9.422082527381182,-1.442806652234495
1789031092152204500,0.57020458984375,5.2810103118896485,-9.737069098773599,-1.6742951484680173
1789031092162208300,0.580208251953125,4.925321727752685,-9.214982914733886,-1.8971058327272532
1789031092172211500,0.59021142578125,4.821922728076577,-8.38973269904256,-1.799840805761516
1789031092182215400,0.60021533203125,4.990114225658774,-7.574654333275555,-1.4324804885312916
1789031092192219400,0.610219482421875,5.121197058813274,-7.12589115960002,-1.2741639037534591
1789031092202222300,0.620222412109375,4.84616401988566,-7.052720124927163,-1.311573304693401
1789031092212226300,0.630226318359375,4.342932173919678,-7.359925540924071,-1.3968670310974123
1789031092222230500,0.64023046875,4.15618444442749,-8.087463570404053,-1.420509772491455
1789031092232233500,0.6502333984375,4.225616877093911,-8.87351165651977,-1.5514432603031396
1789031092242237400,0.660237548828125,3.530548746325076,-9.303566622593998,-2.2134391425535087
1789031092252241400,0.670241455078125,2.6678894219547504,-9.025692515021563,-2.404078034265339
1789031092262244400,0.680244384765625,3.2148142791748042,-8.629750246429444,-1.5454571716308598
1789031092272248600,0.69024853515625,3.884742415729165,-8.390032558771969,-1.2749132608160374
1789031092282252500,0.70025244140625,3.737198861639201,-7.930642192620038,-1.6563386360168457
1789031092292255500,0.71025537109375,4.042609210912883,-7.975982386559249,-1.882589816118777
1789031092302259500,0.720259521484375,5.139003641399741,-8.79180660225749,-3.175010676574707
1789031092312263400,0.730263427734375,5.982959726604819,-9.841963305443524,-4.80725707386434
1789031092322266400,0.740266357421875,5.361814617919922,-10.905588562011717,-5.794417222650348
1789031092332270300,0.750270263671875,3.918559345135092,-11.36377773568034,-5.278765163311363
1789031092342274300,0.7602744140625,4.047996456909179,-11.190049646759032,-4.089147382465005
1789031092352277500,0.770277587890625,4.147954083959758,-10.546158453258872,-3.797353762872517
1789031092362281200,0.78028125,3.9050925453186034,-9.415946216583253,-3.8937195029109715
1789031092372285400,0.790285400390625,3.9719805541992192,-8.379855448150634,-3.362955799157917
1789031092382289400,0.800289306640625,3.9710830208376047,-7.789536270362138,-2.7431571366459124
1789031092392292600,0.810292724609375,3.998915907397866,-7.734469632178545,-2.565537885504961
1789031092402296600,0.820296630859375,3.905691095733642,-7.911489748382568,-2.776376100158691
1789031092412300300,0.83030029296875,3.7201398825496432,-8.104221812981367,-3.015645751787722
1789031092422303500,0.840303466796875,3.9091318838372824,-8.474724519890547,-3.0874720938533544
1789031092432307500,0.850307373046875,4.242824909265339,-9.00145122321248,-2.9890117196232078
1789031092442311400,0.8603115234375,4.693683301654458,-9.53086964983642,-3.15002265805155
1789031092452314400,0.870314453125,5.097255918994547,-9.949705302760005,-3.5100498559147115
1789031092462318300,0.880318359375,5.341463903808594,-10.052055670166014,-3.7292683609008788
1789031092472322600,0.890322509765625,5.252279599706828,-9.891343714684247,-3.904493702642619
1789031092482326500,0.900326416015625,5.080645560455322,-9.471013439288734,-3.9763206292301416
1789031092492329500,0.91032958984375,4.676624030303954,-8.885781355506182,-3.850924609540403
1789031092502333400,0.92033349609375,4.255094900512695,-8.328529750061035,-3.573345393261313
1789031092512337400,0.93033740234375,3.9658448279231786,-7.990348181042075,-3.371034768456221
1789031092522340600,0.940340576171875,3.647715866851806,-7.711424272155761,-3.220800367847084
1789031092532344300,0.95034423828125,3.4982279006958006,-7.434444483074545,-3.0632308020442722
1789031092542348300,0.960348388671875,3.175758572332561,-7.271937460869551,-3.111862438744306
1789031092552351500,0.9703515625,2.726696415710449,-7.266551676177977,-3.317914003643394
1789031092562355500,0.98035546875,2.2845170043393974,-7.38715900028646,-3.3654987616389986
1789031092572359400,0.990359375,2.072331174468994,-7.418283621868491,-3.1380501884460448
1789031092582363400,1.00036328125,2.167800842450559,-7.452552386695147,-2.799271822577715
1789031092592366300,1.010366455078125,2.1377230995729564,-7.469611073523759,-2.7732337104797358
1789031092602370600,1.02037060546875,2.084002615301311,-7.4304042677730315,-3.0585926208496095
1789031092612374500,1.03037451171875,2.0811595008298753,-7.234976972740888,-3.3683418761104345
1789031092622377500,1.04037744140625,2.15178874206543,-6.965630455017089,-3.550452008929849
1789031092632381400,1.05038134765625,2.40048643951416,-6.928820189014076,-3.8805519783020017
1789031092642385400,1.060385498046875,2.7214585150569675,-7.217169513371586,-4.326920365795493
1789031092652389600,1.0703896484375,3.079542177636921,-7.684939585334062,-5.078551218524575
1789031092662392300,1.080392333984375,3.1760590165838596,-8.161237247145175,-5.68159134619832
1789031092672396500,1.090396484375,3.2773627975463864,-8.528893916973471,-6.053739482226968
1789031092682400500,1.100400390625,3.4883518188476557,-8.69633839558065,-6.461651005554199
1789031092692403500,1.110403564453125,3.5030165962770576,-8.694394860297441,-6.630891719928384
1789031092702407400,1.120407470703125,3.277063814599811,-8.798991545325517,-6.452374058642983
1789031092712411400,1.130411376953125,3.1603470681890844,-8.82113849520385,-6.2576955361515285
1789031092722415400,1.140415283203125,3.113808896636963,-8.844480792346596,-6.374113591876625
1789031092732418600,1.15041845703125,2.87932677154541,-8.969127747234701,-6.424091967010497
1789031092742422300,1.16042236328125,2.0510823424741624,-9.08554521843791,-6.138133921703695
1789031092752426500,1.170426513671875,1.0889131348207592,-9.023149260279535,-5.8096805504947895
1789031092762430500,1.180430419921875,0.5735606429502371,-8.732101198357343,-6.010941958507895
1789031092772433400,1.190433349609375,0.37379502645283935,-8.649203719440102,-6.200833246722817
1789031092782437400,1.200437255859375,0.3719990829467781,-8.837147965240478,-5.9403135940551755
1789031092792441300,1.21044140625,0.506822563934326,-8.940698356086015,-5.6211371697574855
1789031092802444300,1.2204443359375,0.6408975646421311,-8.85450534275472,-5.544969875878095
1789031092812448300,1.2304482421875,0.9768339850828047,-8.718933089226484,-5.3486459242671724
1789031092822452200,1.2404521484375,1.4860504584163428,-8.632741244938968,-4.852896250750124
1789031092832456400,1.25045654296875,1.940201170349121,-8.614487210845947,-4.355351802770793
1789031092842459100,1.260459228515625,2.3479633483335376,-8.754846698650718,-4.028243708691001
1789031092852463400,1.27046337890625,2.758867915996909,-8.988579466679692,-3.8660362539544697
1789031092862467300,1.28046728515625,3.364900503484905,-9.31434169910848,-3.821893745367229
1789031092872471300,1.29047119140625,3.7056256195068364,-9.418491224890946,-3.6279645799383515
1789031092882474500,1.300474609375,3.7367499488279217,-9.133579473766684,-3.6593875999450685
1789031092892478200,1.310478271484375,3.9700358498722315,-8.606858031141758,-3.9094332048714158
1789031092902482200,1.320482177734375,4.080318179321289,-8.028057441711425,-4.017320748138427
1789031092912485400,1.3304853515625,3.8329672203063962,-7.571214421954751,-3.818900701031089
1789031092922489300,1.3404892578125,2.7421093811586497,-7.127988424140215,-3.4337338012143976
1789031092932493300,1.350493408203125,0.5931634613037107,-6.704961749267577,-3.09600260631144
1789031092942497300,1.360497314453125,-0.10773892857655909,-6.55652241538167,-2.1062997873052955
1789031092952500200,1.370500244140625,0.34266982034891824,-6.861182238548993,-1.5735881643548602
1789031092962504400,1.38050439453125,0.7583636681154371,-7.611318468806148,-1.6733979073673488
1789031092972508400,1.39050830078125,0.9876078925535086,-8.53098767438233,-1.4817106756463645
1789031092982512000,1.40051220703125,1.2246338569089765,-9.214234142193199,-1.44295541305542
1789031092992515300,1.410515380859375,1.8924667747497557,-9.533561373138427,-1.71080613926351
1789031093002519300,1.420519287109375,2.839822736413777,-9.604041269031166,-2.356642329351604
1789031093012523500,1.4305234375,3.564068738611042,-9.534610005408524,-2.9562407921388743
1789031093022527200,1.44052734375,3.358914999334514,-9.37793768070638,-3.070264061681926
1789031093032530400,1.450530517578125,3.6462197830751535,-9.123405870276688,-2.929455953326821
1789031093042534400,1.460534423828125,3.8652889427185055,-9.358485376739502,-3.144484020885825
1789031093052538400,1.470538330078125,3.838653741510212,-10.128671292334795,-3.618536826379597
1789031093062542000,1.4805419921875,3.248033827209472,-11.259930407714844,-4.075679121343791
1789031093072545300,1.490545166015625,1.3334209793642162,-11.947965278846024,-4.469974499511718
1789031093082549200,1.50054931640625,0.2920923102781179,-11.790395128521322,-3.9351689730219546
1789031093092553500,1.510553466796875,0.8996215660646556,-11.184364586859942,-2.631976397052407
1789031093102557400,1.520557373046875,1.0143928774960338,-10.579676107457278,-2.5477298416137693
1789031093112560400,1.530560302734375,1.2605471740722658,-9.756970315551758,-3.322852629089355
1789031093122564400,1.540564453125,1.9179050212584436,-9.036914166259766,-2.677914410754293
1789031093132568300,1.550568359375,2.318485178784281,-8.489988139995933,-2.2064060290463265
1789031093142572300,1.560572265625,2.3422774116516116,-8.141632382965089,-2.137573608099669
1789031093152575200,1.5705751953125,2.0352213409975173,-7.779061638098955,-2.329408723858743
1789031093162579200,1.5805791015625,1.4776714832581581,-7.508217575293779,-2.3228249615542587
1789031093172583400,1.59058349609375,1.0989381236203013,-7.674761305668952,-2.179920757702738
1789031093182587400,1.60058740234375,1.0227727294370532,-8.095691885045172,-1.8083698569148778
1789031093192590300,1.61059033203125,1.355716836193949,-8.645163504138589,-1.1754042543157934
1789031093202594300,1.62059423828125,1.8595466480530796,-9.410260572162272,-0.6465846703678368
1789031093212598300,1.630598388671875,2.574963739367574,-10.16353568496704,-0.6208461257383229
1789031093222602200,1.640602294921875,3.193565739440918,-10.727819088745116,-0.9506479889467359
1789031093232605200,1.650605224609375,3.7731120326720173,-11.008838508605955,-1.297207948601991
1789031093242609200,1.660609130859375,3.8106709250852466,-10.994621767204999,-1.6012718517027795
1789031093252613400,1.67061328125,3.338115664672851,-10.630853921508788,-2.0428531510502097
1789031093262617300,1.680617431640625,2.85673178563863,-9.859472658649088,-2.518850222479552
1789031093272621300,1.690621337890625,2.504633627209067,-9.013868221715093,-2.7976242015011605
1789031093282624300,1.700624267578125,2.1037547789975997,-8.476969668468831,-2.948609128216654
1789031093292628200,1.710628173828125,1.2813463626034558,-8.373269640019537,-2.776526030023396
1789031093302632400,1.720632568359375,0.12090718383789056,-8.868721499633788,-2.332999734088033
1789031093312636400,1.730636474609375,-0.7932293759219347,-9.938628612950442,-1.8706188078179953
1789031093322639000,1.74063916015625,-1.1183914505004884,-11.132888082122802,-1.4791682976871727
1789031093332643300,1.750643310546875,-0.8535327457152309,-11.834688443756104,-1.2690762252256274
1789031093342647300,1.760647216796875,-0.15397724039927096,-11.454309654998779,-1.2180499484740197
1789031093352651300,1.7706513671875,0.318578750665486,-10.413581289893388,-1.7118547715336083
1789031093362654200,1.780654296875,0.8563758601866662,-9.255234261101485,-2.4592934332698584
1789031093372658200,1.790658203125,1.7758993736818434,-8.364593581610919,-2.646042477936297
1789031093382662400,1.800662353515625,2.7223572174623607,-8.074446267920731,-2.3669682007938624
1789031093392666400,1.810666259765625,3.207930949401855,-8.367135667309167,-2.0404586571291086
1789031093402670300,1.82067041015625,3.330185163934529,-8.88623026831746,-1.6739955809995533
1789031093412673300,1.83067333984375,3.3186627761840817,-9.286060776519772,-1.361103643798828
1789031093422677200,1.84067724609375,3.226486012268066,-9.495105093494058,-1.1032776141293348
1789031093432681200,1.85068115234375,2.989011427362263,-9.588629180365798,-0.9775830498844386
1789031093442685400,1.860685546875,2.7295395301818846,-9.738714527893068,-0.7832033642090857
1789031093452688100,1.870688232421875,2.5643396156311034,-10.014645684704185,-0.5123593014039098
1789031093462692400,1.8806923828125,2.4889221172057088,-10.255860917443036,-0.0935237946107983
1789031093472696300,1.8906962890625,2.2278046447753903,-10.33008175342977,0.7050929734379054
1789031093482700300,1.9007001953125,1.9820995532713832,-10.07465036381185,1.248276379107311
1789031093492704500,1.91070458984375,1.7717092285156248,-9.558101355633138,1.2761091926023362
1789031093502707200,1.920707275390625,1.7515078597471114,-8.9074758854419,0.8276461709171532
1789031093512711200,1.930711181640625,1.7633295227050783,-8.40843623046875,0.24929610173329708
1789031093522715400,1.94071533203125,1.6466121917724608,-8.323890984344482,-0.17911665009185673
1789031093532719400,1.95071923828125,1.7314567131042478,-8.630797709655763,-0.22969328337982298
1789031093542722300,1.960722412109375,1.878400839996338,-9.230545225524901,-0.08918423103652895
1789031093552726300,1.970726318359375,1.7308581626892088,-10.026318002319336,-0.201412726117298
1789031093562730200,1.980730224609375,1.6226700290404261,-10.629206738823651,-0.5340565347533672
1789031093572734500,1.990734375,1.9571102195739745,-10.875062490844726,-0.6739677673339844
1789031093582738400,2.000738525390625,2.382529927062988,-10.87880343093872,-0.608725552899018
1789031093592741400,2.010741455078125,2.5206452892027795,-10.742632626995446,-0.6826463099606335
1789031093602745300,2.020745361328125,2.412008242742717,-10.404302004894614,-0.9530418252807109
1789031093612749300,2.030749267578125,2.335693357086182,-9.855131999096276,-1.109712834808603
1789031093622753300,2.040753173828125,2.4094646957397456,-9.356091175079346,-0.9642643533017485
1789031093632757500,2.050757568359375,2.3252187248229976,-9.109039491271972,-0.8972269260130821
1789031093642760200,2.06076025390625,2.275239911297709,-8.901792579108475,-0.9198230078984051
1789031093652764400,2.070764404296875,2.3898621696472166,-8.780285675811765,-0.8051998727660625
1789031093662768400,2.080768310546875,2.500743926294148,-8.723574193030595,-0.8155245751645415
1789031093672772400,2.0907724609375,2.677465936334431,-8.583214120703936,-0.8150765391360968
1789031093682776300,2.1007763671875,2.8538883789062504,-8.463203593444824,-0.7233482496399433
1789031093692779300,2.110779296875,2.7735328395567835,-8.399307752117513,-0.8071453808106482
1789031093702783200,2.120783203125,2.5216927524290975,-8.205526470726728,-0.6192002582274377
1789031093712787500,2.130787353515625,1.9577087699890132,-8.256404425048828,-0.5511147831905634
1789031093722791200,2.140791259765625,1.513733707372844,-8.79075972355306,-1.1028285551875827
1789031093732794400,2.15079443359375,1.4667477920532226,-9.683646720665694,-1.2623426791869101
1789031093742798300,2.16079833984375,1.7595881442196666,-10.362551359879967,-0.9331398778501898
1789031093752802300,2.17080224609375,1.7191864295959471,-10.466551248058673,-0.6241386644776911
1789031093762806500,2.180806640625,1.51942022857666,-10.38140803604126,-0.6169562056276947
1789031093772810200,2.190810302734375,1.6177319881163537,-10.443956554412841,-0.7731777908876538
1789031093782814200,2.200814208984375,1.7299606293275953,-10.773908639746903,-0.7245456427309662
1789031093792817400,2.2108173828125,1.5831658477783201,-11.321430293816327,-0.3763382811948657
1789031093802821400,2.2208212890625,1.1317090511046348,-11.63282673176229,-0.3740935710079968
1789031093812825300,2.230825439453125,0.7576148955747484,-11.42138821312785,-0.615160042925924
1789031093822829300,2.240829345703125,0.8735841846190393,-10.85920090484619,-0.39698819744847713
1789031093832832300,2.250832275390625,1.0251673694886267,-10.234315440589189,-0.10878675712905828
1789031093842836500,2.26083642578125,1.0121490440919996,-9.730185769000649,-0.19378047767318773
1789031093852840400,2.27084033203125,1.05329909286499,-9.434202004241943,-0.41913478200063103
1789031093862844400,2.280844482421875,1.3527239379882814,-9.467421552276608,-0.6976105087280273
1789031093872848400,2.290848388671875,1.77649777796641,-9.783307702857256,-0.9204214852482082
1789031093882852400,2.300852294921875,2.0784663162231447,-10.097994999042152,-1.1731582289546727
1789031093892855300,2.310855224609375,2.0958247166506947,-10.008962378370763,-1.2814970231205223
1789031093902859500,2.320859619140625,2.0563199508666985,-9.774628137317299,-1.2520177575927227
1789031093912863200,2.33086328125,1.9829973788939421,-9.488069788029788,-1.209969444805756
1789031093922867200,2.3408671875,1.982698103686422,-8.967481733593342,-1.279849986565858
1789031093932871400,2.350871337890625,2.082356747790426,-8.403049861255289,-1.1990461189270016
1789031093942874400,2.360874267578125,2.3274632888793945,-8.01937846069336,-0.9159319187439977
1789031093952878300,2.37087841796875,2.5561095474243163,-7.914781775665284,-0.6163575821474195
1789031093962882300,2.38088232421875,2.627337192944437,-8.225880107447505,-0.12599530075713994
1789031093972886300,2.39088623046875,2.4051250591002407,-8.968978109630942,0.3304002674929798
1789031093982890200,2.40089013671875,2.0694883522585035,-10.162339168658852,0.4824316345214843
1789031093992893400,2.4108935546875,1.6572364616394042,-11.380239041137695,0.4337995594300328
1789031094002897200,2.420897216796875,1.308131932067871,-11.913697098541261,0.3239652660094201
1789031094012901400,2.4309013671875,0.9611220366880302,-11.740565221947428,0.17477657506093403
1789031094022905300,2.4409052734375,1.096843635559082,-11.12795004119873,0.016310352679342
1789031094032909300,2.450909423828125,1.1118073959350583,-10.144383240729569,-0.17088658188506978
1789031094042912300,2.460912353515625,1.4549261290952564,-9.291298092651367,-0.17402882543355225
1789031094052916200,2.470916259765625,1.6973396317079663,-8.846576303321125,-0.037110125732422006
1789031094062920400,2.48092041015625,2.114678616333008,-8.857199404144287,0.008080576733499711
1789031094072924400,2.49092431640625,2.4503154693052167,-9.314042423900961,-0.05012801273763179
1789031094082928400,2.500928466796875,2.6288334228515624,-9.791985514831543,-0.3166336079470813
1789031094092932400,2.510932373046875,2.759168067987263,-10.03469887717366,-0.5407900077268479
1789031094102935300,2.520935302734375,2.9230206595823165,-10.22922600849569,-0.46612055118978013
1789031094112939300,2.530939208984375,3.0439281356811523,-10.363451523590086,-0.30810382614135756
1789031094122943500,2.540943603515625,3.0793919555112717,-10.204984716686607,-0.3450640220090746
1789031094132947500,2.550947509765625,3.1226372229978443,-9.900023280224204,-0.4124012359619138
1789031094142951200,2.560951171875,2.9575872383117674,-9.819519418445228,-0.5716162308841943
1789031094152954400,2.570954345703125,3.006368804876506,-9.90017291782796,-0.5300156618647278
1789031094162958300,2.580958251953125,2.799569928741455,-9.976638317871094,-0.36900676926299925
1789031094172962300,2.59096240234375,2.3796871048524975,-9.977686950141191,-0.22535466965362394
1789031094182966500,2.600966552734375,2.012177150018513,-9.860521290919184,-0.19827055563405138
1789031094192970200,2.61097021484375,1.8028335578367112,-9.734673143547772,-0.2840124641969799
1789031094202974200,2.62097412109375,1.5801728034421803,-9.810540577697754,-0.44053281320780524
1789031094212977400,2.630977294921875,1.4411597618103027,-9.931596814617516,-0.5674262318484484
1789031094222981400,2.6409814453125,1.3640961036130788,-9.810539408653973,-0.6414955305352807
1789031094232985300,2.6509853515625,1.54186557687968,-9.704746791839598,-0.7939768332883717
1789031094242989300,2.6609892578125,1.6852181090205904,-9.57845090070069,-1.03938264958486
1789031094252993300,2.6709931640625,2.0817577589839695,-9.562889174431564,-1.254412032318115
1789031094262997500,2.68099755859375,2.6601079742982985,-9.829246447211503,-1.4594158417299388
1789031094273000200,2.691000244140625,3.029862200927734,-10.062529717907308,-1.5123869689390064
1789031094283004200,2.701004150390625,3.2544682441711426,-10.015844539099932,-1.4505870769776406
1789031094293008400,2.71100830078125,3.1721672698423267,-9.757866972130536,-1.4929345188416538
1789031094303012400,2.721012451171875,3.0988451362609863,-9.593566052246093,-1.5550336860105392
1789031094313016300,2.731016357421875,2.967463027898967,-9.615711833080647,-1.6545429847717283
1789031094323019300,2.741019287109375,2.7320830771848557,-9.8338828748405,-1.8068740653991697
1789031094333023200,2.751023193359375,2.374150805774331,-9.859025499403474,-1.9892831811651586
1789031094343027500,2.76102734375,2.2240639969423417,-9.682751817652584,-1.994071584485471
1789031094353031400,2.771031494140625,2.095973915863037,-9.527276593780517,-2.0275889464229344
1789031094363035400,2.781035400390625,1.754950109155476,-9.52533247397542,-2.0551234345585105
1789031094373039400,2.791039306640625,1.5580270226076243,-9.71043360530436,-2.047791484235227
1789031094383042300,2.801042236328125,1.970128691101074,-9.976489264789222,-1.752106994684041
1789031094393046300,2.81104638671875,2.1645076461240644,-10.04322588250041,-1.697638614654541
1789031094403050500,2.821050537109375,2.104203691808879,-9.731081841057538,-2.1725877844661476
1789031094413054500,2.831054443359375,2.650232184711099,-9.2687051525712,-2.549077164569497
1789031094423058200,2.84105810546875,3.0098107620239256,-8.75290140980184,-2.839223309215903
1789031094433062400,2.8510625,2.736572205297649,-8.219891680687665,-3.108869978930056
1789031094443065300,2.8610654296875,2.966566079059243,-8.096294527113436,-2.8675062776312235
1789031094453069600,2.871069580078125,2.655319278717041,-8.052447786602379,-2.7292396704524755
1789031094463073300,2.8810732421875,2.466327277429402,-7.983167329627275,-2.5751135231018067
1789031094473077200,2.8910771484375,2.536656658935547,-7.795670243072509,-2.579602651214599
1789031094483081200,2.901081298828125,2.232892323303222,-7.382670456695556,-2.9590836143493653
1789031094493085400,2.91108544921875,1.7655740867614746,-7.013364266094564,-3.4124858460024
1789031094503089400,2.92108935546875,1.0926534903928635,-6.691195674243568,-3.612550445446372
1789031094513092400,2.93109228515625,0.6745663177490235,-6.607697306823729,-3.6442739097043866
1789031094523096300,2.941096435546875,0.4734530860349535,-7.095214866307377,-3.328089652960002
1789031094533100300,2.951100341796875,0.13751666559427944,-7.97448659504354,-2.350955808147788
1789031094543104500,2.9611044921875,-0.20126228479593955,-9.199272135382891,-0.7276888361275207
1789031094553108500,2.9711083984375,0.3441667809084059,-9.404126014930009,-0.8620631120428439
1789031094563112200,2.9811123046875,1.2657844902038577,-8.733149246105551,-2.099864201299846
1789031094573115400,2.991115478515625,1.3376099554866552,-7.808837183159589,-2.9803312773004174
1789031094583119400,3.001119384765625,1.729661354120076,-7.148339138251542,-3.1361054841190574
1789031094593123300,3.011123291015625,2.762160820062458,-6.847118641883135,-3.2932243835449215
1789031094603127300,3.021127197265625,3.343951823480427,-6.719626818957924,-4.20047775966227
1789031094613131300,3.03113134765625,3.6233255219608544,-7.401825823542475,-4.715829667010904
1789031094623135200,3.04113525390625,3.713406482641399,-8.693644334191083,-4.917390642492473
1789031094633138400,3.051138427734375,4.311358639526366,-9.776573426166177,-4.341286452539265
1789031094643142400,3.061142333984375,4.656572591400146,-10.581772787475586,-3.7202901046752928
1789031094653146400,3.071146484375,4.313752841186524,-10.559027871704101,-4.21379550639689
1789031094663150300,3.081150390625,4.586093572290242,-9.725097505950927,-4.9949029212400315
1789031094673154300,3.091154296875,5.171624931280315,-9.950749843376874,-6.66844988168925
1789031094683158300,3.101158203125,4.720018935394286,-11.974001052856446,-7.5486182670041915
1789031094693162500,3.11116259765625,3.978863737841695,-13.741819119152424,-7.267149642071129
1789031094703165200,3.121165283203125,3.6644752784729007,-13.420247908672689,-6.192003751318157
1789031094713169400,3.13116943359375,2.9875150513246655,-12.081741881129144,-5.721095381329953
1789031094723173400,3.14117333984375,2.428019466345012,-10.065970213750004,-6.421996748296916
1789031094733177300,3.15117724609375,2.4630343733638527,-8.741678004997969,-6.543351383641362
1789031094743181600,3.161181640625,2.3431752372741697,-7.55310768737793,-5.613654705047606
1789031094753185300,3.171185302734375,2.5626931635983285,-6.668298782780766,-4.612428329247236
1789031094763188500,3.1811884765625,2.852392002868652,-7.569118910980224,-4.0399157340452065
1789031094773192400,3.1911923828125,2.676268835504353,-8.781783220893143,-4.02480350510925
1789031094783197000,3.201197021484375,2.4368488156192005,-8.519170395338534,-4.162619738171994
1789031094793201000,3.211200927734375,1.974767164556682,-6.899040552300214,-3.8715731375545266
1789031094803205000,3.221205078125,1.4510359897889198,-5.498285866114497,-3.0892689141422514
1789031094822588000,3.240587890625,1.3404536544799805,-6.817040314483641,-2.4854808907106527
1789031094832591000,3.250591064453125,1.4905404633119699,-8.900895922529697,-3.074005878558755
1789031094842594800,3.2605947265625,1.2451347931459547,-10.100838698035478,-3.588909457617998
1789031094852598800,3.270598876953125,1.2984054878234863,-10.051756394958495,-3.6387373183652754
1789031094862603000,3.28060302734375,1.2135608203612267,-9.363273195537923,-3.072508041216433
1789031094872607000,3.29060693359375,0.8819637442991135,-7.698404631584882,-2.683001358629763
1789031094882611000,3.30061083984375,1.0669162609376013,-5.9485448313057425,-2.935441165216268
1789031094892615200,3.310615234375,1.2828430309019985,-7.129483046612144,-3.614646248681843
1789031094902617900,3.320617919921875,1.1249753589354454,-11.372307663616539,-3.9018005180358886
1789031094912622000,3.3306220703125,1.573290204321593,-12.722041772139072,-3.5577848360359665
1789031094922626000,3.3406259765625,2.027439747210592,-10.885686176189779,-3.0654756583616134
1789031094932630000,3.350630126953125,2.449567865808308,-8.610597802191972,-3.015198884803057
1789031094942634000,3.360634033203125,2.3355434272214772,-7.627028079113364,-4.456357477569579
1789031094952638000,3.370637939453125,2.4187420810423794,-7.7013979681819675,-5.692363500103355
1789031094962642000,3.380641845703125,2.475903791809082,-9.083003132739663,-5.706131328693032
1789031094972645000,3.39064501953125,1.8173489899232984,-10.356569362860919,-5.010166249084473
1789031094982649000,3.400649169921875,1.3418005390442906,-9.78689900534749,-4.06670115737915
1789031094992652800,3.41065283203125,1.2988546928957108,-8.430882455554602,-3.8416462013244628
1789031095002657000,3.420656982421875,1.41587086064443,-7.519587695091961,-4.3510114354789255
1789031095012661000,3.430660888671875,1.6502034942626953,-6.79893416442871,-4.9348985343933105
1789031095022665000,3.4406650390625,1.6708531913205982,-6.430974127739667,-5.047425427898764
1789031095032669200,3.450669189453125,1.2886788974486292,-7.467364755901693,-4.683956272888183
1789031095042671900,3.460671875,0.9262566211424768,-9.413551430401206,-4.376150552910566
1789031095052675800,3.47067578125,0.5771519454404714,-9.852437353184818,-4.20765919559896
1789031095062680000,3.48068017578125,0.554257684326172,-8.830862601360678,-4.219630203899741
1789031095072684000,3.49068408203125,0.6063315704345702,-7.608174910083413,-4.3899183815002445
1789031095082688000,3.50068798828125,0.8280944992065427,-6.560113133350015,-4.320936030688882
1789031095092692000,3.51069189453125,1.1915645309999587,-5.829583520838618,-4.319588707733153
1789031095102696000,3.520696044921875,1.1489178139284255,-6.654834321051836,-4.249858753424883
1789031095112699100,3.53069921875,0.5083189399719239,-8.526500299835204,-3.8998546446651217
1789031095122703000,3.540703125,0.15008651657104521,-9.541192890930176,-3.7478234237670893
1789031095132706800,3.550706787109375,0.013168401391804307,-9.782558930316567,-3.9205058030277486
1789031095142711000,3.5607109375,0.14649477568939306,-9.727639591649174,-4.3815369221240275
1789031095152715000,3.570715087890625,0.836922971697897,-8.86153772560954,-5.000588857921958
1789031095162719000,3.580718994140625,1.6757915245056152,-8.30623374710083,-5.118054376873374
1789031095172723000,3.590722900390625,1.9283800919130445,-9.315839828711749,-4.581904596167803
1789031095182726000,3.600725830078125,1.1239281879700722,-10.450689662060142,-3.8030402840763324
1789031095192729900,3.610729736328125,0.8150757354184985,-10.27965329644084,-3.889380012401938
1789031095202734000,3.620734130859375,0.901865691729635,-9.593565467724204,-4.574421546936034
1789031095212738000,3.630738037109375,1.4270938270568847,-9.08988587799072,-4.863821257129311
1789031095222742000,3.640741943359375,1.9012951011106372,-8.750805898827315,-4.540303588756918
1789031095232746000,3.65074609375,1.8652327308654788,-8.891766275134682,-3.966743822589516
1789031095242750000,3.66075,1.5388729709349573,-9.712377725109457,-3.590703939819335
1789031095252754000,3.67075390625,1.3299791683472686,-10.33621923327148,-3.6321547251045705
1789031095262757000,3.680757080078125,1.313070265252888,-10.154708235388993,-4.110395629937946
1789031095272760800,3.6907607421875,1.4875474189758302,-9.146299254608154,-4.595670378930867
1789031095282764800,3.700764892578125,1.8122607268735769,-8.053942993596195,-4.736328557421267
1789031095292769000,3.71076904296875,1.7907133503235877,-7.741652237159013,-4.512920491790771
1789031095302773000,3.72077294921875,1.5792755623415111,-8.02297210127115,-3.9306811600834126
1789031095312777000,3.73077685546875,1.3712788547240196,-8.461257720074057,-3.2839471443727613
1789031095322781200,3.74078125,1.344045249231159,-8.714595936805008,-3.1567551811769605
1789031095332783900,3.750783935546875,1.4588168529234824,-8.50360457741618,-3.320458135168254
1789031095342788000,3.7607880859375,1.9403506618224085,-8.057685687255859,-3.8221930205747485
1789031095352792000,3.7707919921875,2.5068784835264086,-7.947699710404872,-4.403683872002363
1789031095362796000,3.780796142578125,2.212242333984375,-8.313117076873779,-4.5079821586057545
1789031095372800000,3.790800048828125,1.4487914257325227,-8.92393894446492,-4.08316217057556
1789031095382804000,3.800803955078125,1.0717043719969688,-9.63307037963867,-3.7491698699399834
1789031095392808000,3.810807861328125,0.9639654434204104,-10.026018727111815,-3.966144979913533
1789031095402812000,3.82081201171875,1.2991535297118124,-9.733177936553954,-4.0514381217956545
1789031095412815000,3.830815185546875,1.623567708532512,-9.259124838799236,-3.562871053259075
1789031095422818800,3.84081884765625,1.3391063315242528,-9.185950881516932,-3.281252498461306
1789031095432823000,3.850822998046875,0.6268317760191862,-9.421931136211754,-3.2097263083860277
1789031095442827000,3.860826904296875,0.3158849815368652,-9.830891291809083,-3.6171892111629247
1789031095452831000,3.8708310546875,1.0275611327573655,-9.54538157479167,-4.395753663524985
1789031095462835200,3.880835205078125,2.148795989990234,-8.667308115929364,-4.6987703956604
1789031095472839000,3.8908388671875,2.311003444726765,-8.035839766150712,-4.5570638771608465
1789031095482843000,3.9008427734375,2.0781671871460974,-7.891589700648188,-4.465335733795166
1789031095492846000,3.91084619140625,2.1267992622375487,-8.303091357421874,-4.160823502404988
1789031095502850000,3.92085009765625,3.1534627155028283,-9.168445035442709,-3.593846621759235
1789031095512853800,3.930853759765625,2.7178677970886227,-8.858395920452475,-4.266318305316567
1789031095522858000,3.94085791015625,2.8733409751340746,-7.521682621544599,-4.912452309307456
1789031095532862000,3.950862060546875,4.096478748266399,-6.670244071629643,-4.470423120062053
1789031095542866000,3.960865966796875,4.090344044903666,-6.832154881507158,-3.980210622406006
1789031095552870100,3.9708701171875,2.716820187731832,-7.9939394835323085,-3.724030752508342
1789031095562874000,3.9808740234375,0.8192657344542442,-9.41160614155233,-3.78942238535136
1789031095572877000,3.990876953125,-0.0022447101868687813,-10.17685284717977,-3.8593034385681153
1789031095582881000,4.000881103515625,0.6046858490541576,-10.028414097815752,-4.446630741064251
1789031095592885000,4.010885009765625,1.4646527194701138,-9.4876214597404,-4.84631248844564
1789031095602889000,4.020888916015625,1.7509097477234903,-9.247903187561034,-3.815758311352134
1789031095612893000,4.030892822265625,1.2301705943785608,-9.602992052239179,-2.9884122924253345
1789031095622897000,4.04089697265625,1.01858287653178,-9.721804309624433,-2.4482205428525807
1789031095632900900,4.05090087890625,1.6385320534303782,-9.14330767157674,-2.192190895080566
1789031095642905000,4.060905029296875,2.683750569561868,-8.100632848578691,-4.158429300744832
1789031095652908000,4.070907958984375,3.1420904037475585,-8.013991506958007,-5.687426335962117
1789031095662912000,4.080912109375,2.8326394007809457,-9.90915058953166,-4.604199137823284
1789031095672916000,4.090916015625,1.5327382675722243,-12.491000727412104,-2.843413746643066
1789031095682920000,4.100919921875,0.8937852611266075,-13.010240874370933,-1.4694412689208982
1789031095692924000,4.110923828125,1.339854957934469,-10.82268816048503,-1.3449430748537186
1789031095702928100,4.12092822265625,1.640776179095358,-8.309674242943526,-2.853289828491211
1789031095712931800,4.130931884765625,2.4021327454164623,-6.742073044043778,-4.368520204162597
1789031095722935800,4.140935791015625,3.711162210845947,-6.646004533386231,-4.980239312854409
1789031095732939000,4.15093896484375,3.6200332024171944,-8.386291618677973,-3.928586525891721
1789031095742943000,4.16094287109375,1.591545845849812,-10.162040477973223,-2.308310552380979
1789031095752947200,4.170947265625,0.3380310546323657,-10.263342797631026,-2.105100932909548
1789031095762951000,4.180950927734375,0.6118678695127364,-9.70549322629273,-2.8505954748407
1789031095772955000,4.190954833984375,0.9618708092287185,-8.494629828321933,-3.792416598731279
1789031095782958600,4.20095849609375,1.79714791341573,-7.098658869281411,-4.1470571351200345
1789031095792962600,4.210962646484375,2.472312197057903,-6.9874763761222365,-3.645769701220095
1789031095802966300,4.22096630859375,2.112134484808147,-8.02506352059245,-2.8579285942077637
1789031095812969500,4.230969482421875,1.117643847003579,-9.47954395174682,-2.584990773993731
1789031095822973400,4.240973388671875,0.45804099736958737,-10.59748590491414,-3.0560487815856936
1789031095832977400,4.250977294921875,0.45250440603047615,-10.907834295111895,-3.815309690801799
1789031095842981400,4.2609814453125,0.9075517745420343,-9.899573782891036,-4.714332121929527
1789031095852985300,4.2709853515625,1.8306664443969725,-8.772356051856278,-4.511126009589433
1789031095862989300,4.2809892578125,2.575562728174031,-8.36983031322062,-3.495236025403439
1789031095872993500,4.29099365234375,3.104082452392578,-8.72656694510579,-2.554913615638018
1789031095882997500,4.30099755859375,3.3265938614442945,-9.498397705298661,-2.529025433404743
1789031095893001200,4.311001220703125,2.971503535461426,-9.89613328704834,-3.4662054534912103
1789031095903004400,4.32100439453125,1.936310300390423,-9.146747582897543,-4.454860224749148
1789031095913008400,4.33100830078125,2.0664950156614186,-9.046939301189779,-3.8117175115287303
1789031095923012600,4.3410126953125,2.700210852105915,-10.023625694495438,-2.607735105243325
1789031095933016600,4.3510166015625,1.8876783714294436,-10.140641716113686,-3.15406141204834
1789031095943020300,4.361020263671875,1.2165540108278392,-9.26376594260335,-4.772542318835854
1789031095953024500,4.3710244140625,1.9416975463867188,-9.170690184020996,-4.839430327716469
1789031095963028500,4.381028564453125,3.0253730728149417,-9.491364153400063,-4.030189289800823
1789031095973032400,4.391032470703125,3.3240494376584886,-9.768940739330649,-3.29771321939677
1789031095983035400,4.401035400390625,3.096001437267661,-10.241944035771489,-2.9349913756221526
1789031095993039400,4.411039306640625,2.9333459465026848,-10.5337391166687,-3.3689415955692534
1789031096003043300,4.421043212890625,2.5326158591121435,-9.863660173466801,-4.310310591778158
1789031096013047600,4.431047607421875,2.321777352197468,-8.7711589510262,-5.132719738824665
1789031096023051500,4.441051513671875,2.5842411246702075,-8.399307167595625,-5.067775849749148
1789031096033055500,4.451055419921875,2.7898443612799046,-8.856452385169268,-3.998466702325642
1789031096043059500,4.4610595703125,3.283348301696777,-9.85004490509033,-3.438373151452839
1789031096053063400,4.4710634765625,2.9703061423704025,-10.472536752209066,-4.084507739965618
1789031096063067400,4.4810673828125,2.393602817480266,-9.062800887188313,-5.506962509045005
1789031096073070600,4.491070556640625,3.395127883966267,-7.608325132209061,-5.953931200519204
1789031096083074300,4.50107421875,3.794061151067912,-6.928669382366538,-5.748029565484821
1789031096093078300,4.511078369140625,3.5898058219358324,-7.196670330700278,-4.810848960876465
1789031096103082500,4.52108251953125,3.1338603355407715,-8.84298324726522,-3.512892093603313
1789031096113086500,4.53108642578125,1.9547154333919279,-9.954640421074629,-4.047397321972251
1789031096123090400,4.54109033203125,1.7723071944087745,-10.04906116452515,-4.856936173790693
1789031096133094700,4.5510947265625,2.0311808334350587,-9.283816212463378,-5.429450230297446
1789031096143098400,4.561098388671875,2.563890702819824,-7.280318920245767,-6.384587931878864
1789031096153101600,4.5711015625,3.1631890136167407,-5.0770536734431975,-6.7437170118585215
1789031096163105500,4.58110546875,3.544914833068847,-4.684254379051923,-5.171025796343386
1789031096173109500,4.591109619140625,2.7669495156437156,-6.800731569239496,-3.1579537433117624
1789031096183113200,4.60111328125,1.3229460548400878,-9.680355862426758,-2.9807816514164207
1789031096193117400,4.611117431640625,0.24989538280069823,-10.859950846430658,-3.405453755408525
1789031096203121400,4.621121337890625,0.26111791082173585,-8.75799084189534,-4.138976412256062
1789031096213125400,4.63112548828125,1.0627259696409108,-3.2914275632560246,-5.2711336455196145
1789031096223129600,4.641129638671875,3.6040219788148997,0.059853872460125856,-4.4792523232057695
1789031096233133600,4.651133544921875,4.428076262719928,-2.9352924043953417,-1.9931737588629121
1789031096243136500,4.661136474609375,1.020228890173137,-10.76328261631429,-1.392227388598025
1789031096253140500,4.671140380859375,-0.5590459415160121,-15.263036752539872,-3.300707432776689
1789031096263144400,4.68114453125,0.012270283508300839,-13.82157654647827,-5.2793645905092355
1789031096273148400,4.6911484375,2.332401037542522,-5.985054068535566,-6.271760594122111
1789031096283152400,4.70115234375,4.203918840026855,-0.7190081015437846,-4.92292694157064
1789031096293156400,4.71115625,4.171896538952738,-6.037429567939043,-1.6659157349184155
1789031096303160300,4.721160400390625,1.2541130493715407,-16.086642123633624,-2.738068873596191
1789031096313164500,4.73116455078125,-0.43798897394388936,-20.257191778022047,-6.8511588571846485
1789031096323168500,4.74116845703125,1.2173019065856934,-13.988722334399819,-7.243956690271199
1789031096333171500,4.75117138671875,4.04874479105845,-4.7343853143990025,-5.90514934169352
1789031096343175400,4.761175537109375,3.8754641536436973,-4.4268782851070165,-4.4942157913208005
1789031096353179400,4.771179443359375,1.792209872491658,-10.530148983222245,-4.62514898687154
1789031096363183600,4.78118359375,0.5975029518127442,-13.647098515972495,-6.346729033605754
1789031096373187600,4.7911875,1.1278184734068808,-11.036221021050215,-6.729651953887939
1789031096383191300,4.80119140625,1.6747440612792968,-7.780407207489013,-6.13214870981425
1789031096393195300,4.8111953125,2.0823568939208985,-6.204871123936773,-5.233275039507449
1789031096403199500,4.821199462890625,1.976712745666504,-6.469581214031578,-4.883123923492431
1789031096413203500,4.831203369140625,1.5266029796876013,-7.928549604254961,-4.509479119165241
1789031096423206400,4.841206298828125,1.3217488078795374,-9.061453564232586,-4.172643996319175
1789031096433210400,4.85121044921875,1.188421995190531,-7.997383486506342,-4.037821684375405
1789031096443214300,4.86121435546875,1.2921207084655761,-6.049848904529214,-3.17291575012207
1789031096453218600,4.871218505859375,1.1800419971190392,-5.694308788952231,-2.207603568267823
1789031096463222500,4.881222412109375,1.1019311679564416,-6.696131377080082,-1.7657231398433444
1789031096473226500,4.8912265625,1.3828009502135217,-8.154500047844648,-1.5632634619563817
1789031096483230500,4.90123046875,1.5349824663024394,-8.60640619572103,-1.5658075934812428
1789031096493234400,4.911234375,1.3655927719116212,-7.40631261356771,-1.9032400976985695
1789031096503238400,4.92123828125,1.039831562396139,-6.258292333000897,-1.892465605705976
1789031096513242400,4.931242431640625,1.165527149554342,-6.686254710710048,-1.6192273412406442
1789031096523245300,4.941245361328125,1.6135421352110804,-7.667579285210371,-1.5282488471984865
1789031096533249300,4.951249267578125,1.859696139526367,-7.701997103118896,-1.913714729961753
1789031096543253500,4.96125341796875,1.7950526947021483,-7.310695353808999,-2.2635677398130296
1789031096553257500,4.971257568359375,1.2761096309937536,-7.048530856543778,-2.3509566849306225
1789031096563261400,4.981261474609375,0.6814497205872089,-7.486969035559891,-2.3410808953434223
1789031096573265700,4.991265625,0.369754591955617,-9.167997876197099,-2.0636524857118723
1789031096583269400,5.001269287109375,0.24555545390024813,-10.952126441302896,-2.041057207544148
1789031096593273300,5.0112734375,-0.24106603352651002,-11.646895589125156,-2.7693443018257615
1789031096603277600,5.021277587890625,-0.12973580245971683,-10.778394845250249,-3.9547722297668453
1789031096613280500,5.031280517578125,0.8683468684874477,-9.650278704071043,-4.559457786560058
1789031096623284200,5.0412841796875,1.4428059215821325,-9.95404245518148,-4.3149493574947115
1789031096633288400,5.051288330078125,1.3676878444947298,-11.218182685309648,-4.066701157379151
1789031096643292400,5.06129248046875,1.036240406036377,-12.25801322479248,-4.6255976074218745
1789031096653296400,5.07129638671875,1.0957961723327636,-12.519880784937738,-5.488408907483517
1789031096663300600,5.081300537109375,1.561468395233154,-12.07276362490356,-6.104616267505287
1789031096673304300,5.09130419921875,1.866429685565084,-11.791143901062014,-5.968146480615436
1789031096683308300,5.101308349609375,1.8939631507873533,-11.481544283404945,-5.314529427392781
1789031096693312500,5.1113125,1.7389387394227087,-10.838253978407383,-4.640263553895056
1789031096703315500,5.1213154296875,1.2068271281920373,-10.347738406151532,-4.257488225390016
1789031096713319400,5.1313193359375,0.9943417308531701,-10.17864849842489,-4.277689886419475
1789031096723323400,5.141323486328125,1.6614263145446777,-10.158896919250486,-4.182221972003578
1789031096733327400,5.151327392578125,2.0195089542113243,-10.048313561028241,-3.99352807687968
1789031096743331300,5.161331298828125,2.0082859877988692,-9.60269219250977,-3.7765535514280195
1789031096753335600,5.17133544921875,1.9844939010620115,-8.827421520996094,-3.576787058147788
1789031096763339500,5.181339599609375,1.881393592071533,-7.9135864284008735,-3.454533428137004
1789031096773343200,5.19134326171875,1.8445827415466307,-7.163750642395021,-3.242945564159751
1789031096783347200,5.20134716796875,1.8225861599244177,-6.660670187598466,-2.9709049850463867
1789031096793350100,5.21135009765625,1.69329927027598,-6.426487337714434,-2.758121189282835
1789031096803354400,5.221354248046875,1.2904748409546911,-6.643461278644204,-2.5050837090641256
1789031096813358000,5.231358154296875,0.6410476406373083,-7.037159567701817,-2.31040577109456
1789031096823362000,5.241362060546875,0.4641757007323204,-7.463623815807701,-2.8238109282895927
1789031096833366300,5.2513662109375,0.7101799213133753,-7.710226002281904,-3.6619311469480396
1789031096843370200,5.261370361328125,1.199345248004049,-7.664885808342695,-3.9184094152703874
1789031096853374200,5.271374267578125,1.6056114883422854,-7.453748318481445,-3.357568845422566
1789031096863378200,5.281378173828125,1.4103342693053185,-7.293036947521568,-3.014449527740478
1789031096873382100,5.291382080078125,1.2372039270814503,-7.234232291853428,-3.241000859832764
1789031096883385000,5.301385009765625,1.4773719888549297,-7.296778472137449,-3.516633033697307
1789031096893389300,5.311389404296875,2.0477907535828646,-7.735217820197344,-2.7495909690856934
1789031096903393300,5.321393310546875,1.9378068956237284,-8.70681361236572,-1.6038155448362232
1789031096913397000,5.33139697265625,1.3266869949340818,-10.175357055664062,-1.1987465514585378
1789031096923401200,5.341401123046875,1.1296142707824708,-11.38293251800537,-2.0651485694885254
1789031096933405200,5.3514052734375,1.6707036998473106,-11.208154627770185,-3.02971168654114
1789031096943409200,5.3614091796875,2.3201309001646937,-10.026167195671798,-2.480542557525635
1789031096953413400,5.371413330078125,2.364573414611816,-9.555707738494872,-1.5625161507204177
1789031096963417300,5.381417236328125,2.1740848911561073,-10.102634349280596,-1.4297878884464503
1789031096973420000,5.391419921875,2.972401214953512,-11.206657667210697,-1.8986013319820163
1789031096983424300,5.40142431640625,3.5109470970153804,-12.655601507025956,-2.612823076032102
1789031096993428200,5.41142822265625,3.40290874710083,-13.66909582824707,-3.019387276403606
1789031097003432200,5.42143212890625,2.394800210571289,-13.527090911322832,-3.3346745843082672
1789031097013436200,5.431436279296875,1.5179237064085902,-12.568960749927163,-3.528005199322104
1789031097023440100,5.441440185546875,1.115697973632812,-11.068545081549882,-3.6170401580810547
1789031097033444000,5.451444091796875,1.2642879680357875,-10.122683450096844,-3.8045351988092064
1789031097043448300,5.4614482421875,1.2747628925599157,-9.469517647773028,-3.9125741332456467
1789031097053452300,5.471452392578125,1.2261305252075196,-9.077615594482422,-3.340061245782673
1789031097063456300,5.481456298828125,1.447444541168213,-9.027785103386641,-2.7587191551759838
1789031097073459200,5.491459228515625,1.4781201038084926,-8.481308574455976,-3.1554078582212326
1789031097083463200,5.501463134765625,1.3091793952941893,-7.287650578308106,-3.955669470867514
1789031097093467100,5.511467041015625,1.7856253795348105,-6.590487813347577,-3.919158772332966
1789031097103471400,5.521471435546875,1.7500119221009314,-6.747310360175373,-3.4795234924867744
1789031097113475000,5.53147509765625,1.4342761397764088,-7.536796604046225,-3.114407154791057
1789031097123479000,5.54147900390625,0.9949402812682092,-8.316258882030844,-3.240102449688315
1789031097133483300,5.551483154296875,0.703745358221233,-8.749907488682865,-3.6183857274711126
1789031097143487200,5.5614873046875,0.9210193050108848,-8.606705470928548,-3.742435885509848
1789031097153491200,5.5714912109375,1.1385925270080566,-8.437465925598145,-3.3738790519714352
1789031097163494100,5.581494140625,1.501014803314209,-8.226925817108155,-2.9111995811462403
1789031097173498000,5.591498046875,1.8393452792845664,-7.633313442993162,-3.039439299829304
1789031097183502000,5.601502197265625,2.060210820825398,-7.366811208784579,-3.1732164866343138
1789031097193506300,5.61150634765625,2.09896652180776,-8.049304812401532,-2.8651106146663428
1789031097203510300,5.62151025390625,1.4740800346374512,-9.056815967559814,-2.248903254644573
1789031097213514000,5.631513916015625,1.063324666186422,-9.739909875157474,-1.8073229782104492
1789031097223518200,5.641518310546875,1.0199300533570348,-9.667337975421548,-2.1930890129640694
1789031097233522200,5.651522216796875,1.3380595989502964,-9.293094912940264,-2.688987739562988
1789031097243526100,5.661526123046875,1.470638223620504,-8.859592436760664,-3.110515992571413
1789031097253530400,5.6715302734375,1.372027188873291,-8.939050588878988,-3.3373674766540526
1789031097263533000,5.681532958984375,1.2150573425292968,-9.881469386401772,-3.3397622628360986
1789031097273537300,5.691537353515625,1.0669161148071287,-11.444134882465004,-3.213467248480022
1789031097283541200,5.701541259765625,0.7947253135681152,-12.568360445946455,-3.5642174994319675
1789031097293545200,5.711545166015625,0.6175543907165526,-12.910581645745038,-4.2516529433652765
1789031097303549200,5.721549072265625,0.7448959915161133,-12.00333002319336,-4.9634793167114255
1789031097313553200,5.73155322265625,0.8340800033569334,-9.861268309894204,-5.570409437561035
1789031097323557000,5.74155712890625,1.3519757499694824,-8.755745108795166,-5.124788653564453
1789031097333561000,5.75156103515625,1.7034746273316443,-9.450513672095537,-4.540454687665402
1789031097343565300,5.7615654296875,1.5982790996275842,-11.227158018925785,-4.34128616027832
1789031097353568000,5.771568115234375,0.9704001526430249,-12.943355788099765,-4.50424238755554
1789031097363572200,5.781572265625,0.03262085148915639,-12.280309227752685,-5.49304708867818
1789031097373576200,5.791576171875,0.8081928440369667,-9.061755177527665,-6.956653075574337
1789031097383580200,5.801580078125,2.5263319565370677,-7.393896199586987,-7.000048272925615
1789031097393584000,5.811584228515625,3.1323641056336458,-7.456592601996659,-6.3989540186226375
1789031097403588400,5.82158837890625,2.6010006824217733,-8.502855804875493,-5.169678765648603
1789031097413592000,5.831592041015625,1.5860089622497557,-9.229199656134844,-4.067300876837968
1789031097423596000,5.841595947265625,0.8189664592467248,-8.118737829589843,-4.245518678393959
1789031097433600300,5.851600341796875,1.4155717315673828,-5.766884195819497,-5.001338507245481
1789031097443603200,5.861603271484375,2.340481760406494,-4.104260780444742,-4.60943674621582
1789031097453607200,5.871607177734375,2.707542802429199,-4.071339338573813,-3.0169933670043947
1789031097463611100,5.881611083984375,2.4042273796081544,-5.4055093827396625,-2.041056915283203
1789031097473615000,5.891614990234375,1.689857459259033,-6.674136987414956,-2.2674586097717278
1789031097483619300,5.901619384765625,0.8420107963562012,-7.255928575354814,-2.5831948304876686
1789031097493623300,5.911623291015625,0.7438486744202674,-6.132000533515216,-3.500322827148438
1789031097503627300,5.921627197265625,1.4658501125611365,-6.949321125251055,-2.908506688800454
1789031097513631200,5.93163134765625,1.2216415432251992,-10.540025649592282,-1.0307041069582104
1789031097523635200,5.94163525390625,0.19258374216929086,-13.132646187812089,-0.5156517670780416
1789031097533639200,5.95163916015625,-0.4311059364318848,-11.764957904925941,-1.9856912941530345
1789031097543642400,5.961642333984375,0.7811081454955042,-5.018245510643719,-4.426878869628906
1789031097553646000,5.97164599609375,2.3594855899535117,-1.2128121939510104,-3.510797167150676
1789031097563650000,5.981650146484375,1.798194938250631,-6.452073614391685,0.5267240729734293
1789031097573654300,5.991654296875,-0.12165537185668973,-14.25537595977783,0.6956652198791504
1789031097583658200,6.001658203125,-1.0235212097167965,-15.758486274066566,-2.8800758363470433
1789031097593662200,6.011662109375,-0.155024557495117,-11.335498566657304,-5.981763210296631
1789031097603666400,6.02166650390625,1.2500723956786095,-7.260266312298178,-5.275024807739257
1789031097613670100,6.031670166015625,1.4854524925231931,-6.678925390735268,-3.9701849029541014
1789031097623674000,6.041674072265625,1.0896608844481408,-8.796445952495933,-2.884563503155113
1789031097633677300,6.05167724609375,0.20171134373769184,-11.110740547722578,-3.4177228698730464
1789031097643681300,6.061681396484375,0.1942297558106485,-11.78530920355916,-5.070320858056843
1789031097653685000,6.07168505859375,0.5883747657224536,-10.92488947480917,-6.170754627062379
1789031097663689200,6.081689208984375,1.0181343290466816,-9.895535905677079,-6.022615152905881
1789031097673693200,6.091693115234375,1.183184605993703,-9.050981270056962,-4.858134735925495
1789031097683697200,6.101697265625,0.8569744836669414,-7.783698650249838,-4.081664625494183
1789031097693701400,6.111701416015625,0.8412626083374023,-6.91490213829875,-3.797203540746868
1789031097703705000,6.121705078125,1.2961609237670897,-7.7039435610115525,-3.3409590714052317
1789031097713709000,6.131708984375,1.565957523345947,-8.896552340367435,-2.8247087539121507
1789031097723712300,6.141712158203125,0.5392938508849591,-9.90271675709188,-2.5664342498227954
1789031097733716200,6.15171630859375,-0.3175309951782227,-9.675715927666424,-2.867654746191204
1789031097743720200,6.16172021484375,-0.12689276105351732,-8.467541330388185,-3.1991020385190843
1789031097753724200,6.17172412109375,0.9485528432983904,-7.60308898512125,-2.9611800021067265
1789031097763728100,6.18172802734375,1.601720837579295,-7.664138204845786,-2.1739342306390403
1789031097773732000,6.191732177734375,1.3934255123414099,-8.035392022383212,-1.470937937219441
1789031097783736600,6.201736572265625,1.1921628622192888,-8.202235612487794,-1.3548188644409178
1789031097793740500,6.211740478515625,1.0965442872863262,-7.939321758159994,-1.5679028121948242
1789031097803744500,6.22174462890625,0.955136824798584,-7.869890494537352,-1.6467618293762207
1789031097813747700,6.231747802734375,0.506224013519287,-8.365041325378419,-1.9991583862304685
1789031097823751400,6.24175146484375,0.3731961837768555,-9.13567440021932,-2.3294085777282714
1789031097833755400,6.25175537109375,1.019181500012055,-9.655513682115076,-2.2972356161370877
1789031097843759600,6.261759521484375,1.7091608562745153,-9.912145679694415,-2.1829133636474607
1789031097853763600,6.271763671875,1.4252978835508225,-10.313022482079267,-2.5189994216918943
1789031097863767600,6.281767578125,0.6057330200195312,-10.885387485504149,-3.142389971216023
1789031097873771800,6.291771728515625,0.2753333370484412,-11.81074759619832,-3.8814500961855054
1789031097883775500,6.301775390625,0.5565021022520958,-12.600234424591061,-4.838232203973084
1789031097893779500,6.311779541015625,1.167023671722412,-12.816460177502034,-5.661239024651795
1789031097903783700,6.32178369140625,1.5375263786315916,-12.387599389648436,-5.88210412780121
1789031097913786600,6.33178662109375,1.6949451377868652,-11.74176349182129,-5.702390096338093
1789031097923790300,6.341790283203125,1.4154220939636228,-11.656171951514484,-5.373037292071432
1789031097933794600,6.351794677734375,1.1760019279479978,-11.710788507843017,-4.890306528472901
1789031097943798500,6.361798583984375,1.2108673434935509,-11.065699628990886,-4.40727590514496
1789031097953802500,6.371802490234375,1.2684779670715332,-9.939079279327391,-4.245218818664551
1789031097963806700,6.381806640625,1.7193362133301795,-9.337836556464433,-4.361188692230731
1789031097973810700,6.391810791015625,2.2813749069213864,-9.758915604400636,-3.7735615300051863
1789031097983814400,6.401814453125,2.431162148284912,-10.157101268005372,-2.758270096234232
1789031097993818600,6.411818603515625,2.04150568196401,-9.61466436985433,-2.329407700945437
1789031098003821600,6.421821533203125,1.822735651397705,-8.486845750316975,-2.5191492054261264
1789031098013825500,6.431825439453125,2.1064485481262203,-7.6400483042061325,-2.7647040748044844
1789031098023829500,6.44182958984375,2.464681117657572,-7.223008302527667,-2.6089314754210413
1789031098033833500,6.45183349609375,2.617909731646627,-7.131427750939129,-1.855356064495444
1789031098043837400,6.46183740234375,2.4182931682310995,-7.423669406560066,-0.9349350176386537
1789031098053841700,6.471841552734375,2.05093314326182,-7.907899614936112,-0.43185485510304633
1789031098063845600,6.481845703125,1.8900725730895993,-8.125472106280924,-0.554557251794636
1789031098073849600,6.491849609375,1.4827593079164623,-7.917776865828038,-1.0865198099434377
1789031098083853600,6.501853515625,1.2999017177306114,-7.466766790008546,-1.9153608897335828
1789031098093856500,6.5118564453125,1.8731633777342735,-6.894401786583662,-2.423381285150349
1789031098103860700,6.52186083984375,2.2475568084716793,-6.941091057044266,-2.156876858984679
1789031098113864700,6.53186474609375,1.5746362121030688,-7.95518217511475,-2.1472988833002753
1789031098123868400,6.541868408203125,0.9195229289732871,-9.290848010796308,-2.5529668654844166
1789031098133872400,6.551872314453125,0.5975028056822718,-10.197952333831786,-3.1648350272580976
1789031098143876600,6.561876708984375,0.6688800888061522,-10.012103014484046,-3.2996590927675364
1789031098153880600,6.571880615234375,1.1563995479859412,-9.127296447974443,-2.6194059615537526
1789031098163884500,6.581884521484375,1.1273695605956018,-9.134777159118652,-1.989581287328899
1789031098173888500,6.591888427734375,0.9496000873290001,-9.996689172253012,-1.5863073606744407
1789031098183891500,6.601891357421875,1.0203785277768973,-10.806526714757085,-1.6017203261226416
1789031098193895700,6.611895751953125,1.155052809552103,-11.080366452246906,-2.1267998467594387
1789031098203899600,6.621899658203125,1.6793826808653771,-10.752508124321698,-2.7626088560909032
1789031098213903600,6.631903564453125,2.2313958011351525,-10.28504141921997,-2.9272105124875902
1789031098223907600,6.641907470703125,2.674472599737346,-10.507251507237552,-2.2560861518859863
1789031098233911600,6.65191162109375,2.9855693240843713,-11.154734003227947,-1.3730746520996095
1789031098243915500,6.66191552734375,3.063530807904154,-11.588984667426345,-1.0125976646423338
1789031098253919500,6.67191943359375,3.095104196166992,-10.96753852996826,-1.6484084275394677
1789031098263923700,6.681923828125,2.8520927276611325,-9.641599723052979,-2.8283003486633302
1789031098273926400,6.691926513671875,2.600252640533447,-8.99591346282959,-2.8959371300846337
1789031098283930600,6.7019306640625,2.426823096167296,-9.415350004255773,-2.066795459912717
1789031098293934600,6.7119345703125,2.318335395050049,-10.06881449726522,-1.8592463499322531
1789031098303938600,6.7219384765625,2.137124403027445,-9.85932360556722,-2.611625390680134
1789031098313942800,6.73194287109375,1.8290202846251429,-9.371952176555988,-2.91119958114624
1789031098323946500,6.741946533203125,1.8508673747740685,-8.954911590355634,-2.4164976631164548
1789031098333950500,6.751950439453125,1.9852420890808102,-8.61403829803467,-1.9702786209657788
1789031098343954700,6.76195458984375,2.018012724304199,-8.41322580283284,-1.9690818123966456
1789031098353958700,6.771958740234375,1.811213555908203,-8.646509073528648,-2.2017671171993016
1789031098363961300,6.78196142578125,1.6946458625793455,-8.847623182025552,-2.80884804469645
1789031098373965600,6.791965576171875,1.6597801547728475,-8.566153095787763,-3.648763330078125
1789031098383969500,6.801969482421875,1.6754922492980955,-8.376264730182289,-3.8470334473207592
1789031098393973500,6.811973388671875,1.671003267315775,-8.44150730994344,-3.4781773385748265
1789031098403977700,6.821977783203125,1.6754919570371507,-8.896253065159915,-3.1765067603513595
1789031098413981700,6.831981689453125,1.6813279697142542,-9.605984804314375,-3.2200507185235616
1789031098423985400,6.8419853515625,1.2575542758665978,-9.965264690941574,-3.7529102255120876
1789031098433989600,6.85198974609375,0.30750527572631836,-9.562441430664062,-4.246265989629924
1789031098443993600,6.86199365234375,0.2195182916503401,-8.769211908611654,-4.187009498541057
1789031098453996500,6.87199658203125,1.0125978107728064,-9.094226537543534,-3.773860659082234
1789031098464000500,6.88200048828125,1.8974047426085918,-10.608706971630452,-3.164985249383747
1789031098474004500,6.89200439453125,1.3940237704955039,-11.975346037724613,-3.1187469375610353
1789031098484008400,6.902008544921875,0.9665092826843261,-11.80476092300415,-3.720140467071533
1789031098494012700,6.9120126953125,1.3551182127136736,-9.856480491095782,-5.0447334123358125
1789031098504016600,6.9220166015625,2.11078811170049,-7.9430621137321,-5.713462986755371
1789031098514020400,6.932020263671875,2.29199917678833,-7.247098787689209,-5.2691886489316815
1789031098524024600,6.942024658203125,2.216731462097168,-7.867346655273437,-4.205115648595989
1789031098534028500,6.952028564453125,1.4130278923034667,-9.36492154726684,-3.4042563623175033
1789031098544031700,6.96203173828125,0.7068880401611328,-9.96017818145752,-3.774609139361977
1789031098554035700,6.97203564453125,0.44696744936518373,-7.320421213531494,-5.242853015191852
1789031098564039400,6.982039306640625,1.2734160079956054,-3.7656291295707227,-5.146335883983969
1789031098574043400,6.99204345703125,3.2106246454652396,-3.319711408454178,-2.8411694748476144
1789031098584047600,7.002047607421875,3.8186020834106946,-8.054244022369383,-2.561496793420612
1789031098594051600,7.012051513671875,2.026841269860789,-14.60762346355021,-4.664952297210693
1789031098604055600,7.0220556640625,0.8667009279113264,-16.686686576622723,-5.346251430346071
1789031098614059500,7.0320595703125,1.4453496877808123,-13.318646898329256,-3.9166158098518844
1789031098624063500,7.0420634765625,2.336142416027933,-7.370700617438554,-4.037372771564126
1789031098634066700,7.052066650390625,2.8241104957580565,-3.1265280929565433,-4.106056139428913
1789031098644070700,7.062070556640625,1.5478513732910155,-5.193023985400796,-2.1526868599489335
1789031098654074600,7.07207470703125,-0.0348654886107892,-9.868001417541503,-0.7261909987851976
1789031098664078600,7.08207861328125,-0.20949249913319956,-11.492918494856356,-0.9522945871099826
1789031098674082600,7.09208251953125,0.6203975051879883,-8.976461743384599,-2.0649995164066546
1789031098684086500,7.10208642578125,1.1194389137268064,-7.148340307295322,-2.2584806458070874
1789031098694090500,7.112090576171875,1.454627000018209,-4.657019750645756,-3.349937035369873
1789031098704094700,7.1220947265625,1.3039421522278336,-1.8278244989693153,-3.832368962152302
1789031098714097400,7.132097412109375,0.4459200592041016,-2.5420436126708976,-1.9144629179805515
1789031098724101600,7.1421015625,-0.755071202441305,-6.824075619947909,-0.45011108115315457
1789031098734105600,7.152105712890625,-0.9917979646544903,-11.451615593609215,-0.8870522996097803
1789031098744109600,7.162109619140625,-0.9466076275147497,-13.722066955456137,-1.8917185867309567
1789031098754113800,7.17211376953125,-0.4189852174621074,-13.286622113037108,-3.047819005639851
1789031098764117500,7.182117431640625,0.9356839363098144,-10.355670368194579,-4.325274936676025
1789031098774121500,7.19212158203125,2.447023734283447,-8.39616594696045,-4.19134957357198
1789031098784126000,7.2021259765625,2.5339632186004892,-9.527575284466145,-2.856581271252036
1789031098794130200,7.212130126953125,1.9066822740416973,-9.973795203399659,-2.96656520227641
1789031098804133000,7.222133056640625,1.4790180755615232,-9.546728897747396,-4.059817535345257
1789031098814137000,7.23213720703125,1.401206485073827,-8.892663516235352,-5.0881277329042565
1789031098824141000,7.24214111328125,1.0021230323791501,-9.357438498035073,-4.8677121270880095
1789031098834145000,7.25214501953125,0.2469021010025404,-11.377846008521319,-3.9775171455383296
1789031098844149000,7.26214892578125,-0.8026560335021466,-12.644826430511474,-4.144811402019858
1789031098854153200,7.2721533203125,-1.6282068304420914,-12.977770098876952,-4.665251572418213
1789031098864157000,7.282156982421875,-1.6724995291889413,-13.748106236597895,-4.53536759365946
1789031098874161000,7.292160888671875,-1.2894272498642094,-13.640363654759526,-4.610782900127768
1789031098884164000,7.3021640625,-0.5259761315498035,-12.394184613257647,-5.092317293548584
1789031098894168000,7.31216796875,0.26096798095703116,-10.300904174262284,-4.881628716498613
1789031098904172000,7.322172119140625,0.8484451585189439,-8.374618132019043,-4.062960509546101
1789031098914176000,7.332176025390625,1.8959083300383759,-7.561338924628496,-3.1191967271551486
1789031098924180000,7.342179931640625,3.359813044152781,-7.504625103759765,-2.379238192041218
1789031098934184200,7.35218408203125,3.723432567419484,-7.772027501678468,-2.7973250724241137
1789031098944188200,7.362188232421875,2.721459172644093,-7.932290544348955,-3.84613620622009
1789031098954192100,7.372192138671875,1.2921207084655761,-7.7590078611075874,-4.763263910619915
1789031098964195800,7.38219580078125,0.6962636972289533,-7.24605132446289,-4.988618726404011
1789031098974199000,7.392198974609375,0.6468832879882305,-6.694635001042485,-4.805461130358278
1789031098984203000,7.402203125,0.6619967590332033,-6.388328579711912,-4.279635759790241
1789031098994207200,7.412207275390625,0.523282554217428,-6.188263103485108,-3.4760812430784105
1789031099004211000,7.4222109375,0.4659715711731462,-5.9609647524178,-2.8488007003784177
1789031099014215000,7.43221484375,0.7410054138183594,-5.6015340591430665,-2.6545713829591873
1789031099024219100,7.44221923828125,1.5637131784852594,-5.322013353407382,-2.741960035815835
1789031099034223000,7.45222314453125,2.230348264843598,-5.29881601769328,-2.6210519751951096
1789031099044227000,7.46222705078125,2.4577976417541505,-5.870133557891845,-2.2189766106754543
1789031099054230000,7.47222998046875,1.8810942437987774,-7.0388032432556145,-2.6014491568416354
1789031099064234000,7.48223388671875,0.5207390072144569,-8.981550006434322,-4.217237463544309
1789031099074238000,7.492238037109375,-0.05237316131591774,-11.454757983288168,-6.335207522638141
1789031099084242200,7.5022421875,0.4046200805664061,-14.081197789001465,-7.831583267974853
1789031099094246100,7.51224609375,0.25603008616343137,-15.986384929114582,-7.781754238183796
1789031099104249900,7.522249755859375,-0.38920762657485874,-16.992396201103922,-6.3162032546997064
1789031099114254000,7.532254150390625,-0.46612120877690644,-16.398784996032713,-4.0262995888859034
1789031099124258000,7.542258056640625,0.5467757310729474,-13.90028475701213,-2.152686859948933
1789031099134262000,7.552261962890625,1.8439842641968278,-10.65554471065104,-2.3964459319517015
1789031099144265200,7.56226513671875,2.990657294873148,-8.419510582190751,-2.774132120624185
1789031099154269000,7.57226904296875,3.8121674472533167,-7.8365213088989245,-2.2711998421266673
1789031099164273000,7.58227294921875,3.8777085715696216,-8.659825651219487,-1.5723916480466724
1789031099174277000,7.592277099609375,3.3734299930296836,-9.684247024646398,-1.5972320747926836
1789031099184281000,7.602281005859375,2.501940880993754,-9.614965398627518,-2.4468743889406324
1789031099194285000,7.61228515625,2.0251951831541954,-8.68302006432414,-2.7774238556459543
1789031099204289000,7.6222890625,1.9891326667785643,-7.502828283470866,-2.652924492534995
1789031099214293000,7.63229296875,2.134580271502584,-6.512976119121909,-2.560747728618979
1789031099224296200,7.642296142578125,2.159569605199993,-5.674406403130293,-2.6656439811155197
1789031099234300200,7.652300048828125,2.0196584456846116,-4.988317989891766,-2.9287071807861325
1789031099244304100,7.66230419921875,1.5707456344053154,-5.096505392888191,-3.168874658037722
1789031099254308000,7.67230810546875,0.9361331413820382,-5.748180079871416,-3.3800147782474754
1789031099264312000,7.68231201171875,0.8370730476930737,-6.149658355280757,-3.30055721065104
1789031099274316000,7.69231591796875,1.1911156181886788,-6.582560527479648,-2.6952725189208984
1789031099284320000,7.702320068359375,1.1159971027098594,-7.547869786724449,-2.0358193068906667
1789031099294324200,7.71232421875,0.5770027462281286,-9.036466422492266,-1.7796400215148929
1789031099304328000,7.722327880859375,0.07107756952494393,-10.59883030526042,-1.999756352123618
1789031099314331100,7.7323310546875,0.385017846734822,-11.598412420985103,-3.062783350537717
1789031099324335000,7.742335205078125,0.8198642848692834,-12.109871412548424,-3.7009868537902832
1789031099334339000,7.752339111328125,1.2506713844850657,-12.107928461787104,-3.2421976684018965
1789031099344343000,7.762343017578125,1.6786349312379956,-12.243200271064042,-2.5002950134828685
1789031099354347000,7.772346923828125,2.756624228723347,-12.420670469123124,-2.2955907715395094
1789031099364351000,7.78235107421875,4.0201635703489185,-12.50012628315389,-2.8974320448175073
1789031099374355200,7.792355224609375,4.302529874774068,-12.367546781700845,-3.5395281715944407
1789031099384359200,7.802359130859375,3.490745582116395,-11.699414296391605,-4.281430534252524
1789031099394361900,7.81236181640625,2.3666681949339803,-11.33250347649455,-4.32901529224813
1789031099404366000,7.822365966796875,1.8010381988525395,-11.295993070220945,-3.8687306076049803
1789031099414370000,7.8323701171875,1.0791863983154295,-10.89227139979899,-3.99996249384135
1789031099424374000,7.8423740234375,0.6189009830199188,-9.879074015697835,-4.28023431020528
1789031099434378200,7.852378173828125,1.193659019061178,-8.929024869427085,-3.750217040905356
1789031099444382000,7.8623818359375,1.403151810455322,-8.31117237254679,-3.301006123462319
1789031099454386000,7.872385986328125,0.9657613869264723,-7.71845899309814,-4.08016854171753
1789031099464390100,7.88239013671875,0.7504328751161693,-7.182457680952549,-5.00148814484924
1789031099474393000,7.89239306640625,1.619677569226175,-7.235278586035966,-4.722862342126668
1789031099484397000,7.90239697265625,2.1679497494019566,-7.734020719367264,-3.659088616998494
1789031099494401000,7.912401123046875,1.9509747855588788,-8.533532098168134,-2.728790757641196
1789031099504405000,7.922405029296875,1.664718487957865,-9.255685512000321,-2.901772996631265
1789031099514409000,7.932408935546875,1.1713633083619177,-9.512164364844558,-3.2399539811283353
1789031099524413200,7.9424130859375,1.1577459941588344,-9.352348481419682,-3.1657331451416013
1789031099534417200,7.952417236328125,0.5984007774353026,-8.168866426849366,-3.747673493902385
1789031099544420900,7.9624208984375,-0.10983385502919574,-5.132720615607499,-5.462670655114948
1789031099554424000,7.972424072265625,0.36152445068359396,-3.166331695556641,-5.106832141113281
1789031099564428000,7.982427978515625,3.055001318359375,-5.538835903167724,-1.6551412429258225
1789031099574432300,7.992432373046875,3.0223801746092733,-11.808650331658125,-0.4263166563287375
1789031099584436200,8.002436279296875,1.366789872741699,-17.317261192432046,-1.9764128859370949
1789031099594440000,8.01243994140625,-0.12270283508300772,-17.835305992126465,-3.414430550329387
1789031099604444000,8.02244384765625,0.0424970794677737,-11.047893923187255,-5.473294632720947
1789031099614448000,8.0324482421875,1.346140029553324,-2.8440134661018837,-7.956830234582721
1789031099624452000,8.0424521484375,4.94926389048472,-0.4269160835266117,-5.0861827363163234
1789031099634455000,8.052455078125,5.825092639160156,-6.27565263312459,-0.19946721807271217
1789031099644459000,8.062458984375,0.4616321537293494,-14.96421045783162,-1.6433204567506912
1789031099654463000,8.072462890625,-0.7178114391051234,-15.146768334418535,-6.327427244025469
1789031099664467200,8.08246728515625,1.756296555328369,-8.067711406707764,-7.8516341223567725
1789031099674471200,8.09247119140625,2.5787047525268045,-3.4760803662955757,-4.818030981335044
1789031099684475000,8.102474853515625,1.7126024480957536,-3.202394358062744,-1.6524477660581467
1789031099694479000,8.11247900390625,0.80295523564443,-6.699872317174076,-1.309029465429485
1789031099704483000,8.122483154296875,0.6373067005433143,-11.430518445044756,-1.983296800231934
1789031099714486000,8.132486083984375,0.7538741746764629,-13.160176584294438,-2.19952284540385
1789031099724490200,8.142490234375,0.6687307434633374,-10.479123729383945,-3.887884513147175
1789031099734494000,8.152493896484375,1.515679361547902,-7.47574621527791,-3.1661823502138255
1789031099744498000,8.162497802734375,1.3982136234007776,-7.322215695732831,-0.9328405295774336
1789031099754502100,8.172502197265626,0.6986579719543458,-8.45976134403646,-0.12210370014607896
1789031099764506000,8.182506103515625,0.1328781921386718,-8.948329873877764,-0.9813234054565423
1789031099774510000,8.192510009765625,0.07227481648549428,-8.257450719231366,-2.8473034475579855
1789031099784514000,8.20251416015625,0.7188590484619142,-6.517465831756592,-3.8340149757936595
1789031099794517000,8.21251708984375,0.8538321670532226,-4.548085328674317,-2.9388822455808516
1789031099804521000,8.22252099609375,0.7797616993226111,-3.2817046261429796,-1.4830591676458722
1789031099814525000,8.23252490234375,1.0534486574035138,-3.753657536748052,-0.08559241708964027
1789031099824529000,8.24252880859375,1.5493476762633769,-7.302614338684082,0.7782648848935962
1789031099834532900,8.252532958984375,1.4662988792419434,-12.174666248542069,0.5283703788757323
1789031099844537000,8.262537109375,-0.29284093668833344,-14.930390605816243,-1.575833605194092
1789031099854541000,8.272541015625,-2.4190416485108432,-15.236998640441893,-6.070947222137451
1789031099864544800,8.282544677734375,-2.086097907080129,-14.213925174492598,-8.380154431097209
1789031099874548000,8.2925478515625,0.10998378489390004,-12.144588505664466,-6.689400315259397
1789031099884552000,8.302552001953124,1.4517841047424822,-10.139145924597978,-4.411017575891316
1789031099894556200,8.31255615234375,2.2911014972962436,-9.494956040412188,-3.507954344940185
1789031099904560000,8.32256005859375,3.1845873370848596,-10.012699811333416,-3.429095327758789
1789031099914563800,8.332563720703124,3.0891187650818375,-10.672903257209063,-3.9787148308902975
1789031099924568000,8.342568115234375,2.082207183251903,-10.899452251213788,-4.630983392113447
1789031099934572000,8.352572021484375,1.4911388675965367,-10.946440796881916,-4.745307398168743
1789031099944576000,8.362575927734374,1.3269861970763652,-11.103258667534586,-4.332157974188029
1789031099954579000,8.372578857421875,1.3593080656189471,-10.929380941009521,-3.923647023662925
1789031099964583000,8.3825830078125,1.2057795919004828,-10.143781767705082,-3.6728546920225025
1789031099974587000,8.3925869140625,0.7365161395750939,-9.14974033497274,-3.593696984155476
1789031099984591000,8.402591064453125,0.7619546052794904,-8.418759471562504,-3.1218887427181006
1789031099994595000,8.412594970703125,1.3569137908935545,-7.971045514678955,-2.6122240872256457
1789031100004599000,8.42259912109375,1.6771384821351616,-7.443724937117099,-2.163162222864479
1789031100014603000,8.43260302734375,1.5972316364012658,-6.719176737102868,-1.8543087473995978
1789031100024606000,8.44260595703125,1.5360300025939941,-6.282685600501297,-1.8954602574773134
1789031100034610000,8.45260986328125,1.6027682277403772,-6.415711676678061,-2.2587794826231895
1789031100044614100,8.4626142578125,1.2545615237914023,-6.889912073948979,-2.688388166234642
1789031100054617900,8.472617919921875,0.9329904594421387,-7.666383353424072,-3.2243909396849575
1789031100064621800,8.482621826171876,1.0923543613158166,-8.739133581212162,-3.806630125261843
1789031100074626000,8.4926259765625,1.078138788958639,-9.616759296306965,-4.276941844531148
1789031100084630000,8.502630126953125,1.0103531005859374,-9.898675957268475,-4.359541655676066
1789031100094634000,8.512634033203126,1.3458404620848594,-10.122982140782474,-4.386326202227175
1789031100104637000,8.522636962890624,1.7811362514220175,-10.748916821831463,-3.888033127837628
1789031100114641000,8.532640869140625,2.077119431658834,-11.511470050591232,-2.8826186526976523
1789031100124645000,8.54264501953125,2.279878530883789,-11.691633725517985,-1.8921669150203464
1789031100134649000,8.552649169921875,1.930923492785543,-11.54139757134318,-1.5723919403076172
1789031100144653000,8.562653076171875,1.5827166427060961,-11.056720203721524,-1.4101839010491966
1789031100154656800,8.57265673828125,2.141014688464254,-10.417170838817954,-0.7603088108338414
1789031100164661000,8.582660888671874,2.0703857394896445,-10.095449990734457,-0.6332661929808558
1789031100174664000,8.592663818359375,1.2333132763184607,-10.388291950336097,-1.5318408803410826
1789031100184668200,8.602668212890626,1.317708738708496,-10.153210105785725,-1.7836803829468788
1789031100194671900,8.612671875,1.8788498989380895,-9.626786184802649,-1.488894011279195
1789031100204675800,8.62267578125,1.7521065562926232,-9.503633267864583,-1.549496802410483
1789031100214680000,8.63268017578125,1.3407529296875,-9.67362217025757,-2.0011036750793454
1789031100224684000,8.64268408203125,1.2669815910339355,-9.465027350616454,-2.3424271953858433
1789031100234688000,8.65268798828125,1.604713516589254,-8.749310691833497,-2.1302410732544956
1789031100244692000,8.66269189453125,1.5682020874023437,-8.047659967803956,-1.9639939877383412
1789031100254695000,8.67269482421875,0.7573159126281738,-7.498191855841874,-2.5641896857663986
1789031100264699000,8.682698974609375,0.5294176959715784,-7.2316861145019535,-3.1847366824276744
1789031100274703000,8.692703125,0.8698432445250448,-7.634508790257572,-2.8318906282402576
1789031100284707000,8.70270703125,0.677708561297506,-8.891465246361493,-2.1100394122250377
1789031100294710800,8.712710693359375,0.407912107849121,-10.430339532470704,-1.7925091476991772
1789031100304715000,8.722715087890625,0.4718073646545411,-11.354801233020424,-2.2589291202269495
1789031100314719000,8.732718994140624,0.7769184387207031,-11.372757160949707,-2.8196210753843185
1789031100324722200,8.74272216796875,1.1586439659118652,-10.704027878791093,-3.153014679474383
1789031100334726100,8.75272607421875,1.6527474796570834,-9.804406604987383,-3.655347238513082
1789031100344729900,8.762729736328126,2.1293431015014646,-9.173232854241133,-3.633649493706971
1789031100354733800,8.77273388671875,2.691531724957377,-9.430312011066079,-2.685097454126179
1789031100364738000,8.782738037109375,3.0614355891905722,-10.341603848919274,-1.5286973216183481
1789031100374742000,8.792741943359376,3.1194951255798338,-10.958410636138913,-1.4360723755434157
1789031100384746000,8.80274609375,2.1281461468018588,-10.593296636530756,-2.282722522138059
1789031100394750000,8.81275,1.2225390765868127,-10.125228458404539,-2.8731916297912594
1789031100404753000,8.8227529296875,1.022922659301758,-10.237305854576825,-2.857179821667075
1789031100414757000,8.832757080078125,0.9608231998719274,-10.253767744556068,-3.0148984405517583
1789031100424761000,8.842760986328125,1.095945663806051,-9.634864861840008,-3.364451590673625
1789031100434764800,8.852764892578126,1.1549028796873986,-8.797494000244141,-3.344998702184856
1789031100444769000,8.86276904296875,1.5221135593138635,-8.161234324535727,-2.849249613189697
1789031100454773000,8.87277294921875,1.6838719551086423,-7.560739205169678,-3.053504650060832
1789031100464777000,8.88277685546875,1.476923295239359,-7.266403207617996,-3.038540889684856
1789031100474780200,8.8927802734375,1.5783772983275353,-8.111554055565596,-2.6294313887447114
1789031100484783900,8.902783935546875,1.7182886039733887,-9.853338101416824,-2.465429159545898
1789031100494787800,8.912787841796876,1.5752350547790526,-11.386374182891846,-2.880673509979248
1789031100504792000,8.9227919921875,1.1130043506346643,-11.323525220268962,-3.828776782879233
1789031100514796000,8.932796142578125,1.1954548164367673,-9.005939182281494,-4.716727492633462
1789031100524800000,8.942800048828126,1.9506758026123046,-6.636876639556886,-4.398746707861125
1789031100534804000,8.952803955078124,2.9794341823302206,-6.0016644270747905,-2.6786621603816743
1789031100544807000,8.962806884765625,3.172317345837503,-7.960871326667069,-1.2285244346067308
1789031100554811000,8.972810791015625,1.4906898086547848,-10.350283414459229,-1.4027023131221532
1789031100564815000,8.982815185546874,0.005087678527831985,-10.639383264923095,-2.337190025384724
1789031100574819000,8.992819091796875,0.5262751601621508,-9.538048747685552,-3.0023285895749923
1789031100584822800,9.00282275390625,1.0928034202575683,-7.517944019538164,-4.330960873357951
1789031100594827000,9.012826904296874,1.6232685794554647,-6.165666071751714,-4.890006084221602
1789031100604831000,9.0228310546875,2.770839216558635,-8.447789751213788,-3.012354601287842
1789031100614834200,9.032834228515624,2.1814169876098632,-13.606398841315507,-1.7618337311893697
1789031100624838000,9.042837890625,0.35030148427113894,-16.15622185581624,-3.092859047588706
1789031100634841900,9.052841796875,0.269796453448385,-12.364702498185633,-5.842898344963789
1789031100644846000,9.06284619140625,2.424877222796529,-6.5595128293693055,-6.892307736913859
1789031100654850000,9.07285009765625,3.2152633381165563,-4.519654768481851,-4.826711131396889
1789031100664854000,9.08285400390625,1.9886839000977572,-4.6339784822762,-2.945765867614746
1789031100674858000,9.09285791015625,1.3696329872131348,-4.7572775296866885,-2.4959549384519457
1789031100684861000,9.10286083984375,2.3304563332155346,-7.171234860670566,-1.9747683336004607
1789031100694865000,9.112864990234376,1.2675801414489745,-10.783186171180011,-2.1381725969061254
1789031100704869000,9.122869140625,0.2849099975585936,-10.20872624130249,-3.7237311850398775
1789031100714873000,9.132873046875,1.735945841217041,-7.6325664240181466,-4.102913457489014
1789031100724876800,9.142876708984376,2.217479503985494,-7.600542807769775,-2.2842177291318775
1789031100734881000,9.152881103515623,1.3772645050048826,-8.284985207366944,-1.922692986187338
1789031100744885000,9.162885009765626,1.1372459347046913,-8.016986597120761,-3.1952129221260543
1789031100754888000,9.172887939453124,1.4380173721313476,-9.500492631751298,-2.4983497246339916
1789031100764892000,9.182891845703123,1.5723920864380896,-12.40406186414957,-1.217901918305457
1789031100774895900,9.192895751953126,1.2319665378846227,-12.12229308722615,-3.8712747391298414
1789031100784898800,9.20289892578125,2.4275709919251502,-9.304916283637285,-6.024709202575683
1789031100794902800,9.21290283203125,3.5236662933349607,-8.603862356457114,-4.287715313610434
1789031100804906800,9.22290673828125,2.6577133342467247,-8.788364937371014,-4.002356987762451
1789031100814911000,9.232910888671874,1.7515082250732927,-7.682545383673905,-5.827936045892536
1789031100824913700,9.24291357421875,2.1220108589172364,-8.134599415588378,-5.033659352874755
1789031100834918000,9.25291796875,1.8080711662292481,-10.632200075420737,-3.232920721490681
1789031100844921900,9.262921875,0.4538507791381329,-11.417947132763267,-3.8429926474973555
1789031100854925800,9.27292578125,0.5916672313965856,-9.420137238532302,-5.759252093505859
1789031100864929800,9.2829296875,2.6788125286377964,-9.80470646471679,-6.012289573724567
1789031100874933800,9.292933837890626,3.241599337182566,-13.472172741699218,-5.355379908697307
1789031100884937700,9.302937744140625,1.2816459300719198,-15.020322221153975,-5.839757124328613
1789031100894941000,9.31294091796875,0.780509595080465,-11.624596079033612,-6.2490159706115715
1789031100904945000,9.32294482421875,1.9526212375916538,-7.967455381232499,-4.9702138856634495
1789031100914948600,9.332948486328124,2.609829374108836,-6.1219730604976395,-3.988141415405273
1789031100924952800,9.342952880859375,2.1555296821594236,-5.182100440326334,-3.623474867303669
1789031100934956800,9.352956787109376,1.899350104522705,-5.748029273223878,-2.8836659697934985
1789031100944960800,9.362960693359376,2.1444564264159647,-8.278551959449054,-2.090138341577351
1789031100954965000,9.372965087890623,1.017685343170166,-10.848578388544917,-1.8020859543398022
1789031100964967700,9.3829677734375,-2.0433016254700718,-10.793508827751873,-2.699761939294636
1789031100974971600,9.3929716796875,-1.3198035920958966,-7.785944967871904,-4.067749205127359
1789031100984976000,9.402975830078123,1.3578116895813495,-5.957972000342608,-3.1854853088378903
1789031100994979800,9.412979736328126,2.442834027508646,-6.0278539303421965,-1.6856687753975388
1789031101004983800,9.42298388671875,2.116623978247121,-7.408858206397294,-0.9689034843444824
1789031101014987800,9.43298779296875,0.9340379957336931,-9.510517182159425,-0.8611641173765059
1789031101024991700,9.44299169921875,-0.2573766784667968,-10.819247664642335,-1.6603788513183593
1789031101034995000,9.452994873046874,-0.7547721464294939,-11.215489208441973,-3.1703722031190993
1789031101044999000,9.4629990234375,0.33144721926264475,-11.430517276000975,-4.223670419201254
1789031101055003000,9.4730029296875,1.3178583763122558,-12.341807944810391,-3.852568577355146
1789031101065006800,9.4830068359375,1.0657189409118146,-12.785485193523765,-3.744980017034709
1789031101075010800,9.4930107421875,0.9370307478088885,-11.81837911399007,-4.616170730645955
1789031101085014800,9.503014892578124,1.343296768951416,-10.085872599571942,-5.376927431377768
1789031101095018800,9.513018798828124,1.8433857137817888,-8.885630548858645,-4.950610190527141
1789031101105021700,9.523021728515625,2.523189347662404,-9.995343018341062,-3.371634487915039
1789031101115025700,9.533025634765623,1.4950292626312,-12.829031489783524,-2.568230485589803
1789031101125030000,9.54302978515625,0.0415992538452149,-14.664034502080082,-3.613448563329875
1789031101135033900,9.553033935546877,-0.2624642839293927,-15.322891209521888,-5.194519192394615
1789031101145037800,9.563037841796875,0.6821977259429172,-14.603881354412437,-6.175394269561767
1789031101155041800,9.573041748046874,1.6802807256836443,-12.377722723278403,-6.350170113970339
1789031101165045800,9.583045654296876,1.8700210611205548,-9.872789236339928,-5.8226981452390545
1789031101175048700,9.593048583984377,1.8180969222137704,-7.927801416236162,-5.004629657745361
1789031101185053000,9.603052978515626,1.5474024970123543,-6.431424209594725,-4.329763480266928
1789031101195057000,9.613056884765625,1.5614683587005362,-5.583427909088132,-3.7563527671813963
1789031101205060600,9.623060546875,1.7028759307861328,-5.216366282543538,-3.4530364675775167
1789031101215064800,9.63306494140625,1.5632639734130351,-5.0354532505542045,-3.404854328210652
1789031101225068800,9.64306884765625,1.2644377517700196,-4.9693169368237236,-3.4050042580753566
1789031101235072000,9.653072021484377,1.045368445996195,-4.970514622175694,-3.604322130805254
1789031101245075700,9.66307568359375,0.6889316007751971,-5.03171406402588,-3.9070384186893703
1789031101255079700,9.67307958984375,0.4565442560058087,-5.109077289691568,-3.852569161877036
1789031101265084000,9.683083984375,1.2256815393310039,-5.634305278888343,-2.7667987089961765
1789031101275088000,9.693087890625,1.5641617259703575,-6.404487687352299,-2.0486878485530617
1789031101285091800,9.703091796875,0.9931447030883281,-7.019198963597416,-1.8362024512141937
1789031101295095800,9.713095703125,0.8077437120299786,-7.240364510998129,-1.8800462691158057
1789031101305098800,9.7230986328125,0.9656113839965312,-7.071721762517095,-2.207902843475342
1789031101315102700,9.733102783203124,1.4615104028563946,-7.14474608219564,-2.250399338421225
1789031101325107000,9.74310693359375,1.8698714235167948,-8.115445802307129,-2.084002323040366
1789031101335111000,9.75311083984375,1.6787842765808105,-9.683497667583822,-2.2523457963138815
1789031101345114600,9.763114501953124,1.0910077690124511,-11.093833252063392,-3.003825257873535
1789031101355118800,9.773118896484377,0.22325930480957024,-11.155184085083008,-4.355651370239258
1789031101365122800,9.783122802734376,0.47988779525756825,-9.364321243286133,-5.4270563208982345
1789031101375125800,9.793125732421874,1.4733318466186522,-8.604162216186523,-4.365378106744587
1789031101385130000,9.8031298828125,1.2544120323181152,-9.466523726654051,-2.837727517700195
1789031101395133700,9.8131337890625,0.14395137481689457,-10.070610733032225,-2.523787532751262
1789031101405137700,9.8231376953125,-0.3866634950499982,-8.997709698596596,-3.6176392930179833
1789031101415142000,9.833141845703125,0.06509235763549803,-7.599194900292158,-4.345924341472983
1789031101425145900,9.843145751953124,0.4964973500791937,-7.4274103466540575,-3.5233661413446065
1789031101435148800,9.853148681640626,0.6114192489624023,-7.794324673682452,-2.6420027010262013
1789031101445152800,9.86315283203125,-0.03830722656249996,-7.336731712341309,-2.842216938073933
1789031101455156700,9.87315673828125,-0.06688808194585139,-5.988047989654539,-3.4144308425903316
1789031101465161000,9.883160888671876,0.8637081758361308,-5.095009016850591,-3.2119699956595893
1789031101475165000,9.8931650390625,1.724872658538818,-5.1204503320992,-2.412158757129311
1789031101485168600,9.903168701171875,1.7491140234131364,-6.575676028662921,-1.299603173175453
1789031101495171800,9.913171875,0.9228149562560022,-8.44584446236491,-1.168519755499065
1789031101505175800,9.92317578125,0.11985957448109985,-9.382276586693525,-2.253990933172405
1789031101515179800,9.9331796875,0.03157346132807437,-9.164255767059323,-3.6867712814331055
1789031101525184000,9.94318408203125,0.6353611194334925,-8.490584936845302,-4.2482104016959665
1789031101535187700,9.953187744140624,1.6753427578248083,-8.126220878821611,-3.7888244194582104
1789031101545191700,9.963191650390623,2.29050265462026,-8.74781256223023,-3.0624826140254733
1789031101555196000,9.97319580078125,1.822286519390717,-9.924113765385746,-3.098096655981242
1789031101565198800,9.98319873046875,1.2095208242554216,-10.438121856909989,-4.327520085254312
1789031101575202800,9.993202880859377,1.6611271124023943,-10.301951637488603,-5.1946702913030975
1789031101585206800,10.003206787109375,2.6367641427855935,-10.528950128826498,-5.524320178820194
1789031101595210800,10.013210693359374,2.8173766574583947,-11.417348582348225,-5.89886397781372
1789031101605214700,10.023214599609377,2.3766942066468295,-12.34749709636271,-6.4881377382025125
1789031101615219000,10.033218994140626,2.3334485007688404,-12.879157164433597,-7.117661675915121
1789031101625221600,10.0432216796875,2.3443721919737754,-12.768276869091391,-7.005434057617187
1789031101635225900,10.053225830078125,2.024297357531637,-11.917585922673343,-6.2735556608453384
1789031101645229800,10.063229736328124,1.8011879825867712,-10.369138921576736,-5.711518574689328
1789031101655233800,10.07323388671875,1.9244890758238733,-8.885330104607343,-4.92232897567749
1789031101665238000,10.083238037109377,1.5352816684447226,-7.547121598705648,-4.389618521770834
1789031101675241700,10.09324169921875,0.9340379226684571,-5.72782644315064,-4.783015782055259
1789031101685244700,10.10324462890625,1.4637551861084996,-3.964800287306309,-4.802170272119343
1789031101695249000,10.113248779296876,2.055272487640381,-3.195511028289795,-3.854215175518393
1789031101705252900,10.1232529296875,2.05437451588735,-3.651156947216391,-2.5462331733152266
1789031101715256800,10.1332568359375,1.8418894108094275,-4.16217111762166,-2.017564103753865
1789031101725260800,10.1432607421875,1.7133502707883714,-3.9622523563891647,-2.4217349792480465
1789031101735264800,10.1532646484375,1.5637131054200228,-3.7098154724121084,-2.6499326172426345
1789031101745268700,10.163268798828126,1.1507130267821253,-3.7132547992110245,-2.236183473803103
1789031101755272000,10.17327197265625,0.5617394183836877,-3.974972137230634,-1.7972972587585447
1789031101765275600,10.183275634765623,-0.0418985290527345,-4.663455336651206,-1.4281412902832034
1789031101775279900,10.19327978515625,0.09232654765024773,-5.680543882972002,-1.2316671165466304
1789031101785285000,10.20328515625,0.027682883630320454,-6.3176996307373035,-1.3597569053649905
1789031101795289000,10.2132890625,-0.07152662846669533,-6.444444434687495,-1.5385744263798005
1789031101805293000,10.22329296875,0.23493118403330437,-6.473773989546299,-1.4639049698427313
1789031101815296000,10.2332958984375,0.5291184207640589,-7.013064406365155,-1.1866250287711626
1789031101825300000,10.243300048828123,0.3336917833190409,-8.410980069732664,-1.1279679648801686
1789031101835304000,10.253303955078126,0.28356318605951947,-11.146204659813643,-1.2771566558286547
1789031101845308200,10.26330810546875,0.7267898414611816,-15.867271642956133,-1.8561051292970774
1789031101855312000,10.273311767578123,-0.3981855905395002,-22.132598696899414,-3.2029926162168385
1789031101865315800,10.28331591796875,-2.782361750439554,-27.535114158520102,-4.818030981335044
1789031101875319000,10.293319091796874,-2.5745149726867673,-28.134861674389235,-6.310217750549317
1789031101885323000,10.303322998046877,-0.2020106920104474,-22.508789386317133,-8.517971248681842
1789031101895327000,10.313326904296876,2.0878934121947736,-17.24348985377848,-8.95371536630839
1789031101905331000,10.3233310546875,4.318391679968312,-15.216050544959305,-8.231115962274373
1789031101915335000,10.3333349609375,5.206191436944529,-13.594277026367187,-7.755118452453614
1789031101925339000,10.3433388671875,3.7077206190247085,-11.38233396759033,-6.3711196707576505
1789031101935343000,10.353343017578124,2.003647441278025,-9.310302652850748,-4.833743806512654
1789031101945345800,10.363345703125,2.2227170393127946,-7.800311346876619,-3.76967139069885
1789031101955350000,10.37335009765625,3.5772365554809564,-6.664409374126792,-2.9513024589538572
1789031101965354000,10.38335400390625,3.7318120540343225,-5.792022728729247,-2.505831312561035
1789031101975358000,10.39335791015625,2.6897360006470232,-5.058499195098875,-2.567631350652874
1789031101985362200,10.403362060546876,1.181987578228861,-4.5920799532234655,-2.823063324792683
1789031101995366100,10.4133662109375,-0.08918408490605634,-4.373308607482911,-3.0560481970638036
1789031102005368800,10.423368896484376,-0.8028057441711427,-4.228608460125327,-3.1262288177490234
1789031102015373000,10.433373046875,-0.7471407017029819,-4.149750027465819,-2.851194902038574
1789031102025377000,10.443376953125,-0.2908954286437482,-4.147955545264481,-2.228104212243855
1789031102035381000,10.453381103515625,0.08873524516001363,-4.238935208350419,-1.325939391437173
1789031102045385000,10.463385009765624,0.5057750276427715,-4.640860058483481,-0.3956409475579856
1789031102055389000,10.473388916015624,1.5931916402954607,-5.236568528094887,-0.05686199716776619
1789031102065392000,10.48339208984375,1.8350059349060057,-5.687126768493652,-0.49260757609903827
1789031102075396000,10.49339599609375,1.7266684559144079,-6.170158122473955,-1.133205573272705
1789031102085399800,10.50339990234375,1.8396447006225585,-7.115716971588132,-1.8444331039428707
1789031102095404000,10.513404052734376,1.6988355693541464,-8.247275946697592,-2.7932854416444894
1789031102105408000,10.523407958984375,0.9461584224425257,-9.578003156933189,-3.8441891638055443
1789031102115412000,10.533411865234376,0.6112694652281702,-11.228505926403402,-4.362235132543742
1789031102125415200,10.543415283203124,0.2030582283020017,-13.211055123138427,-4.675875550024211
1789031102135419000,10.5534189453125,-0.037708822277933374,-15.254504486516119,-5.6603413451597095
1789031102145422800,10.5634228515625,1.157446865081787,-16.29179527838826,-6.450877390344441
1789031102155427000,10.573427001953124,2.4776992969237264,-15.845424552807211,-5.787981928905845
1789031102165431000,10.58343115234375,2.864811923980713,-15.197494313049317,-4.205564853668213
1789031102175435000,10.59343505859375,3.515436225128173,-14.165892088207602,-3.044676031439006
1789031102185438000,10.60343798828125,4.497507526342571,-12.356325130462645,-2.7784716111332175
1789031102195442000,10.61344189453125,4.146757421521097,-10.32918568137288,-3.2395050683170554
1789031102205446000,10.62344580078125,3.2739209865294394,-8.77250393589437,-3.4358284354060884
1789031102215450000,10.6334501953125,3.315520386505127,-7.581538832092286,-2.778770594079792
1789031102225454000,10.6434541015625,3.2390555709838864,-6.441449929046633,-1.9291279876708984
1789031102235457800,10.653457763671875,2.4836850933350623,-5.681740983802079,-1.049557860510051
1789031102245461000,10.6634609375,0.7640494586668908,-5.837362922668456,-0.6833952286317946
1789031102255465000,10.67346484375,-0.6953659446716307,-6.445491313391923,-0.22116467061787803
1789031102265469200,10.68346923828125,-0.8875007740296421,-6.673237992748617,0.12719225545674595
1789031102275473000,10.693472900390624,-0.1800141834534703,-6.996603685429692,0.15427724625915262
1789031102285476900,10.703476806640625,0.7202056407652795,-7.717409191784263,-0.6221925719112162
1789031102295481000,10.713481201171875,0.4218282588683071,-8.126667453545332,-1.3437450972408056
1789031102305484000,10.723484130859376,0.25184037938863035,-8.361301554328206,-1.3272861298710101
1789031102315487700,10.73348779296875,0.4430769447326661,-8.641721254730225,-1.647659947259724
1789031102325492000,10.743491943359375,0.8472479663573207,-9.013270255821944,-2.583044316101074
1789031102335496000,10.753495849609376,1.6722000758849087,-9.28935280380249,-3.681982878112793
1789031102345500000,10.7635,2.7168203338623047,-9.597606267547604,-4.573224446105957
1789031102355504000,10.773504150390623,3.720290396936238,-10.557083167377112,-5.521927146203815
1789031102365506800,10.7835068359375,3.923946591131389,-11.995248423546553,-5.199307887975872
1789031102375511000,10.793510986328124,3.5573346080504358,-12.967444519695638,-4.144961624145507
1789031102385515000,10.803514892578123,3.533243246106058,-13.24023562491536,-3.9142207314088937
1789031102395519000,10.81351904296875,3.444508000946045,-13.103316048431394,-4.447977479498088
1789031102405523000,10.82352294921875,3.4551324169434605,-13.18337333548665,-4.4473792213439935
1789031102415526000,10.83352587890625,2.6300303775511678,-13.345428522270918,-3.7473733419120316
1789031102425529900,10.84352978515625,1.788319002532959,-13.243975395965576,-3.2534204886838793
1789031102435534000,10.8535341796875,1.2749126762941478,-12.918964858686923,-3.3430539978578686
1789031102445538000,10.8635380859375,0.8521862995423378,-11.922077973395586,-3.882496974889934
1789031102455542000,10.8735419921875,0.8818145450867712,-10.400413180762529,-4.327519500732421
1789031102465546000,10.8835458984375,1.1474211456298826,-9.15378230383992,-3.9920322853639716
1789031102475549000,10.893548828125,1.4094362975522876,-8.338703353551029,-2.983474543762207
1789031102485553200,10.90355322265625,1.476474090167135,-7.479635039409995,-2.5781062751770016
1789031102495557000,10.91355712890625,1.1616368641175332,-6.6437599693298335,-2.539050568334758
1789031102505560800,10.923560791015625,1.133504994610697,-6.44160073569417,-2.2034142998844386
1789031102515564800,10.933564697265624,1.2665325320921839,-6.412268258225916,-2.1948837874263525
1789031102525569000,10.943569091796874,1.2674303577147423,-6.131549867138267,-2.831442738342285
1789031102535572000,10.953572021484376,1.1803414184570313,-5.735610521155595,-3.526660214453935
1789031102545576200,10.963576171875,1.4665983005799352,-6.041169923511147,-3.4724911096319557
1789031102555580000,10.973579833984376,1.6404770500183103,-7.234978141784668,-3.0892680373594166
1789031102565584000,10.983583984375,1.161636864117533,-8.040478531867265,-3.196858351245522
1789031102575588000,10.993588134765623,1.0060134639464318,-7.604283163341878,-3.6857229414239523
1789031102585592000,11.003592041015626,1.4408606327332554,-7.18200759909749,-3.3481416763857004
1789031102595595000,11.013594970703124,1.8151039874754844,-7.599494175499676,-2.265214045715332
1789031102605599000,11.023598876953123,2.125751652880758,-8.610595464104414,-2.158671779577434
1789031102615603000,11.03360302734375,1.8891744552060963,-10.089314848980306,-1.6300024177551267
1789031102625607000,11.04360693359375,2.0275896770752966,-12.034156538611649,-1.5189716080263254
1789031102635611100,11.053611083984377,1.4541783794678746,-13.777284984809159,-1.3073846208319067
1789031102645613800,11.06361376953125,0.8286927573606371,-12.293625220921635,-3.5411733084529633
1789031102655618000,11.0736181640625,1.0746974163331091,-9.016115708380935,-5.350891657367349
1789031102665622000,11.0836220703125,0.8837595416747033,-7.971642311528326,-4.305970516747236
1789031102675626000,11.0936259765625,0.3073557111877948,-7.356632929119467,-2.4872762496948244
1789031102685630200,11.103630126953124,0.030825273309275758,-6.372465240147708,-1.7105065717950456
1789031102695634000,11.113634033203123,0.12823957255259166,-6.19245529447794,-2.200871045142412
1789031102705636900,11.123636962890624,0.5618890559874474,-7.167041500633954,-3.315370164379477
1789031102715641000,11.13364111328125,0.9603741409301757,-7.1954738143920896,-3.850474527685344
1789031102725645000,11.14364501953125,1.5801732418335972,-8.345739828059077,-3.346047334454954
1789031102735648800,11.153648681640624,1.6467617563109844,-11.353602378624677,-2.4916151556819672
1789031102745653000,11.163653076171874,0.8595181037351489,-13.040765776494144,-3.4971795606866474
1789031102755657000,11.173656982421877,1.1584943283081053,-10.951527306365966,-5.291036323602497
1789031102765660200,11.18366015625,1.54650478098765,-9.07237944739461,-4.667047808185219
1789031102775664000,11.1936640625,1.528547903210297,-8.965835135430098,-3.6659701932057738
1789031102785667000,11.2036669921875,1.4703391676086932,-8.802432041168212,-3.615843349511921
1789031102795671300,11.21367138671875,1.4118306453429161,-7.856721216362715,-3.980060984802246
1789031102805675300,11.22367529296875,1.4685434432983397,-8.620323077392579,-3.5181299942567947
1789031102815678200,11.23367822265625,0.6573577741209418,-9.942070277836919,-3.2040397871822113
1789031102825682200,11.24368212890625,0.06404474827870732,-9.501388119286299,-3.957315776769817
1789031102835686100,11.25368603515625,0.09561835573725386,-7.904905109295249,-4.281880031585692
1789031102845690400,11.2636904296875,0.8631097715515643,-7.628375402069092,-3.875164440044761
1789031102855694300,11.2736943359375,1.45148468340449,-9.065195088848471,-3.275417216436565
1789031102865698000,11.283697998046875,1.4050971723694354,-9.570821136474608,-3.1983538505002853
1789031102875701200,11.293701171875,0.9198223503112792,-9.152434980884195,-3.5482068603515624
1789031102885705200,11.303705322265625,0.6108207716125995,-8.972419774517416,-3.729567636108398
1789031102895709200,11.313709228515624,1.0498573549132795,-9.005339462822674,-3.3702871649593114
1789031102905713200,11.323713134765624,1.7064670871458947,-8.662370659527182,-2.759766033880412
1789031102915717000,11.333717041015625,1.76198278427124,-8.658030584496261,-2.184858360235393
1789031102925720300,11.34372021484375,1.6455645824156702,-9.024342853978276,-2.1046517278373242
1789031102935724300,11.353724365234376,1.3588590797424314,-9.238475434002279,-2.49969587854594
1789031102945728300,11.363728271484376,1.5879541780333963,-8.844629845428468,-2.9759926635742184
1789031102955732200,11.373732177734375,2.0253449668884276,-8.265083406066895,-3.167229521179199
1789031102965736200,11.383736083984376,1.411830937603861,-8.098089593836665,-3.4180221450805663
1789031102975740200,11.393740234375,0.3841198019165547,-8.369082709723711,-3.567959024047851
1789031102985743400,11.403743408203123,-0.06838423878774014,-9.00788505565226,-3.7056259117677808
1789031102995747000,11.4137470703125,-0.009427315167337635,-9.999981784057617,-3.674051500591635
1789031103005751000,11.4237509765625,0.39579131581410754,-10.945991299548744,-3.3904882414668798
1789031103015755300,11.43375537109375,1.0200795448303221,-11.392658962249754,-3.321805165863037
1789031103025759200,11.44375927734375,1.3452419116698204,-11.593770148137212,-3.588907119530439
1789031103035762200,11.45376220703125,1.0954970432557163,-11.626693343573809,-4.092887445776164
1789031103045766100,11.46376611328125,0.5804442649841308,-11.495759271240235,-4.54898344655782
1789031103055770000,11.47377001953125,0.8283939205445349,-11.23658752605021,-4.617217901611328
1789031103065774000,11.483774169921874,1.4873976352415978,-10.829570905736087,-4.273799016460776
1789031103075778300,11.4937783203125,2.0588637901306153,-10.54002272698283,-3.1833895056024195
1789031103085782300,11.5037822265625,2.1516393236573785,-10.671855209460855,-2.2984341782718896
1789031103095785200,11.51378515625,1.7491139503479003,-10.767473053741453,-2.246808912713826
1789031103105789200,11.5237890625,1.509244871520996,-10.28444345332682,-2.776376100158691
1789031103115793200,11.533793212890624,1.6292541566710916,-9.27124490018189,-3.264493963623047
1789031103125797400,11.54379736328125,2.1127331813536583,-8.278848896569015,-2.863015980474651
1789031103135801000,11.553801025390625,2.6216507448058572,-7.728034046173095,-2.030133662469685
1789031103145804300,11.56380419921875,2.4763527046203615,-7.806893063354491,-1.5376757239744063
1789031103155808300,11.573808349609376,1.691353981427103,-8.304739709150791,-2.173785469818115
1789031103165812200,11.583812255859376,1.826626302160695,-8.167370050811767,-2.7085902656555176
1789031103175816200,11.593816162109375,2.2499509370665995,-7.529315308380127,-2.6726766562312836
1789031103185820200,11.603820068359376,1.8071731944762166,-7.306951491105556,-2.814982309667766
1789031103195824000,11.61382421875,1.3403040899414569,-7.577799061042069,-2.8829189508184787
1789031103205827300,11.623827392578123,1.1920134438112377,-8.116196328413485,-2.609680394092202
1789031103215831300,11.633831298828126,0.9264064048767091,-8.768015392303466,-2.341080018560588
1789031103225835000,11.6438349609375,0.7968201669555157,-9.397241516113281,-2.257582235662639
1789031103235839200,11.653839111328123,0.5243301635742188,-9.79961761714518,-2.132485783441365
1789031103245843200,11.66384326171875,0.1509844883240763,-9.815629425269364,-1.9312229141235349
1789031103255846100,11.67384619140625,0.1882442516602576,-9.667637250629067,-1.6974892693117258
1789031103265850400,11.683850341796877,0.5744589069642125,-9.325715910559891,-1.9822499215275047
1789031103275854000,11.69385400390625,1.0717045181274414,-8.813055141991377,-2.6200048042297364
1789031103285858000,11.703858154296874,1.3082814235411584,-8.314163955578207,-2.9035674788326022
1789031103295862300,11.7138623046875,1.313369248199463,-8.38958130787313,-2.5540146209716794
1789031103305865200,11.723865234375,1.4577695358276366,-9.109040075793862,-2.025195913806558
1789031103315869200,11.733869140625,1.3857938484191896,-10.209773120006918,-1.9502265975400803
1789031103325873200,11.743873046875,1.248127252960205,-11.347170299750564,-2.243666230773926
1789031103335877000,11.753877197265624,0.7885901718139647,-12.44865211650431,-2.6288331305906176
1789031103345881300,11.76388134765625,0.4119524692811072,-13.18262514746785,-3.195062700000405
1789031103355885300,11.77388525390625,0.5090669818602502,-12.485011716130375,-3.61344885559082
1789031103365888000,11.783887939453123,1.0963944304868578,-11.335046731236575,-3.6601349111810326
1789031103375892200,11.793892333984376,1.8444332500733434,-10.586112862506507,-3.381361224420369
1789031103385896200,11.803896240234376,2.538003251238912,-10.176552987450362,-3.343950654436648
1789031103395900200,11.813900146484375,2.3358431408204137,-9.313145767322183,-4.013579515783489
1789031103405904400,11.823904296875,2.1242552768431606,-9.014766631859539,-4.433762199401856
1789031103415907000,11.833906982421874,1.940201170349121,-9.57007294845581,-3.926940219989419
1789031103425911300,11.843911376953123,1.7610849586486816,-9.863661342510582,-3.6713589005067946
1789031103435915300,11.853915283203126,1.4615104759216309,-9.35414530170858,-3.825784323064983
1789031103445919200,11.863919189453124,1.0492588775634766,-8.510490245276689,-4.019416551373899
1789031103455923200,11.873923095703123,0.6905773952208458,-7.773972206005454,-4.2212762175410985
1789031103465926100,11.883926025390624,0.3184286746703091,-7.283459556359052,-4.272601915630698
1789031103475930000,11.89393017578125,0.3718495914734903,-7.618649542346596,-3.6475662292480466
1789031103485934300,11.903934326171877,0.5717652839660645,-8.736142582702636,-2.8016651474550365
1789031103495938300,11.913938232421875,-0.010623977605998425,-9.271398629438877,-2.6894369446352133
1789031103505942000,11.92394189453125,-0.4147954376220704,-7.867195264104009,-4.065653109630942
1789031103515945200,11.9339453125,0.6808513893678784,-6.043266603529452,-4.664204401452839
1789031103525949200,11.94394921875,2.2328921771727503,-5.98864654006958,-2.869899310247601
1789031103535953400,11.953953369140624,2.6859948413573207,-7.08743487995565,-1.4468459907531739
1789031103545957000,11.96395703125,2.410811141912639,-7.237670449608563,-2.3901611525937914
1789031103555961000,11.973961181640624,2.0708352368228136,-6.6362798427075145,-3.468450602069496
1789031103565964300,11.98396435546875,2.4685718414857982,-7.439983412501216,-3.168876119342446
1789031103575968300,11.99396826171875,2.950255141858011,-11.246164917212724,-1.9466361718326808
1789031103585972000,12.003971923828123,1.7473182991027834,-15.335310546112058,-1.5903478682368992
1789031103595976200,12.01397607421875,-0.14963760375976598,-15.963189931488037,-3.420416639001667
1789031103605980200,12.023980224609376,0.7121250640317798,-10.68023257718384,-7.473948225945234
1789031103615984000,12.033984130859375,3.7297169814512134,-5.779900913780927,-7.556398545616865
1789031103625987300,12.0439873046875,4.519055779675394,-6.5230035921394816,-3.138799253247677
1789031103635991000,12.053990966796874,2.032527279607952,-10.816702071812749,-0.2847591909110547
1789031103645995300,12.063995361328123,0.3190270789548755,-12.227935481914876,-2.299481349237263
1789031103655999200,12.073999267578126,1.17465518951416,-9.047687489208577,-5.969941839599609
1789031103666003200,12.084003173828124,2.1679496032714844,-5.75311519818604,-6.8534019599363205
1789031103676006100,12.094006103515625,2.1936869788572193,-3.920203605210782,-5.550506759478152
1789031103686010000,12.104010009765624,2.3677155120298266,-4.0518852810412636,-3.08373115375936
1789031103696014000,12.11401416015625,2.6283846561707556,-6.902185280066727,-0.7926309716373683
1789031103706018300,12.124018310546877,1.20518111455068,-10.792461364525554,-0.9045590224668381
1789031103716022300,12.134022216796875,-0.5514144237242642,-10.886735392981768,-3.4822169693544507
1789031103726025200,12.144025146484376,0.7281365798950195,-7.911338941735028,-5.324255871637165
1789031103736029200,12.154029296875,2.331054737500101,-6.661417206573486,-3.9826054085880513
1789031103746033200,12.164033203125,2.0283375728331503,-8.764273867687583,-1.568052449798584
1789031103756037000,12.174037109375,1.5254055865965783,-11.197530942425132,-0.905158157403767
1789031103766041300,12.184041259765625,1.187224602099508,-13.140875086975097,-1.9548653632566333
1789031103776044000,12.1940439453125,0.1637036846436557,-13.279889589911699,-4.506337021747231
1789031103786048300,12.20404833984375,0.43559521067515017,-9.497648932757974,-7.1212535629272455
1789031103796052200,12.21405224609375,2.349609508105367,-5.893026357701421,-6.053588383318484
1789031103806056000,12.224055908203123,3.932326589202881,-6.5497875541687005,-3.384802012524008
1789031103816060200,12.23406005859375,2.3855226791381834,-10.483760157012938,-2.1945845122188326
1789031103826063000,12.24406298828125,0.08798676488026991,-12.313377969139813,-3.8810000143304464
1789031103836067000,12.254067138671877,0.2932897033691406,-10.452934810638428,-6.067505264990031
1789031103846071000,12.264071044921875,1.8417397732056675,-8.455423607093095,-6.234352069965005
1789031103856075000,12.274074951171874,2.832041288757324,-8.082226838794352,-5.094562149865926
1789031103866079000,12.284078857421877,2.558054836273193,-8.654142344886065,-3.9139211639404294
1789031103876082200,12.294082275390624,1.6852184012815354,-9.09093158765137,-3.825484755596518
1789031103886086000,12.3040859375,0.9358337200440467,-8.569896373969316,-4.3979991043642155
1789031103896090000,12.314090087890625,1.026963020733744,-7.5127067034065735,-4.378396286010742
1789031103906094000,12.324093994140624,2.4980501571655274,-7.560739205169678,-3.3782188347414137
1789031103916098000,12.33409814453125,3.2618006328858433,-9.57755541316569,-2.2506994904115794
1789031103926101200,12.344101318359376,1.1939585865296423,-10.466553001624344,-2.537106156268716
1789031103936105000,12.35410498046875,0.20216054880991563,-7.842955141338704,-3.830273158916831
1789031103946109200,12.364109130859376,1.32938061793223,-5.412243074908853,-3.9534260758548974
1789031103956113200,12.374113037109376,2.1203649914063516,-6.500109623286129,-2.6812077532112593
1789031103966117000,12.3841171875,0.8750806337218733,-8.590993522533774,-1.8843854673638945
1789031103976120000,12.3941201171875,0.714668976360932,-9.352049206212161,-2.3731021735042335
1789031103986124000,12.4041240234375,1.5192706640381366,-9.799616448101402,-2.924816310827434
1789031103996128000,12.4141279296875,1.139490206500143,-9.989954311040044,-3.5330931701108805
1789031104006132200,12.42413232421875,1.1813889547485859,-8.63783067703247,-4.479850289098917
1789031104016136200,12.43413623046875,2.238129566369578,-8.538919636425376,-4.221725130352378
1789031104026139100,12.44413916015625,2.295740043817088,-11.42842176502645,-2.939331158392131
1789031104036143000,12.45414306640625,0.7082347785949706,-12.63465048893392,-3.5097502884462477
1789031104046147000,12.46414697265625,0.8370726823668924,-10.292074971118568,-4.842871992602943
1789031104056151000,12.474151123046877,2.090437324523926,-8.774898722076417,-4.305223790033161
1789031104066155300,12.4841552734375,1.525405878857523,-8.713698111182453,-3.709666127069294
1789031104076158000,12.494157958984376,0.722001365075633,-7.380425892639159,-4.457554578399658
1789031104086162200,12.504162109375,1.513584288964793,-6.348375339508056,-4.753986963708698
1789031104096166100,12.514166259765624,2.4251764249388126,-8.916454141667487,-3.4585733511775736
1789031104106170000,12.524170166015624,0.7646484474733468,-11.177632063734531,-3.3068422822698946
1789031104116174300,12.53417431640625,0.5171474855285139,-8.55567904804647,-5.269487631878256
1789031104126177000,12.544177001953123,2.2713492605347185,-6.187366446906327,-5.004330382537841
1789031104136181000,12.554180908203126,3.018639526776224,-7.993941237097978,-2.741061625671387
1789031104146185200,12.564185302734376,1.4621090263366698,-11.008837339562179,-2.3261162581846113
1789031104156189200,12.574189208984375,-0.00029927520751948933,-11.008089736065267,-3.5956419807434084
1789031104166193000,12.58419287109375,1.2366053036011757,-8.526202193671462,-4.73692798461914
1789031104176196000,12.594196044921874,1.9586067417420447,-7.193380056983232,-4.114436137500405
1789031104186200000,12.604199951171877,1.6187794513426716,-6.925676045769453,-3.5312966420829293
1789031104196204300,12.614204345703126,1.5364789154052731,-7.322216280254721,-3.137750913238525
1789031104206208000,12.6242080078125,1.3703813213624059,-8.040776638031005,-3.251924697168171
1789031104216212000,12.6342119140625,1.0360906223021447,-8.309526358905433,-4.047098339025676
1789031104226215200,12.644215087890624,1.2098203186586498,-8.696490955793857,-4.202423048511148
1789031104236219100,12.65421923828125,1.4212578143797814,-10.822838382610678,-3.2353149231508374
1789031104246223000,12.66422314453125,0.7199063655577599,-12.81990184238851,-3.0111572081968188
1789031104256227000,12.67422705078125,-0.26201529805287715,-11.748498353034256,-3.734057348743081
1789031104266231000,12.68423095703125,0.6235397487364709,-9.132530841496587,-4.270656042259931
1789031104276234200,12.694234130859376,1.3341689481873062,-7.9650594260066745,-4.133290183313191
1789031104286238200,12.70423828125,0.8985737375121563,-7.250837974217532,-4.209604192186892
1789031104296242000,12.714241943359376,0.9434650917053222,-6.682215664452315,-4.152443212072551
1789031104306246100,12.72424609375,1.4962262538634241,-6.905474969261884,-3.6352950689569106
1789031104316250000,12.73425,1.8595466480530796,-7.812430823737382,-3.3807632585272187
1789031104326253000,12.744253173828126,1.8353052101135252,-7.868245065417885,-3.9398084693908686
1789031104336257300,12.75425732421875,2.114379268060252,-7.869740856933593,-3.862895033319294
1789031104346261000,12.764260986328123,1.9743184709411112,-9.633816814091801,-2.8028619560241697
1789031104356265000,12.774264892578126,0.9183260473389177,-11.087698694831133,-2.80555630967468
1789031104366268200,12.78426806640625,-0.054318450164794974,-9.714621704643964,-4.309712041363119
1789031104376272100,12.794272216796877,0.5144540086608379,-7.87871911315918,-4.1632177040651435
1789031104386276000,12.804276123046876,1.0108019403319806,-8.218845386505125,-2.4295164269044998
1789031104396280000,12.814280029296874,0.5961562133789062,-8.983494710761308,-1.9189532151371236
1789031104406284000,12.824283935546877,0.15786774503178896,-8.758440923750399,-2.600702137866616
1789031104416287200,12.834287353515624,0.4581903427124024,-8.192359530639646,-2.9267618919372556
1789031104426291000,12.844291015625,0.6022912820678205,-8.305484390038254,-2.567780988256633
1789031104436295000,12.854294921875,0.7013514853546396,-8.960149491009116,-2.3268641539424655
1789031104446299100,12.864299072265624,0.8482956853119656,-9.988462026655673,-2.223615668652952
1789031104456303000,12.87430322265625,0.7746738746643066,-11.054028480419516,-2.3939020926877856
1789031104466306300,12.884306396484376,0.4132990615844726,-11.79922316262126,-2.9734485320493578
1789031104476310000,12.89431005859375,0.047734322534129014,-11.915491580742597,-3.7675758797243235
1789031104486314000,12.90431396484375,0.8942343200683592,-11.650933466339112,-4.373758104816079
1789031104496318200,12.914318115234376,1.9762638328552247,-11.434107409447433,-4.454711171667277
1789031104506322200,12.924322265625,2.292148887457326,-11.363480214038491,-4.498106369018554
1789031104516325000,12.9343251953125,2.3129484413146972,-11.094731077685951,-4.755931960296631
1789031104526329000,12.9443291015625,2.2584804266113787,-10.39951535513997,-5.097255918994545
1789031104536333000,12.9543330078125,1.9298761026244609,-9.503482461217045,-5.35014288482666
1789031104546337000,12.9643369140625,1.709609549890086,-8.420705344933271,-5.029320154626667
1789031104556340200,12.97434033203125,1.4411597618103027,-7.392545954021813,-4.276941698400675
1789031104566344000,12.984343994140623,1.0369885209899397,-6.907420842632649,-3.1069249823421234
1789031104576348200,12.99434814453125,0.6871358764648436,-7.181257072991132,-1.9629452093377708
1789031104586352000,13.00435205078125,0.49260699157714843,-7.7866931558907035,-1.510293211530149
1789031104596356000,13.014356201171877,0.8680479586061092,-8.654442204615473,-2.0028996185854075
1789031104606359000,13.024359130859375,1.0732009672302751,-9.796774502673745,-3.0205852540165186
1789031104616363000,13.034363037109374,1.1269206477843225,-10.659583756908775,-3.9104786222711203
1789031104626367000,13.044366943359377,1.5780780961852519,-11.232846001434327,-3.842693664550781
1789031104636371200,13.05437109375,1.1173438411436973,-11.482589993065593,-2.9026696532100438
1789031104646375200,13.064375244140624,0.336385260186717,-10.414626415032147,-1.8959078551143405
1789031104656378000,13.074378173828125,0.5083188669066876,-8.391526012200117,-1.657983772875368
1789031104666382000,13.084382080078123,0.7680898200988768,-7.236324295696615,-2.052578426250815
1789031104676386000,13.094385986328126,1.3503298093933611,-7.266702482825517,-2.051231980077922
1789031104686390300,13.104390380859376,0.6685807405333966,-8.584110777282715,-2.006041716003418
1789031104696393000,13.11439306640625,0.1303345720704645,-10.1642862110734,-1.7211320107057684
1789031104706397200,13.124397216796876,0.30151977157592746,-10.81610527496338,-1.7631795928403733
1789031104716401200,13.134401123046874,0.5419872546873987,-10.184932108739018,-2.2388772429317236
1789031104726405000,13.144405029296877,0.7118257888242602,-8.92049377244711,-2.5538649833679195
1789031104736409000,13.1544091796875,1.0164880962096154,-8.11499572045207,-2.6402061729982496
1789031104746412000,13.164412109375,1.3198036651611327,-8.431930503302812,-2.726845761053264
1789031104756416000,13.174416015625,1.2012908291138706,-9.068189594489334,-3.207332398986816
1789031104766420200,13.184420166015624,1.1327565143309533,-9.167397572216391,-3.524862809643149
1789031104776424200,13.194424072265624,1.0351927966795862,-8.643964649742841,-3.5037644920349127
1789031104786428000,13.204427978515625,1.2152068340025841,-7.825746816906333,-3.339462695367634
1789031104796430800,13.214430908203123,1.6325464031495154,-7.173329202601314,-3.4688989303588866
1789031104806434800,13.224434814453126,2.017563957623392,-7.245155252406003,-3.4528879990175367
1789031104816439000,13.23443896484375,2.1508907703123987,-8.28767751519084,-2.8377272254392505
1789031104826443000,13.244443115234375,1.9298761756896974,-9.694122521972655,-2.321477200207114
1789031104836446000,13.254446044921876,1.5922935954771935,-10.600176459172369,-2.5011925468444822
1789031104846450000,13.264449951171876,1.4037500686094164,-11.124955535557865,-2.7225059782832863
1789031104856454000,13.274453857421875,1.4537294666565954,-12.133965404841302,-2.4103628136232493
1789031104866457900,13.284457763671876,1.6358382843017578,-13.207464989691974,-2.3324016220644115
1789031104876462000,13.294462158203125,1.88169272114858,-13.423989433288572,-3.2740704780027268
1789031104886464800,13.30446484375,2.060809078979492,-12.855216901397705,-4.626944345855713
1789031104896469000,13.314468994140626,2.04285256652832,-11.604247703009843,-5.317073266656697
1789031104906473000,13.324472900390624,1.6653168922424315,-10.576536640387772,-4.550330769513547
1789031104916477000,13.334476806640623,1.7061679580688476,-10.167427431708575,-3.072659140124917
1789031104926480100,13.344480224609375,2.582744894763082,-10.271423228234053,-2.5755621436521414
1789031104936483800,13.35448388671875,2.641253343963623,-9.309254605102538,-3.8373070030763743
1789031104946487800,13.36448779296875,1.4435536712095143,-7.8712348948836315,-5.097404387554525
1789031104956492000,13.374491943359375,1.4668974296569826,-7.663840098682046,-4.729596034295857
1789031104966496000,13.38449609375,1.8830393134519456,-8.473077921727299,-3.960158306719362
1789031104976499000,13.3944990234375,1.618031555584818,-9.400385074836015,-3.840599322620034
1789031104986503000,13.4045029296875,1.1903671379089353,-9.891643574413656,-3.9505829613834615
1789031104996507000,13.4145068359375,0.5443817486085001,-9.47954395174682,-4.108450925610959
1789031105006510800,13.4245107421875,0.18390461502075195,-7.817067835888267,-4.8748935630247
1789031105016515000,13.43451513671875,0.34656069030761727,-5.9398652657657856,-5.227589979608357
1789031105026517800,13.444517822265626,0.8644562907896935,-5.276819874462484,-3.8851910362794997
1789031105036522000,13.45452197265625,0.8536826755799354,-5.938817218017578,-2.181866484943032
1789031105046526000,13.46452587890625,0.0528218549314885,-7.2494912357836965,-1.1641802649900317
1789031105056530000,13.474530029296876,-0.7692870670594276,-8.496123866271972,-1.1743559143066409
1789031105066532900,13.484532958984374,-1.6910544870238746,-9.42238238711059,-2.066495600183308
1789031105076536800,13.494536865234377,-1.357961181054637,-9.831489842224121,-3.4425627120971676
1789031105086541000,13.504541015625,-0.1244984863281251,-10.207378918346762,-4.433013426861167
1789031105096545000,13.514544921875,0.3712508218627423,-10.168323503765464,-5.44935232385844
1789031105106547700,13.524547607421876,1.3394063373841345,-7.39868284934163,-6.271910816247761
1789031105116552000,13.534552001953124,4.058172033160552,-5.083040931159257,-4.886565880639851
1789031105126556000,13.544555908203124,4.745307836560159,-7.765445200678705,-2.3520044404178853
1789031105136559900,13.554559814453125,2.447323155621439,-13.236944182154534,-3.1127614334106446
1789031105146564000,13.564564208984375,0.692822178472951,-14.752622886115311,-5.841553652356564
1789031105156566800,13.57456689453125,0.9166800336975602,-13.339894269019364,-6.519861202460527
1789031105166571000,13.584571044921876,1.5988777961730958,-11.591826028332115,-5.235669241167605
1789031105176575000,13.594574951171875,1.4354734598021954,-10.533587725499272,-4.46952500217855
1789031105186579000,13.604578857421876,1.3178582301817834,-10.456076031273602,-4.522646059252321
1789031105196583000,13.6145830078125,1.373523711041361,-11.881675820380448,-4.158279370880127
1789031105206585900,13.6245859375,1.8409914390563964,-10.833313599395751,-4.925321727752685
1789031105216589800,13.63458984375,2.4349031614441423,-7.7883374159663905,-4.679915765325725
1789031105226594000,13.644593994140624,2.505382253619283,-6.176140704014896,-3.77999492405355
1789031105236598000,13.654597900390623,2.3315035041809082,-6.627450055041908,-3.1823429191589354
1789031105246601000,13.66460107421875,1.5345336265563962,-7.634061046490073,-3.0440780655458566
1789031105256605000,13.67460498046875,0.6898293533325194,-7.5156982864379875,-3.1440354003354902
1789031105266609000,13.68460888671875,0.3450642412047832,-6.704661889538167,-3.0487168312624098
1789031105276613000,13.694613037109375,0.2486976243834942,-5.753116951751709,-2.8461075157716866
1789031105286615800,13.70461572265625,0.5360019697327166,-5.338024577009676,-2.410662381091713
1789031105296619800,13.714619873046876,0.5574000009398907,-5.513995476421714,-1.8969550260797141
1789031105306624000,13.7246240234375,0.5605424636840821,-6.636278089141845,-1.409586227416992
1789031105316628000,13.7346279296875,0.4129995671812445,-8.289472581914067,-0.9373296576902268
1789031105326632000,13.7446318359375,0.24645320645757018,-9.015517157965899,-0.9041109864383938
1789031105336635000,13.754634765625,0.06404489440917971,-8.77878929977417,-1.187673368780315
1789031105346638800,13.764638916015626,0.06509221150502553,-8.0062103515625,-1.6449658858701586
1789031105356643000,13.77464306640625,0.7882908966064452,-7.1688389054447414,-2.1960811805173757
1789031105366647000,13.78464697265625,1.164030992712453,-6.486040765923262,-2.2937942435115577
1789031105376650000,13.79464990234375,0.9274539411682634,-7.01680651550293,-2.1009119567871095
1789031105386654000,13.804654052734374,0.46178157213740056,-8.790462201911211,-1.7455235246405003
1789031105396658000,13.814657958984377,0.008379632745310617,-10.007014751434324,-1.9020438736513254
1789031105406662000,13.824661865234376,-0.2717418884277343,-9.899574367412924,-2.568529468536377
1789031105416666000,13.834666015625,-0.0733224258422851,-9.137470635986327,-3.328987770843506
1789031105426668800,13.844668701171877,0.1885433076720685,-9.60987596653402,-3.411139107568562
1789031105436673000,13.854673095703124,0.6049848320007325,-11.079017960247397,-3.4777272567197675
1789031105446677000,13.864677001953124,0.8044516847472638,-12.37981823425293,-4.156782410320639
1789031105456681000,13.874680908203125,0.8352770311217755,-13.269264735522867,-5.155464946857094
1789031105466684000,13.884683837890623,1.2710218794006853,-13.514521352607012,-5.89931347514689
1789031105476688000,13.89468798828125,2.0183118533812463,-13.065008237347007,-5.997475158691406
1789031105486691800,13.90469189453125,2.983025704016163,-12.201150350841878,-5.550806619207561
1789031105496696000,13.914696044921875,3.2089784126281735,-11.394453444451093,-5.351339985656738
1789031105506698800,13.92469873046875,2.814832818194479,-10.414327724346517,-5.493495709228515
1789031105516703000,13.934702880859374,2.2643162200927733,-9.287555983513593,-5.4776335387080906
1789031105526707000,13.94470703125,1.574337229156494,-8.067261909374595,-4.981136261694133
1789031105536711000,13.9547109375,1.1872247482299803,-7.152828266364336,-4.264074033521116
1789031105546715100,13.964715087890625,1.129165284905955,-6.770352213066818,-3.5467104843139645
1789031105556717800,13.9747177734375,1.0052654951233417,-6.948273662024734,-2.9044661812379955
1789031105566721800,13.9847216796875,0.7139210075378416,-7.328202368927002,-2.410213468280434
1789031105576726000,13.99472607421875,0.6826468944825231,-7.4628767968326795,-2.177825685119629
1789031105586730000,14.00472998046875,0.8322843521118165,-7.3894041488647435,-2.400036942180991
1789031105596733000,14.01473291015625,0.6097732353210448,-7.089231115722654,-3.069066960851848
1789031105606737000,14.02473681640625,0.17103570803217594,-6.788609169769286,-3.7618896507814523
1789031105616740900,14.034740966796877,-0.13242927932739246,-6.812253080207111,-4.265569532775879
1789031105626745000,14.0447451171875,-0.21727387372441576,-7.245749711167812,-4.263174454332888
1789031105636747800,14.054747802734376,0.2910451393127442,-7.869591219329834,-3.605517770330608
1789031105646752000,14.064751953125,1.0654195926390588,-8.342444878166912,-2.8854613287776707
1789031105656756000,14.074755859375,1.5809212837219238,-8.745122007972002,-2.702005918829143
1789031105666760000,14.084760009765626,2.103006883239746,-9.07746654140055,-2.6113264077335594
1789031105676764000,14.094763916015625,2.1212627439636735,-9.651028645655513,-2.683301510620117
1789031105686766800,14.104766845703123,1.9485808761596677,-10.54002506507039,-2.4808427095159886
1789031105696770800,14.114770751953126,1.7230769342284649,-11.914745146289466,-2.446575113733113
1789031105706775000,14.124775146484374,1.501463643060252,-13.412166893547772,-2.9414263771057128
1789031105716779000,14.134779052734377,1.8972553242005405,-14.111874666815996,-3.2778122948795554
1789031105726782000,14.144781982421875,2.248454487963766,-13.68016784188151,-3.015496698705852
1789031105736786000,14.154785888671874,2.4175451994080097,-12.48680912094116,-2.350806462804973
1789031105746790000,14.164789794921877,2.270152013574168,-10.77600239715576,-2.5658351148858665
1789031105756793900,14.1747939453125,1.863287295886129,-9.017610330852866,-3.1254800452083344
1789031105766796800,14.184796875,1.4047978240966796,-8.370428279113769,-2.69467338398397
1789031105776800800,14.19480078125,0.9994294093810022,-8.979602379497884,-1.5146312407344578
1789031105786805000,14.204804931640624,0.666336395672709,-10.182091916877031,-1.2819456436708567
1789031105796809200,14.214809326171874,0.19841946258544918,-10.969184543609618,-1.998560420337319
1789031105806812200,14.224812255859376,-0.003292173413187216,-10.427646055603025,-2.7537808219909667
1789031105816816400,14.23481640625,0.5056256092347206,-8.964341682001946,-2.93364551397115
1789031105826820400,14.2448203125,1.0423754016600548,-7.939919724053143,-2.768894219970703
1789031105836824300,14.25482421875,1.4179660793580118,-7.634362075263261,-2.647687760925293
1789031105846828300,14.264828369140623,1.7293616405211392,-7.650520013859867,-2.7027538145869965
1789031105856831200,14.274831298828126,1.9066823471069334,-7.814075083813071,-2.795679058782756
1789031105866835500,14.28483544921875,1.86239005478546,-8.010252904951571,-2.8664582298830146
1789031105876839400,14.29483935546875,1.3657424095153812,-7.879616938781737,-2.859275624902546
1789031105886843100,14.304843017578126,0.6205472889222204,-7.596204486304519,-2.754229734802246
1789031105896846300,14.314846435546874,0.2270002449035644,-7.891289840918779,-2.4365491020202636
1789031105906850300,14.324850341796877,0.3672103873655199,-8.838941862919926,-2.2171803749084473
1789031105916854300,14.334854248046875,0.5469254417419434,-10.160541763848064,-2.341828206579387
1789031105926858500,14.3448583984375,0.5478231212340295,-11.29434705657959,-2.51570739440918
1789031105936861200,14.354861083984376,0.7439980197630823,-11.944072947582601,-2.5175033379152416
1789031105946865400,14.364865478515624,1.0670656062804165,-11.770942240032554,-2.6301792845025656
1789031105956869400,14.374869384765624,1.3120223636351525,-11.05253268890381,-2.836680054473877
1789031105966873300,14.384873291015625,1.5322889163695275,-9.975290994915364,-3.033902416229248
1789031105976876300,14.394876220703123,1.6738460895262657,-8.595033153313398,-3.524862809643149
1789031105986880300,14.40488037109375,1.8399441219605503,-7.881113314819336,-3.934421807916462
1789031105996884200,14.41488427734375,2.0382136546812952,-8.629000304844974,-3.676895199584961
1789031106006888400,14.424888427734375,1.8893240928098558,-10.013746690037845,-3.4516900214046236
1789031106016891100,14.43489111328125,1.151610852404684,-10.473134133580327,-4.421791191101074
1789031106026895400,14.444895263671874,0.4673182365417481,-10.061033341869711,-5.582828774151206
1789031106036899300,14.4548994140625,0.450109912109375,-10.133159251403807,-5.672013370513916
1789031106046903300,14.4649033203125,0.3663130001343786,-10.43812185690999,-5.560833215442299
1789031106056906200,14.47490625,0.576553687286377,-10.506504488262534,-5.623530786895752
1789031106066910200,14.48491015625,0.9650127605162562,-10.55364091796875,-5.198260132488608
1789031106076914400,14.49491455078125,0.9907507206238805,-10.432884540778398,-4.971111419025063
1789031106086918400,14.50491845703125,1.4607621417723595,-10.032303506469727,-4.888809275652467
1789031106096922400,14.51492236328125,1.9925741855345667,-9.572017652782797,-4.5138177328914395
1789031106106925300,14.52492529296875,2.1046528968811034,-9.140613025665282,-3.7313629950925704
1789031106116929300,14.53492919921875,1.2945149101257323,-7.115417111858726,-4.414907276806234
1789031106126933200,14.544933349609376,1.258452101489156,-4.322880735015869,-4.744858777618408
1789031106136937500,14.5549375,2.5477297685485336,-3.5145378149837256,-2.7503388648435467
1789031106146940200,14.564940185546876,2.5794530136108396,-4.7747857138484715,-1.2143088622495535
1789031106156944400,14.5749443359375,1.264437605639547,-7.116015077751874,-1.4101841933101418
1789031106166948400,14.5849482421875,0.17971476211547865,-9.894038360595703,-2.5689786736086013
1789031106176952300,14.594952392578126,-0.8092403072632848,-10.697293017578126,-4.141071338708699
1789031106186955300,14.604955322265624,0.009277604498341585,-7.989601746588945,-5.303606759101152
1789031106196959200,14.614959228515623,2.1206640474181624,-7.000047103881837,-3.940407019805908
1789031106206963200,14.624963134765624,2.157325479535013,-9.373001393347977,-1.990629335077107
1789031106216967400,14.634967529296874,1.5782277337890118,-10.17715270690918,-2.1896470558166503
1789031106226970000,14.64497021484375,2.0283376458983864,-8.181135541313887,-3.480271388244629
1789031106236974300,14.654974365234375,2.2117934942383317,-7.7819041680484995,-2.022651490020752
1789031106246978300,14.664978271484374,1.5809214298523964,-7.427113994055986,-1.9752166618898503
1789031106256982300,14.674982177734377,1.557278615393117,-6.539613366156816,-2.9899089607238767
1789031106266985500,14.6849853515625,0.8587704271730037,-9.935489145880938,-1.5581760756894947
1789031106276989200,14.6949892578125,-0.3236662830628453,-13.139976092308759,-1.2357070395871999
1789031106286993200,14.7049931640625,-0.6030395431518554,-13.172298399242758,-3.0445266860961913
1789031106296997400,14.714997314453123,-0.012868833923339817,-10.824784255981443,-4.719270455114543
1789031106307000300,14.725000244140626,0.8948329435486345,-9.131336663275958,-4.028843135888874
1789031106317004300,14.73500439453125,1.0106524488586932,-8.883536206927896,-2.5893293877199297
1789031106327008300,14.74500830078125,0.886004178796336,-9.172037506976723,-2.6825533226013176
1789031106337012200,14.75501220703125,1.3371615541320292,-9.580247136467694,-3.5733459777832035
1789031106347015400,14.765015380859374,1.2578536972045897,-9.010426556828618,-4.088247803276777
1789031106357019400,14.775019287109377,1.1547533882141114,-7.6385495900809754,-3.7208877783074974
1789031106367023000,14.785023193359375,1.2327146163055673,-8.07519387141764,-2.974645925140381
1789031106377027300,14.79502734375,1.1795931939056143,-9.603141689842937,-2.83757758783549
1789031106387030300,14.8050302734375,0.4743511673858389,-9.023744303563236,-3.4793726858392366
1789031106397034500,14.815034423828124,0.22849651134330778,-8.245629348534345,-3.928435426983237
1789031106407038200,14.8250380859375,0.7064390908172353,-8.699331147655844,-3.8817490791320797
1789031106417042200,14.835042236328125,0.9376292616913094,-9.340378642162683,-3.638288697814942
1789031106427045400,14.84504541015625,0.2186204294951633,-9.295188670349122,-3.648613107952475
1789031106437049300,14.85504931640625,-0.34940380477905275,-9.227103560638426,-3.5592800430297853
1789031106447053300,14.86505322265625,-0.38875849456787115,-9.087641313934325,-3.419668158721924
1789031106457057300,14.875057373046875,0.48332946014404304,-8.52889274792969,-3.0985458610534664
1789031106467060200,14.885060302734376,1.2243349470276383,-8.309227083697914,-2.2337904411867258
1789031106477064400,14.895064453125,1.2882302038330584,-8.483854751807451,-1.792060234887898
1789031106487068400,14.905068359375,1.0363901167053728,-8.88667801208496,-1.9185043023258448
1789031106497072000,14.915072021484375,0.4890156160216778,-9.226955092078446,-2.5558108567386864
1789031106507075300,14.925075439453124,0.013317746734619162,-9.655365798076987,-3.3363194289058447
1789031106517079300,14.935079345703125,0.33967736053466796,-10.158746112602946,-4.011035091997683
1789031106527083500,14.94508349609375,1.2009913347106427,-10.638335801696776,-4.413111625561118
1789031106537087200,14.955087158203124,1.3735235649108886,-11.167304146465659,-4.381837950897216
1789031106547090200,14.965090087890625,1.2551601472716776,-11.519101568382979,-4.144961039623618
1789031106557094400,14.975094482421875,1.4505868577819316,-11.44608017131388,-4.086453905597329
1789031106567098400,14.985098388671876,1.78996494310908,-10.704325400432943,-4.373457806695253
1789031106577102300,14.995102294921876,1.6808791299682109,-9.665839845818281,-5.010166395214945
1789031106587105300,15.005105224609377,1.2158056766785679,-8.938154516822099,-5.125986192785948
1789031106597109200,15.015109130859376,0.914435469641164,-8.71369869570434,-4.411467073224484
1789031106607113500,15.025113525390625,0.744147949627787,-8.849420586836338,-3.362208487921953
1789031106617117400,15.035117431640623,0.776768728051707,-9.173083216637373,-2.7229557678774
1789031106627120400,15.045120361328124,0.9504979860167949,-9.23802593666911,-2.546831723730266
1789031106637124400,15.055124267578124,1.0720037202697246,-8.926480445641278,-2.888005752563476
1789031106647128300,15.06512841796875,1.303343674878031,-8.523659523451329,-3.3801638313293454
1789031106657132300,15.07513232421875,1.556380716705322,-8.309525189861654,-3.292326850183308
1789031106667135200,15.08513525390625,1.8167501472473144,-8.335711185997724,-2.231545146477967
1789031106677139200,15.09513916015625,1.4528314949035643,-8.675090440368653,-1.4986203093931079
1789031106687143400,15.105143310546875,0.9775824653625487,-9.118914404076339,-1.1115076823361218
1789031106697147400,15.1151474609375,1.0018236841063946,-9.348008990910651,-0.7077852812618017
1789031106707150300,15.125150390625,1.1706149011474103,-9.359532839965823,-0.620847002521157
1789031106717154300,15.135154296875,1.46195938873291,-8.968529196819663,-0.9009683044984936
1789031106727158300,15.145158203125,1.728314323425293,-8.526649937438965,-0.8842081622250377
1789031106737162200,15.155162353515625,1.2705728204589337,-8.966733545574545,-0.7278371585570276
1789031106747165200,15.165165283203123,0.6121674369812009,-10.382904412078856,-0.7658448176510629
1789031106757169200,15.175169189453126,0.39519283846430464,-11.715275882390142,-1.1565490394592284
1789031106767173400,15.18517333984375,0.5991489654541016,-12.02188567058146,-1.7866724043697118
1789031106777177300,15.19517724609375,0.5448304422240703,-11.859378648376465,-2.4658782184876498
1789031106787180500,15.2051806640625,0.8848070779662581,-11.927612811169027,-2.983623596844077
1789031106797184000,15.21518408203125,1.1305120964050293,-12.215516145324704,-2.970905131176859
1789031106807188000,15.22518798828125,0.9160813371520489,-12.187533913421632,-2.81258810800761
1789031106817192000,15.23519189453125,0.830787976074219,-11.852495318603514,-2.779817765045166
1789031106827195000,15.24519482421875,1.0489594562254845,-11.044750364464521,-3.0101097449705003
1789031106837198800,15.25519873046875,1.1640309196472167,-9.942221084484457,-3.33123277329132
1789031106847203000,15.265203125,1.4059948518615215,-8.754546838921309,-3.321954657336324
1789031106857206800,15.275206787109376,1.6174329321045424,-7.923162065997719,-2.9694086090087897
1789031106867210000,15.2852099609375,1.9258358873229473,-7.657554734802245,-2.467973583331704
1789031106877214000,15.2952138671875,1.950376527404785,-7.637205189734695,-2.0612587224431342
1789031106887218000,15.305218017578126,1.6439187149047851,-7.568370722961424,-1.7878695051997897
1789031106897220900,15.315220947265624,1.4646527194701133,-7.48232968532145,-1.7871214633114634
1789031106907224800,15.325224853515625,1.2029365504942835,-7.259367902153732,-2.063352187591046
1789031106917229000,15.33522900390625,0.9367313995361326,-6.95216482424438,-2.1856074250370265
1789031106927233000,15.34523291015625,0.9977835418701173,-7.150434064704179,-1.7658735080994665
1789031106937235700,15.355235595703125,1.0902595809936524,-7.654561982727049,-1.4573200384944676
1789031106947240000,15.365239990234375,1.0102033168517055,-7.876623602184653,-1.6389800894588231
1789031106957244000,15.375243896484376,0.7820059711180626,-7.853728464287519,-1.8409915851868688
1789031106967248000,15.385247802734376,0.7416039642333984,-8.129362099456786,-1.9135656768798825
1789031106977251000,15.3952509765625,0.7703343841552734,-8.920946192389726,-2.0540756790712473
1789031106987254800,15.4052548828125,0.7604583023071289,-10.350431883019208,-1.9645916613705454
1789031106997259000,15.415259033203125,0.5208884986877439,-12.054058339911698,-1.9044376369200646
1789031107007263000,15.425262939453123,0.5111620544433593,-13.41935125209391,-2.1510411385685204
1789031107017266000,15.435265869140624,0.5241805259704586,-14.17906078186035,-2.6973671531125905
1789031107027270000,15.445269775390624,0.035015199279785136,-14.044535991558432,-3.2748186660215257
1789031107037273900,15.45527392578125,-0.3063081748962402,-12.971036991229653,-3.754557700458169
1789031107047277800,15.46527783203125,-0.1969235249392689,-11.487077952134609,-4.35475237557292
1789031107057281000,15.475281005859374,0.35419220809936536,-10.71943996745646,-4.6725832304805515
1789031107067284700,15.48528466796875,0.6060322952270508,-10.499021439030765,-5.170427830450237
1789031107077289000,15.4952890625,1.0137947654724122,-10.966790926471353,-5.773617887988686
1789031107087292000,15.5052919921875,1.6243163349427283,-11.827356785693764,-5.6233814415529375
1789031107097296000,15.5152958984375,2.3126491661071773,-11.864766186633707,-5.231181282098591
1789031107107300000,15.525300048828123,2.265214045715332,-10.007164389038085,-5.2479401091977955
1789031107117303800,15.5353037109375,2.3774421024046837,-7.389104289135336,-4.516362156677246
1789031107127307000,15.54530712890625,3.5745432247437536,-6.374114176398515,-2.7561759004339574
1789031107137311000,15.55531103515625,3.308187997790426,-6.451024982121586,-2.378788402447104
1789031107147315000,15.56531494140625,2.0192095328733326,-6.907419673588873,-2.479344872173667
1789031107157319000,15.57531884765625,0.808192990167439,-8.07489634977579,-2.1681001176580788
1789031107167321900,15.58532177734375,-0.7737762682374565,-8.45302765186727,-3.4551322708129883
1789031107177326000,15.595326171875,-1.0152912876404823,-6.663510963982343,-4.962431561224163
1789031107187330000,15.605330078125,0.8016085702758281,-5.860257476043703,-3.3674440504878755
1789031107197334000,15.615333984375,1.3890859487671403,-6.782325559455156,-1.303642803955078
1789031107207337000,15.6253369140625,0.8674492620605975,-6.555773058319092,-1.612344595989585
1789031107217341000,15.6353408203125,1.936310592651367,-5.691466259002684,-1.965041304834187
1789031107227345000,15.645344970703125,2.4227825886048375,-6.724864719611406,-1.5270517463684081
1789031107237349000,15.65534912109375,1.702127888897806,-7.326407302203774,-2.6469401574283835
1789031107247351800,15.665351806640626,1.582118311486766,-5.596745071300864,-3.998466117803752
1789031107257356000,15.67535595703125,1.8637362086974085,-4.976047121861579,-2.721757498003542
1789031107267360000,15.685360107421875,1.554884194537252,-6.867166573655604,-1.1602888105094435
1789031107277363000,15.695363037109376,1.1842318500243127,-8.768313498467206,-1.178844750158488
1789031107287367000,15.705366943359374,0.5322610296387225,-10.735002278247475,-0.8562260764524341
1789031107297371000,15.715370849609377,-0.4548980962339789,-12.600684506446122,-0.44412440795898434
1789031107307374800,15.725374755859375,-0.8119336380004881,-13.860931236267088,-0.7951742263793942
1789031107317378000,15.7353779296875,-0.7447465731080618,-13.77803025021851,-2.4238296134397386
1789031107327381800,15.7453818359375,0.27383681488037104,-12.11002280371785,-4.823717794799805
1789031107337386000,15.755385986328124,1.7561469177246094,-10.921000066155194,-5.783791783739626
1789031107347390000,15.765389892578124,1.7847276269774883,-11.751190660858153,-3.7108623511165377
1789031107357393200,15.77539306640625,1.0604816247802227,-12.59664195305705,-1.6320973442077635
1789031107367396900,15.78539697265625,0.8672995513916014,-10.396222158813476,-2.6701334014892577
1789031107377400800,15.79540087890625,1.5282488471984863,-7.887697369384766,-3.819648889049888
1789031107387404800,15.80540478515625,2.4432828307220706,-6.704363783374429,-3.830422796520591
1789031107397408000,15.815407958984377,2.998587978274561,-6.87120737347901,-3.7292674841180444
1789031107407412000,15.825411865234376,3.2089784126281735,-8.179939609527587,-2.9554920195981857
1789031107417416000,15.835416015625,2.331204155908152,-10.087221676093339,-2.3745988418027757
1789031107427419000,15.8454189453125,0.011821370697021383,-10.960206871905925,-3.675548753412068
1789031107437423000,15.855423095703124,-1.2095207511901855,-10.091858103722334,-5.131522345733642
1789031107447427000,15.865427001953124,-0.543483849920705,-9.055317253434657,-5.777507588903605
1789031107457430800,15.8754306640625,0.17821831301264462,-8.119335210961104,-5.29612341760844
1789031107467434000,15.88543408203125,0.28401217193603523,-7.440429402703047,-4.158428716222942
1789031107477438000,15.89543798828125,-0.10085567186884581,-7.249792264556886,-2.6608561623170974
1789031107487442000,15.90544189453125,-0.007631590856984283,-7.2068445187121615,-1.5523402091428635
1789031107497446000,15.91544580078125,0.3898059943268075,-6.916848596191407,-1.1587930189937345
1789031107507448800,15.92544873046875,0.7600092433653771,-6.449229330876472,-1.1109092780515553
1789031107517453000,15.935453125,1.1074679054260252,-6.293457169884443,-1.333570616967976
1789031107527457000,15.94545703125,1.4273931753296405,-6.496366929626467,-1.6545432770326731
1789031107537461000,15.9554609375,1.5387234429290517,-6.863875715416668,-1.9497782692506909
1789031107547464000,15.9654638671875,1.397465581512451,-7.414243406566975,-2.0772683386102315
1789031107557468000,15.975468017578123,0.8545802820067852,-8.06995480172038,-2.0587135680049653
1789031107567471900,15.985471923828126,0.2112883695740253,-8.72028216574788,-2.2189766106754543
1789031107577474800,15.995474853515624,-0.2466027344634757,-9.885210911017655,-2.6337717560365794
1789031107587478800,16.005478759765627,-0.33429033373408024,-11.819127302008868,-3.203741973279416
1789031107597483000,16.01548291015625,0.2591722566466778,-13.857489571380613,-4.319887982940673
1789031107607487000,16.025487060546876,1.2075754623413086,-15.16831556483805,-5.1379570549562565
1789031107617490200,16.035490234375,1.5156793615479023,-15.572935060882568,-4.824017216137797
1789031107627494000,16.045493896484373,1.0372878692626952,-15.182083393427728,-5.074061213628948
1789031107637497900,16.055497802734376,1.19635256899409,-13.958494369396567,-5.8185081462033095
1789031107647501800,16.065501708984375,2.197577775750682,-12.088024322399495,-5.843797339630127
1789031107657505000,16.075505126953125,2.9032687150817362,-10.468197846221925,-4.9217307175233955
1789031107667508700,16.0855087890625,3.0846295639038086,-9.494656765204665,-3.653701663263142
1789031107677513000,16.095512939453126,2.587982430090382,-8.867524398803708,-2.605040751592815
1789031107687516000,16.105515869140625,1.6461632789611815,-8.442403382000327,-1.7687160380490123
1789031107697520000,16.11552001953125,0.604535846124217,-8.109460298156739,-1.3729248683653772
1789031107707523800,16.12552392578125,-0.07736264114379876,-7.844003189086914,-1.4796163337156178
1789031107717527800,16.13552783203125,-0.06419460507817565,-7.5899173688590515,-1.6469113208495079
1789031107727531000,16.145531005859375,0.7166144844055177,-7.070975912585855,-1.3642464718692002
1789031107737535000,16.155534912109374,1.531091961669922,-6.258742414855957,-0.6115688865661622
1789031107747539000,16.1655390625,1.6175824966430663,-5.789779333716629,0.01137187336385237
1789031107757543000,16.17554296875,1.1674725114684552,-5.991788929748536,0.23059110900238178
1789031107767545900,16.1855458984375,0.8578723092895001,-6.516118508800864,0.005836158807575487
1789031107777550000,16.195550048828125,0.5223848016601056,-6.848762317436933,-0.6470331447876987
1789031107787554000,16.205553955078123,0.8134300140380859,-7.119456742638352,-1.5699971541255713
1789031107797557200,16.21555712890625,1.3584100208006795,-7.774420534294843,-2.2215198654174797
1789031107807561500,16.2255615234375,1.417517166546732,-9.368212990027663,-2.3104054788336152
1789031107817565400,16.2355654296875,0.8577226716857402,-11.821819025310873,-2.3250689410887655
1789031107827569400,16.2455693359375,0.1503857187133283,-14.687828050121666,-2.7902928356997667
1789031107837572400,16.255572265625,-0.43589412055648835,-16.462082286944984,-3.569904166766256
1789031107847576300,16.265576416015627,0.15532361350692792,-15.622313132035732,-3.98888887277171
1789031107857580500,16.27558056640625,0.985513112231344,-13.78581140561402,-3.9775169994078583
1789031107867584500,16.28558447265625,1.5083470458984374,-12.804489753723145,-3.2766141711361705
1789031107877587200,16.295587158203126,1.9734206453185528,-13.008745082855224,-2.621052559716999
1789031107887591400,16.30559130859375,2.2870612089294937,-13.193548692542311,-2.507926969666034
1789031107897595400,16.315595458984376,1.3836989950317888,-12.252777077704668,-2.6502323308415714
1789031107907598600,16.3255986328125,0.08634097043462097,-10.765229658728835,-2.9492079708926378
1789031107917602600,16.3356025390625,0.011671806158497722,-9.50004371894002,-3.073256813757122
1789031107927606300,16.345606201171876,0.6575076309204102,-8.447491645050048,-2.7235544644229113
1789031107937610500,16.355610595703126,0.7396588215149938,-7.554006682044266,-2.4970032784610985
1789031107947613400,16.365613525390625,0.5645826059203595,-6.982538919720051,-2.2653636833190913
1789031107957617400,16.375617431640624,0.33054939364008606,-6.598868688201902,-2.024447141265869
1789031107967621400,16.385621337890626,-0.0950198783874514,-6.296450506481529,-2.225859648187458
1789031107977624300,16.395624267578125,-0.43424832611083986,-6.002711890301109,-2.7314846729002893
1789031107987628500,16.405628662109375,0.5150524860106409,-6.072592066735029,-2.393154343060404
1789031107997632500,16.415632568359374,1.0360909145630894,-6.622961511451006,-1.5026606708250938
1789031108007636500,16.425636474609377,0.5729623117309064,-7.262510876354574,-1.3814543579101564
1789031108017639400,16.435639404296875,0.23193813969716426,-7.769184971728921,-1.7963998715274037
1789031108027643400,16.445643310546874,0.2955342674255371,-8.373421031188961,-2.039111188042909
1789031108037647400,16.4556474609375,0.730381143951416,-9.296985490638017,-2.2331915985107424
1789031108047650300,16.465650390625,1.1059713832579552,-9.87742800205648,-2.685845057623088
1789031108057654300,16.475654296875,1.4067429668150842,-10.08736956013143,-3.1413425079897044
1789031108067658500,16.485658447265624,1.9366095755979418,-10.51398636845052,-3.197157041931152
1789031108077662500,16.495662353515623,2.2287026165284214,-11.149050112372638,-3.2166105149418116
1789031108087665400,16.50566552734375,2.2529439083375036,-11.704655119654532,-3.451690898187459
1789031108097669400,16.51566943359375,1.5497965160094198,-11.917286647465826,-3.7289685011714693
1789031108107673300,16.52567333984375,0.4747999705992638,-11.170894279912114,-4.601505953216552
1789031108117677600,16.535677490234374,0.8553283969603478,-10.445302123802902,-4.840775604845583
1789031108127680500,16.545680419921876,1.7935563186645505,-10.96304998637736,-3.90688878108561
1789031108137684200,16.555684326171875,1.4172174529477952,-11.917885197880864,-3.9791625746577974
1789031108147688400,16.5656884765625,1.4809633644104003,-12.303055312567947,-4.2088571732118725
1789031108157691400,16.57569140625,1.771709228515625,-11.444135466986893,-4.476708483941853
1789031108167695600,16.585695556640626,1.2695254302978518,-8.986784984478351,-5.591058550097049
1789031108177699300,16.59569921875,1.3817537792481482,-5.785139983478186,-5.853373854009807
1789031108187703300,16.605703369140624,2.770390742138773,-4.401441061511636,-3.0626328361511224
1789031108197706500,16.61570654296875,2.9430723176818336,-5.977125029101967,-0.8702928879886866
1789031108207710500,16.62571044921875,1.03594127695933,-9.108292472296952,-1.779939588983357
1789031108217714400,16.63571435546875,0.010923618139698998,-11.436953446528314,-2.8312931007385256
1789031108227717400,16.64571728515625,-0.6096233785215761,-11.626844150221347,-3.0594910309940575
1789031108237721300,16.655721435546877,-0.45429991114512047,-9.19358356835246,-3.637540509796143
1789031108247725600,16.6657255859375,0.9183259742736817,-5.083937587738037,-3.9990643759578464
1789031108257729500,16.6757294921875,1.259050871099904,-3.417724038916826,-3.0612860977172853
1789031108267732500,16.685732421875,1.1176432624816894,-4.305822048187256,-2.386570142364502
1789031108277736400,16.695736328125,1.653794869818166,-7.300370943671463,-1.3190557694032787
1789031108287740400,16.705740478515626,1.2761096309937536,-11.054479146796464,-0.1271922554567455
1789031108297743400,16.715743408203124,0.23552973444834346,-12.210279998236894,-1.178695112554729
1789031108307747300,16.725747314453123,0.17836802368164062,-9.983221787914633,-4.434509510637819
1789031108317751300,16.735751220703126,1.7887679884094745,-5.645379046088456,-6.131550159399211
1789031108327755500,16.745755615234376,2.9465139095030723,-4.013278194749358,-3.548804241722822
1789031108337758500,16.755758544921875,2.737171047973633,-5.8758197868347155,-0.22370792535990525
1789031108347762400,16.765762451171874,1.7417817077636717,-9.881917714691161,0.9455603104189039
1789031108357766400,16.775766357421876,0.5416881256103516,-13.706953557476403,0.5912184647157792
1789031108367769600,16.78576953125,-0.7559690280638636,-15.896602951380608,-1.130961009216309
1789031108377773600,16.795773681640625,-1.1008837047301232,-15.070155050337313,-4.754286238916218
1789031108387777300,16.80577734375,0.4990413354735821,-11.548280901116133,-7.275230364935099
1789031108397781200,16.81578125,1.756296555328369,-8.995914631873369,-5.64118773187846
1789031108407784400,16.825784423828125,2.242768332086131,-8.660874283489582,-2.542193250274657
1789031108417788400,16.835788330078124,1.5846622238159178,-9.31374314869344,-0.7627025741025801
1789031108427792600,16.845792724609375,0.8279448981354012,-10.025719451904298,-0.6121677292421457
1789031108437795300,16.85579541015625,0.24271222983095797,-10.592548448511957,-1.349581548309326
1789031108447799600,16.865799560546876,0.0757166640350595,-11.088297829768061,-2.625841255298257
1789031108457803500,16.875803466796874,0.2780267043182627,-10.907834879633784,-4.235492374420166
1789031108467807500,16.885807373046877,0.7779658654144033,-9.8907457487911,-5.176114936175942
1789031108477810400,16.895810546875,1.0079589354583993,-8.942642475891112,-4.726603282220661
1789031108487814400,16.905814453125,0.9410708535125478,-8.287678684234619,-4.255544105584919
1789031108497818400,16.915818359375,1.101931350619532,-7.539791109687089,-3.9546228844240305
1789031108507821300,16.9258212890625,1.09804073638916,-6.8159934357792125,-3.946991074371338
1789031108517825300,16.9358251953125,0.7845499565124512,-6.297497969707846,-3.7294174139827483
1789031108527829500,16.94582958984375,0.8616133955139667,-5.973384673529862,-3.095403763635457
1789031108537833500,16.95583349609375,0.707336916439794,-5.915323529705406,-2.504783849334717
1789031108547836400,16.96583642578125,0.07242460021972646,-6.246772575598955,-2.001852155359089
1789031108557840400,16.97584033203125,-0.3143886054992675,-6.803722567749023,-1.6651675468996163
1789031108567844400,16.98584423828125,-0.19183533495478328,-7.3406240436047305,-1.426345639038086
1789031108577847600,16.99584765625,0.0917278145721182,-7.8151219625175,-1.1602902718141672
1789031108587851500,17.0058515625,0.5897216137541457,-8.178442064446209,-1.0717007187351582
1789031108597855200,17.015855224609375,0.9050082640716806,-8.348579435399175,-1.293317078643292
1789031108607859500,17.025859375,1.154304475402832,-8.794200219395758,-1.4131769453853367
1789031108617862400,17.0358623046875,1.1481693336486816,-9.782111771070959,-1.3980648625798524
1789031108627866600,17.04586669921875,0.7689875726561992,-11.068093246129155,-1.9211967562802132
1789031108637870600,17.05587060546875,0.6971615228515118,-12.190677472144365,-2.818873618017882
1789031108647873300,17.065873291015624,1.0392331581115721,-12.878859058269857,-3.534589253887534
1789031108657877500,17.07587744140625,1.1155482994964345,-13.556418712615965,-3.4534865494325757
1789031108667881500,17.085881591796873,0.5430348640441893,-14.427159344372154,-3.110516577093303
1789031108677885400,17.095885498046876,0.30346502389218666,-14.86814253169596,-3.241899269977212
1789031108687888400,17.105888427734374,0.4846761985778807,-14.125938848003745,-3.4765304481506347
1789031108697892400,17.115892333984377,0.6940191331725567,-12.433090390235185,-3.333627121081948
1789031108707896600,17.125896484375,1.2702736183166503,-10.758645019641516,-3.0104096046999094
1789031108717899300,17.135899169921874,2.1419127698151392,-9.71148165305257,-2.7349267761781815
1789031108727903500,17.145903564453125,2.3198317710876464,-9.255383898705244,-2.273293745665997
1789031108737907500,17.155907470703124,1.828421880340576,-9.147495186394453,-1.8851346782959997
1789031108747911400,17.165911376953126,1.296759547247365,-9.049784169226884,-2.0395606853760775
1789031108757914600,17.17591455078125,0.7306803460936995,-8.551938692474364,-2.3701101520813994
1789031108767918300,17.18591845703125,0.7359177352905273,-7.678056255561113,-2.3083098217286167
1789031108777922300,17.19592236328125,0.9892541984558104,-6.802226776233318,-2.1736362706057726
1789031108787925500,17.205925537109376,0.8704419410705566,-6.21115882590413,-1.9982605606079102
1789031108797929500,17.215929443359375,0.8900444671630859,-5.828235028839108,-2.0657468276426196
1789031108807933700,17.22593359375,0.8044518308777363,-5.5008291208565225,-2.165555840002745
1789031108817936600,17.2359365234375,0.6817488496642559,-5.275324082946776,-2.349459870501607
1789031108827940600,17.245940673828127,1.0727518352232872,-5.823445456475017,-2.5700255523130298
1789031108837944600,17.255944580078125,0.8993218524657188,-6.8302072545707215,-2.1733356802240014
1789031108847948500,17.265948486328124,0.3286041778564456,-7.735217235675454,-2.1182700649537147
1789031108857951700,17.27595166015625,-0.08274952181391426,-8.804378499060869,-2.4603419194094833
1789031108867955700,17.285955810546874,-0.21458039685674013,-9.700555769890544,-2.7955292750485237
1789031108877959400,17.29595947265625,-0.2270000257078557,-10.356869222590326,-2.334047197314352
1789031108887962600,17.305962646484375,-0.24331067064814293,-10.486305165320635,-1.6581344333924353
1789031108897966600,17.315966552734373,0.03591295183710752,-9.803357388195396,-1.2107177058897918
1789031108907970600,17.325970458984376,0.3130417209349573,-8.386140227508543,-1.42664520650655
1789031108917974800,17.335974853515626,0.71347194859609,-7.3810232740104205,-2.251446801647544
1789031108927977500,17.3459775390625,0.8815152698792514,-8.370729307886958,-3.0817867416933176
1789031108937981700,17.355981689453124,0.9126397453308108,-12.25217852728963,-3.046921764539182
1789031108947985700,17.365985595703126,0.40162747462168347,-18.46348582175374,-2.2216700875431297
1789031108957988600,17.375988525390625,-0.5659297096803784,-22.221633071136473,-2.6399060210078953
1789031108967992600,17.38599267578125,-0.13587079808339486,-19.6819854136914,-2.5848399673461913
1789031108977996500,17.39599658203125,0.7785644523620604,-13.915549546161294,-2.1487961361207066
1789031108987999700,17.405999755859376,2.0441991588316855,-8.90717777927816,-3.1818938602171833
1789031108998003700,17.416003662109375,3.6326024688720704,-6.077232001495361,-4.868010963904112
1789031109008007400,17.42600732421875,4.414010035705566,-5.935525190734863,-5.774216146142781
1789031109018011600,17.43601171875,5.027225082043558,-7.174524549865723,-6.08142156213969
1789031109028014600,17.4460146484375,4.151096765899658,-9.238025352147222,-5.2090346244812
1789031109038018800,17.456018798828126,2.229899571228027,-11.833790033611656,-3.27526787109375
1789031109048022500,17.4660224609375,1.0702078498288987,-13.984830587658283,-2.2854145377010107
1789031109058025500,17.476025390625,0.15038579177856448,-13.915249101909993,-2.6268884262636303
1789031109068029700,17.48602978515625,0.06434387735575453,-11.691932416203617,-3.5449139562860132
1789031109078033700,17.49603369140625,0.36825814285278335,-9.072976828765869,-4.034079575237632
1789031109088037400,17.506037353515627,0.8059479877196255,-6.623557723778487,-4.031985233306885
1789031109098040600,17.51604052734375,1.2514191341124474,-4.448425515526532,-4.229806145477294
1789031109108044500,17.52604443359375,0.7163150630675256,-2.5534154860347504,-4.352209413091838
1789031109118048800,17.536048828125,-0.18180968856811508,-0.8348276068538407,-3.615393559917808
1789031109128051500,17.546051513671873,0.005536664404347524,0.41703883263468633,-2.357541031756997
1789031109138055700,17.5560556640625,0.7290342593871055,1.0700590890079713,-1.1335048484802246
1789031109148059600,17.5660595703125,1.831564270019531,0.7329243986934397,0.8298901504516598
1789031109158062600,17.5760625,2.95130260508433,-1.7396879503548144,2.924367398016155
1789031109168066600,17.586066650390624,0.6266822845458984,-8.778042280799149,6.178236799511311
1789031109178070500,17.596070556640626,-4.0731356474060565,-19.05619920120239,5.007921977289021
1789031109188074500,17.606074462890625,-9.533860429150238,-20.791248385840653,-6.612335780279338
1789031109198077700,17.61607763671875,-5.37707743430771,-14.64578105250895,-12.762441587066649
1789031109208081700,17.62608154296875,5.680542933123931,-11.923723402515053,-3.8051352105289697
1789031109218085600,17.636085693359377,3.818452445806935,-16.109986758863926,0.6655871847406027
1789031109228088600,17.646088623046875,2.1725882959228007,-17.05928479450643,-4.133738219341635
1789031109238092500,17.656092529296874,3.1603460452757774,-11.97115735386312,-7.593660062518715
1789031109248096800,17.6660966796875,6.045658467102051,-11.970557634404301,-8.179938732744752
1789031109258099500,17.676099365234375,2.6868928861755874,-19.845687783160802,-6.5758244972229
1789031109268103700,17.686103759765626,-0.11402378099970512,-23.58363570960164,-5.6153015954717995
1789031109278107600,17.696107666015624,0.793827634076029,-18.13922171892822,-7.149386016955971
1789031109288111600,17.706111572265623,-0.5147533569335938,-9.521589780315756,-11.177778778728843
1789031109298114600,17.716114501953125,0.15397694813832652,-2.6123715328723174,-9.460537345720827
1789031109308118500,17.726118408203124,2.8001684060912577,0.527173862567544,-4.276941113878786
1789031109318122800,17.736122802734375,4.122964896392822,0.5979524491459127,-1.346738726098836
1789031109328125700,17.746125732421874,5.3603183880127965,-0.824505534803869,-1.0158902764469384
1789031109338129400,17.75612939453125,4.333055872875825,-3.3336253675162784,-1.9126681435182693
1789031109348133600,17.766133544921875,1.2580032617431134,-5.633555921825765,-2.5733181641176337
1789031109358136600,17.776136474609373,0.15023622724004093,-7.258471830096841,-2.9351413054868574
1789031109368140800,17.786140869140624,-0.8961796819824726,-8.12756761725545,-2.8901009712770582
1789031109378144500,17.79614453125,-1.385494609744288,-7.108233922356366,-1.7182886039733887
1789031109388148500,17.8061484375,-0.5291186034271496,-4.755332825359702,0.0761658325746648
1789031109398151700,17.816151611328124,0.9753379378387703,-2.4009376904129986,0.7637503295898433
1789031109408155600,17.82615576171875,1.795202259240672,-1.1296125172168008,0.8478472474247214
1789031109418159400,17.836159423828125,1.9086275994231923,-0.8939350448608394,0.9789292037963868
1789031109428162600,17.84616259765625,2.1854570933135222,-1.060481697845459,0.8090908157899972
1789031109438166500,17.85616650390625,1.7052701689789072,-1.1956038695186386,0.19587591558247786
1789031109448170800,17.866170654296877,1.0211270263229495,-1.5463538282096376,-0.599747515869141
1789031109458173400,17.87617333984375,0.808940904191602,-2.653821733635665,-1.3486831381648778
1789031109468177700,17.886177734375,0.8430582230499014,-5.388599748992919,-1.8703209939152
1789031109478181600,17.896181640625,0.9195231299026869,-10.70013496300578,-2.3440730628967286
1789031109488184600,17.9061845703125,1.7268179199882316,-18.92736356245279,-2.0784674852669234
1789031109498188500,17.9161884765625,-1.3854945458122063,-25.42821903567016,-1.5560823182806371
1789031109508192500,17.926192626953124,-4.708047817495651,-27.395652496337892,-1.6792334816530343
1789031109518196500,17.936196533203123,-1.1960534764496609,-24.500166617152093,-4.310610743768513
1789031109528199700,17.94619970703125,1.0733504952361808,-18.174382464158533,-6.409875517870486
1789031109538203600,17.95620361328125,0.4674678924118167,-13.788953795292972,-5.2883422622129315
1789031109548207600,17.96620751953125,0.6374561554839834,-11.95125672160685,-3.8643908248350023
1789031109558210600,17.97621044921875,1.8987515632408203,-10.36120812857747,-3.094955143085122
1789031109568214500,17.986214599609376,2.6836007629947503,-9.581744681549072,-2.661603181292117
1789031109578218800,17.99621875,3.8552631684676735,-10.25391621311605,-2.635417769677937
1789031109588221400,18.006221435546873,4.900781215535011,-11.653775996288658,-3.5773859008237716
1789031109598225700,18.0162255859375,3.487902869503759,-12.409447064319252,-4.591780385755002
1789031109608229600,18.026229736328126,0.8080430237701162,-11.548132432556152,-5.151274801690875
1789031109618232600,18.036232666015625,-0.9846153962066396,-9.979034273096918,-6.359449106708169
1789031109628236500,18.046236572265624,-0.9941922759125009,-8.456170041546224,-7.107037406048179
1789031109638240500,18.056240478515623,-0.6356605773041024,-7.072470535057782,-6.851456378826499
1789031109648244700,18.06624462890625,-0.37125093146059673,-6.013485213249922,-5.972036181530356
1789031109658247700,18.07624755859375,-0.017507599639892568,-5.303005870598554,-4.866364219610393
1789031109668251400,18.08625146484375,0.516997847924754,-4.649987367790938,-3.7487206648677587
1789031109678255600,18.096255615234377,1.1921628256866708,-3.970785206934808,-2.6237454520627854
1789031109688258600,18.106258544921875,1.6702549331665035,-3.3246459422469146,-1.8400927366510031
1789031109698262800,18.1162626953125,1.7009306054046376,-2.9637217955440294,-1.7480664871215819
1789031109708266500,18.1262666015625,1.4205096994262187,-3.0849276700675485,-2.2167308775752788
1789031109718269700,18.136269775390623,1.5292964200226589,-3.850626211115718,-2.877531120300293
1789031109728273700,18.146273681640626,2.1365256334166975,-5.2192111505806436,-3.2436949212223287
1789031109738277600,18.156277587890624,1.390432614135742,-7.265505381995441,-3.820248023986816
1789031109748280600,18.166280517578127,0.5386954100677744,-9.989059408026932,-4.481645940344036
1789031109758284500,18.176284423828125,-0.023942016601562477,-13.115288810297848,-4.942829911914467
1789031109768288500,18.18628857421875,-0.5150526321411134,-15.927424790623784,-4.783165711919963
1789031109778292700,18.19629272460937,-0.5755061509948224,-16.945261524963378,-4.437204156549275
1789031109788295400,18.20629541015625,-0.3091512893676758,-15.750706287714838,-4.020912635150552
1789031109798299100,18.216299072265624,1.093551535211131,-13.514221492877603,-3.1205431733280418
1789031109808302800,18.226302734375,2.606836841229349,-11.086502763044834,-2.3116022874027493
1789031109818306000,18.23630615234375,3.598036036273092,-9.791834708184002,-1.81001674733907
1789031109828310000,18.24631005859375,3.891475596441701,-10.015094597515464,-1.3887866004943845
1789031109838314000,18.25631396484375,3.6227264600891615,-10.957511641472578,-1.3802572570800782
1789031109848317000,18.26631689453125,3.0636803724426773,-11.685649974933266,-1.9699790534973145
1789031109858321000,18.27632080078125,2.2881084529601035,-12.0341536160022,-2.8043574552789328
1789031109868325000,18.2863251953125,0.7754221357483417,-11.28058156607747,-3.7240319215521214
1789031109878328000,18.296328125,0.19303236271962576,-9.178021257561445,-4.177582037243246
1789031109888331800,18.30633178710937,1.4133270213805138,-7.426513690075277,-3.5405753425598148
1789031109898336000,18.3163359375,2.3644236308775843,-6.691044867596029,-2.3916575286313893
1789031109908339000,18.3263388671875,1.9722236175537107,-6.481702444458009,-1.7051202025815846
1789031109918343200,18.33634326171875,0.9038109805785118,-6.439803330883383,-2.1478984566286203
1789031109928347000,18.34634692382813,0.04863236735239629,-6.380697646442055,-2.9830256309509275
1789031109938350800,18.356350830078124,0.027383827618509438,-6.335058761817217,-3.2528228150516747
1789031109948354000,18.36635400390625,0.7209541210450231,-6.370372651782631,-3.0277681512579324
1789031109958358000,18.37635791015625,1.4887446659363806,-7.218519174414871,-2.588431562097371
1789031109968362000,18.38636206054688,0.8102873320981859,-9.07866130414307,-2.5005937041684985
1789031109978365000,18.39636499023437,0.02917933273315443,-11.022006033214927,-2.445377428381145
1789031109988369000,18.406368896484373,-0.24600422058105464,-12.156410460883379,-2.572121063287556
1789031109998373000,18.416373046875,-0.15637129592895493,-12.455983774566649,-2.7765254455015063
1789031110008375800,18.426375732421874,0.2641103706359864,-12.336572966766354,-3.0352491546630858
1789031110018380000,18.436380126953125,0.7972688605710864,-12.414832264488934,-3.1494217695489524
1789031110028384000,18.446384033203124,1.1406873073302208,-12.78249302597046,-2.983325490680337
1789031110038387000,18.456386962890623,1.2020393093936144,-12.77426529585123,-2.699762523816526
1789031110048391000,18.466390869140625,1.2123638656616211,-11.474362262946364,-2.6943746932983395
1789031110058395000,18.476394775390624,1.3156136661253868,-9.406518463024497,-3.0594907387331123
1789031110068398000,18.48639819335937,1.3575123413085937,-7.464522810474037,-4.125059822845459
1789031110078402000,18.496402099609377,1.4172178913392126,-6.633585196796061,-5.386056786511838
1789031110088406000,18.506406005859372,1.7021278888978064,-7.789236995154618,-5.1776107276916505
1789031110098409000,18.516408935546878,1.1460745533265173,-9.912744230109451,-3.374776877593994
1789031110108413000,18.52641284179688,0.1620576710022985,-10.85306693213582,-2.6235963989809155
1789031110118417200,18.536417236328123,0.22505510218515967,-10.153810409766438,-3.1784526337221264
1789031110128421000,18.54642114257813,0.9695020347595213,-8.671500306922196,-4.481048266711831
1789031110138423800,18.556423828125,1.3777132716856895,-6.850857243889569,-5.507711281585693
1789031110148428000,18.566427978515627,1.9071311137877405,-5.2775668934375055,-5.478979984880984
1789031110158432000,18.576431884765626,2.508524789428711,-5.137507849884033,-3.6770445449277758
1789031110168435200,18.586435302734376,2.838176357446238,-6.338797363823652,-1.8502680937066667
1789031110178439000,18.59643896484375,2.6589106542725114,-7.709778843036294,-1.9298764679506424
1789031110188443000,18.60644287109375,1.1240776794433591,-8.68780963668823,-2.227954574640095
1789031110198446000,18.61644604492188,0.23822299212031073,-9.296835268512368,-2.4108108496516945
1789031110208450000,18.626449951171875,-0.33922859385386106,-9.003094898766278,-3.0253730728149426
1789031110218453800,18.636453857421877,-0.059106926550343775,-7.673116461071372,-3.803189629419147
1789031110228457000,18.64645703125,1.5237596460204572,-8.071751037487388,-2.9321488456726077
1789031110238461000,18.6564609375,1.4621090263366698,-11.39550207672119,-1.4685437355592845
1789031110248465200,18.666465087890625,0.5389946487426758,-13.778780191802976,-2.321477784729004
1789031110258467800,18.6764677734375,0.37394429873041823,-11.524788381847738,-5.006275671386719
1789031110268472000,18.68647216796875,0.7959224143981933,-5.57968813803792,-7.149984275110066
1789031110278476000,18.69647607421875,1.5774795457702129,-0.18001403732299792,-7.062296054784953
1789031110288480000,18.70647998046875,2.644395733642578,2.432808746448158,-4.74665472112447
1789031110298483000,18.71648291015625,6.4831988204956055,0.5430354485660782,0.5795464393615726
1789031110308487000,18.72648681640625,5.840804660620168,-10.39323174482584,3.4561785649955272
1789031110318490000,18.73648999023437,-0.7070376777648927,-22.500857424274088,1.4580691032961015
1789031110328494000,18.746494140625,-7.665036614990234,-25.871740801560875,-7.543979501287639
1789031110338497800,18.756497802734376,-3.304447276892141,-13.68226335285604,-14.335880990600582
1789031110348502000,18.766501953125,4.264671634088084,-2.9625246947139496,-8.998456717571617
1789031110358505000,18.7765048828125,5.809230907031148,-3.4199662648856632,-0.18525076893270054
1789031110368509000,18.786509033203124,2.753032707037404,-11.397149259406328,1.3040911322444675
1789031110378513200,18.79651318359375,0.14185637529902162,-14.922010900005697,-1.0094552749633787
1789031110388515800,18.806515869140625,-0.22296002960205075,-12.11795301219523,-3.7466260306760666
1789031110398520000,18.81652001953125,0.5922656722137705,-8.070705327826737,-6.107758949445188
1789031110408524000,18.82652392578125,1.3094786705017087,-5.8156643010795115,-6.544998274065554
1789031110418527000,18.83652685546875,1.9327192536285147,-5.744585854771733,-5.279214076122642
1789031110428531000,18.846531005859376,2.176478983218409,-8.945786034613848,-2.7602152389526364
1789031110438535000,18.85653491210937,0.43305126181337983,-11.19783080215454,-2.1039047088623044
1789031110448538000,18.8665380859375,-1.3938742059569806,-11.069443491694331,-2.8088474601745608
1789031110458541800,18.87654174804688,-1.3594575570922347,-9.740660985785723,-3.6399355882391333
1789031110468545800,18.8865458984375,0.03740947400517769,-7.901016285163164,-3.973028601947427
1789031110478549000,18.896549072265625,1.2644377517700194,-5.896020863342285,-3.5920506782531736
1789031110488553000,18.906552978515624,2.013972435937449,-4.404133369335531,-2.642449568010866
1789031110498557200,18.91655712890625,2.639308018582128,-4.038119790539145,-1.6876126029416922
1789031110508560000,18.926559814453125,2.590675760827586,-4.199428542870283,-1.3241422788873316
1789031110518564000,18.93656420898437,1.7474679367065429,-4.6440024481624365,-1.627458286230266
1789031110528568000,18.94656811523437,0.3745429952759296,-5.342362898474931,-2.2141882073551415
1789031110538571000,18.95657104492188,-0.5737106458801777,-6.078577570885418,-2.5629928771972654
1789031110548575000,18.966574951171875,-0.27563242959287015,-6.468834195056559,-2.4378958404541016
1789031110558579000,18.976578857421877,-0.056413413150049774,-7.146393849402665,-2.248006013543904
1789031110568582100,18.98658203125,-0.5599439132690429,-8.789712260326743,-1.847275926153362
1789031110578585900,18.9965859375,-1.1417348801543934,-11.731888579016923,-0.8524860131412746
1789031110588589800,19.00658984375,-0.8475474607605487,-15.295357305908203,0.3613748130798342
1789031110598594000,19.016593994140624,-0.9723450761657209,-16.63790588684082,-0.36376872247904535
1789031110608597000,19.026596923828127,-2.700061031839065,-15.551388414984942,-3.2115225441530346
1789031110618601000,19.03660107421875,0.07496840295102453,-14.608670342254637,-4.742763851165771
1789031110628604000,19.04660400390625,3.5585317819457503,-14.046629748967288,-4.70161380239278
1789031110638608000,19.05660791015625,3.04422744742129,-13.87335174190104,-4.87788719188273
1789031110648612000,19.066612060546877,2.012476169497706,-13.310264854431152,-5.705532486017047
1789031110658616000,19.07661596679688,2.4322096480438486,-11.841270744755862,-5.894224919836223
1789031110668619000,19.08661889648437,3.219752466229349,-9.882216405376791,-4.920981360460818
1789031110678623000,19.096623046875,3.199551097460836,-8.202085390362145,-3.57229822229594
1789031110688627000,19.106626953125,2.69661936695259,-7.249343936267495,-2.653972832544148
1789031110698630100,19.11663012695313,1.628655715853907,-7.091925761634112,-2.1342817269474263
1789031110708633900,19.1266337890625,0.5716155732970685,-7.4301049925655125,-1.9018933592647314
1789031110718637800,19.136637939453124,0.306906652246043,-7.727285273632406,-2.1869538712099197
1789031110728641000,19.14664111328125,0.5023334358215332,-7.721600798255205,-2.9213758149847386
1789031110738645000,19.15664501953125,0.8008604553222656,-7.554453841289877,-3.539078089739382
1789031110748649000,19.16664892578125,1.0809821956910193,-7.549369085371496,-3.7647327652528877
1789031110758652000,19.17665185546875,1.0256160631041973,-7.777413286370037,-3.461715740856528
1789031110768656100,19.18665625,1.1776477954588829,-7.892035106328127,-3.3738790519714352
1789031110778660000,19.19666015625,2.0225017793517557,-7.912984955376386,-3.628412615966797
1789031110788662800,19.206662841796877,2.9905076572693883,-7.601890715247393,-3.98679555375427
1789031110798667300,19.216667236328124,3.6914098279539496,-7.127686226323247,-4.307617407171428
1789031110808671000,19.2266708984375,3.328838060174509,-7.089979888263345,-4.690540035192669
1789031110818674200,19.236674072265625,2.9685109295167025,-7.659201332965492,-4.123564031329751
1789031110828678100,19.24667822265625,2.9988872900146983,-8.590545194244385,-2.890549007305503
1789031110838682000,19.25668212890625,2.4871265390258284,-9.491362984356282,-1.959205146026611
1789031110848685000,19.26668505859375,1.2467806606568395,-10.27082701590657,-1.5973820046573877
1789031110858689000,19.27668896484375,-0.13018486140146868,-10.89810492825806,-1.5283981925413013
1789031110868693000,19.28669287109375,-0.4852747489929199,-10.924742175292968,-1.2811974556520584
1789031110878696200,19.2966962890625,0.4138974658690393,-9.887903803363441,-0.8556281105592847
1789031110888700000,19.30669995117188,1.304690121050924,-8.333765897148847,-0.2724897841855882
1789031110898704100,19.3167041015625,1.2633904346741736,-7.385514740210771,-0.2205655356809495
1789031110908707000,19.32670703125,0.838868406677246,-7.166444703784585,-0.3763394502386448
1789031110918711300,19.336711181640624,0.490661848858744,-7.456143689185381,-0.395043273925781
1789031110928715000,19.346715087890622,0.33937808532714864,-8.342146772003172,-0.6540656737729911
1789031110938718200,19.35671826171875,0.5548563808716831,-9.541194059973952,-1.374272337451577
1789031110948722200,19.36672216796875,0.7252933192931116,-11.117026496124266,-2.0220533779971297
1789031110958726100,19.37672607421875,0.9678558749876919,-13.715181872117519,-2.2545896297179158
1789031110968729000,19.38672900390625,1.191414601135254,-17.871220186072588,-1.6852186935424804
1789031110978733000,19.396733154296875,1.0319009155273438,-21.364209017071126,-1.0018236110411582
1789031110988737000,19.406737060546877,0.9267056800842285,-21.14424115502238,-2.646939572906494
1789031110998740200,19.416740234375,1.5776294025696813,-16.032472726550694,-5.753865432031453
1789031111008744000,19.42674389648437,2.1850084362305697,-11.77827623618245,-5.054907892608643
1789031111018748200,19.436748046875,3.1048304942809044,-10.339957250756026,-3.480270657592267
1789031111028751000,19.446751220703124,4.584596903991699,-10.317662416839598,-2.571522220611572
1789031111038755000,19.456755126953126,5.415983430480956,-10.3294849565804,-2.296189760345966
1789031111048759300,19.46675927734375,4.051886742345989,-9.758465522545578,-3.089865710991621
1789031111058762000,19.476761962890624,2.5658359916687012,-8.729109615325926,-4.223671588245034
1789031111068766200,19.48676611328125,2.2840683837890623,-7.350647424969076,-4.4894270957395435
1789031111078770200,19.496770263671877,1.59753120386973,-5.742044353595375,-4.241327948705852
1789031111088773000,19.506773193359376,0.5735610813416537,-4.441544523841143,-4.042010952758789
1789031111098777000,19.51677709960937,-0.24031799163818346,-3.634098844909669,-3.803189337158203
1789031111108781000,19.526781005859377,-0.8625111480712888,-3.7126585868835447,-3.4264018508911134
1789031111118784300,19.5367841796875,-0.11058204304799424,-4.568586264911293,-3.3101340172916647
1789031111128788000,19.5467880859375,0.526425236157328,-5.309741900855305,-4.048445661981403
1789031111138792000,19.5567919921875,0.4897640232361853,-5.959916704669595,-4.379145058551431
1789031111148795100,19.566795166015623,0.6522701686583458,-6.56340340706706,-4.237587300872803
1789031111158799000,19.576799072265626,0.9956883231565354,-7.102846384099125,-3.9960722084045406
1789031111168803300,19.58680322265625,1.4270937539916484,-8.26089296863973,-3.2529718681335447
1789031111178806000,19.596805908203127,1.8034323274474588,-10.693252217754722,-2.6399066055297853
1789031111188810000,19.60681005859375,0.9943419500488788,-12.67879358204305,-3.615843349511921
1789031111198814200,19.616814208984376,-0.07332249890752118,-11.581500449150798,-3.880701323644816
1789031111208817000,19.62681689453125,0.9819219558715822,-10.08662195663452,-3.0059198920652266
1789031111218821000,19.636821044921877,1.9119198093689973,-9.710134330096839,-2.04270351344645
1789031111228825000,19.6468251953125,2.46827234708257,-9.644891750335693,-0.8610141875118025
1789031111238828300,19.656828369140623,0.9941921663146466,-9.279177446746827,-0.7016507240295411
1789031111248832000,19.66683203125,-0.4911106886047871,-7.830984717559814,-3.0756515999391674
1789031111258836000,19.6768359375,-0.10938508834838878,-5.56696894171834,-6.273407484546302
1789031111268839200,19.686839111328126,0.921318726348877,-4.638316219219565,-6.274155088043213
1789031111278843100,19.696843017578125,1.5565304273743181,-5.344757684656978,-4.4171535944283
1789031111288847000,19.70684716796875,1.7736545173645017,-6.871657455334066,-3.2920272827148436
1789031111298850000,19.71685009765625,2.1250039032533765,-10.407596954786777,-3.2966666329532863
1789031111308854000,19.72685400390625,1.9340662477906791,-15.529690962439776,-4.125658957782387
1789031111318858200,19.73685815429688,1.1296143438477069,-18.503738337165117,-4.775086450360716
1789031111328861000,19.74686083984375,0.6949169587951154,-16.66843195800781,-5.462670362854003
1789031111338865200,19.756865234375,1.7365446838930247,-10.100241316664217,-5.954380697852374
1789031111348869000,19.766869140625,3.0612861707825214,-5.690420549342035,-4.438850170190632
1789031111358872000,19.7768720703125,2.6415526922363783,-6.509536207801101,-2.145355201886594
1789031111368876300,19.786876220703125,1.2298714653015137,-8.269422896575927,-1.3992609404966228
1789031111378880000,19.7968798828125,1.209969737066701,-7.352444829779863,-2.7494425005257126
1789031111388883200,19.80688330078125,2.2527941246032714,-5.542578596827386,-3.7720655923590063
1789031111398887200,19.81688720703125,2.7968764518737794,-5.296722260284424,-3.5812773553043598
1789031111408891100,19.82689111328125,2.3611318227905778,-7.686435961371659,-2.6880902062013745
1789031111418894000,19.83689404296875,1.353023359326273,-10.491542481452226,-2.189348657391965
1789031111428898000,19.84689794921875,0.1542765156067908,-10.965444772559405,-3.0494656038030983
1789031111438902000,19.85690209960937,-0.4343978906493632,-9.303420492121576,-4.219780718286335
1789031111448905000,19.866905029296877,0.016459990283101855,-7.274032387322187,-4.255244538116455
1789031111458909000,19.87690893554688,0.691325656304881,-5.965302489361166,-3.9377129584163426
1789031111468913200,19.8869130859375,0.9400234268188475,-4.796332944267988,-3.3078876996695996
1789031111478916000,19.896916015625,1.0166379530090839,-5.047427181464434,-1.929427555139363
1789031111488920300,19.90692041015625,1.172859611334279,-7.0573583061218255,-0.8614639771059158
1789031111498924000,19.916924072265623,0.21083927409965542,-8.31805394875407,-1.212362988878787
1789031111508927200,19.92692724609375,-1.1909655787261202,-9.45470469404459,-2.175881273053587
1789031111518931200,19.93693115234375,-2.495506208303757,-11.57342235663533,-2.91104994354248
1789031111528935200,19.94693505859375,-2.8356324451170862,-13.72595753315389,-3.329436099132895
1789031111538938000,19.95693823242188,-2.3286603531768546,-14.863803041186928,-3.9993648202091454
1789031111548942000,19.966942138671875,-1.619078872680664,-14.483871996197104,-4.579059435869753
1789031111558946000,19.976946044921878,-1.010802049929835,-12.316820218548177,-4.708496839904785
1789031111568949200,19.98694921875,0.03187280960083011,-9.640853873121738,-4.06026790946126
1789031111578953000,19.99695288085937,2.1190181068420406,-8.141631213921308,-3.6779417860284447
1789031111588957200,20.006957275390626,4.1002200536865745,-7.876323742455244,-4.072835714611411
1789031111598960000,20.016960205078124,4.93235458553154,-8.361150163158776,-4.771045650537312
1789031111608964000,20.026964111328127,4.284124449511617,-9.380331882366539,-5.341014990997314
1789031111618968000,20.03696801757813,2.2117934942383317,-10.752658346447346,-5.83272328016907
1789031111628971000,20.046970947265624,-0.0781108291625977,-12.049867317962645,-6.1400800873354076
1789031111638975200,20.056975341796875,-1.4115313336027786,-12.69256141063273,-5.830928797967731
1789031111648979200,20.066979248046877,-1.1864765602111813,-12.23242519454956,-4.991461548614502
1789031111658982100,20.076982177734376,0.3124433897156269,-10.827926645660401,-3.71849474569112
1789031111668986000,20.08698608398437,1.2331634925842285,-9.414598893627522,-2.8927932791009545
1789031111678990000,20.096989990234373,1.4333786064147949,-8.627057938605548,-2.1627125794008375
1789031111688993300,20.1069931640625,1.2771569115569814,-8.297105853271484,-1.7152952673763036
1789031111698997000,20.1169970703125,0.8892962791442871,-8.355911677983404,-2.1125836898803714
1789031111709000200,20.127000244140625,1.007958825860545,-8.132354267010093,-2.875734884533286
1789031111719004200,20.137004150390624,1.6385317611694334,-7.36696026186645,-3.217358995221555
1789031111729008000,20.147008056640622,1.7369933044433594,-6.792649385070801,-3.108871147973835
1789031111739011000,20.157010986328125,1.5034089319091288,-7.002141445812582,-3.0808886238098143
1789031111749015000,20.16701513671875,1.557128831658885,-7.286004564666747,-2.85403743198812
1789031111759019300,20.17701928710937,1.5301941360473632,-7.077859826880692,-2.48368494720459
1789031111769022000,20.18702197265625,1.1939582942686973,-6.408378265050052,-2.429215690392256
1789031111779026000,20.19702587890625,1.274313833618164,-5.575795806774494,-2.7462983572810886
1789031111789030100,20.207030029296877,1.7163431689940392,-5.135561391991377,-2.8889027014032003
1789031111799033000,20.217033203125,1.6101005433898417,-5.662435394829512,-2.2435165931701664
1789031111809037000,20.227037109375,1.8599953416686503,-7.256976038581133,-0.9680062432438132
1789031111819041000,20.237041015625,1.07020821515508,-8.805874290576575,-0.6480807541444897
1789031111829044200,20.247044189453124,0.13572130661010728,-10.185083499908444,-1.4520837452761828
1789031111839048200,20.257048095703126,-0.09397234209589667,-11.493665513831377,-2.6363150107786057
1789031111849052000,20.267052001953125,-0.020500497845560073,-12.481420413640139,-3.4135333092287183
1789031111859055000,20.27705517578125,0.22625198381952927,-13.143118481987715,-3.6309557245783504
1789031111869059000,20.28705908203125,0.13856442108154288,-13.690045092773438,-3.1067757831297813
1789031111879063000,20.29706298828125,-0.2500442897520958,-13.936798670417069,-2.3092080857425934
1789031111889066000,20.30706591796875,-0.6610988603454082,-13.028348777991534,-2.6608557239256796
1789031111899070000,20.31707006835937,-0.40701442835703494,-11.265166554802656,-3.2029929084777833
1789031111909074200,20.32707421875,0.723497594982758,-9.692474754765628,-2.9747955627441405
1789031111919077000,20.3370771484375,1.5406686952453108,-9.080309071350095,-2.693027954864502
1789031111929081000,20.3470810546875,1.7996915334839374,-9.409064055854081,-2.657714211029559
1789031111939085000,20.3570849609375,1.2422914594788101,-9.96601463252604,-2.815132677923888
1789031111949088000,20.367087890625,0.0601543897766621,-9.956887323218584,-3.4466036580510435
1789031111959092200,20.37709228515625,-0.4779427256044,-9.317034006932376,-4.0267468942619855
1789031111969096000,20.387095947265625,0.11207849215082843,-8.876202210777997,-3.9095810889095066
1789031111979099100,20.39709912109375,0.635361265563965,-9.09018515319824,-3.5718494556151326
1789031111989103000,20.40710302734375,0.5265747276306153,-9.66584101486206,-3.7321113292418415
1789031111999106000,20.41710595703125,0.21203648452758794,-9.713126497650146,-4.072537023925781
1789031112009110000,20.427110107421875,0.3055601330079136,-9.138519268256427,-3.928586233630776
1789031112019114000,20.437114013671877,0.6557121258057654,-8.634539818793536,-3.444956621496379
1789031112029117200,20.4471171875,0.9108442402161657,-8.203582935443519,-3.139696202087402
1789031112039121200,20.45712109375,1.0287586719788613,-7.523332142317295,-3.2781118623480205
1789031112049124900,20.467124755859373,1.0194809944152832,-7.012915937805175,-3.286041486303508
1789031112059128000,20.477128173828124,1.0869672614499928,-7.282411508610846,-2.745850028991699
1789031112069132000,20.487132080078126,1.0811316871643066,-8.033295342364907,-2.4287679466247556
1789031112079136300,20.49713623046875,0.6702269733704626,-9.17443229315877,-2.3991405778631565
1789031112089139000,20.507138916015624,0.35643706441670653,-10.635345387709139,-2.3795380517706275
1789031112099143000,20.517142822265622,-0.3791816879272458,-11.19214457321167,-2.709936711828411
1789031112109147100,20.52714721679688,-0.898124459374696,-9.469518232294918,-3.2983132311165333
1789031112119150000,20.53715014648437,0.018255787658691514,-7.854926149639488,-3.5363854896545406
1789031112129154000,20.54715405273437,1.1899180789671837,-8.604460906872152,-2.6973668608516457
1789031112139158000,20.557157958984376,1.360505093383789,-10.036493359374997,-2.536357968249917
1789031112149161200,20.5671611328125,0.8976761310853064,-10.575638814765213,-3.478326391656697
1789031112159165200,20.57716528320313,0.8418611587524414,-10.358664289313554,-4.7189714721679685
1789031112169169000,20.5871689453125,1.0456677212037144,-9.751135618048906,-5.604527688001096
1789031112179172000,20.597172119140627,1.8843863441467283,-9.64025298461914,-5.739799205017089
1789031112189176000,20.607176025390626,2.452111412811279,-11.533020203620193,-4.2817309785038224
1789031112199179300,20.61717919921875,1.0278608463563024,-13.752296089503169,-3.8115699197515847
1789031112209183000,20.627182861328127,0.13886355015858998,-13.052288456505536,-5.232676781353355
1789031112219187000,20.63718701171875,0.4351464439943431,-9.443930786573887,-6.816742208319901
1789031112229190100,20.64719018554688,1.60411525843516,-6.218640706092119,-6.733243256378174
1789031112239194000,20.657194091796875,2.595164815875143,-4.153639436119795,-4.766855505371094
1789031112249198000,20.667197998046877,3.8066308559142055,-5.17132594833374,-1.7869722640991212
1789031112259201000,20.677200927734376,2.3313537204466757,-9.297133959197996,-1.7702122679561376
1789031112269205000,20.687205078125,0.47270519027709956,-9.255385067749023,-5.374533814239502
1789031112279209200,20.697209228515625,0.9288004604063926,-6.2102592467159035,-7.253233052660524
1789031112289212000,20.7072119140625,1.464951994677633,-5.863848778533936,-4.78481114103943
1789031112299216100,20.71721606445313,0.7999623374387622,-5.6817380611926325,-3.016244886724651
1789031112309220000,20.72722021484375,0.8792704135619103,-4.508281141552328,-2.7551272681638594
1789031112319223000,20.73722314453125,0.7839515522278845,-6.171055948096514,-1.3590087173461916
1789031112329227000,20.74722705078125,-0.2832639839172364,-8.583362004742026,-0.7305299047723408
1789031112339231000,20.75723095703125,-0.4402339763917029,-9.285461641582847,-1.6822253569453947
1789031112349234200,20.76723413085937,0.05327084080800426,-9.706990771374107,-1.9916762137815358
1789031112359238100,20.77723803710937,0.27922376861572273,-10.344746823120119,-1.922843208312988
1789031112369241900,20.787241943359376,0.6450875636778771,-10.678289041900634,-2.311302719934284
1789031112379245000,20.7972451171875,0.8735843307495115,-11.2888092961967,-1.9307737090513108
1789031112389249000,20.8072490234375,0.9400234268188477,-10.487800372314453,-2.5201962302610283
1789031112399252200,20.817252197265624,1.3492823461670425,-7.8646537629276505,-4.038420234790444
1789031112409256000,20.827255859375,2.0660462489806113,-6.869411722233892,-3.762786015099287
1789031112419260000,20.837260009765625,1.878550696795806,-8.22737706800699,-2.6231486552134156
1789031112429263000,20.84726318359375,1.1451765815734862,-10.288333446502685,-2.4313123704105615
1789031112439267000,20.85726708984375,0.107888712310791,-11.149497856140137,-3.582324526269734
1789031112449271000,20.86727099609375,-0.6075286712646484,-10.830020987591148,-4.846463002832234
1789031112459274000,20.87727392578125,0.134823554052785,-9.961524335369468,-5.18419419773519
1789031112469278200,20.8872783203125,1.0179846914429218,-9.464429969245195,-4.818182372504473
1789031112479282200,20.8972822265625,1.242141602679342,-10.380658094456791,-3.942053033447265
1789031112489285000,20.90728515625,0.724694915008545,-11.435305679321289,-3.5941450201839205
1789031112499289000,20.9172890625,-0.13168109130859373,-11.635521962195634,-4.513219766998291
1789031112509293000,20.92729296875,0.2180219886779785,-10.078691748157144,-5.428552696935832
1789031112519296300,20.937296142578123,1.261145870617777,-8.276307979914545,-5.178508845575154
1789031112529300000,20.94730004882813,2.774729940386861,-7.410951963806151,-3.958662222942709
1789031112539303200,20.95730322265625,3.557634102453664,-7.048079605644942,-3.2959175681516526
1789031112549307100,20.96730712890625,3.1976060278076672,-6.890960706219078,-3.2001495017454027
1789031112559311000,20.97731103515625,1.8176480459351092,-6.881384484100343,-3.3895912926271556
1789031112569314000,20.98731396484375,0.03785831375122073,-7.342568163409829,-3.5402763596132396
1789031112579318000,20.99731811523437,-1.1408370910644532,-8.356063653674722,-3.4928409469604493
1789031112589322000,21.007322021484374,-1.5801731687683613,-9.930699573516845,-2.877830103246868
1789031112599325200,21.0173251953125,-1.2372037078857416,-11.650034471672772,-1.696890426635742
1789031112609329000,21.027328857421875,-1.6009726495604961,-12.567165683203935,-0.7321770874574778
1789031112619333000,21.0373330078125,-1.947832797738723,-12.700790894317626,-0.6117188164308662
1789031112629336000,21.047336181640624,-1.2207434618743134,-12.127529818835853,-1.0685621284484863
1789031112639340300,21.05734033203125,-0.42033199242856345,-11.1984281835258,-2.0497356040403245
1789031112649344000,21.067343994140625,0.2290951713562012,-10.760290448760987,-3.037642771801352
1789031112659347000,21.077346923828124,1.0410287728240712,-10.900648767521977,-3.7998974560059606
1789031112669351200,21.08735107421875,1.476773474972509,-11.486931821662186,-4.325275667328388
1789031112679353900,21.097353759765625,1.6286556793212887,-12.150273565563559,-4.480747968591004
1789031112689358000,21.107358154296875,1.9117701352326197,-12.312032399749755,-4.600158630260825
1789031112699362000,21.117362060546878,1.8451812188964336,-12.094010411071778,-4.290858726202696
1789031112709365200,21.127365234375,1.3183072891235352,-11.434706544384358,-4.14720531141907
1789031112719369200,21.137369140625,1.368136574642919,-10.539275708007812,-3.6852744670040902
1789031112729373000,21.147373046875,1.516277802365087,-9.693972299847006,-3.129071493829042
1789031112739376000,21.157376220703124,1.320851091854833,-9.14809490585327,-2.6243445869997144
1789031112749380000,21.167380126953127,1.3435960441589354,-8.694393691253662,-2.3997383976258333
1789031112759384000,21.17738403320313,1.3711293632507324,-7.762301057434082,-2.3859721764713524
1789031112769387000,21.187386962890624,1.0978911353180185,-6.387878497856856,-2.1921911873415114
1789031112779391000,21.197390869140627,0.9745896402221172,-5.257817652350664,-1.8234836932860312
1789031112789395200,21.207395263671877,0.9720458374908193,-4.801271569713947,-1.4727331500731407
1789031112799398000,21.21739794921875,1.0359411308288573,-4.77478688289225,-1.1269209400452675
1789031112809402000,21.22740209960937,0.566228656094335,-5.213373530468344,-0.969352251025289
1789031112819405000,21.237405029296877,0.1747767211914062,-5.537189305004477,-1.0034696246825154
1789031112829409000,21.24740893554688,0.7404068268707021,-5.091868380737304,-1.297956428881734
1789031112839413200,21.257413330078126,1.020678058712743,-4.793339023149014,-1.9283795073911547
1789031112849416000,21.267416015625,1.183034931857325,-5.598541307067871,-2.2430679726198317
1789031112859420200,21.277420166015624,2.0964228286743163,-7.279271457019448,-2.3446719055727123
1789031112869424000,21.287424072265622,1.7862240030150858,-9.638157473644613,-1.958606887872517
1789031112879427000,21.297427001953125,0.3096002752441913,-12.549209170752762,-2.407369769287109
1789031112889431000,21.30743115234375,-0.9946412252563982,-14.706684141761064,-4.049942038019001
1789031112899435000,21.31743505859375,-0.6217443166870623,-14.841955366516114,-5.202301516833901
1789031112909438200,21.32743823242188,0.8065466111999006,-13.74032157407105,-5.209334191949665
1789031112919442200,21.337442138671875,1.9864391899108886,-13.352463827735184,-4.901828623962402
1789031112929445000,21.347445068359374,2.383876665496826,-14.523976627570391,-4.188955079650879
1789031112939449000,21.357448974609376,2.1377227342467755,-15.671695294842122,-3.3304838546201587
1789031112949453000,21.367453125,1.2952631712097673,-14.674661694556473,-2.939630725860596
1789031112959456000,21.3774560546875,0.5169979209899902,-12.216864052802325,-2.8507462814882394
1789031112969460000,21.3874599609375,0.0758662651062012,-9.710733465033769,-3.1404446823671455
1789031112979464000,21.3974638671875,0.40581718139648437,-7.68733378699422,-3.7478243005499245
1789031112989467100,21.407467041015625,1.2892774478636682,-6.539609859025477,-3.9564170743644236
1789031112999470800,21.417470947265624,1.8691231624327598,-6.294952961400151,-3.551198735643923
1789031113009475000,21.42747509765625,1.684919418334961,-6.313510946875811,-3.1907229172304272
1789031113019478000,21.43747802734375,0.9591771862305702,-5.918318035346269,-3.2984614074155685
1789031113029482200,21.447482177734376,0.6642412500243633,-4.911404261559248,-3.488352111108601
1789031113039485000,21.45748486328125,1.0365397543091326,-3.634100013953449,-3.46336263128072
1789031113049489000,21.46748901367188,1.398064058862254,-2.8930928465694183,-3.1765076371341947
1789031113059493000,21.4774931640625,1.3474865487914531,-2.9849697507560258,-2.430563305608928
1789031113069496000,21.48749609375,0.6847416748046874,-4.1069530882686385,-1.488295314733684
1789031113079500000,21.4975,-0.248398422241211,-7.051371632927656,-0.37274727096557614
1789031113089504000,21.50750390625,-1.5224129806518556,-12.313527606743571,0.755819828851521
1789031113099507200,21.51750708007813,-3.4009633851867176,-17.23615702667236,-0.15083441232889916
1789031113109511200,21.52751123046875,-4.356998108673095,-19.315073424750565,-2.8797753920957443
1789031113119515100,21.53751513671875,-2.748393868255615,-18.921077029529215,-3.0657749335691333
1789031113129518000,21.54751806640625,-0.880617298126221,-18.517654634314777,-1.8197434838443993
1789031113139522000,21.55752197265625,1.0550947441101075,-17.298405685314535,-3.190423642022908
1789031113149526000,21.567526123046875,3.4292450384277853,-13.957897572547196,-6.610091800744831
1789031113159529000,21.577529052734373,3.9619547616820783,-11.169248850792647,-7.890389969469606
1789031113169533000,21.587532958984376,2.3618800108093767,-9.388265013453363,-7.7789114159733055
1789031113179536100,21.5975361328125,1.932270304284617,-8.243684059685467,-6.9898717468261715
1789031113189540000,21.6075400390625,1.8840869958739725,-7.178264320915937,-6.084713881683349
1789031113199544000,21.6175439453125,2.907309076513722,-5.608717248645425,-5.3250040596559645
1789031113209547000,21.627547119140623,3.8135144048828624,-4.897341833937168,-3.789124571448564
1789031113219551000,21.637551025390625,2.5184009443420914,-4.80112368567586,-3.30355025498718
1789031113229555200,21.64755517578125,0.9491513206481932,-4.344876878246666,-4.122665913446248
1789031113239558000,21.65755786132813,0.5868786454131827,-3.8603491482287655,-3.1012393379211423
1789031113249562000,21.66756201171875,0.30855270242001853,-4.502445275005697,-2.0011030905574554
1789031113259565000,21.67756494140625,-0.6913257293701172,-5.4131397314876315,-2.385373041534424
1789031113269569300,21.6875693359375,-0.8789713575500993,-5.219959338599443,-2.6011510506778954
1789031113279573000,21.69757299804688,0.5807435767242685,-5.666028450885413,-1.952172763171792
1789031113289576000,21.70757592773437,1.24752862947993,-7.096413136181234,-1.2134110366269948
1789031113299580200,21.717580078125,1.2181998052734881,-8.066067146632076,-1.1167457291200757
1789031113309584100,21.727584228515624,1.8718167854309082,-8.505551035308839,-1.0622773490905755
1789031113319587000,21.737587158203127,2.5447369434081017,-8.920794216698408,-1.0338464966371657
1789031113329591000,21.747591064453125,2.453757499517873,-9.054871847754715,-1.6178817718505858
1789031113339594200,21.75759423828125,2.346766466699168,-8.730455769237874,-2.2520462288454173
1789031113349598200,21.76759814453125,2.266112017468363,-8.5417633354187,-1.823035218866169
1789031113359602000,21.777601806640625,1.8830396057128906,-10.131213378033042,-1.2633897040218112
1789031113369605000,21.787605224609376,0.9198223503112792,-13.43880355606079,-1.9407994285032153
1789031113379609000,21.79760913085937,-1.1851298217773438,-15.999253763037917,-3.0964512268617743
1789031113389613000,21.807613037109373,-2.2450128596099095,-14.958973141700028,-3.867833074243367
1789031113399616000,21.817615966796875,-0.39609066408686333,-10.461614960700274,-4.101118098504841
1789031113409620000,21.827619873046874,0.768538696377538,-6.718430302649733,-3.4542344451904294
1789031113419624200,21.837624267578125,0.8738836059570312,-5.20260137656331,-2.2583307159423827
1789031113429627100,21.847627197265624,0.8939350265945307,-4.567687854766845,-2.2322937728881835
1789031113439631000,21.857631103515622,1.2885294151084963,-5.488706721386315,-3.1090199087947603
1789031113449634000,21.867634033203124,1.1653776032821275,-9.104102034869792,-2.489072193200886
1789031113459638000,21.877637939453123,-0.022146401889063402,-13.662811633411053,-1.7866738656744359
1789031113469642200,21.88764233398437,-2.24665901938174,-15.18133286732137,-2.6803087585449217
1789031113479645000,21.89764501953125,-2.7424082910399883,-12.828132495117188,-3.4971798529475926
1789031113489649200,21.907649169921875,-1.4386159042800777,-9.951799644690752,-4.213047610639036
1789031113499653000,21.917653076171877,0.36421792755126936,-8.195501335796713,-5.467458766174316
1789031113509656000,21.927656005859376,1.8789994634766132,-7.744643820190429,-5.825840827178955
1789031113519660000,21.93765991210937,1.8523638969421385,-8.327482286834716,-4.90975941696167
1789031113529663000,21.9476630859375,0.9507973525558597,-9.16141148354411,-3.7240307525083423
1789031113539667200,21.957667236328124,0.174926358795166,-9.30805808879435,-3.353827613067627
1789031113549671200,21.967671142578126,0.0900818374633789,-9.180416628265379,-3.3551737669795747
1789031113559674000,21.977674072265625,1.0567407394851558,-8.565854405102137,-3.517830134527385
1789031113569678000,21.987677978515624,1.9617489304916,-8.046014538684487,-3.619135084533691
1789031113579682000,21.99768212890625,1.6106991668701172,-8.276603747990727,-3.15376213684082
1789031113589685000,22.00768505859375,1.2693757378951647,-9.087492260852455,-2.4744068312495946
1789031113599689000,22.01768896484375,0.4944026154228019,-9.923816243743898,-2.1733368492677805
1789031113609693000,22.02769287109375,-0.2691980856964364,-10.306589234161377,-2.1104887634277345
1789031113619696000,22.03769604492188,0.8286929765563457,-9.38452348883748,-2.283170558166504
1789031113629699800,22.047699951171875,2.746448524607811,-7.14385117918253,-2.507927115796506
1789031113639703000,22.057703125,3.1729158597199243,-5.008071322631835,-2.258480938068032
1789031113649707000,22.06770703125,2.541744282664452,-4.138079463416337,-1.7830819786623118
1789031113659711200,22.077711181640623,0.5377975113799794,-4.774036356785893,-1.6232687255859375
1789031113669714000,22.0877138671875,-1.7045219992264173,-7.556701327955722,-1.3851957363955676
1789031113679718100,22.09771826171875,-2.039710195115674,-11.58734040735066,-0.6358109090276063
1789031113689722000,22.10772216796875,-2.063203262373339,-13.762171586829423,-2.516605220031738
1789031113699725000,22.11772509765625,0.1831564087356441,-13.40663088673055,-5.611410579382628
1789031113709729000,22.12772900390625,3.906140081610158,-12.61579673538208,-4.7381250854492185
1789031113719732000,22.13773193359375,3.1171009604522957,-13.59143332737386,-2.902969805200398
1789031113729736200,22.147736083984373,-0.5062239769866691,-14.598345347595217,-3.2833480094358327
1789031113739740200,22.157740234375,-1.5230114580016587,-14.26854523795247,-4.039766534832864
1789031113749743000,22.1677431640625,0.32426472388003025,-11.590181768256425,-4.830751492828876
1789031113759747000,22.1777470703125,2.8473043243408203,-8.105123145735265,-4.052635953278094
1789031113769751000,22.1877509765625,3.3123779968261715,-6.842328484997154,-2.3629275471009312
1789031113779754200,22.197754150390622,2.624045056063868,-8.57977245581746,-0.887650850024819
1789031113789758000,22.207758056640625,-0.27443529223017393,-12.057799280005693,-0.6518218403689564
1789031113799761400,22.21776147460937,-1.2428899368286133,-13.229011051067708,-2.1197665871217843
1789031113809765400,22.22776538085937,0.6091746118407696,-10.303295453312993,-3.404553883959353
1789031113819769300,22.237769287109376,1.7290624383788555,-7.377282333916424,-2.6467893507808444
1789031113829772500,22.2477724609375,2.1893477075438947,-6.5028007620662445,-2.039410755511373
1789031113839776300,22.2577763671875,1.979705424676463,-6.506841561889649,-2.453158583776653
1789031113849780200,22.2677802734375,1.2927194050110873,-6.9632368378788225,-3.3949783924929795
1789031113859783400,22.277783447265627,0.8984240999083966,-7.737009964311121,-3.282300546209514
1789031113869787400,22.287787353515625,0.46627077331542965,-7.88949243610799,-2.644395149120688
1789031113879790300,22.297790283203124,0.1261445730347187,-7.53320647059977,-2.306963813947141
1789031113889794300,22.307794189453126,0.1396119573730975,-7.159711596137285,-2.1112366591855882
1789031113899798300,22.31779833984375,0.03890570391230308,-7.146393264880774,-1.9255368313111365
1789031113909801200,22.32780126953125,-0.1731305614195764,-8.10781545355916,-1.699134844561666
1789031113919805200,22.33780517578125,-0.42646738991104094,-10.091858688244223,-1.6192277796320615
1789031113929809400,22.347809326171877,-0.6705260293822737,-12.510004118567704,-1.964591807501018
1789031113939812400,22.357812255859372,-0.6426935812134296,-14.169932303509114,-2.5840922177188097
1789031113949816600,22.367816650390623,-0.24480697362050385,-13.952211343604326,-2.870199608368427
1789031113959819300,22.3778193359375,0.5720644130431114,-11.712582405522465,-3.057245151763409
1789031113969823500,22.387823486328124,0.7616553300719708,-9.02898220421672,-2.891746400396526
1789031113979827500,22.39782739257813,1.3275847474914044,-7.8193123999446605,-2.1532851181030273
1789031113989830100,22.407830078125,2.1365258526124054,-8.331223811450599,-1.6093530129581688
1789031113999834400,22.41783447265625,2.394201587091014,-9.497797985839842,-1.88633192525655
1789031114009838300,22.42783837890625,1.800140227099508,-10.606012325718996,-2.4027308574400843
1789031114019841500,22.437841552734376,0.7113772413391619,-11.727698141589759,-2.5543143345706163
1789031114029845200,22.44784521484375,-0.0941221258301288,-12.965648868450524,-2.65277514719218
1789031114039848400,22.457848388671877,-0.5279215391296894,-14.127134779790044,-2.8220158615663644
1789031114049852400,22.46785229492188,-0.7344212861876933,-14.85557355750203,-3.303101049914956
1789031114059856400,22.4778564453125,-0.487220037841797,-14.462324181255696,-4.088697008349001
1789031114069859300,22.487859375,0.42751463394165057,-13.167211305236817,-4.3531075309753415
1789031114079863300,22.49786328125,0.9020154023986309,-11.215786730083822,-4.036623999023437
1789031114089866500,22.50786645507813,1.3392564805846658,-8.79375189110637,-3.742735452978313
1789031114099870500,22.517870361328125,1.618330611596629,-6.666953797912598,-3.8224928803041576
1789031114109874200,22.527874267578124,2.1077951404295856,-5.542874364903567,-3.637689270617068
1789031114119877400,22.53787744140625,2.204461105523631,-5.162346523064374,-3.615693419647217
1789031114129881300,22.54788134765625,2.0660465412415565,-5.541980046412347,-3.416525769042969
1789031114139885300,22.55788525390625,2.0205564174376427,-6.95320994938314,-2.84116918258667
1789031114149888300,22.56788818359375,1.3349169170103965,-8.558820853203533,-2.6357164603635668
1789031114159892200,22.577892333984376,0.5973532411437482,-9.4488664894104,-2.99110576929301
1789031114169895400,22.5878955078125,0.41674072647094706,-9.537302313232422,-3.0316578521728514
1789031114179899400,22.5978994140625,0.7451954859193415,-8.897005344831944,-3.17875278571248
1789031114189903400,22.6079033203125,1.7304093229431659,-7.941718297907709,-3.0204362009346477
1789031114199906300,22.61790625,2.7549779228210447,-8.340948502129319,-1.6433192877069118
1789031114209910300,22.62791015625,2.1465513528686015,-9.706841133770345,-0.7718310524538157
1789031114219914500,22.63791455078125,1.05823698765859,-9.614065234917403,-1.6968901343747973
1789031114229917200,22.647917236328126,0.5476736297607423,-7.591265276336669,-3.4786259591251607
1789031114239921400,22.65792138671875,0.6251859085083008,-5.060893981280922,-4.9555485237121575
1789031114249924400,22.66792431640625,1.6772878274779766,-3.4696471183776856,-5.067327521459758
1789031114259928600,22.677928466796875,2.77308399981074,-5.185691742816567,-1.6950950676515697
1789031114269932300,22.687932373046877,1.4782699606079608,-10.228180298835039,1.664119499151409
1789031114279935200,22.697935302734376,-0.2208651031494141,-13.590386448669433,0.9736918876647951
1789031114289939500,22.707939453125,-1.0298059525420888,-12.87646661017537,-2.7114336723878982
1789031114299942100,22.71794213867188,0.2917933638641611,-8.723424555426837,-6.40059857095927
1789031114309946400,22.7279462890625,1.2624924629211425,-5.722590296062828,-5.777208605957031
1789031114319950300,22.73795043945313,1.5031096567016093,-6.676082860785723,-1.8535615822941067
1789031114329953500,22.74795361328125,0.9451110688140616,-10.252571228247879,1.0552440894529225
1789031114339957200,22.757957275390623,0.5391442863464355,-12.498630491638181,-0.3344394598811862
1789031114349961200,22.767961181640626,0.44232872018124897,-12.23242519454956,-2.6542721077516673
1789031114359964400,22.77796435546875,0.220865066616796,-10.33636594826579,-3.826531926561892
1789031114369968400,22.78796850585937,0.3851671738113276,-7.467064311650394,-4.674528811590373
1789031114379971300,22.797971435546877,0.4727051902770995,-6.170156953430175,-4.019564727672934
1789031114389975300,22.80797534179688,0.8182184721573255,-7.710973605778815,-2.8158795507684347
1789031114399979300,22.817979248046875,0.5262753976241684,-10.849924542456863,-2.7681463242128492
1789031114409982500,22.827982421875,0.2084450724394991,-13.357701728388665,-2.649483704431355
1789031114419986200,22.837986083984376,-0.9163807128242683,-13.685705602264402,-3.174112850952148
1789031114429990400,22.847990478515623,-0.849642241082713,-12.096553665813802,-3.962403747558594
1789031114439993300,22.857993408203125,0.4299087899360339,-9.559300210028887,-3.920654856109619
1789031114449997300,22.867997314453124,1.3413515760006613,-7.883805038121341,-3.250576789690554
1789031114460000300,22.878000244140622,1.880944715792872,-7.06064974888265,-3.050660951067507
1789031114470004200,22.888004150390625,2.342875994032691,-7.09970516346395,-2.8746877135679125
1789031114480008400,22.89800854492188,1.48335759347002,-8.141783189612626,-2.8522423652648925
1789031114490011400,22.90801147460937,0.13168107760886189,-9.572916062927245,-2.9804817916870117
1789031114500015400,22.918015380859377,-0.3821744354358641,-10.312423931664227,-3.3309330596923834
1789031114510018300,22.928018310546875,0.22445640563964842,-10.04801662390828,-3.4356796745851637
1789031114520022300,22.938022216796877,1.400009475575294,-9.481786177715659,-3.025671763500571
1789031114530026500,22.948026611328125,1.790413974651368,-8.996661650848388,-2.535909055438638
1789031114540029200,22.958029296875,1.3596072312286123,-8.684666662487386,-2.2239140670776365
1789031114550033400,22.968033447265626,0.5723637978484853,-8.626457634624838,-2.2322934806272388
1789031114560037400,22.978037353515624,0.0284311858135508,-8.775495518925785,-2.134281142425537
1789031114570040600,22.98804052734375,0.10235213467141141,-8.985586714604496,-1.962197898101807
1789031114580044300,22.998044189453125,0.9088987253217141,-8.95027574724853,-1.7087120895937078
1789031114590047200,23.008047119140624,1.752705150090146,-8.71354730453491,-1.373972769983113
1789031114600051500,23.018051513671875,1.7678185594863254,-8.529793496161698,-1.0990884918764232
1789031114610055400,23.028055419921877,0.8508393464793683,-8.63109815390706,-1.0423761323124174
1789031114620058400,23.038058349609376,0.06554130241281811,-8.916904223522543,-1.4808137268066404
1789031114630062300,23.04806225585937,-0.36032728592143387,-9.388111868718266,-2.2394759394772343
1789031114640065500,23.0580654296875,-0.3298013015194098,-9.881619608527423,-3.0472208936162293
1789031114650069200,23.0680693359375,-0.1209072477699723,-10.159946720564367,-3.644125148883462
1789031114660073200,23.0780732421875,0.2982277625595219,-10.212766456604003,-3.9097317494265735
1789031114670076400,23.088076416015625,0.4650736907516606,-10.461613791656493,-3.828627583666891
1789031114680080400,23.098080322265623,0.637605774821434,-11.147554320856928,-3.544016861315816
1789031114690084400,23.10808447265625,0.4798878683228045,-11.62639114575684,-3.567958585656434
1789031114700087300,23.11808740234375,0.2774280808379873,-11.476156745147703,-3.7752072513855994
1789031114710091300,23.12809130859375,0.6507738565528298,-10.475979001617432,-3.6884177334658803
1789031114720094500,23.138094482421877,1.691204252491798,-9.153032362255452,-3.086724344225973
1789031114730098200,23.14809814453125,1.6437691686325704,-8.545652159550787,-2.272994178197533
1789031114740102400,23.158102294921875,0.9400234268188475,-8.552836518096925,-1.448192875317484
1789031114750105300,23.168105224609373,1.0333972915649414,-8.436118602642416,-0.6772592100948096
1789031114760109300,23.178109375,1.050755217068456,-8.281842233166097,-0.4593872974120079
1789031114770112300,23.1881123046875,0.700902481211815,-8.497770464435218,-0.9136867701657119
1789031114780116200,23.1981162109375,0.9959879454239271,-8.946980797356366,-1.3823521835327148
1789031114790120400,23.208120361328124,1.2808979247162118,-9.503034717449545,-1.4465470078065994
1789031114800123000,23.21812280273437,1.1942577156066894,-10.116998390197754,-1.6124945258542893
1789031114810127000,23.228127197265625,1.3738228401184083,-10.417322229987382,-1.7114052742004393
1789031114820131000,23.238131103515624,1.2906242958953604,-10.650007534790038,-1.7767970531739292
1789031114830134000,23.24813403320313,1.1118074690002948,-10.57129873973429,-2.4060228847227987
1789031114840138000,23.258137939453125,1.2494739548614247,-9.628880526733399,-3.0594901542112227
1789031114850141000,23.268140869140623,1.2925696212768554,-8.62571003112793,-2.9230213902346787
1789031114860145200,23.278145263671878,0.9195230751037597,-8.303390632629394,-2.439541415704041
1789031114870148900,23.28814892578125,0.5080197378296405,-8.928726178741453,-2.3021742415830495
1789031114880152000,23.29815209960937,0.5057750276427716,-10.268729751366376,-2.444628948101401
1789031114890156000,23.308156005859374,0.3257610633850098,-11.76046994585693,-2.6327248773321505
1789031114900159000,23.31815893554688,-0.004938040924072351,-12.96714582901001,-3.011456921795756
1789031114910163000,23.328162841796875,0.30780455093383785,-12.883646877068282,-3.808426068767905
1789031114920167000,23.3381669921875,0.5933131719727069,-10.779894143897296,-4.384232737079262
1789031114930170000,23.348170166015624,0.8122329132080078,-7.916577426910401,-3.5229183975771066
1789031114940173800,23.358173828125,1.5574281799316405,-6.671292119377852,-1.7619830765321849
1789031114950177000,23.368177001953125,2.4703672735352065,-6.6519900375366205,-0.7724290183469653
1789031114960181000,23.378180908203124,2.566434469018504,-7.114220595550538,-0.6736684921264646
1789031114970185000,23.38818505859375,0.6947673942565918,-7.6231398395031675,-1.4598641700193282
1789031114980188000,23.39818798828125,-1.6555903749328107,-7.506121479797363,-2.504184714397788
1789031114990191900,23.40819189453125,-1.042076272583008,-7.0284782485961905,-2.874688298089802
1789031115000195000,23.41819506835937,-0.20051438903808583,-7.891438309478762,-2.3223761948734523
1789031115010199000,23.428198974609376,-0.026934768676757814,-10.500220293426516,-1.2596499329715967
1789031115020202800,23.43820263671875,-0.34356793823242215,-13.460052680316567,-0.8161237831667063
1789031115030206000,23.4482060546875,-0.9132382226806135,-14.927996988677977,-1.5716440445497628
1789031115040210000,23.4582099609375,-1.1584942552428694,-13.613133118006587,-2.625691325433552
1789031115050214100,23.468214111328123,-0.2596213155884295,-11.019162918743492,-2.8989290053769947
1789031115060216800,23.478216796875,1.1207856521606445,-9.355342987060546,-2.6639979674741623
1789031115070221000,23.488220947265624,2.2120928425110873,-8.709808702528475,-2.2577330423101785
1789031115080224000,23.49822412109375,2.773682550225779,-8.412775720977784,-2.4845827728271486
1789031115090228000,23.50822802734375,2.578255839715525,-8.819189699223639,-3.3093843679681423
1789031115100232000,23.51823193359375,1.9928736799377944,-10.050560463172197,-3.884442263738811
1789031115110235000,23.52823486328125,1.0889128425598142,-11.40852054824829,-4.365078539276123
1789031115120239000,23.538239013671877,0.5740097749572246,-12.548309007042647,-4.855590019878745
1789031115130241800,23.54824169921875,0.8429085489135236,-14.334831773808599,-4.7230113952085375
1789031115140246000,23.55824609375,0.5933130258422346,-16.44711677300334,-4.407575034222006
1789031115150250000,23.56825,-0.3405752592224629,-16.076016684722898,-5.409548428997397
1789031115160253000,23.5782529296875,-0.02753309989608821,-11.92387420916259,-7.183952303424478
1789031115170257200,23.58825708007813,1.5738882432799786,-6.502201042607426,-6.771101277868449
1789031115180259800,23.598259765625,3.0403369062561545,-2.82141935697794,-4.6004593667730695
1789031115190264000,23.60826416015625,3.183540019989014,-0.9919488443672648,-2.6759692680358884
1789031115200268000,23.61826806640625,3.6011787182129917,-0.3718506143867959,-0.6618471214294432
1789031115210271000,23.62827099609375,4.697274019622802,-1.6168354776680474,0.6563102378293872
1789031115220275000,23.63827490234375,2.4284687444824726,-5.156812269812823,-0.14410159694254387
1789031115230278000,23.64827783203125,-0.2970306069305165,-8.575283327704668,-1.8930656174257399
1789031115240282000,23.6582822265625,-1.7714100263733412,-10.86533546207845,-2.7693428405210376
1789031115250285800,23.668285888671875,-2.125452669934183,-11.428570818108318,-2.76111218779236
1789031115260289000,23.6782890625,-1.0535983680725098,-10.798747312927246,-1.2990043304994703
1789031115270293000,23.68829296875,-0.38097737570498125,-10.514286228179932,-0.6054337448120117
1789031115280297000,23.698296875,-0.4109048233916984,-9.178918498662112,-2.233938617485762
1789031115290300000,23.7082998046875,0.2750338426452131,-6.372317356109619,-4.128052867181599
1789031115300304000,23.718303955078124,1.6365864357879383,-5.365407089453935,-3.065326605279744
1789031115310307000,23.72830712890625,1.7937059197356922,-6.102222650367022,-1.281048402570188
1789031115320311000,23.73831103515625,1.8725648638518526,-5.7463826750606275,-1.4661486571162938
1789031115330314800,23.748314697265624,2.6526258749146012,-7.0401493971675615,-0.7139210075378419
1789031115340318000,23.75831787109375,1.8293197424957528,-10.607211180114744,-0.39384617309570347
1789031115350322000,23.768322021484376,-0.010175320523045983,-13.271509299579261,-1.956062756347656
1789031115360324900,23.778324951171875,-1.3540706398895013,-13.443443490821121,-5.223101143756509
1789031115370328800,23.788328857421877,-0.4167406534057111,-12.009765609198807,-6.066158818817138
1789031115380333000,23.7983330078125,0.26440970064243297,-11.21653491810262,-3.9929298187255853
1789031115390336000,23.8083359375,-0.0920271263122559,-11.052384220343827,-2.4271219329833986
1789031115400340000,23.818340087890626,-0.13153159070215187,-11.1204704990983,-2.168998235541581
1789031115410343000,23.828343017578124,0.0432453633846948,-10.61184877678752,-2.7937334776729346
1789031115420347000,23.838346923828126,-0.0122703109077643,-9.444978249800204,-3.479375023926794
1789031115430351000,23.84835107421875,0.4050689009044959,-8.980202683478595,-3.740341835840046
1789031115440353800,23.858353759765624,0.9835680345866653,-9.331099941685796,-3.9733267081111667
1789031115450358000,23.86835791015625,1.1559503874378452,-10.01719069301188,-4.1885064591005445
1789031115460361000,23.87836083984375,0.772878157203819,-10.837654258948564,-3.8401507020696997
1789031115470365000,23.888364990234376,-0.420631317868433,-11.257687012702227,-3.6387376106262206
1789031115480369200,23.898369140625,-1.2939163157573872,-10.395173526543378,-4.266916563470661
1789031115490371800,23.90837182617188,-0.5844845282347058,-8.849718693000078,-4.4204450371891255
1789031115500376000,23.9183759765625,0.6103717583366205,-7.8770730995178235,-3.826233820398152
1789031115510379000,23.92837890625,1.3069349682351108,-7.598745402958986,-3.0590412413999433
1789031115520383000,23.938383056640625,1.257554380897875,-7.63525814732015,-2.6384099372312426
1789031115530387000,23.948386962890623,0.6519710761139169,-7.652767500525711,-2.571223822186887
1789031115540390000,23.95838989257813,-0.1381155311031499,-7.511658071136473,-2.507477910724282
1789031115550394000,23.96839404296875,-0.5391442589469719,-7.378779878997802,-2.289306284442544
1789031115560396800,23.978396728515627,-0.5856816633141133,-7.510313086268305,-1.9437933496221895
1789031115570401000,23.988401123046877,-0.46926341579277064,-8.033143951195479,-1.5207666747495527
1789031115580405000,23.99840502929688,0.1891418215544895,-8.871565198627115,-1.1077676190249623
1789031115590408200,24.008408203125,0.421229744985886,-9.689036012488604,-1.0117005696721377
1789031115600412000,24.018411865234373,-0.2076970031517091,-10.269330639868974,-1.022474331012368
1789031115610415000,24.0284150390625,-0.5093664031982421,-10.500968481445314,-1.2104185768127438
1789031115620419000,24.038419189453126,0.2545334589640843,-10.321554163581133,-2.0254947506226597
1789031115630423000,24.048423095703125,1.1975497167742906,-10.064025509423017,-3.088819416809082
1789031115640426000,24.058426025390624,1.6849194137683836,-10.276212800598143,-3.6215298707157366
1789031115650430000,24.068429931640622,2.020556481369725,-11.283723371234535,-3.104980424145609
1789031115660433200,24.07843310546875,1.153705943254102,-12.60367492043376,-2.470516253551841
1789031115670437000,24.08843701171875,-0.10070608906401321,-13.623006277245283,-2.4613886519834396
1789031115680440800,24.09844091796875,-0.21068974609375,-13.133692481994629,-3.399916141156107
1789031115690444000,24.10844409179688,1.4972738084212875,-10.6052641377002,-4.520253026635944
1789031115700448000,24.118447998046875,2.2046107796600087,-8.447940557861328,-4.219480858556926
1789031115710451000,24.128450927734374,1.036689209249802,-8.411877895355222,-2.053027777453512
1789031115720455000,24.138454833984376,-0.10893617553710944,-9.760112120708822,-0.3253122967042028
1789031115730459000,24.148458984375,-0.3386299338409678,-10.51548332901001,-0.49634763941019755
1789031115740462000,24.158462158203125,-0.6009446166992187,-9.88850352282226,-1.1867762738101184
1789031115750465800,24.1684658203125,-0.01571191186215737,-8.39571820319295,-2.306215333667397
1789031115760469000,24.178468994140623,0.9368809640746563,-7.3935922482043495,-2.3554447901301083
1789031115770473000,24.188472900390625,1.2041337974548338,-7.227645899200439,-1.5589247020997106
1789031115780477000,24.198476806640624,0.2518400871276856,-7.898620329937337,-0.9900025326050815
1789031115790480000,24.20847998046875,-0.7040449987549335,-8.910022647315264,-0.7921817665651443
1789031115800484000,24.218484130859373,-1.0932523330688477,-9.441236140662431,-1.1318589809693391
1789031115810487300,24.2284873046875,-0.9285011851988734,-8.97541369563639,-1.50685066986084
1789031115820491300,24.2384912109375,0.07826046676635767,-7.624335186767578,-1.6935985454834996
1789031115830495200,24.2484951171875,1.2419921112060548,-6.4390568964302535,-2.1146793469853695
1789031115840498200,24.258498291015623,2.1134815885681655,-6.0470063745796665,-2.207454515185952
1789031115850502100,24.268502197265622,1.6698059472899882,-6.833349059727786,-1.7628800253719088
1789031115860505300,24.27850537109375,0.6447884346008299,-8.534431677356364,-1.724423745727539
1789031115870509000,24.288509033203123,0.13632000315561887,-10.088418776923417,-1.7470191700257358
1789031115880513300,24.29851318359375,-0.7184101356506354,-10.60391915283203,-1.8103154380246995
1789031115890516200,24.30851611328125,-0.7079356495179236,-9.8148794836849,-2.035520470074564
1789031115900520400,24.3185205078125,0.1569698463439939,-8.852261363220213,-2.0573668295711274
1789031115910523100,24.328523193359374,0.8059481338500977,-9.227253198242188,-2.0084357715331014
1789031115920527000,24.338527099609376,1.1254245640076694,-11.626992618781328,-1.537826238361001
1789031115930531300,24.34853125,1.2307691447935998,-14.502576696667072,-0.8689455650329589
1789031115940534000,24.358533935546877,0.6857891380310057,-14.97124284068644,-1.7658738003604113
1789031115950538200,24.368538330078124,0.8529343414306642,-12.428899368286132,-3.5893572013854977
1789031115960541200,24.378541259765623,1.5575776714049279,-10.019134812816977,-3.3810615108214317
1789031115970545400,24.38854541015625,2.3370400955200195,-9.18071707251668,-2.6798602841250596
1789031115980549400,24.39854931640625,3.369090648651123,-9.89598423396647,-2.259078465569764
1789031115990552000,24.40855200195313,2.953397385406494,-11.29958554175496,-2.243217171832174
1789031116000556300,24.418556396484377,0.8075942936219274,-12.057051091986894,-3.4507930725648994
1789031116010559200,24.428559326171875,-0.49140989074707075,-11.891850008392334,-4.5012486125670375
1789031116020563200,24.438563232421878,0.0074818801879885655,-11.664551072803139,-4.395754101916403
1789031116030567200,24.44856713867188,0.6343136562071741,-11.408369741600751,-4.216937311553955
1789031116040570400,24.4585703125,0.9202712631225589,-10.755802489691973,-3.98051077439636
1789031116050574300,24.46857421875,1.63942944066152,-10.13181192844808,-3.260453748321533
1789031116060577300,24.478577392578124,2.4772505302429195,-9.299377938732505,-3.1914711052492257
1789031116070581200,24.488581298828127,2.3009775791443885,-7.380576699286698,-4.118925265613199
1789031116080585200,24.498585205078125,1.9005473514832554,-5.358972672492265,-4.8741453750059005
1789031116090588400,24.50858837890625,1.902342710467428,-4.238483957451582,-4.592676457811892
1789031116100592000,24.518592041015623,1.7049710033692418,-3.77251421290934,-3.9710836053594942
1789031116110595300,24.52859521484375,1.1662751914426686,-3.867980666020512,-3.395127007183432
1789031116120599300,24.538599365234376,0.615309680529684,-4.818928806957602,-2.3873174536004655
1789031116130603300,24.54860327148437,-0.34551308095082645,-7.42412124198079,-0.8050511850103734
1789031116140606200,24.55860620117188,-2.172139529241994,-11.473312461632489,1.2704241327032442
1789031116150610200,24.568610107421875,-2.8199207889832554,-15.146468474689126,0.9100961983278393
1789031116160613400,24.57861328125,-2.942773261670023,-14.974534283447266,-2.4009353523254395
1789031116170617300,24.588617431640625,-0.7038951419554649,-11.125706061664225,-4.723161909595132
1789031116180620300,24.598620361328123,2.334047343444824,-9.185355838233232,-3.569006195013225
1789031116190624300,24.60862426757813,2.459593366064504,-9.464279162597657,-2.955641657201946
1789031116200628200,24.618628173828125,3.3559225395202636,-8.802882123023272,-4.524442587280273
1789031116210631200,24.628631103515627,4.108898888574168,-8.650697757390141,-3.433134958538413
1789031116220635100,24.63863525390625,2.4993969686646014,-12.722040603095293,0.16938889067322016
1789031116230638300,24.648638427734376,-0.7251438278198241,-17.867329023852943,-0.511614474385977
1789031116240642300,24.65864233398437,-1.8938134401183573,-16.978482242041824,-5.160552040863037
1789031116250646000,24.66864599609375,-1.3636476291932165,-13.4135142165035,-7.050324754223226
1789031116260649200,24.67864916992188,-1.253214821890183,-11.940782673865556,-6.127361475537717
1789031116270653200,24.688653076171875,-0.5068225639343261,-12.316520943340658,-4.766855505371094
1789031116280656400,24.698656494140625,0.14440025109555576,-11.869104508098959,-3.881149651934206
1789031116290660000,24.70866015625,0.5761047744750976,-8.968978694152831,-3.6788407806947827
1789031116300664000,24.7186640625,1.380406967749074,-5.8518795237988215,-3.3960257095888258
1789031116310667300,24.728667236328125,2.012476206030324,-3.777003925544024,-3.117250853784382
1789031116320671200,24.738671142578124,1.5794248346190898,-2.5876830818176266,-2.7913404450565573
1789031116330674200,24.748674072265626,1.8103156572204084,-2.198624142998458,-2.4817396583557123
1789031116340678100,24.75867822265625,3.2432453325576147,-3.325247999793289,-2.3367414048343895
1789031116350682400,24.768682373046875,3.4247557093855923,-5.915772442516683,-3.0057699622005223
1789031116360685000,24.77868505859375,2.053776038537547,-8.58126590924561,-3.3301845794126392
1789031116370689300,24.788689208984376,0.5371989974975585,-9.88999814529419,-2.6087822762086987
1789031116380692200,24.798692138671875,-0.4423286471160128,-9.596707857403159,-1.8071733406066894
1789031116390696200,24.8086962890625,-1.1341034719605,-6.819136994501948,-1.8990522906199097
1789031116400700400,24.818700439453124,1.7868226812942885,-3.4099428835213184,-2.1266505014166235
1789031116410703000,24.828703125,4.217386297430471,-3.1598955250293024,-1.623568000793457
1789031116420707300,24.838707275390625,3.9164650945358903,-6.124069740515948,-0.7547723656252026
1789031116430710300,24.848710205078124,2.4539070640563962,-9.103951812744139,-0.6485293746948235
1789031116440714200,24.85871435546875,-0.13631985702514654,-11.982829671478271,-1.1743553297847509
1789031116450717200,24.86871728515625,-3.985447920271288,-12.696001906475423,-2.5372549170896406
1789031116460721200,24.87872119140625,-5.142894931483548,-10.091260722351073,-4.819378304290771
1789031116470725400,24.888725341796874,-1.4908395193237811,-8.006658679851888,-5.205592375072836
1789031116480728000,24.89872802734375,1.4570213295425287,-8.870217875671388,-2.615665313720703
1789031116490732300,24.90873217773437,0.8120833121368661,-11.095776787346601,-0.8476967330381275
1789031116500735200,24.9187353515625,-0.7941267448867672,-12.835015240368246,-1.3054381629392504
1789031116510739200,24.9287392578125,-1.5572785057952627,-12.574946254077553,-3.04183350148946
1789031116520743200,24.9387431640625,-0.2892494698013179,-10.686669332233071,-4.671685697118938
1789031116530746000,24.94874609375,2.508225459422264,-9.283965850067137,-4.860678867450357
1789031116540750300,24.958750244140624,3.9085341371398417,-9.057415102496742,-4.400991564178467
1789031116550753000,24.9687529296875,2.638410266024806,-9.767295310211182,-4.2335470855712884
1789031116560757200,24.97875732421875,-0.018854301541112395,-11.08949376155436,-4.744859362140298
1789031116570761200,24.98876123046875,-1.9747675298828629,-12.357373178210851,-5.254974245618284
1789031116580764400,24.998764404296875,-2.5576059965271503,-13.134589723095297,-5.26739328994751
1789031116590768400,25.008768310546877,-1.3943231918334962,-12.887538623809814,-4.908263040924072
1789031116600771000,25.01877099609375,0.22505499258730563,-11.718718716320392,-4.412512782885134
1789031116610775300,25.028775390625,0.8180686701567843,-10.6814308470577,-3.525312599237263
1789031116620778200,25.0387783203125,0.5301659935882314,-10.184486118537189,-2.8185746350713075
1789031116630782200,25.0487822265625,-0.07960724173281342,-9.973198406550287,-2.8586776590093965
1789031116640786200,25.0587861328125,-0.08693952084966011,-9.72449895553589,-3.2643441798888144
1789031116650789400,25.068789306640625,0.883460394331347,-8.925883064270021,-3.8901293694645167
1789031116660793300,25.07879345703125,1.7856254160674285,-7.63555800704956,-4.204666881915181
1789031116670796000,25.08879614257813,1.579424889418017,-6.936750397491455,-3.7288191558286545
1789031116680800300,25.09880029296875,1.2069768205947242,-7.220164603534341,-2.874837497302144
1789031116690804200,25.10880419921875,0.8349778107131831,-7.755867809516193,-2.1791722774229942
1789031116700807400,25.118807373046877,0.5539583725860342,-7.962067842975258,-1.7377420769840477
1789031116710811100,25.12881103515625,0.552761253489647,-7.867645345959066,-1.646462846429646
1789031116720814300,25.138814453125,1.3310265219757331,-7.2889955631762735,-2.3826792724058037
1789031116730818300,25.148818359375,1.9626467926467766,-6.634632660022376,-2.7389666992187496
1789031116740822300,25.158822265625,1.5943886315276845,-7.020996368408202,-1.356165602874756
1789031116750825200,25.1688251953125,0.9674071083068847,-8.108712110137937,-0.06165113114044063
1789031116760829200,25.1788291015625,0.6639420844146982,-9.286810718104244,-0.5352538547791541
1789031116770832400,25.188832275390624,0.43305118874814363,-10.1834369017452,-1.6645684119626878
1789031116780836400,25.19883642578125,0.2389712532043458,-10.52535999538004,-2.7599158176146443
1789031116790839300,25.20883935546875,0.975487538909912,-10.249726944732666,-3.2348655719481405
1789031116800843300,25.21884326171875,1.5854104848999528,-10.312575907355546,-2.466626114245504
1789031116810847200,25.22884716796875,0.8889970770020037,-10.893768360358477,-1.9759654344305393
1789031116820850400,25.23885034179688,0.04100070343017581,-11.435305679321289,-2.2378305103577674
1789031116830854400,25.2488544921875,-0.35000242825932804,-11.832442126134037,-2.9303533405579625
1789031116840857300,25.258857421875,-0.30137013397216794,-11.582999747797846,-3.6186860255919395
1789031116850861300,25.268861328125,0.27443536529541035,-10.676942887988687,-3.9616554134093223
1789031116860865300,25.278865234375,1.252466670404002,-10.047116460198165,-3.7274718328729266
1789031116870868200,25.2888681640625,1.2560580459594726,-10.382456083789467,-3.1188961367733774
1789031116880872200,25.2988720703125,0.48871656000986685,-10.855461718317866,-2.7136777980528763
1789031116890875400,25.30887548828125,0.2461538581848144,-10.823288464465735,-2.937984712219238
1789031116900879400,25.31887939453125,0.593312806646526,-10.164581394627692,-3.4231089468255638
1789031116910882300,25.32888232421875,1.1771991749085486,-9.43569954932332,-3.6040225633367893
1789031116920886300,25.33888623046875,1.6412252380371093,-9.261669847106933,-3.681234982354939
1789031116930890200,25.34889013671875,1.6711529049195348,-9.56767933131754,-3.465457557733357
1789031116940893400,25.3588935546875,1.3383587280273437,-9.632771104431152,-3.1459803969234224
1789031116950897200,25.368897216796874,1.3133691020689904,-8.994566139873859,-3.237259042955935
1789031116960900400,25.378900390625,1.5291465266905724,-8.098087255749107,-3.172766404779255
1789031116970904300,25.388904296875,1.842487522833049,-7.0955141415148955,-3.28215003182292
1789031116980908300,25.398908203125,1.8177974643431603,-6.672040307396649,-3.2834970625177027
1789031116990911200,25.4089111328125,1.457919027300924,-7.403917242863773,-3.1007898405879737
1789031117000915200,25.418915283203123,0.9445125549316407,-8.933664804187416,-2.713977219390869
1789031117010918400,25.42891845703125,0.052822074127197194,-10.314819302368164,-2.070086025890708
1789031117020922400,25.43892236328125,-0.697460871124268,-10.8915226272583,-1.6621747948244214
1789031117030925300,25.44892529296875,-0.7603086647033694,-10.267982732391356,-1.7989438569217924
1789031117040929300,25.45892919921875,-0.31244346278086255,-8.974215425762532,-2.505232177624106
1789031117050933200,25.468933349609376,0.24570465311259015,-8.219591820958255,-3.1109654899045824
1789031117060936200,25.478936279296875,0.42242666315287325,-8.572586928227544,-3.103782592663169
1789031117070940200,25.488940185546877,0.3537432952880861,-9.511715452033279,-2.710386793683469
1789031117080943400,25.498943359375,0.5545569595336917,-10.305541770935058,-2.4898195044368503
1789031117090947300,25.508947265625,0.5204395858764648,-10.406396931347249,-2.6834502714410426
1789031117100951300,25.518951416015625,0.555604276629537,-9.690231359753012,-3.573495323126018
1789031117110954200,25.528954345703124,0.8782230964660643,-8.937254937633872,-5.430497985784709
1789031117120958200,25.53895825195313,1.1186905795775353,-9.152733087047935,-5.331736875042319
1789031117130961400,25.54896142578125,1.9984101982116698,-10.290130266791582,-3.950583545905351
1789031117140965000,25.558965087890623,2.926013703918457,-11.011831260681152,-4.058470504650473
1789031117150968300,25.56896826171875,2.2674586097717286,-11.193642118293047,-3.9673420807436104
1789031117160972300,25.57897216796875,2.034173439379781,-10.196605010876059,-4.661510047802329
1789031117170976500,25.5889765625,1.760336916760355,-8.055292654639482,-5.5639758973822
1789031117180979200,25.598979248046877,2.194435605267435,-6.019472470965981,-5.452495298059285
1789031117190983200,25.60898315429688,2.8579285942077632,-4.674379466247559,-4.49122274698466
1789031117200986400,25.618986328125,4.061912607928365,-5.467157737401128,-2.5427909239068622
1789031117210990300,25.628990234375,3.433285107598826,-9.21842457962036,-1.9384049345821142
1789031117220993300,25.6389931640625,0.8429085489135235,-11.065849851116539,-4.048893990270793
1789031117230997200,25.648997314453126,0.3230675134520977,-8.775646325573325,-6.335805196270346
1789031117241001500,25.65900146484375,1.172709827600047,-7.4021227606624365,-5.862950660650432
1789031117251004200,25.669004150390624,1.0549450334411112,-7.60323570011556,-4.878036537225546
1789031117261008400,25.67900830078125,1.5474024604797363,-7.84639739074707,-3.930231955011189
1789031117271011300,25.68901123046875,1.8535612169679254,-9.101110451838373,-2.2679086916267868
1789031117281015300,25.69901538085937,1.3597570514954624,-10.621878003370762,-1.5358809495121242
1789031117291019300,25.70901928710937,0.4969464090209454,-9.55062064448893,-2.7654531396061177
1789031117301022200,25.71902221679688,0.7148188331604004,-6.297200448065995,-4.024204954694211
1789031117311026400,25.7290263671875,1.113004642895609,-4.394709707430005,-2.9227231379404666
1789031117321029400,25.739029296875,1.277755571569875,-5.444415744239091,-1.7721587258487936
1789031117331033300,25.749033447265624,0.7628525039672851,-9.217079010230302,-1.3501803909853103
1789031117341037300,25.759037353515627,-0.017956512451171802,-12.315624871283768,-1.43637194301188
1789031117351040300,25.769040283203125,-0.582239916229248,-12.952032431030272,-2.298882214300334
1789031117361044500,25.77904443359375,-0.46986211233828223,-10.93072767944336,-3.634996378271282
1789031117371047200,25.789047119140623,0.4300584732055664,-7.2072951850891105,-5.04069202799052
1789031117381051400,25.799051513671877,1.7404348597319796,-4.821622283825278,-4.691587498418986
1789031117391054300,25.809054443359376,2.7563245881896465,-5.587916452679037,-2.7172692466735837
1789031117401058300,25.81905834960937,2.1663035165648905,-9.119814567786454,-1.5315411667421457
1789031117411062300,25.829062255859377,0.9148843641861342,-11.866858190476893,-2.3196806721791625
1789031117421065200,25.839065185546875,-0.6287772383979987,-12.291980960845946,-3.864541339221597
1789031117431069400,25.8490693359375,-0.8898948478256352,-11.291505111151933,-5.050718916486204
1789031117441072000,25.859072021484376,0.3926489992003887,-9.291598536902665,-5.144541109521686
1789031117451076400,25.869076416015623,1.7209820717079098,-8.14627056415975,-4.135684677234292
1789031117461079300,25.87907934570313,2.330904917233251,-8.721927010345459,-3.3060935097292066
1789031117471083500,25.88908349609375,2.2462101157036143,-9.401581006622314,-2.8616698265627027
1789031117481087200,25.899087158203123,1.0378864470771978,-9.028085547637938,-2.9875150513246655
1789031117491090200,25.909090087890625,0.1849520508476066,-8.594436940985917,-3.5221707940801976
1789031117501094400,25.91909448242188,0.1556230896438471,-8.443153323584795,-3.8548148949772116
1789031117511097300,25.92909741210937,1.010801949465135,-8.186374611011146,-3.5137907960087063
1789031117521101300,25.939101318359373,1.233762097798195,-8.322542492344974,-3.136703742273152
1789031117531105300,25.949105224609376,0.009876045315526397,-9.24880218222737,-2.7349261916562915
1789031117541108500,25.9591083984375,-0.7743746542557143,-10.314073452436926,-2.2023674211800097
1789031117551112400,25.969112548828125,-0.6989572106292471,-11.178376744621994,-1.8992004669189453
1789031117561115400,25.979115478515624,0.11626845465395601,-11.544391492462157,-1.8546081687375904
1789031117571119400,25.989119384765623,1.520168434861768,-11.19169390683472,-2.369061665941775
1789031117581122300,25.999122314453125,2.865260946389846,-10.208126521843672,-3.4048531591668723
1789031117591126300,26.009126220703124,2.8607718365433628,-9.106645874133708,-4.343381671252846
1789031117601130200,26.01913012695313,1.8716671295608394,-8.372823065295815,-4.807557225854694
1789031117611133400,26.02913354492188,0.597502933546435,-8.462154961174727,-5.003432264654338
1789031117621137400,26.039137451171875,-0.3568856667007319,-9.127443162968753,-4.709244735662639
1789031117631140400,26.04914038085937,-0.846649543806445,-9.925313788825273,-4.299088063757122
1789031117641144300,26.059144287109376,-0.607827928205859,-10.259751495140792,-4.238784401702881
1789031117651147300,26.069147216796875,0.00179566951142629,-9.853486569976805,-4.698171845245361
1789031117661151500,26.0791513671875,0.5008370232513174,-9.306113968989251,-4.653130926513672
1789031117671155200,26.0891552734375,0.9696516723632812,-9.456349538642167,-3.993977866473794
1789031117681158400,26.099158447265623,1.2850877776214853,-9.839421219745276,-3.381660791888833
1789031117691162400,26.109162353515625,0.8683469780853017,-10.081682746666672,-3.2181060141965743
1789031117701165300,26.119165283203124,-0.3323451179504395,-10.020929879540205,-3.776552966906131
1789031117711169300,26.12916918945313,0.158915098660253,-8.468291271972657,-4.422838946588337
1789031117721172200,26.139172119140625,2.599803764254786,-5.511452221679688,-3.3264439315795897
1789031117731176400,26.149176513671875,3.7683236658843233,-3.6538504240840677,-1.9580074606746432
1789031117741180400,26.159180419921874,2.040458401400782,-3.779245566990971,-0.5285200164794919
1789031117751183400,26.169183349609376,0.10863686379697168,-5.692513722229002,-0.36885625487640494
1789031117761187300,26.17918725585937,0.3411737365722656,-8.397363047790527,-0.5765539795473218
1789031117771190500,26.1891904296875,0.31663313302304597,-11.282675323486327,-0.7908350281313059
1789031117781194200,26.1991943359375,0.3853168662140146,-13.454816533228755,-1.5004174219429491
1789031117791197200,26.209197265625,1.0257657737731933,-14.095114670673013,-1.9039897470220923
1789031117801201200,26.219201171875,0.890343669305369,-13.33046417737305,-1.564461001177877
1789031117811205000,26.229205078125,0.48527467592768375,-12.257863002666829,-1.178845188549906
1789031117821208000,26.2392080078125,-0.32695809114985164,-11.314698939734697,-1.2856867298953234
1789031117831212000,26.2492119140625,-0.7540238853454589,-10.408643248969316,-1.9261355278566479
1789031117841215200,26.25921533203125,0.006135068688914003,-9.447220475769042,-2.6913820873536167
1789031117851219200,26.26921923828125,1.1103109468322245,-9.408463751873374,-2.43714750630483
1789031117861223200,26.27922314453125,1.595735552624613,-10.222343847766517,-1.8255784736081955
1789031117871226000,26.28922607421875,1.593490769372508,-11.068842018669844,-1.8905213397704064
1789031117881230000,26.29922998046875,0.9723452953614293,-10.875811847907306,-2.865709895733744
1789031117891233300,26.3092333984375,0.6955155092101544,-10.030057773369549,-3.640233256011456
1789031117901237000,26.319237060546875,1.2551603664673863,-9.656564652472733,-3.4217638158269224
1789031117911240200,26.329240234375,1.5277997151914984,-10.243740271538496,-2.6267383502684534
1789031117921244200,26.339244140625,1.175253886059672,-11.691636063605547,-2.077419145257771
1789031117931247000,26.3492470703125,0.735169693402201,-12.489951510620116,-2.3389850921079516
1789031117941251000,26.3592509765625,0.2298433593750001,-11.31978603374064,-2.8326396930418904
1789031117951255000,26.369255126953124,0.3203741096496582,-9.21872385482788,-3.151517134393006
1789031117961258200,26.37925830078125,0.587926145172119,-7.593209980663656,-3.4409164061948654
1789031117971262200,26.38926220703125,0.942267990875244,-6.8689639784663905,-3.082834204919636
1789031117981265200,26.39926513671875,1.156249691186473,-7.147288752415776,-1.921047557067871
1789031117991269000,26.40926904296875,0.9484031326293945,-8.434473173522948,-1.131410214288533
1789031118001273000,26.419273193359373,0.17687150151357056,-10.317362557110188,-1.3790595717281102
1789031118011276000,26.42927612304688,-0.911592282104492,-11.074378610008955,-2.6095298797056077
1789031118021280000,26.439280029296874,-1.052550831780955,-9.892842428809404,-4.0529344978332515
1789031118031283200,26.449283203125,-0.4192844196043908,-7.839664867621661,-4.619761740875244
1789031118041287200,26.459287109375,0.5077203164916484,-6.44354427097738,-4.13059641418457
1789031118051290000,26.4692900390625,1.6566378381591287,-6.407331386345625,-2.9990362700313327
1789031118061294000,26.479294189453125,2.6616042042054233,-7.907749977332354,-2.1872531464174387
1789031118071298000,26.489298095703123,3.2632967897277325,-10.085274633678793,-2.2626699141904716
1789031118081301200,26.49930126953125,2.928408051709085,-11.345225010901688,-3.4395696677610275
1789031118091305000,26.509304931640624,1.635838357366994,-10.222643122974038,-5.1321214806705715
1789031118101308200,26.51930810546875,0.29269129908457403,-7.853281889563798,-6.184522747913003
1789031118111312100,26.52931201171875,1.679233262457326,-6.7555410129040485,-4.458751971490681
1789031118121315000,26.53931518554688,3.5236665125306694,-8.559722185957432,-1.6163862725958225
1789031118131319000,26.549319091796875,3.1762078504700213,-12.60936348746419,-0.7818561873838306
1789031118141323000,26.559322998046877,-0.31289215639643375,-14.18534673026204,-2.471265318353474
1789031118151326200,26.569326171875,-1.8656817898072295,-11.397597003173829,-5.466261373083293
1789031118161330000,26.57932983398437,-0.0016459405761211077,-7.554006097522377,-6.842030378833412
1789031118171333000,26.5893330078125,2.5037363861083985,-5.732468131476638,-4.815638240979611
1789031118181337000,26.599337158203124,3.4820668933592733,-7.75616708472371,-1.3789111031681296
1789031118191340300,26.60934033203125,1.4007576087951659,-12.258313084521891,-0.46387744843810763
1789031118201344000,26.619343994140625,-0.8707409970823674,-13.877093851038815,-2.195183939416707
1789031118211348000,26.629347900390623,-0.8264484855651855,-9.847052153015136,-5.734561888885498
1789031118221351200,26.63935107421875,0.5565021753173323,-4.435706903728843,-7.796717706298827
1789031118231355100,26.649355224609376,1.9210475936004892,-1.565358972930908,-5.7694274505615235
1789031118241358000,26.659358154296875,3.6402338770659637,-3.638587973022461,-0.3537427107661961
1789031118251362000,26.669362060546877,1.4227543730804695,-10.90513964920044,2.113481807763874
1789031118261365200,26.679365234375,-1.2802994108337908,-14.20449742093384,0.1168675530582668
1789031118271369200,26.689369140625,-1.4573205499511208,-12.083986445185541,-3.192369807654619
1789031118281373000,26.699373046875,-0.19707279721684756,-7.89233555057943,-5.016899941253662
1789031118291376000,26.709376220703124,0.8340800033569336,-4.324077835845946,-3.6819834626346823
1789031118301380000,26.719380126953126,1.2873323782105,-3.8744168365478533,-0.7188587562009694
1789031118311383000,26.729383056640625,0.8388683701446279,-7.623886273956299,2.388515138952434
1789031118321387000,26.739386962890624,0.04085099276117976,-11.774833986774086,2.3970444823667405
1789031118331390200,26.74939013671875,-0.5325602317810059,-13.083563884735106,0.033070787213742125
1789031118341394200,26.759394287109377,-1.0238204483916982,-12.476037551558017,-2.3057670053780077
1789031118351398000,26.76939794921875,-0.7396587119171395,-9.74873966282308,-4.828505613598228
1789031118361401000,26.779401123046878,0.4563946549346669,-6.134843647986649,-6.239440040753781
1789031118371405000,26.78940502929688,2.1221604234557594,-4.896290279057621,-4.81084808409363
1789031118381408300,26.799408203125,3.144335113934427,-8.026261790466311,-1.2791022369384772
1789031118391412000,26.80941186523437,1.8140566429801752,-12.804489753723143,0.008230068206787067
1789031118401415200,26.819415283203124,-0.934337188742822,-14.28215992180705,-1.81615188909322
1789031118411419100,26.829419189453127,-2.77083940835488,-12.293176892632246,-4.461594501440227
1789031118421422000,26.839422119140625,-1.1770494277069345,-9.445873737335205,-6.01692775491923
1789031118431426000,26.849426025390624,1.2931682356239762,-7.548020008850095,-5.5312046776369215
1789031118441430000,26.859429931640623,2.862717052327003,-7.588422746387122,-4.133290475574135
1789031118451433200,26.86943310546875,3.152565054277051,-9.818618670213223,-3.205984491509199
1789031118461437000,26.87943701171875,1.4776712640624492,-11.909358777076005,-3.08343304759562
1789031118471440100,26.889440185546874,-1.4217069829193871,-11.752535645726322,-4.0536821013301605
1789031118481444000,26.89944409179688,-1.5192705727065912,-10.449790667393803,-4.785859188787638
1789031118491448000,26.909447998046875,0.5693711005722172,-9.107095371466874,-4.623952470563352
1789031118501451000,26.91945092773437,2.036866952780075,-8.191011038640141,-3.6544492667600514
1789031118511455000,26.929455078125,1.8430864751068872,-7.870189185222982,-2.4443305496767165
1789031118521458200,26.939458251953123,0.8334814529418944,-8.254907464489342,-1.8311153572082515
1789031118531462100,26.94946215820313,0.3770867980072274,-8.850166436767578,-1.7372928719118237
1789031118541465000,26.959465087890624,0.14095865927431733,-9.260173471069335,-1.9039891625002023
1789031118551469000,26.969468994140627,0.5360019332000985,-9.247004192894698,-2.29813431854248
1789031118561472300,26.97947216796875,1.6180313729217273,-8.748711556896566,-2.618956756481528
1789031118571476200,26.989476318359376,1.795800846188329,-8.253560726055504,-2.5790036624081427
1789031118581480000,26.99947998046875,0.8149263535430655,-8.054242853325603,-2.3982415831968185
1789031118591483100,27.009483154296877,0.0010474632263184347,-8.17829242684245,-2.5831932230524717
1789031118601487000,27.01948706054688,-0.2819172820160166,-8.603712134331465,-3.010408727917075
1789031118611490000,27.02948999023437,-0.41015674497075383,-8.912115235680343,-3.705624888854474
1789031118621494000,27.039493896484377,0.09247603912353514,-8.726416138458251,-4.418947784368694
1789031118631497200,27.049497314453124,0.7200561492919921,-8.271067741173505,-4.562600176239013
1789031118641501200,27.05950122070313,0.7182604615142567,-8.758885744908453,-3.397820484051108
1789031118651505000,27.0695048828125,1.3365630767822265,-9.997136916020512,-2.2960395382203163
1789031118661508000,27.079508056640623,0.734122047512792,-11.390711919835208,-2.575262722314149
1789031118671512000,27.089511962890622,-0.7324761069366708,-12.605321518597007,-3.0415334956295785
1789031118681515300,27.099515380859376,-1.0529998176574704,-12.818406050872802,-3.6955996077939863
1789031118691519000,27.10951904296875,0.4857236252715812,-11.165957992553711,-4.0159744480960065
1789031118701522200,27.119522216796877,3.1296703365050256,-8.5294930519104,-3.3096846660889687
1789031118711526100,27.12952612304688,2.7096376192839813,-7.516894802746176,-2.52034542947337
1789031118721530000,27.139530029296875,0.8818144354889168,-8.367436696082354,-0.8610147720336911
1789031118731533000,27.149532958984373,0.7193079978058113,-9.74215736182332,0.7582138843812047
1789031118741537000,27.159537109375,0.8448538742950185,-10.768071604156493,0.8876499732419849
1789031118751540200,27.169540283203126,0.9925462257385254,-10.990732358551025,-0.1874953329890967
1789031118761544000,27.1795439453125,1.4691419937133787,-10.64177863562703,-1.2458829811647534
1789031118771547100,27.189547119140624,1.5963339569091795,-10.732457854461671,-1.4103342693053182
1789031118781551000,27.199551025390623,0.9047089523315428,-12.151619719475509,-1.2027866206295783
1789031118791554300,27.20955419921875,0.36810850524902344,-13.668947359687088,-1.4523828743532303
1789031118801558000,27.21955810546875,0.3957913888793439,-13.395407481926679,-2.0326769172117114
1789031118811562000,27.22956201171875,0.49963988588862124,-10.913966514256597,-2.8158799891598516
1789031118821565200,27.23956518554688,0.8670001300536097,-8.088809139794112,-3.397670846447348
1789031118831569000,27.24956884765625,1.698536294146627,-6.503997278374433,-2.873789887945354
1789031118841572000,27.259572021484374,2.2541407899718733,-6.22507395401001,-2.0554222713746126
1789031118851576000,27.269576171875,1.9846435386657713,-7.269245153045654,-1.6798320320680737
1789031118861579300,27.279579345703127,0.9491513206481934,-9.255684342956542,-2.112134484808147
1789031118871583000,27.2895830078125,-0.37334574831537903,-11.001657072669268,-2.769193202917278
1789031118881587000,27.2995869140625,-1.0749965454101558,-12.042385437774657,-2.9535476075321436
1789031118891590100,27.309590087890623,-0.3666121292114257,-12.006171968621015,-2.914940667370707
1789031118901594000,27.319593994140625,0.4917090928893537,-10.688613452038167,-2.946812892449647
1789031118911597000,27.32959716796875,0.6105214233398438,-8.399906887054442,-3.0871738415591414
1789031118921601000,27.33960107421875,0.8105868265014142,-6.211455763024091,-3.0348002418518063
1789031118931604200,27.34960424804688,1.7381904783386735,-5.1108735254585715,-2.172139310046285
1789031118941608000,27.35960791015625,2.5884311967711895,-5.109824893188476,-1.2008411856502297
1789031118951612000,27.36961181640625,2.60713589724116,-6.107008715599775,-0.6117177935175597
1789031118961615000,27.379614990234376,1.2964601259093729,-7.631516622704268,-0.5966045416682957
1789031118971619000,27.389619140625,-0.41344877225346854,-9.386317971038817,-1.3970162303097546
1789031118981622000,27.3996220703125,-1.0642226379394524,-11.390265929633378,-2.0521299518309535
1789031118991626000,27.4096259765625,-1.129314849444479,-13.784168314582109,-2.0820582032352686
1789031119001629200,27.419629150390627,-1.3370121357239784,-15.777189220970868,-1.9741686141416428
1789031119011633200,27.429633056640625,-0.9240122762817888,-15.524003564453125,-2.5403975990295407
1789031119021636900,27.439636962890624,-0.3461118505615741,-12.743736886596679,-3.5341412178590894
1789031119031640000,27.44964013671875,0.48602293701171884,-9.458442711529136,-3.92319898763448
1789031119041644000,27.45964404296875,1.4249990467347204,-7.025935578376053,-3.746776252801716
1789031119051647000,27.46964697265625,2.099266016210988,-6.5026528780281545,-3.160047208459675
1789031119061651000,27.47965087890625,2.8043583320617675,-8.347084228405357,-2.7865514572143555
1789031119071654100,27.489654052734377,2.2812251962523904,-10.697890983471273,-2.9281086303710935
1789031119081658000,27.499658203125,0.8444051441468299,-11.231799707251785,-4.233697015435993
1789031119091661000,27.5096611328125,-0.5844845533508809,-9.552413957646488,-5.648669612066447
1789031119101665000,27.5196650390625,-0.08873524516001363,-7.936028561833501,-5.837960888561606
1789031119111669000,27.5296689453125,0.8150760276794435,-6.624156858715413,-5.475538612255454
1789031119121672200,27.539672119140626,2.2858640350341797,-6.733392893981934,-3.672406071472168
1789031119131676000,27.549676025390625,3.266589036206156,-9.54568318808675,-1.491587926538289
1789031119141679000,27.55967919921875,1.5468037639342247,-12.575243191197512,-0.963664999169112
1789031119151683000,27.56968310546875,-0.9816226806640627,-12.280309227752685,-2.4452272062554954
1789031119161686000,27.57968603515625,-0.8158242887634786,-8.919897560119628,-4.22307274556905
1789031119171690000,27.58968994140625,0.6874349324766547,-5.374980973485111,-4.632929265484213
1789031119181694000,27.59969384765625,3.247584841332957,-4.078521943554282,-2.220472109930217
1789031119191697200,27.609697265625,4.387225196893513,-7.354988669043778,0.7056906470701096
1789031119201701000,27.619701171875,1.507898060021922,-12.596942397308348,0.00613455723226064
1789031119211704000,27.6297041015625,-1.2826936855591833,-11.90037876728475,-2.59576322015971
1789031119221708000,27.6397080078125,-0.5732617330688983,-6.107158353203535,-4.9010795591607685
1789031119231711200,27.649711181640622,0.5606921012878419,-1.4036007232666021,-5.159953782708943
1789031119241715000,27.65971484375,1.356015965270996,-0.22655074757039273,-3.3089357474178076
1789031119251718100,27.66971826171875,3.033154301275685,-4.5507799745857715,0.26994565266072756
1789031119261722000,27.67972216796875,1.0543465560913086,-14.357280336982011,0.9561839957639573
1789031119271726000,27.68972607421875,-2.3478140029907233,-19.94070649250448,-2.5855875708431
1789031119281729000,27.69972900390625,-1.7871217555724082,-16.26471087210774,-6.583306377410889
1789031119291733000,27.70973291015625,1.1680711349487303,-8.863033517125249,-6.159233408355712
1789031119301736200,27.719736083984376,2.4230814984861757,-4.358793175396321,-4.474164352416992
1789031119311740200,27.729740234375,2.302024823174998,-2.5837942576855424,-2.8993785027101637
1789031119321743000,27.7397431640625,1.3648446204254403,-6.001217267829179,-0.6142632402166726
1789031119331747000,27.7497470703125,-0.267552072055079,-12.53918345130086,-0.6685811058595776
1789031119341750300,27.759750244140623,-1.2075755354065447,-15.266474910295008,-3.6121015326350925
1789031119351754000,27.76975390625,-0.34686003858037295,-12.671610977062581,-6.319644627325236
1789031119361758000,27.779758056640624,1.8320131462981923,-8.489240536499025,-6.336255278125405
1789031119371761200,27.78976123046875,2.2662615454742685,-5.498133890423177,-4.419546334783733
1789031119381765000,27.79976513671875,2.222267980371043,-4.496310717773439,-2.159419967596233
1789031119391768000,27.80976806640625,1.8216881881713864,-6.29420652694702,-0.6471829285219313
1789031119401772000,27.81977197265625,0.7969698776245115,-9.63561246533692,-0.7463914907708764
1789031119411775200,27.829775146484376,-0.5964555616516619,-11.528230046734214,-2.1083932524532076
1789031119421779200,27.839779296875,-1.78293199399868,-11.643303117591142,-3.4967321091800927
1789031119431783000,27.84978295898437,-1.511040504499804,-9.946410352867838,-4.6899411925166845
1789031119441786000,27.8597861328125,0.08948332358095801,-7.410352244347333,-4.426729232025146
1789031119451790000,27.8697900390625,1.2334627860580571,-5.737405003356934,-2.820967521557212
1789031119461793000,27.87979296875,1.6762404190505855,-5.780948961529136,-1.3848957305356862
1789031119471797000,27.889796875,1.5025110697539523,-7.50776749343872,-0.9187754716068506
1789031119481800200,27.89980029296875,1.0482114326034673,-10.1376483795166,-1.199345394134521
1789031119491804200,27.90980419921875,-1.1746551164489243,-12.481720273369547,-1.6796818099424242
1789031119501806800,27.919806884765624,-3.132513706704788,-14.48537129484415,-2.404975567626953
1789031119511811000,27.92981103515625,-2.9155389483576872,-15.029000617650151,-3.4003640310540795
1789031119521815000,27.93981494140625,-0.8132803102189559,-13.43895202462077,-3.9058401488155123
1789031119531818200,27.949818359375,1.4342763635386944,-11.122415203425286,-3.289333513586223
1789031119541822000,27.95982202148437,3.1726164383819326,-9.780312612694502,-2.7678461722224945
1789031119551825200,27.9698251953125,3.511994733771635,-9.309702933391929,-2.970006721032411
1789031119561829000,27.9798291015625,2.1888987855994606,-9.425973105078933,-3.6697131791263815
1789031119571832000,27.98983203125,0.3312976090583484,-10.091859272766111,-4.346074125207215
1789031119581836000,27.9998359375,-1.1465232515086652,-11.342678249028324,-4.815636487413943
1789031119591839000,28.0098388671875,-2.0551228591697757,-12.576592852240797,-4.80067418834269
1789031119601843200,28.01984326171875,-1.6323966742142104,-12.97223350753784,-4.086004262133688
1789031119611847200,28.02984716796875,0.1045967078609624,-12.165087103813885,-2.9261636337831614
1789031119621850000,28.03985009765625,1.1285667481906476,-10.562769980841871,-1.9294278474003075
1789031119631854000,28.04985400390625,1.2295721261619124,-8.76577024372518,-1.661725882013142
1789031119641857000,28.05985693359375,1.407341654227441,-7.1655468781620275,-1.9532199341371657
1789031119651861000,28.06986108398437,1.4645032462631353,-6.118084236365556,-2.1480483864933255
1789031119661864000,28.07986401367188,1.3959690502112265,-5.581634011408687,-2.1986256043031815
1789031119671868200,28.0898681640625,0.9718961998870596,-5.584324565666913,-2.255338256128132
1789031119681871000,28.09987109375,0.23882164300004938,-6.2843304450988775,-1.9298758834287522
1789031119691875000,28.109875,-0.3336918929168955,-7.413198865950108,-1.4264955689027907
1789031119701879000,28.119879150390624,-0.0643441696166992,-8.451232585144044,-1.412878254699707
1789031119711882200,28.12988232421875,0.31603458260800676,-9.076119218444823,-1.7456725777223705
1789031119721886200,28.13988623046875,0.42916064758300765,-9.063998572540283,-1.9382560276307164
1789031119731889000,28.149888916015627,0.8352771041870117,-8.738687591010331,-1.7001821616575121
1789031119741893000,28.15989306640625,0.6841431609222663,-8.860939759716391,-1.0205280192501842
1789031119751896000,28.16989599609375,0.0459387078216299,-9.494655596160888,-0.45385114446431407
1789031119761900000,28.17990014648437,-0.06569087151791903,-9.992053329145907,-0.5870283195495605
1789031119771903000,28.189903076171877,0.4180874649047851,-10.26648635635376,-1.1055229088380933
1789031119781907200,28.1999072265625,0.8889970039367675,-10.867131697845458,-1.5120875476010145
1789031119791911200,28.2099111328125,0.8276456229278817,-11.94422433875203,-1.8947113388061523
1789031119801914600,28.21991455078125,0.5238812507629395,-12.94006259177327,-2.108992095129192
1789031119811918800,28.2299189453125,0.30765484026484197,-12.947391911748051,-2.494458562414348
1789031119821921500,28.23992163085937,0.39294838400576265,-11.959186930084229,-2.873191337530315
1789031119831925500,28.249925537109377,0.6992565223693846,-10.77585392859578,-2.480093790844828
1789031119841928700,28.2599287109375,0.6799532714843749,-10.12462932346761,-2.2909511290401214
1789031119851932700,28.2699326171875,0.8631096254210918,-9.69741513377726,-2.652027982086688
1789031119861935600,28.279935546875,1.1540052001953125,-9.1542312166512,-2.7148751911439
1789031119871939600,28.289939697265623,0.9276035057067871,-8.715793037635086,-2.4573494595952328
1789031119881943800,28.29994384765625,0.5660789819579573,-8.200141270557046,-2.3478138568602502
1789031119891946800,28.30994677734375,0.803105019378662,-7.741201570782064,-2.3111530823305246
1789031119901950700,28.31995068359375,1.078737412438914,-7.917474668011068,-2.0302822771601376
1789031119911953700,28.32995361328125,1.0477624284606426,-8.442851710289716,-1.6754925415590405
1789031119921957600,28.33995751953125,0.7603086647033691,-8.90538388159871,-1.3359645263671875
1789031119931960600,28.34996069335937,0.3178302703857422,-9.389461529761554,-0.9888049933835863
1789031119941964500,28.359964599609373,0.026336072131246335,-9.948803970006106,-0.6964135540284215
1789031119951968800,28.36996875,0.01017535705566408,-10.270526571655273,-0.7847000325076285
1789031119961971700,28.3799716796875,-0.08693944778442386,-10.056844073486328,-1.3337202545717357
1789031119971975700,28.3899755859375,-0.10938516141362487,-9.503633267864585,-1.7839798042848705
1789031119981978600,28.399978515625,0.003142389678955193,-9.246706086730956,-1.876454966625571
1789031119991982600,28.409982666015622,0.09082995241694147,-9.81278514175415,-1.5655089027956128
1789031120001985800,28.41998583984375,0.10160393295288073,-10.949583186560867,-1.423502816827595
1789031120011989500,28.429989501953123,-0.16086042404174783,-11.753585447040201,-2.0340245324283837
1789031120021992700,28.43999267578125,-0.5825393375672401,-11.369165858459471,-2.9433712275631723
1789031120031996700,28.44999658203125,-0.6911761648315936,-10.637587029156089,-3.3280900913514193
1789031120041999600,28.45999951171875,-0.2033576496399938,-10.512639630016684,-2.883665823663026
1789031120052003600,28.470003662109374,0.430956298828125,-11.101761706975102,-2.331802194866538
1789031120062007600,28.480007568359376,0.7413048351563511,-11.502943629786373,-2.291998884527386
1789031120072010800,28.4900107421875,0.5624876794677229,-10.77046580581665,-2.968360853521526
1789031120082014700,28.5000146484375,-0.14230543424077347,-9.11682006214559,-3.781940505163371
1789031120092017700,28.510017578125,-0.02573759478144355,-7.561338924628494,-4.118925265613198
1789031120102021600,28.520021728515623,1.2795510766845195,-6.97176442772746,-3.572896772710979
1789031120112024800,28.53002490234375,2.327612853417918,-8.022071937561034,-2.538303257098794
1789031120122028500,28.540028564453124,2.354547841290384,-10.675297458869219,-2.013673526056111
1789031120132031700,28.55003173828125,1.0046669447083025,-12.81227149364054,-2.39405202255249
1789031120142035700,28.56003564453125,-1.1954546703062952,-11.779773196741939,-4.1867116846382615
1789031120152039700,28.570039794921875,-0.5494695002015679,-8.943090219658613,-5.7845411408022045
1789031120162042600,28.58004272460937,1.9378068956237282,-7.4709566429138174,-4.592827264459431
1789031120172046600,28.590046630859376,3.752013276672363,-8.911666907390952,-2.2233155166625975
1789031120182049800,28.6000498046875,2.445377793707326,-11.243172165137528,-1.7625819192081689
1789031120192053800,28.6100537109375,0.4337992671690881,-10.856057346123455,-2.625541395568847
1789031120202056700,28.620056640625,-0.41120406206659965,-7.058257300788164,-4.368969116973877
1789031120212060700,28.630060791015627,0.008828618621826267,-3.015048078155517,-5.35927107091695
1789031120222063900,28.64006396484375,1.8792985925536603,-1.308280985149743,-3.9059903709411614
1789031120232067600,28.650067626953124,3.9797617826599625,-3.810222889056802,-0.7680904046207666
1789031120242071600,28.660071533203126,1.5693991882324219,-11.151890888756514,-0.1189613104671241
1789031120252074800,28.67007470703125,-2.229151310143992,-15.322742156440018,-1.617133583831787
1789031120262078700,28.68007861328125,-1.7449239513121544,-13.568540527564288,-3.2225954345703123
1789031120272081700,28.69008154296875,0.6308721374511719,-8.209566686028241,-4.9489641768857835
1789031120282085600,28.700085693359377,1.907879521002248,-3.3969244119942195,-5.0978541771486405
1789031120292088800,28.7100888671875,2.4188918647766107,-3.001431056213378,-2.0079867125913498
1789031120302092800,28.7200927734375,1.0785879209656266,-8.486099315863848,1.782482551464438
1789031120312095700,28.730095703125,-0.692223628057912,-13.133094516101476,-0.022744915771483853
1789031120322099700,28.740099609375,-0.750731894595362,-13.168707681274412,-3.059639499554038
1789031120332102700,28.7501025390625,0.002394165127538206,-11.121066711425781,-4.0200145172670485
1789031120342106600,28.760106689453124,0.3974374755859375,-8.607753518676757,-3.6870702643796798
1789031120352110600,28.770110595703127,0.6289268120696767,-5.457433046722412,-4.492719999805093
1789031120362113800,28.78011376953125,1.0947487821716815,-4.696674884685875,-3.2386069504335526
1789031120372117800,28.79011767578125,0.8723871933868155,-8.16033532986939,0.1072907464176418
1789031120382120700,28.80012060546875,0.02259527816772461,-11.583296684917809,0.4450222335815428
1789031120392124700,28.810124755859373,-0.8617630331177264,-13.544447119793293,-1.1704650443479419
1789031120402127600,28.82012768554688,-1.7835306540115736,-13.65607852576375,-3.3123785813480615
1789031120412131800,28.8301318359375,-1.2530652756179683,-11.021560043013096,-5.599888922284543
1789031120422134500,28.840134521484377,0.6613982268844729,-7.4518041986763475,-5.957372573144734
1789031120432138800,28.850138671875,1.9672855218307115,-5.989094283837079,-3.9356186164855957
1789031120442142700,28.860142822265622,2.757820918561472,-7.103896769934891,-2.1685481536865234
1789031120452145700,28.870145751953125,2.3750479738097634,-9.667037531170248,-1.6261121323183179
1789031120462149600,28.880149658203123,0.5029319040381814,-11.928810496520997,-1.86089353261739
1789031120472152800,28.89015283203125,-1.813607784967823,-13.21569388885498,-3.049614364624023
1789031120482156800,28.90015673828125,-2.327463307145704,-13.114838143920899,-4.776282966668903
1789031120492159500,28.910159423828127,-0.9868599511298815,-11.634473329925537,-5.5726540016174315
1789031120502163700,28.920163818359374,0.1976711558356414,-10.084379730665686,-4.971710261701047
1789031120512166700,28.93016674804688,1.2791021547400858,-8.991872663006186,-3.9175118819087738
1789031120522171000,28.9401708984375,1.8918683247994161,-8.520963123974205,-3.295618585205078
1789031120532173600,28.950173583984373,1.7835306174789554,-8.697685134014488,-3.2374089728206394
1789031120542177800,28.960177734375,1.3413514253036118,-9.262267228478196,-3.405901499176025
1789031120552181800,28.970181640625,1.144278746817773,-9.589674890026451,-3.388094624328613
1789031120562184400,28.98018432617188,1.0143932245559057,-9.482087206488847,-3.2421985451847313
1789031120572188700,28.990188720703124,1.14158531561587,-8.825476232147217,-3.0605384942203755
1789031120582191600,29.000191650390622,1.681477698649559,-7.648724947136641,-2.667888545171916
1789031120592195800,29.01019580078125,1.503259257772751,-6.539612197113037,-2.2002713256835937
1789031120602198500,29.020198486328123,0.7876923644577152,-5.853821305516361,-1.6400272604241963
1789031120612202800,29.03020263671875,0.07721300354003899,-5.7535658645629875,-1.2104187229432164
1789031120622205700,29.04020581054688,-0.6031892538208514,-6.459256219372152,-0.8922894696108994
1789031120632209700,29.050209716796875,-1.1860277021988297,-7.681645219963788,-0.802057556152344
1789031120642213600,29.060213623046877,-1.2029366966247559,-8.751554086846115,-1.0299550421565773
1789031120652216600,29.070216552734376,-0.7947253227012696,-9.384969479039311,-1.5840633811399343
1789031120662220800,29.080220703125,-0.5044283622741699,-9.612120530590415,-2.3500590054385366
1789031120672223500,29.090223388671877,-0.5939116493225097,-9.656862758636473,-3.1576532990604638
1789031120682227700,29.100227783203124,0.055665243397560016,-10.143931989830731,-4.014776908874511
1789031120692230700,29.110230712890623,1.4679449659485366,-11.270404455456136,-4.2425249034054575
1789031120702234600,29.120234619140625,1.634192179328855,-12.431892120361328,-3.9933793160587547
1789031120712237600,29.130237548828124,0.5388450111389159,-13.328223704969883,-3.907337840027362
1789031120722241500,29.14024145507813,0.11791446829531343,-13.602656732177733,-3.613299510248005
1789031120732244700,29.15024462890625,0.7009024629455058,-12.819004016765952,-3.7086179331906135
1789031120742248700,29.160248779296875,1.71350012758784,-11.403581338280437,-3.8985084907531737
1789031120752252700,29.170252685546878,1.8695722213745116,-11.035322610905766,-3.2231935465939348
1789031120762255600,29.180255615234376,1.066317600924708,-12.07336100627482,-1.742380258178711
1789031120772259800,29.190259765625,0.1391629349639639,-13.349320269012452,-0.9310444399408997
1789031120782262800,29.2002626953125,-0.11088146438598628,-12.94888887230754,-1.462557208495587
1789031120792266500,29.2102666015625,1.013196251589991,-10.207978053283691,-2.605789524133503
1789031120802270000,29.22027001953125,1.5628150606017557,-7.807939942058921,-2.7367216967709367
1789031120812274000,29.23027392578125,2.1039046357970683,-7.089081478118896,-2.019210409656167
1789031120822276900,29.24027685546875,2.3518541452269996,-7.7774138708919285,-0.8505397013790903
1789031120832280800,29.25028076171875,1.3748703033447265,-8.88667801208496,-0.8999202567502855
1789031120842284000,29.26028393554688,0.2064998201232403,-9.395146589660644,-1.927033061218262
1789031120852288000,29.2702880859375,-0.023044264044240204,-8.500313134655354,-2.0884921818055213
1789031120862292000,29.2802919921875,-0.1289876875061542,-6.555174507904054,-1.7200844013489782
1789031120872295000,29.290294921875,-0.07003039855957027,-4.903624275207519,-1.421856510925293
1789031120882299000,29.300298828125,0.19228424776606268,-3.6279648721992963,-1.5722427410952746
1789031120892302000,29.31030200195313,0.07826046676635734,-2.882768436431883,-2.187252561895549
1789031120902305800,29.320305908203125,0.9159316995482891,-3.150470109558106,-2.2108954494200646
1789031120912309000,29.33030908203125,1.4266447681151329,-5.01794565091431,-0.9852141292847694
1789031120922313000,29.34031298828125,0.19856902712397284,-8.4458450468868,-0.14679448928832972
1789031120932316000,29.35031591796875,-1.1563993287902323,-12.929438321906327,-0.5689223156251015
1789031120942319900,29.36031982421875,-2.5025390660826115,-16.17732251151204,-1.8142066002443433
1789031120952323000,29.370322998046877,-1.8487728136476127,-14.546419930046795,-2.497002401678264
1789031120962327000,29.3803271484375,0.047435193457082026,-10.345644648742676,-2.457947133227438
1789031120972331000,29.3903310546875,1.293916286645457,-8.462005323570965,-2.4147014273494483
1789031120982334000,29.400333984375,2.5966614111084487,-9.498097845569255,-2.757372562872618
1789031120992338000,29.410337890625,3.236062745843455,-12.780846427807212,-2.534561878613382
1789031121002341000,29.42034106445313,2.394201806286722,-15.867422449603678,-2.2801778060913085
1789031121012344800,29.4303447265625,1.0521020651001483,-15.852159414020182,-2.5377047066837544
1789031121022348000,29.44034814453125,0.25722696779780074,-13.714136746978758,-3.219902103833109
1789031121032352000,29.45035205078125,0.6718729139465839,-13.478907602912187,-3.1141083179749556
1789031121042355000,29.46035498046875,0.5755062240600586,-14.501381349402665,-2.846107808032632
1789031121052359000,29.47035888671875,0.3342903337340801,-14.443169983452556,-3.37253187514618
1789031121062363000,29.48036279296875,0.20380634325556457,-12.219554607060548,-4.109347874450684
1789031121072366000,29.49036596679688,0.18779511965326956,-9.088838414764403,-4.443489228168129
1789031121082370000,29.5003701171875,1.0274117143493147,-6.647649377983809,-4.687846266064048
1789031121092373000,29.510373046875,2.487276176629588,-4.9145466512382034,-4.435856249071657
1789031121102377000,29.520376953125,3.2628479499816896,-3.76024451392293,-3.4573774193912743
1789031121112380000,29.5303798828125,2.9052140769958497,-3.1441864992439745,-2.443432431793213
1789031121122384000,29.5403837890625,1.9406501562256362,-2.9158371778190126,-1.4211083229064947
1789031121132386800,29.55038671875,1.237203707885742,-3.3458979891121396,-0.4294599227905267
1789031121142391000,29.56039111328125,0.306607523168996,-4.5857951738655585,-0.036361937713623504
1789031121152394000,29.57039404296875,-0.5283704154083505,-6.405536904144289,-1.1522095489501953
1789031121162398000,29.58039794921875,-0.34835637808535236,-8.055291485595703,-2.727894101062417
1789031121172401000,29.59040087890625,0.19333178405761714,-10.048314145550131,-2.5049334869384765
1789031121182405000,29.60040502929688,0.35359365768432616,-12.364854473876953,-1.2922703460693366
1789031121192409000,29.6104091796875,-0.5568014505248515,-13.585149132537842,-0.9533417580753563
1789031121202411800,29.620411865234374,-1.1127052215576172,-11.74759818932414,-3.006967355291545
1789031121212416000,29.630416015625,0.7239466539245097,-8.11424987052083,-5.171026673126221
1789031121222419000,29.6404189453125,3.724779305853322,-6.776637576946615,-5.04263819362223
1789031121232423000,29.6504228515625,4.599261243029684,-9.088688192638754,-4.244320993041992
1789031121242425900,29.66042578125,2.7558756753783675,-13.16481651905477,-4.198681816156208
1789031121252430000,29.67043017578125,0.41165304794311525,-16.291195558929445,-4.164863133184611
1789031121262433000,29.68043310546875,-0.5594950004577638,-15.388133789283035,-4.330662767194211
1789031121272436700,29.690436767578124,-0.6377555037567393,-10.842291271099448,-5.429899143108726
1789031121282440000,29.70043994140625,0.33803138342592864,-7.466915843090415,-5.156062328228354
1789031121292444000,29.71044384765625,0.2088940948486328,-7.495649185621738,-3.4823677760019898
1789031121302448000,29.7204482421875,-1.152359223086573,-7.852384063941241,-3.035997634942829
1789031121312450800,29.73045092773437,-1.2454338491577654,-6.900090353614093,-3.428048156793415
1789031121322455000,29.740455078125,-0.3945944341797381,-6.711547557398678,-3.0285160470157857
1789031121332458000,29.7504580078125,-0.47450091458745297,-7.645282697728276,-2.4019822310298675
1789031121342462000,29.7604619140625,-0.4525041320358403,-7.381923437720537,-2.9275100799560545
1789031121352465000,29.77046484375,0.5337572778121569,-6.568192394909262,-2.968061870574951
1789031121362468900,29.78046875,1.4003087873154318,-6.369173212864995,-2.152237654876709
1789031121372472000,29.79047216796875,1.3651438773666507,-5.285799884253739,-1.9430442848205565
1789031121382475800,29.800475830078124,1.7310077272277324,-4.537909387096763,-1.0908581314086914
1789031121392479000,29.81047900390625,2.7907411639891566,-7.002740580749512,0.4221276802062981
1789031121402483000,29.82048291015625,1.8001403914962895,-10.310180536651613,0.2947854948848483
1789031121412487000,29.83048681640625,0.053270950405858386,-11.465534228846431,-1.7482164169862868
1789031121422489900,29.84048974609375,-0.2433107254470699,-10.57384140995443,-3.905990078680217
1789031121432493800,29.850493896484377,0.4300584732055663,-10.627712116351724,-3.5435680946350097
1789031121442497000,29.8604970703125,0.8970773980071767,-11.983728666144609,-2.0465935066223144
1789031121452500700,29.870500732421878,0.5397428184951656,-13.09403968604207,-1.9707275337770578
1789031121462504000,29.88050390625,-0.9620201911041512,-12.636295333531498,-2.7738319686338304
1789031121472508000,29.8905078125,-1.0549450882400384,-12.186036368340252,-2.83817555372864
1789031121482511000,29.90051098632813,-0.17747025285800921,-12.11121932002604,-3.3173160377502438
1789031121492514800,29.910514892578124,0.0680851279770024,-12.386851201629637,-4.086304267993569
1789031121502518000,29.92051806640625,-0.26081837075273506,-12.227636791229246,-4.146757567651569
1789031121512522000,29.93052197265625,-0.0846949293937999,-11.215188764190675,-3.880551393780112
1789031121522525000,29.94052490234375,0.9674070900405756,-9.930849211120607,-3.402908454839885
1789031121532529000,29.95052880859375,2.3482628884025383,-8.582615570288896,-3.024175971984863
1789031121542532900,29.960532958984373,3.742735781771876,-7.725790066638588,-3.0894179672241213
1789031121552536000,29.9705361328125,4.690839547862205,-7.472603241077065,-3.369539269201457
1789031121562540000,29.9805400390625,3.700837179653905,-7.233330959099531,-3.627813773290813
1789031121572543000,29.99054296875,1.6410755273681135,-6.896947963935136,-3.807378897802532
1789031121582547000,30.000546875,-0.797119405630417,-6.695385527148842,-3.6753986774168905
1789031121592550100,30.01055004882813,-2.975244548620656,-6.682068364936111,-3.575889817047119
1789031121602553900,30.020553955078125,-3.9387611157624045,-6.943335621100664,-3.2674873002201315
1789031121612557000,30.03055712890625,-3.540276176950149,-7.506420170482993,-2.6514281164973967
1789031121622561000,30.04056103515625,-2.091933700561524,-8.002467657902834,-1.7226279483519495
1789031121632563700,30.050563720703124,-0.10519519891049711,-8.28737999354899,-0.7942765468873083
1789031121642568000,30.06056787109375,1.4565724349975588,-8.389729776433109,-0.3161839644834399
1789031121652572000,30.070572021484374,1.7884686401367185,-8.51602566757202,-0.3809774853028356
1789031121662575000,30.0805751953125,1.3498808235168456,-8.867825427576902,-1.286135350445658
1789031121672579000,30.0905791015625,0.578349265466258,-9.694121937450765,-2.5881321407593783
1789031121682582000,30.10058203125,0.06524192217402158,-11.03188269958496,-3.301603797094524
1789031121692586000,30.1105859375,0.6841430513244122,-12.335973831829428,-3.402758378844708
1789031121702589000,30.1205888671875,1.4314332445006817,-13.137732112774252,-3.376423329626769
1789031121712593000,30.130593017578125,1.8722656251769512,-13.08116909855306,-3.1557071334287525
1789031121722595800,30.140595947265624,1.8403928886413574,-12.143989955249431,-3.0143000362671906
1789031121732600000,30.15060009765625,1.4431050506591796,-10.99986142142415,-3.104382312121987
1789031121742602800,30.160602783203124,1.3178583763122558,-9.827748902130125,-3.45692821431905
1789031121752607000,30.17060693359375,1.9835961485046893,-8.404396015167235,-3.657591510308534
1789031121762610000,30.18060986328125,2.135927083001658,-7.427560568779706,-3.093307960399985
1789031121772614000,30.19061376953125,1.6988357154846188,-7.871686145782469,-1.7977457331784066
1789031121782618000,30.2006181640625,1.001674119567871,-9.293242796978353,-0.5822394778378308
1789031121792620800,30.210620849609374,0.9654617463927715,-10.223989276885986,-0.7761699584409596
1789031121802624500,30.22062451171875,1.2096704618591816,-10.422260270911453,-1.7305596181340517
1789031121812627500,30.23062744140625,1.6124948181152343,-9.990404977416992,-2.2747908523559572
1789031121822631700,30.240631591796877,1.9089269111633298,-9.63351929244995,-2.1570257659360768
1789031121832634400,30.25063427734375,1.8772035930357873,-9.78659739205241,-1.8890251098632813
1789031121842638600,30.260638671875,1.4031517373900861,-10.42674822998047,-1.9267334937497973
1789031121852641500,30.2706416015625,1.059883220495656,-10.752510462409258,-2.072032776044309
1789031121862645500,30.2806455078125,1.2388496484618634,-10.544962521472574,-2.466626114245504
1789031121872648400,30.2906484375,1.2434884872436525,-10.379612384796141,-2.8140849224366247
1789031121882652400,30.30065234375,1.043123735809326,-10.213664282226564,-2.9646199134275317
1789031121892655400,30.3106552734375,1.0064624498229475,-9.827449042400717,-2.706494754680991
1789031121902659300,30.32065942382813,0.8028058172363788,-9.475503151923418,-2.4471730796262623
1789031121912663600,30.33066357421875,0.6417956094603986,-9.174878867882493,-2.461089669036865
1789031121922666500,30.34066650390625,0.5621884042602033,-8.796596174621584,-2.4838350231997666
1789031121932670700,30.350670654296877,0.4537013607300817,-8.406043197852373,-2.483985099194944
1789031121942673400,30.36067333984375,0.4317043407164515,-7.968350284245609,-2.4637829997740686
1789031121952677400,30.37067749023437,0.7327753456115721,-7.568519776043298,-2.471864161029458
1789031121962680600,30.3806806640625,0.7921814012389631,-7.234976972740888,-2.44043982584849
1789031121972684300,30.39068432617188,0.8988732319153846,-6.981942122870681,-2.4021328915469344
1789031121982687500,30.4006875,1.0504559053283185,-6.934505248913169,-2.1613655487060544
1789031121992691500,30.41069140625,0.8782229503355921,-7.676556956914068,-1.4438532386779785
1789031122002694400,30.4206943359375,0.5418379093445838,-9.612421559363602,-0.7383122292116282
1789031122012698400,30.43069848632813,-0.35972872637324027,-11.69642388240397,-0.9376292251586913
1789031122022701600,30.44070166015625,-0.5404910247802737,-13.249662793952226,-1.7369940350957214
1789031122032705500,30.45070556640625,-0.1752254148069774,-14.056808028632403,-2.3460184978760776
1789031122042708500,30.46070849609375,0.47584750689081845,-14.163348248943686,-2.4226322203487154
1789031122052712400,30.47071240234375,0.979826883288473,-14.029422009056804,-2.279279688207805
1789031122062716400,30.48071630859375,1.4369696897093207,-13.964478704503179,-2.1414628706231706
1789031122072719600,30.4907197265625,1.6567874026976526,-13.829804861119388,-2.7184663475036626
1789031122082723300,30.50072338867188,1.718139112500101,-13.57362879061401,-3.5657144599914554
1789031122092726500,30.5107265625,1.3549683559142052,-13.713985940331217,-4.113986347906291
1789031122102730500,30.52073046875,1.271769921289012,-14.17995860748291,-4.162918136596679
1789031122112733400,30.5307333984375,1.070657054901123,-13.477410642352698,-4.865916183581948
1789031122122737400,30.5407373046875,0.8239045001707972,-10.957661279076337,-5.623381149291992
1789031122132740600,30.55074072265625,1.0357914201598615,-8.251167108917237,-5.444713850402831
1789031122142744600,30.56074462890625,1.5149311004638668,-6.301836875694987,-5.153518781225383
1789031122152747500,30.57074755859375,2.000355560125783,-5.21008208770752,-4.917091659545898
1789031122162751500,30.58075146484375,1.9672855766296387,-4.851549804577231,-4.591031028692424
1789031122172754400,30.59075439453125,1.1403881782531737,-4.840029462653398,-4.307019149017334
1789031122182758700,30.600758544921877,0.7975683549743146,-5.168630133378506,-3.4328359755918383
1789031122192762400,30.61076245117188,0.6244377204895019,-6.055683017510176,-2.019658737945557
1789031122202765600,30.620765625,0.248398422241211,-6.781726424518228,-1.2578539894655343
1789031122212769500,30.63076953125,0.4914099638123066,-6.732346599799394,-0.8147770447328688
1789031122222772500,30.6407724609375,1.2017395227294414,-6.825719295501708,-0.15921499492228053
1789031122232776400,30.6507763671875,1.2991536027770487,-6.858191824561358,-0.7249944824770092
1789031122242779400,30.660779296875,0.6353611924987287,-5.3942842243701214,-2.3460177672237155
1789031122252783600,30.67078369140625,1.372775449957326,-4.980236974766851,-1.9114698736444116
1789031122262786300,30.68078637695313,1.443404252801463,-7.535897024857997,-0.566078178240359
1789031122272790500,30.69079052734375,-0.22984343244023608,-10.123881135448812,-1.1855778578057885
1789031122282793500,30.70079345703125,-0.42586862030029293,-11.425879679328201,-2.192939083099365
1789031122292797400,30.71079736328125,0.8262988479614257,-12.106280694580079,-2.7983731201723216
1789031122302800400,30.72080029296875,1.2714706460814922,-10.460267053222655,-4.145709227642417
1789031122312804400,30.73080444335937,2.277035270281881,-7.321466923192145,-4.946869542694092
1789031122322807600,30.7408076171875,3.7475240024290977,-7.6844895034790035,-3.5410248398929833
1789031122332811500,30.7508115234375,1.4520833799500017,-11.89978197043538,-3.0219322847113013
1789031122342815500,30.7608154296875,-0.7719804708618668,-13.256547292768953,-4.96692215064168
1789031122352818400,30.770818359375,-0.3146880268372596,-10.421959242138266,-6.587646160180866
1789031122362822700,30.78082275390625,0.44412433489374814,-7.460182150921225,-5.625026578411459
1789031122372825300,30.79082543945313,0.9992799179077148,-6.788909614020585,-3.627215807397664
1789031122382829300,30.800829345703125,0.6868366012573242,-9.26975027770996,-2.9013240838199854
1789031122392832500,30.81083251953125,0.053270913873240344,-11.610979057091473,-3.41263489908427
1789031122402836500,30.82083642578125,0.027533319091796904,-10.897059218597413,-4.030788716998696
1789031122412839400,30.83083935546875,0.5256769750732928,-8.850614180535075,-4.055028255242109
1789031122422843400,30.84084350585937,0.714369920349121,-7.675662638422847,-3.5206741257816554
1789031122432846600,30.8508466796875,0.6507738656859844,-7.072472288623451,-3.060537909698486
1789031122442850600,30.8608505859375,0.4065653694152832,-5.868337906646728,-2.906112194879353
1789031122452853500,30.870853515625,0.8955810585021972,-5.59899197344482,-2.2337910257086158
1789031122462857500,30.880857421875,1.4784195616791023,-7.441329566413163,-1.2033864862188701
1789031122472860700,30.890860595703124,0.8155249404907225,-8.949226530456542,-1.1357494125366214
1789031122482864400,30.900864501953127,-0.23358426293637602,-8.921245467597245,-1.760187717548013
1789031122492868400,30.910868408203125,-0.3646668038299307,-9.02239814965129,-1.9961656341552734
1789031122502871600,30.92087158203125,-0.36346984913032504,-9.197923058861493,-2.269103746630252
1789031122512875500,30.93087548828125,-0.26171613244321196,-8.782980321723223,-2.9150904511049394
1789031122522878500,30.94087841796875,0.3052606386046856,-8.645462779346108,-3.008313801464438
1789031122532882400,30.95088232421875,0.5581481889586895,-9.294889979663491,-2.6273373390749093
1789031122542885600,30.9608857421875,0.0529716751983389,-9.996392819654941,-2.5923233088389037
1789031122552889600,30.9708896484375,-0.8442552873473614,-10.567259108954667,-2.9764418686464427
1789031122562892500,30.980892578125,-0.8842086371490733,-11.044152398571374,-3.5745424940913915
1789031122572896500,30.990896484375,-0.1400607971191406,-11.219231902101637,-4.126856058612465
1789031122582899500,31.0008994140625,0.6745663542816416,-11.291354304504395,-4.330212393078208
1789031122592903400,31.0109033203125,0.9388262163909151,-11.793239996558427,-4.173243715777994
1789031122602906400,31.02090625,0.6416460814544931,-12.497434559851884,-4.059369499316811
1789031122612910600,31.03091064453125,0.039354726321436495,-12.866740165930985,-4.360440065820515
1789031122622913300,31.040913330078126,-0.046238092627003735,-12.533794159477948,-4.703259816034138
1789031122632917500,31.05091748046875,0.43589430321957917,-11.557409963989258,-4.638465564562381
1789031122642920400,31.06092041015625,1.0830769029479472,-10.316316847449539,-4.229807022260129
1789031122652924400,31.07092431640625,1.3046902671813962,-9.249549785724282,-3.825336579297483
1789031122662928600,31.0809287109375,1.0329484518188983,-8.444349255371096,-3.394079836218059
1789031122672931300,31.090931396484372,0.6818985238006338,-7.999177968707681,-2.96207578190267
1789031122682935600,31.100935546875,0.475548268215917,-7.86644941417277,-2.5987562644958495
1789031122692938500,31.1109384765625,0.2690484480926767,-7.760806434962154,-2.434753889166564
1789031122702942500,31.1209423828125,0.15801730957031251,-7.633463080596922,-2.634968856866658
1789031122712945400,31.1309453125,0.24061730337832127,-7.617751132202149,-2.7974745638974006
1789031122722949600,31.14094970703125,0.4572925170898437,-7.88425453545451,-2.8522425113953647
1789031122732952600,31.15095263671875,0.5698199585845692,-8.4528785987854,-2.8269530257076023
1789031122742956300,31.160956298828125,0.3745429222106933,-8.86812353374064,-2.6577136265076695
1789031122752959500,31.17095947265625,0.2314893364837393,-8.73314983062744,-2.827701944378763
1789031122762963500,31.18096337890625,0.876427408688329,-7.904007283672691,-3.8221928744442755
1789031122772966400,31.19096630859375,1.6216226754119618,-6.955155822753905,-4.028394076947123
1789031122782970400,31.200970458984376,2.2501006842682134,-6.801327781566977,-3.1851864720217877
1789031122792973600,31.2109736328125,2.995445588595606,-7.9747882083386195,-2.0513824944645167
1789031122802977000,31.22097705078125,2.1359272291321307,-9.95434348395467,-0.8696941914431753
1789031122812981200,31.230981201171875,0.6738180566649884,-11.793388465118406,-0.9701002929136158
1789031122822984200,31.24098413085937,0.07257423782348627,-12.46780514526367,-2.035220610345155
1789031122832988000,31.25098779296875,0.5318119706969708,-11.924170561760663,-2.911647763305157
1789031122842991000,31.2609912109375,1.5239095028199254,-10.15081882673502,-2.844013027710467
1789031122852995000,31.2709951171875,1.8177976835388687,-8.648456115943194,-2.095076382501423
1789031122862998000,31.280998046875,1.1945569908142089,-8.92094560786784,-1.328482938440144
1789031122873002000,31.291001953125,0.06344641705937692,-10.376022835871575,-1.5869075185246766
1789031122883005200,31.301005126953125,-0.3568858310975134,-11.558755533379315,-2.7359732164911925
1789031122893009200,31.311009033203124,0.723198465905711,-12.236614462932945,-2.8865086458735165
1789031122903012000,31.32101220703125,1.6514005950927733,-12.668169896697997,-2.098068988446146
1789031122913016000,31.33101611328125,1.5635632486205546,-12.184689629906416,-1.6470608123227954
1789031122923019300,31.341019287109376,1.273865066937357,-10.596737716895342,-1.8451815842226145
1789031122933023200,31.35102319335937,1.2855365808349102,-8.655786604961753,-2.554015059363097
1789031122943026200,31.36102612304688,1.2126632139343767,-6.915203751593827,-3.529502744403482
1789031122953030100,31.371030029296875,0.909646920190379,-6.087856271362302,-4.469226311492919
1789031122963033000,31.381033203125,1.492036547088623,-6.591385638970137,-3.7891226717524233
1789031122973037000,31.391037109375,0.9151835845947265,-8.202834162902834,-2.6903349163882435
1789031122983041000,31.401041015625,-0.17627309722900386,-10.087819057464598,-2.4230818638123575
1789031122993044200,31.41104418945313,-0.6630442222595212,-11.103558527263997,-2.168248586218059
1789031123003048200,31.421048095703124,-0.6516717643737795,-11.316643059539793,-1.5530883971616625
1789031123013051100,31.431051025390627,-0.21682496091313652,-11.531073161205649,-1.3380595989502968
1789031123023055000,31.44105517578125,0.21996720446161921,-12.357222371563314,-2.1279959246762097
1789031123033058000,31.45105810546875,0.7058406500000507,-13.455564136725663,-3.5963903148926795
1789031123043062300,31.46106225585937,1.0688612575255336,-13.801972851341962,-4.807107874651997
1789031123053065000,31.47106494140625,1.1852793863158673,-12.762290780419109,-4.688893437029421
1789031123063069200,31.48106909179688,1.4881457501951605,-10.637435637986663,-3.4685987783685324
1789031123073072000,31.49107202148437,2.249352313586324,-8.952218113487959,-2.4072195471614597
1789031123083076000,31.501076171875,3.15151764584966,-7.8532818895637995,-2.000206433978677
1789031123093079000,31.5110791015625,3.407996352563426,-6.995107309392094,-2.586186121258139
1789031123103083000,31.5210830078125,2.1872529272217305,-6.755839703589678,-3.6379900071293116
1789031123113086000,31.5310859375,0.941819151129201,-8.688110080939532,-3.0065193192631003
1789031123123090000,31.54108984375,0.7510310602050274,-12.898909912651776,-1.9457374694272875
1789031123133093000,31.551093017578125,-0.6320693113464859,-17.194557772827146,-2.2894556297853583
1789031123143097000,31.56109716796875,-2.200570893152058,-17.30139726834595,-4.977694596807659
1789031123153100000,31.57110009765625,-1.1219828260559588,-12.285995456695556,-6.074089319555461
1789031123163104000,31.58110400390625,0.5207387149535118,-6.946475672692061,-5.317671232549846
1789031123173107200,31.591107177734376,1.874210840960592,-3.8302725743949413,-3.3671450675413013
1789031123183111200,31.60111108398437,3.9914333696227517,-3.6077614576041688,-0.6530179182857272
1789031123193115000,31.611114990234373,4.915296008300781,-7.664288426971434,1.1121069634035226
1789031123203118000,31.6211181640625,1.936310592651367,-12.619088762664795,0.7109279632017014
1789031123213122000,31.6311220703125,-2.0883422519408166,-14.135065572789308,-1.5143316732659937
1789031123223125200,31.641125244140625,-2.200420817156881,-11.840225619617105,-2.8799259064823386
1789031123233129000,31.65112890625,-0.2205659010071308,-7.513153862652182,-3.615692542864382
1789031123243132200,31.66113208007813,0.31513679351806645,-4.0773254272460955,-4.179677548217773
1789031123253136100,31.67113623046875,1.1637316444396972,-2.569276487511395,-3.5106469450250266
1789031123263139000,31.68113916015625,1.9027916963439435,-3.901500073784592,-1.37262515476644
1789031123273143000,31.69114306640625,1.327135834680125,-8.635285668724775,0.3036152825504539
1789031123283146200,31.701146240234376,0.048183308410644554,-13.86721660014689,0.22969401403218503
1789031123293150200,31.71115014648437,-1.260247971929982,-15.452925118145346,-1.3154641746520999
1789031123303153200,31.721153076171877,0.006135068688914114,-11.312153346905113,-4.587739585931599
1789031123313157000,31.7311572265625,2.287809177752584,-6.619517508476972,-5.9997194304868575
1789031123323160000,31.74116015625,3.086874127960205,-5.005827927619221,-5.148431687219441
1789031123333164300,31.751164306640625,2.6014497413635254,-5.305550294384359,-3.7885251442506904
1789031123343167000,31.7611669921875,1.5921441770691425,-6.422894281658529,-2.241720649664104
1789031123353171200,31.77117114257813,1.061080248260498,-7.896823509648442,-1.5614675184503193
1789031123363174100,31.781174072265625,0.74055650100708,-8.743775854060054,-2.2807766487672922
1789031123373178000,31.79117822265625,0.5949591856140644,-7.6656369189709395,-3.651008478656411
1789031123383182000,31.80118212890625,0.99838201921992,-5.99523176367879,-4.380192521777749
1789031123393185000,31.81118505859375,1.2144586459837852,-5.338020485356449,-3.891175371386111
1789031123403189200,31.82118920898437,1.3811550827026366,-6.231807646179198,-2.2272060943603513
1789031123413192000,31.83119189453125,0.9585784896850585,-7.764694090050457,-1.1251248504087328
1789031123423196200,31.84119604492188,0.4314052116394043,-7.933635529217124,-1.6650182015568022
1789031123433199000,31.85119921875,0.6555624151367694,-7.0177055101692645,-2.3410803108215337
1789031123443203300,31.861203369140625,0.8309374675475061,-5.858460071232916,-2.6692349913448092
1789031123453206000,31.8712060546875,0.9159317726135253,-5.05595594035685,-3.0039754799991845
1789031123463210000,31.8812099609375,1.2852373056273907,-5.813419152501225,-2.9655171545282
1789031123473213200,31.891213134765625,0.6883329772949218,-6.695235305023193,-3.0677205146789555
1789031123483217000,31.901216796875,0.23537987764887514,-5.740698784205316,-3.1714202508673073
1789031123493220000,31.91122021484375,1.1098620340209453,-5.0131572475939965,-2.4209864989683028
1789031123503224000,31.92122412109375,2.073378418499604,-5.439324558579921,-2.0283365499198434
1789031123513227000,31.93122705078125,2.3994390493530777,-7.680749147906899,-1.9529241660609835
1789031123523231000,31.94123095703125,1.955763627270609,-11.435007573157549,-1.6608280563905837
1789031123533234200,31.951234130859376,0.7480383081298323,-15.24492884891927,-1.998858818762004
1789031123543238100,31.96123803710937,-1.0911574796814472,-16.320823804473875,-3.5827734390810138
1789031123553241000,31.971240966796877,-1.5505447040282194,-12.25128070166707,-5.729025589807331
1789031123563245000,31.9812451171875,1.1502642601013182,-7.002441305541993,-5.193621951293945
1789031123573248300,31.991248291015623,3.9490860008239745,-5.5956964390307675,-3.115155050548911
1789031123583252200,32.00125219726562,3.241898612390086,-7.5153966731429085,-2.587533151952922
1789031123593255200,32.011255126953124,1.24737899187617,-10.753255727818607,-2.833387442669272
1789031123603259100,32.02125903320312,0.26560674667358397,-12.482618683513998,-3.996071916143596
1789031123613262000,32.031261962890625,-0.13871413175053882,-11.930605563244223,-4.891653266906738
1789031123623266300,32.041266357421875,0.16983868026733395,-9.475203876715899,-5.583429078131914
1789031123633270000,32.05127001953125,0.9127894559998064,-6.455216004070639,-6.250063141576945
1789031123643273200,32.061273193359376,2.3967454263549297,-5.311386745452883,-5.74593434677124
1789031123653277200,32.071277099609375,3.3934816511292007,-7.075015543365476,-3.698592359869182
1789031123663280000,32.08128002929688,1.9668366638183592,-9.775974291229247,-2.497750297436118
1789031123673284000,32.0912841796875,-0.1267430503845215,-10.596287050518393,-2.8203695556640622
1789031123683287000,32.101287109375,-0.5138556043762713,-10.32364675194621,-2.968211508178711
1789031123693291300,32.11129125976562,-0.5660792011536658,-9.676465284729003,-3.0015809860780833
1789031123703294000,32.1212939453125,0.6682816114563496,-9.052328008490802,-3.4516908981874583
1789031123713298200,32.13129809570312,1.6932990510802717,-9.412205276489257,-3.2906811288028956
1789031123723301000,32.141301025390625,1.1315594865661114,-10.516679845318198,-2.6469389883846044
1789031123733305000,32.15130517578125,0.9068037326537072,-11.306018205150961,-2.6644471725463865
1789031123743308000,32.16130810546875,1.1222820281982422,-11.779622974616288,-2.7528829963684083
1789031123753312000,32.17131201171875,0.35149873123168945,-11.818376775902507,-2.9595322348996995
1789031123763315200,32.18131518554687,-1.0414777221679687,-10.756399871063232,-4.068646738488972
1789031123773319000,32.19131884765625,-0.3312975816588848,-8.358010696089266,-5.867889578357339
1789031123783322000,32.20132202148437,1.6485574075561016,-6.9234320662349464,-5.375581569726765
1789031123793326000,32.211326171875,1.7241244705200196,-8.020424754875897,-3.017592209680378
1789031123803330000,32.221330078125,0.5755061509948224,-10.408191998070475,-1.9360116097047926
1789031123813334000,32.231333984375,0.5493196434020996,-12.36590193710327,-1.9289777655452494
1789031123823337000,32.2413369140625,-0.34820670394897446,-12.868982391899824,-2.59830676716268
1789031123833341000,32.2513408203125,-1.0522515565734354,-10.954967802208662,-4.745157176043093
1789031123843344000,32.26134375,0.8664017257690428,-8.177394601219891,-5.700593276049196
1789031123853348000,32.27134814453125,2.2979846809387205,-7.582288189154863,-4.010438295148313
1789031123863351800,32.28135180664062,1.679682175268605,-9.413701652526855,-1.4466957686275241
1789031123873355000,32.29135498046875,0.21353282403256746,-11.668291428375243,-1.1453256346553564
1789031123883359000,32.30135888671875,-0.5273230252472683,-12.37203474076986,-2.3422762426078316
1789031123893362000,32.31136181640625,-0.9590274024963379,-10.397420428687333,-4.56469568721354
1789031123903366000,32.32136596679688,0.5021837616851553,-7.9562319764286284,-5.441721098327636
1789031123913368800,32.33136889648438,2.289305626855418,-7.803301760864258,-4.716427925164997
1789031123923373000,32.341373046875,1.9704280759064479,-9.182661192321778,-3.563918516485393
1789031123933375700,32.35137573242187,0.7990648040771483,-11.083058175548908,-2.784904859051108
1789031123943380000,32.3613798828125,0.6311714491913094,-12.685676911816001,-3.141641783197224
1789031123953383000,32.3713828125,0.613364501278661,-13.264624800762533,-3.720888070568442
1789031123963387100,32.38138720703125,0.12554591302182527,-12.080990185979005,-5.081393748474121
1789031123973389800,32.391389892578125,0.8147767524719238,-10.49064231774211,-6.0426651305049655
1789031123983393800,32.401393798828124,1.9162591537475582,-9.97155122386515,-5.6721627158567305
1789031123993397000,32.41139697265625,1.5828664629729463,-9.19388284355998,-5.435137336023152
1789031124003401000,32.42140087890625,1.8257282938750459,-8.345737489971519,-4.726452767834067
1789031124013404000,32.43140380859375,2.0944774667602033,-8.188470121985675,-3.615693419647217
1789031124023407900,32.44140795898438,1.501613353729248,-8.180687213024497,-3.388094039806724
1789031124033411000,32.4514111328125,0.11103106545712799,-6.636425973179936,-4.38348308775574
1789031124043414800,32.46141479492187,0.2157773515563458,-5.118054376873373,-4.3566979566827415
1789031124053418000,32.47141796875,1.6900070603301747,-4.984577634319663,-3.0140006149291994
1789031124063422000,32.481421875,2.210596283810399,-5.984456687164306,-1.8788500450685621
1789031124073425200,32.49142504882813,0.8376711962493135,-6.70945087738037,-1.749113658086955
1789031124083428900,32.501428955078126,0.0252887550354004,-7.409456172290446,-1.3133701249822973
1789031124093432000,32.51143212890625,-0.7308300202300771,-7.9273519189029935,-0.964115373285114
1789031124103436000,32.52143603515625,-0.8800187111785636,-6.894104849463702,-1.3215999009281396
1789031124113438700,32.53143872070312,0.6724713912963867,-5.862500286534427,-1.7447741675779223
1789031124123443000,32.54144287109375,1.401356086144969,-7.754072742792963,-1.1059715293884271
1789031124133446000,32.55144580078125,0.9479541467528789,-10.248230568695067,-1.071105967712402
1789031124143450000,32.5614501953125,0.2621650452544913,-10.82238830075562,-2.2807760642454027
1789031124153453800,32.57145385742187,0.39803606253359464,-11.329812337714433,-2.6756705773502585
1789031124163457000,32.58145703125,-0.2941875655243173,-11.6190594876945,-2.885012708227336
1789031124173461000,32.5914609375,-0.6120177628448233,-11.006742997631429,-4.212747166387737
1789031124183464000,32.6014638671875,0.4366425277709961,-10.647463695526122,-4.905569856317341
1789031124193468000,32.611468017578126,0.8855552659850567,-11.266512708714604,-4.486433759142459
1789031124203470800,32.62147094726563,0.9552863893371073,-12.309039063152671,-4.492269625689089
1789031124213475000,32.63147509765625,1.0737993715148417,-13.505840618023274,-4.311059364318847
1789031124223477800,32.64147778320312,0.963366893005371,-14.306403551703692,-4.000710974121094
1789031124233482000,32.65148193359375,0.7245451678069308,-13.920786277770993,-4.791545709991455
1789031124243485000,32.66148486328125,1.0025719086578115,-12.673256406182052,-5.620538034820557
1789031124253489000,32.671489013671874,1.42888951483462,-11.121515039715172,-5.593603266143798
1789031124263491800,32.681491943359376,1.3941735542297362,-9.56304173464477,-5.121048297992349
1789031124273495800,32.691495849609375,2.227355658898875,-7.94874892719686,-4.404432644543051
1789031124283499000,32.7014990234375,3.261351281683147,-6.712441875889898,-3.3764225989744063
1789031124293503000,32.7115029296875,3.035698067474365,-5.997326105609535,-2.570774032592773
1789031124303506000,32.721505859375,1.9752163696289062,-5.852327852088212,-2.299780039922893
1789031124313510000,32.73151000976563,1.2029366235595196,-5.903951656341553,-2.350058274786174
1789031124323513000,32.74151318359375,0.913537497888133,-5.839307626995444,-2.332850242614746
1789031124333516800,32.75151684570312,0.755071275506541,-5.5207285840690155,-2.0869950751155613
1789031124343520000,32.76152001953125,0.5084685775756836,-5.048173615917564,-1.9449892814084886
1789031124353524000,32.77152392578125,0.3001731792725624,-4.747254148322344,-1.6871639823913573
1789031124363527000,32.78152685546875,-0.48273098279424,-5.127929874199628,-1.741930468584597
1789031124373531000,32.79153076171875,-1.352574373449758,-6.402544152069091,-2.0702368325382468
1789031124383534000,32.8015341796875,-0.42437231732793146,-8.429984045410158,-2.5167548576354983
1789031124393538000,32.8115380859375,1.5087959587097166,-10.66212934973836,-2.953996228082478
1789031124403540700,32.82154077148437,1.1930606147766112,-11.873145307922362,-4.596268344824016
1789031124413545000,32.831544921875,1.2367548681396991,-11.703008521491288,-5.919513674871624
1789031124423548000,32.8415478515625,2.2966377963744105,-11.857282552880049,-4.910657242584228
1789031124433552100,32.85155224609375,1.6283563310485332,-13.261931323894858,-2.8318913588926193
1789031124443554800,32.861554931640626,0.5006873491149395,-14.39199392296672,-1.075296112878621
1789031124453559000,32.87155908203125,0.5395931260924787,-14.082394305309652,0.12315204015523218
1789031124463562000,32.88156201171875,1.0521018459044396,-12.95442487912476,-0.2917930350705982
1789031124473566000,32.89156591796875,1.2665326782226562,-11.552023010253905,-1.387140294592083
1789031124483569000,32.90156884765625,1.7163431689940392,-10.122235121807458,-2.069487767736614
1789031124493572900,32.91157275390625,2.0575169055663043,-9.267354322484136,-2.375197976739705
1789031124503576000,32.921576171875,2.0290857608519492,-8.508992115673422,-2.7223570713318885
1789031124513579800,32.93157983398437,2.1178210060119627,-7.720552750506994,-3.1039331070497633
1789031124523584000,32.941583984375,2.4684217654906213,-7.308599842834473,-3.2046384837277233
1789031124533587000,32.9515869140625,2.446275400134176,-7.440878900036215,-2.94127717789337
1789031124543591000,32.9615908203125,1.3925273944579064,-7.964610513195392,-2.7898434844970703
1789031124553593900,32.97159375,-0.48557417033091177,-8.547000067028401,-2.9975406246460974
1789031124563597800,32.981597900390625,-1.2741646344058215,-9.349206091740724,-3.3640020933404564
1789031124573601000,32.99160107421875,-0.8577227447509765,-9.726595051032303,-4.032883643451333
1789031124583605000,33.00160498046875,-0.02349310379028302,-9.427468312072754,-3.8892311054505404
1789031124593608000,33.01160791015625,0.4047697181701657,-9.56962403564453,-2.8502976609379056
1789031124603612000,33.02161181640625,1.0772412555970252,-10.308685329657791,-2.1695962014347314
1789031124613615000,33.031614990234374,1.5622165832519532,-10.68113332541585,-2.2770351241514084
1789031124623618800,33.04161889648437,1.5635634678162633,-10.33532023860514,-2.6577134803771973
1789031124633622000,33.0516220703125,2.1420624439515175,-9.661801968604326,-2.766948931121826
1789031124643626000,33.0616259765625,2.469170245770365,-9.277382964545486,-2.7090391784667966
1789031124653629000,33.07162890625,2.4604911186218263,-9.668534491729735,-2.3253686546877024
1789031124663633000,33.0816328125,2.1155764419555663,-10.345346542578937,-1.9747674568176268
1789031124673635800,33.0916357421875,1.3136686695374546,-10.896162562018631,-1.919252782605588
1789031124683640000,33.10164013671875,0.6558617634095251,-10.689662668830156,-2.091485372272134
1789031124693642800,33.11164282226562,0.5352535625182093,-9.694571434783933,-2.6894363601133224
1789031124703647000,33.12164697265625,0.4584897640503942,-8.800038424029946,-3.0919623910099263
1789031124713650000,33.13164990234375,0.5086182151794432,-8.801535384589432,-2.8672064179018144
1789031124723654100,33.141654052734374,0.7767688011169434,-9.517548980492354,-2.3985405661433936
1789031124733656800,33.15165673828125,0.7715313388548791,-9.649230656322835,-2.4829367591857903
1789031124743660800,33.161660888671875,0.26515768773183246,-9.026289311870933,-2.8999764686033127
1789031124753664000,33.1716640625,0.34745836979970335,-8.581715406578779,-3.0060692374080418
1789031124763667700,33.181667724609376,0.31962606776133184,-8.741980787336827,-2.683751007953286
1789031124773671000,33.1916708984375,-0.14754267730712933,-9.083451461029052,-2.36532189489156
1789031124783675000,33.2016748046875,-0.28984789235219366,-9.635166475135087,-2.612074303491413
1789031124793678000,33.211677978515624,0.1376665954589844,-9.860819981604815,-3.1803976303100585
1789031124803681300,33.22168139648438,-0.06000467910766605,-8.694692966461181,-4.352209705352783
1789031124813684500,33.2316845703125,0.8681973770141602,-8.455871350860594,-4.338143186077475
1789031124823688400,33.2416884765625,2.2692545532777904,-10.826283554628493,-2.755876040704548
1789031124833691400,33.25169140625,1.6045641712464391,-13.165865735846758,-2.2002713256835937
1789031124843695400,33.2616953125,0.3495534423828126,-12.114660400390626,-3.915268194635212
1789031124853698600,33.27169848632813,0.1683420119687915,-8.4596117064327,-5.937020982250572
1789031124863702500,33.28170263671875,0.3655643737241626,-4.644301138848066,-6.070348379461468
1789031124873705500,33.29170556640625,2.5599999059263614,-2.635714999058843,-3.765180801281333
1789031124883709400,33.30170947265625,4.941782010296732,-5.06328759841919,-1.2132616912841798
1789031124893712600,33.311712646484374,1.7121535352844743,-10.50216675131917,-2.1896476403385403
1789031124903716400,33.32171630859375,-0.5861306400574744,-9.867252060478926,-5.408650895635783
1789031124913719300,33.33171923828125,2.0988170303344726,-6.236297943335769,-5.713612332098187
1789031124923723500,33.3417236328125,4.424335176495463,-7.310247025519608,-2.7711390762880446
1789031124933726500,33.3517265625,2.3517045806884767,-11.033379075622559,-2.4889222633361814
1789031124943730400,33.36173046875,1.2782043382506816,-11.480346013531088,-3.928137028558552
1789031124953733400,33.3717333984375,1.7078137525144963,-10.442159149602057,-3.4780265319272874
1789031124963737600,33.38173754882813,0.9826700708251447,-9.347112918853759,-2.8628666351318355
1789031124973740300,33.391740234375,0.499639812823385,-7.932737703594565,-2.637662041473389
1789031124983744300,33.401744140625,0.2624642108641565,-7.8697385188460345,-1.8278224531427025
1789031124993747500,33.41174755859375,-0.15068506698608397,-8.656385739898681,-2.2448636238649486
1789031125003751400,33.42175146484375,0.1994670719422399,-8.714448052766917,-3.0567984309092164
1789031125013754400,33.43175439453125,0.4623801225524395,-9.916332609990237,-2.321477492468059
1789031125023758300,33.44175830078125,-0.014664558233693059,-11.90756137226522,-2.040756763292849
1789031125033761500,33.45176147460938,-0.3151369396485387,-12.52601300408244,-2.3300071281433103
1789031125043765500,33.461765625,-0.5494693540710959,-10.984148303985595,-2.8170772361204026
1789031125053768400,33.4717685546875,-0.13871405868530273,-9.357436744469405,-3.232769914843142
1789031125063772400,33.4817724609375,0.4278138360839337,-8.63139567554891,-3.583820317785442
1789031125073775600,33.491775634765624,0.32710780181884763,-7.7956708275943996,-4.433911544744671
1789031125083779300,33.501779296875,0.5998971534729004,-8.12128166885376,-4.075978688812255
1789031125093782500,33.511782470703125,0.5153518342833967,-8.28109346062541,-3.1373008313834663
1789031125103786500,33.52178637695312,0.380528426361084,-8.1984946723938,-2.5170538405820726
1789031125113790500,33.53179052734375,0.2491465371947736,-8.278550790405273,-3.0068174254268403
1789031125123793400,33.54179345703125,0.8345288431029767,-8.580520643836259,-3.766977329309284
1789031125133797400,33.55179736328125,1.4909891569275406,-8.52964385855794,-3.770868783789873
1789031125143800600,33.56180053710938,1.3012486022949217,-8.78477597296834,-3.3122289437443015
1789031125153804500,33.571804443359376,0.7643488800048828,-10.167875759997964,-3.0201357566833495
1789031125163807500,33.58180737304688,-0.13691833437494938,-11.099369258880616,-3.14777604816854
1789031125173811500,33.5918115234375,-0.8171710637299344,-9.69786229302287,-3.511994560241699
1789031125183814400,33.601814453125,0.28341354845575994,-7.898768213975428,-3.1560055318534372
1789031125193818400,33.611818359375,1.643918714904785,-7.642742365595699,-2.4854817674934866
1789031125203821300,33.6218212890625,1.7573440185546878,-7.880366295844318,-1.8514669481024149
1789031125213825500,33.631825439453124,1.0951976219177246,-8.241141389465334,-1.8556559242248534
1789031125223828500,33.641828369140626,-0.04773439559936521,-8.617928291210532,-2.189796401159465
1789031125233832400,33.65183251953125,-0.991349051843211,-8.907031064283847,-2.5665853487312793
1789031125243835400,33.66183544921875,-1.0477624284606426,-9.315689606586096,-3.1429885216310622
1789031125253839600,33.67183959960938,-0.13452405964955683,-9.789593651258944,-3.8274309212282303
1789031125263842300,33.68184228515625,0.8456021719116716,-10.115652820807695,-4.358494484710693
1789031125273846300,33.69184619140625,1.3440449569702149,-10.226832975879312,-4.135683800451457
1789031125283849500,33.701849365234374,1.168969033636525,-10.172665332362056,-3.771316819818318
1789031125293853400,33.711853515625,1.35347212600708,-9.701453595513104,-4.02180987625122
1789031125303856400,33.7218564453125,2.175132208251953,-8.868720915111897,-4.347271079906821
1789031125313860400,33.7318603515625,2.4480711975097655,-8.129362099456786,-4.31899044957906
1789031125323863600,33.74186352539063,1.7506103994507343,-8.053945916205645,-4.240281654523313
1789031125333867500,33.751867431640626,0.6905774682860821,-8.914210746654867,-3.760841310772299
1789031125343870500,33.76187036132813,0.10145429534912109,-10.459219589996339,-3.186532479803264
1789031125353874400,33.77187451171875,-0.06494279309697448,-11.974748071831463,-3.5516488174989815
1789031125363877600,33.781877685546874,0.07212525194697084,-12.818405466350912,-4.736179796600341
1789031125373881300,33.79188134765625,0.06748655929565428,-12.728473851013183,-5.610960643658042
1789031125383884500,33.801884521484375,0.7172129617553205,-11.680261267632243,-4.541650765582174
1789031125393888500,33.811888427734374,0.7338228819031267,-10.402508691737056,-2.953846882739663
1789031125403891200,33.82189111328125,0.4528033889770508,-9.275288038092851,-1.64242248499766
1789031125413895400,33.8318955078125,0.6203975051879883,-8.507647130805253,-0.7362174488894642
1789031125423898400,33.8418984375,0.4586392555236817,-8.320448734936118,-1.0012252067565919
1789031125433902600,33.85190258789063,0.7484872209411114,-7.804498861694335,-2.3244703906737265
1789031125443905300,33.8619052734375,2.427121786852926,-6.220733878979084,-2.917184646905213
1789031125453909500,33.87190942382812,2.8088473871093242,-5.29208524813354,-2.19668002319336
1789031125463912400,33.881912353515624,1.3313256875853985,-6.587197539630532,-1.057788513238728
1789031125473916400,33.89191650390625,0.26934768676757814,-9.142409845954178,-0.6084273736700418
1789031125483919400,33.90191943359375,0.220865103149414,-11.156381185913087,-0.5719146293088795
1789031125493923300,33.91192333984375,0.15083463152460752,-11.669787219890951,-1.1840816278986632
1789031125503926500,33.92192651367188,0.8110358123779298,-10.098742018017171,-1.8727147571839395
1789031125513930200,33.93193017578125,1.8149543498717247,-8.575729902428389,-2.42442772546336
1789031125523933400,33.94193334960938,1.8221370279174296,-9.163207719311119,-2.329109740912169
1789031125533937400,33.9519375,0.722300713348389,-11.724255307659506,-2.0893895690366624
1789031125543940600,33.961940673828124,0.22460604324340827,-13.942932643127438,-2.2566845561705526
1789031125553944300,33.9719443359375,0.3556886572021991,-14.416985740882156,-2.4404396797180175
1789031125563947500,33.981947509765625,0.09965857103876807,-12.830825387462973,-2.8401221577517686
1789031125573951500,33.991951416015624,0.48347909774780273,-9.823858324432372,-3.01385039280355
1789031125583954400,34.001954345703126,1.3033435287475585,-8.110507761383056,-2.801216234643757
1789031125593958400,34.01195849609375,1.8921676456727088,-8.20268569434285,-2.1215622383669017
1789031125603961300,34.02196142578125,2.3942015140257773,-9.051278791698813,-1.8388968048647045
1789031125613965600,34.03196557617188,2.183811189270019,-9.370008056750894,-2.1906945190429683
1789031125623968300,34.04196826171875,1.2181997322082518,-8.756642934417725,-2.4429835189819338
1789031125633972500,34.05197241210937,0.21398177337646485,-7.692571103125811,-2.3813337030157444
1789031125643975400,34.061975341796874,-0.16968918879404638,-6.730100282177328,-2.292747364807129
1789031125653979600,34.071979736328124,0.05820917399302106,-6.458209925189613,-2.2433672478273508
1789031125663982300,34.081982421875,0.297778685351461,-7.120206099700928,-1.7893663196288043
1789031125673986600,34.091986572265625,-0.06808525584116576,-8.604161631664633,-1.390283268792927
1789031125683989500,34.10198950195313,-0.5502176151551308,-10.200195728844403,-1.1451767277039586
1789031125693993200,34.1119931640625,-0.7032965915404259,-11.138725117713212,-1.2294234292730688
1789031125703996400,34.12199633789062,-0.3239655582703649,-11.318287904137373,-1.7338509147644046
1789031125714000400,34.13200048828125,0.4908113403320312,-11.164311978912353,-2.531419781195372
1789031125724003600,34.142003662109374,1.3907318162780253,-11.34552311706543,-2.9357405865542585
1789031125734007300,34.15200732421875,1.7950526216369123,-11.484086369103192,-2.9625252792358396
1789031125744010500,34.162010498046875,2.1220110050477086,-11.458500676947828,-2.933046379034221
1789031125754014500,34.172014404296874,2.3213280740600077,-11.221173099297287,-3.2487811384454366
1789031125764017400,34.182017333984376,2.050334373651072,-10.724675530022385,-3.6345471731990573
1789031125774021400,34.192021484375,1.507299582672119,-9.93264486236572,-4.60928652409017
1789031125784024600,34.20202465820312,0.8191163891114293,-8.673295958167314,-5.313332034301757
1789031125794028500,34.21202856445313,1.1736075801573695,-7.8761746893733715,-4.560803940472007
1789031125804031500,34.22203149414062,2.1248541195191444,-8.575582602912188,-3.0364468400150537
1789031125814035700,34.23203564453125,2.19458495061025,-10.289829238018392,-2.430563305608928
1789031125824038400,34.242038330078124,0.4174888414245099,-10.755200432145594,-3.302800021141767
1789031125834042600,34.252042724609375,-0.668580886663869,-9.216628928375243,-4.853794660894573
1789031125844045600,34.26204565429688,-0.2986766571044921,-7.227945174407958,-4.964078159387409
1789031125854049500,34.27204956054688,0.7933785751342775,-6.107310328894853,-3.3921354241520163
1789031125864052500,34.28205249023438,2.045695680999756,-6.547242545861006,-1.1893196746826171
1789031125874056700,34.292056640625,1.9627964485168459,-8.603862356457112,-0.4246709349483244
1789031125884059600,34.3020595703125,0.9944913684569299,-9.608978140911459,-1.216404373224079
1789031125894063400,34.3120634765625,0.7912836486816407,-8.75320126953125,-2.1205141906186933
1789031125904066600,34.322066650390624,1.128716445159912,-7.800459815436602,-2.955193036651611
1789031125914070500,34.33207055664062,0.718260498046875,-6.713342624121905,-3.8786069817140696
1789031125924073500,34.342073486328125,0.9802758691649882,-7.053617366027832,-3.248932237353921
1789031125934077400,34.352077392578124,0.9286509689331054,-11.035774446326492,-1.176899461309612
1789031125944080600,34.36208056640625,-0.06209953249506661,-13.637971206665041,-1.3551184319093825
1789031125954084600,34.37208471679688,0.4047698643006385,-11.598413005506991,-3.1691759790718557
1789031125964087600,34.38208764648437,1.8079216382233425,-6.702568716651204,-4.19149921117574
1789031125974091500,34.39209155273438,1.6521488196441902,-4.376003253394365,-2.5824460579469797
1789031125984094700,34.4020947265625,0.4538507791381329,-4.989515675243735,-1.0133449758782986
1789031125994098700,34.4120986328125,-0.4791395707061515,-8.808416960796713,-0.8228568908140064
1789031126004101600,34.4221015625,-1.5143325135162102,-13.222427581024169,-1.2716203567504882
1789031126014105600,34.432105712890625,-1.555034014804102,-13.859434860229491,-2.9288571106508376
1789031126024108500,34.44210864257813,-0.16041147469785072,-11.08246079417765,-5.097555194202065
1789031126034112500,34.452112548828126,0.843207824121043,-8.795997039684652,-4.526537805993854
1789031126044115500,34.46211547851563,0.827944806803856,-6.929568961554765,-3.1567548889160153
1789031126054119700,34.47211962890625,1.1517607092041522,-6.5801639877319325,-1.6288050246641037
1789031126064122600,34.48212255859375,1.108216111711133,-9.706091192185879,-0.3199240277945994
1789031126074126600,34.49212670898437,0.014365246493555611,-13.281234574779866,-1.114201597595215
1789031126084129500,34.502129638671875,-1.1643302313873545,-13.085508589062094,-3.6134488555908204
1789031126094133500,34.51213354492187,-0.8251017653976566,-10.515932241821288,-5.663783302307127
1789031126104136400,34.522136474609376,0.5879261177726556,-8.17171187940836,-6.013486674554645
1789031126114140400,34.532140380859374,1.0066121079763048,-6.111052438032626,-5.014955236926674
1789031126124143600,34.5421435546875,1.1116576007843832,-5.928943474256991,-2.7657527070745824
1789031126134147600,34.55214770507813,1.2891278970248765,-8.571692025214434,-0.8716387496396898
1789031126144150500,34.56215063476562,0.07990645300825129,-10.569352281841633,-1.3506284270137554
1789031126154154500,34.57215454101563,-1.5025112524170425,-10.39816861670613,-2.8389246185302737
1789031126164157700,34.58215771484375,-1.4062942366668953,-9.897330387878418,-3.6936549034669994
1789031126174160400,34.592160400390625,-0.23897127147065467,-9.28785759680867,-3.941155207824707
1789031126184164600,34.60216455078125,0.3075052939926274,-8.24877290725708,-3.571250466808676
1789031126194167600,34.61216748046875,0.6402993430206552,-8.366835223057866,-2.768144862908125
1789031126204171800,34.622171875,1.7025765368476047,-10.001179469409584,-1.9228429160520433
1789031126214174500,34.63217456054687,1.490989129528077,-10.686817216271162,-2.015169317571819
1789031126224178400,34.64217846679688,0.0969652403015644,-10.186130963134767,-2.6716300697878004
1789031126234181600,34.652181640625,-0.43050734263436163,-9.489268642425536,-3.383754841558635
1789031126244185300,34.66218530273437,0.9546878343554912,-8.576628897094727,-3.8088758583620184
1789031126254188500,34.6721884765625,1.587056428901007,-7.928547850689292,-3.6495121026188135
1789031126264192500,34.682192626953125,0.7282862517481086,-8.346634146550297,-2.902070956664532
1789031126274195700,34.69219580078125,0.620247808218724,-9.771187056952714,-2.3003785903379317
1789031126284199400,34.702199462890626,-0.26755205378877,-11.098919761547448,-2.104652750750631
1789031126294202600,34.71220263671875,-1.467795237013232,-11.735777403149008,-1.981202019909769
1789031126304206600,34.72220654296875,-0.4174888140250463,-11.385026275414226,-2.072779941149801
1789031126314209500,34.73220947265625,1.333270958167966,-10.10622448272705,-2.2484550724856556
1789031126324213500,34.74221362304687,1.5336357644012197,-8.796896034350992,-2.2493526058472693
1789031126334216700,34.752216796875,0.6199485558440908,-8.432378831592201,-2.420388240814209
1789031126344220700,34.762220703125,0.060902486463915495,-9.12489990822673,-2.6282351646974678
1789031126354223600,34.7722236328125,-0.0225952964340336,-10.197653058624267,-2.7653023329585786
1789031126364227600,34.7822275390625,-0.20994155807495118,-10.93012795998454,-3.166929807580262
1789031126374230500,34.79223046875,-0.42871173477172847,-11.136927128380536,-3.557035332842916
1789031126384234800,34.80223486328125,-0.2177226586715318,-10.794856150707602,-3.567211420550942
1789031126394237400,34.81223754882812,0.23508067550659173,-10.080037902069092,-3.534290417071431
1789031126404241700,34.82224169921875,0.4545990036895498,-9.568275543645024,-3.214065798895061
1789031126414244600,34.83224462890625,0.30496143646240226,-9.585334230473636,-2.4778492267884316
1789031126424248600,34.84224853515625,0.15577267244867982,-9.922469505310058,-2.3124993823729456
1789031126434251500,34.85225146484375,0.24435820693969726,-10.8722187918514,-2.115725787298381
1789031126444255500,34.86225537109375,-0.06748659582827243,-11.514016227942701,-1.9044374907895922
1789031126454258700,34.8722587890625,0.12060790863037107,-10.40729475696981,-2.437745764458924
1789031126464262400,34.88226245117188,1.2096704253265633,-8.711453547126055,-1.990179691613466
1789031126474265600,34.892265625,1.5298948243072257,-8.548797471839187,-0.36646278386861075
1789031126484269600,34.90226953125,0.43484694959111503,-9.021651130676268,0.08245090419352041
1789031126494272500,34.9122724609375,0.15652086046747865,-8.490736328014734,-0.47869069442749046
1789031126504276500,34.9222763671875,0.6548140809874982,-7.4042176871150716,-1.2672807201109828
1789031126514279700,34.93227978515625,0.8056488586425781,-6.41690819298625,-1.7555486595705152
1789031126524283600,34.94228369140625,0.6343138023376464,-5.774815573340652,-1.710357810974121
1789031126534286600,34.95228662109375,0.9053074296813458,-6.096385030254721,-0.9495996489375829
1789031126544290600,34.96229052734375,0.37978023834228514,-7.451652807506918,-0.5484213793881236
1789031126554293800,34.97229370117188,-0.6476315490722656,-8.615982417839765,-0.9394251686647533
1789031126564297700,34.98229760742188,-0.284161809539795,-9.547926583099365,-1.160589547021687
1789031126574300400,34.99230053710937,0.4973953948974609,-11.063305427330732,-1.2024879299439488
1789031126584304600,35.0023046875,0.6289267755370584,-12.474238977703454,-1.5248067439205943
1789031126594307600,35.0123076171875,0.4445732477050275,-12.479326071709394,-1.9155109657287595
1789031126604311600,35.0223115234375,0.5186440076965838,-11.469723497229815,-2.3177365523740647
1789031126614314500,35.032314453125,0.9216180015563965,-10.27965446548462,-2.67985969960317
1789031126624318700,35.042318603515625,1.4191629609923808,-9.791236742290854,-2.8785787296570837
1789031126634321400,35.0523212890625,2.1109376762390135,-10.595090534210204,-2.6232963931210334
1789031126644325400,35.062325439453126,2.198176399230957,-12.606369566345212,-2.129343686023354
1789031126654328600,35.07232861328125,0.9822213041443378,-13.945028738623858,-2.1160253547668457
1789031126664332500,35.08233251953125,0.3239652660094201,-13.251456107109787,-2.941725360052287
1789031126674335500,35.09233544921875,0.003741086224466672,-11.303326481848956,-3.538180994769185
1789031126684339500,35.10233935546875,0.8099884222168476,-10.277261432868242,-3.0515603841252625
1789031126694342700,35.1123427734375,1.5830162832397965,-10.592248588782546,-2.2354361625671384
1789031126704346600,35.1223466796875,1.3165114917479455,-11.176730730980637,-1.85475780634135
1789031126714349600,35.132349609375,-0.10579378585815435,-10.196156682586672,-2.931100944054872
1789031126724353500,35.142353515625,-0.9914989086426793,-8.139087374657391,-4.007593719372153
1789031126734356700,35.15235668945313,0.075267714691162,-6.447585070800782,-3.954472954559326
1789031126744359400,35.162359375,0.988356372833252,-5.321861377716063,-3.1967078368589283
1789031126754363600,35.17236376953125,1.027262222876027,-4.605098424750567,-2.6828523055478932
1789031126764366600,35.18236669921875,1.4637551130432636,-4.407726425391435,-2.131737887683511
1789031126774370600,35.19237060546875,1.8053776893615723,-4.872200378417969,-1.4619589503414931
1789031126784373500,35.20237353515625,1.2782045574463905,-5.9703919214546675,-1.0998369721561663
1789031126794377500,35.21237744140625,0.5065232156615704,-7.240963645935057,-1.3208511283874507
1789031126804380700,35.22238061523438,0.12764080294184388,-8.815001015362144,-1.999457076916099
1789031126814384600,35.23238452148438,0.14095847661122685,-10.555285762566328,-2.763955302263796
1789031126824387800,35.242387939453124,0.22176307490244507,-11.958739186316729,-3.381062241473794
1789031126834391600,35.2523916015625,0.4792892448425292,-13.274501467132568,-2.44522808303833
1789031126844394800,35.262394775390625,1.1242271709166465,-15.149309835594888,-0.8824132416322827
1789031126854398700,35.272398681640624,0.568623040417582,-16.76375228064656,-0.7858966949462896
1789031126864401700,35.282401611328126,-0.3160346922058612,-15.87176135559082,-2.964919188635051
1789031126874405600,35.292405517578125,0.5307645805358887,-12.191125800433754,-5.248538367351889
1789031126884408800,35.30240893554687,1.287481869683787,-7.956679135674238,-5.78753330835551
1789031126894412800,35.31241284179688,2.594566411590576,-5.851428857421874,-4.847660103662312
1789031126904415500,35.32241552734375,3.3227029914855954,-7.484124752044678,-2.860622071075439
1789031126914419700,35.33241967773437,1.7067664354186505,-10.576085974010825,-2.918082910919189
1789031126924422700,35.342422607421874,0.6367080039978027,-11.566088360485432,-4.8488569122314455
1789031126934427000,35.352427001953124,1.345840681280568,-9.775224934166669,-6.679224081420898
1789031126944429600,35.3624296875,1.7491139503479003,-7.583484120941163,-6.585101736395061
1789031126954433800,35.372433837890625,1.8602946899414063,-6.772597946166992,-4.178779722595214
1789031126964436700,35.38243676757813,1.3043909189086407,-6.199935421100259,-2.497901104083658
1789031126974440400,35.3924404296875,0.5927146215576679,-5.385908025690913,-2.2575825279235837
1789031126984443600,35.40244360351563,0.15322883318476377,-7.573309932929276,-1.287332597406209
1789031126994447600,35.41244750976563,-1.0474630801878868,-11.54962997763753,-0.4020771180853244
1789031127004450800,35.422450927734374,-1.6388311094421892,-12.248434664586185,-1.970577603912353
1789031127014454500,35.43245458984375,0.013916297149658252,-7.795821049720049,-3.6361934791013595
1789031127024457700,35.442457763671875,1.3766659180572256,-4.322281600078939,-1.2476780478879812
1789031127034461700,35.452461669921874,1.0621277114868164,-4.8796828431278465,1.5158289260864257
1789031127044464600,35.462464599609376,-0.47480011672973627,-5.915923249164223,1.6340426330566404
1789031127054468600,35.472468505859375,-0.386813169186376,-5.323507391357421,-0.3292030205324292
1789031127064471800,35.48247192382812,0.9940425287108867,-5.781100352698565,-2.3186343779966236
1789031127074475800,35.49247583007813,2.0364182226318865,-8.538470723614097,-2.97210179361552
1789031127084478700,35.50247875976562,1.0317512413909657,-12.669815325817465,-1.4763245986938476
1789031127094481700,35.512481689453125,-0.10459664849545808,-14.411298927417395,-1.1786959893375637
1789031127104485600,35.522485595703124,-0.6760628033844753,-12.727576025390626,-2.4355022233158348
1789031127114488600,35.532488525390626,-0.5847837554931641,-8.047958658489584,-4.507533830316365
1789031127124492500,35.542492431640625,1.043123790608253,-5.090970555114745,-4.933103175409138
1789031127134495700,35.55249584960937,2.5677812805175777,-6.1941007235974075,-3.5702041726261373
1789031127144499700,35.56249975585938,2.1622634473938493,-11.29419741897583,-1.760336186107993
1789031127154502700,35.57250268554687,0.31902727988427493,-16.18315779353678,-2.070236832538247
1789031127164506600,35.58250659179687,-3.3708863912277853,-18.142959151890874,-4.166508854565024
1789031127174509800,35.592509765625,-5.014056890714309,-15.306879401397703,-6.607697014562786
1789031127184513500,35.60251342773437,-1.6585832000732421,-10.135703090667725,-7.323563603210449
1789031127194516700,35.61251684570313,2.1841104005454572,-7.388058579474687,-5.58926406789571
1789031127204520700,35.622520751953125,3.825335821245657,-7.080552134704588,-3.0457232024043797
1789031127214524000,35.63252392578125,3.7629369496109897,-7.878418668907882,-1.671153051050007
1789031127224527600,35.642527587890626,2.191891574207274,-8.198644309997558,-1.9033903198242186
1789031127234530600,35.65253051757813,0.6476315034064929,-7.950994075775146,-2.6874913635253908
1789031127244534800,35.66253466796875,0.5092167838607914,-7.877671649932859,-3.419368591253459
1789031127254537500,35.67253735351562,1.1824363266433588,-8.042272429546713,-3.7572508850649005
1789031127264541700,35.68254174804687,1.1661257547683082,-8.539070443072916,-3.5814268467776476
1789031127274544600,35.692544677734375,1.1646294700622557,-8.865879554206131,-3.103933691571653
1789031127284548900,35.702548828125,0.9512462105682118,-9.007136283111572,-2.439242725018412
1789031127294551600,35.71255151367188,-0.4501099851746112,-9.421782083129882,-1.430984112493694
1789031127304555800,35.7225556640625,-2.153883631985448,-10.241796736255287,-0.9323926396794617
1789031127314558700,35.73255883789062,-2.603544740881398,-11.245265338024499,-1.4799157550536093
1789031127324562700,35.74256274414063,-0.9169791993072257,-11.667544993922114,-2.742259603284299
1789031127334565600,35.75256567382812,1.4323311066558584,-10.817301791271568,-3.7261258250914517
1789031127344569600,35.76256958007812,2.40288056810908,-9.374197325134276,-3.253120921215415
1789031127354572800,35.77257275390625,2.3684638827117155,-8.595034906879068,-2.0663455241881308
1789031127364575700,35.78257568359375,2.226757181549072,-8.42744137519002,-1.928229869787395
1789031127374579700,35.79257983398438,2.2837690355163067,-8.1661723654598,-2.5236386257998644
1789031127384582700,35.80258276367187,2.2848166448730973,-7.926303286632892,-3.321206030926108
1789031127394587000,35.8125869140625,2.3322517652649433,-7.915379157036542,-3.611802549688518
1789031127404589600,35.82258959960937,1.7955016075134278,-8.167820132666826,-2.8320418732792136
1789031127414593800,35.83259375,0.8587702079772949,-8.861389257049561,-1.6672621810913086
1789031127424596700,35.8425966796875,-0.009427169036865246,-9.61466670794189,-0.9762357269287109
1789031127434600700,35.8526005859375,-0.7236473787169903,-9.58219476340413,-1.1559509274356066
1789031127444603600,35.862603759765626,-0.4043208784241228,-8.605508370098471,-2.4530095306947826
1789031127454607600,35.872607666015625,0.5195418333191424,-7.414993932673335,-3.0741555161625147
1789031127464610600,35.88261059570313,1.3434464065551759,-7.1658467378914334,-1.1719621510379015
1789031127474614500,35.892614501953126,1.2596492753844708,-8.371922901585695,0.5172974884584545
1789031127484617700,35.90261767578125,0.3543417726378888,-10.225184624150394,0.4664204109191894
1789031127494621700,35.91262158203125,0.20560192143544553,-12.224493232506514,0.07182663432657721
1789031127504624600,35.922624755859374,0.44861353607177734,-14.275427398681638,-0.7628529423587023
1789031127514628600,35.93262866210937,0.660201180853322,-16.11073377783894,-1.9084782906129956
1789031127524631800,35.9426318359375,0.9479542928833518,-16.237327190619702,-3.081337390490621
1789031127534635800,35.9526357421875,1.1284171699523926,-14.080150325775147,-3.1606448820918795
1789031127544638700,35.962638671875,1.3353659759521483,-11.368567892566322,-2.2014684265136717
1789031127554642700,35.972642578125,1.5668552759032695,-10.067168483623862,-1.548450069836527
1789031127564646000,35.98264599609375,2.0672434228759258,-9.665241879925132,-1.917007195635885
1789031127574649600,35.99264965820313,1.5289971082825213,-9.12819310455322,-2.817825570269674
1789031127584652500,36.00265258789062,0.5158007470946758,-8.584260414886474,-3.037793286187947
1789031127594656800,36.01265673828125,0.742052950109914,-8.482956926184892,-1.9452891411378979
1789031127604659700,36.02265966796875,0.7043441278319804,-9.018209465789795,-0.6411966937191784
1789031127614663700,36.03266357421875,-0.05476758217178279,-10.356118111962079,0.07706365819722416
1789031127624666600,36.04266650390625,-0.4548983884949238,-11.757923768505453,-0.12629428370371465
1789031127634669800,36.052669921875,-0.7044939115662128,-11.928061139458416,-1.2825431711725894
1789031127644673500,36.06267358398438,-0.5156512556213886,-10.426897867584229,-1.9931727359496056
1789031127654676700,36.0726767578125,0.2448071197509767,-8.800786612048743,-2.0685902343750002
1789031127664680700,36.0826806640625,1.375319362286478,-7.701848634558915,-2.010380914251506
1789031127674683600,36.09268359375,2.2875101948060093,-6.953960475489496,-1.9003982984013854
1789031127684687600,36.1026875,2.533813471398875,-6.452074198913574,-1.7518078656069933
1789031127694690800,36.11269091796875,2.0020015007019043,-6.445788250511885,-1.497871682982892
1789031127704694800,36.12269482421875,0.7680898200988768,-6.770953686091303,-1.4628577988773586
1789031127714697500,36.13269750976563,-0.43035782147832224,-6.974308851513266,-2.2656629585266113
1789031127724701700,36.14270166015625,-0.06838438491821286,-7.1677908576965335,-2.348561606487632
1789031127734704600,36.15270458984375,0.5213374114990235,-7.786692571368812,-1.4015057968139648
1789031127744708900,36.162708984375,0.38142625198364255,-9.260324862238763,-0.6449388028569523
1789031127754711600,36.172711669921874,-0.16534955215454106,-11.550526634216308,-0.6106714993350204
1789031127764715800,36.1827158203125,-0.6007949060302228,-13.621660707855224,-1.3310267777040599
1789031127774718700,36.19271875,-1.1623848329406234,-14.34560801936686,-2.5338133983336393
1789031127784722700,36.20272265625,-0.7966708216127009,-13.219732350590823,-3.3940793978266415
1789031127794725600,36.2127255859375,0.4321533265929669,-11.434856181988119,-3.3854005629390476
1789031127804729600,36.2227294921875,1.904437783050537,-9.655966102057693,-2.8529911378055806
1789031127814733000,36.23273315429688,2.456750178527832,-8.003218768531084,-2.6563676187261938
1789031127824736800,36.24273681640625,2.587832755954005,-7.3299974356502275,-2.444329965154827
1789031127834740000,36.252739990234375,2.488772698797658,-8.200589014324546,-2.113780206188559
1789031127844743000,36.26274291992188,1.4824596673827617,-9.80634897122681,-2.5884303930535912
1789031127854747000,36.27274682617188,-0.7665934075286609,-10.863988723644614,-3.5229172285333274
1789031127864749800,36.28274975585938,-1.0685620919158683,-11.650336084967853,-3.724480834363401
1789031127874754000,36.29275415039063,-0.49111054247431457,-11.531821933746338,-3.7624882011964917
1789031127884757000,36.30275708007812,0.2615665313720703,-9.563490062934163,-3.9502833939149977
1789031127894761000,36.31276098632812,1.3573625941069796,-7.507019305419922,-2.9358897857666015
1789031127904764000,36.32276391601562,1.937358055877685,-7.037606726947427,-2.0281874968379734
1789031127914768000,36.33276782226562,1.084723026187159,-6.747757519420982,-2.685545490154624
1789031127924770800,36.342770751953125,0.45205516442563365,-6.133646547156571,-3.331980522918701
1789031127934774800,36.35277490234375,0.9772832449539564,-7.374589441570636,-2.0310303190484635
1789031127944778000,36.36277807617188,0.16654661645200108,-9.662849431830644,-1.5192708832338453
1789031127954782000,36.37278198242188,-0.15442602534638716,-9.81772552076578,-2.346767124286294
1789031127964785000,36.38278491210937,0.896927778669726,-8.954612315148115,-2.0926813040584324
1789031127974788900,36.39278881835938,0.7255927588974126,-8.531886084526777,-1.7702128524780265
1789031127984792000,36.4027919921875,0.12360069723818459,-8.163927801403403,-2.658760359081626
1789031127994796000,36.41279614257813,0.1756745833465829,-8.462454820904135,-3.476978776440024
1789031128004799000,36.422799072265626,0.1672948684028814,-10.48196450576782,-2.1067469465509063
1789031128014803000,36.432802978515625,0.2905962447677738,-10.531646528303622,-1.5304937035158275
1789031128024806100,36.44280615234375,0.9657611311981453,-9.533858894780279,-1.9397519652768969
1789031128034809900,36.452809814453126,0.6980594078395748,-9.862014744347334,-2.1065978934690355
1789031128044812800,36.46281274414063,-0.5615899086440914,-9.857375978630781,-3.1896742849603292
1789031128054816000,36.47281591796875,-0.4150947984529135,-7.764844896697999,-4.771344633483887
1789031128064820000,36.48282006835937,0.6142623759919253,-6.547243130382893,-4.43076944732666
1789031128074823000,36.49282299804688,0.4947018677974352,-8.347683363342284,-2.2786814300537115
1789031128084827000,36.50282690429688,-0.1292869033481692,-10.478224734717605,-1.2963114381536838
1789031128094830000,36.512830078125,-0.5047276968471937,-12.152371414625645,-1.3826526277840134
1789031128104833800,36.522833740234375,-0.9919477118561042,-13.04331136932373,-2.3642738471433518
1789031128114837000,36.5328369140625,-1.406743021614011,-11.488874772423506,-3.9221512321472165
1789031128124841000,36.54284106445313,-0.6982089769446757,-8.440008595818279,-4.654476788164676
1789031128134844000,36.55284399414062,0.38786079680947594,-6.655730393108724,-4.235342736816406
1789031128144848000,36.56284790039062,0.7312791157044471,-6.402094654735922,-3.082683398272097
1789031128154851000,36.57285107421875,0.609623597717285,-6.719626234436035,-2.266710129491985
1789031128164855000,36.58285498046875,0.636109581446927,-8.310123740276694,-1.5456065169736741
1789031128174857700,36.592857666015625,0.4752490660736337,-10.51548332901001,-1.339255969128013
1789031128184862000,36.60286206054688,-0.8420107598235831,-11.726499287194013,-2.1906936422601344
1789031128194865000,36.61286499023438,-2.1868037586821245,-11.247209457829591,-3.3039979987546797
1789031128204869000,36.622869140625,-1.5264532690186052,-9.753229375457764,-3.8477816353395577
1789031128214871800,36.63287182617187,0.23373379094228142,-8.278103046637773,-3.4518408280521626
1789031128224876000,36.6428759765625,1.38848723395532,-7.706784921917319,-2.7684450148984787
1789031128234879000,36.65287890625,2.070236174951121,-8.10078248618245,-2.243366663305462
1789031128244882000,36.6628818359375,1.8957588020324705,-8.912116404724118,-2.0646999489381908
1789031128254886000,36.672885986328126,0.8158241061003879,-9.398738476672767,-2.325069087219238
1789031128264889000,36.68288916015625,-0.1545757177490741,-9.56992389537394,-2.5742156974792483
1789031128274893000,36.69289306640625,-0.2914939607924781,-9.81218542229533,-2.5824460579469792
1789031128284896000,36.70289599609375,-0.12330144029697399,-10.021080686187744,-2.5369559341430663
1789031128294900000,36.71289990234375,-0.49350483546601603,-10.359112033081054,-2.308309091076254
1789031128304903000,36.72290283203125,-0.9802758874312973,-11.07123738937378,-1.914164227294922
1789031128314907000,36.73290698242187,-1.0389338463714346,-11.80910041351318,-1.7696137175410986
1789031128324909800,36.742909912109376,-0.6946177018539047,-12.303652109417317,-2.229001599474996
1789031128334914000,36.7529140625,-0.4605845078399404,-12.55683835045695,-2.990955839428305
1789031128344916700,36.76291674804688,-0.1481411181243136,-12.267289587181804,-3.4308903944820166
1789031128354921000,36.7729208984375,0.2267009148971178,-11.099071152716874,-3.676745561981201
1789031128364924000,36.782923828125,0.32127184394067154,-9.585037877875566,-3.7140059098392726
1789031128374928000,36.79292797851563,0.3506008873428218,-8.276605501556396,-3.6948515659056596
1789031128384930800,36.80293090820312,0.36646247334135695,-7.412150233680009,-3.4771289985656737
1789031128394934800,36.81293481445312,-0.1279401329482906,-7.3739908911556,-2.952051085364073
1789031128404938000,36.82293798828125,-0.7802103746718725,-8.438361997655035,-2.334945315197855
1789031128414942000,36.83294189453125,-1.0456675933395512,-10.098294858771562,-2.03641873408854
1789031128424945000,36.84294482421875,-0.7921815108368172,-10.90962877731323,-2.2943935245789584
1789031128434947800,36.85294775390625,-0.342819768479932,-10.36794006718099,-2.0697879197269677
1789031128444952000,36.8629521484375,-0.04833296428071329,-9.368361458587646,-1.6219224255435167
1789031128454954800,36.87295483398437,-0.0950198783874512,-8.756941625103352,-1.8742104025691748
1789031128464959000,36.882958984375,0.4593873978767079,-7.9921455858528585,-1.9280805244445802
1789031128474962000,36.8929619140625,1.0333973098312503,-7.28480687931478,-1.3804071869447823
1789031128484966100,36.902966064453125,0.9513959669029806,-7.190684826549887,-0.7356177294306454
1789031128494968800,36.91296875,0.8858546599235853,-6.99705435180664,-0.7763195960447191
1789031128504973000,36.92297314453125,1.0036193673175529,-6.77424337528646,-1.0963942843563856
1789031128514976000,36.93297607421875,0.7050923637998407,-7.493851780810952,-1.1484690472476182
1789031128524979700,36.94297973632813,0.5086182083295773,-9.258527457427977,-1.0137944732114672
1789031128534983000,36.95298291015625,1.5096938756638205,-11.774982455334065,-0.39833515507802364
1789031128544987000,36.96298681640625,1.306186624952685,-14.562281516045331,-0.48452641484364833
1789031128554990000,36.972989990234375,-0.7683890587737783,-16.655561370518804,-1.8067238432735204
1789031128564993800,36.98299389648437,-1.5328876494476569,-16.29299237921834,-3.507206010790914
1789031128574997000,36.9929970703125,-0.12569551409296686,-12.839503783959147,-3.7443811743587245
1789031128585000000,37.003,0.6603507271255364,-9.536253096440433,-3.689613519121706
1789031128595004000,37.01300390625,0.9593266411712392,-7.420228326195478,-3.792415575817972
1789031128605006800,37.0230068359375,1.4523825090270488,-6.235998668128252,-3.567510841888934
1789031128615011000,37.03301098632812,1.9195511992965826,-6.339844827049971,-2.8305441820673645
1789031128625013800,37.043013671875,1.7570447068145498,-7.46317490299642,-2.1823142287105317
1789031128635018000,37.05301806640625,0.7230489013671875,-8.69529151687622,-1.722927661950886
1789031128645021000,37.06302099609375,-0.9683048608642071,-9.349507120513916,-1.3501796603329475
1789031128655025000,37.07302490234375,-1.2605471740722656,-9.634714639714359,-0.8949817774347961
1789031128665027800,37.08302783203125,-1.0178350173065438,-9.594463293346763,-0.8830119381777946
1789031128675031800,37.09303173828125,-0.6341641647338868,-9.409511799621583,-0.8497915133602916
1789031128685035000,37.10303491210937,-0.11566986770629878,-9.550172316199541,-0.5273236463017763
1789031128695039000,37.1130390625,0.32531215057373053,-9.569922726330162,-0.646734015710652
1789031128705042000,37.1230419921875,0.3616740517547354,-8.543708624267579,-1.4815617686949674
1789031128715046000,37.1330458984375,0.4783914192199707,-7.074117133221032,-2.3213281471252443
1789031128725049000,37.143049072265626,1.138442962469533,-6.425140599280595,-2.5444379604615275
1789031128735052800,37.153052734375,1.6077064147949218,-6.488136276897787,-2.347365382440388
1789031128745056000,37.16305590820313,1.7604864447662605,-7.4232222473144525,-1.6754922492980953
1789031128755059000,37.17305883789062,1.6335936837127432,-9.896880890545248,-0.3655645198546351
1789031128765063200,37.18306323242187,0.47061022729184476,-13.546092548912764,0.2268513379521666
1789031128775065900,37.19306591796875,-2.1019596757417545,-16.607078786900637,-1.3280330027155578
1789031128785069800,37.20306982421875,-3.646818041229248,-17.585409440281985,-3.7270237968444824
1789031128795073000,37.21307299804688,-2.156726856054738,-16.03770828911662,-4.620359999029338
1789031128805076700,37.22307666015625,-0.19812022391054784,-12.598138329094645,-3.9249937620967623
1789031128815079400,37.233079345703125,1.3205518166473136,-8.966882014134525,-3.17351371601522
1789031128825083400,37.24308349609375,3.185934075518697,-6.778136291071775,-3.136105776380002
1789031128835086600,37.25308666992188,4.351610972274654,-5.967995381706953,-3.444059088134765
1789031128845090600,37.26309057617188,4.038120228930563,-5.824045175933836,-3.8180034599304196
1789031128855093500,37.27309350585937,1.9686322419982405,-6.556072333526611,-3.5500028038576246
1789031128865097500,37.28309741210938,0.5892728470733389,-8.404096155437827,-2.9641710006162523
1789031128875100700,37.2931005859375,-0.5633856512207538,-9.97873207527995,-3.7002386657714843
1789031128885104600,37.30310473632812,-1.6320973442077638,-9.813533329772948,-4.454262258855998
1789031128895107600,37.313107666015625,-1.2892776853256858,-8.91271437061727,-4.115931636755168
1789031128905110500,37.32311059570313,-0.7291840613876468,-7.940521197077631,-3.7452795845031734
1789031128915114800,37.33311474609375,-0.1075894919021986,-6.533027558025717,-3.813065711267292
1789031128925117400,37.34311743164063,1.0676642114943824,-6.784570123511552,-2.0849007331848144
1789031128935121700,37.35312158203125,1.0531494004623032,-9.263614551433921,-0.957231166729331
1789031128945124600,37.36312451171875,-0.2216132729019038,-10.232817310985922,-2.5472800520196555
1789031128955128600,37.37312866210937,-0.2751835898468271,-8.750955536431075,-3.469497188512981
1789031128965131500,37.38313159179688,0.7442974593673831,-8.467393446350096,-2.516605220031738
1789031128975135500,37.39313549804688,0.659452883236669,-8.928728516829013,-2.3867203644901513
1789031128985138700,37.403138671875,0.49380403760829933,-7.907152011439203,-3.564816634368896
1789031128995142400,37.413142333984375,1.1941079684050753,-7.753025279566647,-3.4902979844793673
1789031129005145600,37.4231455078125,0.8879494448123266,-9.661351886749268,-2.67222803568095
1789031129015149600,37.43314965820313,0.2834136123878415,-11.829749233788252,-2.1667525024414065
1789031129025152500,37.44315258789062,0.0405517495197011,-13.250558281487226,-2.3178864822387686
1789031129035156500,37.45315649414062,-0.3541922286489629,-11.966517419102788,-4.305073567907511
1789031129045159700,37.46315966796875,0.45205528915027526,-7.498937121251226,-6.8415802969783535
1789031129055162600,37.47316259765625,1.3055879969058326,-5.9262488283455355,-4.668543891961872
1789031129065166600,37.48316650390625,0.6192005059642542,-9.292792715123294,-0.8072939955011011
1789031129075169500,37.49316943359375,-0.4700116038115694,-10.802786943706868,-2.553714468981325
1789031129085173500,37.50317358398438,0.14918873204768168,-8.6328926361084,-4.827608664758503
1789031129095176400,37.51317651367187,0.7721298938364954,-8.19595200217366,-3.5666125778749582
1789031129105180400,37.52318041992187,0.0788589897819329,-8.805873706054687,-2.5604484534114595
1789031129115183600,37.53318359375,-0.7504326559204608,-7.746887799724937,-3.3331779160097237
1789031129125187600,37.5431875,-0.4517558526854961,-7.082497423553467,-2.9650688262388107
1789031129135190500,37.5531904296875,0.1776198356628418,-8.814253411865234,-1.529595877893269
1789031129145194500,37.563194580078125,-0.534355883026123,-10.202141602215171,-1.5586249885007737
1789031129155197700,37.57319775390625,-1.0461164513519032,-9.955389778137206,-2.391508475549519
1789031129165201700,37.58320166015625,-0.411503264208883,-9.684544546288253,-2.1350284536615014
1789031129175204600,37.59320458984375,-0.38292262802124016,-9.407565341728924,-2.164054933920503
1789031129185207600,37.60320751953125,-0.5496189368759281,-8.771157781982422,-2.5522189697265625
1789031129195211800,37.613211669921874,-0.1735796568939463,-8.236952705603837,-2.778321681268513
1789031129205214500,37.62321435546875,0.7062895628113296,-8.356810088127851,-2.665194776043296
1789031129215218400,37.633218505859375,0.6994061234405263,-8.54775000861287,-2.4931127007633447
1789031129225221600,37.6432216796875,0.11492157008964571,-9.250148920661212,-2.214936687634885
1789031129235225600,37.6532255859375,-0.1915362241440453,-10.542718541938068,-2.1896470558166503
1789031129245228500,37.663228515625,-0.5608418667557649,-11.509676152911783,-2.7091888160705566
1789031129255232500,37.673232421875,-0.8807670453278347,-11.564444100409748,-3.507954929462075
1789031129265235700,37.68323559570312,-0.24809909223476412,-11.440093498119712,-4.015525389154255
1789031129275239400,37.69323950195312,0.7866448646987788,-11.650186447364092,-3.99352807687968
1789031129285242600,37.70324267578125,0.9485527884994632,-11.857730881169438,-3.842394389343262
1789031129295246600,37.71324658203125,0.29718027193373997,-11.83708206089437,-3.8542160523012274
1789031129305249500,37.72324951171875,0.1749263953277841,-11.515510850414632,-4.041861169024557
1789031129315253500,37.73325341796875,0.6208464088661131,-10.804284488788248,-4.263624243927001
1789031129325256700,37.74325659179687,0.8066963561182259,-9.928453840416669,-4.105307951410115
1789031129335259600,37.753259765625,0.6244377347600558,-9.183709824591874,-3.569006341143697
1789031129345263400,37.76326342773437,0.7308299745643045,-8.776396851679683,-2.991555412756652
1789031129355266600,37.7732666015625,0.9566332465019542,-8.531138481029867,-2.3520034175045788
1789031129365270500,37.7832705078125,1.0018237845710944,-8.386737024357913,-1.7326538139343262
1789031129375273500,37.7932734375,0.8538321487869136,-8.22288384824097,-1.4643525674797593
1789031129385277400,37.80327734375,0.7311293319702148,-7.971194567760826,-1.326687433325499
1789031129395280600,37.81328076171875,0.5638344727004878,-7.693766450390221,-1.158194760839641
1789031129405284600,37.82328466796875,0.6015431305816397,-7.5041761909484865,-1.1599905582152306
1789031129415287600,37.83328759765625,0.6895300415923817,-7.501782573810219,-1.3985133369997143
1789031129425291500,37.84329150390625,0.6422445588042959,-7.470359261542557,-1.5542860825136302
1789031129435294700,37.853294677734375,0.39070378341674805,-7.493550752037761,-1.4662990253724155
1789031129445297400,37.86329736328125,-0.13257891693115226,-7.80779030445516,-1.1421832449764013
1789031129455301600,37.87330151367188,-0.7293336441924796,-8.429984045410155,-0.8939351909913122
1789031129465304600,37.8833046875,-0.7595604766845702,-8.957306961059569,-1.3531731430605052
1789031129475308500,37.89330859375,-0.5596446745941415,-9.32047742538452,-1.9406506676822899
1789031129485311500,37.9033115234375,-0.18106146401669831,-9.805752174377442,-1.8335094127379357
1789031129495315500,37.9133154296875,0.40192653063349437,-10.279504243358971,-1.166424829046428
1789031129505318700,37.923318603515625,0.3163338943481445,-10.942400581580397,-0.5542578304566441
1789031129515322400,37.933322265625,-0.185700266265869,-11.948563829261063,-0.628627573394775
1789031129525325600,37.94332568359375,-0.07930792999267577,-12.510453031378983,-1.5812202666684985
1789031129535329500,37.95332958984375,0.770483948693797,-12.451343839806318,-2.8440121509276333
1789031129545332700,37.96333276367187,1.5619173080444335,-12.553397854614257,-3.024474662670493
1789031129555336400,37.97333642578125,1.4241012211121618,-12.496686956354974,-2.4148522339969873
1789031129565339600,37.98333959960937,1.14517650850825,-11.53750757816732,-2.0884923279359935
1789031129575343600,37.99334350585937,1.1397896278381348,-10.315566905865074,-2.5616467232853175
1789031129585346600,38.0033466796875,0.899321925530955,-9.613616322106122,-3.3997662112914027
1789031129595349500,38.013349609375,1.3376104669433087,-9.641001172637937,-3.5060093483522534
1789031129605353500,38.023353515625,2.180369378253072,-10.15096495720744,-2.6478371062681076
1789031129615356400,38.0333564453125,1.3407529296875,-10.886135673522949,-1.73190518752411
1789031129625360400,38.0433603515625,0.05087663914784779,-10.642674123162031,-1.8201922505252062
1789031129635363600,38.05336352539062,-0.2606687788147478,-8.969726882171628,-2.4158994049623606
1789031129645367600,38.06336743164063,-0.011222820281982404,-7.546223773083087,-2.352601821789145
1789031129655370500,38.07337060546875,0.12060783556513477,-6.508187715801595,-2.1350293304443357
1789031129665374500,38.08337451171875,0.18225852831415823,-5.88015869282186,-2.030432353155315
1789031129675377700,38.09337768554688,0.33084859578236925,-5.991487900975347,-1.644218136242777
1789031129685381600,38.10338159179688,0.33563714523315424,-6.88841745147705,-1.2479776153564455
1789031129695384600,38.11338452148438,0.179265776238963,-7.875427085876465,-1.1700168621890246
1789031129705388500,38.123388427734376,-0.16011238215342172,-8.410380350273847,-1.3271362000063065
1789031129715391700,38.13339184570312,-0.1616085389953109,-8.89401142371297,-1.12856666142568
1789031129725394400,38.14339453125,0.02289462644048046,-9.339482570105792,-0.7228997021548451
1789031129735398700,38.153398681640624,0.4649239618163554,-9.435248882946372,-0.6648398735046386
1789031129745401600,38.163401611328126,0.7263410017151386,-9.457996136805413,-0.8336318211980162
1789031129755405600,38.173405517578125,0.7956231391906737,-9.88924995727539,-0.7730280071534217
1789031129765408500,38.18340844726563,0.7347207075256852,-10.877457277026771,-0.6857894302919507
1789031129775412500,38.19341259765625,0.7267899145264178,-12.108676065284016,-0.9515458145692944
1789031129785415700,38.20341577148437,0.6525695169311017,-12.688070528954267,-1.7254704783014954
1789031129795419400,38.21341943359375,0.44861353607177734,-11.956044540405273,-2.7299882968626914
1789031129805422600,38.223422607421874,0.46986222193613625,-10.569952585822344,-3.2704800522953272
1789031129815426800,38.2334267578125,0.627580110168457,-10.193613427844642,-3.1724669834412635
1789031129825430000,38.24342993164063,0.9008182285033168,-11.578956609886884,-2.527828332574665
1789031129835432700,38.2534326171875,0.31034831713251787,-13.811400020378827,-2.255188618524372
1789031129845437000,38.26343701171875,-0.32411512280888843,-15.56500368336141,-2.6924296967104078
1789031129855440000,38.27343994140625,-0.6239888076782226,-15.27665377448201,-3.2438445588260887
1789031129865443600,38.28344360351562,-0.1062426256041975,-12.560131546783445,-3.4404674933835864
1789031129875446800,38.29344677734375,0.21263488881215453,-9.291894889500739,-3.735702339471131
1789031129885450800,38.30345068359375,0.4611830947875977,-6.507889609637855,-4.138527207183838
1789031129895454000,38.31345385742188,1.537376741027832,-4.848109893256427,-4.165911180932819
1789031129905457700,38.32345776367188,2.8336873754639176,-5.148580448040366,-2.8814214057371017
1789031129915460900,38.3334609375,2.650231454058736,-7.582287020111083,-1.7410329352229832
1789031129925464800,38.34346484375,0.356885684967041,-10.109966591864826,-1.800888561248779
1789031129935467800,38.3534677734375,-1.1206360145568848,-11.180023342785239,-1.808070581707358
1789031129945470700,38.363470703125,-1.0338462043762204,-10.639830424168705,-1.8376997040346263
1789031129955475000,38.37347485351562,-0.8405144203186036,-8.180988241797682,-3.147029321454465
1789031129965477600,38.3834775390625,0.45968671875,-5.73276623764038,-3.064577832739055
1789031129975481900,38.39348193359375,3.2227449260435996,-6.265625744628907,-0.6627455315738917
1789031129985484800,38.40348486328125,2.504035734381154,-9.060107410320636,-0.06329641412943587
1789031129995488800,38.41348876953125,0.5090670549254864,-9.618554363030194,-1.7094596930906174
1789031130005491700,38.42349169921875,1.127070504583791,-8.034044114905596,-2.640655378070474
1789031130015495700,38.43349560546875,1.550245648016408,-6.536921058332919,-3.6435268907293676
1789031130025499000,38.44349877929688,1.1722610243866218,-4.987570970916748,-4.767902384075522
1789031130035502800,38.4535029296875,2.115875790228322,-5.319017678722739,-2.961177956280112
1789031130045505800,38.463505859375,1.8602947264740242,-10.538975263756514,0.234333072009683
1789031130055509800,38.473509765625,-0.7444470787048338,-15.85440222451091,0.27353812419474144
1789031130065513000,38.48351293945313,-2.451512825863622,-16.478841698566075,-3.142539024297893
1789031130075515600,38.493515625,-0.9407716513702644,-12.99722474093139,-7.642142938397825
1789031130085520000,38.50351977539062,0.6670844010284169,-8.553883981323244,-7.360822782024741
1789031130095522800,38.51352270507813,0.8028057807037605,-5.327400307142735,-3.8757647440254686
1789031130105527000,38.523527099609375,0.8686463446243666,-4.849005380791426,-0.37139965574890343
1789031130115529700,38.53352978515625,0.4568436042785644,-7.82664639609456,0.35374241850525134
1789031130125533700,38.54353369140625,-0.580893104730174,-9.834780700463057,-2.107046806280315
1789031130135537000,38.55353686523438,-0.47988781352387744,-9.748889884948731,-3.787627026367187
1789031130145540600,38.56354052734375,-0.1249473808730952,-9.44183469107747,-4.469376533618569
1789031130155543800,38.57354370117187,0.135571641606884,-8.846875578528643,-4.862025313623248
1789031130165547800,38.5835478515625,0.2922422995083266,-7.973738991546631,-3.952826356396079
1789031130175550700,38.59355078125,0.4945522918424684,-8.31236830433309,-2.3557442114681004
1789031130185553700,38.6035537109375,0.1271920613772119,-9.551216856816408,-1.6974886847898365
1789031130195558000,38.613557861328125,-0.5982511169986565,-9.655066522869467,-2.4534584435060616
1789031130205560800,38.62356079101563,-0.7977180565101559,-9.02090235813558,-2.744951911108196
1789031130215564800,38.633564697265626,-0.5455788037728052,-9.153034115821121,-2.230498121643067
1789031130225567700,38.64356762695313,-0.0817021407859866,-9.434351057323815,-2.4079683197021486
1789031130235572000,38.65357202148437,0.0700304442253429,-8.719382586559652,-2.6038439430236817
1789031130245574700,38.66357470703125,0.0796070499365684,-8.079235255762935,-1.8047794312074779
1789031130255579000,38.67357885742187,-0.2044049302032217,-8.30608352497518,-1.2177502348750828
1789031130265581800,38.683581787109375,-0.5873274851592256,-8.771605525749921,-1.365292619921267
1789031130275585800,38.693585693359374,-0.3594294968314933,-9.017311055645347,-1.9690809356138115
1789031130285588700,38.70358862304688,-0.3173813210418447,-9.495253562054039,-2.24411543584615
1789031130295592700,38.7135927734375,-0.1475427047065924,-10.338612850409746,-2.198625604303181
1789031130305596000,38.72359594726562,0.6590039658588125,-11.413310120612381,-2.0386625674925742
1789031130315598800,38.73359887695312,0.7659948787335111,-12.278214301300046,-1.928380384173989
1789031130325602800,38.74360278320312,0.083797012439696,-12.515689178466795,-2.281524982916564
1789031130335605800,38.75360571289063,1.0164881875411607,-12.008119595557451,-2.8814222825199365
1789031130345610000,38.76360986328125,2.364124520066846,-11.204565663367509,-3.311629808807373
1789031130355612700,38.77361279296875,2.509871600927785,-10.685021565026044,-3.540875056158751
1789031130365617000,38.78361694335938,1.7558476059844716,-10.587160325732826,-3.670460928753763
1789031130375619800,38.79361987304687,0.7592611832107417,-10.567706852722166,-3.764583419910073
1789031130385623800,38.80362377929688,-0.18225867444463079,-10.45667575073242,-3.755604579162598
1789031130395626800,38.81362670898437,-0.7032967376708986,-10.145728810119628,-3.6638768741883334
1789031130405630700,38.82363061523437,-0.35613746041562405,-9.623493572998045,-3.5095999201901256
1789031130415634000,38.833634033203126,0.3308487053802237,-9.085545802959802,-3.0472197245724493
1789031130425636900,38.84363696289063,0.5544072853973134,-8.43881383307576,-2.4372977284304795
1789031130435640800,38.85364086914063,0.28086978225708015,-7.8817112807124845,-2.078466170092672
1789031130445643800,38.86364379882812,-0.30915128936767583,-7.778312281036376,-1.8761559836789963
1789031130455647700,38.87364770507813,-0.6174047896454109,-7.982716663250326,-1.8776530903689561
1789031130465650700,38.88365063476562,-0.6358101783752439,-8.013541425102947,-2.3763943469174205
1789031130475655000,38.89365502929687,-0.6754641799042003,-7.726088172802326,-2.932597904614359
1789031130485657900,38.903657958984375,-0.5515642439911141,-7.253983286505935,-3.2025445801883934
1789031130495661800,38.91366186523437,-0.03157357092592872,-6.6849114794075515,-3.0063698277898134
1789031130505664800,38.92366479492188,0.7838017684936522,-6.319643750542401,-1.9580081913270055
1789031130515669000,38.9336689453125,1.1127052215576172,-6.7061588500976566,-0.5319612429745495
1789031130525671700,38.94367163085938,0.709282241821289,-7.718457239532469,0.029777590887248406
1789031130535675600,38.953675537109376,0.863109698486328,-8.879945488959553,-0.3139399849489335
1789031130545678800,38.96367895507812,1.1089643179962412,-9.857225756505132,-0.6497261832639576
1789031130555681800,38.973681884765625,0.7878419472625477,-10.465802475517986,-0.9609722529537975
1789031130565685800,38.98368579101562,1.1580454885620624,-10.496480522376299,-1.2412439231872558
1789031130575689000,38.99368896484375,1.4260463272979482,-11.140219740185142,-0.8171705157406627
1789031130585693000,39.00369287109375,1.627308904354833,-12.7437357175529,0.1994672180727124
1789031130595695600,39.01369555664063,1.821538550567627,-13.98842130562663,0.36212343949004966
1789031130605699800,39.02369995117188,1.5792752700805663,-14.024334915050863,-0.3106476654052732
1789031130615702800,39.03370288085937,1.5108908851623535,-12.779948602184653,-0.9736921799257394
1789031130625707000,39.04370703125,1.546654199395701,-11.008538064354656,-1.8049280458979307
1789031130635709700,39.05370971679688,2.1965304586548355,-10.357614487999676,-2.3728027521662414
1789031130645714000,39.0637138671875,2.811540863977,-11.635220933422445,-1.7417812693722545
1789031130655716900,39.073716796875,2.053776038537547,-13.79688575733602,-1.2714701346248387
1789031130665719800,39.0837197265625,0.20335750350952142,-14.349049099731445,-2.2544396998532115
1789031130675723800,39.09372387695313,-0.6150106245178728,-12.641833678436276,-2.5975587252743537
1789031130685727000,39.10372705078125,-0.3899555953979491,-10.245089348059892,-2.423380700628459
1789031130695731000,39.11373095703125,0.08364742050170892,-8.303390048107504,-2.4952071888245637
1789031130705734000,39.12373388671875,1.357961254119873,-7.321918758612869,-1.7236757038392125
1789031130715737900,39.13373779296875,1.7111059989929198,-7.245451605004073,-0.6129151866085825
1789031130725740800,39.14374072265625,1.0723030685424804,-7.5953066606819615,-0.6628950230471788
1789031130735744800,39.15374487304688,-0.4183867401123046,-7.513005978614091,-1.632696040753275
1789031130745747700,39.16374780273438,-0.763002214636281,-6.8526552332222455,-2.0913355885379015
1789031130755752000,39.173751953125,-0.42257655648495995,-6.155343415179846,-1.9731210047848522
1789031130765754600,39.18375463867188,-0.13646953116152438,-5.69461040224731,-1.940949796759337
1789031130775758800,39.1937587890625,0.4707598648956046,-5.6911669837951635,-1.5819688930787148
1789031130785761800,39.20376171875,0.801758244412206,-6.242282278442383,-0.9400231345579028
1789031130795765000,39.213764892578126,0.6804021477630361,-7.33553402698934,-0.4801867782041429
1789031130805768700,39.223768798828125,0.12853866509702055,-8.665962546539305,-0.5756563000552355
1789031130815771000,39.23377099609375,-0.49530050497744227,-9.97708723068237,-1.265036448315531
1789031130825774800,39.24377490234375,-0.6486790488312021,-11.38861991599202,-2.006341575732827
1789031130835777800,39.25377783203125,-0.45534722824096674,-12.863596607208251,-2.8235116530820727
1789031130845781800,39.26378173828125,-0.0778115539550781,-14.3382775303483,-3.03569835973531
1789031130855785000,39.27378491210938,0.2340331757476553,-15.171307147869463,-2.582296274212748
1789031130865788700,39.28378857421875,0.6016928047180174,-14.672266908374429,-2.576609606878459
1789031130875792000,39.2937919921875,1.2738649573395027,-12.867635653465985,-3.4659061782836913
1789031130885794800,39.303794921875,1.777844297204539,-10.931025201085209,-3.8874342851616444
1789031130895799000,39.31379907226562,2.2252607689788566,-9.856180046844484,-3.4703950141355393
1789031130905801700,39.3238017578125,2.42382997876592,-9.996989031982421,-2.355146245574951
1789031130915805700,39.3338056640625,2.603245465673879,-11.25648815830648,-1.7453727179929612
1789031130925809000,39.34380883789063,1.886481270599365,-12.075008188959957,-2.2505501450687646
1789031130935812600,39.3538125,0.1764227713653818,-11.157277842491865,-3.273321705462038
1789031130945815800,39.36381591796875,-0.8300398245880379,-9.169941996002198,-4.00894162684977
1789031130955819800,39.37381982421875,-0.0321720848083496,-7.907300479999182,-3.325396760614216
1789031130965822700,39.38382275390625,1.4291888265747577,-7.898770552062988,-2.1498428686946625
1789031130975826700,39.39382666015625,1.2532148949554187,-8.922441399383546,-1.4790186600834128
1789031130985830000,39.403829833984375,0.2685994987487793,-9.49914589331746,-1.6425719764709472
1789031130995832800,39.41383276367188,0.2458545829772949,-8.494179746466877,-2.2861638947635887
1789031131005836800,39.4238369140625,0.7709328980376944,-7.176919920569658,-1.9764143472418187
1789031131015839700,39.43383984375,0.9558849762847645,-6.086061789160966,-1.8381483245849608
1789031131025844000,39.44384399414062,1.106420478732325,-4.84750900475383,-2.4756042243406173
1789031131035846700,39.4538466796875,1.7170915396759285,-5.289839515033363,-1.441159761810303
1789031131045851000,39.46385083007812,0.951096536431834,-8.24817435684204,0.007631225530802865
1789031131055853800,39.473853759765625,-0.241814294610545,-10.59164711575806,-0.5208876219049094
1789031131065857800,39.48385791015625,-0.09965860757138578,-11.03801784133911,-1.7723080711916088
1789031131075860700,39.49386083984375,-0.145597388458252,-11.030984289440513,-3.031507337786257
1789031131085864700,39.50386474609375,-0.5385457359313963,-10.059836825561522,-3.972578812353313
1789031131095868000,39.51386791992188,0.5460275795867666,-8.774449809265137,-3.385101579992473
1789031131105870800,39.523870849609374,1.0027216558594256,-9.890148951941729,-1.5444097084045414
1789031131115874800,39.53387475585937,0.06344641705937687,-11.305421408301592,-1.101332763671875
1789031131125877800,39.54387768554688,-0.19886837539672847,-10.0487636428833,-2.416048458044231
1789031131135882000,39.553882080078125,0.6099228729248046,-7.621192212566733,-3.9441476676389575
1789031131145884700,39.563884765625,0.4797380845885723,-7.767389320483804,-3.5582331643253564
1789031131155889000,39.573888916015626,-0.40177692956235256,-8.456621876966953,-3.084331165479123
1789031131165891800,39.58389184570313,0.45789106750488273,-10.019733947753906,-2.6728265860959883
1789031131175895800,39.59389575195313,0.6896797157287597,-12.045828271704911,-2.9984385963991285
1789031131185898800,39.60389868164062,0.4658218605041503,-10.890923492321372,-3.788075354656577
1789031131195902000,39.61390185546875,1.2111667282989247,-8.151209189605712,-3.6037218268245463
1789031131205906000,39.623906005859375,1.804779138946533,-7.297825935363768,-3.4671038636356593
1789031131215908900,39.63390893554688,1.0266635628631338,-9.202861099785565,-3.291278510174155
1789031131225912800,39.64391284179688,0.19273316057734186,-10.459368643078207,-3.1971564574092626
1789031131235915800,39.65391577148438,0.3330932694366202,-9.92112276687622,-2.9231711739689112
1789031131245919700,39.66391967773438,0.5511152946472168,-8.671500306922194,-2.754080097198486
1789031131255922700,39.67392260742187,0.13482344445493066,-6.207565185326337,-3.3340757416322826
1789031131265927000,39.68392700195312,0.754472725091502,-4.038867978557945,-3.2032921836853028
1789031131275929900,39.69392993164063,2.0413561539581044,-5.20319758889079,-1.87376178201884
1789031131285932800,39.70393286132813,1.2750620216369628,-9.119514123535152,-1.269824120983481
1789031131295936800,39.713936767578126,-1.3813047203063964,-11.12944524819255,-2.5282763686031102
1789031131305940000,39.72393994140625,-1.3982138060638678,-10.942997962951658,-2.9599817322328685
1789031131315943700,39.73394360351563,0.589871397488378,-11.509974843597409,-1.954715725652873
1789031131325947000,39.74394677734375,-0.11941084433291116,-11.565939307403566,-2.433407004602253
1789031131335950800,39.75395092773437,-0.8598177442688495,-8.605207925847173,-4.1316430006280545
1789031131345953800,39.76395385742188,1.107767217166163,-6.855198487964271,-3.056049366107583
1789031131355957800,39.77395776367187,1.760037458889745,-7.888146282196044,-1.6497548737123608
1789031131365961000,39.7839609375,-0.00269351340029389,-7.4438704830676325,-3.2507267195552583
1789031131375965000,39.79396484375,0.4951508673736826,-6.908620281550286,-3.6107562555059785
1789031131385967600,39.80396752929688,1.922992845916748,-9.485229596167802,-1.7100585357666016
1789031131395970800,39.813970703125,1.057937895114161,-12.226739550128578,-1.4420572951719164
1789031131405974800,39.82397485351562,-1.9384055556366215,-12.211625567626953,-3.063380731908977
1789031131415977700,39.833977783203125,-1.4927846985748037,-10.020331329125165,-4.755182895494997
1789031131425981700,39.84398168945312,1.131260320956446,-9.063848350414633,-4.592377767126262
1789031131435985000,39.85398486328125,1.531540874481201,-9.81847137069702,-3.3553239891052242
1789031131445988900,39.86398876953125,1.4342764320373536,-12.477082676696774,-1.2859858589723707
1789031131455991800,39.87399169921875,0.709282278353907,-14.731075071173906,-1.0365399735048413
1789031131465995800,39.88399584960938,-0.5301660301208493,-14.603433026123046,-2.526930506952107
1789031131475999000,39.8939990234375,-1.1471217973571268,-10.565013375854491,-5.047126152691244
1789031131486001700,39.90400170898437,0.5526117072174325,-6.651241264995932,-5.328444847759604
1789031131496006000,39.914005859375,2.688538826751709,-5.275623942676188,-3.979910762676596
1789031131506008800,39.9240087890625,3.422960222537257,-6.481103894042969,-2.581698162189126
1789031131516012800,39.9340126953125,1.5242086684295906,-9.301323227581383,-2.2322940651491283
1789031131526015700,39.944015625,-1.7004818021912123,-11.003749661034345,-3.813663384899497
1789031131536019700,39.95401977539063,-2.0064907018799336,-9.85857424850464,-6.264428351537883
1789031131546023000,39.96402294921875,1.0444705107757821,-8.304436926811933,-5.56427400354594
1789031131556026600,39.97402661132813,4.062960326883011,-10.657339777374267,-1.6303011084407568
1789031131566029800,39.98402978515625,1.8897732248168437,-14.139855145153403,-0.72170157841146
1789031131576033800,39.99403369140625,-1.2331636021820827,-13.561506975665687,-2.4037781745359297
1789031131586037000,40.004037109375,-1.1355997384002432,-9.38108007038534,-3.880851545770466
1789031131596039700,40.01403979492188,-0.350600942141749,-6.159383630481361,-3.7005385255008933
1789031131606044000,40.0240439453125,-0.48063598327636725,-3.6245220382690446,-3.3940804207399484
1789031131616046800,40.034046875,0.5627869912078602,-2.051233441382646,-3.386299849866331
1789031131626050800,40.04405078125,3.384652922909521,-3.5332430999755866,-1.7440259795591233
1789031131636053800,40.0540537109375,3.097348869821243,-8.481159521374106,0.0393546897888184
1789031131646057700,40.0640576171875,-1.6968904266357423,-11.695227366095782,-1.4094374665960672
1789031131656060700,40.074060791015626,-3.647416555111669,-10.979212016627194,-2.7480948853090403
1789031131666064000,40.08406396484375,-0.47794250640869146,-10.013597636955978,-1.402851950725913
1789031131676067800,40.09406787109375,0.7926303871154785,-9.962123470306398,-0.7106286879941819
1789031131686071000,40.104071044921874,0.5626373170714823,-9.68334686093628,-1.028459104510397
1789031131696074800,40.11407470703125,-1.4833575295379384,-8.016385708618163,-2.0495855280451476
1789031131706077700,40.12407763671875,-1.542763621697947,-5.608416804394127,-4.098424475506693
1789031131716082000,40.13408203125,1.7636288344452158,-5.15830747680664,-4.556016121673584
1789031131726084600,40.14408471679688,3.53204596261289,-9.37763899002075,-0.8536825294494628
1789031131736088800,40.1540888671875,0.9020154389312491,-16.62638262230754,1.1218331153869627
1789031131746091800,40.164091796875,-2.391059380075149,-20.951657558983563,-1.4148235435485839
1789031131756094700,40.1740947265625,-4.210502858059667,-19.321506672668455,-4.61287870336324
1789031131766098700,40.1840986328125,-1.6995837939055634,-12.917467898127436,-6.670994013214111
1789031131776102000,40.194101806640624,1.0549450699737295,-7.8160203726619475,-6.559513121630251
1789031131786105900,40.20410595703125,4.323778451040574,-6.882731807056068,-3.5511996124267577
1789031131796108800,40.21410888671875,3.5902551183396016,-10.398316500744224,-1.5215145705074071
1789031131806112800,40.22411279296875,-1.348982979627978,-14.177864850074052,-1.9605524689823388
1789031131816116000,40.23411596679688,-3.773261889471486,-12.98555242331624,-5.284003648486733
1789031131826120000,40.24411987304688,-1.737741492462158,-8.240541670006513,-6.060023969323932
1789031131836123000,40.25412280273437,1.2280758505890146,-4.771044773754477,-3.956267729021609
1789031131846127000,40.26412719726562,3.0457236407957966,-3.4151801996529096,-1.901744890704751
1789031131856129800,40.2741298828125,3.754407441799901,-3.377469185417892,-0.23732480117157095
1789031131866133000,40.28413305664063,3.612102080624364,-4.912751584514975,0.3889075476497412
1789031131876137000,40.29413696289063,2.1363761419434097,-7.192481062316895,-0.9952395564757286
1789031131886140000,40.30413989257813,-0.5699696692535654,-9.120412533679604,-3.7494701680608093
1789031131896144000,40.31414379882813,-2.323123761837743,-10.147226939722895,-5.3202163869880135
1789031131906147000,40.32414697265625,-1.3207016003815457,-8.787167836540934,-4.077475064849853
1789031131916151000,40.33415112304687,0.44292730712890627,-6.606499036949873,-2.003946935681254
1789031131926154000,40.344154052734375,1.3383586914947254,-5.327546437615156,-0.3428197502136232
1789031131936157000,40.35415698242188,1.5049054175445806,-4.50738214688599,0.6485298130862414
1789031131946161200,40.3641611328125,1.0675146652221679,-4.578611399841307,0.5776011505126952
1789031131956163800,40.37416381835938,0.756418050472997,-6.3923705485790965,-0.02289528402760599
1789031131966167800,40.38416772460938,1.0863689667632803,-9.620650458526612,-0.6738176913388072
1789031131976171000,40.3941708984375,-0.3366846815247089,-14.364311550793051,-1.801337327929586
1789031131986174700,40.4041748046875,-2.356193781866505,-19.15361152768433,-3.0755016700744626
1789031131996178000,40.414177978515625,-3.0475194747040044,-19.67031251155436,-3.7600934150144454
1789031132006182000,40.42418188476562,-0.4834790977478026,-16.108936957550046,-3.6560954265318806
1789031132016185000,40.43418505859375,2.008136496325582,-12.853721109881993,-2.9912556991577146
1789031132026188800,40.44418872070312,3.3084874921936542,-11.410465837097167,-3.727472271264344
1789031132036192000,40.45419189453125,3.040037411852926,-10.456076615795492,-4.683956565149128
1789031132046195000,40.46419482421875,2.7246014161925762,-9.486724218639731,-4.442739871105552
1789031132056199000,40.47419897460937,2.784306966223195,-8.624362708172201,-3.719391548400372
1789031132066201900,40.48420190429688,2.421585268579051,-7.910590169194339,-2.9083555898919697
1789031132076206000,40.4942060546875,1.6883611562866716,-7.463773453411459,-2.1951836471557615
1789031132086208800,40.504208740234375,0.9397240785460919,-7.254280223625898,-1.517026173046976
1789031132096212700,40.51421264648437,0.3368342460632324,-7.1324752141654475,-0.9074021369382739
1789031132106216000,40.5242158203125,-0.01107318267822266,-7.18948947928548,-0.8444052902773023
1789031132116219100,40.53421923828125,-0.009726444244384735,-7.594705772179364,-1.0751460368834438
1789031132126222800,40.54422290039062,0.22355858001708984,-8.12098180912435,-1.4882950224727391
1789031132136226000,40.55422607421875,0.027084333215281364,-8.571541803088783,-2.241121953118592
1789031132146230000,40.56422998046875,-0.6756138540405779,-9.233387755474448,-1.57358933339864
1789031132156233000,40.57423291015625,-1.8323123849730936,-9.678561380225418,-0.4321532535277304
1789031132166237000,40.58423681640625,-2.115875790228322,-9.143604608696698,-0.9911991950437424
1789031132176239900,40.59423999023438,-0.5059247383117674,-7.974038266754151,-1.377413558086753
1789031132186244000,40.604244140625,0.6934205827575177,-7.858666505211593,-1.3992613788880408
1789031132196246800,40.61424682617187,0.7465419320922346,-8.748561919292806,-1.4348745440609751
1789031132206250000,40.62425,0.3440167049132288,-9.989505982750654,-1.2440863070063295
1789031132216254000,40.63425390625,0.341922070721537,-10.939556882587075,-1.446097802734375
1789031132226257000,40.6442568359375,0.8300398611206562,-11.117476577979323,-2.445976709448546
1789031132236260900,40.6542607421875,1.5957354064941405,-10.377667680469155,-3.4557309673585
1789031132246264000,40.66426416015625,2.2963385211668905,-10.11939142281413,-3.5423708476744586
1789031132256268000,40.67426806640625,2.009034395013377,-11.146205828857422,-3.0270195248477165
1789031132266271000,40.68427099609375,1.316212216540426,-12.37383214558065,-2.6101281378597014
1789031132276275000,40.69427490234375,0.9605236324034632,-12.914770914128422,-1.9725218698479232
1789031132286278000,40.70427783203125,0.6386531467162071,-12.779499689373374,-1.486948576299846
1789031132296280800,40.71428076171875,0.7240965107239783,-12.095058458819986,-1.687463257598877
1789031132306284800,40.724284912109376,0.9871591258727014,-10.749815231975912,-2.761711761120707
1789031132316288000,40.7342880859375,1.4258967262268065,-9.599850247082115,-3.5800802544742822
1789031132326292000,40.7442919921875,1.8267758666992184,-9.28920316619873,-3.8865374824523924
1789031132336295000,40.754294921875,2.0902875407896935,-9.159017281883953,-4.208707243347168
1789031132346299000,40.764298828125,2.15792388381958,-8.473229312896729,-4.20062681274414
1789031132356302000,40.77430200195312,2.048239520263672,-7.799560236248373,-3.623923780114948
1789031132366305800,40.78430590820312,1.985840493365377,-7.546223188561202,-2.7226556158870454
1789031132376309000,40.79430908203125,1.7628806098937986,-7.744794626837969,-1.938107120679319
1789031132386313000,40.80431298828125,1.41093296585083,-8.198795116645098,-1.7378920068487522
1789031132396316200,40.81431616210938,0.9849145618163047,-8.698732012718915,-1.7616832168027758
1789031132406318800,40.82431884765625,0.6890811653137207,-8.928277265930177,-1.8478744765684008
1789031132416323000,40.83432299804687,0.7938274879455567,-8.710703021019695,-2.062754075567424
1789031132426326000,40.84432592773437,0.9075517745420335,-8.449584233415127,-2.322374733568728
1789031132436329700,40.85432983398437,1.2328642173767088,-8.767268373328447,-2.4485198180601
1789031132446333000,40.8643330078125,1.2000935821533203,-9.487022909325361,-2.389113689367473
1789031132456337000,40.8743369140625,1.1230302162170411,-9.624092123413087,-2.306514024353027
1789031132466339800,40.88433984375,0.8982745353698729,-8.771756916919347,-2.4414877274662254
1789031132476343800,40.89434375,1.1011831260681153,-7.92899734802246,-2.5263319565370677
1789031132486347000,40.90434692382812,1.4927847351074217,-8.04347128394246,-2.567033092498779
1789031132496350000,40.91434985351562,1.196801408740133,-9.254636295208334,-2.422332652880251
1789031132506354000,40.92435400390625,0.46522345621958383,-11.486332686725259,-1.7757503205999732
1789031132516356900,40.93435693359375,-0.37065234451293927,-14.65894799259603,-0.5689221694946291
1789031132526361000,40.944361083984376,-1.7983445758543903,-16.330101335906978,-0.6768108818054195
1789031132536363800,40.95436376953125,-2.2438155761167407,-14.132075743323563,-2.466177347564697
1789031132546368000,40.96436791992188,-0.4287117347717284,-11.150844594573975,-3.6385879730224606
1789031132556371000,40.97437084960937,1.5288475437439977,-9.27454160363972,-4.124162874005735
1789031132566375000,40.984375,3.0283659710206092,-8.817845883399249,-4.83284568862915
1789031132576377900,40.9943779296875,2.9638720176696776,-9.09706848297119,-4.886415366253257
1789031132586381000,41.00438110351563,1.7681178529601542,-9.0212016333431,-4.021210741314292
1789031132596385000,41.014385009765626,0.8810662109375003,-8.17185859440267,-3.8986575438350437
1789031132606388000,41.02438793945313,0.8590693370543421,-7.098506309068203,-4.02854298389852
1789031132616392000,41.03439184570313,1.4398128772459922,-6.769903300255537,-3.73181190790385
1789031132626395000,41.04439477539062,0.7817068420410156,-7.685687773352861,-3.8667861955389378
1789031132636399000,41.05439916992187,-0.5798456415038555,-7.389552617424726,-5.697900675964355
1789031132646401800,41.06440185546875,-0.3956417512755842,-5.436037207472323,-6.288521467047929
1789031132656406000,41.07440600585937,1.8754080148559065,-5.175215356987714,-3.117549836730957
1789031132666409000,41.08440893554688,2.519598118237406,-9.132534348627924,-0.9136880853399636
1789031132676412000,41.09441186523438,0.05132577115483583,-13.931712160933017,-2.348114447242022
1789031132686416000,41.104415771484376,-0.23448219815678895,-13.097030684551598,-5.3766281561702485
1789031132696419000,41.11441918945312,1.3617021211486309,-8.56899562573731,-5.530605250439047
1789031132706423000,41.12442309570312,1.8981529671600086,-4.693232050755619,-3.862594589067996
1789031132716426000,41.134426025390624,2.3707085563659667,-3.255518045485017,-2.245163191333413
1789031132726430000,41.14442993164062,2.8369793296813963,-5.014653039109705,-0.8261483335748316
1789031132736433200,41.15443310546875,1.7524059776306151,-9.897180165752767,-1.7375918548583986
1789031132746436900,41.16443676757813,0.3480570298125967,-13.157185001263022,-3.04183350148946
1789031132756439800,41.174439697265626,0.5460275795867666,-12.363206706669924,-3.952676426531374
1789031132766444000,41.18444409179688,1.0977414611816405,-8.97601107700765,-3.834314543262124
1789031132776446700,41.19444677734375,1.419312744726613,-6.929121217787266,-2.5074779107242824
1789031132786450000,41.204449951171874,0.9739911263396963,-8.01174811194539,-1.347936703711747
1789031132796454000,41.21445385742187,0.3064577577010727,-10.48974390759766,-1.2506705077022309
1789031132806457000,41.22445703125,-0.13093295808872207,-12.34929157856405,-1.767069878277183
1789031132816461300,41.23446142578125,-0.7311293319702147,-12.425607341003417,-2.923919069726765
1789031132826464500,41.24446459960937,-0.5463269095932134,-10.294468588256837,-4.046500373132527
1789031132836468200,41.25446826171875,0.7793126769134773,-7.833229281616211,-3.886238207244873
1789031132846471400,41.26447143554688,1.2243349652939477,-7.008575278252362,-2.8684029342100024
1789031132856475400,41.27447534179687,1.1969512050324527,-7.364414669036865,-2.4305630133479834
1789031132866478000,41.28447802734375,1.306037022739899,-7.69975195454061,-2.915539656177163
1789031132876481300,41.29448120117188,0.9285012103150484,-7.828142772132158,-3.2363629708990453
1789031132886485200,41.3044853515625,0.6408978751693852,-8.892812569317222,-2.7165210586547843
1789031132896488400,41.31448852539062,0.2186204568946269,-10.479721110755206,-2.294243740844726
1789031132906492200,41.3244921875,-0.6340145065805293,-10.957512810516358,-2.638409644970298
1789031132916495400,41.33449536132812,-1.2485761589216182,-10.315267630657553,-3.3435020338863133
1789031132926499300,41.34449926757812,-1.1098621025196043,-9.130287446483969,-3.7659295738220218
1789031132936502300,41.35450219726562,0.3489548257524031,-8.022821294623615,-3.569455984607339
1789031132946506200,41.36450634765625,2.2737433571635974,-7.154623333087562,-3.0313591614872215
1789031132956509400,41.37450952148438,2.497152285877196,-7.141902967724202,-2.5377032453790305
1789031132966513400,41.384513427734376,1.2138602782318366,-8.066213277104495,-2.2061068999692797
1789031132976516400,41.39451635742188,-0.007182623246777792,-9.311199309429526,-2.330754439379275
1789031132986519300,41.40451928710937,-0.7887398550834973,-10.27262149810791,-2.611775320544839
1789031132996523300,41.41452319335937,-0.8289923522285652,-10.687867017585038,-2.83428643733561
1789031133006526200,41.42452612304688,-0.1497872459301026,-10.661080717468261,-3.039588645172119
1789031133016530200,41.4345302734375,0.3142389678955077,-10.574889457702636,-3.031208647100627
1789031133026533400,41.44453344726563,-0.014065907353954396,-10.915313837212324,-2.6846485413148997
1789031133036537300,41.454537353515626,-0.1256956145576667,-11.709292716327308,-2.2797286010190847
1789031133046540300,41.46454028320313,0.8755296013320795,-11.819725852423907,-2.1721400406986473
1789031133056544300,41.47454418945313,1.5488987269194794,-11.1221141746521,-2.1000147156864406
1789031133066547500,41.48454736328125,0.9503483392798807,-10.063279659491776,-2.4996967553287743
1789031133076550100,41.49455004882813,0.8587701714446767,-9.008034108734131,-3.3023524235047397
1789031133086554400,41.504554443359375,1.081131659764843,-8.31072287521362,-3.594595102038979
1789031133096557300,41.51455737304688,0.4263175696441903,-8.219741458562016,-3.35951398814097
1789031133106561500,41.5245615234375,-0.9837176162498537,-9.263765942603348,-2.6719290527343746
1789031133116564200,41.53456420898438,-1.220593874502904,-10.946288821190596,-2.1881499491266907
1789031133126568200,41.54456811523438,-0.7751227144103497,-11.705699075749514,-2.7573712476983667
1789031133136571400,41.5545712890625,-0.5793968474235852,-10.969335350257156,-3.5583829480595885
1789031133146575000,41.5645751953125,0.0935234475509264,-9.488073295161128,-3.91975761500895
1789031133156578300,41.57457836914063,1.2548609085967763,-8.232013495635984,-3.504064059503376
1789031133166581500,41.58458154296875,2.0783167151520026,-7.992742967224121,-2.2740431027285752
1789031133176585200,41.594585205078126,1.659181750488281,-8.993369623565675,-1.421108030645549
1789031133186588200,41.60458813476563,0.7463923310210927,-10.41851757725179,-1.312621060180664
1789031133196592400,41.61459228515625,0.2133832777603529,-11.123908072331547,-1.7281639551691712
1789031133206595300,41.62459521484375,0.4809352219512686,-11.067945362091065,-2.223315808923542
1789031133216599300,41.63459936523437,1.3257891693115238,-10.668264491492506,-2.3651722572878
1789031133226602200,41.644602294921874,1.9235913597991687,-10.050558125084638,-1.9873365771420297
1789031133236606500,41.6546064453125,1.8831892798492684,-9.297133959197998,-1.4734813380919394
1789031133246609200,41.664609130859375,1.3717279136657714,-9.097367758178711,-1.3108257011964917
1789031133256613400,41.67461328125,0.739808276455663,-9.669283264270424,-1.4567228032536805
1789031133266616300,41.6846162109375,0.22580314407348628,-10.401758750152586,-1.3968671772278842
1789031133276619300,41.69461938476562,-0.2956839050292968,-11.029936241692303,-1.1988958968013526
1789031133286623200,41.70462329101562,-0.5618892021179197,-11.11463346350789,-1.3851951518736778
1789031133296626400,41.71462646484375,0.16998828133847566,-9.725096336907148,-1.8706191000789405
1789031133306630400,41.72463037109375,0.9904512627532704,-7.760953149956463,-1.8341076708920305
1789031133316633300,41.73463330078125,1.3711293632507324,-6.988674061474205,-0.9995796315066513
1789031133326637300,41.74463720703125,1.2349590707641096,-7.502679230388999,-0.5406402239926158
1789031133336640300,41.75464013671875,0.6280289499145002,-8.253560141533612,-1.039831562396139
1789031133346644500,41.76464453125,-0.3633201749939472,-8.085966609844565,-2.11482840006724
1789031133356647200,41.77464721679687,-0.5397428367614745,-7.566574487194417,-2.5462336117066444
1789031133366651400,41.7846513671875,-0.02543846570439634,-7.466766205486655,-2.03656778717041
1789031133376654300,41.794654296875,0.013467311273142712,-7.979275582885743,-1.517175079998374
1789031133386657300,41.8046572265625,0.10250168551020322,-8.892813153839112,-1.1810896064758303
1789031133396661200,41.8146611328125,0.35598785934448246,-9.642349080115556,-0.8664018718995157
1789031133406664400,41.82466455078125,0.380528426361084,-9.821914204627275,-0.7993642254151405
1789031133416668400,41.83466845703125,0.24136538179926575,-9.58848012728393,-1.055843662781268
1789031133426671400,41.84467138671875,0.4406826700072735,-9.732129888805746,-1.319653296905011
1789031133436675300,41.85467529296875,0.6594528467040509,-10.847229312023519,-1.3702309531062842
1789031133446678500,41.86467846679688,0.6160579416137189,-12.770970930480956,-1.3560158191405236
1789031133456682200,41.87468212890625,0.6323685865540057,-13.939791422492263,-1.7981950843811036
1789031133466685200,41.884685302734376,0.7781155395507813,-13.101968725475665,-2.6056395942687987
1789031133476689400,41.894689453125,1.3046903402466326,-11.329812922236323,-2.7201132379278534
1789031133486692400,41.9046923828125,1.7636288709778336,-10.280254184943436,-2.3409311116091907
1789031133496695300,41.9146953125,2.4423848955016583,-10.188972324040531,-2.2777833121702074
1789031133506699300,41.92469921875,2.3539490716796365,-10.531195861926676,-2.733580037744343
1789031133516702500,41.93470239257813,1.5363292412688954,-10.505457609558103,-3.541174039105326
1789031133526706200,41.9447060546875,0.8152257383484394,-10.076149077937005,-4.092439117486775
1789031133536709400,41.95470947265625,0.8692448767730967,-9.762805597576499,-3.895963774706423
1789031133546713300,41.96471337890625,1.122281991665624,-9.78151146709025,-3.3322795058652757
1789031133556716300,41.97471630859375,0.9235632538726553,-9.645191025543213,-3.1271272278934714
1789031133566720300,41.98472021484375,0.22640173102114347,-8.81754660819173,-3.8169557044431563
1789031133576723500,41.99472338867187,0.3966892510345206,-7.947102329033614,-3.965994465526938
1789031133586727400,42.0047275390625,0.9329904959747567,-7.394191967663168,-3.046322629602254
1789031133596730000,42.01473022460937,1.0417769608428702,-7.251287471550704,-2.275687801195681
1789031133606733300,42.0247333984375,0.5391442132811993,-7.114370233154296,-1.9244889296934002
1789031133616737300,42.0347373046875,0.6340144540648907,-7.742548893737792,-1.246929567608237
1789031133626740200,42.044740234375,0.3944447235107421,-9.21348770774007,-1.0274123719364407
1789031133636744200,42.054744140625,-0.4016274015564471,-9.89688147506714,-1.810016455078125
1789031133646747400,42.06474731445312,-0.3953425126006826,-9.381827673882245,-2.691232303619384
1789031133656751400,42.07475146484375,0.18525142651982598,-8.811709572601318,-2.7129297561645505
1789031133666754300,42.08475439453125,0.4982932570526376,-8.467693890601396,-3.034651188769936
1789031133676758300,42.09475830078125,0.9819218828063458,-8.920344719365238,-2.7130791015073656
1789031133686761500,42.104761474609376,1.0893617919037117,-10.543764836120603,-2.146701648059487
1789031133696765400,42.114765380859374,0.11402381753232338,-10.898405372509359,-3.2731723601192235
1789031133706768400,42.12476831054688,-0.1057938589233905,-8.103923122295734,-4.8292538016170266
1789031133716771300,42.13477124023437,1.2270282777648418,-5.402965543475746,-3.8102228890568015
1789031133726775300,42.144775390625,2.0413563000885766,-6.216693663677571,-1.1034273978635665
1789031133736778200,42.1547783203125,1.2963105431045405,-7.804798136901855,-1.6602295059755443
1789031133746782200,42.1647822265625,0.8358756546020507,-9.51365898731649,-2.502089787945151
1789031133756785400,42.17478540039063,0.6507739752838386,-11.372607523345948,-2.6984146163389084
1789031133766789000,42.1847890625,0.5740098662887698,-11.902325225177409,-3.7954090585455296
1789031133776792300,42.19479223632813,0.48123453369140623,-11.847706330761314,-3.632601884350181
1789031133786796300,42.20479638671875,0.2953846115554682,-11.719915232628583,-2.11033824904114
1789031133796799500,42.21479956054687,0.370801927317772,-10.893467331585287,-2.3937533318668605
1789031133806803200,42.22480322265625,0.7261912362472153,-8.934861320495605,-3.5851673484802244
1789031133816806100,42.23480615234375,0.8129811012268064,-8.04556504135132,-2.6090809668943287
1789031133826809900,42.24480981445313,0.4767453507796861,-8.382101765772699,-2.0582658242374654
1789031133836813000,42.25481298828125,0.8167220504539552,-8.340500173839926,-3.0469208877563476
1789031133846816000,42.26481591796875,1.3226467613662594,-9.216630681940913,-3.2347157882139084
1789031133856820000,42.274820068359375,0.8981248521003405,-10.154109684973955,-2.83159266820699
1789031133866823000,42.28482299804688,0.3941454117706045,-8.755596640235186,-3.1108170213446016
1789031133876827000,42.29482690429688,0.210390411520726,-6.182576874542235,-3.3827076705932613
1789031133886830000,42.304830078125,0.6991069281481089,-6.402542398503424,-2.208351464025676
1789031133896833800,42.31483374023438,0.3974375737673486,-9.092428548210858,-1.3141174362182606
1789031133906837000,42.3248369140625,-0.5237315309607888,-11.691034590581062,-1.8342574546262622
1789031133916841000,42.33484106445312,-1.183334129433031,-12.45014790802002,-3.4163758391782637
1789031133926844000,42.34484399414063,-1.1972505316139663,-10.869675537109377,-4.158428716222941
1789031133936848000,42.354847900390624,-0.3004724727463907,-8.425347617781163,-2.95564311850667
1789031133946851000,42.36485107421875,0.5808932234611829,-7.02922526757121,-1.2780550659731025
1789031133956855000,42.37485498046875,0.7912835573500951,-6.743268975830077,-1.1807903312683101
1789031133966858000,42.38485791015625,1.3159129595992156,-6.845622850367427,-2.112285291455686
1789031133976861000,42.39486083984375,1.8887258163894523,-7.67416392429769,-2.2316943456903093
1789031133986865200,42.404865234375,1.6084545662811025,-9.27603388802409,-1.8980027815669775
1789031133996867800,42.41486791992188,0.5690718892967794,-10.99402380131185,-1.9460364523738622
1789031134006872000,42.4248720703125,-0.4604347423720173,-12.603823973515631,-2.2725459960386156
1789031134016875000,42.434875,-1.5077484406844712,-13.775188304790854,-2.6803093430668112
1789031134026879000,42.44487890625,-1.5514427853791042,-13.910311645507813,-2.924367982538044
1789031134036882000,42.4548818359375,-0.3749918076225089,-12.41677872238159,-3.126228525488078
1789031134046886000,42.46488598632813,1.1182418859619647,-10.990282276695964,-3.129071347698569
1789031134056889000,42.47488916015625,2.15313562662974,-10.541519103020429,-2.683301802881062
1789031134066892800,42.48489282226563,1.8459295447687836,-10.851868662261962,-2.4510635111935435
1789031134076896000,42.49489599609375,0.8391676522020133,-11.282226410675047,-2.973148818450421
1789031134086900000,42.50489990234375,-0.279972034266335,-11.46014552154541,-3.9203554347716265
1789031134096903200,42.51490307617188,-0.8158242522308604,-11.290755754089354,-4.4244849602296945
1789031134106907000,42.52490698242188,-0.2735375488060061,-10.679038398963211,-4.133588873998821
1789031134116910000,42.53491015625,0.5039794951286631,-9.544783024376631,-3.4073983136050403
1789031134126913000,42.5449130859375,0.7246948602096176,-8.39616477791667,-2.590675249370933
1789031134136917000,42.5549169921875,0.1644517265319824,-7.677158429938556,-1.9589057246886192
1789031134146920000,42.564919921875,-0.4221277167389169,-7.467066065216062,-1.6644189204894007
1789031134156924000,42.574923828125,-0.3618237624237315,-7.654411760601398,-1.9327188517697158
1789031134166926800,42.5849267578125,-0.1387140404189937,-8.038982155829665,-2.611326261603087
1789031134176930800,42.594930908203125,-0.08439560852050781,-8.238598134723306,-3.1410430866517123
1789031134186934000,42.60493408203125,0.0668879723479971,-8.017732447052001,-3.3186630684450265
1789031134196938000,42.61493798828125,0.123750261776708,-7.643038718193772,-3.036297056280821
1789031134206941000,42.62494091796875,-0.4168903640747071,-7.593660647040608,-2.4355020771853626
1789031134216945000,42.63494482421875,-0.8230068937439472,-8.219743212127685,-1.6391303115844724
1789031134226948000,42.64494799804688,-0.3603273863861337,-8.847771650585532,-1.6425715380795298
1789031134236952000,42.6549521484375,0.22565346993710844,-8.569894035881756,-2.2260084090083834
1789031134246955000,42.664955078125,1.2439373635223134,-8.108861747741699,-1.8544583850033578
1789031134256958000,42.6749580078125,1.3907318893432616,-8.26762666080892,-1.133055789538473
1789031134266962200,42.68496215820313,0.9822213041443377,-8.750807067871094,-0.808341750988364
1789031134276964900,42.69496484375,0.9546879119873046,-9.07118234656453,-0.7698853252135214
1789031134286968800,42.70496875,1.1399392654418943,-9.627683425903319,-0.6865373260498048
1789031134296972000,42.71497192382813,0.9768342042785136,-10.704773144200443,-0.6757626879267393
1789031134306976000,42.72497607421875,0.5696702844481916,-11.898284425354003,-1.2413941453129054
1789031134316979000,42.73497900390625,0.6154593911986798,-12.494739913940428,-2.0356701076783237
1789031134326983000,42.74498291015625,1.0688614036560058,-12.46331543262899,-2.1375731697082516
1789031134336986000,42.75498608398438,0.97039986038208,-12.458677251434327,-1.9574097870424387
1789031134346989800,42.76498974609375,0.6986580450195818,-12.27671850978434,-2.0549729201719162
1789031134356993000,42.77499291992188,0.7067384756226094,-11.57432018225789,-2.0444985801696776
1789031134366997000,42.7849970703125,0.47075990142822255,-10.939406660461426,-1.9382560276307164
1789031134377000200,42.795000244140624,0.40581718139648415,-10.618882913208008,-1.987636436871439
1789031134387003000,42.8050029296875,0.6414964073181151,-10.198700521850585,-2.3139959045410157
1789031134397007000,42.815007080078125,0.7848492317199707,-9.712378309631347,-2.303371926935017
1789031134407010000,42.82501000976563,0.990151951013133,-9.664044779095054,-1.903540249688923
1789031134417013800,42.835013671875,1.208622998632863,-9.85049498694539,-1.8769049023501574
1789031134427017000,42.84501684570313,1.3947721777100113,-9.400384490314124,-2.2744911387570204
1789031134437021000,42.85502099609375,1.392228192315623,-8.827271883392335,-2.1115362266540525
1789031134447023900,42.86502392578125,1.3133691020689904,-8.700527663964033,-1.4067434052065013
1789031134457027800,42.87502783203125,0.9463082061767577,-8.534728614476322,-1.1420336073726416
1789031134467031000,42.885031005859375,0.28341362152099603,-7.914033003124594,-1.5186724789492785
1789031134477035000,42.895034912109374,-0.2103905439514666,-7.481880187988281,-1.9563623238161205
1789031134487038000,42.90503784179688,0.0662896045960486,-8.195203814154862,-1.8076226918093858
1789031134497042000,42.9150419921875,0.13108246782831845,-9.581893150109051,-1.3614024806149303
1789031134507045000,42.92504516601562,-0.25079277003183953,-10.860398005676268,-1.051353804016113
1789031134517049000,42.93504907226563,-0.06883329772949187,-11.016471195441484,-1.022922367040813
1789031134527052000,42.94505200195312,0.3978863153319805,-9.958831443023682,-1.329529963275045
1789031134537056000,42.95505590820313,1.0082581010680645,-8.413374271392822,-1.7673697380065914
1789031134547059000,42.96505883789062,1.397615146050975,-7.490559169006348,-1.990329329217225
1789031134557062000,42.975061767578126,1.4416087476868182,-8.021025643378495,-1.8338086879454552
1789031134567065900,42.98506591796875,1.1721113502502443,-9.97708781520426,-1.581969039209187
1789031134577069000,42.99506909179688,0.23403321228027307,-12.41707799758911,-2.072031753131002
1789031134587073000,43.00507299804688,-0.7773672054015097,-13.954156632453202,-2.6807584020085637
1789031134597076000,43.01507592773437,-0.9443629173278809,-14.64622879627645,-2.4959556691043074
1789031134607080000,43.02507983398438,-0.22460633550435305,-13.832348700383303,-2.552218969726562
1789031134617083100,43.035083251953125,0.04504099179692589,-11.418996934077143,-3.5868140927739436
1789031134627086800,43.0450869140625,0.6073791797913608,-9.381530736762285,-3.957316653552651
1789031134637090000,43.05509008789063,1.5665560737609863,-8.883535037884116,-3.564367429296672
1789031134647094000,43.06509399414063,1.9669863744873552,-9.775676185065507,-3.5118449226379393
1789031134657097000,43.07509692382813,1.6810289867676793,-11.491570587378739,-3.475483569446206
1789031134667101000,43.085100830078126,1.3621511800903825,-13.037327034217117,-2.7507883621767166
1789031134677103900,43.09510375976563,1.1944072801452128,-12.769623607525228,-2.8203695556640622
1789031134687108000,43.10510815429687,0.3087024496216326,-8.76517344687581,-5.366453091375529
1789031134697110800,43.11511083984375,0.16310491503290836,-4.05951796787679,-6.385933793529868
1789031134707115000,43.12511499023437,2.333897632775828,-1.7398358343929052,-3.5187276678889994
1789031134717118000,43.13511791992188,4.114585117517039,-2.4350527259826658,-0.25408494344502675
1789031134727121000,43.14512084960938,2.9076082055907695,-6.820031312993169,0.8354267417907715
1789031134737124900,43.155124755859376,0.18210903684087087,-12.145786191016438,0.2609682732179759
1789031134747128000,43.16512817382812,-2.166153805895895,-14.995484717017412,-1.7805378471374507
1789031134757132000,43.17513208007812,-1.9882349872864782,-12.11107026694417,-6.505195255987346
1789031134767135000,43.18513500976562,2.357091534423828,-7.532008785247802,-6.931512789098919
1789031134777139000,43.19513891601562,4.684704460906982,-7.29079296798706,-2.622399590411782
1789031134787142100,43.20514208984375,2.7445032905578612,-9.69068261065185,-0.85188775498718
1789031134797146000,43.21514599609375,0.7209540479797869,-7.461081145587564,-3.6068653855472803
1789031134807149000,43.22514916992188,1.9526210183959454,-3.521421729278565,-4.444536106872558
1789031134817153500,43.23515356445313,3.22424144821167,-4.443188199394942,-1.988833391571045
1789031134827156500,43.24515649414062,0.6536171262878925,-8.278400568279624,-1.8200415900081397
1789031134837160700,43.25516064453125,-0.960972764410451,-10.590152493286132,-3.5115462319523094
1789031134847163600,43.26516357421875,-0.25438385332636526,-12.516138091278076,-3.2507278885990387
1789031134857167400,43.27516748046875,0.3027168724060059,-14.425664721900224,-2.2999299697875975
1789031134867170600,43.28517065429688,-0.02064998931884765,-12.518683099585772,-3.382259050042927
1789031134877174500,43.29517456054688,1.1676221490722147,-7.350797062572836,-4.306868926891684
1789031134887177500,43.30517749023438,1.836801586151123,-8.575580264824627,-1.6379323339715601
1789031134897180700,43.3151806640625,0.13617021942138668,-13.704558771294353,-0.9708478964105249
1789031134907184600,43.3251845703125,-1.1641806303162126,-14.145091292241215,-3.4470509634271265
1789031134917187300,43.335187255859374,0.12689268798828135,-8.218245667046306,-5.275473136028647
1789031134927191600,43.34519165039063,2.085050334255956,-2.8290473676383483,-4.125509027917683
1789031134937194500,43.35519458007813,2.525134636511281,-2.132636297827961,-1.7720090882450337
1789031134947198700,43.36519873046875,1.5578770562103017,-4.254645987701414,-0.7218512160152195
1789031134957201400,43.37520141601563,-0.14559735192563383,-7.230937341961264,-1.3605045088618992
1789031134967205600,43.38520556640625,-0.8072949453491717,-9.50034299414754,-2.2372323983341458
1789031134977208600,43.39520849609375,-0.4403834313323721,-11.84875437850952,-2.489969434301555
1789031134987212500,43.40521264648437,-0.47659573144223544,-13.958198016798496,-2.1452049797609445
1789031134997215500,43.41521557617188,-0.19228428429868072,-15.161132959857584,-2.1676512048467993
1789031135007219500,43.42521948242187,-0.18809435832817112,-14.686333427649735,-3.005920184326172
1789031135017222700,43.43522265625,-0.015861622531153197,-12.180201086315513,-4.085106290380656
1789031135027226400,43.445226318359374,0.9986813309600575,-9.146448892211914,-4.1992797820493575
1789031135037229600,43.4552294921875,1.9039887606414034,-7.571362890514731,-2.935739855901897
1789031135047233500,43.46523364257813,1.738340006344579,-7.5777978919982925,-1.354968794305622
1789031135057236700,43.47523681640625,0.9181763732025399,-7.820359278649093,-1.285086864306033
1789031135067240400,43.48524047851563,0.004938077456690337,-7.454345115330817,-2.57316764973104
1789031135077243600,43.49524365234375,-0.03636193771362306,-6.947822411125897,-4.137779311425984
1789031135087246600,43.50524658203125,0.7362169922317378,-8.443749535912275,-4.306869219152628
1789031135097250600,43.51525048828125,0.6045359557220711,-12.394034975653886,-3.1586998855039474
1789031135107253500,43.52525341796875,-1.404797897161916,-14.869190579444169,-3.1931168266296384
1789031135117257500,43.53525756835938,-1.9722237088852563,-12.284800109431147,-4.741567042596638
1789031135127260400,43.54526049804687,-0.1432031685317866,-6.516566837090252,-5.489155926458537
1789031135137264400,43.55526440429688,2.037166355851758,-3.422660910797118,-3.506757244110107
1789031135147267600,43.565267578125,4.121318974083009,-3.7840380619645115,-1.0263652009710666
1789031135157271600,43.575271484375,2.6232967401809058,-7.129185524970293,-0.6706766168341041
1789031135167274500,43.5852744140625,-0.65182138371123,-9.678410573577882,-2.7205609816953533
1789031135177278500,43.595278564453125,-1.4030021728515625,-9.144804047614336,-4.736478779546916
1789031135187281700,43.60528173828125,0.3142389313628897,-7.862858696204423,-4.51082527307719
1789031135197285600,43.61528564453125,1.7591396332671863,-8.104071590855716,-3.686920334514975
1789031135207288600,43.62528857421875,0.9578302468673325,-10.034996398815512,-3.005321341650188
1789031135217292500,43.63529248046875,-0.2961329091721214,-10.36719246368408,-3.762189218249917
1789031135227295700,43.64529565429687,0.11671733093261719,-8.183530912017822,-4.758026594488323
1789031135237299700,43.6552998046875,0.6654384239196776,-6.474072095710039,-4.029142703357339
1789031135247302700,43.665302734375,0.6045359557220711,-6.264277837151288,-2.8799250296995043
1789031135257306600,43.675306640625,0.5267243287017568,-7.448661808997392,-2.3783403664186595
1789031135267309600,43.6853095703125,0.09711482310639699,-9.542388822716475,-2.2173297202512625
1789031135277312500,43.6953125,-0.1192611701965332,-10.50919738060832,-2.9623756416320797
1789031135287316500,43.70531640625,0.18570019320063297,-9.333794003075361,-3.8844428482607003
1789031135297319700,43.71531958007812,0.9283516571929677,-6.743268391308188,-4.265568655993044
1789031135307323400,43.72532348632812,1.4694412323882804,-4.90302747835815,-3.860500831659138
1789031135317326600,43.73532666015625,1.5556325286865236,-4.050989208984373,-3.5155861549928784
1789031135327330600,43.74533056640625,2.0045453764984384,-4.670637357109785,-2.841767733001709
1789031135337333800,43.75533374023438,1.5165770775726064,-7.160608252716063,-2.136376361139118
1789031135347337500,43.76533740234375,0.02005143890380867,-9.56962403564453,-2.3840260108396407
1789031135357340700,43.77534057617188,-1.0058640090057627,-10.2533182472229,-2.8556834456294773
1789031135367344600,43.7853447265625,-1.1001357359070332,-8.288278403693436,-3.389891152356565
1789031135377347600,43.79534765625,0.3194762109618634,-4.894196521648762,-3.656693538555503
1789031135387351600,43.8053515625,1.2897263972075654,-4.092589631873369,-2.2529446389898657
1789031135397354500,43.8153544921875,0.7939770524840801,-6.3286231758117655,-0.7098799154534938
1789031135407358700,43.82535864257813,-0.1795651245117187,-8.646956817296147,-0.9708481886714697
1789031135417361400,43.835361328125,-0.9929950654845684,-9.300876652857658,-2.278681722314656
1789031135427365600,43.84536572265625,-0.4547486412933096,-9.744550394439695,-3.0587428429752586
1789031135437368600,43.85536865234375,0.7428010650634764,-12.752417036658525,-2.0974708764225243
1789031135447372800,43.86537280273438,0.577900498785451,-16.932095753920077,-2.085350230517984
1789031135457375500,43.87537548828125,-2.7762263894896955,-18.319532693371176,-4.184017038726806
1789031135467379500,43.88537939453125,-3.6179381298340854,-14.37269067208171,-6.963683997124433
1789031135477382700,43.89538256835937,1.351676474761963,-9.611074820929765,-7.3500503358587626
1789031135487386400,43.90538647460937,3.5359364307127894,-8.240841529735922,-5.868786527197063
1789031135497389600,43.9153896484375,2.934692611871287,-9.084197895482182,-4.950160400933027
1789031135507393500,43.9253935546875,1.5616179963042958,-10.171466477966309,-5.254973368835449
1789031135517396500,43.935396484375,0.6488286499023436,-10.235212097167969,-6.296451675525308
1789031135527400400,43.945400390625,0.20066399010922759,-8.996212153515218,-7.1197571868896485
1789031135537403600,43.95540356445313,0.8675987900665029,-7.936179953002931,-7.036259696252644
1789031135547406600,43.96540649414062,1.3048399778503923,-8.050353444671629,-5.617395352880656
1789031135557410600,43.97541064453125,1.1429319809844716,-8.349778289794921,-4.234145051464438
1789031135567413500,43.98541357421875,1.4368202713012694,-7.6443854566276075,-3.9537241820186377
1789031135577417700,43.995417724609375,1.9767128187317402,-7.185898176795243,-3.0683199418768283
1789031135587420400,44.00542041015625,1.9446902619292958,-7.635708813697099,-2.136376361139119
1789031135597424400,44.01542431640625,1.0779892974853515,-8.174552655792237,-1.7829320487976075
1789031135607427600,44.02542749023438,-0.04055171755366033,-7.500137729212642,-1.7431290307193992
1789031135617431600,44.035431640625,-0.24480715628359478,-6.4802072374641915,-1.4841060463503002
1789031135627434500,44.0454345703125,0.28101938332822174,-5.555147571021319,-1.0199296149656174
1789031135637438500,44.0554384765625,0.37110129385683677,-5.248538951873779,-0.7284358551025387
1789031135647441700,44.06544165039063,-0.25109186257626864,-6.011241818237304,-0.6364087287902831
1789031135657445600,44.075445556640624,-0.4164414877960459,-7.777711977055668,-0.6168056181758641
1789031135667448600,44.085448486328126,-0.8768763580322265,-10.326043291693926,-0.5831386186346412
1789031135677452500,44.09545263671875,-2.5375544480254875,-13.204171793365477,-0.4309562988281246
1789031135687455700,44.10545581054687,-3.872172491687164,-15.542110299029945,-0.929250103870034
1789031135697459500,44.11545947265625,-3.6836289100204596,-16.47719626944661,-2.2439655059814454
1789031135707462700,44.12546264648437,-2.7962777918608857,-15.097835084423421,-3.664175418743491
1789031135717466600,44.13546655273438,-1.4594155677353031,-12.936319313591717,-4.077026444299519
1789031135727469600,44.14546948242187,0.5831377235854975,-11.803563822174072,-3.4877532684326167
1789031135737473500,44.1554736328125,1.299153675842285,-11.68355563300252,-3.4106899024963377
1789031135747476500,44.1654765625,1.295861630293261,-12.603376229748129,-3.6477161591127514
1789031135757480700,44.17548071289063,0.7621043159484863,-13.087603515514731,-4.369716428209841
1789031135767483400,44.1854833984375,0.7354687859466299,-12.839056624713539,-5.1740191329404706
1789031135777487600,44.195487548828126,1.2394481988769024,-12.592004356384276,-5.462520432989299
1789031135787490600,44.20549047851563,1.4814122772216798,-12.546215834155678,-5.3074960216246545
1789031135797493500,44.21549340820312,1.9057845580169932,-12.227338685065508,-5.164592986816913
1789031135807497500,44.22549755859375,1.8200421379974108,-11.647340994805097,-4.86441980754435
1789031135817500200,44.235500244140624,1.454477508544922,-10.882992699322104,-4.315398562566935
1789031135827504000,44.24550415039062,1.103876602935791,-9.88940017940104,-3.7774515231810506
1789031135837507300,44.25550732421875,1.3816040320465341,-8.710853827667236,-3.2820020016543565
1789031135847511300,44.26551123046875,2.2884078012328595,-7.296329559326173,-2.9331963088989257
1789031135857514200,44.27551416015625,2.6601077185699715,-5.879262620764971,-2.5607491899237034
1789031135867518200,44.28551831054688,2.2667104217529292,-4.78795382297933,-1.7770961822509768
1789031135877521200,44.29552124023437,0.9943418769836425,-4.186111965179445,-1.4001596429020167
1789031135887525000,44.30552514648438,-0.16519995108339935,-4.164862256401777,-1.5062513887934386
1789031135897528000,44.31552807617187,-0.21772275000307706,-4.371961284527182,-1.7595890210025011
1789031135907532300,44.3255322265625,0.1638531761169434,-4.604049207958579,-2.0073887466982003
1789031135917535200,44.33553515625,-0.6217443166870623,-5.5894110751509665,-2.304418805639446
1789031135927539200,44.345539306640624,-0.9469066469939424,-7.272388711768386,-2.5278277480527755
1789031135937542100,44.35554223632813,0.13407529296874998,-8.669702902111412,-2.1481965627923607
1789031135947546400,44.36554638671875,-0.027982231903076138,-9.450213227844236,-2.7947818176820873
1789031135957549000,44.37554907226563,-0.04698613451533018,-10.073455016547442,-3.762337979070842
1789031135967553000,44.385552978515626,0.28146847880259174,-10.08004024015665,-3.2263369591861966
1789031135977556200,44.39555615234375,0.24316103304438286,-9.549721649822592,-1.7562965553283694
1789031135987560200,44.40556030273437,0.327407003961131,-9.38482101047933,-1.0307035224363208
1789031135997563100,44.415563232421874,1.074547632598877,-9.564835632324217,-1.0887627665646373
1789031136007567000,44.42556713867187,1.9488801513671876,-9.134178608703612,-1.603217286682129
1789031136017570300,44.4355703125,1.728763309301808,-8.106618352729082,-2.043302063861489
1789031136027574300,44.44557421875,1.2056301734924315,-8.093897987365722,-1.7187375167846681
1789031136037577200,44.4555771484375,0.6848910932127383,-9.166049664738772,-1.2300206645138565
1789031136047581200,44.46558129882813,-0.11881211125478153,-10.634147117835282,-1.378012546893209
1789031136057584400,44.47558447265625,-1.0006265102110798,-12.057649642401934,-1.8507180294312537
1789031136067587000,44.48558715820312,-1.624316188812256,-12.575695026618241,-2.4672248107910155
1789031136077591300,44.49559130859375,-1.1221323905944822,-12.041039868384601,-2.563292152404785
1789031136087594200,44.50559423828125,-0.05297156560048433,-10.76268581946492,-2.318036119842529
1789031136097598000,44.515597900390624,1.04072953414917,-10.25885483856201,-2.1012115242555733
1789031136107601200,44.52560107421875,1.6264111152648923,-10.811167234039305,-1.969231303869933
1789031136117605000,44.53560522460938,1.852213967077434,-11.469421299412847,-1.8655314215511085
1789031136127608300,44.5456083984375,1.7485155460633337,-11.11523201392293,-2.1537340309143063
1789031136137612000,44.55561206054688,1.5189710235044358,-9.966910704582927,-2.581098734991252
1789031136147615200,44.565615234375,1.6434696559630333,-9.202112911766768,-2.897881834411621
1789031136157619200,44.575619140625,2.163909241839498,-10.078241081780195,-2.5733178718566894
1789031136167622100,44.5856220703125,2.1027076080322264,-11.400290480041505,-2.210746250207722
1789031136177626000,44.59562622070312,1.0292074386596681,-12.195914203754068,-2.1888985755369066
1789031136187629300,44.60562939453125,0.39459450724497436,-12.431744820845127,-2.4573493134647606
1789031136197633300,44.61563330078125,0.7413046890258786,-12.903700654059648,-2.4317609909608957
1789031136207636200,44.62563623046875,0.8265984154298901,-13.543402579176426,-2.319233512933552
1789031136217640200,44.63564013671875,0.2264018406189976,-12.818555688476561,-3.0225296660825607
1789031136227643100,44.64564306640625,-0.3880103065490723,-10.879101537102457,-3.9127237708494063
1789031136237647400,44.6556474609375,-0.39863443028554335,-8.207474097663164,-4.083910066333413
1789031136247650000,44.66565014648437,0.37244799575805665,-5.98909662192464,-3.952826940917969
1789031136257654300,44.675654296875,1.833359775134176,-5.0379988433837894,-3.2519241126462815
1789031136267657200,44.6856572265625,3.0828336203977464,-5.252427191483974,-2.437296413256228
1789031136277661200,44.6956611328125,2.7118822929382325,-5.757606079864503,-2.496853056335449
1789031136287664000,44.7056640625,0.8304884086057543,-5.8925780294120305,-3.4278976424068213
1789031136297668000,44.71566821289063,0.67830740397349,-7.562085943603514,-2.545784552764893
1789031136307671000,44.72567114257812,0.8846575134277344,-10.640729418835043,-0.6581067658573385
1789031136317675000,44.73567504882813,-0.682796239825338,-12.6769996843636,-0.7137716621950263
1789031136327678200,44.74567822265625,-0.967107833099365,-12.610857525414227,-1.9466350027889012
1789031136337682200,44.75568212890625,0.3482065578185024,-10.906934131401778,-2.690334770257771
1789031136347685000,44.76568505859375,0.5787982513427734,-8.25535813086629,-3.473836971282959
1789031136357689000,44.775689208984375,0.7020997829712926,-6.106563309919833,-3.266739112201333
1789031136367692300,44.7856923828125,1.1589430949889123,-5.5971928150683645,-2.7425580017089843
1789031136377696300,44.7956962890625,2.0597616157531737,-7.325209616851807,-3.503764199773967
1789031136387699200,44.80569921875,1.6865655050415544,-9.930551104956866,-3.8018425987243654
1789031136397703200,44.815703125,1.0102033899169416,-12.368894104656578,-2.511517541503906
1789031136407706400,44.82570629882812,1.0341454795837401,-12.314875514221193,-2.6161139342710373
1789031136417709000,44.835708984375,1.2807481775145977,-7.960271607208251,-5.317671817071735
1789031136427713300,44.84571337890625,2.6259902353148905,-4.685451479882001,-4.913649994659424
1789031136437716200,44.85571630859375,3.374477602386474,-6.356604238671062,-2.518399994494021
1789031136447720200,44.86572021484375,1.1363478168211876,-12.148328276714684,-2.421585341644287
1789031136457723100,44.87572314453125,-0.867149913787842,-14.402470893317462,-5.089324833734333
1789031136467727000,44.88572705078125,0.07766191635131836,-11.561001266479492,-6.445939349420369
1789031136477730300,44.89573022460937,1.8763056943479925,-8.108561303490399,-4.88432043980062
1789031136487734000,44.90573413085937,2.501043055371195,-8.513183722144367,-2.169445979309082
1789031136497737200,44.9157373046875,1.565508683599904,-10.93177631171346,-1.3395564133793116
1789031136507741200,44.9257412109375,0.15218158915415403,-11.402835488349199,-1.9951187554508445
1789031136517744400,44.93574438476563,-0.6157585933409631,-8.492982645636797,-3.9417543427616355
1789031136527748000,44.945748046875,0.1542764425415546,-2.9768904891967782,-6.050147595214844
1789031136537751300,44.95575122070313,1.0562919180054218,-0.4035737863838662,-4.591929438836872
1789031136547755300,44.96575537109375,2.600402278137207,-2.9631238296508764,0.047136429706215566
1789031136557758200,44.97575830078125,2.166602864837646,-9.184756118774413,2.3566423293516032
1789031136567762200,44.98576220703125,-0.17402853317260747,-13.244275840216876,0.5765531027644877
1789031136577765000,44.99576513671875,-2.454954673413187,-12.222248083928227,-3.3170164702817795
1789031136587769300,45.00576928710937,-0.9853635476928205,-7.546674439460038,-5.613654705047606
1789031136597772000,45.01577197265625,1.5592237581115216,-5.712714798736574,-3.9618049048826096
1789031136607776300,45.0257763671875,2.934842322540283,-6.760775406426193,-1.8118118140622972
1789031136617779200,45.035779296875,1.733402038485743,-8.331523086658118,-0.45983664861470475
1789031136627783400,45.04578344726563,0.1539770577361807,-10.59733451374471,0.5651812294006344
1789031136637786000,45.0557861328125,-0.8596680701324715,-13.208658583390712,0.10070727637410215
1789031136647790000,45.0657900390625,-1.801187836456299,-14.974536621534824,-2.2390280495792627
1789031136657793300,45.07579321289062,-2.2902034890105947,-14.417732759857177,-5.122244522039591
1789031136667797000,45.085796875,-0.8448539838928729,-13.574676838362219,-5.5370414209663865
1789031136677800200,45.09580029296875,0.9201216255187987,-12.575244944763183,-4.36418042139262
1789031136687804200,45.10580419921875,1.0871172095810062,-10.728716914367675,-3.992480905914306
1789031136697807000,45.11580712890625,1.46719664093242,-9.74170903353393,-3.3728327577888964
1789031136707811000,45.12581103515625,1.920897946863575,-9.81457962395549,-2.972401361083984
1789031136717814300,45.13581420898438,1.6563385446853003,-10.821941726031898,-3.2947207595825194
1789031136727818200,45.145818359375,0.4776432129348628,-11.711388227301835,-4.2805335854128
1789031136737821200,45.1558212890625,-0.7829039520042482,-11.423783583831787,-5.560234080505371
1789031136747824000,45.16582421875,-0.1987187925918959,-10.401758750152588,-6.067355627386272
1789031136757828400,45.17582836914063,1.4565723801986312,-8.832658252605796,-5.354781066021323
1789031136767831000,45.1858310546875,2.246958321988722,-7.340770758599042,-4.336796447643637
1789031136777835000,45.1958349609375,2.125003583592968,-6.316204423743487,-3.406799032537639
1789031136787838200,45.20583813476563,1.220444277998339,-5.636248814171554,-2.4522601736322045
1789031136797842200,45.21584228515625,0.4987421515976077,-5.189281876263022,-1.9535186248227954
1789031136807845000,45.22584521484375,0.30945062394069967,-5.469103610771895,-1.4879960395261644
1789031136817849000,45.23584912109375,0.4170400133981592,-6.326527664837241,-1.0639230704709888
1789031136827852300,45.24585229492188,0.8988731908161892,-7.3579779139876385,-0.9237120512261987
1789031136837856300,45.25585620117187,1.1201871337116465,-8.333168515777588,-0.9144351043149828
1789031136847859200,45.265859130859376,0.4351461220506462,-9.276932882690428,-1.1438301354005933
1789031136857863200,45.27586328125,-0.8867525426283595,-10.143186724421383,-1.417966371618956
1789031136867866400,45.28586645507813,-1.7790415715645531,-10.856956340789797,-1.8314150708071888
1789031136877870300,45.29587036132813,-2.1929392063969515,-11.314848577338456,-2.425027444922179
1789031136887873300,45.30587329101562,-2.1631612638832536,-11.494264064246414,-2.9008753171391786
1789031136897877200,45.31587719726563,-1.7018284036277325,-11.635819483837485,-2.8523917106077072
1789031136907880200,45.32588012695312,-1.1436803060005885,-11.667245134192706,-2.454655690466612
1789031136917884200,45.33588427734375,-0.1771709867836441,-11.768400154334305,-2.2940941032409667
1789031136927887000,45.34588720703125,1.1994950043388173,-12.426803857311604,-2.4551047494083638
1789031136937891300,45.35589135742188,1.7262194449217172,-13.48968034133911,-3.160046770068258
1789031136947894300,45.36589428710938,1.1351508529884276,-13.67987032023966,-4.4982557143613695
1789031136957898200,45.375898193359376,1.2372036485202378,-12.22554303382039,-5.424812633624672
1789031136967901200,45.38590112304688,1.577180261429539,-10.054000959014894,-5.42391393121928
1789031136977905200,45.3959052734375,1.6103998642631339,-7.844152826690673,-4.287566260528564
1789031136987908000,45.405908203125,1.5890016686591784,-6.616676732093097,-2.93334682328552
1789031136997912000,45.415912109375,1.1394903434974606,-7.0229428263008575,-2.0777187127262353
1789031137007915300,45.425915283203125,0.0755670081649907,-8.46709241757691,-1.5560814414978026
1789031137017919200,45.43591918945312,-0.33982697987211863,-9.145998225834965,-1.2048819854736328
1789031137027922200,45.44592211914063,0.02708438801420851,-8.96508811645508,-1.4710875748232008
1789031137037926100,45.45592602539063,0.7000046738555654,-8.954613484191896,-1.6401777748107913
1789031137047929300,45.46592944335937,0.8807669905289075,-8.293213522008061,-1.4763243064329028
1789031137057933300,45.47593334960938,0.8310872512817382,-6.702715431645512,-2.142810193578899
1789031137067936300,45.48593627929687,0.9261071296691894,-5.907990118077397,-2.5736159780204297
1789031137077940200,45.49594018554688,0.9810241302490234,-6.329222310748696,-2.1223104263857007
1789031137087943400,45.505943359375,-0.20096333838198333,-7.006333052283525,-1.9433438522890205
1789031137097947100,45.51594702148437,-0.0686836966583505,-7.185149988776445,-1.8712185272768136
1789031137107950300,45.525950439453126,0.5217863243103026,-7.568070863232016,-1.5119374716058371
1789031137117953300,45.53595336914063,0.4456208205292001,-8.668058642035719,-1.37891110316813
1789031137127957200,45.54595727539063,-0.0763151413848624,-9.834483178821205,-1.633144807434082
1789031137137960200,45.55596020507812,-0.4797381211211902,-10.755652267566322,-1.8531117926999925
1789031137147964200,45.56596411132813,-0.14574695299677554,-11.62549624274373,-1.8255793503910303
1789031137157967400,45.57596728515625,0.3003226342132315,-12.259358794182539,-2.044798147638142
1789031137167971000,45.58597119140625,0.21682488784790044,-12.323255804553627,-2.459892568206787
1789031137177974300,45.595974365234376,0.5101145912170411,-12.315324427032468,-2.6273367545530197
1789031137187978200,45.605978271484375,0.5532100749693811,-12.468701801842451,-2.6466397131770854
1789031137197981200,45.61598120117188,0.07077858657836911,-11.378444558936357,-3.046173284259439
1789031137207985200,45.62598510742188,0.28251575936581946,-9.897329218834638,-3.43537952259481
1789031137217988400,45.63598828125,1.401805035488866,-9.879074600219726,-3.3674449272707103
1789031137227992300,45.64599243164062,2.0807108072143046,-10.759093347930909,-3.1522657608032225
1789031137237995300,45.65599536132813,1.6129437674591318,-11.094729324120282,-3.5565865661621094
1789031137247999200,45.66599926757812,0.9780313781738281,-10.448744373211264,-4.109646857397258
1789031137258002200,45.676002197265625,1.0803834626128896,-9.366265947613119,-4.247912587793171
1789031137268006400,45.68600634765625,1.2684779670715332,-8.289475504523516,-4.174590161950886
1789031137278009000,45.696009033203126,1.1608884934356434,-7.3545385871887206,-4.24506918106079
1789031137288013300,45.706013427734376,1.1097124694824219,-7.064242220416665,-4.038120959582924
1789031137298016300,45.71601635742188,1.0081085365295408,-7.583035208129882,-3.3681928230285645
1789031137308020200,45.72602026367188,0.26306279781181363,-8.354714577153326,-3.03869081954956
1789031137318023200,45.73602319335937,-0.58732759475708,-9.337236837005616,-2.936338114055991
1789031137328027100,45.74602709960938,-0.41733931341860436,-11.127350906261801,-2.5417440452024342
1789031137338030300,45.7560302734375,-0.6416460449218753,-12.524815903252362,-2.2544401382446293
1789031137348034000,45.76603393554687,-0.9290998086791484,-12.210429635840654,-2.184410324206948
1789031137358037200,45.776037353515626,-0.39085331142265345,-10.79485848879516,-2.432659401105344
1789031137368041200,45.786041259765625,1.0413280480315907,-9.425672660827637,-2.915987399944663
1789031137378044200,45.79604418945313,1.1739070014953612,-7.202358313208817,-3.778199857330322
1789031137388048100,45.806048095703126,1.48994154757075,-5.60542405231893,-3.926191739709675
1789031137398051300,45.81605126953125,2.6972178443023935,-6.636878977644443,-3.1519679469004274
1789031137408055300,45.82605517578125,1.4215571626525372,-9.363123557934165,-2.9893104103088377
1789031137418058200,45.836058349609374,-0.6542156036376954,-9.158121794348954,-4.189404576984048
1789031137428062200,45.84606225585937,-0.20769692095331838,-7.620296140509841,-4.337396167102456
1789031137438065400,45.8560654296875,1.0802338980743662,-8.11933754904866,-3.2251398583561186
1789031137448069400,45.8660693359375,0.9273041574340313,-9.451559966278074,-2.7681457396909592
1789031137458072000,45.876072021484376,0.3410240259032697,-10.654943822148443,-2.5204955054685474
1789031137468076300,45.886076171875,-0.03306983736567204,-11.765256595611572,-2.1368252739503983
1789031137478079200,45.89607934570312,-0.23223748796992005,-10.930430157801508,-3.533243099975586
1789031137488083200,45.90608325195313,0.4128501487731934,-8.24293645618856,-5.320064849688113
1789031137498086100,45.91608618164062,1.6283564406463875,-8.214358596479892,-3.8937215487375854
1789031137508090400,45.92609033203125,1.291522194583155,-10.824933309063315,-2.294542431530356
1789031137518093300,45.93609326171875,0.7808089798858389,-11.154586703711749,-3.5160350678041574
1789031137528097300,45.94609716796875,1.288978355319239,-8.046013954162596,-5.163844360406697
1789031137538100200,45.95610034179688,1.8773533767700195,-5.793668742370604,-4.470274066980183
1789031137548104200,45.96610424804688,1.7278655202118678,-6.255152281409503,-2.4920646530151367
1789031137558107100,45.97610717773438,1.304241354370117,-8.50450357208252,-2.4353525857120752
1789031137568110300,45.9861103515625,1.0769416881285607,-10.214560938805342,-2.8842648124694823
1789031137578114300,45.9961142578125,0.6866870367188006,-10.087371898218986,-3.3810616569519043
1789031137588117200,46.0061171875,0.91922379989624,-7.530213718524574,-4.2802346024662254
1789031137598121200,46.016121337890624,1.1876737341064958,-7.29109282771647,-2.474707567761838
1789031137608124200,46.026124267578126,0.9283516206603495,-8.924984654125574,-1.1905158987298607
1789031137618128400,46.03612841796875,-0.060453628451563435,-9.427018814739586,-1.9846432464048265
1789031137628131000,46.04613110351563,-0.3922000863891094,-8.469487788280844,-2.9795839660644527
1789031137638135300,46.05613525390625,0.30585922555234285,-7.441326643803715,-3.0557495063781737
1789031137648138200,46.06613818359375,0.9395746236054225,-7.732076599562167,-2.395698912976682
1789031137658142200,46.07614208984375,0.8984241729736328,-8.062174230846761,-2.309057279095054
1789031137668145200,46.086145263671874,0.882263311767578,-8.971372895812987,-1.9191028527408838
1789031137678149000,46.09614916992187,0.5283703788757325,-10.359863143709301,-1.6819272507816556
1789031137688152300,46.10615234375,0.00493804092407224,-11.111339682659507,-2.4057228788629175
1789031137698156000,46.116156005859374,-0.36631289053652427,-10.678137066209315,-3.10303382012248
1789031137708159200,46.1261591796875,-0.3568856119018048,-9.598056349402663,-3.3687913734436035
1789031137718163200,46.1361630859375,0.17178396911621097,-8.025813462176918,-4.021810753034055
1789031137728166400,46.14616650390625,0.659452883236669,-6.935553296661376,-4.234894116266071
1789031137738170000,46.15617016601563,0.6796539597442373,-7.803301176342368,-3.218853617693484
1789031137748173300,46.16617333984375,0.17926584930419928,-9.536853984943033,-2.501641751916706
1789031137758177300,46.17617724609375,-0.5297171903748065,-10.578479006627203,-2.511367319378256
1789031137768180200,46.18618017578125,-0.9718962364196777,-10.255563980323076,-3.1769565499454737
1789031137778184200,46.19618408203125,-0.6102221298660151,-9.743650815251469,-3.6547488342285157
1789031137788187400,46.2061875,-0.08708904885556545,-9.999831561931966,-3.447799735967815
1789031137798191400,46.21619140625,0.1593639932052232,-9.892692206683753,-3.2754178009584547
1789031137808194000,46.22619409179688,0.1396118660415523,-9.487324522620439,-3.234118406842649
1789031137818198500,46.23619848632813,-0.18824417859502132,-9.498997424757482,-2.9993372988045217
1789031137828201500,46.24620141601562,-0.515800783627294,-9.581745850592851,-2.6874910712644455
1789031137838205700,46.25620581054688,-0.46282909016264606,-9.314790027397871,-2.5766093146175146
1789031137848208400,46.26620849609375,-0.11626841812133792,-9.068187840923665,-2.5077760168880223
1789031137858212400,46.27621240234375,-0.08678986497959121,-9.159616416820883,-2.3653216026306154
1789031137868215600,46.28621557617188,-0.0148141045059077,-9.309553880310059,-2.1513398292541503
1789031137878219300,46.29621923828125,0.3696048995529301,-9.230095143669843,-2.174683003179729
1789031137888222500,46.30622241210938,0.462230576280225,-9.051279376220702,-2.5613465712949632
1789031137898226400,46.31622631835938,0.2428618491684087,-9.150489692035318,-2.9233199347898364
1789031137908229600,46.32622973632812,0.1430535491943359,-9.765202137324215,-3.146879391589761
1789031137918233300,46.3362333984375,0.28909981393124906,-10.464456321606042,-3.3897406379699704
1789031137928236500,46.34623657226562,0.5627870277404785,-11.012429811096188,-3.951181219537556
1789031137938240500,46.35624047851562,0.9786299651214853,-11.163415322333574,-4.462043998773396
1789031137948243500,46.366243408203125,1.0778395502837375,-10.875962070032953,-4.636671082361042
1789031137958247400,46.37624731445312,1.0372879057953135,-10.329183927807211,-4.476707314898073
1789031137968250600,46.38625073242188,1.0735002424377946,-9.580396774071453,-4.260781129455566
1789031137978254600,46.39625463867188,0.5927145484924315,-9.0653464800179,-4.425082926122844
1789031137988257500,46.40625756835937,0.2712929756164551,-9.057266049414872,-4.807407295989989
1789031137998261500,46.41626147460938,0.4706102638244628,-9.14285875876546,-4.921281804712117
1789031138008264400,46.42626440429687,0.6298247107574715,-9.196728296118975,-4.281580756378173
1789031138018267400,46.436267333984375,0.5563525742461903,-9.294290260204672,-3.302053294427693
1789031138028271400,46.44627124023437,0.6391022056579589,-9.159317141613364,-3.293074745941162
1789031138038274600,46.45627465820313,0.8180687797546387,-8.55493086002767,-3.69350409681946
1789031138048278500,46.46627856445313,0.7336730981688945,-7.81302703606486,-3.473986316625773
1789031138058281500,46.47628149414062,0.9787795296600088,-7.373692200469969,-2.8172268737241626
1789031138068285400,46.48628540039063,1.3474865853240714,-7.055860761040449,-2.193537633514404
1789031138078288600,46.49628857421875,1.7127520126342772,-6.819733791351318,-1.468243875829876
1789031138088292400,46.50629223632812,1.4091372780730946,-7.079356202918293,-0.7755714080259204
1789031138098295600,46.51629565429688,0.9169791993072256,-7.683143349567056,-0.455646795709431
1789031138108299500,46.52629956054688,0.8804676605224608,-7.810933278656005,-0.5605418791621921
1789031138118302500,46.53630249023438,0.8898948295593261,-7.600092725914719,-0.6624453795835377
1789031138128306400,46.546306396484376,0.12958616485595698,-8.387036884087326,-0.5008364752620458
1789031138138309400,46.55630932617188,-0.7890390846252441,-9.980380427008864,-0.4260181117735802
1789031138148313600,46.56631372070313,-1.1133038450378923,-11.934198034778236,-0.9304470585696398
1789031138158316300,46.57631640625,-1.2831424522399901,-14.01954592720866,-2.035969382885844
1789031138168320500,46.58632055664062,-1.197699307427928,-15.250317556220292,-3.067122256524861
1789031138178323500,46.59632348632813,-0.3871124809265135,-14.512604169684646,-3.4147298255369067
1789031138188327400,46.60632739257812,0.06898286226801587,-12.508805848693846,-3.1206916418880226
1789031138198330400,46.616330322265625,-0.337133521270752,-10.575637645721434,-2.9460651428222655
1789031138208334300,46.62633422851562,-0.08589191149286957,-9.229947844153642,-3.0216322788514196
1789031138218337500,46.63633764648438,0.81073653717041,-9.068487700653076,-3.0895678970888256
1789031138228341500,46.64634155273438,1.442655991717428,-10.321102328160404,-2.8176757865354416
1789031138238344400,46.65634448242187,1.5946878702025857,-12.178256381988524,-2.8034600680477917
1789031138248348400,46.66634838867188,1.395968986279145,-13.756632072880864,-2.921823704882711
1789031138258351600,46.6763515625,0.7155671673096715,-14.04543673979044,-3.288286927142739
1789031138268355300,46.68635522460937,0.20365663258656863,-12.74403440823853,-4.0011597408019
1789031138278358500,46.696358642578126,0.5630862298827618,-10.745027413177489,-4.154238863317668
1789031138288362500,46.706362548828125,1.107767180633545,-8.862885633087158,-3.392284331103414
1789031138298365700,46.71636572265625,1.3881881231445816,-7.788937719947098,-2.395249415643513
1789031138308369400,46.726369384765626,1.4513350458007306,-7.170333527916669,-2.039111918695271
1789031138318372600,46.73637255859375,1.0702081420898437,-6.51177960281372,-2.249351875194907
1789031138328376600,46.74637646484375,0.6420950307983904,-6.079777009803054,-2.2357355839051305
1789031138338379300,46.75637915039062,0.48931503735966986,-6.226271639361977,-2.200122126471251
1789031138348383500,46.76638354492187,0.3146878076415509,-6.597970278057456,-2.5209444182798264
1789031138358386400,46.776386474609374,0.3550899606566875,-7.0373068672180175,-2.7082914288394155
1789031138368390700,46.786390625,0.325162586035207,-7.653366050940751,-2.3663699426397686
1789031138378393300,46.79639331054688,0.18001396425776173,-8.361600245013834,-1.8596957011349498
1789031138388397600,46.8063974609375,0.21383220883794152,-9.078512835583089,-1.5494970946714282
1789031138398400500,46.816400390625,0.3684077073913068,-9.86470822121501,-1.3754685614988207
1789031138408404500,46.82640454101563,0.3655648121155799,-10.526108767920732,-1.3652940812259917
1789031138418407400,46.83640747070312,0.16983882639780667,-10.499772549659014,-1.829619565692544
1789031138428411400,46.84641137695313,0.16834230422973606,-10.180295096588132,-2.3579899445682764
1789031138438414600,46.85641455078125,0.45534722824096674,-10.356118696483968,-2.3636755889892576
1789031138448418300,46.86641821289062,0.5502173959594221,-11.07168513314128,-2.111835209600627
1789031138458421500,46.87642138671875,0.012569558715820106,-11.872396535381675,-2.257582235662639
1789031138468425500,46.886425537109375,-0.3691559684753416,-12.412588284954428,-2.8893527832582593
1789031138478428400,46.89642846679688,-0.32725758555307993,-12.085181792449951,-3.6498102087825535
1789031138488432400,46.90643237304688,0.17537534467168137,-10.480019801440834,-4.299986766162514
1789031138498435600,46.916435546875,0.9903016616821289,-8.72836084278524,-4.933851071166992
1789031138508438500,46.9264384765625,1.8219875364441425,-7.457041514807938,-5.274725824792684
1789031138518442500,46.9364423828125,2.5139116700988264,-8.013691062706709,-3.7901705733701583
1789031138528446500,46.94644653320312,1.5400703640259803,-10.084677836829426,-2.948459344482422
1789031138538449400,46.95644946289063,0.5075706788878888,-11.468375005230303,-3.461715740856528
1789031138548452400,46.96645239257813,0.15263035583496098,-10.543615198516845,-4.598064288330078
1789031138558456300,46.976456298828126,0.17268194086924182,-6.998552481409906,-5.132870545472205
1789031138568459500,46.98645947265625,1.5316904390197248,-4.0161224782645695,-3.0626322516292332
1789031138578463500,46.99646337890625,2.9489081111632283,-3.223791366356611,-1.0163377279534935
1789031138588466400,47.00646655273437,3.3358711006164548,-5.5276130828857415,-0.55859746709615
1789031138598470400,47.01647045898437,1.4139257179260252,-10.06297921524048,-1.9295774850040674
1789031138608473600,47.0264736328125,0.2032080120362344,-12.617593555670975,-2.990507511138916
1789031138618477600,47.0364775390625,0.39205066798105837,-10.798300153681636,-3.4721909576416006
1789031138628480500,47.04648046875,1.4197616575378924,-6.0034618318855735,-3.704428226415813
1789031138638484500,47.056484375,2.0825066045898946,-4.343082980567216,-2.3006781578063964
1789031138648487700,47.06648779296875,1.3379099613465366,-8.539071027594805,-1.026813529260456
1789031138658491400,47.07649145507813,0.613813304492086,-12.331633756798503,-1.4065934753417968
1789031138668494300,47.08649438476562,0.45729251708984375,-12.271481193652747,-2.6544211608335373
1789031138678498600,47.09649853515625,0.5346551582336425,-10.073753122711182,-2.797475002288818
1789031138688501500,47.10650146484375,0.5033809721130877,-8.32493903209269,-1.9319711021423336
1789031138698505500,47.11650537109375,0.263062907409668,-7.0642422204166655,-2.4301149773195383
1789031138708508400,47.12650830078125,0.4206313772339374,-6.660222443830966,-3.539977376666665
1789031138718512600,47.1365126953125,-0.2618658065795897,-8.531439509803059,-2.8820205406740302
1789031138728515300,47.14651538085938,-0.9204209737915543,-10.442609815979003,-2.2635677398130296
1789031138738519600,47.15651953125,-0.8553283969603477,-11.254695429670809,-2.7823624810919165
1789031138748522500,47.1665224609375,-0.4043208053588866,-10.863839670562744,-3.3654993461608886
1789031138758526500,47.1765263671875,-0.06718721102289849,-10.946740072089433,-2.7014079529359933
1789031138768529400,47.186529296875,-0.2588729083739222,-10.244641604292392,-3.4409178674995897
1789031138778533400,47.19653344726562,0.7906850252013654,-8.17215786961019,-5.406705606786907
1789031138788536600,47.20653662109375,1.4992191520690916,-7.2750821886360635,-5.2642509002685545
1789031138798540500,47.21654052734375,1.1953052518982439,-7.822306321063637,-3.79540847402364
1789031138808543500,47.22654345703125,0.5651812294006348,-10.31601640319824,-2.597110543115437
1789031138818547200,47.236547119140624,0.0989104560852051,-11.984625322723387,-2.9167364647462963
1789031138828550400,47.24655029296875,-0.8063971197266129,-11.474362262946368,-4.056227109637856
1789031138838554000,47.25655419921875,-0.604535882656835,-9.800815302497147,-5.2129260789617895
1789031138848557300,47.26655737304687,0.7594108025481924,-9.035716480907798,-5.76493773792684
1789031138858561300,47.27656127929688,1.5480010839600116,-8.860342962867021,-5.179107980512082
1789031138868564200,47.28656420898437,1.198896444790624,-8.679580153003336,-4.3248260238647465
1789031138878568200,47.29656811523437,1.0040682846954092,-8.96344151829183,-3.3596637718752023
1789031138888571100,47.306571044921874,1.0743980315277353,-10.188826778089998,-2.424729192627966
1789031138898575400,47.316575439453125,0.3248632377624511,-10.815355917900801,-2.2912509887695305
1789031138908578000,47.326578125,-0.5147533934662117,-10.476877996283768,-3.105878688159585
1789031138918582300,47.33658227539063,-0.22176296530459083,-9.700407301330566,-3.8194995437070722
1789031138928585200,47.34658520507813,0.8848071144988758,-8.723872299194335,-3.72208575592041
1789031138938589400,47.35658935546875,1.777395457458496,-7.701098108452559,-3.403656642858684
1789031138948592000,47.36659204101562,1.7972972587585447,-7.156717090496423,-3.224689776501059
1789031138958596400,47.37659643554687,1.0839748016357422,-7.062146709442137,-2.966715424402058
1789031138968599300,47.386599365234375,0.16579842843320214,-7.184550853839515,-2.6994623718261717
1789031138978603000,47.39660302734375,-0.6690297629425301,-7.439830267766119,-2.633322550964355
1789031138988606200,47.40660620117188,-0.9504981321472674,-7.7560174471199534,-2.459144672448933
1789031138998609400,47.416609375,-0.6860884863037615,-7.96131965495646,-2.4842837898805734
1789031139008613000,47.42661303710938,-0.18420389022827144,-8.054542713055014,-2.473509297887981
1789031139018616300,47.4366162109375,0.1107318267822266,-8.132652373173832,-2.416646716198325
1789031139028620300,47.44662036132812,-0.31753106824345884,-8.526651106482744,-2.4785975609377027
1789031139038623200,47.45662329101562,-1.0969933462280776,-9.446772732001541,-2.6093808266237373
1789031139048627200,47.46662719726562,-1.4342765051025896,-10.684273377007248,-3.2231939849853513
1789031139058630100,47.476630126953125,-1.0413279749663547,-11.56130171073079,-4.127004965563863
1789031139068634400,47.48663427734375,-0.4587888565948233,-11.860876193457841,-4.400094176947325
1789031139078637000,47.49663696289063,0.17732056045532224,-11.902623915863039,-3.9234976783201096
1789031139088641300,47.50664135742188,0.6968622841766103,-12.172121240234372,-3.540425558825582
1789031139098644200,47.51664428710937,0.5098153160095213,-12.97941494347453,-3.4822159464411433
1789031139108648200,47.52664819335938,0.29912556991577155,-13.845516809514166,-3.8292256956905124
1789031139118651100,47.53665112304687,0.7029974989959968,-14.067280907329916,-4.457853707476705
1789031139128655000,47.54665502929687,0.9527426231384276,-13.482946064648033,-4.245219110925495
1789031139138658300,47.556658203125,0.7152677825042978,-11.891699786266683,-3.5603272139951585
1789031139148662300,47.566662353515625,1.3736732390472666,-9.241768045806886,-2.974196427807212
1789031139158665200,47.57666528320313,1.4595651140075176,-7.276127898296712,-2.275539040374756
1789031139168669200,47.586669189453126,0.9395745140075682,-6.892007000401616,-1.7573443108156326
1789031139178672400,47.59667236328125,1.1935095275878904,-7.138013559070231,-1.4372696225039663
1789031139188676000,47.60667602539063,1.6020201858520506,-7.296627665489912,-1.3892350749142468
1789031139198679300,47.61667919921875,1.3997100725036113,-7.595455129241944,-1.6620253033511339
1789031139208683300,47.62668334960937,0.5987000526428223,-7.990795924809575,-2.0693387146547435
1789031139218686500,47.6366865234375,0.16355390090942368,-7.627328523364664,-1.7268175089962783
1789031139228690200,47.64669018554687,0.17717077672108994,-6.630291415947675,-1.3810051528379321
1789031139238693000,47.656693115234376,0.6555623420715333,-6.066757953754067,-1.5104413878291842
1789031139248697300,47.666697265625,1.1342529634337875,-6.3135097778320315,-1.5794243231624365
1789031139258700000,47.67669995117188,0.4215290567260236,-6.927472281536459,-1.8589482437685132
1789031139268704300,47.68670434570313,-0.1632547718323767,-7.696908840069173,-2.0575166133053604
1789031139278707200,47.69670727539062,-0.4891650344297287,-8.50809721266031,-2.1383223806403575
1789031139288711400,47.70671142578125,-0.6575074847899378,-9.435700133845211,-2.2065565434329213
1789031139298714000,47.71671411132812,-0.9403227020263671,-10.414478530994057,-2.3211793863043186
1789031139308718000,47.72671801757812,-0.9813234054565436,-11.314399664527178,-2.347066399493813
1789031139318721300,47.73672119140625,-0.5861304939270016,-12.003628129357098,-2.307411119323224
1789031139328725200,47.74672534179688,-0.04189867518320667,-12.478428830608724,-2.120065131676942
1789031139338728200,47.75672827148438,0.3847182792663575,-11.921478253936767,-2.4631845954895017
1789031139348732200,47.766732177734376,0.9787795661926268,-10.97546932296753,-2.5052332005374134
1789031139358735400,47.7767353515625,1.8567033874511716,-10.746374151611327,-2.1374229475826025
1789031139368739000,47.78673901367188,2.5879823570251466,-11.34522325733602,-2.44373097634837
1789031139378742300,47.7967421875,1.8384477459229527,-11.826309906989334,-3.553744036212563
1789031139388746200,47.80674633789062,0.8852559177123009,-12.026223992046713,-3.67899027216807
1789031139398749200,47.816749267578125,0.756567724609375,-12.518383824378251,-2.2747909984864294
1789031139408753200,47.82675317382812,0.8875007740296421,-12.796111216956374,-1.5188218242920937
1789031139418756400,47.83675634765625,0.36346973953247075,-11.270105180248615,-2.0528787243716415
1789031139428759300,47.84675927734375,0.017806874847412058,-8.971970861706138,-2.560299546460062
1789031139438763300,47.85676318359375,0.533158855261281,-7.338229257422686,-3.1021373096741733
1789031139448766200,47.86676611328125,1.3263878658570347,-6.828414525935054,-3.189974290820211
1789031139458770200,47.87677026367187,1.3456910436768084,-7.090579023200274,-3.1956606658935542
1789031139468773000,47.886773193359375,0.9226655378479509,-8.10168031180501,-2.8655601119995113
1789031139478777000,47.89677709960937,0.795024661840871,-9.393801020270583,-2.390162029376626
1789031139488780300,47.9067802734375,0.1795650514464825,-10.148722146716711,-2.3307554622925815
1789031139498784300,47.9167841796875,-0.5551552907530217,-9.446174181586503,-3.222146521759033
1789031139508787200,47.926787109375,-0.984914634881541,-7.503429171973465,-4.138377861841023
1789031139518791200,47.93679125976563,0.07272402155771862,-6.514174388995766,-3.2438445588260887
1789031139528794400,47.94679443359375,1.5236099353514612,-7.305455115067959,-1.6470608123227954
1789031139538798300,47.95679833984375,2.668188258770853,-9.132085435816645,-1.2946654245123266
1789031139548801300,47.96680126953125,1.91925197888799,-10.127025278693438,-2.151041430829465
1789031139558805200,47.97680517578125,0.0329201266966761,-9.988757210209965,-2.786251305224001
1789031139568808200,47.98680810546875,-0.5529111650880426,-9.145549897545576,-3.0849285468503824
1789031139578812200,47.996812255859375,-0.14499898417368529,-8.355463349694013,-3.8693288657590745
1789031139588815000,48.00681518554688,1.7307085981506853,-9.153333975550535,-3.7828389153078197
1789031139598819300,48.0168193359375,2.770240958404541,-12.114662153956292,-2.6746234063848853
1789031139608822300,48.026822265625,0.9995791200499982,-14.337077506908773,-3.170670893804729
1789031139618826200,48.036826171875,-0.04040215301513661,-13.180678689575194,-4.603600879669189
1789031139628829200,48.0468291015625,1.1798926517762243,-10.914419518721104,-4.722713873566686
1789031139638833400,48.05683349609375,1.941248633575439,-9.912892698669431,-3.8453874336794014
1789031139648836000,48.06683618164063,1.1683705562867224,-9.655817048975825,-3.191920602582395
1789031139658840000,48.07684008789062,0.17747019805908204,-7.896673872044682,-3.7300162566587325
1789031139668843300,48.08684326171875,-0.22550401499643924,-4.534917219543456,-4.445433932495117
1789031139678847200,48.09684716796875,1.025167186825536,-2.4200889656066895,-2.8387752731874585
1789031139688850200,48.10685009765625,2.767846720211766,-4.6558238188594565,-0.36526480625569846
1789031139698854100,48.11685424804688,0.1678933914184571,-10.07539855183065,-0.7261918755680328
1789031139708857300,48.126857421875,-2.768594835165329,-11.813888232311605,-2.901322914776206
1789031139718861300,48.136861328125,-1.8381483611175788,-9.51934463173747,-5.323507099096477
1789031139728864300,48.1468642578125,0.09487027731630943,-6.475117220848798,-5.117605756323039
1789031139738868200,48.1568681640625,1.1731587769439442,-4.530428091430664,-1.7929580605104565
1789031139748871400,48.16687133789063,1.359607231228612,-5.804292427715659,1.6431702346250412
1789031139758875100,48.17687524414063,0.567425756924413,-9.6016476518929,1.4947300239562984
1789031139768878300,48.18687841796875,-0.39549222326967864,-11.828552132958173,-1.6376336432859302
1789031139778882300,48.19688232421875,-0.5316624426910652,-10.96185054745972,-5.5964460883542895
1789031139788885000,48.20688500976563,0.797269116299413,-7.469611073523759,-6.297050225940346
1789031139798889200,48.21688916015625,2.0470423829009756,-5.359719691467285,-3.2423475982666012
1789031139808892200,48.22689208984375,2.1119851759979498,-7.99947899748087,0.1792652647823103
1789031139818894800,48.236894775390624,0.4560954162597656,-12.428000958141684,-0.0820011145994064
1789031139828898800,48.24689892578125,-0.9941922028472647,-14.13342072819173,-2.4175454186037184
1789031139838901800,48.25690185546875,-1.6680104056427256,-13.159730594092604,-5.226991429193317
1789031139848905700,48.26690576171875,-0.18165999616542822,-10.976818399488925,-6.831406108966469
1789031139858909000,48.27690893554688,1.0268131456679663,-9.980530064612626,-5.871031383514404
1789031139868912600,48.28691259765625,1.3207015455826185,-10.71464922604859,-3.8079771559566256
1789031139878915800,48.29691577148437,0.8053494829703587,-11.766752971649169,-2.4557024230405684
1789031139888919800,48.306919921875,0.3491045706707285,-10.500218539860844,-3.116352151378989
1789031139898923000,48.316923095703125,0.5045780546768567,-8.358156826561688,-3.3132755301877856
1789031139908926700,48.3269267578125,1.3540707654703756,-7.06139852142334,-2.810793041284382
1789031139918930000,48.33692993164063,1.9615993305621027,-6.905625775909424,-2.5802014938905833
1789031139928934000,48.346933837890624,1.80133742953593,-7.859417615839838,-2.7932851493835447
1789031139938936800,48.35693676757813,1.1363479629516602,-9.197925396949055,-3.274071354785561
1789031139948940800,48.36694091796875,0.7869442495041526,-9.85243676866293,-3.2944211921140547
1789031139958943700,48.37694384765625,0.4216787308624013,-9.448718020850418,-3.0274685837894677
1789031139968948000,48.38694799804688,0.2747346496360841,-9.15632438953817,-2.508673842510581
1789031139978950700,48.39695068359375,-0.4287117347717285,-9.366864498028157,-2.41649737085551
1789031139988955000,48.40695483398437,-0.7815571953041013,-9.662849431830642,-2.6689363006591793
1789031139998957800,48.416957763671874,-0.3503016030021478,-9.642945292443036,-2.9174840682432053
1789031140008961800,48.4269619140625,0.2364274139404296,-9.389760804969072,-2.9777881686888636
1789031140018964700,48.43696484375,0.6775590880905277,-9.241168910869956,-2.7702403738826513
1789031140028968700,48.44696875,0.961421604156494,-9.29608766501546,-2.477550389972329
1789031140038972000,48.45697192382813,1.0299556540779302,-9.6080803152889,-2.4462749617427586
1789031140048975600,48.4669755859375,0.6711246711288578,-10.046068412449953,-2.5579047602780163
1789031140058978800,48.47697875976562,0.3302501823646481,-10.36135659713745,-2.9743472344547506
1789031140068982800,48.48698266601563,0.2828150711059569,-10.438868875885008,-3.376722312573343
1789031140078986000,48.496986083984375,0.5039794677291995,-10.089164626854657,-3.43463133457601
1789031140088989700,48.50698974609375,0.2217628739730454,-9.673173841968177,-2.893094161743671
1789031140098993000,48.51699291992188,-0.2645593108467292,-9.599852000647783,-2.2502504314698277
1789031140108996900,48.526996826171874,-0.4855740721495007,-10.112510431128738,-1.6153376403257254
1789031140118999800,48.53699975585938,-0.6479307968803216,-10.82179033486247,-1.3497306013911963
1789031140129003800,48.547003662109375,-0.6733692134940122,-11.12779981907308,-1.8930648867733775
1789031140139007000,48.55700708007812,-0.1110311156894778,-11.000907715606692,-2.607435245513916
1789031140149011000,48.56701098632813,0.11402376729997339,-10.735302137976884,-2.766949077252298
1789031140159013600,48.577013671875,0.3550900588380988,-10.401608528026937,-2.5442884689882397
1789031140169017900,48.58701782226562,0.8375216476938105,-10.078391303905844,-1.9012952472411095
1789031140179020800,48.59702075195312,0.7119757095558104,-10.329483787536619,-1.2403455130428074
1789031140189023700,48.60702368164063,0.1750759233336896,-11.078570801001787,-1.299003892108053
1789031140199027700,48.61702783203125,0.5744587699668947,-10.982651927948,-1.7784430668152866
1789031140209031000,48.62703100585937,1.8433855493850073,-9.756671624866126,-1.8317140537537633
1789031140219035000,48.63703491210938,1.7767969344429202,-9.371802538952231,-1.1689692528322337
1789031140229037800,48.64703784179687,0.9156325430717784,-10.058040005272625,-0.5249288601197303
1789031140239041800,48.65704174804687,1.082029439721629,-10.092158547973632,-0.5351040710449221
1789031140249045000,48.667044921875,1.3947720589790027,-9.514855503624675,-0.9644143562316894
1789031140259048700,48.67704858398437,0.9826700708251447,-9.606884968024492,-0.8619131821781396
1789031140269052000,48.68705200195313,0.2449568087287305,-9.877277195408938,-1.0506051776058971
1789031140279056000,48.697055908203126,0.2412158720596692,-9.435098076298832,-1.5984282988399268
1789031140289058800,48.70705883789063,0.531363197166298,-8.615233645299076,-1.7559975723817942
1789031140299062800,48.71706274414063,0.4602852782981935,-8.173205332836508,-1.7536032245911657
1789031140309065700,48.72706567382812,0.2789244386092759,-8.120384427753091,-1.9009961181640624
1789031140319070000,48.73707006835937,0.511760650524171,-8.210913424462078,-2.0440501057498155
1789031140329072600,48.74707275390625,0.9196726761749013,-8.419060500335693,-1.7453725718624888
1789031140339076900,48.75707690429687,0.3414730300460942,-8.981097001969815,-1.3540697996392845
1789031140349079800,48.767079833984376,-0.09741408004760749,-9.739162856182459,-1.106270658465475
1789031140359083800,48.77708374023437,-0.3286041961227544,-9.848548529052735,-1.2167035023011268
1789031140369086700,48.78708666992188,-0.12734160079956058,-9.180715903472901,-1.5509939091004432
1789031140379090700,48.79709057617188,0.43559506454467767,-8.327631924438476,-1.6249147392272947
1789031140389094000,48.80709399414062,0.8150760276794433,-8.182183004540203,-1.3386581493653356
1789031140399097900,48.81709790039063,0.8403648192474618,-8.74631735523641,-1.2602473143428563
1789031140409100800,48.82710083007812,0.8411129342010244,-9.351901322174072,-1.4058454334534705
1789031140419104800,48.83710473632812,0.9579799758026375,-10.116998390197754,-1.1653772196896375
1789031140429108000,48.84710791015625,0.8870517516205085,-11.101764629584551,-0.8363250058047472
1789031140439111700,48.85711157226562,0.17133501977231347,-11.402086131286621,-1.1581951992310582
1789031140449115000,48.86711499023438,-0.10429744635317484,-10.853064009526372,-1.5221129747919737
1789031140459117800,48.87711791992187,0.47285479134824127,-10.537629694366453,-1.2987049091614784
1789031140469121800,48.88712182617188,1.0365396812438963,-10.63713694730103,-1.2400459455743431
1789031140479124700,48.89712475585937,0.9703998238494618,-10.455327843254805,-1.891868078204244
1789031140489128700,48.90712866210937,1.0932523330688477,-10.296265408545732,-2.1278474561162293
1789031140499132000,48.9171318359375,1.043722249691747,-10.67604389332235,-1.731456420843303
1789031140509135600,48.92713549804687,0.8265980866363272,-10.82792723018229,-1.7473180068418381
1789031140519138800,48.93713891601563,0.43035774841308594,-10.057740145543216,-2.5049327562861143
1789031140529142800,48.947142822265626,0.3359363839080557,-9.262418035125732,-2.696768894958496
1789031140539145700,48.95714575195313,0.46552254876401267,-8.87500510994792,-2.519897393444926
1789031140549149700,48.96714965820313,0.44547114639282226,-8.669554433551427,-2.5833441758304834
1789031140559153000,48.97715283203125,0.4538508522033692,-8.91181654499471,-2.489371176147461
1789031140569156900,48.98715698242187,0.473004465484619,-9.97933179473877,-1.7803887940555811
1789031140579159800,48.997159912109375,0.2573766784667969,-11.169400241962075,-1.6482580592833458
1789031140589163800,49.00716381835937,-0.37514143609311434,-11.093384923774003,-2.603245538739115
1789031140599167000,49.0171669921875,-0.8185177656311542,-9.806351309314373,-3.3577178985044362
1789031140609171000,49.0271708984375,0.1405097099304199,-8.953115939110516,-2.450016486358643
1789031140619174000,49.037173828125,0.8084919000487774,-8.767267204284666,-1.3117229422971604
1789031140629177900,49.047177734375,1.0999859887054189,-8.883833144047857,-1.2394473951593044
1789031140639180800,49.05718090820312,0.7872433968475088,-9.181164816284179,-1.6546926223754888
1789031140649184800,49.06718481445313,0.1988683753967285,-9.485825223973393,-1.9050360412046312
1789031140659187700,49.07718774414062,-0.16460136413574228,-9.674818102043865,-2.2381293471738695
1789031140669192000,49.08719189453125,0.1532288697173819,-10.117745993694664,-2.733879020690918
1789031140679195000,49.09719482421875,0.5093664397308602,-10.499621743011472,-2.923020659582317
1789031140689198800,49.10719873046875,0.43260231246948233,-9.78659856109619,-3.448548800769448
1789031140699201800,49.11720190429688,0.7314285706451162,-7.986905931633711,-3.8284777999326582
1789031140709205800,49.12720581054688,1.1203367210830562,-6.298247911292314,-3.127575263921916
1789031140719208700,49.13720874023438,1.5682021239349617,-5.849931312340498,-1.9829969405025245
1789031140729212700,49.14721264648438,1.7123030267577617,-7.709179123577474,-0.8640072318479417
1789031140739216000,49.1572158203125,0.6551133927276357,-11.447875238037106,-1.329829384613037
1789031140749219800,49.1672197265625,-0.8749311605148947,-12.381915498793123,-4.170102202881872
1789031140759222800,49.17722290039063,0.5223848381927235,-9.352949954444169,-5.925948968616128
1789031140769225700,49.18722583007813,1.9921253640548324,-7.199065116882323,-3.6041713241577154
1789031140779230000,49.19722998046875,1.68851062949365,-6.759131146350502,-1.7486656220585104
1789031140789232600,49.20723266601563,0.6165070188217796,-6.185119544762372,-2.5005937041684985
1789031140799236900,49.21723681640625,1.1366472198928705,-7.124096677398684,-1.658284217126667
1789031140809239800,49.22723974609375,0.3987842277195071,-10.87865379333496,-1.7419316376283764
1789031140819244000,49.237244140625,-0.6780079780689208,-13.52873458687663,-3.576188507732749
1789031140829247200,49.247247314453126,-0.3669114226852544,-10.469395531573891,-5.296721968023479
1789031140839251200,49.257251220703125,1.185429023919627,-7.0274313698917625,-2.9297546440124504
1789031140849254400,49.26725439453125,0.8807669768291758,-8.211511974877117,-0.2521393623352046
1789031140859258400,49.27725830078125,0.0017955473554844992,-8.922142124176025,-2.2245126174926755
1789031140869261300,49.28726123046875,0.4876689212557351,-8.345738659015296,-3.863792274419963
1789031140879265300,49.29726538085937,0.6661866792954912,-9.025391486248372,-2.6074352455139156
1789031140889268500,49.3072685546875,0.48303020091954385,-9.42178266765177,-2.3912089080810546
1789031140899272400,49.3172724609375,0.6673836351367413,-8.283639637976885,-3.323900384576618
1789031140909275400,49.327275390625,0.9404722756980453,-8.622866916656493,-2.38447550817281
1789031140919279400,49.337279296875,0.5814917556099128,-10.087220507049562,-1.4140753555297851
1789031140929282300,49.3472822265625,-0.2147299979278817,-10.250175273022055,-2.0474913322448733
1789031140939286500,49.35728662109375,-0.6935701838286592,-7.958474202397467,-3.774010004425048
1789031140949289200,49.36728930664062,0.05880754174496977,-5.911283898925784,-3.8658872008725997
1789031140959293400,49.37729345703125,1.054645886097755,-6.313359555706381,-2.754977338299155
1789031140969296400,49.38729638671875,1.3790602658478541,-9.177871035435794,-1.5523396246209744
1789031140979300400,49.39730029296875,0.38097730263974516,-11.775282899585367,-1.3364137314394116
1789031140989303300,49.40730322265625,-1.3018473353730513,-12.40196693769693,-1.540370369885862
1789031140999307500,49.4173076171875,-2.423829723037593,-11.969062427410481,-2.1672008307307955
1789031141009310200,49.42731030273438,-1.7256208100249988,-10.085424855804446,-3.8476317054748534
1789031141019313400,49.4373134765625,0.1654992262909189,-8.213458432769777,-4.267365768542885
1789031141029317400,49.4473173828125,1.5548840849393974,-8.065618233820794,-3.0882214509159325
1789031141039320600,49.457320556640624,1.7658735080994663,-9.406967960357663,-1.7580916220515963
1789031141049324300,49.46732421875,0.9684545350005851,-10.391284117889402,-1.51927117549479
1789031141059327500,49.477327392578125,-0.6018424788543952,-10.508301893073323,-2.0688898018434645
1789031141069331500,49.48733154296875,-0.8369233370240776,-10.876261929762364,-2.4747075677618384
1789031141079334100,49.497334228515626,-0.2235587261475623,-11.092636735755207,-3.138948598590493
1789031141089338400,49.50733837890625,0.11641790959462522,-10.937312903052568,-3.793612530517578
1789031141099341300,49.51734130859375,0.5843348792145029,-10.871469434788823,-4.03482776325643
1789031141109345500,49.52734545898438,0.7760206861633807,-10.849323069432376,-3.8085757063716645
1789031141119348200,49.53734814453125,0.6836942481109871,-10.641925935143231,-3.447051840209961
1789031141129352400,49.5473525390625,0.2862566446608864,-10.371084210425613,-2.9638720176696776
1789031141139355400,49.55735546875,-0.1605612036331556,-10.126426728278398,-2.5803509853638706
1789031141149359400,49.567359375,-0.1990180495331063,-9.888502353778481,-2.7138278740480537
1789031141159362300,49.5773623046875,0.0344167219299823,-9.53909621091187,-2.9448674574702975
1789031141169366300,49.5873662109375,0.2825158324310557,-9.18086437203288,-2.7468967615656554
1789031141179369500,49.59736938476563,0.4343978632498998,-8.922292346301674,-2.3772927570618694
1789031141189373200,49.60737329101563,0.3318960772749967,-8.776396267157793,-2.1464025189824403
1789031141199376400,49.61737646484375,0.15652095179902392,-8.619873580059409,-2.0646999489381908
1789031141209380400,49.62738037109375,-0.20664958102458608,-8.35696147929728,-2.1040550771184265
1789031141219383300,49.63738330078125,-0.7716811088893795,-8.571839909252525,-2.4366990318849684
1789031141229387300,49.64738720703125,-1.090858058343455,-9.239372675102949,-2.8262054222106934
1789031141239390500,49.657390380859376,-0.7634510817817878,-9.539846152496338,-2.948160361535847
1789031141249394400,49.66739453125,0.1446996085014659,-9.116220927208662,-2.798373266302794
1789031141259397400,49.6773974609375,0.5547066245369148,-8.84178673095703,-2.4917649394162
1789031141269400300,49.687400390625,0.4845265701072757,-9.242066736492514,-2.377741085351258
1789031141279404300,49.697404296875,0.5276221360580065,-9.88865257590413,-2.417994185284525
1789031141289407200,49.7074072265625,0.7020996779400156,-10.414327139824628,-2.1996723368771374
1789031141299411200,49.7174111328125,0.5469255011074478,-10.279952571648357,-1.9410994343630967
1789031141309414400,49.72741430664063,0.7718307670427369,-9.494205514305829,-1.7076643341064455
1789031141319418400,49.73741845703125,1.2883798277370864,-8.786720092773436,-1.4888945958010853
1789031141329421300,49.74742138671875,1.322646842423006,-8.86138808800578,-1.0675145190916955
1789031141339425300,49.75742529296875,0.5921160254768562,-9.639354574474693,-0.4932056881226601
1789031141349428500,49.76742846679687,0.1029506805198732,-10.531194692882897,-0.5536586955197154
1789031141359432400,49.77743237304688,-0.0222959687108756,-10.958260414013266,-0.90680329426229
1789031141369435400,49.78743530273437,0.0959176994434324,-10.291924748992919,-1.369033852276206
1789031141379439400,49.797439453125,0.40297401669269883,-8.958354424285888,-1.9008467728212475
1789031141389442600,49.807442626953126,0.7879915665999985,-8.45347831824422,-2.0401587973996995
1789031141399446300,49.8174462890625,1.182735610984033,-9.04469707522094,-1.79206096554026
1789031141409449200,49.82744921875,0.5819406044891102,-10.05519805984497,-1.628805463055521
1789031141419453400,49.83745336914063,0.2798223555633798,-10.326938194707036,-1.4504365625910458
1789031141429456400,49.84745629882813,0.2015618522644043,-9.899724589538575,-1.579274831689149
1789031141439460400,49.85746044921875,0.11432314753876999,-9.27618411014974,-1.9122189384460446
1789031141449463300,49.86746337890625,0.2528875320876949,-8.79090877663493,-2.181566186822206
1789031141459467500,49.87746752929687,0.605134433071874,-8.832658837127685,-2.065148423358053
1789031141469470200,49.88747021484375,0.6223427940368651,-9.591770401000975,-1.658733129937947
1789031141479474400,49.89747436523437,0.6076783088684081,-10.562918449401854,-1.4893429240904748
1789031141489477400,49.90747729492188,0.3263595772674308,-10.802937750354406,-1.6343419082641597
1789031141499480300,49.91748022460938,0.5500678314208983,-10.436474089702964,-1.4704887321472166
1789031141509484300,49.927484375,1.0018237206390126,-10.181043869128821,-1.1385919424861668
1789031141519487500,49.93748754882812,1.1821370697021485,-9.89717899670899,-1.3848955844052133
1789031141529491500,49.94749145507812,1.273864993872121,-9.421931136211754,-1.8504190464846788
1789031141539494400,49.95749438476562,1.5122376235961914,-8.996662819892167,-1.854159986578673
1789031141549498400,49.96749829101562,1.5243581964354962,-8.8860806307137,-1.5930426602788266
1789031141559501300,49.977501220703125,1.1559504890441894,-8.952219282531736,-1.4676454715453087
1789031141569505500,49.987505615234376,0.5445312035491688,-9.002198242187498,-1.4534298991881311
1789031141579508200,49.99750830078125,-0.033069910430908234,-9.268253317150473,-1.7069154154352844
1789031141589512400,50.00751245117188,-0.5014356467315927,-9.831488088658453,-2.3458676912285386
1789031141599515400,50.01751538085937,-0.5092167290618643,-10.529251157599687,-2.7498908288151025
1789031141609519400,50.02751928710938,-0.23418283161772413,-11.212047543555498,-2.523189712988585
1789031141619522300,50.03752221679687,-0.08933366771088902,-11.444882485961912,-2.1894971259519456
1789031141629526300,50.0475263671875,0.3624222397735341,-10.67395072043538,-2.143110345569253
1789031141639529500,50.057529541015626,0.7101800674438474,-9.403974039238692,-2.2999299697875975
1789031141649533200,50.067533203125,1.1831844415969215,-8.920048366767167,-2.1444570840030908
1789031141659536400,50.07753637695313,1.2635398165496068,-9.313894539862872,-2.1095918145880104
1789031141669540400,50.087540283203126,0.8464999062026849,-10.038439817267657,-2.5252850778326392
1789031141679543300,50.09754321289063,-0.040402153015136694,-10.402807382422687,-3.204638629858196
1789031141689547300,50.10754736328125,-0.20919337005615238,-10.341154351586102,-3.0957024543210863
1789031141699550500,50.11755053710937,0.2147299065963364,-10.1892745218575,-2.798522465515137
1789031141709553200,50.12755322265625,0.2313396988799794,-10.148421702465415,-2.737021118108928
1789031141719557400,50.13755737304688,0.4185363868492189,-10.75086386424601,-2.5128645721986893
1789031141729560300,50.14756030273438,0.1396118843078612,-11.39550207672119,-2.4699182876586914
1789031141739564500,50.157564453125,-0.8165725178814726,-10.676195284491776,-3.2055367477416987
1789031141749567200,50.16756713867188,-0.3164836187168723,-9.374496015819908,-3.593098141479492
1789031141759571200,50.1775712890625,1.4505869468301884,-8.93725669119954,-2.804208694458008
1789031141769574400,50.18757446289062,1.6017210533500703,-8.93246536526978,-2.790441158129274
1789031141779578400,50.19757836914062,0.9885060911905087,-8.630797125133874,-3.1518165557309983
1789031141789581300,50.20758129882813,1.0649709115815755,-8.676734700444339,-3.320158567699789
1789031141799585300,50.21758520507812,1.230619582538365,-8.435073477503659,-3.9712323661804203
1789031141809588500,50.22758837890625,1.0947486908401363,-6.455217757636306,-4.432415460968017
1789031141819592200,50.23759228515625,1.90144496704326,-5.72692920204997,-1.5907970733091237
1789031141829596000,50.24759594726562,2.1900959275287346,-8.481908878436684,1.0531491630002865
1789031141839599900,50.25759985351562,0.14514849391328172,-11.893347553473712,-0.6871358764648439
1789031141849602800,50.26760278320312,-0.9311948333131962,-12.148029001507162,-3.8253357025146477
1789031141859606800,50.27760668945312,-0.1367688885674345,-11.130945131361484,-4.145411121478676
1789031141869609700,50.28760961914063,0.4682160119319567,-9.728091427069902,-2.8987799522951243
1789031141879614000,50.29761401367188,0.8304885958354221,-6.610840865546464,-3.5664626480102535
1789031141889617000,50.30761694335938,1.6587327417788795,-4.37929528067708,-3.504663194440305
1789031141899620900,50.317620849609376,1.7847275356459433,-5.516840344458818,-1.1939590249210599
1789031141909623800,50.32762377929687,1.0063129629162373,-7.782052052086591,-1.657236461639404
1789031141919627000,50.337626953125,0.482880545049475,-9.809195008307695,-3.603273206274211
1789031141929630700,50.34763061523437,0.1304840464190871,-11.182865288212895,-3.7386952376767995
1789031141939634000,50.35763403320313,-0.2272994949949089,-11.807303008702396,-2.4700673407405613
1789031141949638000,50.367637939453125,-0.2546832632479141,-11.300781473541258,-2.206705450384318
1789031141959640800,50.37764086914063,-0.2784756216961191,-8.290222523498535,-3.7867292007446287
1789031141969644800,50.38764477539063,-0.033668428879906405,-4.9955017639160175,-3.493290152032673
1789031141979648000,50.39764794921875,0.4632780440731207,-5.495738519719243,-1.9234408819451927
1789031141989652000,50.40765185546875,0.14110822837941822,-10.875960900989174,-1.2336118208736178
1789031141999654700,50.41765454101562,-0.4964975784080568,-13.690792696270346,-2.0238488831117754
1789031142009659000,50.42765893554687,-0.0463877758965362,-12.115559395056962,-3.1224884621769187
1789031142019661800,50.437661865234375,0.4067149339538068,-11.269357576751709,-2.598456697027385
1789031142029666000,50.447666015625,-0.2483985135727561,-11.126903747016192,-2.4364000489383937
1789031142039668700,50.45766870117188,-0.41374790133051564,-8.36309545200765,-4.097525626970827
1789031142049673000,50.4676728515625,0.23433254228672018,-6.479007798546553,-4.219330636431277
1789031142059676000,50.47767602539062,0.9786299651214853,-8.469637425884605,-2.6027964797973633
1789031142069679600,50.4876796875,0.35030163040161144,-12.055254271697997,-2.014571059417725
1789031142079682800,50.49768286132812,-0.7137712603362276,-11.419890668046476,-3.3461955107539896
1789031142089686800,50.50768676757812,-0.4297593075959012,-8.976310936737061,-3.8869866875246166
1789031142099690000,50.51768994140625,0.48572351567372674,-7.857471742469073,-4.115333670862019
1789031142109693000,50.52769287109375,0.8400656901704147,-7.855522946488857,-4.681710832048952
1789031142119697000,50.53769677734375,0.25528186161201444,-8.384194354137778,-4.91305115198344
1789031142129699800,50.54769995117187,0.010773980535939365,-9.921869201329349,-3.5289027326837177
1789031142139703800,50.55770385742188,-0.5276223369874059,-10.685921144214271,-2.607435245513916
1789031142149706800,50.56770678710937,-1.676390001855418,-9.338283715710043,-2.79343449472636
1789031142159711000,50.5777109375,-1.3422495249208062,-6.7365376217484485,-3.446753149524331
1789031142169713700,50.58771362304688,0.06344649012461301,-5.218161933788657,-3.549404253442585
1789031142179718000,50.5977177734375,0.5020341240813954,-6.030545069122317,-2.807800581470132
1789031142189720800,50.607720947265626,0.18959077089838683,-9.610624739074707,-1.5053545860841868
1789031142199724800,50.617724853515625,-1.0241197235992177,-12.29602117614746,-1.2972083869934081
1789031142209727700,50.62772778320313,-3.0276173811430107,-11.712432767918706,-2.1452046874999997
1789031142219731700,50.637731689453126,-3.2863410903045907,-8.948030014148356,-2.613869662475586
1789031142229735000,50.64773486328125,-0.9895536197938024,-6.8246730013191685,-2.043451409204304
1789031142239739000,50.65773876953125,0.8693945874420925,-6.330867155346276,-1.7938555938720702
1789031142249741800,50.667741943359374,0.7462427664825693,-7.2158256975471975,-2.193537633514404
1789031142259745800,50.67774584960937,0.15936415760200473,-8.841337233623861,-3.191619866070151
1789031142269749000,50.6877490234375,-0.6839934319869615,-10.096496869438885,-3.8907267508357757
1789031142279753000,50.6977529296875,-1.6214731474060564,-10.639533487048745,-4.229955783081055
1789031142289756000,50.707755859375,-0.7730278610229492,-10.675147821265458,-4.219331805475056
1789031142299758800,50.7177587890625,0.6851905282504623,-10.13196331961751,-4.073136451123655
1789031142309763000,50.72776318359375,1.4597147675942976,-9.75472692053914,-3.920655148370564
1789031142319765800,50.737765869140624,1.6753425660285632,-10.06791842520833,-3.713855395452678
1789031142329769700,50.74776977539062,1.0465652910979464,-10.866233872222903,-3.769072255761921
1789031142339773000,50.75777294921875,-0.0206500075851567,-11.046397547149658,-4.055477752575278
1789031142349776600,50.76777661132813,-0.21592706222534178,-10.639681955608724,-3.927986221911013
1789031142359779800,50.77777978515625,-0.08274957661284138,-10.384249981468917,-3.325395883831382
1789031142369783800,50.78778369140625,-0.15053546591494232,-10.787375439563393,-3.2185555115297433
1789031142379787000,50.797787109375,0.05416877602841713,-11.006742997631429,-3.478325514873862
1789031142389790700,50.80779077148438,0.442478430850245,-10.264540482982992,-3.4819168173640964
1789031142399794000,50.8177939453125,0.6283282616546376,-9.14180895745158,-3.28514366068095
1789031142409798000,50.8277978515625,0.8834604491302742,-8.04197490790486,-3.233069920703024
1789031142419800800,50.83780078125,1.0667664772033691,-7.132324992039798,-3.283048880358785
1789031142429804800,50.8478046875,0.691176018701121,-6.579116524505614,-3.406051721301675
1789031142439808000,50.85780810546875,-0.5841852050781249,-6.7215721078068,-3.3034003251224755
1789031142449812000,50.86781201171875,-1.5174750127930194,-7.715165212249755,-2.871994967352599
1789031142459815000,50.87781494140625,-0.6250362709045411,-8.780584951019287,-2.1537335925228893
1789031142469817900,50.88781787109375,0.2516904495239258,-8.564059338378907,-2.4158992588318884
1789031142479821800,50.89782177734375,0.979826956353709,-8.167070775604246,-2.6690860843934114
1789031142489824800,50.90782470703125,0.8539818046569824,-8.618226981896163,-2.270151355987042
1789031142499828700,50.917828857421874,0.04967968444824222,-9.395596671515703,-1.9330192960210146
1789031142509832000,50.92783203125,-0.6118680887084453,-10.146927664515374,-1.817499212048948
1789031142519836000,50.9378359375,-0.9099462684631348,-10.98773960647583,-2.129642668969929
1789031142529838800,50.9478388671875,-0.8138789268493651,-11.506084265899657,-2.373551963098347
1789031142539842800,50.9578427734375,-0.6202477945189923,-11.98926408843994,-2.2038620436519385
1789031142549846000,50.96784594726562,-0.5291186399597675,-12.160598560222983,-1.9930232444763185
1789031142559849700,50.977849609375,0.11222805668935176,-11.78036882454753,-2.087594356182963
1789031142569853000,50.98785302734375,0.5071217660766095,-11.212644924926757,-2.3201313385561106
1789031142579857000,50.99785693359375,0.4851250383239238,-10.470741685485837,-2.6044419089168307
1789031142589859800,51.00785986328125,0.5512649322509766,-9.493008997997642,-2.9970920040957627
1789031142599863800,51.01786376953125,0.8927379440307617,-9.19912249777913,-3.3692408707767725
1789031142609866800,51.02786669921875,0.7989150934081524,-10.605116253662109,-2.884713579150289
1789031142619871000,51.03787109375,-0.2765303648132832,-12.697797557720541,-2.2852656307496133
1789031142629873700,51.04787377929687,-1.2867338277954605,-13.24247960444987,-2.7108352681033314
1789031142639876900,51.057876953125,-0.8041524826049804,-11.172391240471603,-3.3810618030823765
1789031142649880800,51.067880859375,0.11357494125366208,-8.777741252025962,-3.2252892036989333
1789031142659883800,51.0778837890625,0.8939349717956036,-7.661444727978109,-2.775477982275188
1789031142669887700,51.0878876953125,1.0835258888244628,-7.945906397247314,-2.486827483014017
1789031142679891000,51.09789086914063,0.3016693361144513,-8.889820401763915,-2.785653485461324
1789031142689895000,51.10789501953125,-0.7012018842834976,-8.99591346282959,-3.590105681665242
1789031142699897900,51.11789794921875,-0.9897030382018537,-8.832061455756426,-3.6411316661559043
1789031142709901800,51.12790185546875,-0.7616554762024432,-9.199269212773443,-2.8091461508601903
1789031142719905000,51.13790502929688,-0.6286277195252478,-10.45203756953776,-2.002450559643656
1789031142729909000,51.14790893554687,-0.6320692382812498,-11.534964323425292,-1.7999907356262206
1789031142739911700,51.15791162109375,-0.6721722256867215,-10.68637005702555,-2.7359742394044995
1789031142749916000,51.167916015625,-0.21996731405947356,-8.342894375500082,-3.8983582686275238
1789031142759918800,51.1779189453125,0.5544072853973135,-6.7919011970520025,-3.8163577385500074
1789031142769923000,51.18792309570313,1.0081084999969228,-6.981640509575604,-2.5793030837461353
1789031142779925800,51.19792578125,0.8562263321807608,-8.451980773162841,-2.1860554610654708
1789031142789930000,51.20792993164063,0.24001875296328223,-9.747245040351153,-2.924816310827434
1789031142799933000,51.21793286132812,-0.5259762137481943,-9.860369899749756,-4.188805734308064
1789031142809936000,51.227935791015625,-0.7142203192779794,-9.004889965489506,-4.981136553955078
1789031142819939800,51.23793994140625,0.09292495193481448,-8.081626534813642,-4.6616596854060885
1789031142829942300,51.2479423828125,1.9448397899352012,-9.014019612884521,-3.188777920642495
1789031142839946200,51.2579462890625,2.3175871704986317,-11.706899099189041,-2.538901222991943
1789031142849949400,51.26794946289063,0.5988496537139639,-13.39421155014038,-3.143736417388916
1789031142859953400,51.27795336914063,-0.370951619720459,-12.419171170476076,-4.175336888664961
1789031142869956400,51.28795629882813,0.14963753069452945,-10.022427424621581,-4.529231282861531
1789031142879960300,51.29796020507813,0.4607342185089365,-8.240095095282793,-3.7520138611942526
1789031142889963300,51.30796337890625,-0.3006218728881329,-6.950219535395502,-2.8719948212221262
1789031142899967200,51.31796728515625,-1.8076222168853504,-3.9878444782853126,-3.6167417596563696
1789031142909970200,51.32797021484375,-1.4142251392640173,-1.1251239736258984,-4.52294650350362
1789031142919974400,51.33797436523437,1.823783005026169,-2.614019884601235,-2.0554224175050853
1789031142929977300,51.34797729492188,0.2410661065917462,-10.580424879997967,0.13093290328979457
1789031142939981300,51.357981201171874,-2.811690538113378,-17.272220273700356,-1.8489225243166088
1789031142949984300,51.367984375,-1.8685247946808108,-15.141080936431884,-4.008791696985066
1789031142959987500,51.37798754882812,0.7136216592650859,-8.537423844909666,-4.041561747686565
1789031142969991200,51.3879912109375,2.3249194861480964,-3.877261120063067,-3.55613765335083
1789031142979994400,51.39799438476562,2.253093399810791,-4.095732021552324,-3.67719505931437
1789031142989998300,51.40799829101562,0.7231986120361833,-9.379885307642818,-3.6638776048406956
1789031143000001500,51.41800146484375,-0.8105870091645047,-13.869160135430096,-4.276941698400676
1789031143010005200,51.42800512695312,0.19482816009521486,-10.003421695378425,-5.374832212664186
1789031143020008400,51.43800854492188,1.9949684967925767,-6.025305414903165,-5.844245375658572
1789031143030012400,51.44801245117188,2.5481787909576665,-12.166886262190342,-5.043387258423865
1789031143040015000,51.45801513671875,-0.2072481177398935,-21.262155586785077,-5.340865061132609
1789031143050019300,51.46801928710938,-1.0389339559692887,-19.214068042212723,-6.243480256055295
1789031143060022300,51.47802221679687,1.2973579515319318,-11.6171153678894,-5.5367409767150875
1789031143070026500,51.48802661132813,2.2276550437042486,-7.246050155419112,-3.437624086651206
1789031143080029200,51.498029296875,1.4899416937012224,-6.514772354888916,-1.9262854577213524
1789031143090033400,51.508033447265625,-0.10729012536313387,-6.970417689293623,-1.67594086984843
1789031143100036400,51.51803637695313,-1.1469722876175303,-5.427656332617999,-2.0380644554689527
1789031143110039300,51.52803930664062,-1.109113955600001,-2.0846026270210745,-1.5426149339422581
1789031143120043300,51.53804321289063,-0.5213374662979506,0.8524848440974946,-0.4384384712770584
1789031143130046500,51.54804638671875,0.6798035151496064,1.2469295676082375,-0.5092176423773171
1789031143140050400,51.558050537109374,1.8969558252307352,-0.41868601531982463,-1.0983403038576247
1789031143150053400,51.56805346679688,1.8142063650656135,-2.843413162121176,-1.0339949651971456
1789031143160057300,51.57805737304688,0.8324338835426547,-5.882104566192627,-0.6482298072263597
1789031143170060300,51.58806030273438,0.029029717962280897,-9.968707524871824,-0.23687632675170844
1789031143180064300,51.598064208984376,-1.8522142502052243,-14.167989937269688,-0.7627031586244697
1789031143190067200,51.60806713867188,-4.93729294611602,-15.795296540069577,-1.5264534882143137
1789031143200071400,51.61807153320313,-4.011035950514208,-13.106159747424721,-2.0076880219057203
1789031143210074400,51.62807446289062,-1.2789525491023668,-8.192809612494706,-1.6039651824399828
1789031143220078300,51.63807836914062,0.46806632409584703,-5.326950809809567,-1.150714049695432
1789031143230081300,51.64808129882813,1.6157868088653309,-5.627572171241044,-1.0818795829221601
1789031143240085200,51.65808520507812,2.3002293911255896,-9.643992171147465,-0.5114604528680444
1789031143250088200,51.668088134765625,0.543633460125001,-13.991564864349364,-1.3826508742183445
1789031143260091400,51.67809130859375,-2.5040357891800813,-15.485397647204994,-3.7777512367799875
1789031143270095400,51.68809545898438,-2.893093367159227,-16.421830356055498,-5.835417341558635
1789031143280098300,51.69809838867187,-1.532438581372751,-19.22498866467774,-6.925825391112268
1789031143290102300,51.70810229492187,-1.5366285164764153,-20.978443274578446,-7.8429557258605955
1789031143300105200,51.718105224609374,-0.49350475326762533,-21.304055284881592,-7.770231850433349
1789031143310109400,51.728109375,1.3928268340622072,-17.472434218487145,-5.810877066802979
1789031143320112000,51.73811206054688,3.901800444970652,-12.374728802159428,-3.2742192388236524
1789031143330116400,51.748116455078126,5.9992709560669955,-9.85692765034139,-2.689435775591433
1789031143340119300,51.75811938476563,5.104288265316747,-8.155399627032875,-3.6589383948728447
1789031143350123500,51.76812353515625,3.7612907350402325,-6.474369032829999,-4.226064620861411
1789031143360126200,51.77812622070312,2.2652140457153322,-4.719868128746748,-4.597764866992086
1789031143370130200,51.78813012695313,1.092953130926564,-3.2020944983333353,-4.531176279449463
1789031143380133400,51.79813330078125,0.7387608497619629,-2.1999714659541842,-4.068796376092732
1789031143390137000,51.80813720703125,0.8429086219787597,-1.5578782617866969,-3.4145812108464537
1789031143400140300,51.818140380859376,1.0761936462402344,-1.1224304967582217,-3.0750521727412936
1789031143410143500,51.8281435546875,0.8731354179382323,-0.8354255727469919,-2.574365188952535
1789031143420147500,51.8381474609375,0.3350385582854971,-0.8321335454642771,-1.6816270987913011
1789031143430150100,51.84815014648437,0.05207384957578032,-1.0196306320190427,-0.9147346717834475
1789031143440154400,51.858154296875,0.1394622467041015,-1.4190110583662996,-0.7230480245843527
1789031143450157300,51.8681572265625,0.21083934716489172,-2.2327415166556834,-1.0594342346191405
1789031143460161300,51.87816137695312,0.34177228698730466,-3.238457605090738,-1.5548846329286692
1789031143470164200,51.88816430664063,0.1294364907195792,-5.010016611480713,-2.1260507819578054
1789031143480168400,51.89816845703125,-1.9981109230041498,-8.79120922088623,-2.8393729468196622
1789031143490171100,51.90817114257813,-5.9850552375793455,-15.166668382152913,-2.539200205938518
1789031143500175400,51.91817529296875,-4.993706112670899,-21.54437444556355,-2.6818060113653543
1789031143510178300,51.92817822265625,-0.9409213255066425,-24.771905582970383,-3.0223800284788016
1789031143520182300,51.93818237304688,-0.8860041057310998,-25.222018417689203,-2.8693013443544504
1789031143530185200,51.94818530273437,-3.050512263311818,-21.172672884258624,-2.7617110304683448
1789031143540188400,51.9581884765625,-1.3660417577881367,-14.31942026966512,-2.027439308819175
1789031143550192400,51.9681923828125,1.2699741969786582,-9.333495312389733,-1.2375029830932613
1789031143560195300,51.9781953125,2.3826794185362754,-7.159559620445966,-0.8637079566404227
1789031143570199300,51.98819921875,2.77293436220698,-6.823474731445312,-1.1794435928344722
1789031143580202200,51.9982021484375,3.320458281298727,-7.621041990441084,-2.1661533675044775
1789031143590206500,52.00820654296875,3.6804864290099593,-8.785972489276528,-3.5929479193538425
1789031143600209200,52.01820922851562,3.416226493835449,-9.365369291034341,-4.537012145996094
1789031143610213400,52.02821337890625,3.005920184326172,-9.395445280346273,-4.633528400421143
1789031143620216300,52.03821630859375,2.537255063220113,-9.215430658501386,-3.912424203380942
1789031143630220300,52.04822021484375,2.336890604046732,-9.08375190528035,-3.2921766280576583
1789031143640223200,52.05822314453125,1.9324197226926683,-9.264211932805178,-3.0781944162897767
1789031143650227200,52.06822729492188,0.6284777896605431,-9.323768868145349,-3.3481405073419213
1789031143660230400,52.07823046875,-0.1699883178710937,-8.470535836029052,-3.8871363251283766
1789031143670233300,52.0882333984375,0.5144539355956017,-7.180060556682944,-3.6275144980832934
1789031143680237300,52.0982373046875,0.892139539746195,-6.615778906470537,-2.5134634148746726
1789031143690240300,52.108240234375,0.8994714900694789,-6.896645181596279,-1.7338500379815698
1789031143700244500,52.11824438476562,0.7574655502319336,-7.875127810668943,-1.7169424500614405
1789031143710247200,52.1282470703125,0.28954861714467395,-8.932915447124836,-2.291101643426716
1789031143720251400,52.13825146484375,0.054019028826802984,-9.43001098229289,-3.369987889751792
1789031143730254300,52.14825439453125,-0.21443068618774408,-9.325415466308593,-3.59788625253886
1789031143740258300,52.15825830078125,-0.23268661997690798,-9.501987254223229,-3.0162445944637057
1789031143750261200,52.16826123046875,-0.04504091873168958,-10.792312311443686,-2.3603835617065423
1789031143760265500,52.17826538085937,0.2928409366883338,-12.294375747027992,-2.526630939483643
1789031143770268200,52.18826806640625,0.4743510577879848,-12.404657491955163,-2.9921535247802735
1789031143780272000,52.19827221679687,0.8016084972105919,-10.794856150707602,-3.1777041534423827
1789031143790275300,52.208275390625,1.3293804718017577,-9.036016340637206,-3.1670798835754392
1789031143800279300,52.218279296875,2.0901379031859335,-7.980921596527099,-3.033603433282673
1789031143810282200,52.2282822265625,2.6339211013793946,-8.146121511077883,-2.861220913751423
1789031143820285400,52.23828540039062,2.731933439581096,-9.09721636700928,-2.8532886594474314
1789031143830289400,52.24828930664062,2.2706009994506835,-9.966612598419191,-3.1135090369075535
1789031143840292000,52.2582919921875,1.6175824966430665,-10.406097656139734,-3.3930323729917404
1789031143850296300,52.26829638671875,1.1562496181212363,-10.543913889202477,-3.3654993461608886
1789031143860299300,52.27829931640625,0.9434650917053222,-10.287736065131426,-3.116502081243694
1789031143870303500,52.28830346679688,1.1973999591551723,-9.558549099400638,-2.944717527605593
1789031143880306200,52.29830615234375,1.6117467762269078,-8.60521084845662,-2.8281512955814603
1789031143890310400,52.30831030273438,1.709310493878275,-7.980623490363358,-2.536058108520508
1789031143900313300,52.31831323242187,1.2783539027892052,-7.726237225884199,-2.4705168380737303
1789031143910317300,52.3283173828125,0.8509891987122596,-7.7679884554207295,-2.889651766204834
1789031143920320300,52.3383203125,0.2919431110657753,-8.319403025275466,-3.271826206207275
1789031143930324200,52.34832421875,-0.07541720616444936,-9.471911849433182,-3.173663645879924
1789031143940327400,52.358327392578126,-0.003441518756002404,-10.676344922095536,-3.083581808416545
1789031143950330400,52.36833032226563,0.20216054880991585,-10.491991394263506,-3.7892730400085446
1789031143960334300,52.37833422851563,0.49500090097635985,-8.685712956669926,-4.526087724138796
1789031143970337300,52.38833715820312,0.9813235515870153,-7.465870133429766,-4.1657612510681155
1789031143980341200,52.39834130859375,1.4065933292113242,-8.32598474175334,-3.0178903158441184
1789031143990344200,52.40834423828125,1.5496468784056603,-11.14006951805949,-2.4875758171632887
1789031144000348400,52.41834838867187,0.5533600048340858,-14.495544898334146,-3.0132524269104
1789031144010351400,52.428351318359375,-0.5460279083803294,-15.435565987065432,-5.538086546105146
1789031144020355300,52.438355224609374,-0.5047277836121618,-11.34567158562541,-7.776815904998779
1789031144030358300,52.44835815429688,-0.033967736053466924,-5.2453965621948235,-7.73746179973185
1789031144040362200,52.4583623046875,1.2173019065856934,-1.4484920043945309,-5.776909038488567
1789031144050365200,52.468365234375,3.3441012418884783,-1.5254069017708298,-2.5276795717537404
1789031144060369200,52.478369140625,3.7137058309141544,-4.437202110722661,-1.2199947989314794
1789031144070372400,52.48837231445312,2.3630771116394547,-9.14151202033162,-2.976292523303628
1789031144080375300,52.49837524414063,1.1014824012756348,-14.124294587928055,-4.718074523328244
1789031144090379300,52.508379150390624,0.5651813755311073,-14.698304435950519,-5.209334191949665
1789031144100382200,52.51838232421875,0.8821136010985823,-8.48594675565064,-5.718399858635664
1789031144110386400,52.52838647460938,2.209249728039652,-3.039289954486489,-5.13586271302551
1789031144120389000,52.53838916015625,2.7253496772766113,-4.526836204418539,-3.308486542345584
1789031144130393300,52.54839331054688,0.8065466842651368,-10.574888873180747,-2.018461344854534
1789031144140396300,52.55839624023437,-0.2953845567565412,-13.231407006293534,-2.9755446275457746
1789031144150400500,52.568400390625,1.2146083566527814,-10.510094621708989,-3.7535096527099605
1789031144160403200,52.5784033203125,1.7148470852173865,-7.473053907454014,-2.866159539197385
1789031144170407200,52.5884072265625,0.9273042304992675,-4.516362156677246,-2.5360584007814526
1789031144180410400,52.59841040039063,0.9521439996581523,-5.122244229778646,-1.1537053404659035
1789031144190414300,52.60841430664063,0.10504552477411921,-10.027964015960693,0.17432780838012718
1789031144200417300,52.61841723632813,-0.8678981748718768,-13.858685503166914,-1.488594297680259
1789031144210420500,52.62842041015625,-0.9325416196960955,-12.343457465583086,-5.513847300122678
1789031144220424400,52.63842456054687,1.1059713832579552,-8.037782132390141,-5.90559650093913
1789031144230427400,52.648427490234376,2.1689970664978024,-6.587647621485591,-3.0609874070316554
1789031144240431400,52.65843139648437,1.9217958912171422,-6.443247918379306,-2.1532865794077516
1789031144250434300,52.66843432617188,1.4812626396179198,-6.446088110241294,-2.612073134447634
1789031144260438300,52.67843823242188,1.05225166617129,-6.706309656745195,-3.3227029914855954
1789031144270441200,52.68844116210938,1.126771156311035,-7.809286680492757,-3.9348698439449072
1789031144280445400,52.69844555664063,0.980425506768748,-9.578601122826337,-3.9740751883909105
1789031144290448400,52.70844848632812,-0.04818334494326265,-11.098172158050538,-3.4516908981874583
1789031144300452400,52.71845239257812,-1.105073703765869,-12.269535320281982,-3.264344033758342
1789031144310455300,52.72845532226562,-1.4315829551696777,-12.740444274792075,-3.82713164602071
1789031144320459300,52.73845922851562,-0.9042599664550275,-11.619058903172611,-4.906915717968345
1789031144330462200,52.748462158203125,0.06973110508574176,-9.719563252699375,-4.863073361371457
1789031144340465400,52.75846533203125,0.5364507729461416,-8.271068325695396,-3.7409398017331954
1789031144350469400,52.76846948242188,0.6768108818054199,-7.199513445171713,-2.8024127509519454
1789031144360472300,52.77847241210937,1.1094132125412113,-7.189488310241696,-2.45824655456543
1789031144370476300,52.78847631835937,1.8062754784515125,-8.255358130866288,-2.3300077126652
1789031144380479200,52.79847924804688,1.8432360031127928,-9.559449847632646,-2.546084412494302
1789031144390483500,52.8084833984375,0.4972457755600101,-10.198699937328698,-3.2960674980163573
1789031144400486100,52.818486083984375,-0.11222822108613317,-10.22817912979126,-3.9918820632383225
1789031144410490400,52.828490478515626,0.5461772537231444,-10.021081855231522,-4.348020436969399
1789031144420493300,52.83849340820313,0.6394014808654784,-10.02272728435099,-4.412364314325154
1789031144430497300,52.84849731445313,0.5198409258635714,-9.874435249981284,-4.23579194188863
1789031144440500200,52.85850024414062,0.3724479957580567,-9.645639353832603,-3.8789062569215895
1789031144450503400,52.86850341796875,-0.0644938437530771,-9.504832122260332,-3.3348236373901368
1789031144460507400,52.87850732421875,-0.5665279313018545,-9.25747882515788,-2.8989287131160495
1789031144470510300,52.88851025390625,-0.5916671217987313,-8.868272002300623,-2.7950808006286625
1789031144480514300,52.89851440429688,-0.28446104821469637,-8.505701257434486,-2.944718988910317
1789031144490517500,52.908517578125,-0.1580173461029306,-8.420705929455162,-3.2912788024351
1789031144500521500,52.918521484375,-0.18989019223637882,-8.880693676978348,-3.6562452102661136
1789031144510524200,52.92852416992187,0.051924248504638726,-9.79153660202026,-3.6444238395690913
1789031144520528400,52.9385283203125,0.2187701401641592,-10.607511039844153,-3.4121859862729904
1789031144530531300,52.94853125,-0.2855085114410147,-11.034876620703935,-3.8468839558474714
1789031144540535300,52.95853540039062,-0.5626374266693369,-10.969782509502767,-4.643703465215862
1789031144550538200,52.968538330078125,0.4587889661926776,-10.235362903815506,-5.064783682195841
1789031144560542500,52.97854248046875,2.30382058401797,-9.43046047962606,-4.142566984093934
1789031144570545200,52.988545166015626,1.9050363699981943,-9.691128016331792,-3.339910731396079
1789031144580548400,52.99854833984375,0.5614402893066405,-10.41313120803833,-2.8808230014525353
1789031144590552300,53.00855224609375,-0.12704236212465914,-10.24029919117391,-2.7872999374940988
1789031144600555500,53.018555419921874,0.4496610358307137,-8.99501446816325,-2.5528166433587667
1789031144610559200,53.02855932617187,0.7785644523620605,-7.671320225304362,-2.4639326373778285
1789031144620562400,53.0385625,0.9736919241974129,-7.165248187476395,-3.069217036847025
1789031144630566400,53.04856640625,1.5019125558715314,-7.3213196236759455,-3.1452335240788756
1789031144640569000,53.05856909179688,1.3842975089142098,-7.64229111469686,-2.0308817043580114
1789031144650573300,53.0685732421875,0.5098152794769032,-8.28767868423462,-1.1885716327942906
1789031144660576300,53.078576171875,-0.03052607116699213,-9.095124363166095,-1.12018797852844
1789031144670580500,53.08858056640625,0.490811267266795,-9.874583718541263,-0.8189667515076697
1789031144680583200,53.09858325195312,0.6961140961578115,-10.905738199615477,-1.0298062813356519
1789031144690586400,53.10858642578125,-0.051475408758595576,-11.924919918823242,-1.7717090823851525
1789031144700590300,53.11859033203125,0.18480244064331058,-11.53571368048787,-2.2601263671874996
1789031144710593300,53.12859326171875,1.3193546792846171,-9.387215796661375,-2.2167308775752783
1789031144720597200,53.13859716796875,1.139639990234375,-8.049006706237794,-1.9566617451541126
1789031144730600400,53.14860034179687,0.34012620028071106,-8.947729569897056,-1.6487068259641524
1789031144740604400,53.1586044921875,-0.09651640055552113,-10.887929571202395,-1.732952943011373
1789031144750607400,53.168607421875,-0.1036988594055176,-12.623577890777586,-1.8400940518252553
1789031144760611300,53.178611328125,-0.1539770942687988,-13.046754787775875,-2.2970875859685242
1789031144770614300,53.1886142578125,-0.09397234209589655,-11.481993780738115,-2.908057337597757
1789031144780618500,53.19861840820312,0.5735608621459454,-9.002048020061851,-3.0584432755067943
1789031144790621200,53.20862109375,1.4850035066466778,-7.634509959301352,-2.728193230139464
1789031144800625400,53.21862548828125,1.9535190632142125,-7.992295223456621,-1.8909711293645202
1789031144810628400,53.22862841796875,1.443853165612742,-9.7159684430778,-1.5776294025696813
1789031144820631300,53.23863134765625,0.14230536117553705,-11.499650433459879,-2.2267573276795445
1789031144830635300,53.24863525390625,-0.7803601766724138,-11.872995670318602,-3.0964506423398848
1789031144840638500,53.258638427734375,-0.25303696876205506,-10.715849249488112,-3.38001507050842
1789031144850642200,53.26864208984375,0.4804862726073712,-9.324666693767904,-3.2200515953063964
1789031144860645400,53.27864526367188,1.0696095186095682,-8.61209300918579,-2.7729342891417446
1789031144870649300,53.2886494140625,1.262791738128662,-8.613738438305258,-2.1327852047793567
1789031144880652500,53.29865258789062,1.0215759208679198,-9.17607655323446,-1.9921249804623424
1789031144890656300,53.30865625,0.2928407905578613,-9.607183074188232,-2.46438111179769
1789031144900659200,53.3186591796875,-0.4967967714171855,-9.375245957404374,-3.193266756494343
1789031144910663400,53.32866333007812,-0.31648367808237654,-9.153332221984861,-3.397671577099711
1789031144920666000,53.338666015625,0.2138319896422327,-9.414448086979986,-3.0897162195183343
1789031144930669300,53.34866943359375,0.6139630151610822,-10.002824314007162,-2.6743226698726414
1789031144940673300,53.35867333984375,0.4429273801941427,-10.554539912635086,-2.6729766620911657
1789031144950676200,53.36867626953125,0.3868132787842302,-10.524612391883135,-3.124582950238138
1789031144960680200,53.37868017578125,0.6931214536804706,-9.623643795123696,-3.8112703522831204
1789031144970683400,53.38868334960937,0.856675208459422,-8.368631458824872,-4.145709519903361
1789031144980687400,53.39868725585937,1.3612532083373516,-7.806144290813803,-3.455580599102378
1789031144990690300,53.40869018554688,1.6334440095763654,-8.271068910217283,-2.520345867864788
1789031145000694300,53.4186943359375,1.5123873342651872,-9.442432656970619,-2.444180327551067
1789031145010697500,53.42869750976563,0.9428666143555194,-10.349386757880447,-3.1794995124265544
1789031145020701400,53.438701416015626,0.511910169396922,-10.735899519348145,-4.128501195470989
1789031145030704400,53.44870434570313,0.5780502094544471,-10.951977388221026,-4.115483600726724
1789031145040707300,53.45870727539062,0.487519166918844,-11.250652291759849,-3.6014775550290947
1789031145050711300,53.46871118164062,0.45744200856313133,-11.387719752281903,-3.3508348609924314
1789031145060714200,53.47871435546875,0.3880103796143084,-11.061511529651284,-3.4498949546813966
1789031145070718200,53.48871826171875,0.1946783763609825,-9.514706450542807,-3.9923312683105467
1789031145080721400,53.49872143554688,0.3764880649290978,-7.209837855309248,-4.267814096832275
1789031145090725400,53.50872534179688,2.016067362390086,-6.344035848999022,-2.9367873191282152
1789031145100728300,53.51872827148438,2.8283002755980937,-7.508215821728109,-1.630750021252036
1789031145110732300,53.528732177734376,1.5640123075623062,-8.659828573828936,-1.99152745296061
1789031145120735500,53.53873559570312,0.7347204152647406,-8.764123061040044,-2.6759692680358884
1789031145130739200,53.5487392578125,0.8387186960082501,-8.897600388115643,-2.8134853491082787
1789031145140742400,53.558742431640624,0.2964320199828595,-9.150189247784018,-3.0925594801202414
1789031145150746400,53.56874633789062,-0.38067806396484394,-7.295880646514892,-4.379294111633301
1789031145160749300,53.578749267578125,0.38441915018931005,-4.945375504744052,-4.4666830567508935
1789031145170752300,53.58875219726563,1.2093710405211895,-4.694580542755128,-2.6921298369809987
1789031145180756200,53.598756103515626,0.6967126831054689,-5.8508297224849475,-1.4187138289853936
1789031145190759400,53.60875952148437,0.3205238933838904,-8.555830439215898,-1.335664958898723
1789031145200763100,53.61876318359375,-0.11058204304799435,-12.134713008338213,-1.6229691581174732
1789031145210766300,53.628766357421874,-0.9413702383179217,-12.852822699737548,-3.1929671890258784
1789031145220770300,53.63877026367187,0.7540238853454589,-9.369408921813964,-5.88973637624532
1789031145230773200,53.648773193359375,3.583820610046387,-6.619069180187581,-5.183296372112631
1789031145240777200,53.658777099609374,2.9902082359313966,-7.564182039099931,-1.6967407890319819
1789031145250780400,53.66878051757813,0.746392367553711,-8.609398363274336,-0.8475465109124785
1789031145260784400,53.67878442382813,0.23163893755488096,-8.779088574981689,-1.8520652062565086
1789031145270787300,53.68878735351562,0.1933317840576172,-9.200918149024245,-2.791189930669963
1789031145280790300,53.69879028320312,-0.4507085355896502,-9.695617144444583,-3.479822475433349
1789031145290794500,53.70879443359375,-0.48063598327636714,-9.175328365215659,-4.706551258794963
1789031145300797200,53.71879711914063,0.6373065544128418,-9.467571189880372,-3.5887589432314035
1789031145310801200,53.72880126953125,1.149815347290039,-11.001057353210447,-1.642123355920613
1789031145320804400,53.73880444335938,-0.009277531433105501,-10.04846553671956,-2.773683207812905
1789031145330808300,53.74880834960938,0.22894546068720528,-8.07654060985148,-3.895066825866699
1789031145340811300,53.75881127929687,1.3129202623229475,-8.673742532891035,-2.8850130004882812
1789031145350815200,53.76881518554688,1.3374607928069306,-10.839746847313641,-2.236783193261921
1789031145360818400,53.778818359375,0.19407993554379793,-11.836183066228033,-3.1151550505489114
1789031145370822400,53.78882250976562,-0.6037877677032724,-11.443984660339355,-4.44348805912435
1789031145380825300,53.798825439453125,-0.3142390044281259,-10.506805517035723,-4.4895773178651925
1789031145390829300,53.80882934570312,0.176871647644043,-8.61358821617961,-4.240430415344238
1789031145400832500,53.81883251953125,0.39264901746669767,-6.260538066101075,-4.159326249584556
1789031145410835200,53.82883520507813,1.4691419571807607,-5.312135517993569,-3.109320060785115
1789031145420839400,53.83883935546875,2.768295678688819,-6.0383250554740435,-1.9431930456414814
1789031145430842400,53.84884228515625,2.2185271042091297,-7.019947736138102,-1.8854332228511574
1789031145440846000,53.85884619140625,0.2428617669700178,-7.579145799475909,-2.585138950292766
1789031145450849300,53.868849365234375,-1.268477940813714,-8.330475038909912,-3.3092353148862714
1789031145460853200,53.87885327148437,-1.6407763138093867,-9.628281976318357,-3.9068884888246656
1789031145470856400,53.8888564453125,-0.8973767828125505,-11.694778453284501,-3.769221601104736
1789031145480860200,53.89886010742188,-0.6845920942831434,-13.857790600153804,-3.1561563385009763
1789031145490863400,53.90886328125,-1.616086154854798,-14.361170914679764,-3.1302696175724267
1789031145500867300,53.91886743164063,-1.9551649558412725,-11.968314823913571,-3.9323268814638257
1789031145510870300,53.92887036132812,-0.0122702561088372,-9.367015304675698,-3.997269016973674
1789031145520873200,53.938873291015625,2.6015991574882875,-7.934684746009111,-3.592799743054807
1789031145530877400,53.94887744140625,3.3807624137104257,-7.313089555469157,-3.287239171655476
1789031145540880100,53.958880126953126,2.195782147338451,-7.148487022289633,-3.2339676001951094
1789031145550884400,53.96888427734375,0.1788168816939928,-7.632267148810625,-3.2670383874088524
1789031145560887300,53.97888720703125,-1.0993873971911847,-8.985587883648275,-3.2448908530086276
1789031145570891300,53.98889135742188,-1.3590087538788092,-10.249129563361405,-3.263446792657673
1789031145580894200,53.99889428710937,-1.2225393140488303,-10.856207568249104,-3.168426622009277
1789031145590898200,54.00889819335937,-0.6398504895748802,-11.115381067004797,-2.854188238635659
1789031145600901400,54.0189013671875,-0.2500445317806908,-11.201572911292313,-2.7431568443849677
1789031145610905300,54.0289052734375,-0.3944447372104739,-10.780192250061036,-3.2107746483951805
1789031145620908300,54.038908203125,-0.05267249132236469,-10.083480735999345,-3.4913442786619067
1789031145630911200,54.0489111328125,0.4285620789016597,-9.299977073669433,-3.2731729446411135
1789031145640915500,54.05891552734375,0.6991068756324704,-8.402600948444007,-3.1194951255798333
1789031145650918100,54.06891821289062,0.8453027597068343,-7.641843955451249,-2.9929025895819064
1789031145660922400,54.07892236328125,0.8925883064270019,-7.147739418792723,-2.8293475196287035
1789031145670925300,54.08892529296875,0.7606079033782706,-7.022193469238281,-2.923469572393596
1789031145680929500,54.098929443359374,0.8656534966510487,-6.918496363398433,-3.0330048828676333
1789031145690932200,54.10893212890625,1.1625345162101557,-6.897396876746416,-2.828151003320515
1789031145700936200,54.11893627929688,0.7612064983174379,-7.920019091796872,-2.2099971854060882
1789031145710939400,54.128939453125,0.3076548904971917,-9.842563609424234,-1.159092294201255
1789031145720943000,54.138943115234376,-0.5551554916824214,-11.77917289276123,-1.4297875961855053
1789031145730946300,54.1489462890625,-0.5253776450668461,-12.950834745678305,-3.045873716790974
1789031145740949500,54.15894946289063,0.6103717674697748,-13.030743564173578,-3.7955584038883448
1789031145750953200,54.168953125,0.885405664913915,-11.629836902296544,-3.019836773736775
1789031145760956200,54.1789560546875,1.0166379164764656,-9.654768416705725,-1.7328040360599755
1789031145770960400,54.18896044921875,0.6184521798064933,-8.97616305269897,-1.026065048980713
1789031145780963300,54.19896337890625,-0.14888945227358485,-9.61556394904256,-1.2149085817083716
1789031145790967300,54.20896728515625,-0.13437456817626958,-9.648181439530847,-1.711254759813845
1789031145800970200,54.21897021484375,0.1647510382721201,-8.532783910149337,-2.232592463573813
1789031145810974500,54.22897436523437,0.5864297691345213,-7.950694800567627,-2.5014918220520017
1789031145820977200,54.23897705078125,0.38606498116757715,-8.14222976433635,-2.431460838970542
1789031145830981400,54.2489814453125,-0.3015197715759277,-8.514829735785723,-2.600103295190632
1789031145840984600,54.25898461914063,0.11671733093261721,-8.878447943878173,-2.531868255615234
1789031145850988300,54.26898828125,0.19617486199643464,-9.2275530579716,-2.6198551666259764
1789031145860991500,54.27899145507813,-0.36376901473999035,-9.331102864295243,-3.4030583847045897
1789031145870994700,54.28899462890625,0.4254197074890137,-9.285760916790368,-3.771316819818318
1789031145880998400,54.29899829101562,1.2885294059753418,-9.357737188720703,-3.2338182548522947
1789031145891001300,54.30900146484375,0.8288426872253417,-9.71192881229818,-2.91134921875
1789031145901005600,54.31900561523437,0.4557961410522461,-9.332447849163412,-3.3625065940856937
1789031145911008500,54.32900854492188,0.8454524612426757,-8.190414241790771,-3.484461825671792
1789031145921012500,54.33901245117188,1.3308769209045916,-7.810036622077226,-2.969858106341958
1789031145931015400,54.34901538085938,1.294814185333252,-8.99022723388672,-2.192939083099365
1789031145941019600,54.35901953125,0.6859387025695294,-11.496804980900883,-2.01771286457479
1789031145951022300,54.36902221679688,-0.6242880098205059,-14.156317035132645,-2.4006357848569744
1789031145961026300,54.3790263671875,-1.163881208978221,-15.024960986870525,-3.1000425293520086
1789031145971029500,54.38902954101562,-0.25139102818593373,-12.55669221998453,-4.253000266321004
1789031145981032400,54.399032470703126,1.1109094972472637,-9.91588428170085,-4.359242672729492
1789031145991036400,54.409036376953125,2.078915155969187,-9.125199183434248,-3.5817250990718605
1789031146001039600,54.41903955078125,1.7902642183165995,-9.097366004613042,-2.871395101763308
1789031146011043600,54.42904370117188,1.5369278282165526,-8.98932823922038,-3.282150908605754
1789031146021046500,54.43904663085937,1.4963760375976562,-8.7983918258667,-3.909581965692341
1789031146031050500,54.44905053710937,1.1513117233276366,-8.224980528259277,-4.230704263360798
1789031146041053400,54.45905346679688,0.5345056667603552,-7.00842856325805,-4.521450127466022
1789031146051057700,54.4690576171875,0.762852430902049,-6.022164194267988,-4.342333331243694
1789031146061060400,54.479060302734375,1.452981132507324,-6.0420665800899265,-3.5021190629154444
1789031146071064600,54.489064697265626,1.3033434556823222,-6.717828245103359,-2.8018142005369064
1789031146081067500,54.49906762695313,0.34162264938354486,-7.2348290887027975,-2.6560674667358395
1789031146091070500,54.50907055664062,-0.4442738263670355,-8.427441959711908,-2.5275296418890356
1789031146101074400,54.51907446289062,-0.6905775413513184,-11.110590325596926,-2.0302821310296655
1789031146111077600,54.52907763671875,-1.5872062092103063,-14.261808623173831,-1.7881687804073094
1789031146121081600,54.53908154296875,-2.1465514989990746,-16.465822057995197,-2.3850737663269044
1789031146131084500,54.54908447265625,-1.5735891142029317,-16.576854913550616,-3.9428015137270096
1789031146141088500,54.55908862304688,-0.5114611835204065,-13.185467677417396,-5.380369973047077
1789031146151091500,54.56909155273438,1.3328221366882322,-8.613589969745277,-5.651513018798828
1789031146161095400,54.579095458984376,3.989039241027832,-5.989993278503417,-5.247341851043701
1789031146171098400,54.58909838867187,5.096058087512105,-6.582856295555829,-5.041140648540854
1789031146181102600,54.5991025390625,2.81707767451182,-9.119664930182696,-5.074211728015542
1789031146191105300,54.60910522460937,0.9401729913573711,-11.729940952080488,-4.65761976236552
1789031146201108500,54.6191083984375,-0.13916304456181816,-12.244845115661619,-4.549880395397544
1789031146211112400,54.629112548828125,-0.24765016115717575,-9.696367670550943,-4.833893444116413
1789031146221115600,54.63911572265625,0.37140053253173827,-7.259668930926919,-4.540604033008218
1789031146231119400,54.649119384765626,0.6450876367431133,-7.109132917022705,-4.607940662439167
1789031146241122600,54.65912255859375,-0.09531908052973448,-8.098089009314776,-4.557663012097776
1789031146251126500,54.66912646484375,-0.43993462811894724,-8.76621915653646,-3.6557962974548333
1789031146261129500,54.67912939453125,0.4466682472229004,-10.002526792365313,-2.5761618631109595
1789031146271133400,54.68913354492187,0.9549871871948241,-9.82520623190999,-2.812588984790444
1789031146281136600,54.69913671875,1.4224549517424776,-5.894672955864667,-4.6779704764768475
1789031146291140600,54.709140625,1.9153612915923819,-2.146699309971929,-4.882525080816447
1789031146301143300,54.71914331054688,2.3030723594665528,-1.4543272864192733,-2.0627543678283695
1789031146311146500,54.729146484375,2.5635914641449227,-3.6662691761523485,0.4706108483463525
1789031146321150500,54.739150390625,1.3579612541198727,-7.423371300396322,0.5009866973876953
1789031146331153400,54.7491533203125,0.3052607116699219,-9.772531457298992,-0.46312750685364046
1789031146341157400,54.75915747070312,-0.211288259976171,-10.29177511138916,-1.6362869048520925
1789031146351160600,54.76916064453125,0.011821443762257688,-9.335143079596758,-3.642778702710568
1789031146361164500,54.77916455078125,0.5584476102966816,-8.2167498755306,-4.074481728252769
1789031146371167500,54.78916748046875,0.46088381958007807,-9.17368410513997,-1.4407117257818585
1789031146381171500,54.79917138671875,0.4571428429534658,-10.995819452556967,0.30690730983316916
1789031146391174700,54.80917456054687,-0.26425997170712795,-12.373683092498778,-0.03651186757832692
1789031146401178400,54.81917846679688,-1.6988357885498553,-13.243527652198075,-1.2478282700136303
1789031146411181600,54.829181640625,-2.914341916026268,-13.259239600592851,-3.466355967877805
1789031146421184500,54.8391845703125,-2.270002302905172,-11.45191545333862,-6.77977996662557
1789031146431188500,54.8491884765625,-0.7079355033874513,-9.396491574528813,-7.751975770513713
1789031146441191400,54.85919140625,0.906055782096926,-9.023744888085126,-5.415533640886843
1789031146451195400,54.8691953125,1.1143512351989744,-9.803955354088544,-3.439419445635378
1789031146461198600,54.87919848632812,0.8119336927994154,-10.180296265631913,-3.3099843796879056
1789031146471202300,54.88920239257813,0.49829319312055587,-9.364919209179284,-4.072386801800132
1789031146481205500,54.89920556640625,0.7426514548591803,-8.485498427361252,-4.336497756958008
1789031146491209500,54.90920947265625,1.5081974174278319,-7.663239794701339,-4.7752352111816405
1789031146501212700,54.919212646484375,2.2840684500044333,-7.350648594012856,-5.068674844415486
1789031146511216400,54.92921630859375,1.7992424882419173,-7.517944604060053,-5.161750018475949
1789031146521219600,54.93921948242188,0.6103717857360839,-8.071900090569258,-5.175815368707477
1789031146531222500,54.94922241210938,-0.5265747550300789,-8.657882700458169,-4.818779461614787
1789031146541226500,54.9592265625,-0.9919477301224133,-9.07193053458333,-4.2940009697511785
1789031146551229400,54.9692294921875,-1.2586019308891612,-9.082553635406494,-3.9184099997922774
1789031146561233400,54.9792333984375,-1.0857705350792501,-8.487894967108964,-3.5251626693725586
1789031146571236400,54.989236328125,-0.2699462280494626,-7.695112019780279,-3.08028978113383
1789031146581240300,54.999240234375,0.6510731682929675,-7.062895481982828,-2.400036942180991
1789031146591243500,55.009243408203126,0.7416039003013167,-6.826019739753007,-1.6169845307499173
1789031146601247500,55.01924755859375,0.0670376921501476,-7.142951015472411,-1.1583449829652905
1789031146611250400,55.02925048828125,-0.5131073615585454,-8.084021905517579,-1.176899461309612
1789031146621254400,55.03925439453125,-0.8800187477111815,-9.318981049346924,-1.7359454028256236
1789031146631257600,55.04925756835937,-0.9472060317993164,-10.418817436981202,-2.8392233092159027
1789031146641260300,55.05926025390625,-0.4438251053520013,-11.270105180248619,-3.5971379183895884
1789031146651264500,55.06926440429688,0.5559036614349111,-11.70240880203247,-3.411587874249369
1789031146661267500,55.079267333984376,0.6524199341262691,-11.684603096228837,-2.860323234259337
1789031146671271700,55.08927172851563,0.3155856880630365,-11.464932171300052,-3.2592563552305105
1789031146681274400,55.0992744140625,-0.10833760685576121,-11.059862593400476,-3.9622530870415265
1789031146691278300,55.1092783203125,-0.14095869580693549,-10.468347483825683,-4.367622086279094
1789031146701281500,55.11928149414062,0.4008791770050302,-10.26603568997681,-4.526686274553835
1789031146711285500,55.12928540039063,1.4133272040436045,-11.101315132251381,-3.8928225540712473
1789031146721288400,55.13928833007813,2.1854572029113766,-12.017544426506756,-2.61611349587962
1789031146731291600,55.14929174804688,1.7182886405060067,-11.907114213019609,-1.9188031391419471
1789031146741295600,55.15929565429688,1.6935985089508816,-10.588357426562904,-2.285265338488668
1789031146751298300,55.16929833984375,1.6162357216766103,-8.5229072437793,-3.1999995718806984
1789031146761302500,55.17930249023438,1.8773533037047831,-6.827513777703046,-3.479223048235475
1789031146771305500,55.18930541992187,1.9509750412872062,-6.284931333601474,-3.076848846899718
1789031146781309400,55.19930932617188,1.458068774502538,-6.938546048736573,-1.9303246501095592
1789031146791312400,55.2093125,0.5087678527832031,-8.349028932732343,-0.24241204130798621
1789031146801316600,55.219316650390624,-0.3892074073791504,-9.245808845630288,0.4548983154296873
1789031146811319600,55.229319580078126,-0.5783493750641121,-8.783128790283202,-0.6616979222171007
1789031146821323500,55.239323486328125,-0.5729623482635245,-7.738958175769448,-2.233191598510742
1789031146831326500,55.24932641601563,-0.11297646390385929,-7.302764560809731,-3.216909644018859
1789031146841329700,55.25932958984375,0.68429272546079,-7.32984662900269,-3.2448905607476832
1789031146851333600,55.26933374023437,1.5147814628601073,-7.667879729461667,-1.8935143841065463
1789031146861336600,55.27933666992188,1.4571709123473613,-8.487294663128255,-0.3561380814701318
1789031146871340500,55.289340576171874,0.6153098266601562,-9.398739061194657,0.021398177337646374
1789031146881343500,55.299343505859376,0.0019453619141132084,-9.906609088355303,-0.8376714519776405
1789031146891347700,55.30934765625,-0.17567461987920108,-10.289978291100262,-1.7764977779664104
1789031146901350400,55.31935034179688,-0.31139592648930836,-10.913967683300374,-2.3060646731503307
1789031146911354600,55.32935473632813,-0.39713827344365416,-10.659134259575605,-2.706644538415223
1789031146921357600,55.33935766601562,0.9578302286010235,-9.018209465789795,-2.4729110397338867
1789031146931361800,55.34936181640625,1.5551836158752441,-8.678232830047609,-1.5183726192198688
1789031146941364500,55.35936450195312,0.5494692810058593,-10.576986137720942,-0.3984850849427284
1789031146951367700,55.36936767578125,-0.6766613172668965,-12.813916338238121,-0.2302921260558073
1789031146961371600,55.37937158203125,-1.2285247999329116,-13.793295623889565,-0.5841857896000144
1789031146971374600,55.38937451171875,-0.6688800888061521,-13.095984974890946,-1.823483985546976
1789031146981378600,55.39937866210938,-0.14963760375976554,-11.163564375415444,-3.3141739403322337
1789031146991381800,55.4093818359375,0.6872856601990759,-9.491962703815101,-3.8941691463746126
1789031147001385500,55.41938549804688,1.7414825056213883,-9.327960474616289,-3.3874959277831014
1789031147011388400,55.42938842773437,2.0512321262083946,-9.807696294182541,-2.341679007367045
1789031147021392600,55.439392578125,1.8174983352661132,-10.350732327270508,-1.9928734607420862
1789031147031395600,55.4493955078125,1.0932523330688477,-10.82583171920776,-2.097021232958883
1789031147041399600,55.459399658203125,-0.21667532330937656,-10.36060782459676,-2.703652078600973
1789031147051402500,55.46940258789063,-1.281346874060109,-9.038111267089842,-3.626616234069317
1789031147061405700,55.47940576171875,-0.5487211660522968,-8.18382960270345,-3.7576996517457064
1789031147071409400,55.48940942382813,1.103876602935791,-8.142230933380128,-3.1033336798518896
1789031147081412600,55.49941259765625,1.1767501159667966,-8.662819572338462,-2.065597336169332
1789031147091416600,55.50941650390625,0.48542431353144344,-9.555556347325442,-1.3480844416193665
1789031147101419500,55.51941943359375,0.09397234209589633,-10.448145238274334,-1.264138184301555
1789031147111423500,55.529423583984375,-0.18495215131230647,-11.072733765411376,-1.937507255090028
1789031147121426700,55.5394267578125,-0.7950245887756348,-10.580275242394208,-3.392284184972942
1789031147131430700,55.5494306640625,-1.4428056293211875,-9.075222561866044,-4.859930679431557
1789031147141433600,55.55943359375,-0.5445312400817871,-7.955631672447918,-4.874294720348715
1789031147151436500,55.5694365234375,1.080233861541748,-7.621491487774252,-3.234716080474853
1789031147161440500,55.5794404296875,2.2143371873717754,-7.947852270618081,-2.6051903891965744
1789031147171443500,55.589443359375,2.463034957885742,-8.358608077460527,-2.6695354355961083
1789031147181447400,55.599447509765625,2.384026376165822,-8.521265321791171,-3.190125243598223
1789031147191450600,55.60945068359375,2.2738928806029257,-8.368781096428632,-4.177732551629841
1789031147201454600,55.61945458984375,1.82198739031367,-8.236503208270667,-4.589535529437661
1789031147211457500,55.62945751953125,1.0856208883423357,-9.068339232093093,-3.76024334487915
1789031147221461500,55.63946142578125,1.20667763671875,-11.168352194213867,-3.079092972564697
1789031147231464700,55.649464599609374,1.1338042698182165,-13.832500676074623,-2.8589766419559717
1789031147241468700,55.65946875,-0.16804310208745288,-15.139883835601804,-3.0828342049196364
1789031147251471600,55.6694716796875,-1.696591078362986,-13.976152775684,-3.6724063637331126
1789031147261474600,55.679474609375,-1.1161469595093279,-10.25975266418457,-4.763264202880859
1789031147271478500,55.689478515625,1.2767078891478478,-6.798035169762372,-4.460846313421428
1789031147281481500,55.6994814453125,2.944568839849904,-5.756709423285722,-2.737769890649617
1789031147291485400,55.7094853515625,2.783857761150971,-6.300041224449874,-1.4362214286252852
1789031147301488600,55.719488525390624,1.6615757329527288,-6.870908098271489,-1.6956927412837743
1789031147311492400,55.72949243164062,1.14831919044815,-6.999749582239986,-3.041983431354165
1789031147321495600,55.73949560546875,0.8469488372802737,-7.643338577923177,-3.274668736156821
1789031147331499500,55.74949951171875,0.08035553934946649,-8.51527923311889,-3.2158620346620674
1789031147341502700,55.75950268554688,0.10923552380986501,-9.088240448871256,-3.468750169537961
1789031147351505400,55.76950537109375,0.7923309657774867,-9.248799844139814,-3.501519051195681
1789031147361509600,55.77950952148438,0.9075519937377422,-8.582166072955726,-3.151517280523479
1789031147371512600,55.7895126953125,1.1872247482299803,-7.429356804546713,-2.4616885117128486
1789031147381516500,55.7995166015625,1.4465466424804179,-6.9137067910343415,-1.3133695404604078
1789031147391519500,55.80951953125,1.0459669233459978,-8.621521347266436,-0.6115694710880519
1789031147401523700,55.81952368164063,0.15098448832407585,-12.11092179838419,-1.1306631953135131
1789031147411526700,55.82952661132813,-0.9231144506592301,-14.639943432396649,-3.6739024475097652
1789031147421530400,55.8395302734375,-1.3400047416687009,-14.750677597266435,-6.3069263077884905
1789031147431533600,55.84953344726563,0.4068644984923303,-10.109365118840337,-7.002590943145752
1789031147441537500,55.85953759765625,2.2610242658752946,-5.723340237647292,-3.938910936029255
1789031147451540500,55.86954052734375,2.779817838110402,-6.183925366541742,-0.6980600060611959
1789031147461543700,55.87954370117188,0.9267056800842284,-8.59967308807373,-1.5557818740293379
1789031147471547600,55.88954760742188,-0.22580314407348623,-8.54775000861287,-4.958840550994872
1789031147481550300,55.89955029296875,0.10609302453305575,-8.717737741962075,-5.295674797058106
1789031147491554600,55.909554443359376,-0.16849194183349603,-10.681433769667148,-4.166360093744099
1789031147501557500,55.9195576171875,-0.7914332862854006,-12.000336686596274,-3.9661449799135324
1789031147511561700,55.92956176757812,-0.6572083922455088,-10.767921966552734,-4.6903906898498535
1789031147521564400,55.939564453125,0.493504817199707,-8.749161638751628,-4.118775335748493
1789031147531568600,55.94956860351562,1.3486836861541491,-7.742849337989092,-3.2326214462831615
1789031147541571600,55.959571533203125,1.1962029313903302,-6.8709110208809365,-3.3907886857181784
1789031147551574500,55.96957446289063,0.6322188941513187,-5.586420661163331,-3.7244799575805656
1789031147561578500,55.97957861328125,1.1839327757461926,-5.279063853996993,-3.102136286760867
1789031147571581700,55.98958178710937,1.836951114157028,-6.488886803004147,-2.2918504159674047
1789031147581585700,55.99958569335938,1.3715782577957025,-8.413074996185301,-1.9442413856506344
1789031147591588600,56.00958862304688,0.5077203530242667,-9.744251703754067,-2.456450903320312
1789031147601592600,56.01959252929687,0.4647743790115229,-10.45847140197754,-2.6985645462036136
1789031147611595500,56.029595458984375,0.4608838378463871,-10.568004958885908,-2.750339157104492
1789031147621599700,56.039599853515625,0.05925651848833069,-9.811586871880293,-2.788197470855713
1789031147631602400,56.0496025390625,0.2477998352935537,-7.848195380079745,-3.0026287415653465
1789031147641605600,56.05960571289062,1.133504857613379,-6.0387751373291,-2.68449831918925
1789031147651609600,56.06960961914063,1.9954175009354014,-5.7514697690665715,-1.9116206802919504
1789031147661612500,56.07961254882812,2.0147207826448077,-7.546074720001221,-1.2600976767390968
1789031147671616500,56.08961645507812,1.430086647630739,-10.87999936272502,-1.0121484595701098
1789031147681619700,56.09961962890625,-0.199616645613918,-13.791950054499505,-1.5691007898077365
1789031147691623400,56.10962353515625,-2.74540106594807,-15.331269746288656,-3.3657980368465186
1789031147701626600,56.11962670898438,-2.9583354308971432,-14.133422481757403,-5.4460608810976145
1789031147711630600,56.129630615234376,-0.2492961747985332,-10.74592348523438,-5.607967599321902
1789031147721633800,56.1396337890625,1.851615704356763,-8.237997246220708,-3.9799104704156516
1789031147731637500,56.14963745117188,2.469170095073315,-7.27717594604492,-2.6708815895080558
1789031147741640400,56.15964038085937,1.8760067707669223,-7.315631056645513,-2.646789643041789
1789031147751643600,56.1696435546875,0.23014260718305596,-7.932738872638346,-3.279009103448689
1789031147761647400,56.1796474609375,-1.065868642447656,-9.336189373779295,-3.778649354663491
1789031147771650600,56.18965063476563,-1.671751336603565,-10.511592751312255,-3.9475893325254314
1789031147781654500,56.199654541015626,-1.79804541937788,-10.499622912055255,-4.088399194446206
1789031147791657500,56.20965747070313,-0.9609726639457512,-9.495851527947188,-3.9989150306150316
1789031147801661400,56.21966137695313,0.4065652780837379,-8.45916454718709,-3.4792242172792553
1789031147811664600,56.22966455078125,1.5391724881710718,-8.17889214630127,-3.089567312566936
1789031147821668600,56.23966870117187,2.2711995270328362,-9.002199411231278,-3.081187606756389
1789031147831671600,56.249671630859375,2.1504419967817263,-10.316613784569501,-3.235014771160483
1789031147841674500,56.25967456054688,0.821360862977925,-11.467626232689618,-3.59160088865906
1789031147851678700,56.2696787109375,-0.6189011508416324,-11.966219312939046,-4.064306371197104
1789031147861681400,56.27968139648438,0.084994108703197,-10.66811426936686,-4.078373767255247
1789031147871685600,56.289685546875,1.8288707808791789,-8.056787861633302,-3.4801211661189795
1789031147881688600,56.2996884765625,1.77021276856717,-6.626702451544997,-2.8197707129880785
1789031147891692500,56.30969262695312,0.7673416480630986,-6.867917099761962,-2.0911852202817798
1789031147901695500,56.31969555664063,-0.6795043312736321,-8.289024838146567,-1.4782698875427245
1789031147911699500,56.32969946289062,-1.5662567391879623,-10.046967407116293,-1.2596496407106519
1789031147921702700,56.33970263671875,-1.6337433761154299,-11.022155670818686,-1.4001587661191819
1789031147931706600,56.34970654296875,-0.7579144584766355,-10.457422769707442,-2.247856083679199
1789031147941709600,56.35970947265625,0.1961749624611344,-8.834902232140303,-2.7718860952630635
1789031147951712500,56.36971240234375,0.3856161037472717,-7.61011902988851,-2.43265852432251
1789031147961716700,56.379716796875,0.3350386096594913,-7.16419897068441,-2.0428522742673754
1789031147971719400,56.389719482421874,0.0625485412044683,-7.561786083874108,-1.914613140106201
1789031147981723600,56.3997236328125,-0.3966892373347888,-8.813355001720787,-1.413027015520632
1789031147991726600,56.4097265625,-1.0720037887683835,-10.333524002838132,-1.052551489368081
1789031148001730600,56.41973046875,-0.8713398306251969,-11.099518896484373,-2.106000219836831
1789031148011733500,56.4297333984375,0.1367687698364257,-10.818948973956703,-2.8049568824768065
1789031148021737500,56.43973754882813,1.2463315834487787,-10.414628753119707,-2.807950219073891
1789031148031740700,56.44974072265625,1.9295769552811048,-10.392930131530761,-3.6731542594909663
1789031148041743600,56.45974365234375,1.9779098464965816,-10.710011044853923,-4.4838896276175975
1789031148051747600,56.46974755859375,0.7477390694549306,-11.475706663292645,-3.8175548393800858
1789031148061750500,56.47975048828125,-0.45654436560366307,-11.703457434302567,-3.132663526971638
1789031148071754500,56.48975439453125,-0.48123460675664254,-10.838999828338624,-3.0322569871097804
1789031148081757400,56.49975732421875,0.4044704064300283,-9.580698387366532,-3.216011964526772
1789031148091761700,56.50976171875,1.2568062339782715,-8.659078632244467,-3.4323867705196136
1789031148101764600,56.5197646484375,1.2412438866546376,-7.89068953693807,-3.518728252410888
1789031148111768600,56.5297685546875,1.1083656579833479,-7.429805132836105,-3.0820854323789475
1789031148121771500,56.539771484375,0.5825391549041494,-7.652616109356283,-2.476502342224121
1789031148131774700,56.54977465820313,-0.2530371514251455,-8.670899418419598,-2.1574746787473558
1789031148141778400,56.5597783203125,-0.6827964224884286,-9.595660394176841,-2.0500351715087892
1789031148151781600,56.56978173828125,-0.6102221846649423,-9.989954895561933,-2.245162899072468
1789031148161785600,56.57978564453125,0.1678933914184571,-10.184335311889647,-2.2520456443235273
1789031148171788500,56.58978857421875,1.0524011941771954,-10.289080465477705,-2.4470234420225023
1789031148181792500,56.59979248046875,1.437718096923828,-9.903317061072586,-2.9578870980411764
1789031148191795700,56.60979565429688,1.3470377090454102,-9.018956484764814,-3.0635306617736813
1789031148201799700,56.61979956054687,0.9222164058409631,-8.436566930931807,-2.874986988775432
1789031148211802400,56.62980224609375,0.5767032518249006,-8.027607944378255,-3.13146642614156
1789031148221806600,56.639806640625,0.3859153800964355,-7.875725192040205,-3.3916853422969577
1789031148231809500,56.6498095703125,0.4866214874267578,-8.069656111034748,-3.1893753020137545
1789031148241812500,56.6598125,0.5487210929870606,-8.576927003258465,-2.91718508529663
1789031148251816400,56.66981640625,0.7523777986388653,-9.15602452980876,-2.758569225311279
1789031148261819600,56.67981958007813,0.872087954711914,-9.751433139690755,-2.830694550323486
1789031148271823600,56.68982373046875,1.1043255157470702,-11.066149126324056,-2.6634000015810133
1789031148281826600,56.69982666015625,1.3455412599425762,-13.23409872959554,-2.257432305797934
1789031148291830500,56.70983056640625,1.425597377954051,-15.172503079655765,-2.0623054550170896
1789031148301833700,56.71983374023438,0.610371785736084,-15.505149226379391,-2.752883288629353
1789031148311837700,56.72983764648438,0.12958631098642936,-13.255648298102617,-4.032284800775349
1789031148321840600,56.73984057617187,0.15786774503178902,-9.760113874274492,-4.956446933856606
1789031148331843600,56.749843505859374,0.7788638006348161,-6.7806795458138,-5.243901062940061
1789031148341847600,56.75984765625,1.8206406518798322,-5.363908959850669,-4.347720869500934
1789031148351850500,56.7698505859375,2.580799532848969,-6.214298292973636,-2.961028318676352
1789031148361854500,56.7798544921875,2.4434324317932123,-8.75290316336751,-2.7434564118534324
1789031148371857700,56.78985766601563,0.7719802516661584,-10.57728249031901,-4.000561628778279
1789031148381861400,56.799861328125,-0.09741393391713515,-10.640880810004473,-4.862773501642048
1789031148391864600,56.80986450195312,0.31289230252690603,-9.542989711219072,-4.2031706520080565
1789031148401868500,56.81986865234375,0.5418379093445839,-8.29306680701375,-3.321506475177407
1789031148411871700,56.82987182617188,0.8179190690856427,-7.293485860332845,-3.1332620773866777
1789031148421875500,56.83987548828125,1.5931916402954607,-7.4447712312996375,-2.6354174774169916
1789031148431878700,56.849878662109376,2.479046108422801,-9.20660262440145,-1.5641618721008297
1789031148441881600,56.85988159179688,1.2611457244873046,-10.889128425598145,-1.5583262978151438
1789031148451885600,56.86988549804688,0.18046309626474977,-11.10760049613118,-2.6797107926517723
1789031148461888500,56.87988842773437,1.0188824440002442,-9.886706118011475,-3.4349317788273095
1789031148471892500,56.889892578125,1.6763899287901818,-8.428336862725018,-3.479373854883015
1789031148481895400,56.8998955078125,1.4431050506591794,-6.900537512859701,-3.8087250517144797
1789031148491899400,56.9098994140625,1.7399860565185548,-5.767782021442056,-3.5176804969236253
1789031148501902600,56.91990258789063,2.543091222027689,-6.23599866812825,-2.2336408035829662
1789031148511906600,56.929906494140624,2.1091421711243687,-8.624364461737871,-1.200841770172119
1789031148521909500,56.93990942382813,0.6639421940125526,-11.357644932013752,-1.2262798705503344
1789031148531912400,56.94991235351562,-0.7815572044372561,-13.195043899536133,-2.2714982405513524
1789031148541916700,56.95991674804687,-1.1412860038757322,-12.615347238048908,-5.405507921434938
1789031148551919400,56.96991943359375,0.10444704742431643,-9.337087199401854,-6.806565974481403
1789031148561923600,56.97992358398437,1.238251317242533,-6.420950746375322,-5.005228792682289
1789031148571926500,56.98992651367188,2.0115784534730015,-5.358524344202875,-2.981829114642739
1789031148581930800,56.9999306640625,2.2948422912597657,-5.813270683941244,-2.007387869915366
1789031148591933400,57.009933349609376,1.5705962890624998,-6.8228761810302725,-2.0789152290344237
1789031148601937400,57.0199375,1.1776479415893555,-8.69589006729126,-2.09073689199239
1789031148611940600,57.02994067382812,0.9316434287473558,-10.753854862755537,-2.079063697594404
1789031148621943600,57.03994360351562,0.6500258968628942,-11.52972817633748,-2.8146839112430806
1789031148631947500,57.04994750976562,1.472733296203613,-11.400740561896562,-3.341557329559327
1789031148641950700,57.05995068359375,1.5664064361572263,-10.966939395031334,-2.957586653789878
1789031148651954700,57.06995458984375,0.744147657366842,-9.21992037113607,-3.433134958538412
1789031148661957400,57.07995727539063,0.21083909143656498,-5.414485885399581,-5.411643939971923
1789031148671961600,57.08996166992188,1.4323312893189488,-2.922273932868242,-5.239411350305378
1789031148681964500,57.09996459960937,4.701313942663371,-4.664801490563153,-1.672948117773235
1789031148691968800,57.10996875,3.7834371734619143,-10.591349594116211,0.19572627797871833
1789031148701971500,57.11997143554687,0.9923964420042932,-14.085236835259199,-2.8886045952394603
1789031148711975700,57.1299755859375,1.3313259067811072,-13.647998095160723,-5.0980032302305105
1789031148721978600,57.139978515625,2.6132711120605467,-12.730866883629558,-4.0465003731325275
1789031148731981600,57.14998168945313,2.2909517135620114,-11.764357016423345,-4.013280532836914
1789031148741985500,57.15998559570313,1.4565725811280308,-8.318055702319741,-6.086210257720947
1789031148751988700,57.16998876953125,1.8507178833007814,-6.3642369255065905,-4.56140336766988
1789031148761992400,57.17999243164063,1.2675799953185023,-7.880514179882406,-1.270871291948855
1789031148771995600,57.18999560546875,-0.04923091776743527,-9.125349405559897,-2.4929627708986404
1789031148781999600,57.19999951171875,0.7740750319883227,-7.1236465955436215,-5.64103750975281
1789031148792002600,57.21000244140625,1.7546503955565391,-5.465064564514158,-4.406378517913819
1789031148802006500,57.22000659179688,1.9354126208983362,-6.484096061596276,-1.2930179495662446
1789031148812009500,57.23000952148438,0.7035961590088904,-8.125472690802813,-1.1782467842653395
1789031148822012700,57.2400126953125,0.03112462158203133,-8.20388279517293,-3.403956210327148
1789031148832016400,57.25001635742188,0.45160628814697246,-7.145045941925049,-3.881149944195151
1789031148842019600,57.26001953125,1.0726024898804725,-7.506122648841141,-2.075622909490764
1789031148852023600,57.2700234375,1.498021905108541,-9.287107655224203,-1.487248436029256
1789031148862026500,57.280026611328125,1.6157868453979491,-11.36392854232788,-2.3274632888793945
1789031148872030500,57.29003051757813,1.5313913830079136,-11.829452296668292,-3.4796737146124244
1789031148882033700,57.30003369140625,2.3102551105774936,-10.515185222846268,-3.6577415863037106
1789031148892037600,57.31003759765625,2.4094646957397456,-8.519017835125325,-4.061164858300984
1789031148902040600,57.32004052734375,1.9829976711548862,-6.894254487067462,-4.850353580529988
1789031148912043500,57.33004345703125,1.9440918941773475,-6.329522170478106,-4.629937682452798
1789031148922047500,57.34004760742187,2.31130242767334,-8.73943402546346,-2.3503575499936935
1789031148932050400,57.350050537109375,1.1785459133423863,-13.041516887122391,-0.9024646805360916
1789031148942054400,57.360054443359374,-0.5021836520873011,-15.414919504877924,-2.047940829578042
1789031148952057600,57.3700576171875,0.110133130236715,-14.770427422875168,-5.085883168847859
1789031148962061600,57.3800615234375,2.260874555206298,-13.047053478461503,-6.510133881433308
1789031148972064500,57.390064453125,2.123806802423298,-11.777229357478022,-5.321413049426674
1789031148982068500,57.400068359375,0.8334814529418946,-9.680954412841794,-4.263175331115722
1789031148992071700,57.41007177734375,1.300200992938131,-6.52434799248576,-4.67692301325053
1789031149002074400,57.42007446289063,2.4066212890073655,-5.243000606969,-4.240879035894572
1789031149012078600,57.43007861328125,2.4428340275086464,-5.928194117194414,-3.603273206274211
1789031149022081500,57.44008154296875,1.567453972448781,-6.670396047320962,-4.5643961197450755
1789031149032085800,57.45008569335938,1.568501216479391,-7.080701187786459,-5.016899648992716
1789031149042088400,57.46008837890625,1.7524056853696703,-8.830262881901861,-2.967313098034263
1789031149052092700,57.4700927734375,0.6745661716185509,-10.078689994591475,-2.1335326621457926
1789031149062095600,57.480095703125,0.14155731928721083,-8.299201948767902,-3.5507504073545335
1789031149072099300,57.49009936523437,0.878821500750631,-4.935644968846439,-4.183866232079267
1789031149082102500,57.5001025390625,1.6325461839538067,-4.876089787071942,-1.540818113653362
1789031149092105700,57.51010571289063,1.2247837867736815,-7.7429978065490745,0.7173626724243167
1789031149102109700,57.52010961914063,0.515800820159912,-9.869946121868491,-0.4146452154964213
1789031149112112600,57.53011254882812,1.2086228525023903,-12.44909986027181,-0.8771756332397467
1789031149122116600,57.54011669921875,0.9231143775939942,-16.000300057220457,-0.10025719451904314
1789031149132119600,57.55011962890625,-1.2300211759705095,-16.697609537175296,-1.8538591039359569
1789031149142123500,57.56012353515625,-0.7221512218751014,-11.122263227733969,-6.134243636266887
1789031149152126500,57.57012646484375,2.6559177560668434,-4.467728181889654,-6.955154653710126
1789031149162130700,57.58013061523437,6.179135355786234,-2.8731916297912594,-3.6281136330202224
1789031149172133400,57.59013330078125,4.633678038024902,-6.8586389838069675,-0.5895724510744218
1789031149182136600,57.60013647460938,1.631797995935008,-12.83022625252604,-1.3793588469356295
1789031149192140500,57.610140625,1.2268787132263184,-15.802778420257567,-3.4440593803957107
1789031149202143700,57.62014379882813,0.931942850085348,-13.510628436821698,-5.7837923682615155
1789031149212147500,57.6301474609375,1.5135843620300293,-7.549815660095215,-7.558793624059856
1789031149222150700,57.640150634765625,1.854309039660543,-3.683477500584723,-6.165068105858564
1789031149232154600,57.65015454101562,1.9556136974059044,-4.006995168957116,-3.2725741019651293
1789031149242157600,57.660157470703126,0.8191160968504847,-7.987504482048749,-0.7809586540222169
1789031149252161500,57.67016162109375,-0.5575494924131779,-11.435906567823885,-1.8460802866280077
1789031149262164500,57.68016455078125,-0.10953457982167603,-12.331336819678544,-2.9412770317628976
1789031149272167400,57.69016748046875,0.683544427844137,-12.102538000920413,-2.603244223564863
1789031149282171400,57.70017138671875,0.5770025270324199,-10.002973367089032,-3.1120123686090113
1789031149292174600,57.71017456054688,1.745971560668945,-7.232583940124509,-4.177881312450767
1789031149302178600,57.72017846679688,2.1338322296142573,-8.042872149005532,-2.8318919434145093
1789031149312181500,57.730181396484376,0.6968622476439923,-10.829572074779866,-0.5268740028381345
1789031149322185500,57.740185546875,-0.17657229937128727,-9.133581811854244,-2.891297487585246
1789031149332188700,57.75018872070312,1.4627075036864725,-5.622931651958823,-4.982632637731731
1789031149342192600,57.76019262695313,2.624793280615285,-5.491999333190917,-3.2638957054689524
1789031149352195600,57.77019555664062,1.607107937445119,-8.551490948706865,-1.3938745712831617
1789031149362198500,57.780198486328125,0.2205658279418944,-10.645668044281006,-2.7551278526857494
1789031149372202800,57.79020263671875,0.16759426234140995,-10.984748023444414,-3.9317280387878415
1789031149382205400,57.800205322265626,0.2540846511840821,-9.891943434143066,-3.893869432775676
1789031149392209400,57.81020947265625,0.43170441378168745,-7.21432756794393,-3.53713309315145
1789031149402212600,57.82021264648437,1.012447880908102,-4.660910912865399,-3.2951690878719093
1789031149412216600,57.83021655273438,2.1314380279541014,-5.683984378814694,-1.8625395462587475
1789031149422219500,57.84021948242187,1.9940707077026367,-11.21878006668091,-0.21069003835469502
1789031149432223500,57.85022338867188,0.6293757614135741,-15.940146325030923,-0.6754644356325268
1789031149442226700,57.86022680664063,-0.7252936115540563,-17.04701392647624,-3.308038214056194
1789031149452229400,57.8702294921875,-0.6117183780394495,-13.383739255964755,-6.8456225581064825
1789031149462233600,57.880233642578126,1.567603390856832,-8.285881863945722,-6.478559762518108
1789031149472236500,57.89023657226563,2.184709014892578,-4.3001346502006035,-4.528781201006471
1789031149482240800,57.90024072265625,3.2475848413329578,-2.581696993145348,-2.77742297886312
1789031149492243500,57.91024340820312,3.9152677562437948,-4.635772964477539,-1.2162544433593747
1789031149502247700,57.92024755859375,2.289155916186422,-9.261220349773765,-1.5043059538140895
1789031149512250600,57.93025073242188,0.6248867794312536,-11.757327556177973,-2.898331916266679
1789031149522253600,57.94025366210938,0.6334158305846155,-10.983249309319255,-5.114313729040324
1789031149532257500,57.950257568359376,1.9312227679930625,-8.840438823479413,-5.987748422186076
1789031149542260700,57.9602607421875,2.079813200787455,-7.531710094562173,-4.018967054040729
1789031149552264400,57.97026440429688,2.145504108837992,-8.647857565528154,-1.6853692079290747
1789031149562267600,57.980267578125,1.8801966373719274,-10.816854632025956,-1.1484691933780908
1789031149572271600,57.99027172851562,0.7764693797789514,-11.966967500957848,-1.83261114872396
1789031149582274600,58.000274658203125,-1.0036194084167478,-10.642972813847662,-3.576488367462158
1789031149592278500,58.01027856445312,-0.5080198108948766,-7.3515458351135266,-4.9477670760557055
1789031149602281500,58.02028149414063,1.8499696952819824,-5.61215832901001,-4.7798736846372485
1789031149612285700,58.03028564453125,2.299480910845846,-6.922981984379888,-3.286340176989138
1789031149622288400,58.04028833007813,0.3597287994384766,-8.88712692489624,-2.218077616009116
1789031149632291600,58.05029150390625,-0.37155017013549796,-8.537275376349687,-3.551948677228391
1789031149642295600,58.06029565429687,1.3618516856871545,-7.555650357598063,-5.114613004247844
1789031149652298500,58.070298583984375,2.8814215518675743,-7.300967740520834,-4.8316488800600155
1789031149662302500,58.08030249023437,2.511368050030619,-8.373273731672763,-3.018640549689531
1789031149672305700,58.0903056640625,1.4312835338316856,-9.50632732925415,-2.4492677138179544
1789031149682309600,58.1003095703125,1.4217068733215332,-10.641029278564453,-3.1046804182857266
1789031149692312600,58.1103125,0.8577225986205042,-10.518025999230145,-4.818330841064454
1789031149702315500,58.1203154296875,0.9988311512269077,-8.157495138007402,-5.5738511024475095
1789031149712319500,58.13031958007812,2.627336900683492,-6.848911955040693,-4.260331924383342
1789031149722322400,58.140322509765625,3.9136221809938543,-8.781335477125644,-2.668338627026975
1789031149732326400,58.15032641601562,2.42592483215332,-11.747000807952881,-2.7694927703857424
1789031149742329600,58.16032958984375,0.8450036945618689,-12.326549000880123,-4.113388966535032
1789031149752333600,58.17033349609375,1.2755113728396594,-11.058670168745518,-6.046257602038979
1789031149762336500,58.18033642578125,2.5172039165772495,-9.733927293616532,-6.192004335840046
1789031149772340500,58.19034057617188,2.199373646191508,-8.724920931464434,-4.892252401843667
1789031149782343700,58.20034375,2.1300912895202635,-8.266281675940752,-3.999513873291016
1789031149792346400,58.21034643554688,2.9854198326110835,-8.569146432384848,-4.246415919494629
1789031149802350600,58.2203505859375,2.723404388427735,-9.50617769165039,-4.4003924292415375
1789031149812353500,58.230353515625,1.5047558895386755,-9.28845614722371,-4.367323980115354
1789031149822357800,58.240357666015626,1.2946644015990194,-8.402600363922119,-4.348018975664675
1789031149832360000,58.25035986328125,1.8369512237548826,-8.020425923919676,-4.606893199212849
1789031149842364000,58.26036401367188,1.6843207217894494,-7.991245422142743,-3.905242475183308
1789031149852366800,58.27036694335938,1.0090063621520997,-7.225550972747802,-2.7442037230893974
1789031149862371000,58.28037109375,0.9947906436644495,-6.913406931304932,-2.1598688804075117
1789031149872373800,58.29037377929688,0.9850644916810095,-7.170784778815507,-2.545934774890542
1789031149882377000,58.300376953125,0.9418189319334924,-6.748655345043538,-3.9646486038759345
1789031149892381000,58.310380859375,1.1061211669921875,-5.201553913336994,-4.875791680908202
1789031149902384000,58.320384033203126,2.932747542218119,-5.550210114619135,-3.3975232546702028
1789031149912387800,58.330387939453125,3.6068646548949177,-9.474005022320151,-1.3808558074951165
1789031149922391000,58.34039111328125,2.055871184185892,-12.802844909125564,-2.099714855957031
1789031149932395000,58.35039501953125,-0.0758662651062012,-12.215816589576008,-4.081365934808552
1789031149942398000,58.36039794921875,0.5102642288208004,-9.029434039637447,-4.7081984414801
1789031149952402000,58.37040185546875,2.1279965091980992,-7.071874322730301,-3.9718315011173484
1789031149962404900,58.38040478515625,2.417544980212301,-6.8742012945979845,-4.784661503435672
1789031149972408000,58.390407958984376,3.2392050624571738,-8.30578424976766,-4.373308315221965
1789031149982411800,58.400411865234375,3.2652421516418455,-12.304849210247397,-1.5726912155151362
1789031149992415000,58.4104150390625,1.5879542510986326,-15.094394588580727,-2.194285821533203
1789031150002419000,58.4204189453125,-1.5732896197997033,-13.92407830505371,-6.115538643535971
1789031150012422000,58.430421875,0.7124247776307165,-9.810092833930254,-7.979574858093262
1789031150022425900,58.44042578125,4.930259768676757,-8.545653913116453,-5.828385250964761
1789031150032429000,58.45042895507813,3.9939769896909594,-12.082787006267905,-3.7337571967527268
1789031150042431700,58.460431640625,0.2349310379028322,-14.597896434783936,-4.903026017053425
1789031150052436000,58.47043603515625,0.39773675079345705,-12.394183444213866,-6.414665090234577
1789031150062439000,58.48043896484375,2.5007434879027306,-9.525479773491622,-5.805041492517292
1789031150072443100,58.49044311523438,2.3119008319579066,-7.542932330322266,-6.366630834905802
1789031150082445800,58.50044580078125,2.149544324139505,-6.131102123370766,-6.181379773712158
1789031150092449800,58.51044970703125,2.903119150543213,-5.822997712707519,-4.790498246765137
1789031150102453000,58.520452880859374,3.9240965940613295,-7.261016253882646,-3.2620994697019454
1789031150112457000,58.53045703125,2.353051319122314,-9.783754862102866,-2.9578859289973973
1789031150122460000,58.5404599609375,0.33054939364008606,-9.999682508850098,-3.8136645539432763
1789031150132463900,58.5504638671875,0.25213936233520484,-7.341070618328451,-4.305970809008181
1789031150142467000,58.56046704101563,0.768838081182912,-4.4574061098396776,-4.294449298040568
1789031150152469800,58.5704697265625,1.5459060113769025,-3.0050217741817233,-3.4029090393617745
1789031150162474000,58.58047387695313,3.2255881866455076,-3.943698462566733,-1.7718588661193848
1789031150172477000,58.59047680664062,3.1754595163207497,-7.759159252277014,-0.9988310050964357
1789031150182481200,58.600481201171874,0.991947529193014,-11.397595249608159,-1.460163737487793
1789031150192483800,58.61048388671875,0.02813208870254469,-13.314307407820223,-2.466178224347532
1789031150202488000,58.620488037109375,0.2368764728821815,-12.808082225257158,-3.97706881724894
1789031150212491000,58.63049096679688,1.069160824993998,-9.879524682074786,-5.018695884759724
1789031150222494000,58.64049389648437,1.7326538869995622,-6.426636975318194,-4.9021276069089765
1789031150232498000,58.65049780273438,2.2638675264772026,-3.76772697863281,-4.217537031012773
1789031150242501000,58.660501220703125,3.354575654955953,-3.7349528362780813,-2.190244729448855
1789031150252504800,58.6705048828125,3.1753098056517537,-7.71890498329997,-1.129314703314006
1789031150262508000,58.68050805664063,1.4037505070008336,-12.239608968573808,-2.4142530990600584
1789031150272512000,58.69051196289063,-0.6012440380372106,-13.108402557915447,-5.753266589355468
1789031150282515000,58.70051489257813,1.817498262200877,-11.533166918614507,-6.62984396444112
1789031150292519000,58.710518798828126,3.1392472162108866,-11.123011415752769,-3.9842499609246853
1789031150302521900,58.72052197265625,2.1410148345947264,-10.854860829815268,-3.278410845294595
1789031150312525000,58.730525146484375,1.1058216725889591,-9.024941404393315,-4.3761508451715105
1789031150322528800,58.74052880859375,1.5322892086304725,-8.41891320081949,-4.543597077344359
1789031150332532000,58.75053198242188,1.3102268585205077,-9.92202059249878,-4.127903229577839
1789031150342536000,58.76053588867188,1.2101191554747521,-11.319185729759928,-3.8099227370664472
1789031150352539000,58.77053881835938,1.0761936462402342,-10.780940438079833,-4.263325260980427
1789031150362542800,58.78054296875,1.986738318987936,-9.139265118187662,-4.642357019042969
1789031150372546000,58.79054614257812,2.970456291430816,-9.574861936298015,-4.689493448749184
1789031150382550000,58.80055004882813,1.9885340432982892,-10.644619996532796,-4.916942314203084
1789031150392553000,58.81055297851562,1.0928034202575683,-9.989058238983153,-4.631133906500041
1789031150402556000,58.820555908203126,1.9048866227965804,-9.328557855987547,-3.4989763809755443
1789031150412560000,58.830559814453125,2.1888988677978514,-9.894187998199461,-2.8432638167783617
1789031150422562800,58.84056274414063,0.8216600091796368,-9.564985854449867,-3.251025994762778
1789031150432566800,58.85056689453125,0.17537527160644528,-6.801478003692627,-5.708375600488484
1789031150442570000,58.86057006835937,0.9802758691649882,-3.9472897650569685,-7.035062010900676
1789031150452574000,58.87057397460938,4.267664459228515,-4.232049540489911,-4.338591514366865
1789031150462577000,58.88057690429687,5.1339166204590345,-8.394967092564702,-0.7992138571590179
1789031150472579800,58.890579833984376,1.8564041122436523,-12.613402533721924,-1.341201842498779
1789031150482584000,58.900583984375,-0.19437910115346324,-13.54639533125162,-4.102764696668088
1789031150492586800,58.91058666992188,1.007061146368459,-11.062559577399492,-7.531859732165932
1789031150502591000,58.92059106445313,2.1767782218933105,-7.500135975646971,-7.5282675528928635
1789031150512594000,58.93059399414062,2.8185737582884727,-5.30465305328369,-5.020042623193562
1789031150522598100,58.94059814453125,3.056647405065968,-5.105484818157553,-2.423380992889404
1789031150532600800,58.95060083007812,2.4968532755311577,-6.612037381854653,-2.16076729055196
1789031150542604800,58.96060473632812,0.9590273294311018,-7.305307231029867,-5.12344162286967
1789031150552608000,58.97060791015625,1.5170258807860315,-7.10524117028117,-7.231835459844767
1789031150562611000,58.98061083984375,3.521571586078033,-8.455872519904377,-6.224326350513101
1789031150572615000,58.99061499023438,4.404583012799173,-11.991060908728837,-3.7813428315311666
1789031150582618000,59.0006181640625,3.2622492534361776,-14.973335429051517,-3.6917093223571773
1789031150592622000,59.0106220703125,1.9240401630125938,-14.00892165734172,-6.485742075237631
1789031150602624800,59.02062475585937,2.55191954838857,-9.117267805913091,-8.984091507610678
1789031150612629000,59.03062890625,3.9927801080565897,-6.628196489495036,-8.061575972692669
1789031150622632000,59.0406318359375,4.198980799102783,-7.426963187408448,-5.636698603765666
1789031150632636000,59.050635986328125,2.401683540344238,-9.115773183441162,-4.11458489832133
1789031150642638800,59.06063891601563,1.568800710882619,-8.615535843116044,-4.8467616935178635
1789031150652642000,59.07064208984375,2.3696609470091756,-7.334635616844893,-5.59839166946411
1789031150662646000,59.08064599609375,2.99589461100474,-7.010971233478186,-5.726781610272825
1789031150672649000,59.09064892578125,3.681234470898285,-7.6370532140433784,-4.852298577117919
1789031150682653000,59.10065283203125,3.3415571103636177,-9.32032603421509,-3.271376708874106
1789031150692656000,59.11065625,1.3328222097534685,-10.140043750220537,-2.5640403404235843
1789031150702659800,59.120659912109375,-0.24211356981806476,-8.96838131278157,-3.332429143469035
1789031150712663000,59.1306630859375,0.8565257900513709,-6.544101909747718,-5.368548017828166
1789031150722667000,59.1406669921875,2.953995862756297,-5.349243305638431,-6.002712767083942
1789031150732670000,59.150669921875,3.209127904101461,-6.406432976201177,-4.218133243340254
1789031150742673000,59.1606728515625,2.1068974609374997,-8.79105958328247,-2.681206876428425
1789031150752676900,59.1706767578125,1.8770539554320274,-11.002253284996746,-3.158999160711467
1789031150762680000,59.18068017578125,2.1701940211974082,-10.656889110997316,-5.5588864652886985
1789031150772683800,59.190683837890624,3.371335066577047,-9.445124380272626,-6.7625716421931985
1789031150782687000,59.20068701171875,3.8154596206665037,-10.678886423271894,-5.250933153533936
1789031150792691000,59.21069091796875,2.0072387437682595,-12.292878201946614,-3.4308912712648505
1789031150802694000,59.22069384765625,1.6000749700684098,-12.395830626899002,-3.4856592187628146
1789031150812696800,59.23069677734375,1.5168764623779802,-11.113585415759681,-5.692663359832764
1789031150822701000,59.240701171875,2.3521533473692835,-8.140286229053139,-7.544129138891399
1789031150832704500,59.25070458984375,3.255066940716654,-6.395811044421793,-5.55424857635498
1789031150842708200,59.260708251953126,2.3705589918274432,-7.214629181239008,-2.8577795411258933
1789031150852711400,59.27071142578125,1.7118541139464825,-7.904905693817138,-3.3164176276057953
1789031150862715400,59.28071533203125,2.354547695159912,-6.952164239722492,-5.259013291876018
1789031150872718300,59.29071826171875,3.0193876417297867,-6.335210152986644,-5.487661011725663
1789031150882722300,59.30072241210937,2.616263864135742,-6.798036338806153,-4.21708665689677
1789031150892725500,59.3107255859375,2.028936269378662,-8.077587488555906,-2.7006591803953053
1789031150902728200,59.32072827148438,1.698686004815623,-9.212139215740562,-2.509123047582805
1789031150912732400,59.330732421875,1.564760422515869,-9.709384973034261,-3.6671693398624656
1789031150922735400,59.3407353515625,1.9993080238342285,-10.040383352550865,-4.414010035705566
1789031150932739600,59.35073950195312,2.494009795733541,-11.52403844026327,-4.171297842407226
1789031150942742300,59.3607421875,1.569099839959666,-11.7733370262146,-4.3216839264467355
1789031150952746500,59.37074658203125,1.7197849800109863,-9.909449864739182,-4.149301406915486
1789031150962749400,59.38074951171875,2.183960826873779,-7.795221330261229,-4.255843380792439
1789031150972753400,59.39075341796875,3.3672949974060056,-6.936002209472658,-4.953752580206096
1789031150982756400,59.40075634765625,4.240729763616994,-8.144475497436522,-5.101146204431355
1789031150992759600,59.41075952148437,3.2676362802367653,-9.751285255652663,-4.950610190527141
1789031151002763500,59.42076342773437,2.60489140625,-10.696994911414382,-4.42792662511617
1789031151012766500,59.430766357421874,2.44911873380132,-11.01811720908284,-4.258986062732339
1789031151022770400,59.4407705078125,1.845630131707713,-10.057890367668865,-5.1958665153503425
1789031151032773400,59.4507734375,1.7289128738403319,-7.643190693885089,-5.700893135778605
1789031151042777600,59.46077758789063,2.706495485333353,-5.990443944880365,-4.799626432855427
1789031151052780300,59.4707802734375,3.5437175130430605,-5.840355674743652,-3.902399652972817
1789031151062783500,59.48078344726562,3.365648983764648,-6.327576881629228,-3.7105633681699635
1789031151072787500,59.49078735351563,2.8627169244628394,-7.160607668194174,-4.007594011633098
1789031151082790400,59.50079028320312,2.170343877996877,-7.8381679070621715,-4.224568829345703
1789031151092794400,59.51079443359375,1.4597148977417498,-7.892338473188877,-4.371662886102497
1789031151102797600,59.52079760742188,1.3012486022949217,-7.480083367699384,-4.218582740673423
1789031151112801500,59.53080151367188,1.5701473031859843,-7.228094812011719,-3.920954423578083
1789031151122804500,59.54080444335938,1.9753659341674297,-7.202357144165038,-3.7473750954777003
1789031151132808400,59.550808349609376,2.297236565985158,-7.045837379676103,-3.681683895166218
1789031151142811600,59.56081176757812,2.546981726660207,-6.6832654657661905,-3.338265010015667
1789031151152814300,59.570814453125,2.554463533782959,-6.631938598632812,-3.004872136577964
1789031151162818300,59.580818359375,2.4326583781920372,-7.005733332824706,-3.073257398279011
1789031151172821500,59.590821533203126,1.961000797271728,-7.655759083557128,-3.4169749741151927
1789031151182825200,59.6008251953125,1.652448058319092,-8.594585409545898,-3.8507740951538088
1789031151192828400,59.61082836914063,1.7755998062133789,-9.928306540900467,-4.348169197790325
1789031151202832400,59.62083227539063,1.3928268157958983,-11.06375667822957,-4.74381131439209
1789031151212835600,59.63083569335937,0.9172785110473632,-11.498154057422282,-4.847958794347942
1789031151222839300,59.64083935546875,1.5013140785217285,-11.440545333540438,-4.330513421851396
1789031151232842500,59.65084252929688,2.156577145385742,-11.322479510608314,-3.767874570409954
1789031151242845400,59.660845458984376,2.386869490637258,-10.835109835162758,-3.590554009954631
1789031151252849400,59.670849365234375,2.4446294595580547,-9.811586287358402,-3.8072286756768823
1789031151262852400,59.68085229492188,2.7765256646972145,-8.862587526923418,-4.022557772009074
1789031151272856600,59.69085668945313,2.9589339767456053,-8.651596752056479,-3.982753877148032
1789031151282859300,59.700859375,3.0389900216918435,-9.004891719055175,-3.828776929009705
1789031151292863500,59.71086352539062,2.9795840391296884,-9.631873278808591,-3.7948093390867115
1789031151302866400,59.72086645507813,2.836530416870117,-10.124629907989503,-3.9013517513550817
1789031151312870400,59.73087036132812,2.883217349243164,-10.10592520751953,-3.8685814083926378
1789031151322873300,59.740873291015625,2.9055132060728965,-9.575161211505533,-3.71999126785919
1789031151332876500,59.75087646484375,2.7383681488037106,-8.780137207251785,-3.7014359127320353
1789031151342880500,59.76088061523438,2.5350106452941894,-8.134599415588378,-3.680187226867676
1789031151352883500,59.77088354492187,2.463184668554738,-7.881114483863116,-3.4823664608277376
1789031151362887400,59.78088745117188,2.4218846168518064,-7.960572635981441,-3.308337489263713
1789031151372890400,59.79089038085937,2.2897546127319335,-8.155248820385339,-3.199102184649557
1789031151382894600,59.80089453125,2.0881928335327653,-8.398112404853105,-3.150021489007771
1789031151392897300,59.81089721679688,1.8457799885071813,-8.70666514380574,-3.1353570038393137
1789031151402900500,59.820900390625,1.6406267606873064,-8.939501255255937,-3.1768069123417133
1789031151412904400,59.83090454101563,1.3422493057250977,-8.996213322558996,-3.2861912700377403
1789031151422907400,59.84090747070312,1.2916717225890606,-9.079710520935057,-3.333626390429586
1789031151432911400,59.85091137695313,1.5673044079102576,-9.452758236151933,-3.21930296889618
1789031151442914600,59.86091455078125,1.8909703256469217,-9.742754158672689,-3.1664813331604
1789031151452918500,59.87091845703125,2.317587133966014,-9.661201080101728,-3.2302269523620604
1789031151462921500,59.88092138671875,2.430563597869873,-9.457695108032224,-3.45528147002533
1789031151472925400,59.890925537109375,2.545485277557373,-9.463382506018878,-3.6502594138547773
1789031151482928600,59.9009287109375,2.688987739562988,-9.516951014599202,-3.805135064398497
1789031151492931300,59.91093139648437,2.6626515943665057,-9.457545470428467,-3.853767285620421
1789031151502935300,59.92093530273438,2.6418518213134257,-9.246707255774737,-3.7707178310118614
1789031151512938500,59.9309384765625,2.637512403869629,-8.965986526599526,-3.6011781336911017
1789031151522942500,59.9409423828125,2.785204572650045,-8.845826361736655,-3.3997662112914027
1789031151532945400,59.9509453125,2.8604725065369156,-8.824728044128417,-3.224390793554485
1789031151542949400,59.96094946289063,2.539948613153025,-8.80407747028768,-3.1643859683163464
1789031151552952600,59.97095263671875,2.2001215419493616,-8.955659193852544,-3.1013883910030127
1789031151562956300,59.980956298828126,2.062006033679098,-9.368510511669516,-2.895786761828512
1789031151572959500,59.99095947265625,2.044797636181489,-9.83822178082764,-2.648136381475627
1789031151582962400,60.00096240234375,1.9852420890808102,-10.229226008495688,-2.5999536575868722
1789031151592966400,60.01096630859375,1.826177170153707,-10.277259094780682,-2.7341785881593825
1789031151602969300,60.02096923828125,1.8836380830626935,-9.958083839526772,-2.788795729009807
1789031151612973600,60.0309736328125,1.9397521844726056,-9.534608836364747,-2.666991011810303
1789031151622976500,60.0409765625,1.962048333563283,-9.216181184607741,-2.5383028187073764
1789031151632980200,60.050980224609376,1.977161585412547,-8.731204541778565,-2.5216926062986253
1789031151642983400,60.0609833984375,2.0386626405578108,-8.132054991802573,-2.3976428866513073
1789031151652986600,60.070986572265625,2.100762173052877,-7.932288790783286,-2.1983263290956616
1789031151662990300,60.080990234375,2.3418287180360404,-8.205529977858063,-2.1279965091980997
1789031151672993500,60.09099365234375,2.739415538964793,-8.64276871795654,-2.262370492852479
1789031151682997500,60.10099755859375,2.838625489453226,-8.91795344031453,-2.3962968788698316
1789031151693000400,60.11100048828125,2.6069863327026366,-9.030929831153154,-2.389264203754067
1789031151703004400,60.12100439453125,2.4940100149292497,-9.198374894282221,-2.305317215783894
1789031151713007400,60.13100732421875,2.5739165684022005,-9.545683188086745,-2.1344313645511863
1789031151723011600,60.14101147460938,2.5739164222717283,-10.168773001098632,-1.9888338299624622
1789031151733014300,60.15101416015625,2.2952912040710443,-10.76403138885498,-1.9900309307925403
1789031151743017500,60.161017578125,1.9268832774840294,-11.048491889080404,-1.9720736876890061
1789031151753021400,60.171021484375,1.6370352390013634,-11.108945480999347,-1.9060832121700049
1789031151763024400,60.1810244140625,1.739686781311035,-11.022305892944335,-1.771111116492003
1789031151773028400,60.1910283203125,2.155080769348144,-10.88434119132161,-1.6704045707702635
1789031151783031600,60.20103149414062,2.366368919726461,-10.626962759289144,-1.6986861509460955
1789031151793035500,60.21103540039063,2.0814590682983396,-10.284592506408691,-1.6989858645450322
1789031151803038500,60.22103857421875,1.8101659465514124,-9.856478737530113,-1.7093106400087477
1789031151813041400,60.23104150390625,1.5448586212158202,-9.478196628791093,-1.6332944450378417
1789031151823045400,60.24104541015625,1.425597451019287,-9.198073865509034,-1.5318405880801376
1789031151833047800,60.2510478515625,1.3831003715515136,-8.987533757019042,-1.4703393868044017
1789031151843052000,60.261052001953125,1.2439374000549317,-8.84343157555461,-1.3845967475891108
1789031151853054700,60.2710546875,1.079934440203756,-8.776693204277754,-1.3319246763918546
1789031151863058700,60.28105859375,1.0401308376036584,-8.838344481548667,-1.3229456895139067
1789031151873062000,60.29106176757813,1.0292074386596681,-9.040355246624348,-1.3986631207339464
1789031151883065600,60.30106567382813,1.0091559997558592,-9.251644712176919,-1.4760256157472729
1789031151893068800,60.31106884765625,1.014393315887451,-9.406368825420737,-1.466897721917927
1789031151903072000,60.321072021484376,1.183034895324707,-9.533860648345946,-1.5382741282589734
1789031151913076000,60.331075927734375,1.155950342913717,-9.638606386455892,-1.6014217085022477
1789031151923078700,60.34107861328125,1.1290157203674316,-9.694123106494546,-1.6732475391112267
1789031151933083000,60.35108276367188,1.2243350200928749,-9.686941670557855,-1.809268267059326
1789031151943085800,60.3610859375,1.3003506305418908,-9.56992272633016,-1.8915687299314885
1789031151953089800,60.37108984375,1.2155062553405762,-9.510816457366943,-1.994520058905333
1789031151963092700,60.3810927734375,1.1507131729125977,-9.562292377582192,-1.978658472906798
1789031151973097000,60.39109692382812,1.1324575313843788,-9.692328039771319,-2.013672941534221
1789031151983099600,60.401099609375,1.0787376316346227,-9.752184250319003,-2.030283811530098
1789031151993102800,60.41110278320313,1.0476127177916468,-9.822810276684164,-2.0489881466738877
1789031152003106800,60.42110693359375,1.0971427646361291,-9.926209276360273,-2.0907360152095555
1789031152013110000,60.43111010742187,0.8860043979920446,-9.97304818442464,-1.9029414800781757
1789031152023113700,60.44111376953125,0.7636009842470288,-9.911697351405023,-1.6536455244753507
1789031152033117000,60.451116943359374,0.7360673728942871,-9.78794471500814,-1.5722417912472042
1789031152043121000,60.46112084960937,0.7413045428954063,-9.647135729870199,-1.593939682183787
1789031152053123800,60.47112377929688,0.8473976039610802,-9.477446687206626,-1.6226695906490087
1789031152063126800,60.48112670898438,0.8869020774841307,-9.376142613983152,-1.5987282316345721
1789031152073130800,60.491130859375,0.7597099681578576,-9.238625071606043,-1.4884450254026798
1789031152083133700,60.5011337890625,0.6495768379211425,-9.063100746917724,-1.299003965173289
1789031152093137700,60.5111376953125,0.7390601249694824,-9.046341919818522,-1.1813893931400032
1789031152103140900,60.52114086914062,0.8854055553160606,-9.142109401702882,-1.158793603515625
1789031152113144800,60.53114477539062,1.056591120147705,-9.268105433112384,-1.2877809987608342
1789031152123147800,60.54114770507813,1.1647791076660157,-9.383025943756103,-1.4408607057984917
1789031152133151700,60.55115185546875,1.1914147472657262,-9.280375132098794,-1.4531312085025012
1789031152143155000,60.56115502929688,1.277007164355367,-9.028384238323566,-1.356764518615976
1789031152153157600,60.57115771484375,1.4498387428283692,-8.597428524017333,-1.2434879757869988
1789031152163161900,60.58116186523438,1.6705542083740235,-8.251167108917235,-1.1686693200375882
1789031152173164800,60.59116479492187,1.8683751205444337,-8.140735141864416,-0.9901515856869518
1789031152183168800,60.60116870117187,2.1853077114380897,-8.348133445197345,-0.7323269442569464
1789031152193171700,60.611171630859374,2.4681226364135744,-8.932467118835449,-0.5464770403873176
1789031152203175700,60.62117578125,2.749291840008646,-9.64040437578857,-0.46163208066411326
1789031152213179000,60.63117895507813,2.863315694073587,-10.359113202124833,-0.4335007956791669
1789031152223181800,60.64118188476562,2.795828988647461,-11.061509776085614,-0.45295302658081055
1789031152233185800,60.65118579101563,2.5353097743712363,-11.629833979687094,-0.562637828528136
1789031152243188700,60.66118872070312,2.33509466054067,-12.024877838134763,-0.5618894943788647
1789031152253193000,60.67119287109375,2.243366809435934,-12.203544552502036,-0.4321532535277307
1789031152263195600,60.681195556640624,2.1514893207274377,-11.996744799584151,-0.2066494577270001
1789031152273199900,60.69119995117188,2.406023176983744,-11.380090572577714,-0.03052577890604735
1789031152283202800,60.70120288085938,2.7193643192566928,-10.717944175940751,-0.00793053727094084
1789031152293207000,60.71120703125,2.5306713009156288,-10.138697011786698,-0.03576400835309179
1789031152303209700,60.72120971679688,2.1562777240477504,-9.603891631427405,-0.10878679366167637
1789031152313213000,60.731212890625,1.9764134704589842,-9.326761620220541,-0.31633367515243593
1789031152323217000,60.741216796875,1.9650407203122973,-9.192535520604252,-0.8487445250580086
1789031152333219800,60.7512197265625,1.8807950416564942,-8.928727347785234,-1.1704650443479419
1789031152343223800,60.761223876953125,1.681926520129293,-8.8366990524292,-0.22056633939854803
1789031152353227000,60.77122705078125,2.080561096545309,-8.74646757736206,-0.0957684317324311
1789031152363230700,60.78123071289063,2.2492025298520923,-8.441355334252119,-0.8430575289301574
1789031152373234000,60.79123388671875,2.083703632354736,-8.269273258972168,-1.1550522250302135
1789031152383236900,60.80123681640625,1.9186532092772421,-8.266281091418861,-0.7727291703373194
1789031152393240800,60.81124072265625,1.914313718768209,-8.301146653094886,-0.1309330494202675
1789031152403243800,60.821243896484376,1.8326115871153772,-8.64576030098796,1.334318878052011
1789031152413247700,60.83124780273437,2.1856068405151365,-9.542990295740962,1.5840636734008786
1789031152423251000,60.8412509765625,2.9412768856324254,-10.553492449408768,0.33204540435150276
1789031152433254700,60.85125463867188,3.2227449260435996,-11.443834438213708,-1.044619527325034
1789031152443257900,60.8612578125,2.732681627599895,-12.110319156315922,-1.7989428340084848
1789031152453260800,60.8712607421875,2.062604730224609,-12.798655056220293,-1.9367595785278828
1789031152463264800,60.8812646484375,1.8713678726196288,-13.206117082214353,-1.954566526440531
1789031152473267700,60.891267822265625,2.297535768127441,-12.53229895248413,-2.176628365093842
1789031152483272000,60.90127197265625,2.633621972302347,-11.441890902930497,-2.4693198833741246
1789031152493275000,60.91127490234375,2.4006360771179196,-10.702231058502198,-2.409763678686321
1789031152503278800,60.92127880859375,1.9756652824401857,-9.942670581817627,-2.067543355670571
1789031152513281800,60.93128173828125,1.6009727226257322,-9.082852910614013,-1.8173491360537706
1789031152523285800,60.94128564453125,1.3145660567685962,-8.264782961815598,-1.6223710460938512
1789031152533288700,60.95128881835937,1.0275614250183105,-7.554155150604247,-1.4299373799197375
1789031152543292000,60.9612919921875,0.7166144844055174,-7.072471704101565,-1.3042418658267705
1789031152553296000,60.9712958984375,0.3975871131896971,-6.886473331671952,-1.2401968252871185
1789031152563298800,60.981298828125,0.07766191635131836,-6.944981050220131,-1.3040920820925384
1789031152573302800,60.991302734375,-0.09382292368784517,-7.122450079235435,-1.4441521485593167
1789031152583305700,61.0013056640625,-0.23044176365956637,-7.413347334510087,-1.6783350715085863
1789031152593310000,61.01131005859375,-0.2769793506897984,-7.8068924788326015,-1.9499279068544504
1789031152603312600,61.02131274414062,-0.256329215240479,-8.191909448784589,-2.2743424510013313
1789031152613315800,61.03131591796875,-0.2751835533142091,-8.58725258243978,-2.6074357569705695
1789031152623319800,61.04131982421875,-0.2847605060853058,-8.922589867943524,-2.8678044568601995
1789031152633322800,61.05132275390625,-0.22610256541147833,-9.17413067986369,-3.0066680070187894
1789031152643326700,61.06132666015625,-0.1523310806274416,-9.350404946136475,-3.050512336377054
1789031152653330000,61.07132983398437,-0.042646717071533446,-9.562442599707841,-2.9854196864806113
1789031152663334000,61.081333984375,0.16699556579589858,-9.82490578765869,-2.9605802095826705
1789031152673336800,61.0913369140625,0.45534722824096674,-10.1234339762032,-2.9052139308653766
1789031152683340800,61.1013408203125,0.7505822204589843,-10.346691527447105,-2.8193217271115625
1789031152693344000,61.11134399414063,1.0482111220762134,-10.372577663853765,-2.7578206719662997
1789031152703346700,61.1213466796875,1.2719196319580077,-10.197652474102378,-2.7678464644834397
1789031152713350700,61.1313505859375,1.523161168670654,-10.036641827934979,-2.6622020970333367
1789031152723353900,61.14135375976562,1.7462706897459925,-9.854383811077476,-2.3533503751341254
1789031152733357800,61.15135791015625,1.888276921844482,-9.751583361816408,-1.843235710851848
1789031152743360800,61.16136083984375,2.63197595866099,-10.344598939082026,0.9132379304196686
1789031152753364700,61.17136474609375,2.845658310699463,-10.432883371734619,2.002749396459758
1789031152763368000,61.18136791992188,2.0663456703186034,-9.76101053085327,0.012869053119048401
1789031152773370600,61.19137060546875,1.441010124206543,-9.074323567199704,-1.3567639340940862
1789031152783374800,61.201374755859376,1.7296612079896032,-8.995914631873369,-1.2117654613770545
1789031152793377800,61.21137768554688,2.209847986193746,-9.561393967437743,-0.33683409993276003
1789031152803382000,61.22138208007812,2.446425183868408,-10.047117629241944,0.5481224695067851
1789031152813384700,61.231384765625,2.4067712188720702,-10.13241106338501,0.6078274350155145
1789031152823389000,61.24138891601562,2.3151930053710936,-10.10023839405477,0.010025865582376725
1789031152833393400,61.25139331054688,2.1987750957764685,-10.106375289374588,-0.506522777270153
1789031152843397400,61.2613974609375,2.108543474578857,-10.20333870304525,-0.5828383935790509
1789031152853400300,61.271400390625,2.1508907703123987,-10.156202273339032,-0.4248210109435022
1789031152863403300,61.2814033203125,2.207154801587015,-10.069564438849687,-0.31483700685389343
1789031152873407500,61.29140747070313,2.232742831829935,-10.009858450427652,-0.5210385746829211
1789031152883410200,61.30141015625,2.288108599090576,-10.005368153271078,-0.7543234528139233
1789031152893414100,61.3114140625,2.3748985554017126,-10.076298131018879,-0.7966711138736455
1789031152903417300,61.32141723632813,2.46438169631958,-10.073602900585533,-0.8313860880978404
1789031152913421300,61.33142138671875,2.536806442669779,-9.979483185908197,-0.9870097805298865
1789031152923424300,61.34142431640625,2.6360161739625037,-9.823410580664872,-1.1358994154665618
1789031152933427500,61.35142749023437,2.707841931506246,-9.677062666100264,-1.1348512946531175
1789031152943431400,61.36143139648438,2.6363151569090784,-9.567677577751875,-1.0241200523927807
1789031152953434000,61.37143408203125,2.4917652316771446,-9.39664238117635,-0.9033627253543584
1789031152963438300,61.38143823242188,2.342726178332418,-9.272294116973878,-0.8604160754881799
1789031152973441300,61.39144116210937,2.282422370147705,-9.22470935897827,-0.796970023754984
1789031152983445500,61.401445556640624,2.154332289068401,-9.33528979459107,-0.6575077770508825
1789031152993448200,61.4114482421875,1.9913770847044883,-9.496899575695394,-0.6771101570129393
1789031153003452400,61.421452392578125,1.8499698414124548,-9.569324760437011,-0.8274956565305589
1789031153013455400,61.43145532226563,1.7940049392148851,-9.57052010770142,-0.7347208536561577
1789031153023458300,61.44145825195312,1.7758992275513708,-9.515905304938554,-0.5110130013614893
1789031153033462300,61.45146215820313,1.8005895783022046,-9.470116782709956,-0.4516065073426814
1789031153043465500,61.46146557617188,1.776048719024658,-9.456946920013428,-0.6156088096067309
1789031153053469400,61.471469482421874,1.772906329345703,-9.460687275585533,-0.7824551031250506
1789031153063472400,61.481472412109376,1.7916108836852012,-9.441682130864262,-0.8037029852718114
1789031153073476400,61.491476318359375,1.7583913356505334,-9.389909273529051,-0.7646481552124023
1789031153083479300,61.50147924804688,1.7486650375366208,-9.368211820983886,-0.7347203421995043
1789031153093482200,61.51148217773437,1.7124527374267577,-9.336040905219315,-0.643292277758941
1789031153103486200,61.521486328125,1.632396619415283,-9.237427970775961,-0.5678744140073657
1789031153113489400,61.531489501953125,1.4695909065246582,-9.254187966918945,-0.6515224920962006
1789031153123493000,61.5414931640625,1.3106757713317871,-9.428665412902832,-0.819265296062827
1789031153133496300,61.55149633789063,1.2657844902038575,-9.660154785919188,-1.0054152057923376
1789031153143500300,61.56150024414063,1.19695090021342,-9.828495336583256,-1.0561416958797722
1789031153153503500,61.57150341796875,1.1303623126707971,-9.9353383392334,-1.154453893810883
1789031153163506200,61.58150610351562,1.2520178306579588,-9.945962609100343,-1.3042408429134635
1789031153173510400,61.59151049804687,1.3551181396484373,-9.847802094599603,-1.3768156652588397
1789031153183513300,61.601513427734375,1.3974657276429236,-9.749190329200026,-1.3274357674747705
1789031153193517300,61.61151733398437,1.4887445198059084,-9.667787472754716,-1.220444807721302
1789031153203520300,61.62152026367188,1.5439607955932617,-9.588778817969558,-1.138742383807525
1789031153213524200,61.63152416992188,1.5280992095947263,-9.496003503638505,-1.1086648601256308
1789031153223527200,61.64152709960938,1.5078981330871581,-9.436446568298338,-1.0732003827083856
1789031153233530400,61.6515302734375,1.4815619148254395,-9.44168446895182,-0.9635161652829497
1789031153243534300,61.66153442382812,1.448941063336283,-9.475503151923418,-0.8110353739865124
1789031153253537500,61.67153759765625,1.463006705828756,-9.511713698467611,-0.7113776797305792
1789031153263541200,61.68154125976562,1.5150807380676268,-9.478644372558591,-0.6804026957523077
1789031153273544200,61.691544189453126,1.5653589729309083,-9.444078086090087,-0.806396754400432
1789031153283548400,61.70154833984375,1.570147522381693,-9.56214332450032,-1.0197799773618579
1789031153293551000,61.71155102539063,1.4900914043702185,-9.784953716498615,-1.0387841722350566
1789031153303555300,61.72155541992188,1.3744213905334473,-9.929502472686767,-0.9211686503536999
1789031153313558300,61.73155834960937,1.3211504035949706,-9.898227628979086,-0.8285439234744756
1789031153323561500,61.7415615234375,1.2484263820372523,-9.771035665783286,-0.8396167408265173
1789031153333565200,61.75156518554687,1.1469722328186034,-9.715071786499022,-0.8066964679993688
1789031153343568400,61.761568359375,1.0423755477905274,-9.738564890289307,-0.7492353358946741
1789031153353572400,61.771572265625,1.0042178127013144,-9.814280348747968,-0.7047927483823151
1789031153363575300,61.7815751953125,0.995688469287008,-9.866205181774497,-0.7231988312318921
1789031153373579300,61.79157934570313,1.0399811999998987,-9.836426714104414,-0.8137288508541881
1789031153383582500,61.80158251953125,1.0709561839781698,-9.737815533226728,-0.9105446727477013
1789031153393585200,61.81158520507813,1.1457752781189976,-9.657461893573405,-0.9898524566099047
1789031153403589400,61.82158935546875,1.2740145584106444,-9.616610827746987,-1.0504556130673737
1789031153413592300,61.83159228515625,1.4380173721313478,-9.640701897430421,-1.0830766837522385
1789031153423596300,61.84159619140625,1.564461001177877,-9.758764213231204,-1.139190858227387
1789031153433599200,61.85159912109375,1.6567874026976526,-9.859171629875897,-1.1246765951845794
1789031153443603200,61.86160327148438,1.6499042190551758,-9.840317876324058,-1.0565915585391221
1789031153453606400,61.8716064453125,1.6105495292663574,-9.74275474319458,-1.0096051317628472
1789031153463609300,61.881609375,1.665317038372904,-9.78091291667521,-0.998531437627971
1789031153473613300,61.89161328125,1.7820342231750486,-9.805901811981201,-0.8916909922610967
1789031153483616300,61.9016162109375,1.753752716064453,-9.716268887329102,-0.7320272306580096
1789031153493620500,61.911620361328126,1.6828246380127967,-9.608231706458328,-0.7170635433472692
1789031153503623200,61.921623046875,1.7562964091978965,-9.527425646862387,-0.7606083783023059
1789031153513627400,61.93162744140625,1.8023850834168493,-9.485826977539062,-0.7600088049739598
1789031153523630300,61.94163037109375,1.8691231624327598,-9.460836913189294,-0.6907270328246057
1789031153533634300,61.95163427734375,1.849520782470703,-9.49974269016683,-0.639101840331778
1789031153543637200,61.96163720703125,1.9060837966918944,-9.552415126690269,-0.645387277276814
1789031153553640400,61.97164038085938,1.927930740710348,-9.595061843761801,-0.6453870580811053
1789031153563644400,61.98164453125,1.9698294158935548,-9.664643914031982,-0.610371785736084
1789031153573647400,61.9916474609375,2.0141220004759726,-9.733774733403324,-0.5799949137814343
1789031153583651300,62.0016513671875,2.070834652300924,-9.809642167553307,-0.6012433804500849
1789031153593654300,62.011654296875,2.177526263781637,-9.824605927929282,-0.6145617117065937
1789031153603658200,62.021658203125,2.1300912895202635,-9.768792270770671,-0.5889741198550911
1789031153613661200,62.0316611328125,2.0699369728088377,-9.692476508331298,-0.6163572168212385
1789031153623664400,62.04166430664063,1.9898808547973632,-9.636362991443276,-0.669478200829774
1789031153633668400,62.05166845703125,1.8698713504515587,-9.579798223656415,-0.6694779085688293
1789031153643671300,62.06167138671875,1.7738041549682615,-9.525032029724121,-0.5771521646361798
1789031153653675300,62.07167529296875,1.7548003254212439,-9.507074932751058,-0.4691133032649756
1789031153663678500,62.08167846679687,1.7182884578429163,-9.515902966850994,-0.41629130220301447
1789031153673682200,62.09168212890625,1.7108065776549277,-9.547027588433025,-0.4236234717220069
1789031153683685400,62.10168530273437,1.7450737350463867,-9.605238954383134,-0.5313634962771089
1789031153693688300,62.11168823242188,1.7411831573486327,-9.643994509235023,-0.6389524219237268
1789031153703692300,62.1216923828125,1.7609351749144493,-9.624838557866216,-0.6573575549252331
1789031153713695200,62.1316953125,1.7977458793088792,-9.578450900700687,-0.6374556805599481
1789031153723699500,62.14169946289063,1.886780399676412,-9.496600300487875,-0.5915177399232985
1789031153733702400,62.15170239257812,1.964143040820211,-9.42926454783976,-0.5425855128414929
1789031153743706000,62.1617060546875,2.1057006523683666,-9.373749581366777,-0.5560534817017614
1789031153753709300,62.17170922851562,2.18485879862681,-9.381231461554766,-0.5900209985595196
1789031153763712500,62.18171240234375,2.211045233154297,-9.382128118133544,-0.6964135540284215
1789031153773716200,62.19171630859375,2.2961890296936036,-9.362825451770425,-0.7401078073915093
1789031153783719400,62.20171948242187,2.341679153497517,-9.36507060034871,-0.6970123236391692
1789031153793723400,62.21172338867188,2.3585877643309527,-9.452307569774984,-0.56832361907959
1789031153803726000,62.22172607421875,2.382380143328756,-9.663895141491293,-0.4164412320677191
1789031153813730300,62.23173022460937,2.3552961754396557,-9.838075065833328,-0.3030167321354151
1789031153823733200,62.24173315429688,2.18007054143697,-9.926660527259111,-0.22715046702921393
1789031153833736200,62.251736083984376,1.981650786590576,-9.891045608520505,-0.2480992931641638
1789031153843739100,62.2617392578125,1.900397567749023,-9.916633638763427,-0.24735059368871148
1789031153853742000,62.2717421875,1.8481741901673374,-9.908255101996659,-0.2624647223208099
1789031153863746000,62.28174609375,1.8646343265809118,-9.832538474494218,-0.2998742693912238
1789031153873749000,62.2917490234375,1.7796400215148922,-9.823260358539223,-0.3500024282593279
1789031153883753000,62.3017529296875,1.7338509147644041,-9.870695478931069,-0.34222156512476504
1789031153893756200,62.31175610351563,1.7452233726501463,-9.896432562255859,-0.2756321007993073
1789031153903760000,62.321759765625,1.7126026672914623,-9.853637376624347,-0.20290895602442327
1789031153913763000,62.33176318359375,1.7058685367308557,-9.841365339550375,-0.20216011041849852
1789031153923766000,62.34176611328125,1.6904557174131278,-9.784801156285404,-0.2700958017211408
1789031153933770200,62.351770263671874,1.578228099115193,-9.694572603827714,-0.33503888707906015
1789031153943773000,62.36177294921875,1.4933834316529335,-9.600899463874102,-0.42841216730326415
1789031153953777200,62.371777099609375,1.4010571762636301,-9.567828968921303,-0.47046055315546687
1789031153963780000,62.38178002929688,1.3706804504394525,-9.605537060546874,-0.5271731319151818
1789031153973784000,62.3917841796875,1.3510782166078688,-9.77432944663167,-0.6289269582001492
1789031153983787000,62.401787109375,1.392677178192139,-9.882066767773033,-0.6395514837954193
1789031153993790200,62.411790283203125,1.5294458018980923,-9.866953369793295,-0.5624873141415416
1789031154003794000,62.4217939453125,1.674743769018352,-9.737366620415449,-0.46387686391621824
1789031154013797000,62.43179711914063,1.7616835090637202,-9.591321488189696,-0.4577419413577765
1789031154023801000,62.44180102539063,1.7326539600647983,-9.30835794852376,-0.3763381715970114
1789031154033804300,62.45180419921875,1.6913538352966309,-8.970624707794189,-0.275931814398244
1789031154043808000,62.46180810546875,1.6437689311705528,-8.797043333867192,-0.21098920396436008
1789031154053811200,62.47181127929687,1.6672621810913086,-8.796146677288414,-0.027233568960241983
1789031154063814100,62.481814208984375,1.7847274077817796,-9.041851038140058,0.08050504908906292
1789031154073817900,62.49181787109375,1.9292774791441858,-9.458592349132894,0.0830493450107053
1789031154083821000,62.50182104492188,2.0923826133728025,-9.995493240466713,-0.1635533894527703
1789031154093825000,62.511824951171874,2.3630770385742186,-10.512191301727293,-0.4405326396778691
1789031154103828000,62.52182788085938,2.709338307543844,-10.882245095825194,-0.49290679194105314
1789031154113832000,62.53183203125,2.8945896609984336,-11.005097568511962,-0.3136405042454367
1789031154123835100,62.54183520507812,2.8287491153441366,-10.726621987915038,0.040252486870269
1789031154133838000,62.55183813476562,2.472312343188375,-10.274266342705488,0.4195840418717822
1789031154143842000,62.56184204101562,2.232892323303222,-9.820865572357176,0.6298245737601538
1789031154153845000,62.571844970703125,2.1119852855958046,-9.51291255286336,0.6615480471513233
1789031154163849200,62.58184912109375,1.978807525988668,-9.402478247722984,0.7505824213883839
1789031154173852000,62.59185180664063,1.905634737750143,-9.439140045166015,0.8131306840316391
1789031154183856000,62.60185620117188,1.8911200363159182,-9.517250874328612,0.929997981361579
1789031154193859000,62.61185913085937,1.8902222106933595,-9.604788872528074,1.0657189043791964
1789031154203862000,62.62186206054688,1.9912273009702564,-9.556454757469892,1.1924618634321722
1789031154213866000,62.63186596679687,2.042104378509521,-9.440336561474204,1.2472291624761653
1789031154223869200,62.641869140625,2.175730758666992,-9.36013139038086,1.1617862502741318
1789031154233873200,62.651873046875,2.3520038558959957,-9.367613270568848,0.9937429989166848
1789031154243876000,62.6618759765625,2.41530070841685,-9.392752972522377,0.7591118492843699
1789031154253880000,62.67188012695313,2.3687632675170898,-9.492710307312011,0.5078703102884349
1789031154263883000,62.68188305664062,2.258629991149902,-9.604788872528076,0.2870045632516266
1789031154273886000,62.69188598632813,2.168697791290283,-9.683797527313232,0.1048956999406918
1789031154283890000,62.70188989257812,1.9590555084228514,-9.642347911071777,0.0647934249212733
1789031154293893000,62.71189306640625,1.9011457557678222,-9.60867886570394,0.07167631630280519
1789031154303897000,62.72189697265625,1.8849848945617673,-9.605387422943116,-0.007780671338317904
1789031154313900000,62.73190014648438,1.8770541015624997,-9.609427638244629,-0.0342670203941408
1789031154323904000,62.74190405273438,1.874959175109863,-9.591620763397216,-0.013467448270460508
1789031154333907200,62.7519072265625,1.925237409973145,-9.60688379898071,-0.017208059570891804
1789031154343910000,62.761909912109374,1.9837460053041578,-9.617209962683916,-0.00284284960995429
1789031154353914000,62.7719140625,2.007687583514303,-9.57770388172567,0.0291798533229623
1789031154363917000,62.7819169921875,2.0353705402098594,-9.571119827160237,0.054318267501704404
1789031154373921300,62.79192138671875,2.0377648880004884,-9.51350993423462,0.12015874922391949
1789031154383924000,62.80192407226563,2.0771198700502516,-9.452758236151931,0.2141314383796881
1789031154393928000,62.81192797851563,2.0787655914306638,-9.489567917633057,0.254383725462202
1789031154403931100,62.82193115234375,2.066046102850139,-9.512462471008302,0.27727868526282257
1789031154413934000,62.83193408203125,2.062903859301657,-9.560795417022703,0.2931399150683312
1789031154423938000,62.84193798828125,2.0952257278442383,-9.615263504791258,0.2904466162971687
1789031154433941200,62.85194116210938,2.082057618713379,-9.74290438079834,0.2708437477113446
1789031154443945200,62.8619453125,2.09073689199239,-9.843910932379963,0.2711437718375353
1789031154453948000,62.87194799804688,2.140565921783447,-9.879972425842285,0.3157348872753791
1789031154463952100,62.8819521484375,2.0651485694885254,-9.803955938610434,0.29373831478632056
1789031154473955000,62.891955078125,1.99197578125,-9.69696563644409,0.23597853766176852
1789031154483959000,62.901958984375,1.9966148392274974,-9.569026654273271,0.2281974187988788
1789031154493962000,62.9119619140625,1.9910778094969688,-9.464129524993897,0.18360546767739583
1789031154503965200,62.92196508789063,2.0560205295287073,-9.426869761657715,0.11836315277772959
1789031154513969000,62.93196899414063,2.1377230995729564,-9.458145189887283,0.0843951153301634
1789031154523972000,62.94197216796875,2.163909534100443,-9.478944816809893,0.07616596957198339
1789031154533976000,62.95197607421875,2.18171611668691,-9.414000343212486,0.05012804927025
1789031154543979300,62.96197924804687,2.2309473267152904,-9.380632326617837,0.0350154641412664
1789031154553983000,62.97198291015625,2.2143375526979563,-9.427020568305252,0.013916790340002594
1789031154563986200,62.98198608398437,2.202516182000935,-9.515606029731034,-0.000897999152494583
1789031154573989000,62.99198901367188,2.199074078723043,-9.589525252422689,0.02558854169957339
1789031154583992800,63.00199291992188,2.205807917022705,-9.635463996776938,0.06374618545724081
1789031154593996000,63.01199609375,2.1619640991210933,-9.619003860363362,0.09367339568194
1789031154604000000,63.022,2.1362265774048863,-9.606434886169433,0.05371969882035621
1789031154614003000,63.0320029296875,2.1951835010252894,-9.72360054539144,0.004788933043275101
1789031154624007000,63.0420068359375,2.2061068999692797,-9.779115511864422,0.018405388729833105
1789031154634010000,63.05201000976562,2.141912660217285,-9.739761991119382,0.0004488945449702131
