time,seconds_elapsed,z,y,x
1789031863817818600,0.053818603515625,-0.13609135150909424,0.1395900547504425,-0.2807604670524597
1789031863827821800,0.06382177734375,-0.12244904786348343,0.12801729142665863,-0.3277098536491394
1789031863837825500,0.073825439453125,-0.10460960119962692,0.08579134941101074,-0.3466989994049072
1789031863847828700,0.083828857421875,-0.09424271434545517,0.04126515984535217,-0.3341991901397705
1789031863857831700,0.093831787109375,-0.09825874119997025,0.0074434466660022736,-0.28875845670700073
1789031863867835600,0.103835693359375,-0.10907810181379318,0.009598742239177227,-0.21857166290283203
1789031863877838600,0.113838623046875,-0.12185145914554596,0.04379095509648323,-0.1401260793209076
1789031863887841800,0.123841796875,-0.13302794098854065,0.08422733098268509,-0.07424959540367126
1789031863897845800,0.133845703125,-0.1506066620349884,0.12372682243585587,-0.03894249349832535
1789031863907848700,0.1438486328125,-0.16458985209465027,0.1459820568561554,-0.027018453925848007
1789031863917851600,0.1538515625,-0.18183401226997375,0.14345033466815948,-0.024837156757712364
1789031863927854600,0.1638544921875,-0.18672651052474976,0.10676342993974686,-0.013092083856463432
1789031863937858600,0.173858642578125,-0.20284588634967804,0.05899900197982788,0.007664679549634457
1789031863947861800,0.18386181640625,-0.2737901210784912,0.038792531937360764,0.016707710921764374
1789031863957864700,0.19386474609375,-0.3549904227256775,0.012350254692137241,0.03966311737895012
1789031863967868700,0.20386865234375,-0.40024179220199585,-0.024167809635400772,0.08287183940410614
1789031863977871600,0.21387158203125,-0.437703400850296,-0.04623141884803772,0.13301704823970795
1789031863987874800,0.223874755859375,-0.500651478767395,-0.018462371081113815,0.16836784780025482
1789031863997878500,0.23387841796875,-0.5886712670326233,0.009313271380960941,0.16296900808811188
1789031864007881700,0.2438818359375,-0.6866527199745178,0.006454899907112122,0.11618952453136444
1789031864017884700,0.253884765625,-0.7797880172729492,-0.03188016638159752,0.051579639315605164
1789031864027888600,0.263888671875,-0.8561282753944397,-0.10661271959543228,-0.011903727427124977
1789031864037891600,0.2738916015625,-0.9124049544334412,-0.1856607049703598,-0.06745459139347076
1789031864047894800,0.283894775390625,-0.9413841366767883,-0.2585948407649994,-0.12671393156051636
1789031864057897500,0.2938974609375,-0.9694762229919434,-0.2902851104736328,-0.18799512088298798
1789031864067901700,0.303901611328125,-1.0378717184066772,-0.2740646004676819,-0.21089351177215576
1789031864077904600,0.313904541015625,-1.0905351638793945,-0.13054628670215607,-0.2935582995414734
1789031864087907600,0.323907470703125,-1.1220582723617554,-0.0840299129486084,-0.3046053647994995
1789031864097911600,0.33391162109375,-1.1336333751678467,-0.00706980936229229,-0.3301580846309662
1789031864107914800,0.343914794921875,-1.1254266500473022,0.11058545112609863,-0.3713558614253998
1789031864117917400,0.35391748046875,-1.057308554649353,0.24996277689933777,-0.40490081906318665
1789031864127921700,0.363921630859375,-0.9547438025474548,0.41348567605018616,-0.4440801739692688
1789031864137924600,0.373924560546875,-0.8356766104698181,0.4631406366825104,-0.47665566205978394
1789031864147927800,0.383927734375,-0.6703488826751709,0.4814314842224121,-0.550239086151123
1789031864157931500,0.393931640625,-0.5192834138870239,0.4923839569091797,-0.6383103728294373
1789031864167934700,0.403934814453125,-0.37675535678863525,0.5138572454452515,-0.7613868117332458
1789031864177937700,0.413937744140625,-0.26775190234184265,0.43646085262298584,-0.8319258689880371
1789031864187941600,0.423941650390625,-0.23210549354553223,0.3439010977745056,-0.875043511390686
1789031864197944600,0.433944580078125,-0.1987326443195343,0.311691015958786,-0.9208096861839294
1789031864207947800,0.44394775390625,-0.15862783789634705,0.33909574151039124,-0.9875894784927368
1789031864217950500,0.453950439453125,-0.11320652067661285,0.3782232701778412,-1.0448554754257202
1789031864227954700,0.46395458984375,-0.08876003324985504,0.40020662546157837,-1.0836490392684937
1789031864237957600,0.47395751953125,-0.07907307147979736,0.43176424503326416,-1.1180986166000366
1789031864247960600,0.483960693359375,-0.07013870030641556,0.4535052180290222,-1.1247724294662476
1789031864257964500,0.493964599609375,-0.06250392645597458,0.45807161927223206,-1.122489333152771
1789031864267967700,0.5039677734375,-0.08359775692224503,0.4717024862766266,-1.1059538125991821
1789031864277970400,0.513970458984375,-0.10589884221553802,0.48383376002311707,-1.094352126121521
1789031864287974700,0.523974609375,-0.13763919472694397,0.4813072085380554,-1.0725599527359009
1789031864297977600,0.5339775390625,-0.13707482814788818,0.45859387516975403,-1.0665003061294556
1789031864307980500,0.54398046875,-0.123536117374897,0.4091418981552124,-1.0513941049575806
1789031864317984500,0.553984619140625,-0.09564751386642456,0.36014291644096375,-1.0390703678131104
1789031864327987700,0.56398779296875,-0.03901459276676178,0.32189539074897766,-1.0401766300201416
1789031864337990700,0.57399072265625,-0.002229422563686967,0.2713295519351959,-1.0306470394134521
1789031864347993600,0.58399365234375,0.0077315992675721645,0.20127244293689728,-0.9955821633338928
1789031864357997600,0.59399755859375,0.04849555715918541,0.16506634652614594,-0.9721673727035522
1789031864368000800,0.604000732421875,0.04435594007372856,0.13952183723449707,-0.9160892367362976
1789031864378003700,0.614003662109375,0.011637155897915363,0.1555374413728714,-0.8542024493217468
1789031864388007700,0.624007568359375,-0.024010587483644485,0.1875491738319397,-0.7964488863945007
1789031864398010600,0.6340107421875,-0.06112363189458847,0.16416342556476593,-0.7058212161064148
1789031864408013600,0.644013671875,-0.032983072102069855,0.16944581270217896,-0.6347140073776245
1789031864418017500,0.654017578125,0.018526747822761536,0.22315551340579987,-0.6170732975006104
1789031864428020700,0.664020751953125,0.025697575882077217,0.2525557577610016,-0.6065236926078796
1789031864438023700,0.674023681640625,0.04619459807872772,0.2478051334619522,-0.6159369349479675
1789031864448027600,0.684027587890625,0.049274809658527374,0.268876314163208,-0.627479612827301
1789031864458030600,0.694030517578125,0.05837346985936165,0.3531269431114197,-0.6578211784362793
1789031864468033500,0.704033447265625,0.08841552585363388,0.4677366316318512,-0.7091067433357239
1789031864478036000,0.714035888671875,0.0767625942826271,0.5350639820098877,-0.7459246516227722
1789031864488039700,0.724039794921875,0.03661837428808212,0.54362952709198,-0.7728819847106934
1789031864498043000,0.73404296875,0.03502606227993965,0.5229843854904175,-0.8118118047714233
1789031864508045800,0.7440458984375,0.0002595597179606557,0.5233615040779114,-0.8276928067207336
1789031864518049800,0.7540498046875,0.00011658144649118185,0.5710613131523132,-0.8413737416267395
1789031864528052700,0.764052734375,0.049582935869693756,0.6342064142227173,-0.8685547709465027
1789031864538056000,0.774055908203125,0.06796965003013611,0.7167780995368958,-0.8990827798843384
1789031864548059600,0.7840595703125,0.09295756369829178,0.8021861910820007,-0.956188440322876
1789031864558062800,0.794062744140625,0.12440921366214752,0.8625728487968445,-1.0173649787902832
1789031864568065800,0.804065673828125,0.13920174539089203,0.8365987539291382,-1.0489448308944702
1789031864578070000,0.814070068359375,0.12680871784687042,0.7635512351989746,-1.0433835983276367
1789031864588072700,0.82407275390625,0.07327518612146378,0.7276755571365356,-1.0014585256576538
1789031864598076000,0.834075927734375,0.052603501826524734,0.7026908993721008,-0.9421155452728271
1789031864608078600,0.84407861328125,0.004064994864165783,0.7037466168403625,-0.8569948077201843
1789031864618082800,0.854082763671875,-0.05382068455219269,0.7110719084739685,-0.7634392976760864
1789031864628085800,0.864085693359375,-0.08435676246881485,0.7108559608459473,-0.7000586986541748
1789031864638088700,0.874088623046875,-0.10676619410514832,0.6540713310241699,-0.6440865397453308
1789031864648092700,0.8840927734375,-0.07623172551393509,0.6142139434814453,-0.6431903839111328
1789031864658095900,0.894095947265625,-0.08199451118707657,0.5435786247253418,-0.6128593683242798
1789031864668098800,0.904098876953125,-0.062473542988300323,0.48648950457572937,-0.5998980402946472
1789031864678102800,0.914102783203125,-0.0461215041577816,0.4406435489654541,-0.6025289297103882
1789031864688105700,0.924105712890625,-0.02265799045562744,0.40904700756073,-0.6222240328788757
1789031864698109000,0.93410888671875,-0.011405020020902157,0.38284850120544434,-0.6365265846252441
1789031864708112600,0.944112548828125,0.0026969495229423046,0.35613831877708435,-0.657232403755188
1789031864718115800,0.95411572265625,-0.001872811233624816,0.3474141061306,-0.670386791229248
1789031864728118800,0.964118896484375,-0.03218784183263779,0.33864858746528625,-0.6529691815376282
1789031864738121700,0.974121826171875,-0.03925534337759018,0.3397199213504791,-0.6168114542961121
1789031864748125700,0.984125732421875,-0.03392103314399719,0.33050060272216797,-0.5615428686141968
1789031864758129000,0.99412890625,-0.06989181786775589,0.3141125738620758,-0.4648708999156952
1789031864768131800,1.0041318359375,-0.10744904726743698,0.3121434152126312,-0.36307796835899353
1789031864778135800,1.0141357421875,-0.1465282291173935,0.31397107243537903,-0.28221672773361206
1789031864788138800,1.024138671875,-0.18204468488693237,0.24684369564056396,-0.21007436513900757
1789031864798141700,1.0341416015625,-0.18833670020103455,0.1972873955965042,-0.17474935948848724
1789031864808145700,1.044145751953125,-0.1691819131374359,0.17264622449874878,-0.17493018507957458
1789031864818148900,1.05414892578125,-0.14338995516300201,0.1504845768213272,-0.18325687944889069
1789031864828151800,1.06415185546875,-0.12966933846473694,0.09743067622184753,-0.17595049738883972
1789031864838154800,1.07415478515625,-0.12427805364131927,0.0228650514036417,-0.14260077476501465
1789031864848158700,1.08415869140625,-0.10358715802431107,-0.041073184460401535,-0.11931969970464706
1789031864858162000,1.094161865234375,-0.0958469808101654,-0.08540800213813782,-0.11264469474554062
1789031864868164900,1.104164794921875,-0.09669360518455505,-0.15361502766609192,-0.11098341643810272
1789031864878168800,1.1141689453125,-0.0891948789358139,-0.19164863228797913,-0.06471852213144302
1789031864888172000,1.124172119140625,-0.08184508979320526,-0.1884315311908722,-0.02620416134595871
1789031864898174700,1.1341748046875,-0.08404304832220078,-0.19441965222358704,0.0029748287051916122
1789031864908178700,1.1441787109375,-0.08134499937295914,-0.12117820978164673,-0.041904229670763016
1789031864918182000,1.154181884765625,-0.10395388305187225,-0.019569197669625282,-0.1481878012418747
1789031864928184800,1.164184814453125,-0.10667989403009415,0.08911919593811035,-0.2851102650165558
1789031864938188800,1.174188720703125,-0.04656783118844032,0.1292114406824112,-0.41201305389404297
1789031864948192000,1.18419189453125,-0.01779690571129322,0.10011348128318787,-0.5222487449645996
1789031864958194700,1.194194580078125,-0.043248988687992096,0.12587366998195648,-0.5713313817977905
1789031864968198000,1.204197998046875,-0.04346870258450508,0.18513353168964386,-0.5449609756469727
1789031864978201900,1.214201904296875,-0.043620750308036804,0.18282148241996765,-0.435155987739563
1789031864988204800,1.224204833984375,-0.06862783432006836,0.154794380068779,-0.2689659297466278
1789031864998207700,1.234207763671875,-0.08543824404478073,0.14032235741615295,-0.13303764164447784
1789031865008212000,1.2442119140625,-0.08083363622426987,0.1365601122379303,-0.07258148491382599
1789031865018214700,1.254214599609375,-0.044122204184532166,0.11030148714780807,-0.08696871250867844
1789031865028217900,1.2642177734375,-0.015431169420480728,0.07389554381370544,-0.14216859638690948
1789031865038221800,1.274221923828125,-0.02987915463745594,0.05296032875776291,-0.19513078033924103
1789031865048225000,1.28422509765625,-0.05802317336201668,0.07264109700918198,-0.20279642939567566
1789031865058227700,1.294227783203125,-0.06166314333677292,0.13938267529010773,-0.17620746791362762
1789031865068231000,1.30423095703125,-0.06011904776096344,0.2004108726978302,-0.1509561836719513
1789031865078235000,1.31423486328125,-0.05450458079576492,0.21862833201885223,-0.13688908517360687
1789031865088237800,1.32423779296875,-0.054341062903404236,0.21350201964378357,-0.14709138870239258
1789031865098240800,1.33424072265625,-0.053575120866298676,0.19490863382816315,-0.18247178196907043
1789031865108245000,1.344244873046875,-0.050980933010578156,0.17618821561336517,-0.2276698797941208
1789031865118247700,1.35424755859375,-0.04509379342198372,0.19498422741889954,-0.27110251784324646
1789031865128251000,1.3642509765625,-0.037896331399679184,0.2360198199748993,-0.3075564205646515
1789031865138254800,1.3742548828125,-0.04200608655810356,0.2689906656742096,-0.32233166694641113
1789031865148257800,1.3842578125,-0.0540853850543499,0.3048307001590729,-0.31781598925590515
1789031865158260700,1.3942607421875,-0.061800841242074966,0.3441278040409088,-0.3127269744873047
1789031865168264000,1.404263916015625,-0.06288713961839676,0.36327168345451355,-0.3241564631462097
1789031865178267600,1.414267578125,-0.06706082075834274,0.35913562774658203,-0.3408451974391937
1789031865188270800,1.424270751953125,-0.06317286938428879,0.34226104617118835,-0.3344900906085968
1789031865198273800,1.434273681640625,-0.05755443871021271,0.30776041746139526,-0.30784669518470764
1789031865208277800,1.44427783203125,-0.054115764796733856,0.2749726474285126,-0.2735779285430908
1789031865218280700,1.45428076171875,-0.05511685460805893,0.24584180116653442,-0.2351812869310379
1789031865228284000,1.464283935546875,-0.04668741673231125,0.22445662319660187,-0.20650143921375275
1789031865238288000,1.474287841796875,-0.03721585497260094,0.21601924300193787,-0.1885421872138977
1789031865248290800,1.484290771484375,-0.03405281901359558,0.20178945362567902,-0.18253915011882782
1789031865258293800,1.494293701171875,-0.032992854714393616,0.19609129428863525,-0.18948842585086823
1789031865268296700,1.504296630859375,-0.028289446607232094,0.19492323696613312,-0.20692679286003113
1789031865278300700,1.51430078125,-0.016862615942955017,0.19754630327224731,-0.22058217227458954
1789031865288303900,1.524303955078125,-0.007442748639732599,0.1863812655210495,-0.222397118806839
1789031865298306800,1.534306884765625,-0.005707471165806055,0.1908845603466034,-0.21784253418445587
1789031865308310800,1.544310791015625,-0.02161986008286476,0.19589290022850037,-0.2160872519016266
1789031865318313700,1.554313720703125,-0.04063139110803604,0.17370012402534485,-0.20630569756031036
1789031865328317000,1.56431689453125,-0.0533253476023674,0.13722972571849823,-0.17485003173351288
1789031865338320600,1.574320556640625,-0.056991174817085266,0.10025349259376526,-0.14887011051177979
1789031865348323800,1.58432373046875,-0.0646754577755928,0.055456724017858505,-0.1487281620502472
1789031865358326800,1.594326904296875,-0.0674683153629303,0.04833109676837921,-0.15896748006343842
1789031865368330800,1.604330810546875,-0.06596150249242783,0.0545695498585701,-0.16349458694458008
1789031865378333700,1.614333740234375,-0.07164838910102844,0.05761763080954552,-0.1575762778520584
1789031865388337000,1.6243369140625,-0.08395592868328094,0.05474328249692917,-0.14624638855457306
1789031865398339800,1.63433984375,-0.09929823130369186,0.029878122732043266,-0.13070032000541687
1789031865408343800,1.64434375,-0.11046220362186432,-0.011587562039494514,-0.11946551501750946
1789031865418347000,1.654346923828125,-0.10911668092012405,-0.035484541207551956,-0.11248549073934555
1789031865428349700,1.664349609375,-0.10976409167051315,-0.05949746444821358,-0.10124748945236206
1789031865438353700,1.674353759765625,-0.1118147224187851,-0.07719599455595016,-0.08230815827846527
1789031865448356900,1.68435693359375,-0.11619242280721664,-0.08265600353479385,-0.06097916513681412
1789031865458359800,1.69435986328125,-0.11021814495325089,-0.08652438968420029,-0.053888242691755295
1789031865468363800,1.70436376953125,-0.10146620124578476,-0.09863724559545517,-0.05585205554962158
1789031865478367200,1.7143671875,-0.08893708884716034,-0.10842157900333405,-0.05940072238445282
1789031865488370400,1.724370361328125,-0.07047045975923538,-0.12930209934711456,-0.059568241238594055
1789031865498373600,1.73437353515625,-0.037254996597766876,-0.152836412191391,-0.056583087891340256
1789031865508377300,1.74437744140625,-0.0005861981771886349,-0.18105927109718323,-0.05552634596824646
1789031865518380300,1.75438037109375,0.028105350211262703,-0.20028285682201385,-0.06116423010826111
1789031865528383500,1.764383544921875,0.04958054795861244,-0.20571410655975342,-0.07111966609954834
1789031865538387200,1.77438720703125,0.07501771301031113,-0.21553678810596466,-0.09418793022632599
1789031865548390400,1.784390380859375,0.11314991116523743,-0.2198100984096527,-0.1251264065504074
1789031865558393600,1.7943935546875,0.16124898195266724,-0.22373069822788239,-0.17044539749622345
1789031865568397600,1.8043974609375,0.19592814147472382,-0.20295564830303192,-0.2289172261953354
1789031865578400300,1.814400146484375,0.18597809970378876,-0.19359876215457916,-0.2563028633594513
1789031865588403500,1.824403564453125,0.1690044403076172,-0.1892535388469696,-0.22362267971038818
1789031865598406400,1.834406494140625,0.15936827659606934,-0.15771150588989258,-0.1642375886440277
1789031865608410400,1.844410400390625,0.15305311977863312,-0.13040503859519958,-0.13377581536769867
1789031865618413600,1.85441357421875,0.14966775476932526,-0.10097077488899231,-0.14994260668754578
1789031865628416300,1.864416259765625,0.1654384583234787,-0.07853018492460251,-0.20817795395851135
1789031865638420200,1.874420166015625,0.17877109348773956,-0.08977440744638443,-0.252013623714447
1789031865648423400,1.88442333984375,0.19289836287498474,-0.12323888391256332,-0.2626958191394806
1789031865658426400,1.89442626953125,0.20996996760368347,-0.1310160607099533,-0.25017863512039185
1789031865668430300,1.904430419921875,0.22375182807445526,-0.13815279304981232,-0.2461271584033966
1789031865678433500,1.91443359375,0.21278096735477448,-0.16078107059001923,-0.25912103056907654
1789031865688436500,1.9244365234375,0.2092898190021515,-0.17505082488059998,-0.291288286447525
1789031865698439400,1.934439453125,0.2213381677865982,-0.19144763052463531,-0.33978891372680664
1789031865708443400,1.944443359375,0.257380872964859,-0.21856233477592468,-0.3848133683204651
1789031865718446600,1.954446533203125,0.29221880435943604,-0.25900936126708984,-0.4150264859199524
1789031865728449300,1.96444921875,0.3280329704284668,-0.28271016478538513,-0.4173111915588379
1789031865738453500,1.97445361328125,0.33085137605667114,-0.26864534616470337,-0.4008648097515106
1789031865748456400,1.98445654296875,0.3214959502220154,-0.29724743962287903,-0.42918992042541504
1789031865758459400,1.99445947265625,0.3067854940891266,-0.35990390181541443,-0.4545200765132904
1789031865768463400,2.00446337890625,0.30137020349502563,-0.3910764753818512,-0.4660997688770294
1789031865778466600,2.014466552734375,0.30188071727752686,-0.4152207374572754,-0.4853386878967285
1789031865788469200,2.02446923828125,0.28476324677467346,-0.40767785906791687,-0.505466878414154
1789031865798472400,2.034472412109375,0.23864103853702545,-0.3909912705421448,-0.5141066908836365
1789031865808476400,2.044476318359375,0.16641931235790253,-0.36753788590431213,-0.5154523849487305
1789031865818479400,2.054479248046875,0.10196175426244736,-0.36598125100135803,-0.5116352438926697
1789031865828482300,2.064482421875,0.07889744639396667,-0.3415595293045044,-0.5045248866081238
1789031865838486500,2.074486572265625,0.0864107608795166,-0.31576013565063477,-0.4902024567127228
1789031865848489500,2.084489501953125,0.08325332403182983,-0.27834218740463257,-0.4718934893608093
1789031865858492400,2.094492431640625,0.06013284996151924,-0.24336014688014984,-0.46545612812042236
1789031865868496400,2.104496337890625,0.037297312170267105,-0.2647722363471985,-0.46451708674430847
1789031865878499600,2.11449951171875,0.046368569135665894,-0.2950739562511444,-0.4430016875267029
1789031865888502300,2.124502197265625,0.03791676089167595,-0.34483590722084045,-0.41290581226348877
1789031865898505500,2.13450537109375,0.027149025350809097,-0.35542070865631104,-0.3556140065193176
1789031865908509400,2.144509521484375,0.021002983674407005,-0.32918909192085266,-0.2766994833946228
1789031865918512400,2.154512451171875,0.019676972180604935,-0.32001444697380066,-0.2208273857831955
1789031865928515300,2.164515380859375,0.018179211765527725,-0.32867157459259033,-0.1863463819026947
1789031865938519600,2.17451953125,-0.0017696950817480683,-0.2666008472442627,-0.1793372482061386
1789031865948522200,2.184522216796875,-0.039259545505046844,-0.17378780245780945,-0.19160324335098267
1789031865958525400,2.194525390625,-0.053436074405908585,-0.10101216286420822,-0.21843433380126953
1789031865968529400,2.204529296875,-0.059403952211141586,-0.08533813059329987,-0.2696162760257721
1789031865978532400,2.214532470703125,-0.04991596192121506,-0.0870605930685997,-0.3026362359523773
1789031865988535300,2.224535400390625,-0.0448751300573349,-0.07148350030183792,-0.29925641417503357
1789031865998538500,2.23453857421875,-0.03843880072236061,-0.06887447088956833,-0.2690596282482147
1789031866008542200,2.244542236328125,-0.08431867510080338,-0.057430874556303024,-0.21823666989803314
1789031866018545400,2.25454541015625,-0.2042086124420166,-0.03586119785904884,-0.14546255767345428
1789031866028548400,2.26454833984375,-0.3092831075191498,-0.028235502541065216,-0.07819962501525879
1789031866038552600,2.274552490234375,-0.373908668756485,-0.017242614179849625,-0.016329394653439522
1789031866048555300,2.28455517578125,-0.42385146021842957,-0.007860830053687096,0.03908992558717728
1789031866058558500,2.294558349609375,-0.41399961709976196,-0.026391783729195595,0.06502804160118103
1789031866068562400,2.3045625,-0.39400914311408997,-0.07034140080213547,0.10158045589923859
1789031866078565400,2.3145654296875,-0.37723812460899353,-0.1735706627368927,0.13468724489212036
1789031866088568600,2.324568603515625,-0.36418330669403076,-0.26206669211387634,0.18067577481269836
1789031866098571300,2.3345712890625,-0.3339438736438751,-0.31843873858451843,0.26812249422073364
1789031866108575200,2.3445751953125,-0.30036354064941406,-0.32992789149284363,0.3615379333496094
1789031866118578400,2.354578369140625,-0.2726510465145111,-0.41323593258857727,0.4339453876018524
1789031866128581400,2.364581298828125,-0.21737819910049438,-0.5535520315170288,0.46201831102371216
1789031866138585300,2.37458544921875,-0.14623340964317322,-0.7151381969451904,0.4478316009044647
1789031866148588500,2.384588623046875,-0.08114202320575714,-0.8383402824401855,0.4143330156803131
1789031866158591500,2.394591552734375,-0.03410795331001282,-0.8734480738639832,0.37010034918785095
1789031866168595200,2.40459521484375,-0.014638911932706833,-0.8193544745445251,0.3063434660434723
1789031866178598400,2.414598388671875,0.0004977114731445909,-0.688484251499176,0.2170220911502838
1789031866188601600,2.4246015625,0.004713495261967182,-0.5327920913696289,0.1266099065542221
1789031866198604300,2.434604248046875,0.00755489245057106,-0.3909090757369995,0.032201025635004044
1789031866208608500,2.4446083984375,-0.00039517658296972513,-0.28575149178504944,-0.08875522762537003
1789031866218611500,2.454611572265625,0.010427884757518768,-0.23393458127975464,-0.2263340950012207
1789031866228614400,2.464614501953125,0.06056775152683258,-0.1527654230594635,-0.3598407506942749
1789031866238618400,2.474618408203125,0.1556209772825241,-0.08567706495523453,-0.4502811133861542
1789031866248621600,2.48462158203125,0.24312977492809296,-0.025564193725585938,-0.4882364869117737
1789031866258624300,2.494624267578125,0.29427748918533325,0.0636303648352623,-0.4848695695400238
1789031866268627500,2.50462744140625,0.29125159978866577,0.16950194537639618,-0.448324054479599
1789031866278631400,2.51463134765625,0.262011855840683,0.30802202224731445,-0.4119110703468323
1789031866288634400,2.52463427734375,0.13991524279117584,0.42579394578933716,-0.40128347277641296
1789031866298637300,2.53463720703125,-0.12401784956455231,0.45665839314460754,-0.41310739517211914
1789031866308641500,2.5446416015625,-0.28165459632873535,0.3239581286907196,-0.4348161518573761
1789031866318644200,2.554644287109375,-0.3213205635547638,0.09231678396463394,-0.4592985510826111
1789031866328647400,2.5646474609375,-0.3330930471420288,-0.12403975427150726,-0.39676567912101746
1789031866338651400,2.5746513671875,-0.32457515597343445,-0.2476159781217575,-0.22513830661773682
1789031866348654600,2.584654541015625,-0.288739949464798,-0.27003446221351624,-0.0023302636109292507
1789031866358657300,2.5946572265625,-0.23715883493423462,-0.1830432415008545,0.21925120055675507
1789031866368660500,2.604660400390625,-0.19043153524398804,-0.07360996305942535,0.44563961029052734
1789031866378664400,2.61466455078125,-0.11769094318151474,-0.0943262055516243,0.6935926079750061
1789031866388667400,2.62466748046875,-0.04921281337738037,-0.24952217936515808,0.9489681720733643
1789031866398670300,2.63467041015625,0.007174221333116293,-0.39813804626464844,1.1574509143829346
1789031866408674600,2.644674560546875,0.004851146135479212,-0.45331183075904846,1.2407686710357666
1789031866418677200,2.65467724609375,-0.01813080720603466,-0.468050479888916,1.1666525602340698
1789031866428680400,2.664680419921875,-0.03046603687107563,-0.4326504170894623,0.961241602897644
1789031866438684400,2.674684326171875,-0.0776384249329567,-0.3984204828739166,0.6936968564987183
1789031866448687400,2.684687255859375,-0.10079221427440643,-0.32278910279273987,0.3833158016204834
1789031866458690300,2.694690185546875,-0.13236604630947113,-0.22087736427783966,0.051394760608673096
1789031866468693500,2.704693603515625,-0.15977290272712708,-0.04059040918946266,-0.32457807660102844
1789031866478697700,2.71469775390625,-0.16807109117507935,0.1527164727449417,-0.660595715045929
1789031866488700700,2.72470068359375,-0.13642315566539764,0.32309994101524353,-0.88885098695755
1789031866498703600,2.73470361328125,-0.0800086110830307,0.4187283217906952,-1.0542452335357666
1789031866508707800,2.744707763671875,-0.007611906621605158,0.43471822142601013,-1.1344988346099854
1789031866518710500,2.75471044921875,0.040001481771469116,0.41892173886299133,-1.1822960376739502
1789031866528713700,2.764713623046875,0.06928001344203949,0.35761308670043945,-1.2175909280776978
1789031866538716700,2.774716552734375,0.10606889426708221,0.25383755564689636,-1.2709935903549194
1789031866548720600,2.784720703125,0.17674599587917328,0.1916322261095047,-1.30411696434021
1789031866558723600,2.7947236328125,0.28204283118247986,0.1509220004081726,-1.3116145133972168
1789031866568726800,2.804726806640625,0.42221617698669434,0.15375667810440063,-1.3072706460952759
1789031866578730500,2.81473046875,0.5520039796829224,0.2468825727701187,-1.2866487503051758
1789031866588733700,2.824733642578125,0.6767584681510925,0.36871767044067383,-1.2596684694290161
1789031866598736600,2.834736572265625,0.8062021732330322,0.4820789694786072,-1.252967119216919
1789031866608740900,2.844740966796875,0.9019436240196228,0.564864456653595,-1.2660813331604004
1789031866618743600,2.85474365234375,0.9137662053108215,0.6492137908935547,-1.316243290901184
1789031866628746800,2.864746826171875,0.8510559797286987,0.6780409216880798,-1.3855398893356323
1789031866638749700,2.874749755859375,0.7714820504188538,0.6512486934661865,-1.4398797750473022
1789031866648753700,2.884753662109375,0.6892915368080139,0.5825915932655334,-1.4442164897918701
1789031866658756600,2.894756591796875,0.5857217311859131,0.44369783997535706,-1.3894627094268799
1789031866668759600,2.904759521484375,0.5107356309890747,0.2736677825450897,-1.2772693634033203
1789031866678763500,2.914763427734375,0.4908091425895691,0.18581028282642365,-1.1208356618881226
1789031866688766700,2.9247666015625,0.5127165913581848,0.1796160340309143,-0.944416344165802
1789031866698770000,2.93477001953125,0.534243106842041,0.18061316013336182,-0.7560679316520691
1789031866708772600,2.944772705078125,0.5383385419845581,0.15990282595157623,-0.5972617864608765
1789031866718776600,2.954776611328125,0.5088357329368591,0.09481395035982132,-0.46501028537750244
1789031866728779800,2.96477978515625,0.3945472836494446,-0.009188083931803703,-0.33730530738830566
1789031866738782700,2.97478271484375,0.245442196726799,-0.11702198535203934,-0.18530800938606262
1789031866748786700,2.98478662109375,0.1062675267457962,-0.19304218888282776,0.005431307014077902
1789031866758790000,2.994789794921875,-0.009845421649515629,-0.24462997913360596,0.21885988116264343
1789031866768792600,3.00479248046875,-0.06968957930803299,-0.33513006567955017,0.4572561979293823
1789031866778796800,3.014796875,-0.09700355678796768,-0.48196929693222046,0.7010883688926697
1789031866788799700,3.0247998046875,-0.11629922688007355,-0.6131728291511536,0.8971772193908691
1789031866798802700,3.034802734375,-0.1104159951210022,-0.6873527765274048,1.042904257774353
1789031866808805600,3.0448056640625,-0.11183466762304306,-0.7404703497886658,1.146740436553955
1789031866818809900,3.054809814453125,-0.16165097057819366,-0.816888689994812,1.2092205286026
1789031866828812500,3.0648125,-0.21389099955558777,-0.8965286612510681,1.240149736404419
1789031866838815700,3.074815673828125,-0.22330045700073242,-0.9855219721794128,1.2603901624679565
1789031866848819700,3.08481982421875,-0.1763816773891449,-1.0527739524841309,1.2867658138275146
1789031866858822700,3.09482275390625,-0.10144218057394028,-1.0386205911636353,1.287675380706787
1789031866868825600,3.10482568359375,-0.015375742688775063,-0.9336265325546265,1.2758647203445435
1789031866878828800,3.114828857421875,0.06793885678052902,-0.7279549837112427,1.262661337852478
1789031866888832800,3.124832763671875,0.1437436193227768,-0.5381970405578613,1.2326281070709229
1789031866898835700,3.134835693359375,0.1928909420967102,-0.45485448837280273,1.1479086875915527
1789031866908838700,3.144838623046875,0.2547926604747772,-0.5679419040679932,1.0278770923614502
1789031866918843000,3.1548427734375,0.30650827288627625,-0.8302730917930603,0.8951049447059631
1789031866928845600,3.164845458984375,0.3327827751636505,-1.1543502807617188,0.8067958354949951
1789031866938848800,3.174848876953125,0.3651409447193146,-1.4829775094985962,0.8262733817100525
1789031866948852700,3.184852783203125,0.38621214032173157,-1.7327628135681152,0.9076686501502991
1789031866958855700,3.194855712890625,0.37606844305992126,-1.8822259902954102,1.0102593898773193
1789031866968858600,3.204858642578125,0.3494906425476074,-1.9341294765472412,1.0894975662231445
1789031866978861800,3.21486181640625,0.32756516337394714,-1.886812448501587,1.1301008462905884
1789031866988865500,3.224865478515625,0.29805120825767517,-1.772786259651184,1.1519273519515991
1789031866998868700,3.23486865234375,0.27601954340934753,-1.5633419752120972,1.150625228881836
1789031867008871700,3.24487158203125,0.26750171184539795,-1.3058773279190063,1.147343635559082
1789031867018875600,3.254875732421875,0.27942416071891785,-1.016990065574646,1.1794408559799194
1789031867028878600,3.264878662109375,0.323383629322052,-0.7433849573135376,1.2188189029693604
1789031867038881800,3.2748818359375,0.3732915222644806,-0.49826231598854065,1.2634382247924805
1789031867048884700,3.284884765625,0.4190531373023987,-0.3300592005252838,1.2607053518295288
1789031867058888700,3.294888671875,0.4763109087944031,-0.2317255288362503,1.1845457553863525
1789031867068891600,3.3048916015625,0.5611932873725891,-0.15766407549381256,1.073703646659851
1789031867078894600,3.31489453125,0.630334198474884,-0.05362861230969429,0.9107481241226196
1789031867088898600,3.324898681640625,0.6541540622711182,0.08418890833854675,0.7053731679916382
1789031867098901800,3.33490185546875,0.6787132620811462,0.1736907660961151,0.5417492389678955
1789031867108904700,3.34490478515625,0.688224732875824,0.2940813899040222,0.4231315553188324
1789031867118908700,3.35490869140625,0.6768894791603088,0.475599467754364,0.3415565490722656
1789031867128911600,3.36491162109375,0.6388161182403564,0.7075626254081726,0.28702300786972046
1789031867138914600,3.37491455078125,0.567939281463623,0.8928183317184448,0.3015505373477936
1789031867148917800,3.384917724609375,0.4999450743198395,1.0000669956207275,0.3337681293487549
1789031867158921700,3.394921630859375,0.47573620080947876,1.0253583192825317,0.35983458161354065
1789031867168925000,3.404925048828125,0.49048423767089844,0.988204300403595,0.40870946645736694
1789031867178927600,3.414927734375,0.5510517358779907,0.978177011013031,0.4902631342411041
1789031867188931600,3.424931640625,0.6034517884254456,0.9990439414978027,0.6123864054679871
1789031867198934800,3.434934814453125,0.6231357455253601,0.9876818656921387,0.755692183971405
1789031867208937700,3.444937744140625,0.6242755651473999,0.9878389835357666,0.8555386066436768
1789031867218940700,3.454940673828125,0.6614439487457275,1.0806896686553955,0.8898937106132507
1789031867228945000,3.46494482421875,0.6681678891181946,1.1740657091140747,0.8844180107116699
1789031867238947600,3.474947509765625,0.6242370009422302,1.1405025720596313,0.8036144375801086
1789031867248950800,3.48495068359375,0.5016913414001465,0.9336774945259094,0.6751843094825745
1789031867258954800,3.494954833984375,0.30995360016822815,0.6044989228248596,0.545968234539032
1789031867268957700,3.504957763671875,0.10460337996482849,0.29794588685035706,0.4508872628211975
1789031867278960600,3.514960693359375,-0.08758730441331863,0.06726430356502533,0.5220963954925537
1789031867288963800,3.5249638671875,-0.26063230633735657,-0.053050391376018524,0.7130280137062073
1789031867298967600,3.534967529296875,-0.39466235041618347,-0.11989753693342209,0.9055868983268738
1789031867308970800,3.544970703125,-0.47564083337783813,-0.2514007091522217,1.0103681087493896
1789031867318973700,3.5549736328125,-0.5046921968460083,-0.4488661587238312,1.0290474891662598
1789031867328977700,3.564977783203125,-0.5171453952789307,-0.6524760723114014,0.9604325294494629
1789031867338980600,3.574980712890625,-0.5352998971939087,-0.7922913432121277,0.8030546307563782
1789031867348983800,3.58498388671875,-0.5484945178031921,-0.8285675644874573,0.6051719188690186
1789031867358987800,3.59498779296875,-0.5242698788642883,-0.8022128939628601,0.41168901324272156
1789031867368990700,3.60499072265625,-0.4690939784049988,-0.7723151445388794,0.27496710419654846
1789031867378993700,3.61499365234375,-0.3866848647594452,-0.7938129901885986,0.19839538633823395
1789031867388996600,3.62499658203125,-0.274617999792099,-0.887705385684967,0.1378265768289566
1789031867399000600,3.63500048828125,-0.19301550090312958,-1.0288838148117065,0.08937537670135498
1789031867409003800,3.645003662109375,-0.17496006190776825,-1.1794376373291016,0.0681513175368309
1789031867419006500,3.65500634765625,-0.21342222392559052,-1.2881726026535034,0.06058153137564659
1789031867429010700,3.6650107421875,-0.2840641736984253,-1.3070621490478516,0.033105429261922836
1789031867439013600,3.675013671875,-0.3768702745437622,-1.2614575624465942,-0.00282354187220335
1789031867449016800,3.685016845703125,-0.4619646668434143,-1.1975194215774536,-0.00774373160675168
1789031867459019800,3.695019775390625,-0.49742791056632996,-1.1570515632629395,0.040928278118371964
1789031867469023700,3.705023681640625,-0.537282407283783,-1.1065764427185059,0.11020907759666443
1789031867479026200,3.715026123046875,-0.5693902373313904,-0.968532145023346,0.11465998739004135
1789031867489028900,3.72502880859375,-0.5794689655303955,-0.8211645483970642,0.053785182535648346
1789031867499033000,3.735033203125,-0.5858418941497803,-0.7800442576408386,-0.006770860403776169
1789031867509036000,3.7450361328125,-0.5727007985115051,-0.8265401721000671,-0.06379340589046478
1789031867519039000,3.7550390625,-0.5419735312461853,-0.8885932564735413,-0.1353408396244049
1789031867529042000,3.7650419921875,-0.49571970105171204,-0.8911653757095337,-0.2211071401834488
1789031867539046100,3.775046142578125,-0.44224050641059875,-0.8629705309867859,-0.33143121004104614
1789031867549049000,3.785049072265625,-0.37995290756225586,-0.8310877084732056,-0.43237486481666565
1789031867559052000,3.795052001953125,-0.32338494062423706,-0.7998769879341125,-0.5001848936080933
1789031867569056000,3.805055908203125,-0.3003515303134918,-0.7614094614982605,-0.5316908359527588
1789031867579059200,3.81505908203125,-0.29506707191467285,-0.7439248561859131,-0.558951199054718
1789031867589062000,3.825061767578125,-0.3038403391838074,-0.7827132940292358,-0.592441737651825
1789031867599066000,3.835066162109375,-0.32798105478286743,-0.8165397047996521,-0.6311862468719482
1789031867609069000,3.845069091796875,-0.34954094886779785,-0.7968426942825317,-0.6586918830871582
1789031867619072000,3.855072021484375,-0.3589105010032654,-0.7071526050567627,-0.650404691696167
1789031867629075000,3.865074951171875,-0.36315426230430603,-0.565159261226654,-0.6012858748435974
1789031867639079200,3.8750791015625,-0.37207019329071045,-0.3792967200279236,-0.5280716419219971
1789031867649081900,3.885081787109375,-0.374051570892334,-0.21136844158172607,-0.46530357003211975
1789031867659085000,3.8950849609375,-0.36383703351020813,-0.06748435646295547,-0.38616400957107544
1789031867669089000,3.905089111328125,-0.37701913714408875,0.05262820050120354,-0.29671910405158997
1789031867679092000,3.915092041015625,-0.4021564722061157,0.15138190984725952,-0.24321985244750977
1789031867689095000,3.925094970703125,-0.43014469742774963,0.22663432359695435,-0.2563796043395996
1789031867699098000,3.93509814453125,-0.45290884375572205,0.34686481952667236,-0.3191154897212982
1789031867709101800,3.945101806640625,-0.46680575609207153,0.5018631815910339,-0.3720918893814087
1789031867719105000,3.95510498046875,-0.457016259431839,0.6459974050521851,-0.4258594512939453
1789031867729108000,3.96510791015625,-0.43187230825424194,0.7877761125564575,-0.46181583404541016
1789031867739112200,3.9751123046875,-0.4029221534729004,0.9058266878128052,-0.4868764877319336
1789031867749115000,3.985114990234375,-0.3580729067325592,0.9433673620223999,-0.49480924010276794
1789031867759118000,3.9951181640625,-0.2861025929450989,0.9435541033744812,-0.4752645790576935
1789031867769121000,4.00512109375,-0.2057691067457199,0.9759602546691895,-0.417736291885376
1789031867779125000,4.015125,-0.15303823351860046,1.0645701885223389,-0.34442615509033203
1789031867789128200,4.025128173828125,-0.1615624725818634,1.0622726678848267,-0.28103575110435486
1789031867799131000,4.035130859375,-0.21670614182949066,0.9495921730995178,-0.22365929186344147
1789031867809134800,4.045134765625,-0.28435656428337097,0.8507673144340515,-0.17816424369812012
1789031867819138000,4.055137939453125,-0.3215615153312683,0.8180774450302124,-0.156296968460083
1789031867829141200,4.065141357421875,-0.3117094039916992,0.8750935792922974,-0.11697432398796082
1789031867839144000,4.07514404296875,-0.2793754041194916,0.9677798748016357,-0.05235782265663147
1789031867849148200,4.085148193359375,-0.22014616429805756,1.0564647912979126,0.012469909153878689
1789031867859151000,4.095151123046875,-0.1260010302066803,1.1327672004699707,0.023225372657179832
1789031867869154000,4.105154052734375,-0.018792826682329178,1.1607471704483032,-0.012024492025375366
1789031867879158000,4.115157958984375,0.05805743858218193,1.1298801898956299,-0.05974669009447098
1789031867889161200,4.1251611328125,0.09407935291528702,1.0238780975341797,-0.08096196502447128
1789031867899164000,4.135163818359375,0.10162998735904694,0.8771026730537415,-0.06437984108924866
1789031867909167000,4.1451669921875,0.10984984040260315,0.7149896621704102,-0.043540071696043015
1789031867919171000,4.155171142578125,0.14127780497074127,0.6080400347709656,-0.040082771331071854
1789031867929174000,4.165174072265625,0.17903850972652435,0.5580189228057861,-0.03908754512667656
1789031867939177000,4.175177001953125,0.22505049407482147,0.5280418992042542,-0.035464875400066376
1789031867949181200,4.18518115234375,0.2777983844280243,0.5017769932746887,-0.049476299434900284
1789031867959184000,4.195183837890625,0.28594207763671875,0.4765164256095886,-0.0626099556684494
1789031867969187000,4.20518701171875,0.2408827245235443,0.4516962766647339,-0.062371864914894104
1789031867979190000,4.21518994140625,0.22421418130397797,0.4458177983760834,-0.09983976930379868
1789031867989194000,4.225194091796875,0.2445487380027771,0.45219072699546814,-0.17264233529567719
1789031867999197000,4.235197021484375,0.2569151818752289,0.43662145733833313,-0.21197275817394257
1789031868009200000,4.2452001953125,0.22332261502742767,0.4176648259162903,-0.17734074592590332
1789031868019204000,4.2552041015625,0.2281477153301239,0.4256315231323242,-0.14908166229724884
1789031868029207000,4.26520703125,0.23272354900836945,0.41541218757629395,-0.12142953276634216
1789031868039210000,4.2752099609375,0.17411798238754272,0.3558005392551422,-0.038209427148103714
1789031868049213000,4.285212890625,0.13710643351078033,0.2920506000518799,-0.004694344010204077
1789031868059217000,4.295216796875,0.14837749302387238,0.24352766573429108,-0.03458116948604584
1789031868069220000,4.30522021484375,0.18727350234985352,0.21084748208522797,-0.11393138021230698
1789031868079223000,4.31522314453125,0.2075870782136917,0.18183398246765137,-0.17925025522708893
1789031868089227000,4.32522705078125,0.20087669789791107,0.14628423750400543,-0.2102566361427307
1789031868099230000,4.33522998046875,0.1834535002708435,0.15377609431743622,-0.22645291686058044
1789031868109233200,4.345233154296875,0.16395863890647888,0.21263888478279114,-0.23785151541233063
1789031868119236000,4.355236083984375,0.16443321108818054,0.2961605489253998,-0.2355649322271347
1789031868129240000,4.365239990234375,0.16924448311328888,0.3669860064983368,-0.20583951473236084
1789031868139243000,4.375242919921875,0.1766757220029831,0.41279464960098267,-0.17454493045806885
1789031868149246000,4.385245849609375,0.19009831547737122,0.42980319261550903,-0.15770390629768372
1789031868159250000,4.39525,0.21865884959697723,0.43053093552589417,-0.15733185410499573
1789031868169253000,4.405253173828125,0.2662428915500641,0.46126940846443176,-0.17940786480903625
1789031868179256000,4.415256103515625,0.31415048241615295,0.48462721705436707,-0.20354516804218292
1789031868189259000,4.425259033203125,0.31871089339256287,0.44388723373413086,-0.1978268176317215
1789031868199263000,4.435262939453125,0.2905278205871582,0.38489067554473877,-0.18503548204898834
1789031868209266000,4.445265869140625,0.27046674489974976,0.36191505193710327,-0.19863411784172058
1789031868219269000,4.45526904296875,0.26760295033454895,0.3618970215320587,-0.2316066175699234
1789031868229273000,4.465273193359375,0.28660088777542114,0.3761731684207916,-0.27400070428848267
1789031868239276000,4.475276123046875,0.329210489988327,0.3722652494907379,-0.31635117530822754
1789031868249279000,4.485279052734375,0.36369603872299194,0.33976829051971436,-0.3459937572479248
1789031868259282200,4.4952822265625,0.38145238161087036,0.2913625240325928,-0.37346529960632324
1789031868269286000,4.505285888671875,0.3917953073978424,0.2773345708847046,-0.41366252303123474
1789031868279289000,4.5152890625,0.39229539036750793,0.3095601797103882,-0.4657458961009979
1789031868289292000,4.5252919921875,0.40330755710601807,0.3785903751850128,-0.5176829099655151
1789031868299296300,4.535296142578125,0.43899551033973694,0.4717474579811096,-0.5757829546928406
1789031868309299000,4.545298828125,0.4766866862773895,0.5803043246269226,-0.6459569931030273
1789031868319302100,4.55530224609375,0.4956319332122803,0.6763582229614258,-0.734079122543335
1789031868329304800,4.565304931640625,0.5055093169212341,0.7425848841667175,-0.8353751301765442
1789031868339309000,4.57530908203125,0.5037547945976257,0.7987329959869385,-0.9611809253692627
1789031868349312000,4.58531201171875,0.5226592421531677,0.8838531970977783,-1.104439616203308
1789031868359315000,4.59531494140625,0.5244610905647278,0.9624198079109192,-1.1897145509719849
1789031868369319000,4.60531884765625,0.5220277905464172,0.9922365546226501,-1.232161045074463
1789031868379322000,4.615322021484375,0.5310192108154297,0.9551863074302673,-1.2522556781768799
1789031868389325000,4.625324951171875,0.4745287597179413,0.8843321204185486,-1.2277612686157227
1789031868399328000,4.635327880859375,0.41838008165359497,0.6634964942932129,-1.1528499126434326
1789031868409332000,4.64533203125,0.3216002583503723,0.40859895944595337,-1.0847182273864746
1789031868419335200,4.655335205078125,0.17638522386550903,0.2707290053367615,-1.0628626346588135
1789031868429337900,4.665337890625,0.05807749554514885,0.1863485872745514,-1.0523886680603027
1789031868439342000,4.675342041015625,-0.030518222600221634,0.10008855164051056,-0.9794526100158691
1789031868449345000,4.685344970703125,-0.053746577352285385,0.0585714690387249,-0.8200594782829285
1789031868459348000,4.695347900390625,-0.02762600965797901,0.13374806940555573,-0.6135204434394836
1789031868469351200,4.70535107421875,0.02323530614376068,0.28909823298454285,-0.40072402358055115
1789031868479355600,4.715355712890625,0.06349513679742813,0.4090711772441864,-0.1905740201473236
1789031868489358600,4.725358642578125,0.1152704507112503,0.49659010767936707,-0.05295809358358383
1789031868499361800,4.73536181640625,0.1858958750963211,0.5272756218910217,0.03475286439061165
1789031868509365500,4.745365478515625,0.25251057744026184,0.4672868549823761,0.1282053142786026
1789031868519368700,4.75536865234375,0.2925984263420105,0.3781903386116028,0.24412094056606293
1789031868529371600,4.76537158203125,0.2971385717391968,0.28626495599746704,0.3757018744945526
1789031868539374600,4.77537451171875,0.272037148475647,0.2319762110710144,0.4909324049949646
1789031868549378600,4.785378662109375,0.2198823243379593,0.21930889785289764,0.582818865776062
1789031868559381800,4.7953818359375,0.17262610793113708,0.21323399245738983,0.6123526096343994
1789031868569384400,4.805384521484375,0.1415179967880249,0.16670642793178558,0.5634782910346985
1789031868579388700,4.815388671875,0.12753216922283173,0.06984074413776398,0.46373721957206726
1789031868589391600,4.8253916015625,0.1277284473180771,-0.03858346864581108,0.3700528144836426
1789031868599394600,4.83539453125,0.13828973472118378,-0.11601053923368454,0.3285253345966339
1789031868609397800,4.845397705078125,0.15392036736011505,-0.19279587268829346,0.33820539712905884
1789031868619401700,4.855401611328125,0.1384871006011963,-0.26843732595443726,0.3571026623249054
1789031868629404700,4.86540478515625,0.10950976610183716,-0.28863394260406494,0.35485920310020447
1789031868639407600,4.87540771484375,0.10570407658815384,-0.2855381369590759,0.34120920300483704
1789031868649411600,4.88541162109375,0.12569937109947205,-0.28200361132621765,0.32156601548194885
1789031868659414800,4.895414794921875,0.10846179723739624,-0.352566659450531,0.3316231667995453
1789031868669417700,4.905417724609375,-0.011482984758913517,-0.43237441778182983,0.35170820355415344
1789031868679420700,4.915420654296875,-0.1646578460931778,-0.4442700445652008,0.4017718434333801
1789031868689424600,4.925424560546875,-0.2727968394756317,-0.4028421640396118,0.463872492313385
1789031868699427600,4.935427490234375,-0.3066827058792114,-0.3951643705368042,0.45062491297721863
1789031868709430800,4.9454306640625,-0.31100472807884216,-0.4218638837337494,0.3630804121494293
1789031868719434800,4.955434814453125,-0.3152279853820801,-0.4302550256252289,0.2515406012535095
1789031868729437700,4.965437744140625,-0.3079591393470764,-0.39734315872192383,0.14692015945911407
1789031868739440600,4.975440673828125,-0.30851122736930847,-0.3225065767765045,0.04444361478090286
1789031868749443800,4.98544384765625,-0.31436485052108765,-0.2291499823331833,-0.04859072342514992
1789031868759447600,4.995447509765625,-0.3127053380012512,-0.11479473114013672,-0.11526546627283096
1789031868769450800,5.00545068359375,-0.28941068053245544,-0.040565501898527145,-0.17557886242866516
1789031868779453700,5.01545361328125,-0.24220508337020874,-0.025576286017894745,-0.23966729640960693
1789031868789457700,5.025457763671875,-0.19748689234256744,-0.06245174631476402,-0.28132686018943787
1789031868799460600,5.035460693359375,-0.19116748869419098,-0.08551287651062012,-0.29258590936660767
1789031868809463800,5.0454638671875,-0.21809950470924377,-0.07518966495990753,-0.2860877811908722
1789031868819466500,5.055466552734375,-0.23018331825733185,-0.05544302985072136,-0.26918017864227295
1789031868829470700,5.065470703125,-0.2317149043083191,-0.03461231663823128,-0.2197074443101883
1789031868839473700,5.0754736328125,-0.21418282389640808,-0.02941972389817238,-0.16096417605876923
1789031868849476600,5.0854765625,-0.18306991457939148,-0.06575189530849457,-0.12034165859222412
1789031868859480600,5.09548046875,-0.1582561731338501,-0.13627512753009796,-0.12330495566129684
1789031868869483800,5.10548388671875,-0.16805660724639893,-0.20221607387065887,-0.1739787757396698
1789031868879486500,5.115486572265625,-0.2095811814069748,-0.21116629242897034,-0.2335968017578125
1789031868889489700,5.12548974609375,-0.23624740540981293,-0.13744840025901794,-0.277599960565567
1789031868899493600,5.13549365234375,-0.2452446073293686,-0.04767869785428047,-0.33710405230522156
1789031868909496600,5.14549658203125,-0.23049628734588623,0.03037402778863907,-0.4217158854007721
1789031868919499500,5.15549951171875,-0.20958562195301056,0.047288257628679276,-0.5543515086174011
1789031868929502700,5.165502685546875,-0.1717871129512787,-0.025332147255539894,-0.6934680938720703
1789031868939506700,5.175506591796875,-0.1301516443490982,-0.0786808431148529,-0.813015341758728
1789031868949509600,5.185509521484375,-0.11003625392913818,-0.07835833728313446,-0.8547963500022888
1789031868959512800,5.195512939453125,-0.10670775920152664,-0.03333689272403717,-0.8121011853218079
1789031868969516800,5.205516845703125,-0.10521239787340164,0.024646513164043427,-0.731302797794342
1789031868979519500,5.21551953125,-0.09040198475122452,0.032247625291347504,-0.6754419207572937
1789031868989522700,5.225522705078125,-0.056403011083602905,-0.010877207852900028,-0.6412964463233948
1789031868999525600,5.235525634765625,-0.035290271043777466,-0.06649599969387054,-0.6036134958267212
1789031869009529600,5.245529541015625,-0.037980061024427414,-0.12516117095947266,-0.5327175259590149
1789031869019532800,5.25553271484375,-0.046002306044101715,-0.1586364358663559,-0.42043840885162354
1789031869029535700,5.26553564453125,-0.040345750749111176,-0.1772862821817398,-0.28328001499176025
1789031869039539500,5.27553955078125,-0.05016030743718147,-0.20228442549705505,-0.1301136165857315
1789031869049542700,5.285542724609375,-0.06915769726037979,-0.23017944395542145,0.022507350891828537
1789031869059545900,5.2955458984375,-0.09421245008707047,-0.27548086643218994,0.126910999417305
1789031869069548500,5.305548583984375,-0.10324563086032867,-0.3064688742160797,0.14921176433563232
1789031869079552800,5.315552734375,-0.06824132055044174,-0.3660716712474823,0.16968803107738495
1789031869089555700,5.3255556640625,-0.024112744256854057,-0.3936159312725067,0.23273730278015137
1789031869099558700,5.33555859375,0.015461037866771221,-0.35430625081062317,0.3261287808418274
1789031869109562600,5.345562744140625,0.048665594309568405,-0.24427026510238647,0.4182046353816986
1789031869119565800,5.35556591796875,0.0638778805732727,-0.10329858958721161,0.4817694425582886
1789031869129568500,5.365568603515625,0.0622088760137558,0.02175227366387844,0.4939509928226471
1789031869139571700,5.37557177734375,0.06371032446622849,0.10735088586807251,0.4556872844696045
1789031869149575700,5.38557568359375,0.0763278529047966,0.11825866252183914,0.40338680148124695
1789031869159578600,5.39557861328125,0.08395755290985107,0.06811902672052383,0.3688293397426605
1789031869169581600,5.40558154296875,0.10476216673851013,0.00043425668263807893,0.35133954882621765
1789031869179585800,5.415585693359375,0.1487588882446289,-0.06190377473831177,0.3506018817424774
1789031869189588500,5.42558837890625,0.1910725235939026,-0.11463383585214615,0.3797680139541626
1789031869199591700,5.435591796875,0.21467983722686768,-0.1396782249212265,0.4204675555229187
1789031869209594600,5.4455947265625,0.22899885475635529,-0.1274505853652954,0.46223604679107666
1789031869219598800,5.455598876953125,0.25742650032043457,-0.07429175823926926,0.5081952214241028
1789031869229601500,5.4656015625,0.29877904057502747,-0.03535211458802223,0.5549659132957458
1789031869239604700,5.475604736328125,0.3188845217227936,0.04292554408311844,0.598257839679718
1789031869249607700,5.485607666015625,0.3313486576080322,0.19015786051750183,0.6279933452606201
1789031869259611600,5.495611572265625,0.3443097770214081,0.37705472111701965,0.6412270665168762
1789031869269614600,5.505614501953125,0.344165176153183,0.5472962260246277,0.6359580159187317
1789031869279617500,5.515617431640625,0.3311660587787628,0.6399805545806885,0.6227366924285889
1789031869289621500,5.52562158203125,0.3062622845172882,0.6361088752746582,0.6251322031021118
1789031869299624700,5.535624755859375,0.2659779489040375,0.593717634677887,0.6493451595306396
1789031869309627600,5.545627685546875,0.2286611944437027,0.5479445457458496,0.6653481125831604
1789031869319630600,5.555630615234375,0.20224107801914215,0.4679785668849945,0.6872445344924927
1789031869329634600,5.565634521484375,0.17950007319450378,0.35414919257164,0.7249996662139893
1789031869339637800,5.5756376953125,0.14883080124855042,0.2727021276950836,0.7456123232841492
1789031869349640700,5.585640625,0.12831780314445496,0.23222899436950684,0.760496973991394
1789031869359644700,5.595644775390625,0.09546830505132675,0.23895235359668732,0.765510618686676
1789031869369647600,5.605647705078125,0.07000155746936798,0.25676384568214417,0.7895946502685547
1789031869379650600,5.615650634765625,0.06160121038556099,0.28681594133377075,0.8075799942016602
1789031869389653800,5.62565380859375,0.05016693100333214,0.2929694354534149,0.8008033037185669
1789031869399657700,5.63565771484375,0.060881029814481735,0.25819507241249084,0.7561210989952087
1789031869409660700,5.64566064453125,0.07700087130069733,0.17268791794776917,0.6765634417533875
1789031869419663600,5.65566357421875,0.08245501667261124,0.008080210536718369,0.6256086230278015
1789031869429666800,5.665666748046875,0.06966438889503479,-0.21074187755584717,0.6226741075515747
1789031869439670500,5.67567041015625,0.01132700964808464,-0.42894309759140015,0.658196747303009
1789031869449673700,5.685673828125,-0.04164140298962593,-0.5843441486358643,0.681583821773529
1789031869459676700,5.6956767578125,-0.07700736820697784,-0.6528236865997314,0.6741839647293091
1789031869469680600,5.7056806640625,-0.09768654406070709,-0.6610414385795593,0.6417248249053955
1789031869479683000,5.71568310546875,-0.0796569287776947,-0.6709286570549011,0.5906970500946045
1789031869489686000,5.72568603515625,-0.0651693344116211,-0.6047187447547913,0.5739548206329346
1789031869499689200,5.735689208984375,-0.05130040645599365,-0.5510842204093933,0.5739082098007202
1789031869509693200,5.745693115234375,-0.030511504039168358,-0.5573809742927551,0.5945442318916321
1789031869519696000,5.75569580078125,-0.03267211839556694,-0.61388099193573,0.6318029165267944
1789031869529699000,5.765698974609375,-0.06364388018846512,-0.7243276238441467,0.6642969846725464
1789031869539703000,5.775703125,-0.1366671919822693,-0.9014120101928711,0.674279510974884
1789031869549706000,5.7857060546875,-0.19683972001075745,-1.0661951303482056,0.6701497435569763
1789031869559709200,5.795709228515625,-0.25097590684890747,-1.1282122135162354,0.6515852808952332
1789031869569712000,5.805712158203125,-0.2678739130496979,-1.1079181432724,0.6186060309410095
1789031869579715800,5.8157158203125,-0.24398809671401978,-1.0405412912368774,0.593501091003418
1789031869589719000,5.825718994140625,-0.1894952952861786,-0.929405689239502,0.5709523558616638
1789031869599722200,5.83572216796875,-0.12398974597454071,-0.8040080666542053,0.5445220470428467
1789031869609726000,5.845725830078125,-0.06097669154405594,-0.7332949638366699,0.5032888054847717
1789031869619729200,5.855729248046875,-0.014747688546776772,-0.7348438501358032,0.43750396370887756
1789031869629732000,5.865732177734375,0.005578355398029089,-0.7268655300140381,0.360180139541626
1789031869639735000,5.875735107421875,-0.014718709513545036,-0.6735583543777466,0.2762956917285919
1789031869649739000,5.885739013671875,-0.06400423496961594,-0.5950920581817627,0.18873469531536102
1789031869659742200,5.8957421875,-0.1427898108959198,-0.5449823141098022,0.12510080635547638
1789031869669745000,5.905744873046875,-0.21307115256786346,-0.5431700348854065,0.11168485879898071
1789031869679748000,5.915748046875,-0.2187597155570984,-0.5355507135391235,0.10980125516653061
1789031869689752000,5.925751953125,-0.19273103773593903,-0.4666679799556732,0.08742084354162216
1789031869699755000,5.935755126953125,-0.16547220945358276,-0.3632599413394928,0.05348760634660721
1789031869709758000,5.945758056640625,-0.16726824641227722,-0.2486899346113205,0.03700849413871765
1789031869719762200,5.95576220703125,-0.18388473987579346,-0.1911805421113968,0.05810733884572983
1789031869729765000,5.96576513671875,-0.18220055103302002,-0.15852005779743195,0.11904685199260712
1789031869739768000,5.97576806640625,-0.1432553231716156,-0.12127739191055298,0.1813129484653473
1789031869749771000,5.98577099609375,-0.09414025396108627,-0.02808566391468048,0.195455402135849
1789031869759775200,5.995775146484375,-0.05985553190112114,0.15335114300251007,0.13404931128025055
1789031869769778000,6.00577783203125,-0.03314376249909401,0.36995190382003784,0.029782559722661972
1789031869779781000,6.015781005859375,-0.01223255880177021,0.5206261277198792,-0.03801625594496727
1789031869789785000,6.02578515625,0.022141393274068832,0.5946667790412903,-0.025294603779911995
1789031869799788000,6.0357880859375,0.08065209537744522,0.6865748167037964,0.020287804305553436
1789031869809791000,6.045791015625,0.12150285392999649,0.8432579040527344,0.020591937005519867
1789031869819794200,6.055794189453125,0.11746233701705933,0.9851138591766357,-0.03139405697584152
1789031869829798000,6.0657978515625,0.0886962041258812,1.0875885486602783,-0.1047028973698616
1789031869839801000,6.075801025390625,0.048968151211738586,1.0628606081008911,-0.16497920453548431
1789031869849804300,6.08580419921875,0.021992996335029602,0.8746403455734253,-0.173055499792099
1789031869859807000,6.095806884765625,0.019973766058683395,0.650838315486908,-0.1694575399160385
1789031869869811000,6.10581103515625,0.03822121396660805,0.5210906863212585,-0.2114795595407486
1789031869879814100,6.115814208984375,0.050220079720020294,0.4711190462112427,-0.2895461320877075
1789031869889817000,6.125817138671875,0.05711127445101738,0.4345317482948303,-0.36343714594841003
1789031869899821000,6.135821044921875,0.06483558565378189,0.38752758502960205,-0.4245506525039673
1789031869909824300,6.14582421875,0.08698563277721405,0.3129878342151642,-0.42771822214126587
1789031869919827000,6.155826904296875,0.12966011464595795,0.20886260271072388,-0.39089757204055786
1789031869929830100,6.165830078125,0.1413969248533249,0.1031675934791565,-0.32526689767837524
1789031869939834000,6.175834228515625,0.1050788164138794,0.05039576441049576,-0.2625821530818939
1789031869949837000,6.185837158203125,0.0656520426273346,0.07867906987667084,-0.2551434338092804
1789031869959840000,6.195840087890625,0.030054129660129547,0.15362036228179932,-0.2751981317996979
1789031869969843200,6.20584326171875,-0.0013671754859387875,0.16650128364562988,-0.2930980324745178
1789031869979847000,6.215846923828125,-0.041347067803144455,0.11051993072032928,-0.24640485644340515
1789031869989850000,6.22585009765625,-0.06519993394613266,0.052806831896305084,-0.17383185029029846
1789031869999853000,6.23585302734375,-0.08771433681249619,0.05852445587515831,-0.11988867819309235
1789031870009857300,6.245857177734375,-0.14062361419200897,0.0708511620759964,-0.08161638677120209
1789031870019860000,6.25585986328125,-0.1914561539888382,0.014262160286307335,-0.049570322036743164
1789031870029863200,6.26586328125,-0.23173168301582336,-0.09087464213371277,-0.012259965762495995
1789031870039865900,6.275865966796875,-0.27056217193603516,-0.18449333310127258,0.008148912340402603
1789031870049870000,6.2858701171875,-0.2985115349292755,-0.2194422483444214,-0.004126396495848894
1789031870059873000,6.295873046875,-0.3261370360851288,-0.23475199937820435,-0.040974706411361694
1789031870069876000,6.3058759765625,-0.339345246553421,-0.23259058594703674,-0.10821819305419922
1789031870079880000,6.3158798828125,-0.33698034286499023,-0.25960543751716614,-0.15372654795646667
1789031870089883100,6.325883056640625,-0.3316665589809418,-0.3501579761505127,-0.12120188027620316
1789031870099886000,6.335885986328125,-0.32126668095588684,-0.4393215775489807,-0.06027935817837715
1789031870109889000,6.345888916015625,-0.31740057468414307,-0.4830869138240814,-0.017274100333452225
1789031870119893000,6.35589306640625,-0.3186210095882416,-0.4975067377090454,0.02071206457912922
1789031870129896200,6.365896240234375,-0.31085285544395447,-0.47145649790763855,0.020079564303159714
1789031870139899100,6.375899169921875,-0.27915942668914795,-0.418996125459671,-0.006254503037780523
1789031870149902000,6.385902099609375,-0.23423855006694794,-0.3905099034309387,-0.013143301010131836
1789031870159906000,6.395906005859375,-0.1979752779006958,-0.39164820313453674,0.009167247451841831
1789031870169909000,6.405908935546875,-0.16994445025920868,-0.3953968584537506,0.04079841077327728
1789031870179912200,6.415912109375,-0.13419845700263977,-0.38250359892845154,0.055391233414411545
1789031870189915100,6.4259150390625,-0.1114068552851677,-0.3342148959636688,0.039269253611564636
1789031870199919000,6.435919189453125,-0.10381980985403061,-0.24654430150985718,-0.004630258772522211
1789031870209922000,6.445922119140625,-0.10275240987539291,-0.12418828904628754,-0.07411639392375946
1789031870219925200,6.45592529296875,-0.09593920409679413,-0.01557815633714199,-0.17386247217655182
1789031870229929000,6.465928955078125,-0.09035428613424301,0.03245728090405464,-0.23454046249389648
1789031870239932200,6.47593212890625,-0.08342557400465012,0.0326891764998436,-0.24143855273723602
1789031870249935000,6.48593505859375,-0.0654606819152832,0.043458469212055206,-0.23378649353981018
1789031870259938000,6.49593798828125,-0.05433553829789162,0.08132550865411758,-0.21718893945217133
1789031870269942000,6.50594189453125,-0.03941704332828522,0.1399262249469757,-0.2244095653295517
1789031870279945200,6.5159453125,-0.01918017491698265,0.19175845384597778,-0.2678476572036743
1789031870289948000,6.525947998046875,0.01607954502105713,0.22055254876613617,-0.348191499710083
1789031870299952000,6.5359521484375,0.03728090971708298,0.20190875232219696,-0.4259716868400574
1789031870309955000,6.545955078125,0.03327072411775589,0.12666964530944824,-0.5051125884056091
1789031870319958000,6.5559580078125,-0.0014922828413546085,0.016738686710596085,-0.609346330165863
1789031870329961000,6.5659609375,-0.044599007815122604,-0.17071188986301422,-0.72664475440979
1789031870339965200,6.575965087890625,-0.05439208075404167,-0.5052192807197571,-0.8277835249900818
1789031870349968000,6.5859677734375,-0.040271732956171036,-0.8817383050918579,-0.9395188093185425
1789031870359971000,6.59597119140625,-0.034229978919029236,-1.1335750818252563,-1.0281670093536377
1789031870369974000,6.60597412109375,-0.01524377055466175,-1.15229332447052,-1.0592021942138672
1789031870379978200,6.615978271484375,0.030701003968715668,-0.9037694334983826,-1.0004678964614868
1789031870389981000,6.62598095703125,0.0907110795378685,-0.4214382469654083,-0.8620270490646362
1789031870399984000,6.635984130859375,0.1724853515625,0.1434769481420517,-0.697579026222229
1789031870409988000,6.645988037109375,0.35121726989746094,0.6606737375259399,-0.5562687516212463
1789031870419991000,6.655990966796875,0.4531462788581848,0.9568821787834167,-0.47733554244041443
1789031870429994000,6.665993896484375,0.47457966208457947,0.9113043546676636,-0.4672861099243164
1789031870439997000,6.675996826171875,0.43650373816490173,0.7010601162910461,-0.5082051157951355
1789031870450001000,6.6860009765625,0.37846413254737854,0.4817737936973572,-0.5657634735107422
1789031870460004000,6.696004150390625,0.32683759927749634,0.35419797897338867,-0.5904954075813293
1789031870470007300,6.70600732421875,0.2998075783252716,0.3094440996646881,-0.5195370316505432
1789031870480010500,6.716010498046875,0.31349971890449524,0.3310754895210266,-0.36795154213905334
1789031870490014500,6.726014404296875,0.345721572637558,0.38273096084594727,-0.18018271028995514
1789031870500017700,6.736017578125,0.3853113055229187,0.3829724192619324,-0.0031037600710988045
1789031870510020600,6.7460205078125,0.4151051640510559,0.3013848662376404,0.1441197693347931
1789031870520024600,6.756024658203125,0.4201686382293701,0.1700761467218399,0.2630690336227417
1789031870530027500,6.766027587890625,0.37862521409988403,0.05956108495593071,0.36865296959877014
1789031870540030500,6.776030517578125,0.30262258648872375,0.00195120123680681,0.4657707214355469
1789031870550033700,6.78603369140625,0.2482655942440033,0.0030795824714004993,0.5627101063728333
1789031870560037600,6.79603759765625,0.2152797132730484,0.00298236683011055,0.6185495853424072
1789031870570040600,6.80604052734375,0.18163441121578217,-0.053614065051078796,0.615641176700592
1789031870580043500,6.81604345703125,0.15612822771072388,-0.1467529535293579,0.5887224674224854
1789031870590046700,6.826046630859375,0.14505986869335175,-0.18805405497550964,0.542570948600769
1789031870600050400,6.836050537109375,0.14277519285678864,-0.1687573492527008,0.45477819442749023
1789031870610053600,6.8460537109375,0.16924993693828583,-0.10914035141468048,0.3119960129261017
1789031870620056600,6.856056640625,0.20220278203487396,-0.028379034250974655,0.15689249336719513
1789031870630059500,6.8660595703125,0.21417342126369476,0.03777388483285904,0.026519589126110077
1789031870640063500,6.8760634765625,0.2000618577003479,0.06132017821073532,-0.09630432724952698
1789031870650066700,6.886066650390625,0.1711423248052597,0.04146764427423477,-0.22413179278373718
1789031870660069400,6.8960693359375,0.1460084319114685,0.021824784576892853,-0.35825464129447937
1789031870670073600,6.906073486328125,0.1184321939945221,0.026841115206480026,-0.48606935143470764
1789031870680076500,6.91607666015625,0.06877653300762177,0.06273511797189713,-0.5968430042266846
1789031870690079500,6.92607958984375,-0.010111358016729355,0.08541646599769592,-0.6926036477088928
1789031870700082400,6.93608251953125,-0.11720375716686249,0.060708653181791306,-0.7743967771530151
1789031870710086700,6.946086669921875,-0.1995643973350525,0.01373794861137867,-0.8236183524131775
1789031870720089300,6.95608935546875,-0.2249632328748703,-0.0543903112411499,-0.851598858833313
1789031870730092500,6.966092529296875,-0.2368031144142151,-0.13963888585567474,-0.8540540337562561
1789031870740095500,6.976095458984375,-0.24695883691310883,-0.21033933758735657,-0.8106133937835693
1789031870750099500,6.986099365234375,-0.24058908224105835,-0.24235159158706665,-0.7346927523612976
1789031870760102400,6.996102294921875,-0.22339406609535217,-0.2477085292339325,-0.6459917426109314
1789031870770105600,7.006105712890625,-0.18755510449409485,-0.2846340537071228,-0.5753332376480103
1789031870780109600,7.016109619140625,-0.14403663575649261,-0.3751768469810486,-0.5093425512313843
1789031870790112500,7.026112548828125,-0.09661852568387985,-0.4715108573436737,-0.4223141670227051
1789031870800115700,7.03611572265625,-0.04158591479063034,-0.5244386792182922,-0.33368438482284546
1789031870810118400,7.046118408203125,0.015250736847519875,-0.554262101650238,-0.2613271176815033
1789031870820122400,7.056122314453125,0.05358800292015076,-0.5680630207061768,-0.18501609563827515
1789031870830125600,7.06612548828125,0.10847441852092743,-0.5686084032058716,-0.09620340168476105
1789031870840128500,7.07612841796875,0.14510270953178406,-0.5423164963722229,-0.009081527590751648
1789031870850131500,7.08613134765625,0.17739221453666687,-0.48148801922798157,0.05523860827088356
1789031870860135700,7.0961357421875,0.1923631727695465,-0.4068055748939514,0.09510638564825058
1789031870870138600,7.106138671875,0.18229669332504272,-0.3308548927307129,0.13580268621444702
1789031870880141600,7.1161416015625,0.16088220477104187,-0.2394966185092926,0.18454067409038544
1789031870890145500,7.1261455078125,0.13428016006946564,-0.11692596226930618,0.23775196075439453
1789031870900148700,7.136148681640625,0.12407386302947998,0.018497908487915993,0.29530900716781616
1789031870910151400,7.1461513671875,0.11931586265563965,0.14944712817668915,0.3623911142349243
1789031870920154600,7.156154541015625,0.10604750365018845,0.2759662866592407,0.42863744497299194
1789031870930158600,7.16615869140625,0.09753550589084625,0.40559884905815125,0.4922899305820465
1789031870940161500,7.17616162109375,0.09266884624958038,0.5478947162628174,0.558640718460083
1789031870950164500,7.18616455078125,0.09431654214859009,0.7058151364326477,0.6313327550888062
1789031870960167700,7.196167724609375,0.09451677650213242,0.8411199450492859,0.7266638875007629
1789031870970171400,7.20617138671875,0.11890893429517746,0.9493196606636047,0.8180971145629883
1789031870980174600,7.216174560546875,0.16470256447792053,1.0047868490219116,0.9010028839111328
1789031870990177500,7.226177490234375,0.20930145680904388,0.984214723110199,0.9710706472396851
1789031871000181500,7.236181396484375,0.1971946805715561,0.9225798845291138,0.9958769679069519
1789031871010184400,7.246184326171875,0.15868882834911346,0.8086389303207397,0.9814106822013855
1789031871020187600,7.256187744140625,0.12017664313316345,0.6282631754875183,0.9440563321113586
1789031871030190600,7.266190673828125,0.07257743179798126,0.4234008193016052,0.9088916778564453
1789031871040194600,7.276194580078125,0.016505606472492218,0.20391035079956055,0.8455007672309875
1789031871050197500,7.286197509765625,-0.028290893882513046,-0.007091103121638298,0.7822653651237488
1789031871060200400,7.296200439453125,-0.044218141585588455,-0.14412222802639008,0.7245567440986633
1789031871070203600,7.30620361328125,-0.043325718492269516,-0.19280961155891418,0.6859863996505737
1789031871080207600,7.31620751953125,-0.025775514543056488,-0.19846583902835846,0.6898688077926636
1789031871090210600,7.32621044921875,0.00673315953463316,-0.20149092376232147,0.6896511912345886
1789031871100213500,7.336213623046875,0.04159758985042572,-0.24188387393951416,0.7046195268630981
1789031871110216700,7.346216796875,0.07546527683734894,-0.2930746078491211,0.7110827565193176
1789031871120220400,7.356220458984375,0.09453489631414413,-0.3402080535888672,0.7184440493583679
1789031871130223600,7.3662236328125,0.10032593458890915,-0.3674705922603607,0.7109461426734924
1789031871140226600,7.3762265625,0.09955792874097824,-0.37411823868751526,0.6989488005638123
1789031871150230500,7.38623046875,0.09554560482501984,-0.3350754976272583,0.6593769192695618
1789031871160233500,7.3962333984375,0.09095112234354019,-0.280025839805603,0.6097998023033142
1789031871170236700,7.406236572265625,0.09162144362926483,-0.24642927944660187,0.5600894689559937
1789031871180239400,7.4162392578125,0.0675453394651413,-0.239973783493042,0.513649046421051
1789031871190243600,7.42624365234375,0.028462115675210953,-0.2543276846408844,0.46676546335220337
1789031871200246500,7.43624658203125,-0.019691551104187965,-0.2895200550556183,0.4089881479740143
1789031871210249500,7.44624951171875,-0.05912071466445923,-0.31740230321884155,0.35491639375686646
1789031871220252400,7.45625244140625,-0.0900316908955574,-0.33919623494148254,0.3146975338459015
1789031871230256600,7.466256591796875,-0.11842098832130432,-0.35649585723876953,0.30539989471435547
1789031871240259600,7.476259521484375,-0.16319142282009125,-0.42120417952537537,0.3482869565486908
1789031871250262500,7.486262451171875,-0.23370447754859924,-0.5535351037979126,0.44438979029655457
1789031871260265500,7.496265380859375,-0.29200509190559387,-0.6001771688461304,0.526291012763977
1789031871270269700,7.506269775390625,-0.31422463059425354,-0.5191829800605774,0.5189542770385742
1789031871280272400,7.5162724609375,-0.31175556778907776,-0.40248534083366394,0.43463006615638733
1789031871290275600,7.526275634765625,-0.30679675936698914,-0.33630311489105225,0.35128483176231384
1789031871300279600,7.536279541015625,-0.29199257493019104,-0.37681645154953003,0.3310174345970154
1789031871310282500,7.546282470703125,-0.26905903220176697,-0.44971993565559387,0.3391358256340027
1789031871320285400,7.556285400390625,-0.25055190920829773,-0.4811842739582062,0.34557026624679565
1789031871330288400,7.566288330078125,-0.22149042785167694,-0.48640647530555725,0.2959880530834198
1789031871340292400,7.576292236328125,-0.18092572689056396,-0.4844624996185303,0.1951965093612671
1789031871350295600,7.586295654296875,-0.1669529229402542,-0.513841450214386,0.08995956927537918
1789031871360298800,7.596298828125,-0.19072775542736053,-0.5276179313659668,0.03684202581644058
1789031871370301400,7.606301513671875,-0.21948643028736115,-0.4597490727901459,0.028134552761912346
1789031871380305400,7.616305419921875,-0.22283396124839783,-0.3169090151786804,0.025212738662958145
1789031871390308600,7.62630859375,-0.21601441502571106,-0.20815059542655945,0.025850830599665642
1789031871400311600,7.6363115234375,-0.22670519351959229,-0.23123610019683838,0.057250093668699265
1789031871410314500,7.646314453125,-0.23870140314102173,-0.3566584587097168,0.10861527919769287
1789031871420318700,7.656318603515625,-0.24135729670524597,-0.46277984976768494,0.15110887587070465
1789031871430321400,7.6663212890625,-0.23333773016929626,-0.4726111888885498,0.15247853100299835
1789031871440324600,7.67632470703125,-0.22366203367710114,-0.37820935249328613,0.1279115080833435
1789031871450328600,7.68632861328125,-0.2078455239534378,-0.18475735187530518,0.10875540226697922
1789031871460331500,7.69633154296875,-0.17482677102088928,0.06098661944270134,0.08607850223779678
1789031871470334500,7.70633447265625,-0.11265528202056885,0.2530553936958313,0.049006231129169464
1789031871480338000,7.716337890625,-0.06242725998163223,0.3576728105545044,-0.0031999838538467884
1789031871490342000,7.726341796875,-0.03875415399670601,0.445867121219635,-0.05158722400665283
1789031871500345000,7.736344970703125,-0.014424091205000877,0.5284308791160583,-0.06470377743244171
1789031871510347800,7.74634765625,0.005234564654529095,0.6415550112724304,-0.04879352077841759
1789031871520351000,7.75635107421875,0.0180001612752676,0.7339448928833008,-0.02732817456126213
1789031871530355000,7.76635498046875,0.04370152950286865,0.7595258355140686,-0.03892704099416733
1789031871540358000,7.77635791015625,0.05776682496070862,0.7591466307640076,-0.09717098623514175
1789031871550360800,7.78636083984375,0.057394251227378845,0.710780680179596,-0.16311563551425934
1789031871560364000,7.796364013671875,0.06785722076892853,0.6199092268943787,-0.19370226562023163
1789031871570367700,7.80636767578125,0.09050314128398895,0.5415337085723877,-0.197073295712471
1789031871580371000,7.816370849609375,0.09265585243701935,0.5216250419616699,-0.19200244545936584
1789031871590374000,7.826373779296875,0.08298644423484802,0.5598675012588501,-0.2140430361032486
1789031871600377900,7.8363779296875,0.06937208026647568,0.5949669480323792,-0.256073534488678
1789031871610380800,7.846380859375,0.04550670087337494,0.5898134708404541,-0.2951096296310425
1789031871620384000,7.856384033203125,-0.0019705260638147593,0.506587028503418,-0.3126649558544159
1789031871630387000,7.866386962890625,-0.043067093938589096,0.35392293334007263,-0.30043891072273254
1789031871640391000,7.876390869140625,-0.08517415076494217,0.18430674076080322,-0.27698463201522827
1789031871650393900,7.886393798828125,-0.11445507407188416,0.04783385619521141,-0.27547702193260193
1789031871660396800,7.896396728515625,-0.11933796852827072,-0.01294947974383831,-0.3073265552520752
1789031871670400000,7.90639990234375,-0.10940331220626831,-0.016086416319012642,-0.3501531183719635
1789031871680404000,7.916404052734375,-0.12077394127845764,-0.0267807524651289,-0.3637706935405731
1789031871690407000,7.926406982421875,-0.15307249128818512,-0.05760151892900467,-0.33639925718307495
1789031871700409900,7.936409912109375,-0.17884601652622223,-0.12182359397411346,-0.2714790999889374
1789031871710413000,7.9464130859375,-0.1924545019865036,-0.16612981259822845,-0.2126930207014084
1789031871720417000,7.9564169921875,-0.1987009346485138,-0.1433074176311493,-0.18684706091880798
1789031871730420000,7.966419921875,-0.1915769726037979,-0.08143819868564606,-0.20441140234470367
1789031871740423000,7.9764228515625,-0.1863313913345337,-0.05391274392604828,-0.21735405921936035
1789031871750425900,7.98642578125,-0.1734805703163147,-0.11650634557008743,-0.19818489253520966
1789031871760429800,7.996429931640625,-0.15058159828186035,-0.24637272953987122,-0.13802173733711243
1789031871770433000,8.00643310546875,-0.14977385103702545,-0.2992716133594513,-0.10303793102502823
1789031871780435700,8.016435791015626,-0.15489645302295685,-0.24314658343791962,-0.12342656403779984
1789031871790440000,8.02643994140625,-0.1424640268087387,-0.17502814531326294,-0.15716905891895294
1789031871800443000,8.03644287109375,-0.1138872429728508,-0.1408783495426178,-0.19254381954669952
1789031871810445800,8.04644580078125,-0.10193631052970886,-0.18074747920036316,-0.1809697300195694
1789031871820448800,8.05644873046875,-0.08756933361291885,-0.2610541880130768,-0.13363897800445557
1789031871830453000,8.066452880859375,-0.06186583265662193,-0.3016684651374817,-0.10840899497270584
1789031871840456000,8.0764560546875,-0.03459831327199936,-0.30610254406929016,-0.10230683535337448
1789031871850459000,8.086458984375,-0.025501755997538567,-0.277834951877594,-0.12061206996440887
1789031871860461800,8.0964619140625,-0.02054610662162304,-0.24009396135807037,-0.16037523746490479
1789031871870466000,8.106466064453125,-0.0029490040615200996,-0.21419206261634827,-0.2139548361301422
1789031871880468700,8.11646875,0.040712468326091766,-0.14598552882671356,-0.28923550248146057
1789031871890472000,8.126471923828126,0.11009287089109421,-0.036656640470027924,-0.3920878469944
1789031871900475000,8.136474853515624,0.16611990332603455,0.0445619598031044,-0.5035192370414734
1789031871910478800,8.146478759765625,0.20382121205329895,0.027147551998496056,-0.6123682260513306
1789031871920482000,8.15648193359375,0.23791025578975677,-0.14475752413272858,-0.6994307637214661
1789031871930485000,8.166485107421876,0.24942123889923096,-0.42582809925079346,-0.7799469232559204
1789031871940488000,8.176488037109374,0.2453201860189438,-0.6649343967437744,-0.8586025238037109
1789031871950492000,8.186491943359375,0.22070592641830444,-0.7928665280342102,-0.9116007685661316
1789031871960495000,8.1964951171875,0.23384889960289001,-0.8042529225349426,-0.9220017194747925
1789031871970497800,8.206497802734376,0.2794123888015747,-0.7524533867835999,-0.8444288969039917
1789031871980502000,8.216501953125,0.3319927453994751,-0.6404195427894592,-0.7293196320533752
1789031871990505000,8.2265048828125,0.4008554518222809,-0.4387780725955963,-0.6596060395240784
1789031872000508000,8.2365078125,0.48833394050598145,-0.16493655741214752,-0.6600047945976257
1789031872010510800,8.2465107421875,0.5600632429122925,0.06142280995845795,-0.6861754059791565
1789031872020515000,8.25651513671875,0.5841853022575378,0.17101261019706726,-0.659552276134491
1789031872030517800,8.266517822265625,0.5690955519676208,0.20354339480400085,-0.5732067227363586
1789031872040521000,8.27652099609375,0.5306106209754944,0.3153292238712311,-0.504564106464386
1789031872050524000,8.28652392578125,0.5004093050956726,0.5633278489112854,-0.5416499376296997
1789031872060527900,8.29652783203125,0.5025613307952881,0.7467780709266663,-0.6976538300514221
1789031872070530800,8.30653076171875,0.49565067887306213,0.7139557003974915,-0.8313474655151367
1789031872080534000,8.316533935546875,0.45263105630874634,0.5694611072540283,-0.7996127605438232
1789031872090537000,8.326536865234376,0.3715745508670807,0.46249738335609436,-0.5726144909858704
1789031872100541000,8.336541015625,0.2678065896034241,0.41316550970077515,-0.2676556408405304
1789031872110544000,8.3465439453125,0.1805848777294159,0.3749270439147949,0.0030472269281744957
1789031872120546800,8.356546875,0.1123720109462738,0.25239595770835876,0.20446263253688812
1789031872130550000,8.366550048828126,0.07013214379549026,0.023745719343423843,0.36422672867774963
1789031872140554000,8.376553955078125,0.05916257202625275,-0.226017028093338,0.5266212821006775
1789031872150557000,8.386556884765625,0.05839638039469719,-0.34956052899360657,0.7044253349304199
1789031872160559900,8.396559814453125,0.05393720045685768,-0.3819446563720703,0.8175199031829834
1789031872170563800,8.406563720703126,0.05742434412240982,-0.41233399510383606,0.7808806300163269
1789031872180566800,8.41656689453125,0.051218364387750626,-0.4194539189338684,0.5941739678382874
1789031872190570000,8.426570068359375,0.01940930262207985,-0.35016512870788574,0.33535727858543396
1789031872200573000,8.436572998046875,-0.0322013683617115,-0.17437753081321716,0.09011497348546982
1789031872210577000,8.446576904296874,-0.0696355551481247,0.029923414811491966,-0.12539975345134735
1789031872220579800,8.456579833984375,-0.07263617217540741,0.17083273828029633,-0.339481383562088
1789031872230583000,8.4665830078125,-0.06775513291358948,0.2556336522102356,-0.5094070434570312
1789031872240585700,8.476585693359375,-0.04728713631629944,0.2835400104522705,-0.6207740306854248
1789031872250590000,8.48658984375,-0.03791733458638191,0.20564790070056915,-0.6720313429832458
1789031872260593000,8.496593017578125,-0.05447687953710556,0.08755762130022049,-0.6647883653640747
1789031872270595800,8.506595947265625,-0.05465850606560707,0.01462988369166851,-0.6177151203155518
1789031872280598800,8.516598876953125,-0.0158330537378788,-0.06502372026443481,-0.5763333439826965
1789031872290603000,8.52660302734375,0.0250275619328022,-0.1593342423439026,-0.5754299759864807
1789031872300606000,8.53660595703125,0.029387647286057472,-0.2603716254234314,-0.5753051042556763
1789031872310609000,8.54660888671875,0.005295627750456333,-0.33418992161750793,-0.5194817781448364
1789031872320611800,8.55661181640625,-0.0020919516682624817,-0.36469942331314087,-0.44453614950180054
1789031872330616000,8.566615966796874,0.03064016066491604,-0.38700899481773376,-0.39277735352516174
1789031872340618800,8.57661865234375,0.0965036079287529,-0.4054473340511322,-0.332939088344574
1789031872350622000,8.5866220703125,0.16435056924819946,-0.4455161988735199,-0.23309370875358582
1789031872360625000,8.596625,0.20218844711780548,-0.38603633642196655,-0.07149012386798859
1789031872370628900,8.60662890625,0.232225701212883,-0.2706277370452881,0.1151314228773117
1789031872380631800,8.6166318359375,0.24972420930862427,-0.15074148774147034,0.27343031764030457
1789031872390635000,8.626635009765625,0.2919318675994873,-0.054134778678417206,0.3879454433917999
1789031872400638700,8.636638671875,0.3325626254081726,0.017908761277794838,0.4506301283836365
1789031872410642000,8.646641845703124,0.3381888270378113,0.10447108000516891,0.4790678918361664
1789031872420645000,8.65664501953125,0.3136114478111267,0.19457794725894928,0.530791699886322
1789031872430647800,8.666647705078125,0.25754284858703613,0.258505254983902,0.6146498918533325
1789031872440651800,8.67665185546875,0.2059168964624405,0.3008054196834564,0.7043645977973938
1789031872450655000,8.686655029296874,0.19593510031700134,0.33460599184036255,0.7678303718566895
1789031872460658000,8.696657958984375,0.19901956617832184,0.3794574737548828,0.8175595998764038
1789031872470660900,8.706660888671875,0.1852014809846878,0.44487881660461426,0.8660615682601929
1789031872480664600,8.71666455078125,0.15612350404262543,0.5326260924339294,0.9098250269889832
1789031872490667500,8.72666748046875,0.10608668625354767,0.6367868185043335,0.9501431584358215
1789031872500670700,8.736670654296875,0.050362199544906616,0.7103489637374878,0.9865152835845947
1789031872510673400,8.74667333984375,-0.001329758670181036,0.6647175550460815,1.0267928838729858
1789031872520677600,8.756677734375,-0.015283164568245411,0.5254412293434143,1.0561772584915161
1789031872530680600,8.7666806640625,-0.011523313820362091,0.38453763723373413,1.0403239727020264
1789031872540683500,8.77668359375,-0.045809660106897354,0.2902534008026123,0.993341326713562
1789031872550686700,8.786686767578125,-0.1293727308511734,0.2311253696680069,0.9266480207443237
1789031872560690700,8.796690673828126,-0.22466620802879333,0.12666049599647522,0.8668139576911926
1789031872570693400,8.806693359375,-0.24784396588802338,-0.052969180047512054,0.8172866106033325
1789031872580696600,8.816696533203125,-0.20275315642356873,-0.2947976887226105,0.7993395328521729
1789031872590699800,8.82669970703125,-0.14479291439056396,-0.4989497661590576,0.7845020294189453
1789031872600703500,8.836703369140626,-0.09680115431547165,-0.5954350233078003,0.784527599811554
1789031872610706700,8.846706787109374,-0.07154560089111328,-0.5849277973175049,0.8430417776107788
1789031872620709600,8.856709716796875,-0.07056397944688797,-0.4792296588420868,0.9057570695877075
1789031872630712600,8.866712646484375,-0.059340089559555054,-0.3460545837879181,0.9395107626914978
1789031872640716500,8.876716552734376,-0.020272841677069664,-0.27681440114974976,0.9228947758674622
1789031872650719700,8.8867197265625,0.040025919675827026,-0.28742122650146484,0.8508530855178833
1789031872660722400,8.896722412109375,0.08873164653778076,-0.3467966914176941,0.7581250667572021
1789031872670725600,8.9067255859375,0.08019088953733444,-0.39713338017463684,0.6605638861656189
1789031872680729600,8.9167294921875,0.04676934704184532,-0.3885310888290405,0.5885615348815918
1789031872690732500,8.926732666015624,0.0077873291447758675,-0.3667445480823517,0.5457408428192139
1789031872700735500,8.936735595703125,-0.021843861788511276,-0.39941468834877014,0.5239471793174744
1789031872710739700,8.94673974609375,-0.029879150912165642,-0.48725348711013794,0.49645400047302246
1789031872720742400,8.956742431640626,-0.055876366794109344,-0.5688511729240417,0.45167267322540283
1789031872730745600,8.96674560546875,-0.10398424416780472,-0.5767056345939636,0.40936967730522156
1789031872740748500,8.97674853515625,-0.16092956066131592,-0.5344700813293457,0.3813585638999939
1789031872750752800,8.986752685546875,-0.1943940371274948,-0.5177821516990662,0.37093600630760193
1789031872760755500,8.99675537109375,-0.21306489408016205,-0.5206444263458252,0.3778223991394043
1789031872770758700,9.006758544921874,-0.22951045632362366,-0.5118551850318909,0.36968591809272766
1789031872780761600,9.01676171875,-0.25683584809303284,-0.48603031039237976,0.3308349549770355
1789031872790765600,9.026765625,-0.2725572884082794,-0.4366406798362732,0.27254873514175415
1789031872800768500,9.0367685546875,-0.28863048553466797,-0.38938072323799133,0.23982642590999603
1789031872810771500,9.046771484375,-0.29031839966773987,-0.3575176000595093,0.23118659853935242
1789031872820774700,9.056774658203125,-0.27262169122695923,-0.3916003704071045,0.23025529086589813
1789031872830778600,9.066778564453125,-0.23720510303974152,-0.4852379262447357,0.2125692367553711
1789031872840781600,9.076781494140626,-0.20321492850780487,-0.5883413553237915,0.18752329051494598
1789031872850784500,9.086784423828124,-0.18662849068641663,-0.6269398927688599,0.14340296387672424
1789031872860787700,9.09678759765625,-0.21344122290611267,-0.6040309071540833,0.11381100118160248
1789031872870791700,9.106791748046875,-0.24289178848266602,-0.5705363750457764,0.11094757169485092
1789031872880794600,9.116794677734376,-0.2461584359407425,-0.5538497567176819,0.11580279469490051
1789031872890797600,9.126797607421874,-0.2191031128168106,-0.5211445689201355,0.11069485545158386
1789031872900800500,9.136800537109375,-0.18176870048046112,-0.4232974946498871,0.0865047350525856
1789031872910804500,9.146804443359375,-0.15721195936203003,-0.21964475512504578,0.03746582567691803
1789031872920807700,9.1568076171875,-0.13600604236125946,-0.007599754258990288,-0.00484431441873312
1789031872930810400,9.166810302734374,-0.11926727741956711,0.10495102405548096,-0.010159717872738838
1789031872940813600,9.1768134765625,-0.09730231016874313,0.13787274062633514,0.02643875777721405
1789031872950817500,9.186817626953125,-0.0901743620634079,0.1563153862953186,0.061194077134132385
1789031872960820700,9.19682080078125,-0.08424989134073257,0.20315639674663544,0.07073192298412323
1789031872970823400,9.206823486328124,-0.07850705087184906,0.28827181458473206,0.05088844150304794
1789031872980826600,9.21682666015625,-0.07467076182365417,0.34566017985343933,0.032366953790187836
1789031872990830600,9.22683056640625,-0.06782164424657822,0.36668211221694946,0.026021704077720642
1789031873000833500,9.23683349609375,-0.04998039826750755,0.3683551847934723,0.01132218912243843
1789031873010836500,9.24683642578125,-0.03815436363220215,0.39868006110191345,-0.04355224594473839
1789031873020839400,9.25683935546875,-0.038009122014045715,0.4688582718372345,-0.1212197095155716
1789031873030843400,9.266843505859375,-0.033739540725946426,0.5525198578834534,-0.18605729937553406
1789031873040846600,9.2768466796875,-0.006638467311859131,0.6159991025924683,-0.21694006025791168
1789031873050849800,9.286849853515625,0.03091743029654026,0.6556583642959595,-0.2248387336730957
1789031873060852500,9.2968525390625,0.07071042060852051,0.6826701760292053,-0.24183692038059235
1789031873070856400,9.3068564453125,0.10308220982551575,0.6788991689682007,-0.27755895256996155
1789031873080859600,9.316859619140626,0.13415859639644623,0.6767746210098267,-0.33309701085090637
1789031873090862600,9.326862548828124,0.16123203933238983,0.6889103651046753,-0.40043556690216064
1789031873100865500,9.336865478515625,0.17849676311016083,0.7007955312728882,-0.466532826423645
1789031873110869800,9.346869873046876,0.18537624180316925,0.6753897666931152,-0.4886471927165985
1789031873120872400,9.35687255859375,0.19024048745632172,0.5904321074485779,-0.4484960436820984
1789031873130875600,9.366875732421875,0.1974714994430542,0.5227543115615845,-0.39339977502822876
1789031873140879600,9.376879638671875,0.2063518762588501,0.5341761112213135,-0.3883028030395508
1789031873150882600,9.386882568359376,0.20006388425827026,0.5770615339279175,-0.41662365198135376
1789031873160885500,9.396885498046874,0.18250323832035065,0.5650381445884705,-0.4367959797382355
1789031873170888700,9.406888671875,0.14040398597717285,0.48474034667015076,-0.4520801305770874
1789031873180892400,9.416892333984375,0.0837995782494545,0.36357027292251587,-0.45582082867622375
1789031873190895600,9.4268955078125,0.05049782246351242,0.2747266888618469,-0.47750961780548096
1789031873200898600,9.436898681640624,0.028985846787691116,0.26117751002311707,-0.5127568244934082
1789031873210901500,9.446901611328125,0.027531761676073074,0.2798002064228058,-0.5443105101585388
1789031873220905500,9.456905517578125,0.05655377358198166,0.2440924197435379,-0.5613184571266174
1789031873230908700,9.46690869140625,0.0654308944940567,0.16546551883220673,-0.5727668404579163
1789031873240911400,9.476911376953124,0.045858029276132584,0.08106646686792374,-0.5978503823280334
1789031873250914600,9.48691455078125,0.013389036990702152,-0.014920517802238464,-0.6057597398757935
1789031873260918500,9.49691845703125,-0.03426290675997734,-0.09483212977647781,-0.5776934623718262
1789031873270921500,9.50692138671875,-0.08722971379756927,-0.12825053930282593,-0.5364011526107788
1789031873280924700,9.516924560546874,-0.12141355872154236,-0.13573488593101501,-0.4935274124145508
1789031873290927600,9.526927734375,-0.12461414188146591,-0.14866451919078827,-0.4630264937877655
1789031873300931300,9.536931396484375,-0.09426959604024887,-0.18990421295166016,-0.4601885676383972
1789031873310934500,9.5469345703125,-0.05943518504500389,-0.22920502722263336,-0.4622676968574524
1789031873320937700,9.556937744140624,-0.008444900624454021,-0.22384847700595856,-0.47628718614578247
1789031873330940400,9.5669404296875,0.05230792611837387,-0.17959900200366974,-0.47861453890800476
1789031873340944600,9.576944580078125,0.1206018477678299,-0.13781900703907013,-0.46273285150527954
1789031873350947600,9.586947509765626,0.19402119517326355,-0.1084643080830574,-0.45162588357925415
1789031873360950500,9.596950439453124,0.23520590364933014,-0.11241254210472107,-0.4822540581226349
1789031873370953500,9.606953369140625,0.23152461647987366,-0.14566822350025177,-0.5571778416633606
1789031873380957700,9.616957763671875,0.18940483033657074,-0.1628415584564209,-0.658024251461029
1789031873390960400,9.62696044921875,0.14614364504814148,-0.18185199797153473,-0.7380155324935913
1789031873400963600,9.636963623046874,0.14464367926120758,-0.24762576818466187,-0.7703206539154053
1789031873410966500,9.646966552734375,0.18655037879943848,-0.37113359570503235,-0.7360835671424866
1789031873420970800,9.656970703125,0.19801263511180878,-0.4047829210758209,-0.6906679272651672
1789031873430973400,9.666973388671876,0.2257729023694992,-0.28611114621162415,-0.6901054382324219
1789031873440976600,9.6769765625,0.26681196689605713,-0.14939239621162415,-0.686718225479126
1789031873450979600,9.6869794921875,0.3199353814125061,-0.06985973566770554,-0.583538293838501
1789031873460983600,9.696983642578125,0.3287118375301361,0.04289564490318298,-0.3812014162540436
1789031873470986500,9.706986572265626,0.3317691385746002,0.22516770660877228,-0.17240960896015167
1789031873480989400,9.716989501953124,0.348923921585083,0.4279547333717346,-0.047145720571279526
1789031873490992400,9.726992431640625,0.2981441020965576,0.5083608627319336,-0.010724330320954323
1789031873500996400,9.736996337890625,0.18390826880931854,0.4071709215641022,-0.004444274585694075
1789031873510999300,9.746999267578126,0.1105903908610344,0.2802603840827942,0.015804538503289223
1789031873521002200,9.757002197265624,0.0620918907225132,0.25931525230407715,0.0638367161154747
1789031873531005400,9.76700537109375,0.0656203106045723,0.2903594374656677,0.11393077671527863
1789031873541009200,9.777009033203125,0.10593925416469574,0.1989205777645111,0.12358871847391129
1789031873551012400,9.787012451171876,0.09258882701396942,-0.001425833674147725,0.1272801160812378
1789031873561015300,9.797015380859374,0.04333701357245445,-0.16437917947769165,0.1834212690591812
1789031873571018200,9.807018310546875,0.012939426116645336,-0.20404057204723358,0.2808804512023926
1789031873581022200,9.817022216796875,0.03590824827551842,-0.17120197415351868,0.34355810284614563
1789031873591025400,9.827025390625,0.09348445385694504,-0.15874822437763214,0.2829863429069519
1789031873601028000,9.837028076171874,0.11506824940443039,-0.1920466125011444,0.08158566057682037
1789031873611031300,9.84703125,0.11742381751537323,-0.18144536018371582,-0.12812335789203644
1789031873621035300,9.85703515625,0.13512133061885834,-0.09869778156280518,-0.2023315578699112
1789031873631038200,9.8670380859375,0.18063795566558838,0.01657767966389656,-0.18823544681072235
1789031873641041200,9.877041259765624,0.23990927636623383,0.10787168145179749,-0.2479107677936554
1789031873651044400,9.88704443359375,0.27952566742897034,0.060276202857494354,-0.42235422134399414
1789031873661048000,9.897048095703125,0.26680001616477966,-0.06670929491519928,-0.5857069492340088
1789031873671051300,9.90705126953125,0.24112606048583984,-0.15023508667945862,-0.6073848009109497
1789031873681054500,9.917054443359374,0.2272946536540985,-0.19174940884113312,-0.5009336471557617
1789031873691057200,9.92705712890625,0.2104988992214203,-0.23100440204143524,-0.36892610788345337
1789031873701061400,9.937061279296875,0.2153128683567047,-0.2435300052165985,-0.31184637546539307
1789031873711064300,9.947064208984376,0.23063164949417114,-0.24157418310642242,-0.2976323068141937
1789031873721067300,9.9570673828125,0.2272922545671463,-0.24574366211891174,-0.23089554905891418
1789031873731070200,9.9670703125,0.218403160572052,-0.2651061713695526,-0.07216688990592957
1789031873741074400,9.977074462890625,0.18625350296497345,-0.2829335629940033,0.15161852538585663
1789031873751077000,9.9870771484375,0.1580016165971756,-0.24583597481250763,0.322457879781723
1789031873761080300,9.997080322265624,0.1422324925661087,-0.16233892738819122,0.39869117736816406
1789031873771083300,10.007083251953125,0.1491156965494156,-0.0740165188908577,0.4116988480091095
1789031873781087200,10.017087158203125,0.18873529136180878,0.03142545372247696,0.43294259905815125
1789031873791090200,10.027090087890626,0.19228129088878632,0.12282594293355942,0.5145631432533264
1789031873801093400,10.03709326171875,0.1817469298839569,0.20395025610923767,0.6247394680976868
1789031873811096000,10.047095947265625,0.16888545453548431,0.2939895987510681,0.7225789427757263
1789031873821100300,10.057100341796875,0.14390821754932404,0.375038206577301,0.7772613167762756
1789031873831103200,10.067103271484376,0.15547965466976166,0.4756156802177429,0.7981863021850586
1789031873841106200,10.077106201171874,0.16222912073135376,0.573866069316864,0.8212788701057434
1789031873851109400,10.087109375,0.16656528413295746,0.6690014004707336,0.8571383357048035
1789031873861113300,10.09711328125,0.1414598971605301,0.6946433186531067,0.9138796925544739
1789031873871116300,10.1071162109375,0.09169207513332367,0.5926554799079895,0.9696891903877258
1789031873881119200,10.117119140625,0.050424329936504364,0.39843109250068665,0.9863980412483215
1789031873891122400,10.127122314453125,0.014038623310625553,0.19761542975902557,0.9591531157493591
1789031873901126400,10.13712646484375,-0.03972799703478813,0.056985996663570404,0.8969891667366028
1789031873911129300,10.14712939453125,-0.11216064542531967,-0.02716216817498207,0.845867931842804
1789031873921132300,10.15713232421875,-0.17961712181568146,-0.11452271044254303,0.8150566220283508
1789031873931135200,10.16713525390625,-0.22020848095417023,-0.22019508481025696,0.8294810652732849
1789031873941139200,10.17713916015625,-0.2420610636472702,-0.3228311538696289,0.8694421648979187
1789031873951142400,10.187142333984376,-0.27899831533432007,-0.3982417583465576,0.9101528525352478
1789031873961145000,10.19714501953125,-0.3228917121887207,-0.4389534890651703,0.9328879714012146
1789031873971148300,10.207148193359375,-0.3572970926761627,-0.4663851261138916,0.9265751838684082
1789031873981152300,10.21715234375,-0.3677777647972107,-0.49621665477752686,0.8921706080436707
1789031873991155500,10.227155517578124,-0.36754900217056274,-0.5604217052459717,0.8241915702819824
1789031874001158100,10.237158203125,-0.3596148192882538,-0.6496132612228394,0.7411613464355469
1789031874011161300,10.247161376953125,-0.34229975938796997,-0.7601016759872437,0.6495118737220764
1789031874021165300,10.257165283203125,-0.3337174654006958,-0.884103000164032,0.5875497460365295
1789031874031168300,10.267168212890626,-0.31368809938430786,-0.9932327270507812,0.5572517514228821
1789031874041171200,10.277171142578124,-0.287963330745697,-1.1034698486328125,0.5460084080696106
1789031874051174100,10.287174072265625,-0.2528628706932068,-1.1982368230819702,0.541721522808075
1789031874061178000,10.29717822265625,-0.226936474442482,-1.250967264175415,0.5407606959342957
1789031874071181300,10.307181396484374,-0.21888121962547302,-1.2279162406921387,0.5229701995849609
1789031874081184500,10.3171845703125,-0.22416187822818756,-1.137230634689331,0.5028672218322754
1789031874091187200,10.327187255859375,-0.22054584324359894,-1.0072863101959229,0.46935245394706726
1789031874101191200,10.337191162109375,-0.1982869803905487,-0.8775777816772461,0.41322988271713257
1789031874111194400,10.3471943359375,-0.16224108636379242,-0.7483670711517334,0.3427048325538635
1789031874121197300,10.357197265625,-0.1265355497598648,-0.6184769868850708,0.2614313066005707
1789031874131200300,10.3672001953125,-0.0983574390411377,-0.5012070536613464,0.1782570481300354
1789031874141204500,10.37720458984375,-0.09061513841152191,-0.39517682790756226,0.10803963243961334
1789031874151207200,10.387207275390624,-0.09829781949520111,-0.277631551027298,0.08347756415605545
1789031874161210400,10.39721044921875,-0.11987685412168503,-0.23605972528457642,0.07114603370428085
1789031874171213300,10.40721337890625,-0.14648370444774628,-0.2560989558696747,0.03477950766682625
1789031874181217300,10.41721728515625,-0.17029902338981628,-0.26883649826049805,-0.012558696791529655
1789031874191220200,10.42722021484375,-0.17365701496601105,-0.2646380066871643,-0.051838457584381104
1789031874201223400,10.437223388671875,-0.16692231595516205,-0.23186597228050232,-0.07409697771072388
1789031874211226000,10.44722607421875,-0.14405934512615204,-0.12771905958652496,-0.08313041925430298
1789031874221230300,10.457230224609376,-0.12635654211044312,-0.0010039724875241518,-0.08910281211137772
1789031874231233300,10.4672333984375,-0.12789477407932281,0.039479006081819534,-0.08910626918077469
1789031874241236200,10.477236328125,-0.13691526651382446,-0.015738731250166893,-0.06920889765024185
1789031874251239400,10.487239501953125,-0.14589305222034454,-0.08162187784910202,-0.03171399235725403
1789031874261243400,10.497243408203126,-0.1638387143611908,-0.07569995522499084,-0.01237575989216566
1789031874271246000,10.50724609375,-0.16873201727867126,0.011461038142442703,-0.015386196784675121
1789031874281249300,10.517249267578125,-0.15060122311115265,0.11929945647716522,-0.02155459299683571
1789031874291252500,10.52725244140625,-0.11859295517206192,0.19815164804458618,-0.044397853314876556
1789031874301256200,10.537256103515626,-0.09504230320453644,0.23295140266418457,-0.09761719405651093
1789031874311259400,10.54725927734375,-0.08634574711322784,0.2842724025249481,-0.1510138362646103
1789031874321262300,10.557262451171875,-0.07258924096822739,0.3493804633617401,-0.18800882995128632
1789031874331265300,10.567265380859375,-0.06336724758148193,0.4246951937675476,-0.22456391155719757
1789031874341269200,10.577269287109376,-0.048493221402168274,0.5087586641311646,-0.2670629024505615
1789031874351272400,10.5872724609375,-0.03664775192737579,0.5929862260818481,-0.2859761416912079
1789031874361275100,10.597275146484375,0.0002687226515263319,0.6277276277542114,-0.278602659702301
1789031874371278300,10.6072783203125,0.03932370990514755,0.599658191204071,-0.25987717509269714
1789031874381282300,10.6172822265625,0.06117229536175728,0.5577976703643799,-0.2499302625656128
1789031874391285200,10.62728515625,0.05114629492163658,0.5109574794769287,-0.24809879064559937
1789031874401288200,10.6372880859375,0.03181416168808937,0.484371542930603,-0.25093695521354675
1789031874411291400,10.64729150390625,0.013849272392690182,0.4954172968864441,-0.2446068823337555
1789031874421294300,10.65729443359375,0.015804819762706757,0.5607989430427551,-0.22841298580169678
1789031874431298300,10.66729833984375,0.022424640133976936,0.6710585951805115,-0.2307874709367752
1789031874441301200,10.67730126953125,0.026522496715188026,0.7933140397071838,-0.2565445303916931
1789031874451304200,10.68730419921875,0.024949898943305016,0.8726213574409485,-0.28453436493873596
1789031874461307400,10.697307373046876,0.029563510790467262,0.8845096230506897,-0.29509881138801575
1789031874471311400,10.707311279296874,0.03149217367172241,0.8319470882415771,-0.28713327646255493
1789031874481314300,10.717314208984375,0.03877193480730057,0.7318135499954224,-0.2693790793418884
1789031874491317800,10.72731787109375,0.04684530571103096,0.6226407289505005,-0.25878769159317017
1789031874501321000,10.737321044921876,0.05304728448390961,0.5484960675239563,-0.272849977016449
1789031874511325000,10.747324951171874,0.05753817409276962,0.5469972491264343,-0.312369167804718
1789031874521327600,10.75732763671875,0.07817767560482025,0.6080414652824402,-0.3611295223236084
1789031874531330800,10.767330810546875,0.07689323276281357,0.6839743256568909,-0.41316527128219604
1789031874541334000,10.777333984375,0.06824805587530136,0.7063814997673035,-0.4540671408176422
1789031874551337700,10.787337646484374,0.04807780310511589,0.6656486988067627,-0.4813868999481201
1789031874561341000,10.7973408203125,0.018091624602675438,0.5748441219329834,-0.4832178056240082
1789031874571344000,10.80734375,-0.013752857223153114,0.4663507044315338,-0.47596922516822815
1789031874581346800,10.817346923828126,-0.026742873713374138,0.3282092809677124,-0.453997939825058
1789031874591350800,10.827350830078124,-0.02867233380675316,0.18931852281093597,-0.43170806765556335
1789031874601354000,10.83735400390625,-0.024115655571222305,0.10017404705286026,-0.44834861159324646
1789031874611356700,10.847356689453125,-0.01854032650589943,0.07734649628400803,-0.5038959980010986
1789031874621359900,10.85735986328125,-0.010683990083634853,0.06134520098567009,-0.5582093000411987
1789031874631363800,10.86736376953125,0.01478941272944212,0.013494588434696198,-0.5981122851371765
1789031874641366800,10.87736669921875,0.02399379014968872,-0.05718204006552696,-0.6239011883735657
1789031874651369700,10.88736962890625,0.045984309166669846,-0.1232374906539917,-0.6337090730667114
1789031874661373000,10.897373046875,0.08321346342563629,-0.12523344159126282,-0.6667395234107971
1789031874671376600,10.907376708984375,0.11493436992168427,-0.09991263598203659,-0.7101138830184937
1789031874681379800,10.9173798828125,0.15900994837284088,-0.08795729279518127,-0.7489033937454224
1789031874691382800,10.9273828125,0.15532147884368896,-0.10902662575244904,-0.7659814357757568
1789031874701385700,10.9373857421875,0.17245355248451233,-0.12836404144763947,-0.774288535118103
1789031874711389700,10.9473896484375,0.16508832573890686,-0.1860547661781311,-0.7692453265190125
1789031874721393000,10.957392822265625,0.12757878005504608,-0.2374022901058197,-0.7606590986251831
1789031874731395800,10.967395751953125,0.11445552110671997,-0.25518181920051575,-0.8041314482688904
1789031874741398800,10.977398681640626,0.15116603672504425,-0.2689392864704132,-0.8717247843742371
1789031874751402800,10.98740283203125,0.17890578508377075,-0.2945658266544342,-0.9173436760902405
1789031874761405700,10.99740576171875,0.18355178833007812,-0.30193617939949036,-0.8991871476173401
1789031874771409000,11.007408935546875,0.19600632786750793,-0.23816093802452087,-0.8212444186210632
1789031874781411800,11.017411865234376,0.2670895755290985,-0.09362486749887466,-0.7482415437698364
1789031874791414800,11.027414794921874,0.33835095167160034,0.10140641033649445,-0.7073341012001038
1789031874801418800,11.037418701171875,0.362611323595047,0.2639833390712738,-0.6483248472213745
1789031874811422000,11.047421875,0.3695051670074463,0.32593804597854614,-0.4898800849914551
1789031874821424600,11.057424560546876,0.3637048006057739,0.3879971206188202,-0.2715005874633789
1789031874831427800,11.067427734375,0.3310062289237976,0.5085861086845398,-0.14100249111652374
1789031874841431800,11.077431884765625,0.27311307191848755,0.5965721011161804,-0.12707439064979553
1789031874851434800,11.087434814453125,0.22483767569065094,0.5390148162841797,-0.14631305634975433
1789031874861437700,11.097437744140626,0.20550747215747833,0.3817230761051178,-0.13091500103473663
1789031874871441000,11.10744091796875,0.20503103733062744,0.24600359797477722,-0.06189945712685585
1789031874881444900,11.11744482421875,0.20704858005046844,0.15692436695098877,0.04865933209657669
1789031874891447800,11.12744775390625,0.2050783783197403,0.12819631397724152,0.12616877257823944
1789031874901450800,11.13745068359375,0.17139527201652527,0.10103759914636612,0.13149160146713257
1789031874911453700,11.14745361328125,0.1249188482761383,0.029551703482866287,0.13774070143699646
1789031874921457700,11.157457763671875,0.0891890823841095,-0.0358218289911747,0.1992698609828949
1789031874931460900,11.1674609375,0.08227817714214325,-0.05666586011648178,0.2524068355560303
1789031874941463800,11.1774638671875,0.07956172525882721,-0.11014162003993988,0.2569475769996643
1789031874951466800,11.187466796875,0.0562867596745491,-0.21143920719623566,0.24705711007118225
1789031874961470700,11.197470703125,0.016842765733599663,-0.29552099108695984,0.23374095559120178
1789031874971474000,11.207473876953125,-0.026846924796700478,-0.2983039915561676,0.24321621656417847
1789031874981476900,11.217476806640626,-0.03682158887386322,-0.20919540524482727,0.2413744330406189
1789031874991479800,11.227479736328124,-0.0009291012538596988,-0.13186174631118774,0.12471067160367966
1789031875001484000,11.237484130859375,0.06487621366977692,-0.1658657342195511,-0.1591430902481079
1789031875011486700,11.24748681640625,0.11529997736215591,-0.23987923562526703,-0.4131133258342743
1789031875021490000,11.257489990234374,0.16551871597766876,-0.2376728355884552,-0.4669981598854065
1789031875031492600,11.26749267578125,0.24647589027881622,-0.21638165414333344,-0.502517580986023
1789031875041496800,11.277496826171875,0.28725719451904297,-0.2889004647731781,-0.5469896793365479
1789031875051499800,11.287499755859375,0.2822677493095398,-0.3488263785839081,-0.5818672180175781
1789031875061503000,11.2975029296875,0.25968411564826965,-0.3333815932273865,-0.5730130076408386
1789031875071505700,11.307505615234374,0.25465127825737,-0.22713051736354828,-0.4925040602684021
1789031875081510000,11.317510009765625,0.3013271391391754,-0.08931264281272888,-0.42002397775650024
1789031875091512800,11.327512939453126,0.36574313044548035,-0.05623618885874748,-0.3920786380767822
1789031875101515800,11.337515869140624,0.41649550199508667,-0.10168938338756561,-0.32465028762817383
1789031875111519000,11.34751904296875,0.41761934757232666,-0.03801693022251129,-0.1596331000328064
1789031875121521700,11.357521728515625,0.38797229528427124,0.160355806350708,0.09531816840171814
1789031875131525600,11.367525634765625,0.33263900876045227,0.4249421954154968,0.36911723017692566
1789031875141528800,11.37752880859375,0.2743006646633148,0.646067202091217,0.6206284761428833
1789031875151532000,11.387531982421875,0.2060137540102005,0.7529374361038208,0.8050904870033264
1789031875161534700,11.39753466796875,0.10607274621725082,0.6921665668487549,0.9105889797210693
1789031875171539000,11.4075390625,0.020438803359866142,0.5438114404678345,0.9373007416725159
1789031875181542000,11.4175419921875,-0.03435898199677467,0.37326037883758545,0.9289901256561279
1789031875191544800,11.427544921875,-0.034058310091495514,0.25539660453796387,0.9038820862770081
1789031875201547800,11.4375478515625,-0.01690332405269146,0.203700989484787,0.8698964715003967
1789031875211552000,11.447552001953126,-0.03729381412267685,0.17591622471809387,0.8708475232124329
1789031875221554700,11.4575546875,-0.06864479184150696,0.15433870255947113,0.913375973701477
1789031875231558000,11.467557861328125,-0.09390273690223694,0.09795451909303665,0.9607251286506653
1789031875241560800,11.477560791015625,-0.12920716404914856,-0.015218045562505722,0.9726084470748901
1789031875251564800,11.487564697265626,-0.15086105465888977,-0.15337590873241425,0.9636519551277161
1789031875261567700,11.497567626953124,-0.15093699097633362,-0.2884986996650696,0.9527990221977234
1789031875271571000,11.507571044921875,-0.17592622339725494,-0.40570682287216187,0.9742894172668457
1789031875281574000,11.517573974609375,-0.2083694040775299,-0.4252683222293854,1.0257593393325806
1789031875291577900,11.527577880859376,-0.23105314373970032,-0.34444859623908997,1.0631122589111328
1789031875301580800,11.537580810546874,-0.2381017506122589,-0.21978165209293365,1.0866245031356812
1789031875311583700,11.547583740234375,-0.21828170120716095,-0.1416761875152588,1.0814659595489502
1789031875321587000,11.5575869140625,-0.15838557481765747,-0.1457214206457138,1.02322256565094
1789031875331590000,11.56758984375,-0.09400471299886703,-0.20309416949748993,0.9160266518592834
1789031875341593900,11.57759375,-0.04321606829762459,-0.2647043466567993,0.7620766758918762
1789031875351596800,11.5875966796875,-0.01227439846843481,-0.3276452422142029,0.6097111105918884
1789031875361600000,11.59760009765625,-0.004118510987609625,-0.3755626678466797,0.5080711245536804
1789031875371602700,11.607602783203125,-0.021522268652915955,-0.3869974613189697,0.4811955392360687
1789031875381607000,11.61760693359375,-0.061887480318546295,-0.40357348322868347,0.4983294904232025
1789031875391609900,11.62760986328125,-0.09546114504337311,-0.4745917320251465,0.5147380232810974
1789031875401612800,11.63761279296875,-0.11915666610002518,-0.5963653922080994,0.5005921125411987
1789031875411615700,11.64761572265625,-0.12506701052188873,-0.7221795320510864,0.48410531878471375
1789031875421620000,11.657619873046874,-0.14281831681728363,-0.7889623641967773,0.47227317094802856
1789031875431622700,11.66762255859375,-0.18954773247241974,-0.7594673037528992,0.4627121388912201
1789031875441625900,11.6776259765625,-0.24441681802272797,-0.6560578942298889,0.43582165241241455
1789031875451628800,11.68762890625,-0.2676214873790741,-0.56229567527771,0.3866857886314392
1789031875461632800,11.6976328125,-0.2493351697921753,-0.5468189120292664,0.3346625566482544
1789031875471635700,11.7076357421875,-0.1999409943819046,-0.5730435848236084,0.29443472623825073
1789031875481639000,11.717638916015625,-0.14788715541362762,-0.5894356369972229,0.23324543237686157
1789031875491641900,11.727641845703126,-0.1073082983493805,-0.5483603477478027,0.1563841998577118
1789031875501645600,11.7376455078125,-0.08418291807174683,-0.40979450941085815,0.08971055597066879
1789031875511648800,11.747648681640625,-0.07606400549411774,-0.27642473578453064,0.02850925177335739
1789031875521651700,11.757651611328125,-0.08150278776884079,-0.19570167362689972,-0.01345570757985115
1789031875531654700,11.767654541015625,-0.08062607795000076,-0.180813267827034,-0.014344669878482819
1789031875541657600,11.77765771484375,-0.1002010703086853,-0.1667732149362564,0.01345390360802412
1789031875551661800,11.787661865234375,-0.1600063592195511,-0.12928256392478943,0.0368385873734951
1789031875561664500,11.79766455078125,-0.2012738734483719,-0.10378004610538483,0.043302856385707855
1789031875571667700,11.807667724609376,-0.20043684542179108,-0.14866416156291962,0.04804488271474838
1789031875581670700,11.817670654296874,-0.1529202163219452,-0.2286570817232132,0.04918127506971359
1789031875591674600,11.827674560546875,-0.10235530138015747,-0.2868969738483429,0.044193707406520844
1789031875601677600,11.837677490234375,-0.09424059092998505,-0.30282357335090637,0.019672058522701263
1789031875611680800,11.8476806640625,-0.1459471881389618,-0.3073549270629883,-0.012290667742490768
1789031875621683700,11.85768359375,-0.17989350855350494,-0.30343613028526306,-0.033777784556150436
1789031875631687700,11.867687744140625,-0.16743497550487518,-0.26441147923469543,-0.029073573648929596
1789031875641690600,11.877690673828125,-0.14330147206783295,-0.17740629613399506,-0.00640789233148098
1789031875651693600,11.887693603515626,-0.11178296059370041,-0.04237498342990875,0.027398541569709778
1789031875661696800,11.89769677734375,-0.08113763481378555,0.15474455058574677,0.0511954203248024
1789031875671700700,11.90770068359375,-0.06696295738220215,0.40575122833251953,0.04938393831253052
1789031875681703700,11.91770361328125,-0.05210726335644722,0.6347138285636902,0.03189864754676819
1789031875691706600,11.92770654296875,-0.018824676051735878,0.7213067412376404,-0.006242613308131695
1789031875701709800,11.937709716796874,0.015617158263921738,0.6211958527565002,-0.03926045820116997
1789031875711713500,11.947713623046875,0.03247390314936638,0.43062829971313477,-0.06884337961673737
1789031875721716700,11.957716796875,0.05088274925947189,0.3593962490558624,-0.10157417505979538
1789031875731719700,11.9677197265625,0.08282683044672012,0.4762813448905945,-0.13173474371433258
1789031875741722600,11.97772265625,0.1399896889925003,0.6721924543380737,-0.164885476231575
1789031875751725600,11.9877255859375,0.19423907995224,0.8359605669975281,-0.20224323868751526
1789031875761729800,11.997729736328125,0.21601706743240356,0.8808003067970276,-0.23109830915927887
1789031875771732500,12.007732421875,0.1964167356491089,0.7987760305404663,-0.25184139609336853
1789031875781735700,12.017735595703124,0.16109101474285126,0.6695911884307861,-0.26664650440216064
1789031875791738600,12.027738525390625,0.11909590661525726,0.5684365630149841,-0.2913212180137634
1789031875801742600,12.03774267578125,0.0850004032254219,0.5182269811630249,-0.32146623730659485
1789031875811745500,12.04774560546875,0.05743402615189552,0.4793248474597931,-0.3347274363040924
1789031875821748700,12.057748779296874,0.05404319241642952,0.42577826976776123,-0.34024596214294434
1789031875831751700,12.067751708984375,0.0736299455165863,0.3707038164138794,-0.3425040543079376
1789031875841755600,12.077755615234375,0.09363369643688202,0.3711310923099518,-0.38428205251693726
1789031875851758600,12.087758544921876,0.09396179765462875,0.4415605068206787,-0.4773363769054413
1789031875861761500,12.097761474609374,0.09258569777011871,0.5215138792991638,-0.5923182964324951
1789031875871764700,12.1077646484375,0.0821322575211525,0.5287659168243408,-0.6431489586830139
1789031875881768700,12.117768798828125,0.056632451713085175,0.4617618918418884,-0.6105747818946838
1789031875891771600,12.127771728515626,0.031067702919244766,0.33288031816482544,-0.5225943326950073
1789031875901774600,12.137774658203124,-0.012544470839202404,0.19538842141628265,-0.43843284249305725
1789031875911777800,12.14777783203125,-0.031161563470959663,0.07650090754032135,-0.41247740387916565
1789031875921780500,12.157780517578125,-0.05117945745587349,0.04344424977898598,-0.45455166697502136
1789031875931784700,12.16778466796875,-0.036290787160396576,0.09604274481534958,-0.5521125197410583
1789031875941787600,12.17778759765625,0.011647782288491726,0.1511763036251068,-0.6380022764205933
1789031875951790600,12.18779052734375,0.11655528843402863,0.13211074471473694,-0.6636847257614136
1789031875961793500,12.19779345703125,0.22897286713123322,0.08527813851833344,-0.6497741937637329
1789031875971797800,12.2077978515625,0.317472368478775,0.09263565391302109,-0.6694546937942505
1789031875981800400,12.217800537109374,0.39972779154777527,0.17157350480556488,-0.7422543168067932
1789031875991803600,12.2278037109375,0.4581975042819977,0.2967141270637512,-0.8349107503890991
1789031876001806800,12.237806884765625,0.49028676748275757,0.36979353427886963,-0.8587992787361145
1789031876011810600,12.247810546875,0.48726698756217957,0.3868332505226135,-0.8647639751434326
1789031876021813500,12.2578134765625,0.42905351519584656,0.41628122329711914,-0.8954441547393799
1789031876031816700,12.267816650390625,0.3112504482269287,0.4646812379360199,-0.9352389574050903
1789031876041819600,12.277819580078125,0.22619470953941345,0.5015042424201965,-0.9957268238067627
1789031876051822600,12.287822509765626,0.19677290320396423,0.44690537452697754,-1.0367506742477417
1789031876061826800,12.297826904296874,0.15416042506694794,0.31582197546958923,-1.0485191345214844
1789031876071829500,12.30782958984375,0.12037662416696548,0.2113131284713745,-1.0334131717681885
1789031876081832700,12.317832763671875,0.1263279914855957,0.15627524256706238,-0.9649544954299927
1789031876091835600,12.327835693359376,0.15736021101474762,0.15578629076480865,-0.8623983263969421
1789031876101839600,12.337839599609374,0.1556863933801651,0.14825110137462616,-0.6663028001785278
1789031876111842600,12.347842529296875,0.13784348964691162,0.1080501526594162,-0.3648894429206848
1789031876121845800,12.357845703125,0.1210826188325882,0.10226470232009888,-0.03883437067270279
1789031876131848400,12.367848388671876,0.09646648913621902,0.14706626534461975,0.19415920972824097
1789031876141852700,12.377852783203124,0.05931564420461655,0.1622329205274582,0.2737307548522949
1789031876151855600,12.387855712890625,0.01357878278940916,0.11402464658021927,0.2683684825897217
1789031876161858600,12.397858642578125,-0.023798691108822823,0.07137506455183029,0.29777029156684875
1789031876171861800,12.40786181640625,0.006120858248323202,0.10609922558069229,0.34272047877311707
1789031876181865700,12.41786572265625,0.072539322078228,0.177836611866951,0.34085702896118164
1789031876191868400,12.427868408203125,0.1379161924123764,0.18137621879577637,0.2560041844844818
1789031876201871600,12.43787158203125,0.17142325639724731,0.09658937156200409,0.16207613050937653
1789031876211874800,12.447874755859376,0.15663285553455353,0.03207962214946747,0.16643360257148743
1789031876221877500,12.45787744140625,0.15241020917892456,0.04514390602707863,0.24060523509979248
1789031876231881700,12.4678818359375,0.1713055968284607,0.097170889377594,0.24559973180294037
1789031876241884700,12.477884765625,0.20800980925559998,0.12586446106433868,0.1062421053647995
1789031876251887600,12.4878876953125,0.2239011526107788,0.10213756561279297,-0.07321606576442719
1789031876261890600,12.497890625,0.2202228158712387,0.09407622367143631,-0.14906451106071472
1789031876271894800,12.507894775390625,0.18411646783351898,0.09533669799566269,-0.09545373916625977
1789031876281897500,12.5178974609375,0.14966078102588654,0.0644737035036087,0.003968715202063322
1789031876291900700,12.527900634765626,0.11782774329185486,-0.00030262430664151907,0.06429331004619598
1789031876301903600,12.537903564453124,0.07976927608251572,-0.09563014656305313,0.023622874170541763
1789031876311907800,12.547907958984375,0.036194633692502975,-0.1745625138282776,-0.07309328019618988
1789031876321910500,12.55791064453125,0.016135508194565773,-0.16993972659111023,-0.15801408886909485
1789031876331913700,12.567913818359376,0.012583917006850243,-0.11609406769275665,-0.2576293647289276
1789031876341916700,12.577916748046874,0.03560764342546463,-0.09873861074447632,-0.3236282765865326
1789031876351919600,12.587919677734375,0.12084983289241791,-0.12708556652069092,-0.3417913019657135
1789031876361923600,12.597923583984375,0.21431639790534973,-0.20128093659877777,-0.40064793825149536
1789031876371926500,12.607926513671876,0.26126739382743835,-0.33145785331726074,-0.44900989532470703
1789031876381929700,12.6179296875,0.2886311113834381,-0.42764005064964294,-0.42049434781074524
1789031876391932700,12.6279326171875,0.2972658574581146,-0.40455764532089233,-0.35488659143447876
1789031876401937000,12.63793701171875,0.29869362711906433,-0.2617214322090149,-0.24633775651454926
1789031876411939600,12.647939697265626,0.3209512531757355,-0.08629688620567322,-0.1232408657670021
1789031876421942800,12.65794287109375,0.34688800573349,0.10479427874088287,0.015256845392286777
1789031876431945500,12.667945556640625,0.3808648884296417,0.2242644876241684,0.13526074588298798
1789031876441949700,12.67794970703125,0.4230062663555145,0.3224523961544037,0.20538228750228882
1789031876451952600,12.68795263671875,0.4489994943141937,0.43434375524520874,0.25127947330474854
1789031876461955600,12.69795556640625,0.4020194113254547,0.48852628469467163,0.3614606261253357
1789031876471958500,12.70795849609375,0.33729955554008484,0.4622991979122162,0.5314408540725708
1789031876481961700,12.717961669921875,0.24198640882968903,0.38876867294311523,0.698868989944458
1789031876491966500,12.727966552734374,0.11992868036031723,0.3134198486804962,0.8070401549339294
1789031876501969400,12.737969482421875,0.031844016164541245,0.2681657075881958,0.8425689339637756
1789031876511972400,12.747972412109375,-0.0019280610140413046,0.2254837602376938,0.8252155184745789
1789031876521975600,12.7579755859375,-0.04065029323101044,0.1812542825937271,0.8048387169837952
1789031876531979500,12.7679794921875,-0.12246952205896378,0.07708793878555298,0.8372145295143127
1789031876541982500,12.777982421875,-0.20371194183826447,-0.08948549628257751,0.9243271350860596
1789031876551985400,12.7879853515625,-0.26526427268981934,-0.3035314679145813,1.0097192525863647
1789031876561988400,12.79798828125,-0.3015809953212738,-0.4634586572647095,1.0669535398483276
1789031876571992300,12.807992431640624,-0.30071333050727844,-0.5103114247322083,1.095628261566162
1789031876581995500,12.81799560546875,-0.29265886545181274,-0.46412381529808044,1.0955334901809692
1789031876591998500,12.82799853515625,-0.3471175730228424,-0.43700751662254333,1.0868643522262573
1789031876602001400,12.83800146484375,-0.42863231897354126,-0.4912799596786499,1.082659125328064
1789031876612004600,12.848004638671876,-0.508168637752533,-0.5870088934898376,1.063896656036377
1789031876622008600,12.858008544921875,-0.5511781573295593,-0.6972633600234985,0.9898260235786438
1789031876632011500,12.868011474609375,-0.5447921752929688,-0.8209368586540222,0.8902336359024048
1789031876642014500,12.878014404296875,-0.5045985579490662,-0.9685953259468079,0.8170693516731262
1789031876652017400,12.888017333984376,-0.4572816789150238,-1.0814214944839478,0.7789915204048157
1789031876662021400,12.898021484375,-0.4226382076740265,-1.1165406703948975,0.7497566342353821
1789031876672024600,12.908024658203125,-0.41990232467651367,-1.0424736738204956,0.7060320377349854
1789031876682027300,12.91802734375,-0.44948500394821167,-0.8801002502441406,0.645158588886261
1789031876692030500,12.928030517578126,-0.47121718525886536,-0.7092280983924866,0.5925422310829163
1789031876702034400,12.938034423828125,-0.4546542167663574,-0.5925131440162659,0.5467551350593567
1789031876712037600,12.94803759765625,-0.3999459743499756,-0.5479028224945068,0.5013285279273987
1789031876722040300,12.958040283203125,-0.35780051350593567,-0.5739124417304993,0.4494529366493225
1789031876732043500,12.96804345703125,-0.3239200711250305,-0.6653954386711121,0.3836590349674225
1789031876742046500,12.97804638671875,-0.30732813477516174,-0.7884321808815002,0.31244057416915894
1789031876752050400,12.988050537109375,-0.30430862307548523,-0.8799320459365845,0.27358582615852356
1789031876762053400,12.998053466796875,-0.30151307582855225,-0.9416683912277222,0.24963682889938354
1789031876772056300,13.008056396484376,-0.29890504479408264,-0.9352685213088989,0.2299717664718628
1789031876782059500,13.0180595703125,-0.2898430824279785,-0.8584016561508179,0.19083447754383087
1789031876792063500,13.0280634765625,-0.2758963704109192,-0.6997907161712646,0.14895892143249512
1789031876802066700,13.038066650390626,-0.2609693706035614,-0.5000668168067932,0.12620329856872559
1789031876812069400,13.0480693359375,-0.22651740908622742,-0.3912108838558197,0.09063012897968292
1789031876822072600,13.058072509765625,-0.18305309116840363,-0.340281218290329,0.038867924362421036
1789031876832076500,13.06807666015625,-0.15406404435634613,-0.29905015230178833,-0.035635605454444885
1789031876842079500,13.07807958984375,-0.17786313593387604,-0.3020292818546295,-0.07744535803794861
1789031876852082400,13.08808251953125,-0.2163359522819519,-0.35511514544487,-0.04616307094693184
1789031876862085400,13.09808544921875,-0.23262427747249603,-0.36289384961128235,0.021346906200051308
1789031876872088300,13.10808837890625,-0.2141491323709488,-0.32519468665122986,0.06897168606519699
1789031876882092500,13.118092529296876,-0.1884947121143341,-0.2874244749546051,0.05790924280881882
1789031876892095200,13.12809521484375,-0.1916249841451645,-0.26850324869155884,0.010044779628515244
1789031876902098400,13.138098388671875,-0.20458605885505676,-0.24428260326385498,-0.025688715279102325
1789031876912101600,13.1481015625,-0.17936185002326965,-0.14489302039146423,-0.016696345061063766
1789031876922105600,13.158105712890626,-0.1366855353116989,0.027385594323277473,0.018357275053858757
1789031876932108300,13.1681083984375,-0.122259721159935,0.2171938717365265,0.019670747220516205
1789031876942111500,13.178111572265625,-0.1315230131149292,0.3590758144855499,0.00840666238218546
1789031876952114400,13.188114501953125,-0.13262823224067688,0.4037442207336426,0.005079308990389109
1789031876962118400,13.198118408203126,-0.09976960718631744,0.36288532614707947,0.015127940103411674
1789031876972121600,13.20812158203125,-0.06180838122963905,0.3730578124523163,0.010911623947322369
1789031876982124300,13.218124267578125,-0.05276000127196312,0.4944460988044739,-0.030538637191057205
1789031876992127500,13.22812744140625,-0.04271642118692398,0.6532200574874878,-0.08325403928756714
1789031877002130400,13.23813037109375,-0.011630736291408539,0.7601907253265381,-0.11292426288127899
1789031877012134700,13.248134765625,0.014193669892847538,0.8142694234848022,-0.11673472076654434
1789031877022137300,13.258137451171875,0.03248432278633118,0.821997880935669,-0.12028983235359192
1789031877032140500,13.268140625,0.04744090139865875,0.784561038017273,-0.1445528119802475
1789031877042143200,13.278143310546875,0.051597610116004944,0.7193233966827393,-0.1833234280347824
1789031877052147500,13.2881474609375,0.05037974566221237,0.6573343276977539,-0.21977092325687408
1789031877062150400,13.298150390625,0.04715123400092125,0.6296138763427734,-0.25153660774230957
1789031877072153300,13.3081533203125,0.045918192714452744,0.6275177001953125,-0.27178674936294556
1789031877082156500,13.318156494140625,0.04520601034164429,0.6325975656509399,-0.287271112203598
1789031877092159500,13.328159423828126,0.04279744625091553,0.621322512626648,-0.29644250869750977
1789031877102163500,13.33816357421875,0.03933349624276161,0.5881398320198059,-0.26934513449668884
1789031877112166400,13.34816650390625,0.06856302171945572,0.5323405265808105,-0.2079414427280426
1789031877122169600,13.358169677734375,0.10937085002660751,0.4639211595058441,-0.1543271541595459
1789031877132172300,13.36817236328125,0.15547123551368713,0.45224079489707947,-0.16917455196380615
1789031877142176500,13.378176513671875,0.19248682260513306,0.5208274126052856,-0.2561371624469757
1789031877152179500,13.388179443359375,0.20873476564884186,0.5942358374595642,-0.3627871870994568
1789031877162182400,13.398182373046875,0.21554021537303925,0.5744591951370239,-0.4139947295188904
1789031877172185300,13.408185302734376,0.22216643393039703,0.43554553389549255,-0.38374975323677063
1789031877182189600,13.418189453125,0.22559496760368347,0.27290812134742737,-0.31295812129974365
1789031877192192500,13.428192626953125,0.22429002821445465,0.20834164321422577,-0.28235679864883423
1789031877202195500,13.438195556640625,0.22399117052555084,0.25974997878074646,-0.33329182863235474
1789031877212198400,13.448198486328126,0.2383727729320526,0.34013962745666504,-0.4331497251987457
1789031877222201300,13.458201416015624,0.2552119493484497,0.3437058925628662,-0.5083174705505371
1789031877232205300,13.468205322265625,0.28306490182876587,0.25368785858154297,-0.5322721004486084
1789031877242208500,13.47820849609375,0.29571524262428284,0.1467127501964569,-0.5643376111984253
1789031877252211500,13.48821142578125,0.27670586109161377,0.10641087591648102,-0.6409780979156494
1789031877262214400,13.49821435546875,0.25638347864151,0.12441045790910721,-0.7626128196716309
1789031877272218400,13.50821826171875,0.25067365169525146,0.1242421492934227,-0.8722724914550781
1789031877282221600,13.5182216796875,0.24096128344535828,-0.030553948134183884,-0.8886226415634155
1789031877292224500,13.528224609375,0.20869576930999756,-0.2713734805583954,-0.86691814661026
1789031877302227500,13.5382275390625,0.1715223640203476,-0.4076867997646332,-0.8945578336715698
1789031877312230400,13.54823046875,0.1622990369796753,-0.3957931399345398,-0.9774263501167297
1789031877322234400,13.558234375,0.2112051099538803,-0.28129491209983826,-1.0520433187484741
1789031877332237600,13.568237548828124,0.2789633870124817,-0.2189260721206665,-1.0271662473678589
1789031877342240300,13.578240234375,0.3221116364002228,-0.23862960934638977,-0.9084044098854065
1789031877352243500,13.588243408203125,0.3491981029510498,-0.2132214605808258,-0.7801383137702942
1789031877362247400,13.598247314453126,0.35592737793922424,-0.06055470556020737,-0.684064507484436
1789031877372250600,13.608250732421874,0.31306859850883484,0.20694677531719208,-0.6508637070655823
1789031877382253300,13.61825341796875,0.2875307500362396,0.4681849181652069,-0.6443357467651367
1789031877392256500,13.628256591796875,0.2542739808559418,0.6425450444221497,-0.5909167528152466
1789031877402260500,13.638260498046876,0.2548467218875885,0.7439174652099609,-0.5206965804100037
1789031877412263400,13.648263427734374,0.27338603138923645,0.7943077087402344,-0.4743921458721161
1789031877422266400,13.658266357421875,0.2660006880760193,0.7480570673942566,-0.4684917628765106
1789031877432269300,13.668269287109375,0.2408338189125061,0.6187999844551086,-0.4472397565841675
1789031877442272500,13.6782724609375,0.23231199383735657,0.4855613112449646,-0.3864602744579315
1789031877452276500,13.6882763671875,0.24717296659946442,0.3826059103012085,-0.3178255558013916
1789031877462279700,13.69827978515625,0.24024979770183563,0.23806966841220856,-0.2312728315591812
1789031877472282400,13.708282470703125,0.19627435505390167,0.04911758378148079,-0.09196634590625763
1789031877482285600,13.71828564453125,0.13973014056682587,-0.10246347635984421,0.09709649533033371
1789031877492288500,13.72828857421875,0.09780560433864594,-0.17103508114814758,0.2718485891819
1789031877502291700,13.738291748046874,0.07598227262496948,-0.2156396061182022,0.3953849673271179
1789031877512294700,13.748294677734375,0.06585773080587387,-0.2957160770893097,0.495269775390625
1789031877522297600,13.758297607421875,0.0673411563038826,-0.36859288811683655,0.5242369174957275
1789031877532300500,13.768300537109376,0.08900038152933121,-0.3959786891937256,0.4135676622390747
1789031877542304500,13.778304443359374,0.07698579132556915,-0.3768496513366699,0.15557552874088287
1789031877552307700,13.7883076171875,0.054438136518001556,-0.30425721406936646,-0.07941433787345886
1789031877562310400,13.798310302734375,0.08208546787500381,-0.1416999250650406,-0.19669969379901886
1789031877572313600,13.808313720703126,0.14572517573833466,0.07783962786197662,-0.2590482532978058
1789031877582317600,13.818317626953124,0.19546575844287872,0.1367347538471222,-0.39226430654525757
1789031877592320800,13.82832080078125,0.19400687515735626,-0.019226884469389915,-0.4707343578338623
1789031877602323500,13.838323486328125,0.18663901090621948,-0.1734759509563446,-0.39080095291137695
1789031877612326700,13.84832666015625,0.17947909235954285,-0.2594078779220581,-0.21581049263477325
1789031877622329600,13.85832958984375,0.1825806349515915,-0.3021842837333679,0.004509610589593649
1789031877632333600,13.86833349609375,0.18465442955493927,-0.2531174123287201,0.2411956489086151
1789031877642336500,13.87833642578125,0.18349751830101013,-0.16595709323883057,0.4274827241897583
1789031877652339500,13.88833935546875,0.19109445810317993,-0.10947810113430023,0.4852861166000366
1789031877662342700,13.8983427734375,0.2259637862443924,-0.08258042484521866,0.46212512254714966
1789031877672346600,13.9083466796875,0.24701714515686035,-0.0943654403090477,0.4634798765182495
1789031877682349600,13.918349609375,0.24056623876094818,-0.15004487335681915,0.5719115138053894
1789031877692352500,13.9283525390625,0.2072221338748932,-0.19201922416687012,0.7351731061935425
1789031877702355700,13.938355712890624,0.17894278466701508,-0.1365489810705185,0.8084678053855896
1789031877712358400,13.9483583984375,0.1764063835144043,-0.016217244789004326,0.7781325578689575
1789031877722362600,13.958362548828125,0.17354987561702728,0.08088187873363495,0.7457247972488403
1789031877732365600,13.968365478515626,0.16517449915409088,0.12173130363225937,0.7659904360771179
1789031877742368500,13.978368408203124,0.15403686463832855,0.1339850276708603,0.8030837774276733
1789031877752371500,13.988371337890625,0.1638876348733902,0.15320080518722534,0.8005442023277283
1789031877762375700,13.998375732421875,0.15782923996448517,0.1899176985025406,0.7397657632827759
1789031877772378600,14.008378662109376,0.12895311415195465,0.23237034678459167,0.674903392791748
1789031877782381600,14.018381591796874,0.10000374913215637,0.25663065910339355,0.6486177444458008
1789031877792384500,14.028384521484375,0.09898588806390762,0.20978301763534546,0.6367197632789612
1789031877802387500,14.038387451171875,0.09973345696926117,0.12063971906900406,0.6145228743553162
1789031877812391400,14.048391357421876,0.08082181960344315,0.034491781145334244,0.5699610114097595
1789031877822394600,14.05839453125,0.06873719394207001,0.010538780130445957,0.5077141523361206
1789031877832397600,14.0683974609375,0.06580851972103119,0.07483761012554169,0.4346870481967926
1789031877842400500,14.078400390625,0.03578481823205948,0.20928633213043213,0.4083721339702606
1789031877852404500,14.088404541015626,0.0030154206324368715,0.32818421721458435,0.4077851474285126
1789031877862407700,14.09840771484375,-0.006342948414385319,0.32337093353271484,0.40801605582237244
1789031877872410600,14.10841064453125,-0.012814163230359554,0.22447817027568817,0.39960846304893494
1789031877882413600,14.11841357421875,-0.040694236755371094,0.11561569571495056,0.3655053377151489
1789031877892416500,14.12841650390625,-0.08206218481063843,0.03062756545841694,0.30847615003585815
1789031877902420500,14.13842041015625,-0.1294552981853485,-0.018899595364928246,0.2707274258136749
1789031877912423700,14.148423583984375,-0.17291595041751862,-0.04956456646323204,0.285965234041214
1789031877922426400,14.15842626953125,-0.20055660605430603,-0.0727597326040268,0.3363112509250641
1789031877932429600,14.1684296875,-0.20657801628112793,-0.0841711089015007,0.3863256871700287
1789031877942433500,14.17843359375,-0.20910002291202545,-0.110742948949337,0.3957918584346771
1789031877952436700,14.188436767578125,-0.20272815227508545,-0.19392172992229462,0.31910958886146545
1789031877962439400,14.198439453125,-0.21709105372428894,-0.28271329402923584,0.20447033643722534
1789031877972442600,14.208442626953126,-0.2515627443790436,-0.34283652901649475,0.10134793072938919
1789031877982446600,14.218446533203124,-0.27005836367607117,-0.379521906375885,0.05495217442512512
1789031877992449500,14.228449462890625,-0.2781359851360321,-0.3670758903026581,0.06998012214899063
1789031878002452700,14.23845263671875,-0.30920445919036865,-0.31089097261428833,0.10521378368139267
1789031878012455400,14.248455322265626,-0.36341363191604614,-0.2405417114496231,0.11021813005208969
1789031878022458600,14.258458740234374,-0.40923255681991577,-0.21028771996498108,0.0883682370185852
1789031878032462600,14.268462646484375,-0.4171075224876404,-0.26806017756462097,0.08960394561290741
1789031878042465800,14.2784658203125,-0.3792434632778168,-0.37519413232803345,0.11428743600845337
1789031878052468500,14.288468505859376,-0.32157832384109497,-0.4335900545120239,0.1248021274805069
1789031878062471700,14.2984716796875,-0.3079935908317566,-0.40126878023147583,0.11536793410778046
1789031878072474400,14.308474365234375,-0.31427279114723206,-0.31864285469055176,0.07673320174217224
1789031878082478600,14.318478515625,-0.302641898393631,-0.25901955366134644,0.04498451575636864
1789031878092481500,14.3284814453125,-0.258297860622406,-0.25742459297180176,0.0658210888504982
1789031878102484500,14.338484375,-0.1901598870754242,-0.32671627402305603,0.11711016297340393
1789031878112487700,14.34848779296875,-0.14492769539356232,-0.34551605582237244,0.14451062679290771
1789031878122491600,14.35849169921875,-0.1567164659500122,-0.28601914644241333,0.12709596753120422
1789031878132494600,14.36849462890625,-0.18772657215595245,-0.16609911620616913,0.0796046108007431
1789031878142497500,14.37849755859375,-0.21695157885551453,-0.068692147731781,0.061886340379714966
1789031878152500700,14.388500732421875,-0.2004024237394333,-0.021026352420449257,0.09456172585487366
1789031878162503400,14.39850341796875,-0.15382210910320282,-0.002641397062689066,0.15260502696037292
1789031878172507600,14.408507568359376,-0.10119964182376862,0.03976065665483475,0.1901947557926178
1789031878182510600,14.418510498046874,-0.07930655032396317,0.17814594507217407,0.15807700157165527
1789031878192513500,14.428513427734375,-0.09608979523181915,0.405670166015625,0.07238712161779404
1789031878202516500,14.4385166015625,-0.13311228156089783,0.5768689513206482,-0.0021361084654927254
1789031878212520700,14.448520751953126,-0.1315212994813919,0.5955478549003601,-0.026835596188902855
1789031878222523600,14.458523681640624,-0.09181895852088928,0.5390902757644653,-0.029233448207378387
1789031878232526600,14.468526611328125,-0.06445284932851791,0.5248277187347412,-0.03749909996986389
1789031878242529500,14.478529541015625,-0.06463810801506042,0.5618833899497986,-0.05966760590672493
1789031878252532500,14.488532470703126,-0.06603173911571503,0.6122632026672363,-0.07899549603462219
1789031878262536400,14.498536376953124,-0.055228911340236664,0.6696549654006958,-0.10663563013076782
1789031878272539600,14.50853955078125,-0.05743507668375969,0.7380651831626892,-0.13516765832901
1789031878282542600,14.51854248046875,-0.07449368387460709,0.787359356880188,-0.1539887636899948
1789031878292545500,14.528545654296876,-0.09862405061721802,0.7912390232086182,-0.15167447924613953
1789031878302549500,14.538549560546874,-0.1143798828125,0.7324751615524292,-0.12726818025112152
1789031878312552400,14.548552490234375,-0.10892786085605621,0.6171877384185791,-0.10681749880313873
1789031878322555600,14.5585556640625,-0.09927817434072495,0.5010560154914856,-0.11551856249570847
1789031878332558600,14.56855859375,-0.09883129596710205,0.4005752205848694,-0.14586475491523743
1789031878342561500,14.5785615234375,-0.10358000546693802,0.3106595277786255,-0.1586979627609253
1789031878352565500,14.5885654296875,-0.10022229701280594,0.26154470443725586,-0.16985633969306946
1789031878362568700,14.598568603515625,-0.09008833020925522,0.26527532935142517,-0.20174884796142578
1789031878372571400,14.6085712890625,-0.08030414581298828,0.30860817432403564,-0.2587173283100128
1789031878382574600,14.61857470703125,-0.07333868741989136,0.3247327506542206,-0.29640182852745056
1789031878392578600,14.62857861328125,-0.05458870902657509,0.25553396344184875,-0.2690697908401489
1789031878402581500,14.63858154296875,-0.03126177564263344,0.10761262476444244,-0.1872902810573578
1789031878412584400,14.64858447265625,-0.030529409646987915,-0.0065448349341750145,-0.12237545102834702
1789031878422587600,14.658587646484374,-0.030525963753461838,0.005647411569952965,-0.13634717464447021
1789031878432590600,14.668590576171875,-0.033334534615278244,0.07626299560070038,-0.21814724802970886
1789031878442594600,14.678594482421875,-0.03273878991603851,0.11370924115180969,-0.30163758993148804
1789031878452597500,14.688597412109376,-0.011634035035967827,0.07188189774751663,-0.3245234787464142
1789031878462600400,14.698600341796874,0.03477255254983902,-0.00820790696889162,-0.3023448884487152
1789031878472603600,14.708603759765625,0.05673830583691597,-0.04348840191960335,-0.2905510663986206
1789031878482607600,14.718607666015625,0.0908869281411171,-0.00567639572545886,-0.3333648443222046
1789031878492610800,14.72861083984375,0.15238144993782043,0.06637196242809296,-0.40916773676872253
1789031878502613500,14.738613525390624,0.19409294426441193,0.11723807454109192,-0.46578148007392883
1789031878512616700,14.74861669921875,0.23656822741031647,0.09649977087974548,-0.4945313632488251
1789031878522619600,14.75861962890625,0.23882631957530975,0.019027426838874817,-0.5180558562278748
1789031878532624000,14.768623779296876,0.22905226051807404,-0.044713202863931656,-0.5843818783760071
1789031878542626600,14.77862646484375,0.23971456289291382,-0.04707983508706093,-0.6898071765899658
1789031878552629800,14.788629638671875,0.256130576133728,-0.11294406652450562,-0.7355360984802246
1789031878562632400,14.798632568359375,0.2729220688343048,-0.27732929587364197,-0.7244179248809814
1789031878572635600,14.8086357421875,0.26844316720962524,-0.45751023292541504,-0.7201725244522095
1789031878582639600,14.8186396484375,0.2998276948928833,-0.4372336268424988,-0.8554270267486572
1789031878592642600,14.828642578125,0.3462119698524475,-0.20554527640342712,-1.0729771852493286
1789031878602645800,14.838645751953125,0.4330749213695526,-0.016754405573010445,-1.1777442693710327
1789031878612648700,14.848648681640626,0.4792967438697815,0.0022509777918457985,-1.035319447517395
1789031878622652700,14.858652587890624,0.45085448026657104,-0.08856185525655746,-0.7455609440803528
1789031878632655600,14.868655517578125,0.40702950954437256,-0.039820946753025055,-0.5512226223945618
1789031878642658800,14.878658935546875,0.4016139507293701,0.236795112490654,-0.581752598285675
1789031878652661500,14.88866162109375,0.40342941880226135,0.4676767885684967,-0.7192896604537964
1789031878662664700,14.898664794921874,0.38938820362091064,0.4537218511104584,-0.7808582186698914
1789031878672668700,14.908668701171875,0.3287070095539093,0.31988948583602905,-0.6645273566246033
1789031878682671600,14.918671630859375,0.2639639973640442,0.28953471779823303,-0.4514547884464264
1789031878692674600,14.928674560546876,0.18788014352321625,0.3861251771450043,-0.26505881547927856
1789031878702677800,14.938677734375,0.11136167496442795,0.47378143668174744,-0.14680862426757812
1789031878712681700,14.948681640625,0.05698924511671066,0.410601943731308,-0.04902693256735802
1789031878722684700,14.9586845703125,0.035927653312683105,0.24583373963832855,0.05091030150651932
1789031878732687600,14.9686875,0.00128685322124511,0.08593781292438507,0.14967948198318481
1789031878742690600,14.978690673828124,0.00233472534455359,0.0008922331035137177,0.19176150858402252
1789031878752693800,14.98869384765625,0.04895256087183952,-0.04140488803386688,0.17520755529403687
1789031878762697700,14.99869775390625,0.09831592440605164,-0.08354169130325317,0.14047694206237793
1789031878772700700,15.00870068359375,0.13031752407550812,-0.14050669968128204,0.14174087345600128
1789031878782703600,15.01870361328125,0.15787486732006073,-0.16786037385463715,0.13654184341430664
1789031878792706800,15.028706787109375,0.1682201772928238,-0.15335945785045624,0.05165252462029457
1789031878802710800,15.038710693359375,0.14451219141483307,-0.14317020773887634,-0.10237272828817368
1789031878812713700,15.048713623046876,0.11744275689125061,-0.14473959803581238,-0.1342582255601883
1789031878822716700,15.058716552734374,0.10217136889696121,-0.10662947595119476,-0.036979589611291885
1789031878832719600,15.0687197265625,0.1025972068309784,-0.05378756672143936,0.06998467445373535
1789031878842722600,15.07872265625,0.1262645125389099,0.004970659036189318,0.020017866045236588
1789031878852726800,15.088726806640626,0.15412835776805878,-0.03452401980757713,-0.20882010459899902
1789031878862729500,15.0987294921875,0.1711844950914383,-0.19134148955345154,-0.3850935697555542
1789031878872732700,15.108732666015625,0.18574771285057068,-0.31536224484443665,-0.3192695677280426
1789031878882735600,15.118735595703125,0.2190602421760559,-0.2751028537750244,-0.05497302487492561
1789031878892738600,15.128738525390625,0.23991759121418,-0.08903500437736511,0.2423902004957199
1789031878902742500,15.138742431640624,0.22889605164527893,0.11393561959266663,0.47897589206695557
1789031878912745700,15.148745849609375,0.2152460217475891,0.23670895397663116,0.5692181587219238
1789031878922748700,15.158748779296875,0.202933669090271,0.24843332171440125,0.5495043992996216
1789031878932751600,15.168751708984376,0.19739162921905518,0.18151740729808807,0.5246336460113525
1789031878942755600,15.178755615234374,0.20511803030967712,0.08251969516277313,0.5376405119895935
1789031878952758500,15.188758544921875,0.23577287793159485,0.05006907135248184,0.5340309143066406
1789031878962761700,15.19876171875,0.2755431830883026,0.11488223075866699,0.47379738092422485
1789031878972764700,15.2087646484375,0.3098217844963074,0.24522478878498077,0.39438217878341675
1789031878982767600,15.218767578125,0.3267565965652466,0.35961267352104187,0.39011150598526
1789031878992771600,15.228771484375,0.32290032505989075,0.4313124120235443,0.49477773904800415
1789031879002774800,15.23877490234375,0.3157864809036255,0.529952347278595,0.6189010143280029
1789031879012777500,15.248777587890626,0.30445152521133423,0.6473388671875,0.699805736541748
1789031879022780700,15.25878076171875,0.28436708450317383,0.7205349206924438,0.7488829493522644
1789031879032784000,15.268783935546875,0.2463986575603485,0.6911096572875977,0.7740445137023926
1789031879042787600,15.27878759765625,0.2000843584537506,0.5738185048103333,0.7574781179428101
1789031879052790500,15.28879052734375,0.1349671483039856,0.4661596715450287,0.703540563583374
1789031879062793700,15.298793701171874,0.07673820853233337,0.3713180124759674,0.6391173601150513
1789031879072796700,15.308796630859375,0.023359673097729683,0.23770909011363983,0.6248942017555237
1789031879082800600,15.318800537109375,0.0009821613784879446,0.0893886461853981,0.6520480513572693
1789031879092803800,15.328803955078126,-0.03258565068244934,0.003606365295127034,0.6735101938247681
1789031879102806500,15.338806640625,-0.09098687022924423,-0.018944010138511658,0.6466405391693115
1789031879112809700,15.348809814453125,-0.17334672808647156,-0.05717555060982704,0.6127414107322693
1789031879122812700,15.358812744140625,-0.25010913610458374,-0.12211143225431442,0.5901204943656921
1789031879132816600,15.368816650390626,-0.28429505228996277,-0.1818607896566391,0.5815496444702148
1789031879142819600,15.378819580078124,-0.27867722511291504,-0.23190151154994965,0.5870459675788879
1789031879152822800,15.38882275390625,-0.26753267645835876,-0.2570899426937103,0.5881562232971191
1789031879162825500,15.398825439453125,-0.26760366559028625,-0.2477746605873108,0.5638867020606995
1789031879172828700,15.40882861328125,-0.2704705595970154,-0.226631298661232,0.5086724758148193
1789031879182832600,15.41883251953125,-0.2807092070579529,-0.2385483831167221,0.44986623525619507
1789031879192835600,15.428835693359375,-0.26276856660842896,-0.33063700795173645,0.43671074509620667
1789031879202838800,15.4388388671875,-0.24339880049228668,-0.44918039441108704,0.4381597638130188
1789031879212841700,15.448841796875,-0.22376544773578644,-0.5188415050506592,0.39228788018226624
1789031879222845400,15.458845458984374,-0.23990124464035034,-0.5324993133544922,0.3010184168815613
1789031879232848600,15.4688486328125,-0.27136731147766113,-0.5223816633224487,0.21171274781227112
1789031879242851800,15.478851806640625,-0.2765311300754547,-0.5274124145507812,0.17275439202785492
1789031879252854500,15.4888544921875,-0.27068495750427246,-0.5432177782058716,0.19132328033447266
1789031879262857700,15.498857666015626,-0.2618744671344757,-0.5328332781791687,0.21891288459300995
1789031879272861700,15.50886181640625,-0.2660827934741974,-0.4721483588218689,0.1653205007314682
1789031879282864600,15.51886474609375,-0.3127344846725464,-0.42045333981513977,0.047604553401470184
1789031879292867600,15.52886767578125,-0.3646099269390106,-0.4186125695705414,-0.06674012541770935
1789031879302870800,15.538870849609374,-0.38607338070869446,-0.4792930483818054,-0.07827459275722504
1789031879312873700,15.548873779296875,-0.379416823387146,-0.5327858328819275,-0.011823132634162903
1789031879322877700,15.558877685546875,-0.38108474016189575,-0.48601317405700684,0.04407450556755066
1789031879332880600,15.568880615234375,-0.4112626314163208,-0.357485294342041,0.04059455543756485
1789031879342883600,15.578883544921876,-0.43122223019599915,-0.2811942994594574,0.004556655418127775
1789031879352886800,15.58888671875,-0.40806257724761963,-0.28297489881515503,-0.015065249055624008
1789031879362890800,15.598890869140625,-0.38600656390190125,-0.3411993384361267,-0.010341041721403599
1789031879372893700,15.608893798828126,-0.36497291922569275,-0.369265079498291,0.0033894178923219442
1789031879382896600,15.618896728515624,-0.3546648919582367,-0.34162837266921997,0.021230466663837433
1789031879392899800,15.62889990234375,-0.34383702278137207,-0.2405851185321808,0.03904062137007713
1789031879402902500,15.638902587890625,-0.3212166130542755,-0.12475167214870453,0.05546217039227486
1789031879412906800,15.64890673828125,-0.2888150215148926,-0.016292033717036247,0.06320931017398834
1789031879422909700,15.65890966796875,-0.2389984279870987,0.054418813437223434,0.06343060731887817
1789031879432912600,15.66891259765625,-0.19394414126873016,0.12048012763261795,0.043516822159290314
1789031879442915600,15.67891552734375,-0.18421193957328796,0.2816656529903412,0.014552860520780087
1789031879452918800,15.688918701171875,-0.21022197604179382,0.5195109248161316,0.004879726562649012
1789031879462922500,15.698922607421874,-0.21504735946655273,0.6687797904014587,0.02164086326956749
1789031879472925700,15.70892578125,-0.16541452705860138,0.6283255219459534,0.062026072293519974
1789031879482928600,15.7189287109375,-0.09232428669929504,0.5197259783744812,0.0704946219921112
1789031879492931300,15.728931396484375,-0.06955639272928238,0.4707041382789612,0.02883240394294262
1789031879502935300,15.738935302734374,-0.08860336989164352,0.48376691341400146,-0.0333465114235878
1789031879512938200,15.748938232421875,-0.08988142013549805,0.5117799043655396,-0.059976253658533096
1789031879522941400,15.75894140625,-0.059894442558288574,0.5284038186073303,-0.040517378598451614
1789031879532944100,15.768944091796875,-0.006775564979761839,0.5449556708335876,-0.01377551443874836
1789031879542947300,15.778947265625,0.02684757672250271,0.5376163125038147,-0.016304662451148033
1789031879552951300,15.788951416015625,0.03328550234436989,0.49546486139297485,-0.05113454908132553
1789031879562954200,15.798954345703125,0.029510077089071274,0.4245353937149048,-0.10134776681661606
1789031879572957200,15.808957275390625,0.029414203017950058,0.36451974511146545,-0.14444676041603088
1789031879582960400,15.81896044921875,0.03071131557226181,0.3423995077610016,-0.1579369157552719
1789031879592963300,15.82896337890625,0.044046830385923386,0.3165910840034485,-0.14773595333099365
1789031879602967300,15.83896728515625,0.08750832825899124,0.2692987024784088,-0.13790331780910492
1789031879612970200,15.84897021484375,0.12007692456245422,0.24202288687229156,-0.16178680956363678
1789031879622973200,15.85897314453125,0.1316201090812683,0.2333182543516159,-0.21307715773582458
1789031879632976400,15.868976318359374,0.13354185223579407,0.208711177110672,-0.2577154338359833
1789031879642980400,15.87898046875,0.1171647161245346,0.16269418597221375,-0.27792057394981384
1789031879652983300,15.8889833984375,0.0994509682059288,0.08814724534749985,-0.26682719588279724
1789031879662986200,15.898986328125,0.08598171919584274,0.004598037339746952,-0.2473152130842209
1789031879672989400,15.908989501953124,0.1002432107925415,-0.049571190029382706,-0.2460150569677353
1789031879682992000,15.9189921875,0.13279689848423004,-0.03191206604242325,-0.2732802629470825
1789031879692996400,15.928996337890625,0.16429729759693146,0.03268130496144295,-0.305263489484787
1789031879702999300,15.938999267578126,0.19895705580711365,0.09524434059858322,-0.3540020287036896
1789031879713002200,15.949002197265624,0.224838986992836,0.10037226229906082,-0.40664660930633545
1789031879723005200,15.959005126953125,0.22322218120098114,0.06285977363586426,-0.4584892988204956
1789031879733008400,15.96900830078125,0.24136976897716522,0.052133627235889435,-0.5203486680984497
1789031879743012000,15.97901220703125,0.24140845239162445,0.08492355793714523,-0.558269202709198
1789031879753015300,15.989015380859374,0.2558515667915344,0.09221556037664413,-0.5441677570343018
1789031879763018500,15.9990185546875,0.2702065408229828,0.05718516930937767,-0.5180125832557678
1789031879773021200,16.009021240234375,0.2649398744106293,0.02861318178474903,-0.5705431699752808
1789031879783024400,16.0190244140625,0.25240615010261536,0.08116453886032104,-0.717585563659668
1789031879793028400,16.0290283203125,0.2678804397583008,0.11705915629863739,-0.8570137619972229
1789031879803031300,16.03903125,0.2666665315628052,-0.014668379910290241,-0.8400102257728577
1789031879813034200,16.0490341796875,0.24361686408519745,-0.21952591836452484,-0.7447854280471802
1789031879823037400,16.059037353515624,0.22051167488098145,-0.2703496217727661,-0.7325422167778015
1789031879833041200,16.069041259765626,0.23416224122047424,-0.13574014604091644,-0.8281017541885376
1789031879843044400,16.07904443359375,0.2694384753704071,-0.019604073837399483,-0.9377204179763794
1789031879853047300,16.08904736328125,0.2841886579990387,-0.029645254835486412,-0.9241449236869812
1789031879863050200,16.09905029296875,0.2500079572200775,-0.17287352681159973,-0.7218013405799866
1789031879873053400,16.109053466796876,0.16594953835010529,-0.30679643154144287,-0.45285269618034363
1789031879883057400,16.119057373046875,0.12303169816732407,-0.29392561316490173,-0.2930010259151459
1789031879893060000,16.12906005859375,0.13600927591323853,-0.14532974362373352,-0.3182254135608673
1789031879903063300,16.139063232421876,0.20169243216514587,-0.01845165155827999,-0.45196378231048584
1789031879913066500,16.14906640625,0.1993936002254486,-0.015747210010886192,-0.46348753571510315
1789031879923069200,16.159069091796876,0.13260726630687714,-0.011101149022579193,-0.28578269481658936
1789031879933073400,16.169073486328124,0.09626390039920807,0.10790672898292542,-0.12278074771165848
1789031879943076400,16.179076416015626,0.11233117431402206,0.25653496384620667,-0.11759143322706223
1789031879953079300,16.189079345703124,0.18310467898845673,0.33452218770980835,-0.24160552024841309
1789031879963082200,16.199082275390627,0.24478982388973236,0.2837485074996948,-0.3858337700366974
1789031879973085200,16.209085205078125,0.2443418800830841,0.17696799337863922,-0.42129188776016235
1789031879983089200,16.219089111328124,0.1956467479467392,0.14559833705425262,-0.3197753429412842
1789031879993092400,16.22909228515625,0.18102705478668213,0.2677556574344635,-0.2085401713848114
1789031880003095300,16.23909521484375,0.18888923525810242,0.3992564082145691,-0.19636286795139313
1789031880013098200,16.24909814453125,0.16009965538978577,0.3302954435348511,-0.22895756363868713
1789031880023102200,16.259102294921874,0.1170172393321991,0.16578587889671326,-0.16230560839176178
1789031880033105400,16.26910546875,0.06893865764141083,0.05407479405403137,0.026522621512413025
1789031880043108400,16.2791083984375,0.01770683005452156,-0.03127841278910637,0.22445014119148254
1789031880053111300,16.289111328125,0.012956283986568451,-0.09197584539651871,0.32695385813713074
1789031880063114200,16.2991142578125,0.04002607986330986,-0.13001000881195068,0.28497254848480225
1789031880073118200,16.3091181640625,0.052391935139894485,-0.15740089118480682,0.15933923423290253
1789031880083121400,16.319121337890625,0.0814429223537445,-0.18588143587112427,0.07317966967821121
1789031880093124400,16.329124267578123,0.10258389264345169,-0.21795015037059784,0.05317347124218941
1789031880103127300,16.339127197265626,0.08227840811014175,-0.2612243890762329,0.0503973513841629
1789031880113130200,16.349130126953124,0.07660827040672302,-0.25608396530151367,0.026923982426524162
1789031880123134500,16.359134521484375,0.12212967872619629,-0.15601827204227448,-0.025934966281056404
1789031880133137200,16.36913720703125,0.1999073028564453,0.02027207240462303,-0.07280154526233673
1789031880143140400,16.379140380859376,0.2973276376724243,0.23952089250087738,-0.057832203805446625
1789031880153143000,16.38914306640625,0.37216219305992126,0.40568751096725464,0.05652127042412758
1789031880163146200,16.399146240234376,0.3968091607093811,0.5197188854217529,0.23549266159534454
1789031880173150200,16.409150146484375,0.36638200283050537,0.5942977666854858,0.3898787796497345
1789031880183153400,16.4191533203125,0.3220396339893341,0.6279252171516418,0.4744250476360321
1789031880193156400,16.42915625,0.2879170775413513,0.6399371027946472,0.5149327516555786
1789031880203159300,16.4391591796875,0.297665536403656,0.6541922688484192,0.5427034497261047
1789031880213162200,16.449162353515625,0.30087968707084656,0.6130917072296143,0.6029031872749329
1789031880223166200,16.459166259765624,0.2589868903160095,0.504019558429718,0.6770452260971069
1789031880233169400,16.46916943359375,0.1757844239473343,0.36770087480545044,0.733961284160614
1789031880243172000,16.479172119140625,0.08100885897874832,0.26157864928245544,0.7715685963630676
1789031880253175300,16.48917529296875,0.01096292957663536,0.1949961632490158,0.8156106472015381
1789031880263179300,16.49917919921875,-0.03849596530199051,0.11018514633178711,0.8783549666404724
1789031880273182500,16.509182373046876,-0.05196037515997887,-0.008613149635493755,0.946374237537384
1789031880283185200,16.51918505859375,-0.06134747713804245,-0.16651079058647156,0.979703962802887
1789031880293188400,16.529188232421873,-0.10031911730766296,-0.24791616201400757,0.9491524696350098
1789031880303191300,16.53919140625,-0.15162575244903564,-0.17690642178058624,0.8819502592086792
1789031880313195300,16.5491953125,-0.18933318555355072,-0.011546754278242588,0.8370325565338135
1789031880323198200,16.5591982421875,-0.22420211136341095,0.12887103855609894,0.8484287261962891
1789031880333201200,16.569201171875,-0.2706034481525421,0.14914356172084808,0.8991869688034058
1789031880343204400,16.579204345703126,-0.33595746755599976,0.05288107693195343,0.9195690155029297
1789031880353207300,16.589207275390624,-0.376733660697937,-0.14764297008514404,0.8558725714683533
1789031880363211500,16.59921142578125,-0.38351190090179443,-0.4056154787540436,0.7380225658416748
1789031880373214200,16.609214111328125,-0.36669403314590454,-0.6632848978042603,0.6074075698852539
1789031880383217400,16.619217529296876,-0.33593082427978516,-0.8556517362594604,0.49697616696357727
1789031880393220000,16.62922021484375,-0.32392022013664246,-0.9463845491409302,0.43229758739471436
1789031880403223300,16.639223388671876,-0.34418562054634094,-0.9556213021278381,0.41637322306632996
1789031880413227300,16.649227294921875,-0.374104380607605,-0.9259006977081299,0.4413906931877136
1789031880423230200,16.659230224609374,-0.3939882218837738,-0.9018470048904419,0.4806666374206543
1789031880433233200,16.669233154296876,-0.4203771948814392,-0.8888736963272095,0.4947582185268402
1789031880443236400,16.679236328125,-0.43374231457710266,-0.8810409307479858,0.47439759969711304
1789031880453239300,16.6892392578125,-0.41304394602775574,-0.8914986252784729,0.43225520849227905
1789031880463243300,16.6992431640625,-0.37243640422821045,-0.9276126027107239,0.38289594650268555
1789031880473246200,16.70924609375,-0.31176134943962097,-0.9766302108764648,0.33329111337661743
1789031880483249200,16.719249267578125,-0.291009783744812,-0.9798485040664673,0.2800029516220093
1789031880493252400,16.72925244140625,-0.2996402680873871,-0.9260542392730713,0.22649793326854706
1789031880503256300,16.73925634765625,-0.3023681044578552,-0.8782628178596497,0.18543986976146698
1789031880513259300,16.74925927734375,-0.28771379590034485,-0.860977828502655,0.15323612093925476
1789031880523262200,16.75926220703125,-0.27173396944999695,-0.8649818301200867,0.1054999902844429
1789031880533265400,16.769265380859373,-0.2661972641944885,-0.8637104630470276,0.03189900889992714
1789031880543268000,16.77926806640625,-0.27864596247673035,-0.8105068206787109,-0.03491009771823883
1789031880553272300,16.789272216796874,-0.28989648818969727,-0.7105435132980347,-0.048292748630046844
1789031880563275300,16.799275146484376,-0.29058751463890076,-0.6246057152748108,0.0008553154766559601
1789031880573278200,16.8092783203125,-0.2688595950603485,-0.551369309425354,0.08049342036247253
1789031880583281200,16.81928125,-0.23733533918857574,-0.5173259973526001,0.12870845198631287
1789031880593284400,16.829284423828124,-0.22335852682590485,-0.44703325629234314,0.11868058145046234
1789031880603288000,16.8392880859375,-0.25158369541168213,-0.35383790731430054,0.08624560385942459
1789031880613291300,16.849291259765625,-0.2839333713054657,-0.26107311248779297,0.06382738053798676
1789031880623294500,16.85929443359375,-0.2637242078781128,-0.16593517363071442,0.04160328581929207
1789031880633297200,16.869297119140626,-0.21376386284828186,-0.03325462341308594,0.01056361012160778
1789031880643300400,16.87930029296875,-0.17689967155456543,0.11706331372261047,-0.017162755131721497
1789031880653304300,16.88930419921875,-0.15958912670612335,0.2765533924102783,-0.03132731094956398
1789031880663307300,16.899307373046874,-0.1369822770357132,0.410823255777359,-0.02634805254638195
1789031880673310200,16.909310302734376,-0.10720574110746384,0.5196797251701355,-0.024494227021932602
1789031880683313400,16.9193134765625,-0.08710183203220367,0.5923274755477905,-0.035410232841968536
1789031880693316000,16.929316162109377,-0.07826945930719376,0.6563693284988403,-0.045570723712444305
1789031880703320300,16.9393203125,-0.07923032343387604,0.6990630030632019,-0.02549501694738865
1789031880713323300,16.9493232421875,-0.0635717436671257,0.7095124125480652,0.03701683133840561
1789031880723326200,16.959326171875,-0.032036878168582916,0.7078854441642761,0.11924290657043457
1789031880733329400,16.969329345703127,0.0003314468776807189,0.7098900079727173,0.16075891256332397
1789031880743332400,16.979332275390625,0.03046395629644394,0.7700496315956116,0.13389462232589722
1789031880753336000,16.989336181640624,0.04329054057598114,0.919603168964386,0.011618518270552158
1789031880763339300,16.99933935546875,0.016248013824224472,1.040454387664795,-0.14187650382518768
1789031880773342500,17.009342529296877,-0.014166351407766342,0.9901714324951172,-0.20151053369045258
1789031880783345200,17.01934521484375,-0.012797157280147076,0.7788563370704651,-0.12014995515346527
1789031880793349400,17.029349365234374,0.040022384375333786,0.5557920932769775,0.022686822339892387
1789031880803352300,17.039352294921876,0.1250549554824829,0.49121710658073425,0.0838434025645256
1789031880813355300,17.049355224609375,0.18323597311973572,0.6628908514976501,0.005360310897231102
1789031880823358200,17.059358154296874,0.21376612782478333,0.9570246338844299,-0.16206325590610504
1789031880833361400,17.069361328125,0.2330564707517624,1.1538889408111572,-0.2931312620639801
1789031880843365000,17.079365234375,0.26769065856933594,1.1236504316329956,-0.311465322971344
1789031880853368300,17.089368408203125,0.29596439003944397,0.9206826686859131,-0.2552691400051117
1789031880863371300,17.099371337890624,0.32175809144973755,0.7238551378250122,-0.2398533672094345
1789031880873374200,17.109374267578126,0.32897844910621643,0.6285203695297241,-0.31044232845306396
1789031880883377400,17.11937744140625,0.32854148745536804,0.5908652544021606,-0.4244387149810791
1789031880893381400,17.12938134765625,0.31554150581359863,0.4818410277366638,-0.5004016757011414
1789031880903384300,17.13938427734375,0.2755580544471741,0.2945570647716522,-0.5134137868881226
1789031880913387300,17.14938720703125,0.22324132919311523,0.11626134812831879,-0.4838886260986328
1789031880923390500,17.159390380859374,0.2059226781129837,0.017267538234591484,-0.44608357548713684
1789031880933393200,17.16939306640625,0.22289100289344788,-0.024592027068138123,-0.4249926805496216
1789031880943397400,17.1793974609375,0.25122424960136414,-0.02239713817834854,-0.4452637732028961
1789031880953400300,17.189400390625,0.2772177755832672,0.019887467846274376,-0.5181382298469543
1789031880963403300,17.1994033203125,0.2752196490764618,0.0783395767211914,-0.6274317502975464
1789031880973406200,17.20940625,0.2810370624065399,0.09807413071393967,-0.6946680545806885
1789031880983409200,17.2194091796875,0.2599767744541168,0.05962960049510002,-0.6785356402397156
1789031880993413000,17.2294130859375,0.22835679352283478,-0.011667484417557716,-0.6283081769943237
1789031881003416300,17.239416259765626,0.19859382510185242,-0.056435488164424896,-0.6141867637634277
1789031881013419300,17.249419189453125,0.18584927916526794,-0.10301604121923447,-0.6421738862991333
1789031881023422200,17.259422119140623,0.171403706073761,-0.1803058385848999,-0.6834155917167664
1789031881033425400,17.26942529296875,0.1823362559080124,-0.29672005772590637,-0.7153157591819763
1789031881043429400,17.279429443359376,0.2156234234571457,-0.3555522561073303,-0.762167751789093
1789031881053432300,17.289432373046875,0.2590406835079193,-0.3170703649520874,-0.7991265654563904
1789031881063435300,17.299435302734373,0.2941208779811859,-0.261345237493515,-0.8012203574180603
1789031881073438200,17.309438232421876,0.27762553095817566,-0.24888618290424347,-0.7391689419746399
1789031881083441200,17.319441162109374,0.2198784202337265,-0.24927304685115814,-0.6481152176856995
1789031881093445400,17.3294453125,0.13119809329509735,-0.16110830008983612,-0.5941441059112549
1789031881103448300,17.3394482421875,0.08119159191846848,0.024857059121131897,-0.6195567846298218
1789031881113451300,17.349451171875,0.07882590591907501,0.22770151495933533,-0.6817197799682617
1789031881123454200,17.3594541015625,0.09277746081352234,0.3657921850681305,-0.7052690982818604
1789031881133457200,17.36945703125,0.12591224908828735,0.3779931962490082,-0.6333565711975098
1789031881143461000,17.379461181640625,0.1379600316286087,0.29252102971076965,-0.5015811324119568
1789031881153464300,17.38946435546875,0.1054241955280304,0.25292277336120605,-0.39712899923324585
1789031881163467300,17.39946728515625,0.0593172051012516,0.3206351697444916,-0.3759191036224365
1789031881173470200,17.40947021484375,0.04503520205616951,0.3872333765029907,-0.4320327043533325
1789031881183473400,17.419473388671875,0.028517792001366615,0.3331262469291687,-0.4602116644382477
1789031881193477400,17.429477294921874,0.015165502205491066,0.2542543411254883,-0.4030037522315979
1789031881203480300,17.439480224609376,0.01875114068388939,0.25655195116996765,-0.31638893485069275
1789031881213483300,17.449483154296875,0.054472118616104126,0.29022178053855896,-0.26364076137542725
1789031881223486200,17.459486328125,0.06046266108751297,0.250226229429245,-0.24808847904205322
1789031881233489200,17.4694892578125,0.040223971009254456,0.1360298991203308,-0.1416536420583725
1789031881243493400,17.479493408203126,0.030039489269256592,0.05750130116939545,0.04502730816602707
1789031881253496000,17.48949609375,0.03967320919036865,0.01577143371105194,0.16575878858566284
1789031881263499300,17.499499267578123,0.07545330375432968,-0.05927150323987007,0.13213665783405304
1789031881273502500,17.50950244140625,0.09477666765451431,-0.17150643467903137,0.012513313442468643
1789031881283505200,17.519505126953124,0.0993107408285141,-0.2011425495147705,-0.02742907777428627
1789031881293509000,17.529509033203126,0.12621745467185974,-0.18441790342330933,0.020629793405532837
1789031881303512300,17.53951220703125,0.13215236365795135,-0.1908280849456787,0.062295444309711456
1789031881313515300,17.549515380859376,0.13551487028598785,-0.19811049103736877,0.030013402923941612
1789031881323518200,17.559518310546874,0.1518220752477646,-0.23788706958293915,-0.04350518807768822
1789031881333521400,17.569521484375,0.17319634556770325,-0.28615736961364746,-0.043599195778369904
1789031881343525000,17.579525146484375,0.17995736002922058,-0.3038317561149597,0.028007837012410164
1789031881353528300,17.5895283203125,0.17302247881889343,-0.30449968576431274,0.13343706727027893
1789031881363531300,17.59953125,0.15659178793430328,-0.28384310007095337,0.2234863042831421
1789031881373534200,17.6095341796875,0.12390733510255814,-0.2039695531129837,0.2893340289592743
1789031881383537400,17.619537353515625,0.09242694079875946,-0.11763065308332443,0.3077034056186676
1789031881393541400,17.629541259765624,0.07784107327461243,-0.1108475849032402,0.33477869629859924
1789031881403544000,17.6395439453125,0.07351407408714294,-0.14085663855075836,0.405450701713562
1789031881413547300,17.64954736328125,0.08966188132762909,-0.1468953639268875,0.4813459813594818
1789031881423550500,17.659550537109375,0.1418219357728958,-0.09224622696638107,0.4776296019554138
1789031881433554200,17.66955419921875,0.1628534495830536,-0.012182554230093956,0.41800329089164734
1789031881443557400,17.679557373046876,0.1471003293991089,0.03964560478925705,0.44693854451179504
1789031881453560300,17.689560302734375,0.1680213212966919,0.12124566733837128,0.6191052198410034
1789031881463563300,17.699563232421873,0.2592097818851471,0.31831759214401245,0.7729212045669556
1789031881473566200,17.709566162109375,0.34612974524497986,0.5180912017822266,0.7864208221435547
1789031881483569400,17.7195693359375,0.35711774230003357,0.5980972051620483,0.7137672901153564
1789031881493574100,17.72957421875,0.26975300908088684,0.51183021068573,0.657459020614624
1789031881503577000,17.7395771484375,0.1209300309419632,0.2778906524181366,0.6799687743186951
1789031881513580000,17.749580078125,0.027782779186964035,0.057571861892938614,0.7416049838066101
1789031881523583200,17.759583251953124,0.041501451283693314,-0.031107094138860703,0.7300205826759338
1789031881533587000,17.7695869140625,0.11211277544498444,0.037648268043994904,0.6212291121482849
1789031881543590100,17.779590087890625,0.1159442663192749,0.15277664363384247,0.48241105675697327
1789031881553593000,17.789593017578124,0.06723984330892563,0.1633312851190567,0.3899463713169098
1789031881563596000,17.799595947265626,0.019871322438120842,0.06031259521842003,0.3493184447288513
1789031881573599000,17.809598876953125,0.017070742323994637,-0.017376074567437172,0.3338952660560608
1789031881583603200,17.819603271484375,0.007385315839201212,-0.02496515028178692,0.31963300704956055
1789031881593606000,17.82960595703125,-0.0398666188120842,0.010238110087811947,0.3293258547782898
1789031881603609000,17.839609130859376,-0.09650430828332901,0.03224442899227142,0.35762113332748413
1789031881613612300,17.8496123046875,-0.1369720995426178,0.017037516459822655,0.3884160816669464
1789031881623615000,17.859614990234373,-0.1604304313659668,-0.046706072986125946,0.4152829647064209
1789031881633619000,17.869618896484376,-0.18675658106803894,-0.15479393303394318,0.44254282116889954
1789031881643622100,17.8796220703125,-0.21866801381111145,-0.28114327788352966,0.4520331025123596
1789031881653625000,17.889625,-0.2699376046657562,-0.37528762221336365,0.44554564356803894
1789031881663628000,17.8996279296875,-0.32990559935569763,-0.4024931490421295,0.4295978248119354
1789031881673631000,17.909630859375,-0.3655850291252136,-0.3763699233531952,0.4020538330078125
1789031881683635000,17.919635009765624,-0.340020090341568,-0.4034792184829712,0.35376837849617004
1789031881693638100,17.92963818359375,-0.27481764554977417,-0.5038558840751648,0.29814931750297546
1789031881703641000,17.93964111328125,-0.2453404664993286,-0.5848012566566467,0.2585878372192383
1789031881713644000,17.94964404296875,-0.2566823363304138,-0.6011477708816528,0.23282867670059204
1789031881723647200,17.959647216796874,-0.2558697760105133,-0.5688668489456177,0.2144528329372406
1789031881733651200,17.969651123046877,-0.2551635205745697,-0.4966792166233063,0.1727977991104126
1789031881743654000,17.97965380859375,-0.265286386013031,-0.3660966455936432,0.08010616898536682
1789031881753657000,17.989656982421874,-0.23970726132392883,-0.24172593653202057,-0.020587686449289322
1789031881763660000,17.999659912109376,-0.1390688419342041,-0.2333982288837433,-0.07054934650659561
1789031881773663000,18.0096630859375,-0.05020369589328766,-0.2273150384426117,-0.07429827749729156
1789031881783667200,18.019667236328125,-0.0393155962228775,-0.10092271864414215,-0.08953611552715302
1789031881793670100,18.029670166015624,-0.09379775077104568,0.08367615193128586,-0.14349761605262756
1789031881803673000,18.039673095703126,-0.13168089091777802,0.18268920481204987,-0.18847446143627167
1789031881813676000,18.049676025390625,-0.1145186796784401,0.11685612052679062,-0.14889295399188995
1789031881823679000,18.059678955078127,-0.10318490862846375,-0.023879852145910263,-0.022102167829871178
1789031881833683000,18.069682861328126,-0.09597253054380417,-0.08528382331132889,0.07693733274936676
1789031881843686100,18.07968603515625,-0.08982859551906586,-0.08216304332017899,0.08586129546165466
1789031881853688800,18.089688720703126,-0.09183289110660553,-0.08068791776895523,0.050246309489011765
1789031881863692000,18.099692138671877,-0.09815707802772522,-0.056909989565610886,0.03252401575446129
1789031881873695200,18.1096953125,-0.10573697090148926,-0.051125869154930115,0.045569777488708496
1789031881883699200,18.11969921875,-0.11809612810611725,-0.05743248760700226,0.09383315593004227
1789031881893702100,18.1297021484375,-0.1125413104891777,-0.019420921802520752,0.15353722870349884
1789031881903705000,18.139705078125,-0.09848039597272873,0.1077987551689148,0.18118220567703247
1789031881913708000,18.1497080078125,-0.09918879717588425,0.25959068536758423,0.17762982845306396
1789031881923711000,18.1597109375,-0.09756447374820709,0.3329797685146332,0.17286644876003265
1789031881933715200,18.169715087890626,-0.07200025767087936,0.35501477122306824,0.16478854417800903
1789031881943718000,18.1797177734375,-0.04911570996046066,0.41125667095184326,0.1372876614332199
1789031881953721000,18.18972119140625,-0.05828843638300896,0.5562178492546082,0.08122014254331589
1789031881963724000,18.19972412109375,-0.08543329685926437,0.7421161532402039,0.01828516274690628
1789031881973727000,18.20972705078125,-0.09120862185955048,0.891897976398468,-0.03262754902243614
1789031881983731000,18.21973095703125,-0.06440228223800659,0.9481121897697449,-0.056246619671583176
1789031881993734100,18.229734130859374,-0.031122352927923203,0.9056041836738586,-0.06415142118930817
1789031882003737000,18.239737060546876,-0.012701558880507946,0.8139632940292358,-0.07504265755414963
1789031882013740000,18.249739990234374,-0.003563453909009695,0.7454249858856201,-0.10901607573032379
1789031882023743200,18.2597431640625,-0.02290390059351921,0.7028988599777222,-0.14728806912899017
1789031882033747000,18.269746826171875,-0.044942088425159454,0.6962785124778748,-0.16742822527885437
1789031882043750100,18.279750244140626,-0.05793371424078941,0.6902697682380676,-0.144858255982399
1789031882053753000,18.289753173828124,-0.04931359365582466,0.6581456661224365,-0.09430107474327087
1789031882063756000,18.299756103515627,-0.003033195622265339,0.6155558228492737,-0.06317004561424255
1789031882073759000,18.309759033203125,0.04739855229854584,0.5598859190940857,-0.06091674044728279
1789031882083763200,18.31976318359375,0.10812533646821976,0.5250733494758606,-0.1088147982954979
1789031882093766000,18.329765869140626,0.15343210101127625,0.47804272174835205,-0.17578956484794617
1789031882103769000,18.33976904296875,0.15544061362743378,0.3649264872074127,-0.22822052240371704
1789031882113772000,18.34977197265625,0.12050792574882507,0.1430303156375885,-0.23582623898983002
1789031882123775000,18.35977490234375,0.07322448492050171,-0.0840468630194664,-0.23127350211143494
1789031882133779000,18.369779052734376,0.05506092682480812,-0.170609712600708,-0.25126078724861145
1789031882143782100,18.3797822265625,0.09163018316030502,-0.13705529272556305,-0.29302719235420227
1789031882153785000,18.38978515625,0.12238968908786774,-0.1256820112466812,-0.32517606019973755
1789031882163788000,18.3997880859375,0.13168711960315704,-0.1836898922920227,-0.34307098388671875
1789031882173791200,18.409791259765626,0.1394507735967636,-0.27463260293006897,-0.3740576505661011
1789031882183795000,18.419794921875,0.1221332997083664,-0.24412329494953156,-0.47841575741767883
1789031882193798100,18.429798095703124,0.1459030658006668,-0.07288336753845215,-0.6551759243011475
1789031882203801000,18.439801025390626,0.16551217436790466,0.0610353946685791,-0.8083499670028687
1789031882213804000,18.449803955078124,0.14127421379089355,0.03027321770787239,-0.8481008410453796
1789031882223807000,18.459806884765626,0.10446743667125702,-0.10131525993347168,-0.8141779899597168
1789031882233811200,18.469811279296874,0.05092645063996315,-0.14171460270881653,-0.7968749403953552
1789031882243814000,18.47981396484375,-0.014325310476124287,-0.06404829770326614,-0.8327814340591431
1789031882253817000,18.489817138671874,-0.02322639338672161,0.05295422300696373,-0.8997088074684143
1789031882263820300,18.4998203125,-0.04091058298945427,0.07577618211507797,-0.9054623246192932
1789031882273823000,18.509822998046875,-0.059658702462911606,-0.0816107764840126,-0.8027151823043823
1789031882283826200,18.519826171875,-0.11468832939863205,-0.2114635556936264,-0.6907618045806885
1789031882293830100,18.529830078125,-0.13997291028499603,-0.06666961312294006,-0.6644399166107178
1789031882303833000,18.5398330078125,-0.05592014268040657,0.2562786340713501,-0.7491790056228638
1789031882313836000,18.5498359375,0.05577389895915985,0.42491212487220764,-0.7876304984092712
1789031882323839200,18.559839111328124,0.0881529450416565,0.37887799739837646,-0.6583402156829834
1789031882333842000,18.569842041015626,0.07001708447933197,0.30626076459884644,-0.454606831073761
1789031882343846100,18.57984619140625,0.04725636914372444,0.35609719157218933,-0.27253153920173645
1789031882353849000,18.58984912109375,0.03279407322406769,0.45864221453666687,-0.18468637764453888
1789031882363852000,18.59985205078125,0.027453351765871048,0.49177488684654236,-0.1744968444108963
1789031882373855200,18.609855224609376,0.035247091203927994,0.44494640827178955,-0.16792894899845123
1789031882383858000,18.61985791015625,0.06703458726406097,0.3761709928512573,-0.15508878231048584
1789031882393862000,18.62986181640625,0.07800547778606415,0.2912587821483612,-0.1379537433385849
1789031882403865000,18.639864990234376,0.0533587746322155,0.21327073872089386,-0.10562008619308472
1789031882413868300,18.649868408203126,0.017596781253814697,0.21597492694854736,-0.04858449101448059
1789031882423871000,18.65987109375,0.01322382315993309,0.2724123001098633,-0.02015307918190956
1789031882433874200,18.669874267578123,0.0342731811106205,0.2810095250606537,-0.01574607938528061
1789031882443878100,18.679878173828126,0.05671911686658859,0.2097550928592682,0.00620820838958025
1789031882453881000,18.689881103515624,0.03265133127570152,0.12514406442642212,0.06281343102455139
1789031882463884000,18.699884033203126,-0.010080860927700996,0.12156178057193756,0.11579082161188126
1789031882473887000,18.709886962890625,-0.028073176741600037,0.11564263701438904,0.12143805623054504
1789031882483890200,18.71989013671875,-0.03066854737699032,0.046688057482242584,0.14619170129299164
1789031882493893400,18.729893310546874,-0.019104301929473877,-0.08946126699447632,0.22589930891990662
1789031882503896600,18.739896484375,0.012356989085674286,-0.22991563379764557,0.26889708638191223
1789031882513899300,18.749899169921875,0.020162446424365044,-0.3013243079185486,0.1864655762910843
1789031882523902500,18.75990234375,-0.01130066066980362,-0.3249131441116333,0.04793539643287659
1789031882533905400,18.769905517578124,-0.03055638074874878,-0.3059530258178711,0.01435293909162283
1789031882543909400,18.779909423828126,-0.021284103393554688,-0.3117677569389343,0.057848792523145676
1789031882553912300,18.789912353515625,0.019603142514824867,-0.3431861400604248,0.09099635481834412
1789031882563915500,18.79991552734375,0.06480524688959122,-0.38673049211502075,0.06004643067717552
1789031882573918500,18.80991845703125,0.10720942914485931,-0.44152796268463135,-0.002527469303458929
1789031882583921400,18.81992138671875,0.13197708129882812,-0.49333053827285767,-0.0563744492828846
1789031882593925400,18.82992529296875,0.18137525022029877,-0.5223901867866516,-0.06374847143888474
1789031882603928300,18.83992822265625,0.2389913648366928,-0.5378372669219971,0.0033893242944031954
1789031882613931500,18.849931640625,0.28749844431877136,-0.524387538433075,0.12767425179481506
1789031882623934500,18.8599345703125,0.323381632566452,-0.4817144572734833,0.24814152717590332
1789031882633937400,18.8699375,0.3330254554748535,-0.41486459970474243,0.2903481125831604
1789031882643941400,18.87994140625,0.29842597246170044,-0.36842384934425354,0.27483808994293213
1789031882653944600,18.889944580078126,0.2468181848526001,-0.3519143760204315,0.2667527198791504
1789031882663947300,18.899947265625,0.1908385455608368,-0.3158544600009918,0.293935090303421
1789031882673950500,18.909950439453127,0.16781392693519592,-0.19524814188480377,0.33283692598342896
1789031882683953400,18.919953369140625,0.16422533988952637,-0.051965728402137756,0.3991940915584564
1789031882693957400,18.929957275390624,0.15589258074760437,0.0449427105486393,0.4645155668258667
1789031882703960300,18.939960205078126,0.14412088692188263,0.12563592195510864,0.5001430511474609
1789031882713963500,18.949963623046877,0.14470066130161285,0.21157214045524597,0.5108548402786255
1789031882723966500,18.959966552734375,0.14738339185714722,0.284189373254776,0.5231097340583801
1789031882733969400,18.969969482421874,0.1337765008211136,0.3339760899543762,0.580274224281311
1789031882743973400,18.979973388671876,0.10702390223741531,0.3345646858215332,0.6833658814430237
1789031882753976300,18.989976318359375,0.07762473821640015,0.3048752546310425,0.779874324798584
1789031882763979500,18.9999794921875,0.06450572609901428,0.3119661509990692,0.8146634101867676
1789031882773982200,19.009982177734376,0.04389551654458046,0.3133930563926697,0.7835590243339539
1789031882783985400,19.0199853515625,-0.012876743450760841,0.255892276763916,0.7423403263092041
1789031882793988400,19.02998828125,-0.09976743161678314,0.15842273831367493,0.7255005836486816
1789031882803992600,19.03999267578125,-0.19144678115844727,0.07060784101486206,0.7001265287399292
1789031882813995300,19.049995361328126,-0.24824054539203644,0.024843284860253334,0.6579979658126831
1789031882823998500,19.05999853515625,-0.2702092230319977,-0.048511605709791183,0.5968600511550903
1789031882834001400,19.07000146484375,-0.2957097887992859,-0.17116189002990723,0.5465289950370789
1789031882844004400,19.08000439453125,-0.3289942443370819,-0.34355098009109497,0.5125467777252197
1789031882854008300,19.09000830078125,-0.35589882731437683,-0.48913028836250305,0.4771386981010437
1789031882864011300,19.10001123046875,-0.3722754418849945,-0.5626040697097778,0.44937050342559814
1789031882874014500,19.110014404296876,-0.38206735253334045,-0.5773108005523682,0.4288998544216156
1789031882884017400,19.120017333984375,-0.3971850574016571,-0.5958814024925232,0.41369640827178955
1789031882894020400,19.130020263671874,-0.4274961054325104,-0.6536991596221924,0.4121040999889374
1789031882904024300,19.1400244140625,-0.4242272675037384,-0.7354497909545898,0.40979963541030884
1789031882914027500,19.150027587890627,-0.3886743485927582,-0.7963091135025024,0.3986532390117645
1789031882924030200,19.1600302734375,-0.3415350019931793,-0.8304487466812134,0.3644459545612335
1789031882934033400,19.170033447265624,-0.29244866967201233,-0.8417309522628784,0.30665719509124756
1789031882944036600,19.18003662109375,-0.2612425684928894,-0.8288116455078125,0.25798290967941284
1789031882954040300,19.190040283203125,-0.24106886982917786,-0.800749659538269,0.22616131603717804
1789031882964043300,19.200043212890623,-0.24450252950191498,-0.7599179744720459,0.20773787796497345
1789031882974046500,19.21004638671875,-0.23604220151901245,-0.6682450175285339,0.16435152292251587
1789031882984049400,19.22004931640625,-0.218452587723732,-0.5498369932174683,0.055239979177713394
1789031882994052400,19.23005224609375,-0.1928367018699646,-0.4578462839126587,-0.07398964464664459
1789031883004056600,19.240056640625,-0.15638141334056854,-0.45833712816238403,-0.1461978703737259
1789031883014059300,19.250059326171876,-0.1262032687664032,-0.5383832454681396,-0.11663704365491867
1789031883024062500,19.2600625,-0.13037990033626556,-0.5501848459243774,-0.038937464356422424
1789031883034065400,19.2700654296875,-0.1647128462791443,-0.4213310480117798,-0.004235407337546349
1789031883044068400,19.280068359375,-0.2299879789352417,-0.27402007579803467,-0.0488571971654892
1789031883054072300,19.290072265625,-0.3135659396648407,-0.21162675321102142,-0.12048424780368805
1789031883064075500,19.300075439453124,-0.37703225016593933,-0.2403145730495453,-0.15733018517494202
1789031883074078200,19.310078125,-0.37087342143058777,-0.271084725856781,-0.1269025057554245
1789031883084081400,19.320081298828125,-0.30165690183639526,-0.2726501226425171,-0.06978294253349304
1789031883094084600,19.330084716796875,-0.24755343794822693,-0.25638753175735474,-0.05653398483991623
1789031883104087300,19.34008740234375,-0.26057860255241394,-0.17075420916080475,-0.09541141986846924
1789031883114091500,19.350091552734376,-0.31507647037506104,-0.04342794790863991,-0.14805465936660767
1789031883124094500,19.360094482421875,-0.33541107177734375,-0.039465371519327164,-0.18438945710659027
1789031883134097400,19.370097412109374,-0.28802597522735596,-0.16325655579566956,-0.19545330107212067
1789031883144100400,19.380100341796876,-0.24706263840198517,-0.18605269491672516,-0.1609157770872116
1789031883154103600,19.390103515625,-0.2578822672367096,0.0008921456756070256,-0.11228246241807938
1789031883164107300,19.400107177734377,-0.3168443441390991,0.262748658657074,-0.08528043329715729
1789031883174110500,19.4101103515625,-0.34783661365509033,0.4389228820800781,-0.09335514158010483
1789031883184113400,19.420113525390626,-0.3018481433391571,0.45503079891204834,-0.10201571136713028
1789031883194116400,19.430116455078124,-0.22159722447395325,0.4053495526313782,-0.09325284510850906
1789031883204119600,19.44011962890625,-0.18808557093143463,0.45533356070518494,-0.049219369888305664
1789031883214123500,19.45012353515625,-0.18962647020816803,0.6251529455184937,-0.0024928785860538483
1789031883224126500,19.46012646484375,-0.18353261053562164,0.809960663318634,0.01919296383857727
1789031883234129400,19.47012939453125,-0.15546129643917084,0.9329001307487488,0.011577920988202095
1789031883244132600,19.480132568359377,-0.09130924940109253,0.919464111328125,-0.010145183652639389
1789031883254135300,19.49013525390625,-0.02217624895274639,0.7674098610877991,-0.025394709780812263
1789031883264139500,19.500139404296874,0.017792485654354095,0.5691418647766113,-0.04782998934388161
1789031883274142500,19.510142578125,0.042395833879709244,0.4584696292877197,-0.0910099521279335
1789031883284145400,19.5201455078125,0.05273352563381195,0.4455443024635315,-0.12784233689308167
1789031883294148400,19.5301484375,0.06602589040994644,0.48178964853286743,-0.13274282217025757
1789031883304151300,19.5401513671875,0.09197907149791718,0.5198650360107422,-0.13330624997615814
1789031883314155300,19.5501552734375,0.10260508209466934,0.5272047519683838,-0.1424078643321991
1789031883324158500,19.560158447265625,0.09812085330486298,0.5061670541763306,-0.15956634283065796
1789031883334161400,19.570161376953124,0.09656503051519394,0.4357922077178955,-0.15504109859466553
1789031883344164400,19.580164306640626,0.10234414041042328,0.362892746925354,-0.1382714956998825
1789031883354167600,19.59016748046875,0.11193444579839706,0.30685609579086304,-0.12167041003704071
1789031883364170200,19.600170166015626,0.10084979236125946,0.28732532262802124,-0.12634021043777466
1789031883374174500,19.610174560546874,0.06983914971351624,0.29483142495155334,-0.15802784264087677
1789031883384177400,19.620177490234376,0.04477938637137413,0.3170793950557709,-0.2136157751083374
1789031883394180400,19.630180419921874,0.035064972937107086,0.2959440052509308,-0.24533456563949585
1789031883404183300,19.640183349609377,0.07637438923120499,0.2709581255912781,-0.2392388880252838
1789031883414186500,19.6501865234375,0.12934865057468414,0.2651748061180115,-0.22490017116069794
1789031883424190500,19.6601904296875,0.1463678777217865,0.28817522525787354,-0.2541840374469757
1789031883434193400,19.670193359375,0.14889176189899445,0.2926773130893707,-0.33394891023635864
1789031883444196400,19.6801962890625,0.14371265470981598,0.208891823887825,-0.40970543026924133
1789031883454199300,19.69019921875,0.10499721020460129,0.025891117751598358,-0.43449491262435913
1789031883464202500,19.700202392578124,0.06621626764535904,-0.1731552928686142,-0.43539828062057495
1789031883474206500,19.71020654296875,0.04877442494034767,-0.2630939483642578,-0.44969332218170166
1789031883484209400,19.72020947265625,0.04874546825885773,-0.23159591853618622,-0.4899393320083618
1789031883494212900,19.730212890625,0.04864213988184929,-0.12134718894958496,-0.57600337266922
1789031883504215800,19.7402158203125,0.08319343626499176,0.028234343975782394,-0.7091907262802124
1789031883514218800,19.75021875,0.12772735953330994,0.070895254611969,-0.7998687028884888
1789031883524223000,19.760222900390627,0.15256759524345398,-0.0666351169347763,-0.810418963432312
1789031883534225700,19.7702255859375,0.16067291796207428,-0.2853027582168579,-0.7475795149803162
1789031883544228900,19.780228759765624,0.15960583090782166,-0.3765168786048889,-0.7091237902641296
1789031883554231800,19.790231689453126,0.20652247965335846,-0.3035055100917816,-0.7353242039680481
1789031883564234800,19.80023486328125,0.2503671944141388,-0.10942462831735611,-0.812581479549408
1789031883574238700,19.81023876953125,0.2581084668636322,0.1007150262594223,-0.8708314895629883
1789031883584242000,19.820241943359374,0.28688502311706543,0.23153570294380188,-0.8195192813873291
1789031883594244600,19.83024462890625,0.30749043822288513,0.33779504895210266,-0.6690850853919983
1789031883604247800,19.840247802734375,0.3420068025588989,0.4927830398082733,-0.5498199462890625
1789031883614251000,19.8502509765625,0.41124260425567627,0.6464277505874634,-0.5560171008110046
1789031883624253700,19.860253662109375,0.46006134152412415,0.6087342500686646,-0.6095101237297058
1789031883634258000,19.8702578125,0.4114980697631836,0.40639767050743103,-0.5376269221305847
1789031883644260900,19.8802607421875,0.324360191822052,0.30737245082855225,-0.36358773708343506
1789031883654263800,19.890263916015623,0.23893211781978607,0.45551398396492004,-0.2809293270111084
1789031883664266800,19.900266845703126,0.16319507360458374,0.5906912088394165,-0.34746816754341125
1789031883674270000,19.91027001953125,0.09922221302986145,0.5012111067771912,-0.45195943117141724
1789031883684273700,19.920273681640627,0.032043423503637314,0.1977739781141281,-0.408419132232666
1789031883694276900,19.93027685546875,-0.0015614083968102932,-0.03255535289645195,-0.20936596393585205
1789031883704279800,19.94027978515625,0.06864532083272934,-0.00554495258256793,-0.05158374458551407
1789031883714282800,19.95028271484375,0.10791948437690735,0.00810321606695652,-0.022601628676056862
1789031883724286000,19.960285888671876,0.12945564091205597,-0.04620378464460373,-0.08800111711025238
1789031883734290000,19.9702900390625,0.17319779098033905,-0.11658740788698196,-0.12676076591014862
1789031883744292900,19.98029296875,0.16888800263404846,-0.19539985060691833,-0.0755138173699379
1789031883754295800,19.9902958984375,0.13367755711078644,-0.23150059580802917,0.028223762288689613
1789031883764299000,20.000299072265626,0.12499010562896729,-0.2042345255613327,0.06045728176832199
1789031883774301700,20.0103017578125,0.1409032940864563,-0.21058402955532074,-0.1051495224237442
1789031883784305000,20.020304931640624,0.1292756199836731,-0.32781004905700684,-0.3538613021373749
1789031883794308900,20.030308837890626,0.06552140414714813,-0.41074463725090027,-0.34259000420570374
1789031883804311800,20.040311767578125,0.029604515060782433,-0.35837602615356445,-0.08804939687252045
1789031883814314800,20.050314697265627,0.04287504777312279,-0.2642149031162262,0.14324773848056793
1789031883824318000,20.06031787109375,0.11283467710018158,-0.21161672472953796,0.19661696255207062
1789031883834321000,20.07032080078125,0.16675010323524475,-0.2247229367494583,0.11795064806938171
1789031883844324900,20.080324951171875,0.18334104120731354,-0.2898396849632263,0.06014382839202881
1789031883854327800,20.090327880859373,0.17391744256019592,-0.36657947301864624,0.1406746357679367
1789031883864330800,20.100330810546875,0.13744273781776428,-0.3554482161998749,0.3341272175312042
1789031883874334000,20.110333984375,0.10648563504219055,-0.2654988765716553,0.4883468747138977
1789031883884336600,20.120336669921876,0.10465077310800552,-0.1411069929599762,0.5196616053581238
1789031883894340900,20.1303408203125,0.12361062318086624,-0.054011229425668716,0.48820993304252625
1789031883904343800,20.14034375,0.13317933678627014,-0.010942366905510426,0.49257221817970276
1789031883914347000,20.150346923828124,0.13026529550552368,0.01667913980782032,0.5959928631782532
1789031883924349700,20.160349609375,0.14972661435604095,0.05635711923241615,0.757757306098938
1789031883934353000,20.170352783203125,0.18886949121952057,0.155531108379364,0.9132184982299805
1789031883944355800,20.18035595703125,0.21735285222530365,0.27978938817977905,0.9957519173622131
1789031883954359800,20.19035986328125,0.2143906205892563,0.36852937936782837,0.9964382648468018
1789031883964362800,20.20036279296875,0.17810401320457458,0.3212401866912842,0.9575635194778442
1789031883974365700,20.21036572265625,0.1069486141204834,0.14361639320850372,0.8927973508834839
1789031883984369000,20.220368896484374,0.05274088680744171,-0.030281739309430122,0.7979646921157837
1789031883994371800,20.230371826171876,0.033028967678546906,-0.0846664160490036,0.684150755405426
1789031884004375800,20.240375732421874,0.04820369556546211,-0.016487956047058105,0.5862249135971069
1789031884014378800,20.250378662109377,0.042929306626319885,0.07746224105358124,0.5332227349281311
1789031884024382000,20.2603818359375,0.006879451684653759,0.07670340687036514,0.5334290862083435
1789031884034384600,20.270384521484374,-0.015476454049348831,-0.06192398443818092,0.5442860126495361
1789031884044387800,20.280387939453124,-0.051224011927843094,-0.25227025151252747,0.5354088544845581
1789031884054391800,20.290391845703127,-0.08925182372331619,-0.38793355226516724,0.5125756859779358
1789031884064394800,20.300394775390625,-0.13105742633342743,-0.4147903621196747,0.500507116317749
1789031884074397700,20.310397705078124,-0.1628856658935547,-0.3684785068035126,0.4891863167285919
1789031884084401000,20.32040087890625,-0.17855289578437805,-0.34314829111099243,0.4787953197956085
1789031884094403800,20.33040380859375,-0.16329644620418549,-0.3891431987285614,0.4893486499786377
1789031884104406800,20.34040673828125,-0.1275896579027176,-0.4886188805103302,0.5061348676681519
1789031884114410800,20.35041064453125,-0.10504146665334702,-0.5852096080780029,0.5049359202384949
1789031884124413700,20.36041357421875,-0.1335713118314743,-0.6325177550315857,0.48920881748199463
1789031884134417000,20.3704169921875,-0.20273227989673615,-0.6514768004417419,0.4592530429363251
1789031884144419800,20.380419921875,-0.2518796920776367,-0.6684301495552063,0.43573158979415894
1789031884154422800,20.3904228515625,-0.2494540959596634,-0.7091480493545532,0.4214740991592407
1789031884164426800,20.4004267578125,-0.22841748595237732,-0.7421141266822815,0.38479915261268616
1789031884174430000,20.410429931640625,-0.22823798656463623,-0.7350834012031555,0.3257765769958496
1789031884184432600,20.4204326171875,-0.24724334478378296,-0.724915623664856,0.2566877603530884
1789031884194435800,20.430435791015626,-0.23938408493995667,-0.7560663819313049,0.20097681879997253
1789031884204439000,20.44043896484375,-0.2109663486480713,-0.7660292983055115,0.16243533790111542
1789031884214442800,20.45044287109375,-0.1861685961484909,-0.7021400332450867,0.1373233199119568
1789031884224445700,20.46044580078125,-0.1890764981508255,-0.5613951086997986,0.09976129978895187
1789031884234449000,20.470448974609376,-0.21162734925746918,-0.3746044635772705,0.04597317427396774
1789031884244451800,20.480451904296874,-0.23593471944332123,-0.14535588026046753,0.010135196149349213
1789031884254454800,20.490454833984376,-0.23388008773326874,-0.0003614082816056907,0.013236446306109428
1789031884264457700,20.500457763671875,-0.21246783435344696,0.02987266331911087,0.024393029510974884
1789031884274461700,20.510461669921874,-0.20395822823047638,-0.003551606321707368,0.0029196953400969505
1789031884284465000,20.52046484375,-0.23068983852863312,-0.010966368019580841,-0.026269709691405296
1789031884294467800,20.5304677734375,-0.2612254023551941,0.020522048696875572,-0.05070394650101662
1789031884304470800,20.540470703125,-0.2674277424812317,0.075471431016922,-0.05146046355366707
1789031884314474000,20.550473876953124,-0.21938617527484894,0.059430405497550964,-0.062159448862075806
1789031884324478000,20.56047802734375,-0.16498462855815887,-0.026009853929281235,-0.10412214696407318
1789031884334480600,20.570480712890625,-0.14435018599033356,-0.09057366847991943,-0.17001141607761383
1789031884344483800,20.58048388671875,-0.16165679693222046,-0.041005104780197144,-0.21408668160438538
1789031884354486800,20.59048681640625,-0.19577695429325104,0.0425499752163887,-0.16122347116470337
1789031884364489700,20.60048974609375,-0.2061992734670639,0.061426177620887756,-0.01796109229326248
1789031884374493000,20.610492919921874,-0.18254879117012024,0.11584495007991791,0.0911555364727974
1789031884384497000,20.620496826171873,-0.2100825309753418,0.34266453981399536,0.12455272674560547
1789031884394499800,20.630499755859375,-0.2918327748775482,0.6140590310096741,0.08744850009679794
1789031884404502800,20.640502685546874,-0.32174476981163025,0.7069708704948425,0.011630077846348286
1789031884414505700,20.650505615234376,-0.27415406703948975,0.6694765090942383,-0.04970944672822952
1789031884424509000,20.660509033203127,-0.19754186272621155,0.6745312213897705,-0.07555913180112839
1789031884434513000,20.670512939453126,-0.14571169018745422,0.7827115058898926,-0.06550011038780212
1789031884444515600,20.680515625,-0.11562830954790115,0.9055716395378113,-0.043708302080631256
1789031884454518800,20.690518798828126,-0.07020063698291779,0.9852233529090881,-0.03056400641798973
1789031884464522000,20.70052197265625,-0.017660457640886307,0.9878983497619629,-0.03434889763593674
1789031884474524700,20.710524658203123,0.000604298897087574,0.9319405555725098,-0.05626058578491211
1789031884484527900,20.72052783203125,-0.0015227029798552394,0.8457365036010742,-0.09997482597827911
1789031884494531300,20.73053125,-0.006306272931396961,0.763272225856781,-0.1445247232913971
1789031884504534500,20.740534423828127,0.010169239714741707,0.6823440194129944,-0.17209392786026
1789031884514537200,20.750537109375,0.033499594777822495,0.5896081924438477,-0.1725005954504013
1789031884524540400,20.76054052734375,0.057049162685871124,0.5062656402587891,-0.18723534047603607
1789031884534543600,20.770543701171874,0.060244426131248474,0.45381417870521545,-0.2371871918439865
1789031884544547300,20.78054736328125,0.04948339983820915,0.38624298572540283,-0.2782456874847412
1789031884554550500,20.790550537109375,0.03467942029237747,0.2702023983001709,-0.2654697000980377
1789031884564553500,20.800553466796874,0.024898454546928406,0.17612026631832123,-0.21448244154453278
1789031884574556400,20.810556396484376,0.04379730671644211,0.17003147304058075,-0.17169955372810364
1789031884584559400,20.820559326171875,0.07106487452983856,0.21885502338409424,-0.1682523638010025
1789031884594563600,20.8305634765625,0.08821350336074829,0.2708601653575897,-0.20838114619255066
1789031884604566300,20.840566162109376,0.0936623141169548,0.2871744632720947,-0.2707526385784149
1789031884614569500,20.850569580078126,0.09473929554224014,0.25797581672668457,-0.33195579051971436
1789031884624572400,20.860572509765625,0.09541384875774384,0.21702216565608978,-0.39814063906669617
1789031884634575400,20.870575439453123,0.10487233102321625,0.16566815972328186,-0.4467476010322571
1789031884644578600,20.88057861328125,0.09757223725318909,0.10386919230222702,-0.4622875154018402
1789031884654582500,20.89058251953125,0.1008649691939354,0.0011955462396144867,-0.4645152688026428
1789031884664585500,20.90058544921875,0.0758136585354805,-0.07881810516119003,-0.4853995144367218
1789031884674588400,20.91058837890625,0.059719912707805634,-0.0746968612074852,-0.5525550842285156
1789031884684591400,20.92059130859375,0.08854664117097855,-0.033601827919483185,-0.6310636401176453
1789031884694594300,20.93059423828125,0.1446772813796997,-0.02538810670375824,-0.6604020595550537
1789031884704598500,20.9405986328125,0.19601024687290192,-0.06293640285730362,-0.6643915176391602
1789031884714601500,20.9506015625,0.23281219601631165,-0.09725788235664368,-0.6351193785667419
1789031884724604400,20.9606044921875,0.2748331129550934,-0.05750085785984993,-0.6315086483955383
1789031884734607400,20.970607421875,0.328287810087204,0.08142666518688202,-0.6799709796905518
1789031884744610300,20.9806103515625,0.3625366687774658,0.24064934253692627,-0.7408645153045654
1789031884754613500,20.990613525390625,0.34416431188583374,0.27015581727027893,-0.7188111543655396
1789031884764617500,21.000617431640624,0.32015013694763184,0.19443920254707336,-0.6527740359306335
1789031884774620400,21.010620361328126,0.29813483357429504,0.14291369915008545,-0.6302229166030884
1789031884784623400,21.020623291015625,0.288803368806839,0.22283101081848145,-0.6957803964614868
1789031884794626600,21.03062646484375,0.27671313285827637,0.3033466041088104,-0.7660971283912659
1789031884804629200,21.040629150390625,0.28425514698028564,0.25888875126838684,-0.7274759411811829
1789031884814633500,21.050633544921876,0.2997874915599823,0.18355989456176758,-0.6007664799690247
1789031884824636400,21.060636474609375,0.35919761657714844,0.24642932415008545,-0.5318518877029419
1789031884834639400,21.070639404296877,0.4175291061401367,0.37108364701271057,-0.5498266220092773
1789031884844642300,21.080642333984375,0.4234304130077362,0.41044360399246216,-0.5542640089988708
1789031884854645500,21.0906455078125,0.3544042110443115,0.34309864044189453,-0.4310097098350525
1789031884864648400,21.1006484375,0.25604838132858276,0.3279990553855896,-0.22660866379737854
1789031884874652400,21.11065234375,0.19513282179832458,0.44109442830085754,-0.08269649744033813
1789031884884655400,21.1206552734375,0.1703803539276123,0.5394018888473511,-0.12296483665704727
1789031884894658300,21.130658203125,0.1546088457107544,0.4434008002281189,-0.28472521901130676
1789031884904661500,21.14066162109375,0.14255310595035553,0.19891269505023956,-0.37567049264907837
1789031884914664400,21.15066455078125,0.11611910164356232,0.015946874395012856,-0.2891462445259094
1789031884924668400,21.16066845703125,0.07288648188114166,0.005654244218021631,-0.1039639264345169
1789031884934671400,21.17067138671875,0.030485495924949646,0.06248397380113602,0.029933419078588486
1789031884944674600,21.180674560546876,0.035226620733737946,0.07169587910175323,0.08524017035961151
1789031884954677200,21.19067724609375,0.06938458979129791,0.015422218479216099,0.06560734659433365
1789031884964680400,21.200680419921873,0.10077403485774994,-0.07225272804498672,0.022610263898968697
1789031884974683400,21.210683349609376,0.1331745833158493,-0.13654249906539917,-0.006454144138842821
1789031884984687400,21.220687255859374,0.15328361093997955,-0.16148710250854492,-0.028640158474445343
1789031884994690300,21.230690185546877,0.1462121158838272,-0.1879464089870453,-0.04603006690740585
1789031885004693500,21.240693603515624,0.14258113503456116,-0.21380959451198578,-0.05528586730360985
1789031885014696400,21.250696533203126,0.14881959557533264,-0.2527335584163666,-0.032880958169698715
1789031885024699400,21.260699462890624,0.15244656801223755,-0.2856428623199463,0.021709047257900238
1789031885034703600,21.27070361328125,0.13015297055244446,-0.3145645260810852,0.11971497535705566
1789031885044706300,21.280706298828125,0.10749161243438721,-0.30814170837402344,0.21491391956806183
1789031885054709500,21.29070947265625,0.06919801980257034,-0.25800636410713196,0.27672243118286133
1789031885064712200,21.300712158203126,0.04018978402018547,-0.1931026428937912,0.34220585227012634
1789031885074715400,21.31071533203125,0.045151252299547195,-0.13265927135944366,0.39455747604370117
1789031885084718600,21.320718505859375,0.0807795524597168,-0.06573916971683502,0.4111897051334381
1789031885094722600,21.33072265625,0.09207162261009216,-0.036032408475875854,0.42349323630332947
1789031885104725200,21.340725341796876,0.09092676639556885,-0.014538021758198738,0.43910732865333557
1789031885114728400,21.350728515625,0.12080930173397064,0.05148174241185188,0.4649735391139984
1789031885124731400,21.3607314453125,0.16293807327747345,0.12608513236045837,0.5373247265815735
1789031885134734300,21.370734375,0.21456371247768402,0.19823123514652252,0.6668062806129456
1789031885144737500,21.380737548828126,0.24415302276611328,0.26687005162239075,0.8087354898452759
1789031885154741200,21.3907412109375,0.23161378502845764,0.3054904043674469,0.9172084331512451
1789031885164744400,21.400744384765623,0.19284038245677948,0.32082507014274597,0.9387096166610718
1789031885174747400,21.410747314453126,0.13410942256450653,0.30212995409965515,0.8658229112625122
1789031885184750300,21.420750244140624,0.06080770492553711,0.23327936232089996,0.7451290488243103
1789031885194753500,21.43075341796875,-0.0017038778169080615,0.05902528017759323,0.6350134611129761
1789031885204757500,21.440757568359373,-0.05598950758576393,-0.1594252735376358,0.5982248783111572
1789031885214760200,21.45076025390625,-0.10322652012109756,-0.3150809109210968,0.5866774320602417
1789031885224763400,21.460763427734374,-0.13744141161441803,-0.37718215584754944,0.5856205821037292
1789031885234766600,21.4707666015625,-0.16797509789466858,-0.36040371656417847,0.5771741271018982
1789031885244769300,21.480769287109375,-0.175534188747406,-0.33563849329948425,0.5601056814193726
1789031885254772500,21.4907724609375,-0.1932857632637024,-0.3770037889480591,0.5430656671524048
1789031885264776400,21.5007763671875,-0.20840586721897125,-0.46574050188064575,0.5297467112541199
1789031885274779400,21.510779296875,-0.2371959686279297,-0.5622909665107727,0.5146926641464233
1789031885284782300,21.5207822265625,-0.2749261260032654,-0.6167218089103699,0.49161720275878906
1789031885294785500,21.53078564453125,-0.3180525600910187,-0.6213943362236023,0.4561100900173187
1789031885304788200,21.540788330078126,-0.3493165969848633,-0.594315767288208,0.41987845301628113
1789031885314792400,21.55079248046875,-0.36489635705947876,-0.5680862665176392,0.40202009677886963
1789031885324795400,21.56079541015625,-0.36338698863983154,-0.5998928546905518,0.4189581573009491
1789031885334798300,21.57079833984375,-0.36086124181747437,-0.663894772529602,0.4552530348300934
1789031885344801500,21.580801513671876,-0.35341876745224,-0.726405680179596,0.4787423610687256
1789031885354804500,21.590804443359374,-0.3480572998523712,-0.7763231992721558,0.43562552332878113
1789031885364807400,21.600807373046877,-0.3451594412326813,-0.8041729927062988,0.3392065465450287
1789031885374811400,21.610811279296875,-0.3358900547027588,-0.8274527192115784,0.25135737657546997
1789031885384814600,21.620814697265626,-0.3201974630355835,-0.8304670453071594,0.20618385076522827
1789031885394817300,21.6308173828125,-0.2951672077178955,-0.8051891326904297,0.17913119494915009
1789031885404820500,21.640820556640627,-0.28148406744003296,-0.7867265939712524,0.13341078162193298
1789031885414823200,21.6508232421875,-0.26981887221336365,-0.809174120426178,0.0682474821805954
1789031885424826400,21.660826416015624,-0.25726693868637085,-0.8364327549934387,0.014595210552215576
1789031885434830300,21.670830322265626,-0.23868604004383087,-0.8320883512496948,0.0035774472635239363
1789031885444833500,21.68083349609375,-0.2403169572353363,-0.766364336013794,-0.0008399458602070808
1789031885454836500,21.69083642578125,-0.27502912282943726,-0.6525898575782776,-0.02595195733010769
1789031885464839400,21.70083935546875,-0.30440807342529297,-0.552067220211029,-0.06385884433984756
1789031885474842400,21.71084228515625,-0.33070120215415955,-0.522566020488739,-0.09578827768564224
1789031885484846300,21.720846435546875,-0.36020657420158386,-0.5610455870628357,-0.0901821106672287
1789031885494849000,21.73084912109375,-0.3592667281627655,-0.6043598055839539,-0.059334177523851395
1789031885504852000,21.74085205078125,-0.33796223998069763,-0.5686935186386108,-0.041901133954524994
1789031885514855200,21.750855224609374,-0.32895198464393616,-0.4649788737297058,-0.04871935769915581
1789031885524858000,21.760858154296876,-0.33311960101127625,-0.37206125259399414,-0.05214894190430641
1789031885534861000,21.770861083984375,-0.2937900125980377,-0.2902098000049591,-0.02908783033490181
1789031885544865000,21.780864990234374,-0.22122937440872192,-0.21186624467372894,-0.00484846718609333
1789031885554868000,21.790867919921876,-0.1745217889547348,-0.14156705141067505,-0.020937422290444374
1789031885564871200,21.80087109375,-0.1610662341117859,-0.035103488713502884,-0.061462633311748505
1789031885574873900,21.810873779296877,-0.17931793630123138,0.12621375918388367,-0.10086463391780853
1789031885584877000,21.820876953125,-0.21521183848381042,0.3258419632911682,-0.12797236442565918
1789031885594881000,21.830881103515626,-0.2458783984184265,0.5286810994148254,-0.1259067952632904
1789031885604884200,21.84088427734375,-0.25326257944107056,0.7064653635025024,-0.10261371731758118
1789031885614887000,21.850886962890623,-0.23341430723667145,0.8524776697158813,-0.06685546040534973
1789031885624890000,21.86089013671875,-0.2077147364616394,0.977895200252533,-0.004888533614575863
1789031885634893000,21.87089306640625,-0.18262429535388947,1.0377962589263916,0.09198901057243347
1789031885644896000,21.88089599609375,-0.1471947729587555,1.0020289421081543,0.18794970214366913
1789031885654900000,21.89089990234375,-0.11031744629144669,0.961033821105957,0.2137828916311264
1789031885664903000,21.90090283203125,-0.11207986623048782,1.013164758682251,0.14068840444087982
1789031885674906000,21.910906005859374,-0.12139853835105896,1.1153316497802734,0.022625409066677094
1789031885684909000,21.920908935546876,-0.10438364744186401,1.1780002117156982,-0.060545604676008224
1789031885694912000,21.930912109375,-0.06270810216665268,1.1237887144088745,-0.06636567413806915
1789031885704915000,21.9409150390625,-0.022047502920031548,0.9874107837677002,-0.02934347093105316
1789031885714919200,21.950919189453124,0.022439537569880486,0.8662880659103394,0.007172197103500366
1789031885724921900,21.960921875,0.039226312190294266,0.7835114598274231,0.005820056423544884
1789031885734925000,21.970925048828125,0.06642170995473862,0.7358033061027527,-0.03711222857236862
1789031885744928000,21.980927978515624,0.09487202018499374,0.671005129814148,-0.08349519222974777
1789031885754931000,21.990930908203126,0.13219541311264038,0.5212180018424988,-0.09381707012653351
1789031885764935000,22.000934814453124,0.1596517711877823,0.2955250144004822,-0.05585767328739166
1789031885774938000,22.010938232421875,0.17717431485652924,0.1706283688545227,-0.06445088982582092
1789031885784941000,22.020941162109374,0.1902714967727661,0.2325488179922104,-0.15229421854019165
1789031885794944000,22.030944091796876,0.19474081695079803,0.3207625448703766,-0.2493046522140503
1789031885804947200,22.040947265625,0.18519552052021027,0.24846254289150238,-0.25902679562568665
1789031885814950000,22.050949951171877,0.1631847620010376,0.03742805868387222,-0.19603903591632843
1789031885824954000,22.0609541015625,0.12885980308055878,-0.1496703326702118,-0.1348385363817215
1789031885834957000,22.07095703125,0.11144327372312546,-0.1784561723470688,-0.14713995158672333
1789031885844960000,22.0809599609375,0.13113175332546234,-0.08761753886938095,-0.222348153591156
1789031885854963000,22.090962890625,0.16663408279418945,-0.0074931480921804905,-0.30120140314102173
1789031885864966000,22.1009658203125,0.22310271859169006,0.01414439920336008,-0.35180363059043884
1789031885874969000,22.110968994140624,0.2923789620399475,0.05627374351024628,-0.41153380274772644
1789031885884973000,22.12097314453125,0.3387219309806824,0.1538688838481903,-0.49713441729545593
1789031885894976300,22.130976318359377,0.3616219460964203,0.2514476478099823,-0.5844008326530457
1789031885904979000,22.14097900390625,0.39166584610939026,0.29975035786628723,-0.6560771465301514
1789031885914982100,22.150982177734374,0.3983301520347595,0.2899691164493561,-0.6999013423919678
1789031885924984800,22.16098486328125,0.36442092061042786,0.2295706421136856,-0.7164430618286133
1789031885934989000,22.170989013671875,0.31116726994514465,0.13070744276046753,-0.6977234482765198
1789031885944992000,22.180991943359373,0.267319917678833,0.052247945219278336,-0.7051534056663513
1789031885954995000,22.190994873046876,0.24801389873027802,-0.01493162289261818,-0.7211022973060608
1789031885964998000,22.200997802734374,0.2233821004629135,-0.0651349350810051,-0.7364993691444397
1789031885975001000,22.2110009765625,0.21315902471542358,-0.08273869752883911,-0.7596065402030945
1789031885985004000,22.221004150390623,0.21069665253162384,-0.02471747063100338,-0.8334149718284607
1789031885995008000,22.231008056640626,0.21573056280612946,0.10278616100549698,-0.9398897886276245
1789031886005011200,22.24101123046875,0.21505136787891388,0.20949530601501465,-0.9935920834541321
1789031886015014000,22.251013916015626,0.18430598080158234,0.2520393133163452,-0.9402271509170532
1789031886025017000,22.26101708984375,0.1494320034980774,0.25157439708709717,-0.7894699573516846
1789031886035020000,22.27102001953125,0.1322825700044632,0.3482769727706909,-0.6277322173118591
1789031886045023000,22.28102294921875,0.1437429040670395,0.5368334054946899,-0.570597231388092
1789031886055027000,22.29102685546875,0.13827145099639893,0.6091771125793457,-0.5923855900764465
1789031886065030100,22.301030029296875,0.08955849707126617,0.4961160719394684,-0.5563940405845642
1789031886075032800,22.31103271484375,0.030417410656809807,0.3982590436935425,-0.43242576718330383
1789031886085036000,22.3210361328125,0.01132052019238472,0.39866316318511963,-0.29872289299964905
1789031886095039200,22.331039306640626,0.03538058325648308,0.40135350823402405,-0.22743834555149078
1789031886105042000,22.3410419921875,0.062107689678668976,0.310200959444046,-0.2240469753742218
1789031886115046100,22.351046142578124,0.060963064432144165,0.1424601823091507,-0.2168324738740921
1789031886125049000,22.361049072265626,0.03718733415007591,-0.008608167059719563,-0.10651122778654099
1789031886135052000,22.371052001953124,0.00137580675072968,-0.1023477092385292,0.13673309981822968
1789031886145055000,22.381054931640627,-0.018291229382157326,-0.13211247324943542,0.3435085415840149
1789031886155058200,22.39105810546875,-0.0016179777448996902,-0.14847441017627716,0.3073124587535858
1789031886165061000,22.40106103515625,0.0031300801783800125,-0.2709619700908661,0.08882254362106323
1789031886175065000,22.411065185546875,0.007826299406588078,-0.3532025218009949,0.05737113952636719
1789031886185068000,22.421068115234377,0.01948590576648712,-0.3541024327278137,0.19105835258960724
1789031886195071000,22.431071044921875,0.01517344731837511,-0.38913285732269287,0.22145673632621765
1789031886205074200,22.44107421875,-0.005615920294076204,-0.4254326820373535,0.09664764255285263
1789031886215076900,22.451076904296876,-0.014217397198081017,-0.4531239867210388,-0.06748191267251968
1789031886225081000,22.4610810546875,-0.0034942259080708027,-0.45982596278190613,-0.104509137570858
1789031886235084000,22.471083984375,0.035977017134428024,-0.4310752749443054,0.0176540557295084
1789031886245087200,22.481087158203124,0.07563596963882446,-0.37212881445884705,0.18677334487438202
1789031886255090000,22.49108984375,0.09351430088281631,-0.31307587027549744,0.3083588778972626
1789031886265093000,22.501093017578125,0.08761148154735565,-0.2687469720840454,0.37721195816993713
1789031886275096000,22.511095947265623,0.09854455292224884,-0.2502444088459015,0.43105626106262207
1789031886285100000,22.52110009765625,0.12062559276819229,-0.2597386837005615,0.5127399563789368
1789031886295103000,22.53110302734375,0.1161288470029831,-0.2805115878582001,0.6112803816795349
1789031886305106000,22.54110595703125,0.10354789346456528,-0.2895921766757965,0.706490159034729
1789031886315109000,22.551109130859373,0.08011101186275482,-0.2709263265132904,0.7642227411270142
1789031886325112000,22.561112060546876,0.06271614879369736,-0.19712503254413605,0.7880166172981262
1789031886335115000,22.571114990234374,0.048502855002880096,-0.12026408314704895,0.8323163986206055
1789031886345119000,22.581118896484377,0.04541175812482834,-0.08715777844190598,0.9029048085212708
1789031886355122200,22.5911220703125,0.05211200565099716,-0.08260909467935562,0.9360806345939636
1789031886365124900,22.601124755859374,0.0170022863894701,-0.05692201107740402,0.9016426801681519
1789031886375128000,22.611128173828124,-0.02903151884675026,-0.02682429738342762,0.8704581260681152
1789031886385131000,22.621131103515626,-0.07796500623226166,-0.022387025877833366,0.8659680485725403
1789031886395134000,22.631134033203125,-0.0864943116903305,-0.026277903467416763,0.861214280128479
1789031886405138000,22.641137939453124,-0.09680444002151489,-0.050801001489162445,0.797322690486908
1789031886415141000,22.65114111328125,-0.12166451662778854,-0.1095316931605339,0.6805201768875122
1789031886425144000,22.66114404296875,-0.1701286882162094,-0.1749352663755417,0.5432698130607605
1789031886435147000,22.67114697265625,-0.20774903893470764,-0.23921439051628113,0.4401261806488037
1789031886445150200,22.681150146484374,-0.2107134461402893,-0.32111042737960815,0.391495019197464
1789031886455153000,22.69115283203125,-0.1858680099248886,-0.4113614857196808,0.38092440366744995
1789031886465157000,22.7011572265625,-0.16844400763511658,-0.4177505671977997,0.37626704573631287
1789031886475160000,22.71116015625,-0.17554372549057007,-0.32304802536964417,0.35350075364112854
1789031886485163000,22.7211630859375,-0.19624537229537964,-0.17516931891441345,0.31142154335975647
1789031886495166200,22.731166259765626,-0.20947515964508057,-0.12241344153881073,0.2770571708679199
1789031886505169200,22.741169189453124,-0.19406567513942719,-0.1998872458934784,0.26250502467155457
1789031886515172400,22.75117236328125,-0.18818062543869019,-0.3611443042755127,0.2573094666004181
1789031886525176300,22.76117626953125,-0.20324139297008514,-0.4912972152233124,0.2559446394443512
1789031886535179300,22.77117919921875,-0.22844980657100677,-0.5430216789245605,0.26710543036460876
1789031886545182200,22.78118212890625,-0.2515418827533722,-0.5655988454818726,0.2857736647129059
1789031886555185200,22.79118505859375,-0.26842498779296875,-0.628996729850769,0.27680841088294983
1789031886565188000,22.80118798828125,-0.27308976650238037,-0.7476885318756104,0.2376098930835724
1789031886575192300,22.8111923828125,-0.2714002728462219,-0.8779062032699585,0.1880553811788559
1789031886585195300,22.8211953125,-0.2831849157810211,-0.9860002994537354,0.15837889909744263
1789031886595198200,22.8311982421875,-0.2794133424758911,-1.0578025579452515,0.14093811810016632
1789031886605201200,22.841201171875,-0.26867130398750305,-1.1005843877792358,0.13239449262619019
1789031886615204000,22.8512041015625,-0.2516462504863739,-1.0991207361221313,0.11077415198087692
1789031886625207300,22.861207275390626,-0.24052222073078156,-1.072859525680542,0.061261724680662155
1789031886635211300,22.871211181640625,-0.23755252361297607,-1.0408954620361328,0.005011768080294132
1789031886645214200,22.881214111328124,-0.22948652505874634,-1.0290182828903198,-0.010539563372731209
1789031886655217200,22.891217041015626,-0.2318924218416214,-0.977168083190918,0.01929609663784504
1789031886665220400,22.901220458984376,-0.2614907920360565,-0.8582001328468323,0.04446190223097801
1789031886675223000,22.91122314453125,-0.2981390953063965,-0.7120005488395691,0.042316459119319916
1789031886685226200,22.921226318359373,-0.3143986165523529,-0.6100667715072632,0.0325709730386734
1789031886695230200,22.931230224609376,-0.2974710166454315,-0.544260561466217,0.024189472198486328
1789031886705233200,22.941233154296874,-0.24992680549621582,-0.4473811388015747,-0.0042047142051160336
1789031886715236000,22.951236083984377,-0.20015285909175873,-0.32362112402915955,-0.05709509178996086
1789031886725239300,22.9612392578125,-0.16784876585006714,-0.19288954138755798,-0.09003330022096634
1789031886735242200,22.9712421875,-0.15222027897834778,-0.06864295899868011,-0.07174830138683319
1789031886745245200,22.9812451171875,-0.13792981207370758,0.022717826068401337,-0.008459288626909256
1789031886755249200,22.991249267578127,-0.12162861227989197,0.08725154399871826,0.04163983091711998
1789031886765252000,23.001252197265625,-0.10973493754863739,0.16823922097682953,0.039287202060222626
1789031886775255300,23.01125537109375,-0.11777769029140472,0.30829325318336487,-0.004631252493709326
1789031886785258200,23.02125830078125,-0.14973506331443787,0.4573560655117035,-0.05420335382223129
1789031886795261200,23.03126123046875,-0.1761709302663803,0.5525063276290894,-0.07913827151060104
1789031886805264100,23.04126416015625,-0.18392415344715118,0.5819575786590576,-0.060995496809482574
1789031886815268400,23.051268310546874,-0.16816729307174683,0.6037529110908508,-0.013228245079517365
1789031886825271000,23.06127099609375,-0.14273838698863983,0.6649074554443359,0.034321438521146774
1789031886835274200,23.071274169921875,-0.11201855540275574,0.7357613444328308,0.07341078668832779
1789031886845277200,23.081277099609373,-0.07250839471817017,0.7711949944496155,0.09356050193309784
1789031886855280000,23.091280029296875,-0.023273205384612083,0.7699198722839355,0.09372082352638245
1789031886865283300,23.101283447265626,0.013434465043246746,0.7535884976387024,0.06560157984495163
1789031886875287300,23.111287353515625,0.03660103678703308,0.7566287517547607,0.004594682715833187
1789031886885290200,23.121290283203123,0.057720426470041275,0.7741599082946777,-0.0494949072599411
1789031886895293200,23.131293212890625,0.08470224589109421,0.7753905653953552,-0.05828360468149185
1789031886905296100,23.141296142578124,0.14007706940174103,0.772968053817749,-0.05328644439578056
1789031886915299000,23.151299072265626,0.20016171038150787,0.8281010985374451,-0.09021224081516266
1789031886925302300,23.16130224609375,0.22391317784786224,0.9025683999061584,-0.17762628197669983
1789031886935306200,23.17130615234375,0.2135004848241806,0.9023427963256836,-0.24478507041931152
1789031886945309200,23.18130908203125,0.1862218976020813,0.7678962349891663,-0.24873314797878265
1789031886955312000,23.19131201171875,0.1646750569343567,0.5362758040428162,-0.186968594789505
1789031886965315000,23.201315185546875,0.14672639966011047,0.31538626551628113,-0.10516691952943802
1789031886975318300,23.211318359375,0.1485927551984787,0.24602262675762177,-0.06315741688013077
1789031886985321200,23.2213212890625,0.1775810718536377,0.3688945174217224,-0.12022475153207779
1789031886995325200,23.2313251953125,0.2147310972213745,0.5623489618301392,-0.2214065045118332
1789031887005328100,23.241328125,0.2644152343273163,0.6956053376197815,-0.3096390962600708
1789031887015331300,23.251331298828124,0.3084433972835541,0.6738909482955933,-0.346126526594162
1789031887025334000,23.261333984375,0.32365119457244873,0.5219733119010925,-0.3602408170700073
1789031887035337200,23.271337158203124,0.3154670298099518,0.31803297996520996,-0.3816225230693817
1789031887045340400,23.28134033203125,0.2778725326061249,0.15197448432445526,-0.4315858483314514
1789031887055344000,23.29134423828125,0.25896942615509033,0.04380221664905548,-0.49800243973731995
1789031887065347000,23.30134716796875,0.25650304555892944,-0.043909866362810135,-0.5564396381378174
1789031887075350300,23.311350341796874,0.2645857632160187,-0.1099030002951622,-0.5914524793624878
1789031887085353200,23.321353271484377,0.27408069372177124,-0.14900799095630646,-0.6129044890403748
1789031887095356200,23.331356201171875,0.26923587918281555,-0.152610182762146,-0.6312246322631836
1789031887105359000,23.341359130859374,0.2612999677658081,-0.11854252219200134,-0.6502566933631897
1789031887115363000,23.351363037109376,0.22366629540920258,-0.048376210033893585,-0.6953054070472717
1789031887125366300,23.3613662109375,0.17360122501850128,-0.01484246738255024,-0.7415399551391602
1789031887135369200,23.371369140625,0.12015370279550552,-0.05373287573456764,-0.7720456719398499
1789031887145372200,23.3813720703125,0.07158539444208145,-0.13714265823364258,-0.7761269211769104
1789031887155375400,23.391375244140626,0.03879842162132263,-0.1756325215101242,-0.7851510643959045
1789031887165378000,23.4013779296875,-0.004863623529672623,-0.1847216784954071,-0.7887551188468933
1789031887175382000,23.411382080078123,-0.03570329397916794,-0.16178414225578308,-0.7833025455474854
1789031887185385200,23.42138525390625,-0.06878561526536942,-0.10763541609048843,-0.7442808747291565
1789031887195388200,23.43138818359375,-0.08932684361934662,0.05208687111735344,-0.6892341375350952
1789031887205391000,23.44139111328125,-0.05554090067744255,0.2792651951313019,-0.645619809627533
1789031887215394300,23.451394287109373,0.0073813400231301785,0.4533187448978424,-0.6001995801925659
1789031887225397000,23.46139697265625,0.045102380216121674,0.48296764492988586,-0.5183217525482178
1789031887235401200,23.471401123046874,0.04743717238306999,0.39838725328445435,-0.4013858437538147
1789031887245404200,23.481404052734376,0.019407151266932487,0.32332316040992737,-0.2959071099758148
1789031887255407000,23.491406982421875,-0.014760139398276806,0.3130228519439697,-0.24893638491630554
1789031887265410300,23.501410400390625,-0.03659403696656227,0.3446045517921448,-0.2790301442146301
1789031887275413200,23.511413330078124,-0.036138370633125305,0.3212105333805084,-0.26601874828338623
1789031887285417000,23.5214169921875,-0.021542642265558243,0.2754270136356354,-0.15345411002635956
1789031887295420200,23.531420166015625,0.010293051600456238,0.26396557688713074,-0.04147351533174515
1789031887305423400,23.54142333984375,0.027190538123250008,0.22553355991840363,-0.01565682888031006
1789031887315426000,23.551426025390626,0.03634568676352501,0.11192577332258224,-0.031521011143922806
1789031887325429200,23.56142919921875,0.03960006311535835,-0.004771742038428783,0.0037863824982196093
1789031887335432200,23.57143212890625,0.017405811697244644,-0.06183422729372978,0.11762746423482895
1789031887345435100,23.58143505859375,0.02018081024289131,-0.03365190327167511,0.2178874909877777
1789031887355439000,23.591439208984376,0.06268006563186646,-0.023208582773804665,0.17773714661598206
1789031887365442300,23.6014423828125,0.08155849575996399,-0.1415824145078659,-0.012993442825973034
1789031887375445200,23.6114453125,0.0589277520775795,-0.25539764761924744,-0.10576492547988892
1789031887385448200,23.6214482421875,0.03930843994021416,-0.24477654695510864,0.004299577791243792
1789031887395451400,23.631451416015626,0.04666569083929062,-0.1915615350008011,0.1276308298110962
1789031887405454000,23.6414541015625,0.08058362454175949,-0.20032453536987305,0.1257363259792328
1789031887415458300,23.651458251953127,0.10505568236112595,-0.3114851415157318,0.03699526935815811
1789031887425461200,23.661461181640625,0.11601946502923965,-0.47745585441589355,-0.0028406232595443726
1789031887435464200,23.671464111328124,0.12171702831983566,-0.592043936252594,0.05444077402353287
1789031887445467100,23.681467041015626,0.12022591382265091,-0.5980963110923767,0.1873043030500412
1789031887455470000,23.691469970703125,0.12216336280107498,-0.4877508580684662,0.29610881209373474
1789031887465474000,23.70147412109375,0.11836285144090652,-0.29827356338500977,0.35222047567367554
1789031887475477200,23.711477294921874,0.14168842136859894,-0.09938949346542358,0.3896338939666748
1789031887485480200,23.721480224609376,0.16951245069503784,0.040795642882585526,0.4603300094604492
1789031887495483000,23.73148291015625,0.1957501918077469,0.09338615089654922,0.5399260520935059
1789031887505485800,23.74148583984375,0.2026853859424591,0.04421550780534744,0.6243212819099426
1789031887515488800,23.75148876953125,0.17519091069698334,-0.09326379746198654,0.7024877071380615
1789031887525491700,23.76149169921875,0.1202477440237999,-0.2047182321548462,0.7611662745475769
1789031887535495700,23.77149560546875,0.07881854474544525,-0.22371482849121094,0.7963146567344666
1789031887545499000,23.781498779296875,0.04827744513750076,-0.16737617552280426,0.8499805331230164
1789031887555501800,23.791501708984374,0.031208449974656105,-0.06975933164358139,0.8896586894989014
1789031887565504800,23.8015048828125,0.01750863716006279,0.04195917025208473,0.899330198764801
1789031887575508000,23.811508056640626,-0.009311259724199772,0.11054409295320511,0.8801418542861938
1789031887585510700,23.8215107421875,-0.05129093676805496,0.11876720935106277,0.846137285232544
1789031887595515000,23.831514892578124,-0.09438354521989822,0.05773741006851196,0.8135678768157959
1789031887605517800,23.841517822265626,-0.12196645885705948,-0.0389757864177227,0.7638770341873169
1789031887615520800,23.851520751953124,-0.1524772346019745,-0.15486644208431244,0.6907975077629089
1789031887625523700,23.861523681640627,-0.18315522372722626,-0.2616826593875885,0.5918325781822205
1789031887635527000,23.87152685546875,-0.22020140290260315,-0.356725811958313,0.48337480425834656
1789031887645529900,23.88152978515625,-0.25179046392440796,-0.4189288914203644,0.4055718779563904
1789031887655533800,23.891533935546875,-0.2763512134552002,-0.4422254264354706,0.36912333965301514
1789031887665536800,23.901536865234377,-0.28551432490348816,-0.4415937066078186,0.36412668228149414
1789031887675539700,23.911539794921875,-0.26574647426605225,-0.4534516930580139,0.3567720949649811
1789031887685543000,23.92154296875,-0.26094985008239746,-0.4909977614879608,0.3613194525241852
1789031887695545900,23.9315458984375,-0.26844531297683716,-0.556337833404541,0.3683323562145233
1789031887705548800,23.941548828125,-0.2903794050216675,-0.6227132081985474,0.37712720036506653
1789031887715552800,23.951552734375,-0.30596715211868286,-0.6914440393447876,0.3794236481189728
1789031887725556000,23.961555908203124,-0.31033679842948914,-0.7499265670776367,0.3802054822444916
1789031887735558700,23.97155859375,-0.3093580901622772,-0.7888659834861755,0.37933090329170227
1789031887745561900,23.981561767578125,-0.316826730966568,-0.837448000907898,0.3596470057964325
1789031887755565000,23.99156494140625,-0.32079431414604187,-0.8921712040901184,0.31530511379241943
1789031887765567700,24.001567626953126,-0.3214227855205536,-0.9346565008163452,0.2668896019458771
1789031887775571700,24.01157177734375,-0.3114961087703705,-0.9577569961547852,0.2438569962978363
1789031887785575000,24.021574951171875,-0.29434800148010254,-0.9688169956207275,0.2358514964580536
1789031887795577900,24.031577880859373,-0.2623860538005829,-1.00104820728302,0.23975461721420288
1789031887805580800,24.041580810546876,-0.20418190956115723,-1.0448105335235596,0.21879583597183228
1789031887815583700,24.051583740234374,-0.16937758028507233,-1.0540727376937866,0.15747974812984467
1789031887825586700,24.061586669921876,-0.15752367675304413,-1.0392565727233887,0.06957260519266129
1789031887835591000,24.0715908203125,-0.1571633517742157,-1.031598448753357,0.027344191446900368
1789031887845593900,24.08159375,-0.18558356165885925,-1.0021237134933472,0.06455468386411667
1789031887855596800,24.0915966796875,-0.22519515454769135,-0.885475754737854,0.12139026820659637
1789031887865599700,24.101599853515626,-0.281711608171463,-0.6908460855484009,0.12356628477573395
1789031887875602700,24.111602783203125,-0.3226358890533447,-0.4757641553878784,0.0257750041782856
1789031887885606000,24.12160595703125,-0.3401666581630707,-0.3280268609523773,-0.10114032030105591
1789031887895609900,24.13160986328125,-0.3472594618797302,-0.2534133493900299,-0.16827435791492462
1789031887905612800,24.14161279296875,-0.3200259208679199,-0.17472976446151733,-0.15062057971954346
1789031887915615700,24.15161572265625,-0.2604595422744751,-0.041774388402700424,-0.10085621476173401
1789031887925619000,24.161618896484374,-0.2113315314054489,0.07278276234865189,-0.0737248882651329
1789031887935621600,24.17162158203125,-0.18726907670497894,0.11580852419137955,-0.08072207868099213
1789031887945624800,24.181624755859374,-0.18376080691814423,0.1251128762960434,-0.07543790340423584
1789031887955628800,24.19162890625,-0.18443430960178375,0.17865920066833496,-0.04510209709405899
1789031887965631700,24.2016318359375,-0.18084068596363068,0.2973365783691406,-0.013147068209946156
1789031887975634700,24.211634765625,-0.17913493514060974,0.41966328024864197,-0.003888854756951332
1789031887985638000,24.221637939453124,-0.18047107756137848,0.5314456224441528,-0.012623205780982971
1789031887995640800,24.231640869140627,-0.16164572536945343,0.5869826078414917,-0.010522237047553062
1789031888005643800,24.241643798828125,-0.1278294324874878,0.5787918567657471,0.014155148528516293
1789031888015648000,24.25164794921875,-0.10374966263771057,0.5825493335723877,0.059814244508743286
1789031888025650700,24.261650634765626,-0.09313478320837021,0.6525619626045227,0.09812378138303757
1789031888035654000,24.27165380859375,-0.08926547318696976,0.7441640496253967,0.10406182706356049
1789031888045656800,24.28165673828125,-0.06749256700277328,0.8012248873710632,0.08344312757253647
1789031888055659800,24.29165966796875,-0.022002046927809715,0.7981503009796143,0.06500473618507385
1789031888065663000,24.3016630859375,0.019147964194417,0.7409074306488037,0.05058564618229866
1789031888075665700,24.311665771484375,0.049029428511857986,0.6411616802215576,0.02880232036113739
1789031888085669600,24.321669677734373,0.05914473533630371,0.5357666015625,0.004329933784902096
1789031888095672800,24.3316728515625,0.0655624195933342,0.47395649552345276,-0.019600700587034225
1789031888105676000,24.341676025390626,0.06464903056621552,0.4809574484825134,-0.044400107115507126
1789031888115678700,24.3516787109375,0.07939042896032333,0.5255144834518433,-0.0528109036386013
1789031888125682000,24.361681884765623,0.08971435576677322,0.5610435009002686,-0.06043388321995735
1789031888135684600,24.3716845703125,0.09549794346094131,0.5878543853759766,-0.07804828882217407
1789031888145688800,24.381688720703124,0.10171522200107574,0.6077107787132263,-0.1069287657737732
1789031888155691800,24.39169189453125,0.0922202542424202,0.594744086265564,-0.1262872815132141
1789031888165694700,24.40169482421875,0.07891376316547394,0.5652902126312256,-0.1401791274547577
1789031888175698000,24.411697998046876,0.08149995654821396,0.5321223735809326,-0.16483333706855774
1789031888185700900,24.421700927734374,0.10544776171445847,0.5550612211227417,-0.22422146797180176
1789031888195703800,24.431703857421876,0.1314426064491272,0.6515542268753052,-0.3265742063522339
1789031888205707800,24.441707763671875,0.17844676971435547,0.7598536610603333,-0.4628152549266815
1789031888215711000,24.4517109375,0.21593981981277466,0.7978132963180542,-0.5866250991821289
1789031888225713700,24.461713623046876,0.2229677140712738,0.7050825357437134,-0.6604698300361633
1789031888235716900,24.471716796875,0.1758340299129486,0.4698958992958069,-0.6500939130783081
1789031888245719800,24.4817197265625,0.10332579165697098,0.15489092469215393,-0.5906199812889099
1789031888255722800,24.49172265625,0.027392681688070297,-0.08239671587944031,-0.5577366352081299
1789031888265726700,24.501726806640626,-0.007878202944993973,-0.1589629054069519,-0.577833354473114
1789031888275730000,24.51172998046875,-0.01868318021297455,-0.14768441021442413,-0.6307652592658997
1789031888285732900,24.52173291015625,-0.00012579304166138172,-0.13638760149478912,-0.6570232510566711
1789031888295735800,24.53173583984375,0.0003743486013263464,-0.16248339414596558,-0.6358500719070435
1789031888305739000,24.541739013671876,-0.023914730176329613,-0.20091861486434937,-0.6219110488891602
1789031888315741700,24.55174169921875,-0.05453362315893173,-0.18396839499473572,-0.6516093015670776
1789031888325746000,24.561745849609373,-0.05487031117081642,-0.10946424305438995,-0.7296457290649414
1789031888335748900,24.571748779296875,-0.026375286281108856,-0.07941818982362747,-0.818136990070343
1789031888345751800,24.581751708984374,0.025103997439146042,-0.17666968703269958,-0.8512058258056641
1789031888355754800,24.591754638671876,0.021954277530312538,-0.35174986720085144,-0.821175217628479
1789031888365757700,24.6017578125,0.0156510379165411,-0.4064486622810364,-0.829918622970581
1789031888375761000,24.611760986328125,0.031220676377415657,-0.27792343497276306,-0.8864085078239441
1789031888385763800,24.621763916015624,0.08071126788854599,-0.09402310103178024,-0.9477184414863586
1789031888395767800,24.631767822265626,0.15150660276412964,0.03631573170423508,-0.9760137796401978
1789031888405770800,24.641770751953125,0.13622866570949554,0.17297403514385223,-0.8855422139167786
1789031888415774000,24.65177392578125,0.10705268383026123,0.37255480885505676,-0.6965944170951843
1789031888425776600,24.661776611328126,0.11331109702587128,0.544535756111145,-0.5080740451812744
1789031888435779800,24.67177978515625,0.15459676086902618,0.6187343597412109,-0.4283173978328705
1789031888445782800,24.68178271484375,0.15262913703918457,0.5028694272041321,-0.39849555492401123
1789031888455786800,24.691786865234373,0.09105365723371506,0.27084338665008545,-0.3504366874694824
1789031888465789700,24.701789794921876,0.021468287333846092,0.14142654836177826,-0.2654888331890106
1789031888475793000,24.71179296875,-0.044888366013765335,0.15112285315990448,-0.1780540496110916
1789031888485795800,24.7217958984375,-0.07586600631475449,0.19184866547584534,-0.13134059309959412
1789031888495799800,24.7317998046875,-0.025923211127519608,0.17499618232250214,-0.14144062995910645
1789031888505802800,24.741802734375,0.059065476059913635,0.031036242842674255,-0.12917466461658478
1789031888515806700,24.751806640625,0.09162154793739319,-0.17542025446891785,-0.003382388036698103
1789031888525809700,24.7618095703125,0.05938306823372841,-0.2899286150932312,0.1500386893749237
1789031888535812600,24.7718125,0.01471253577619791,-0.34077367186546326,0.25874972343444824
1789031888545815800,24.78181591796875,0.009348935447633266,-0.34641486406326294,0.257384330034256
1789031888555818800,24.79181884765625,0.052511319518089294,-0.34918534755706787,0.1375066339969635
1789031888565821700,24.80182177734375,0.10447238385677338,-0.39479032158851624,-0.003615155816078186
1789031888575825700,24.81182568359375,0.12722669541835785,-0.4790274500846863,-0.03360128402709961
1789031888585828900,24.821828857421874,0.1250545233488083,-0.49862414598464966,0.016008157283067703
1789031888595831600,24.83183154296875,0.09903250634670258,-0.4652235805988312,-0.010616262443363667
1789031888605834800,24.841834716796875,0.05536956712603569,-0.4427338242530823,-0.1161627471446991
1789031888615837700,24.851837646484373,0.010756026953458786,-0.4483293890953064,-0.11406604200601578
1789031888625840600,24.861840576171875,0.006579550914466381,-0.46390286087989807,-0.009155796840786934
1789031888635843800,24.87184375,0.0006351086776703596,-0.4720076620578766,0.0551757887005806
1789031888645847800,24.881847900390625,-0.021066442131996155,-0.5060508251190186,0.12805983424186707
1789031888655850800,24.891850830078123,-0.019382525235414505,-0.49799954891204834,0.2351229041814804
1789031888665853700,24.901853759765626,-0.0027987288776785135,-0.42937424778938293,0.30746978521347046
1789031888675856600,24.911856689453124,0.018879136070609093,-0.37378209829330444,0.33036765456199646
1789031888685859600,24.921859619140626,0.06426874548196793,-0.38015276193618774,0.3264940679073334
1789031888695862800,24.93186279296875,0.09682908654212952,-0.4061918258666992,0.3522428274154663
1789031888705866800,24.94186669921875,0.13229170441627502,-0.37228816747665405,0.41681385040283203
1789031888715869700,24.95186962890625,0.1942557394504547,-0.2898111343383789,0.521201491355896
1789031888725872600,24.96187255859375,0.244369775056839,-0.18961790204048157,0.650679886341095
1789031888735875600,24.97187548828125,0.2594488561153412,-0.07916568219661713,0.7708649039268494
1789031888745878800,24.981878662109374,0.24956217408180237,0.030872073024511337,0.8535853028297424
1789031888755881700,24.9918818359375,0.2151472121477127,0.1327180117368698,0.8825466632843018
1789031888765885700,25.0018857421875,0.15862631797790527,0.1900193840265274,0.8922566175460815
1789031888775888600,25.011888671875,0.07944653928279877,0.12357458472251892,0.8834013342857361
1789031888785891800,25.021891845703124,-0.006947203539311886,-0.06749577075242996,0.8539089560508728
1789031888795894500,25.03189453125,-0.0896383598446846,-0.3184105455875397,0.8143138289451599
1789031888805897700,25.041897705078124,-0.1408252716064453,-0.49618780612945557,0.7659704685211182
1789031888815901000,25.05190087890625,-0.12929964065551758,-0.5288727879524231,0.6945780515670776
1789031888825903600,25.061903564453125,-0.09554386883974075,-0.464889794588089,0.6061236262321472
1789031888835907600,25.071907470703124,-0.07403165847063065,-0.41066625714302063,0.539181113243103
1789031888845910800,25.081910888671874,-0.09076537936925888,-0.4265657067298889,0.5098647475242615
1789031888855913700,25.091913818359377,-0.1376495212316513,-0.4581843316555023,0.5194854140281677
1789031888865916700,25.101916748046875,-0.16686998307704926,-0.46370816230773926,0.5442807674407959
1789031888875919600,25.111919677734374,-0.1696937382221222,-0.45848357677459717,0.5774919986724854
1789031888885922600,25.121922607421876,-0.1935194432735443,-0.4342931807041168,0.5823783278465271
1789031888895926800,25.1319267578125,-0.25019070506095886,-0.40711215138435364,0.55174720287323
1789031888905929700,25.1419296875,-0.31629863381385803,-0.4293946623802185,0.48985347151756287
1789031888915932700,25.1519326171875,-0.33266058564186096,-0.5363762378692627,0.4347494840621948
1789031888925935900,25.161935791015626,-0.30668994784355164,-0.704660952091217,0.42532292008399963
1789031888935938600,25.1719384765625,-0.271811842918396,-0.8975401520729065,0.42364567518234253
1789031888945941800,25.181941650390623,-0.2616310715675354,-1.0284671783447266,0.41470009088516235
1789031888955945700,25.19194580078125,-0.29603859782218933,-1.0708380937576294,0.4018346071243286
1789031888965948700,25.20194873046875,-0.34801632165908813,-1.050762414932251,0.3771847188472748
1789031888975951600,25.21195166015625,-0.393860787153244,-0.9877088665962219,0.33465325832366943
1789031888985954800,25.221954833984373,-0.39135363698005676,-0.9195502996444702,0.27276611328125
1789031888995957500,25.23195751953125,-0.35451439023017883,-0.8907356858253479,0.19208218157291412
1789031889005960700,25.241960693359374,-0.27998432517051697,-0.9048916101455688,0.11315174400806427
1789031889015964000,25.2519638671875,-0.18200741708278656,-0.9209944009780884,0.04205360263586044
1789031889025967600,25.261967529296875,-0.08965662866830826,-0.8787539005279541,-0.011521540582180023
1789031889035970600,25.271970458984374,-0.022879192605614662,-0.7944619655609131,-0.03977661579847336
1789031889045973800,25.281973876953124,-0.015638040378689766,-0.6934652328491211,-0.039615508168935776
1789031889055976700,25.291976806640626,-0.07342543452978134,-0.5614334344863892,-0.050560832023620605
1789031889065979600,25.301979736328125,-0.16013135015964508,-0.4646154046058655,-0.09635039418935776
1789031889075982800,25.31198291015625,-0.22671571373939514,-0.49658292531967163,-0.1207398846745491
1789031889085986600,25.321986572265626,-0.22523732483386993,-0.5997151136398315,-0.10441528260707855
1789031889095989800,25.33198974609375,-0.1818525642156601,-0.5861473679542542,-0.07653171569108963
1789031889105992700,25.34199267578125,-0.1793588399887085,-0.42782682180404663,-0.0472523532807827
1789031889115995600,25.35199560546875,-0.1901869922876358,-0.3037831783294678,-0.007430107332766056
1789031889125998800,25.361998779296876,-0.1676897257566452,-0.2670856714248657,0.04184986278414726
1789031889136001500,25.37200146484375,-0.12503546476364136,-0.18968890607357025,0.06933155655860901
1789031889146005500,25.382005615234377,-0.11743873357772827,0.011034187860786915,0.04305516183376312
1789031889156008700,25.3920087890625,-0.15525801479816437,0.24382589757442474,-0.037200529128313065
1789031889166012000,25.402011962890626,-0.163612961769104,0.3490602970123291,-0.12296783179044724
1789031889176014600,25.4120146484375,-0.12972770631313324,0.36556950211524963,-0.139749214053154
1789031889186017800,25.422017822265627,-0.0777626484632492,0.39618659019470215,-0.1225319653749466
1789031889196020500,25.4320205078125,-0.055120453238487244,0.5179314613342285,-0.12760156393051147
1789031889206023700,25.442023681640624,-0.08858770877122879,0.7154631018638611,-0.1644231379032135
1789031889216027600,25.452027587890626,-0.13554883003234863,0.8410441875457764,-0.21131554245948792
1789031889226030600,25.462030517578125,-0.14538007974624634,0.8153147101402283,-0.20287898182868958
1789031889236033800,25.47203369140625,-0.12691399455070496,0.6410965919494629,-0.13242559134960175
1789031889246036700,25.48203662109375,-0.12273845821619034,0.46968725323677063,-0.06493865698575974
1789031889256039700,25.492039794921876,-0.1266583651304245,0.46729278564453125,-0.05888050049543381
1789031889266042600,25.502042724609375,-0.1361919492483139,0.6339700222015381,-0.10649329423904419
1789031889276046800,25.512046875,-0.1320616602897644,0.8378115892410278,-0.15322192013263702
1789031889286049500,25.522049560546876,-0.11799613386392593,0.9491100311279297,-0.15685608983039856
1789031889296052700,25.532052734375,-0.10036760568618774,0.937731146812439,-0.12510108947753906
1789031889306055700,25.5420556640625,-0.08220509439706802,0.841397762298584,-0.07257211208343506
1789031889316058600,25.55205859375,-0.0680147111415863,0.7208995819091797,-0.03954918682575226
1789031889326061800,25.562061767578125,-0.04930360987782478,0.6554455161094666,-0.06344413012266159
1789031889336065800,25.572065673828124,-0.040997475385665894,0.6067085862159729,-0.11555153876543045
1789031889346068700,25.58206884765625,-0.056835874915122986,0.5214798450469971,-0.15219420194625854
1789031889356071700,25.59207177734375,-0.06925472617149353,0.3977448642253876,-0.1521206945180893
1789031889366075000,25.602074951171875,-0.06945788860321045,0.26392850279808044,-0.10930562019348145
1789031889376077600,25.61207763671875,-0.035069290548563004,0.1751866489648819,-0.06382229179143906
1789031889386080800,25.622080810546876,0.0020919106900691986,0.13459283113479614,-0.043502889573574066
1789031889396083700,25.632083740234375,0.02539350464940071,0.12074120342731476,-0.06454026699066162
1789031889406087700,25.642087646484374,0.024992477148771286,0.09351298213005066,-0.11484634131193161
1789031889416090600,25.652090576171876,0.005596407689154148,0.011966721154749393,-0.14730921387672424
1789031889426093600,25.662093505859374,0.004192287568002939,-0.14328111708164215,-0.11059319972991943
1789031889436096800,25.6720966796875,0.013828402385115623,-0.299132764339447,-0.0259195938706398
1789031889446099700,25.682099609375,0.01726793870329857,-0.32106292247772217,-0.0016726232133805752
1789031889456102700,25.6921025390625,0.05602359026670456,-0.20041880011558533,-0.08997292816638947
1789031889466106600,25.702106689453124,0.10544388741254807,-0.05492313951253891,-0.2497229278087616
1789031889476109800,25.71210986328125,0.1417321264743805,-0.04832249507308006,-0.36522847414016724
1789031889486112500,25.722112548828125,0.1617097556591034,-0.157991424202919,-0.39160382747650146
1789031889496115000,25.732114990234376,0.1610197275876999,-0.2477375566959381,-0.38028937578201294
1789031889506118000,25.742117919921874,0.14899803698062897,-0.2259596735239029,-0.4085964560508728
1789031889516120800,25.752120849609376,0.15643943846225739,-0.14996902644634247,-0.47727033495903015
1789031889526124000,25.7621240234375,0.17269708216190338,-0.10087250173091888,-0.5744162201881409
1789031889536127700,25.772127685546874,0.1808796375989914,-0.1897757351398468,-0.6455785036087036
1789031889546131000,25.782130859375,0.1894703358411789,-0.3268319070339203,-0.6692346930503845
1789031889556134000,25.7921337890625,0.21606358885765076,-0.38478630781173706,-0.698564887046814
1789031889566136800,25.80213671875,0.2548846900463104,-0.3293042480945587,-0.7787083983421326
1789031889576140000,25.81214013671875,0.2808840572834015,-0.3031536042690277,-0.7940953373908997
1789031889586143000,25.82214306640625,0.30197593569755554,-0.2821301817893982,-0.7652550339698792
1789031889596147000,25.83214697265625,0.3245587646961212,-0.2148589789867401,-0.737097978591919
1789031889606150000,25.84214990234375,0.32509636878967285,-0.09277404099702835,-0.7202355861663818
1789031889616153000,25.852153076171874,0.29415363073349,0.030434709042310715,-0.6811579465866089
1789031889626155800,25.86215576171875,0.2594992518424988,0.13034313917160034,-0.5922720432281494
1789031889636159000,25.872158935546874,0.24053651094436646,0.23599499464035034,-0.49620434641838074
1789031889646162000,25.882161865234377,0.21985703706741333,0.272321492433548,-0.41843950748443604
1789031889656164900,25.892164794921875,0.19085627794265747,0.2671150267124176,-0.3815595209598541
1789031889666168800,25.9021689453125,0.16463454067707062,0.273487389087677,-0.3942795991897583
1789031889676172000,25.912172119140624,0.14254920184612274,0.31561169028282166,-0.4450162649154663
1789031889686175000,25.922175048828127,0.13395172357559204,0.32941803336143494,-0.5075832009315491
1789031889696178000,25.932177978515625,0.14793545007705688,0.26375460624694824,-0.511088490486145
1789031889706180900,25.942180908203124,0.15682098269462585,0.17089758813381195,-0.4461491107940674
1789031889716183800,25.952183837890626,0.15886709094047546,0.12206214666366577,-0.33464813232421875
1789031889726188000,25.96218798828125,0.1475662738084793,0.07005127519369125,-0.14875288307666779
1789031889736190700,25.972190673828123,0.12196237593889236,0.0008929756586439908,0.05115172266960144
1789031889746194000,25.98219384765625,0.09815609455108643,-0.06813646852970123,0.14608463644981384
1789031889756196900,25.99219677734375,0.07812539488077164,-0.15963390469551086,0.07540939748287201
1789031889766199800,26.00219970703125,0.047024477273225784,-0.2605946660041809,0.010723612271249294
1789031889776203000,26.012203125,0.05264720693230629,-0.26869067549705505,0.06388723105192184
1789031889786207000,26.02220703125,0.08855564147233963,-0.2247627228498459,0.1458529680967331
1789031889796210000,26.0322099609375,0.14837397634983063,-0.19721072912216187,0.07767204195261002
1789031889806212900,26.042212890625,0.19226644933223724,-0.30343785881996155,-0.053067415952682495
1789031889816216000,26.052216064453123,0.2071167677640915,-0.4265232980251312,-0.09147791564464569
1789031889826218800,26.06221875,0.2401391714811325,-0.47163617610931396,-0.07069462537765503
1789031889836222000,26.072221923828124,0.2606987953186035,-0.458974689245224,-0.02759775146842003
1789031889846225000,26.082224853515626,0.26082658767700195,-0.4122570753097534,0.08068187534809113
1789031889856228900,26.092228759765625,0.2543463110923767,-0.31235259771347046,0.22736479341983795
1789031889866231800,26.102231689453124,0.23966553807258606,-0.1639573574066162,0.3903766870498657
1789031889876235000,26.112235107421874,0.2315274477005005,-0.010201350785791874,0.5240743160247803
1789031889886238000,26.122238037109376,0.23374433815479279,0.12823709845542908,0.5750460624694824
1789031889896241000,26.132240966796875,0.23963898420333862,0.20222291350364685,0.5512467622756958
1789031889906243800,26.142243896484374,0.23372617363929749,0.18221120536327362,0.5384002327919006
1789031889916247800,26.152247802734376,0.18328030407428741,0.09313406050205231,0.6030405163764954
1789031889926251000,26.1622509765625,0.12964700162410736,-0.036681272089481354,0.7272382378578186
1789031889936253700,26.172253662109377,0.09554097056388855,-0.16680651903152466,0.8412111401557922
1789031889946257000,26.1822568359375,0.10139516741037369,-0.22164204716682434,0.8421179056167603
1789031889956259800,26.192259765625,0.1297924518585205,-0.17612463235855103,0.7386668920516968
1789031889966262800,26.2022626953125,0.1313420534133911,-0.059097155928611755,0.6002970933914185
1789031889976266000,26.212265869140627,0.0894627794623375,0.06732070446014404,0.5173929333686829
1789031889986270000,26.22227001953125,0.024199604988098145,0.12650541961193085,0.5337673425674438
1789031889996273000,26.23227294921875,-0.035976652055978775,0.047487035393714905,0.6446174383163452
1789031890006275800,26.24227587890625,-0.06876379996538162,-0.13665150105953217,0.7794575095176697
1789031890016279000,26.252279052734377,-0.05620087310671806,-0.29600149393081665,0.8572534918785095
1789031890026281700,26.26228173828125,-0.07037185877561569,-0.3486533463001251,0.8401869535446167
1789031890036285000,26.272284912109374,-0.0989246740937233,-0.31084495782852173,0.7415972352027893
1789031890046288100,26.2822880859375,-0.1655212938785553,-0.25843551754951477,0.6336212158203125
1789031890056291800,26.292291748046875,-0.2241973876953125,-0.2287692278623581,0.5592935085296631
1789031890066294800,26.302294677734373,-0.24115268886089325,-0.25802144408226013,0.5208044052124023
1789031890076298000,26.312298095703124,-0.20770950615406036,-0.3712129592895508,0.5144922137260437
1789031890086301000,26.322301025390626,-0.17268650233745575,-0.5272606015205383,0.5109888315200806
1789031890096303900,26.332303955078125,-0.17049738764762878,-0.6395621299743652,0.4702695608139038
1789031890106306800,26.342306884765627,-0.2134086787700653,-0.6867362856864929,0.3956510126590729
1789031890116310800,26.352310791015626,-0.26540979743003845,-0.7089231014251709,0.3207070231437683
1789031890126314000,26.36231396484375,-0.30176714062690735,-0.7529539465904236,0.29253968596458435
1789031890136317000,26.37231689453125,-0.3250705897808075,-0.7913694977760315,0.30949950218200684
1789031890146320000,26.38231982421875,-0.3258935213088989,-0.8088637590408325,0.33801746368408203
1789031890156323000,26.392322998046875,-0.3126717209815979,-0.8568741679191589,0.31195390224456787
1789031890166325800,26.40232568359375,-0.3235553801059723,-0.9278578162193298,0.24576695263385773
1789031890176329700,26.412329833984376,-0.3338639438152313,-1.0308767557144165,0.18344846367835999
1789031890186333000,26.4223330078125,-0.3516898453235626,-1.1255477666854858,0.149593323469162
1789031890196335900,26.4323359375,-0.36398619413375854,-1.1864877939224243,0.14535915851593018
1789031890206338800,26.4423388671875,-0.3610156774520874,-1.2099769115447998,0.12990427017211914
1789031890216342000,26.452342041015626,-0.32939863204956055,-1.233580231666565,0.09321177750825882
1789031890226344700,26.4623447265625,-0.2828609347343445,-1.2697588205337524,0.05198178067803383
1789031890236348000,26.472347900390623,-0.23250189423561096,-1.26994788646698,0.026685213670134544
1789031890246352000,26.482351806640626,-0.2074863612651825,-1.180454134941101,-0.013494919054210186
1789031890256354800,26.492354736328124,-0.21774990856647491,-1.0055750608444214,-0.0746522843837738
1789031890266358000,26.50235791015625,-0.25366076827049255,-0.8333351016044617,-0.13794736564159393
1789031890276361000,26.51236083984375,-0.29624924063682556,-0.7051976323127747,-0.17067734897136688
1789031890286364000,26.522364013671876,-0.32554319500923157,-0.6266383528709412,-0.15138010680675507
1789031890296366800,26.532366943359374,-0.32231011986732483,-0.5023150444030762,-0.11932415515184402
1789031890306370000,26.5423701171875,-0.3100408911705017,-0.3581012189388275,-0.10833199322223663
1789031890316373800,26.552373779296875,-0.2820476293563843,-0.2501228451728821,-0.11495260894298553
1789031890326377000,26.562376953125,-0.2451791763305664,-0.17894703149795532,-0.09949181973934174
1789031890336380000,26.5723798828125,-0.19560763239860535,-0.10627735406160355,-0.05991964042186737
1789031890346382800,26.5823828125,-0.15439943969249725,-0.01880764029920101,-0.04196598008275032
1789031890356386000,26.592385986328125,-0.1338864415884018,0.10316699743270874,-0.06489153206348419
1789031890366388700,26.602388671875,-0.14252963662147522,0.25736290216445923,-0.1144317165017128
1789031890376393000,26.61239306640625,-0.16914314031600952,0.4143730103969574,-0.1522776335477829
1789031890386396000,26.62239599609375,-0.20319435000419617,0.5286681056022644,-0.16582909226417542
1789031890396399000,26.632399169921875,-0.2249438464641571,0.5917115211486816,-0.17344839870929718
1789031890406401800,26.64240185546875,-0.22321604192256927,0.6206497550010681,-0.1822091042995453
1789031890416405000,26.652405029296876,-0.20646022260189056,0.6276213526725769,-0.19491611421108246
1789031890426408000,26.662407958984375,-0.18960371613502502,0.5896016955375671,-0.18445923924446106
1789031890436411000,26.672410888671877,-0.1677199900150299,0.4833724796772003,-0.11791536211967468
1789031890446414800,26.682414794921876,-0.1225176602602005,0.3543659448623657,-0.025801125913858414
1789031890456417800,26.692417724609374,-0.07486279308795929,0.335478812456131,0.011368613690137863
1789031890466421000,26.7024208984375,-0.05431802570819855,0.4842480719089508,-0.02128472551703453
1789031890476424000,26.712423828125,-0.03930658474564552,0.7269065380096436,-0.09281349927186966
1789031890486427000,26.722427001953125,-0.02735641598701477,0.9187151789665222,-0.14068517088890076
1789031890496429800,26.732429931640624,-0.0006734068738296628,0.9535663723945618,-0.12129124253988266
1789031890506435000,26.74243505859375,0.03353456035256386,0.8469828367233276,-0.05839371681213379
1789031890516438000,26.75243798828125,0.06524881720542908,0.6996205449104309,-0.01634000614285469
1789031890526441200,26.762441162109376,0.08724115043878555,0.618600070476532,-0.03616641089320183
1789031890536444200,26.772444091796874,0.10734055936336517,0.6132330298423767,-0.09208586812019348
1789031890546447000,26.782447021484376,0.13604402542114258,0.6367344856262207,-0.1441468894481659
1789031890556450000,26.792449951171875,0.17925433814525604,0.6397899389266968,-0.1751900166273117
1789031890566453000,26.802452880859374,0.21166566014289856,0.5977656245231628,-0.1746119260787964
1789031890576457000,26.81245703125,0.23682081699371338,0.5543795228004456,-0.18441075086593628
1789031890586460200,26.822460205078126,0.2512792646884918,0.5376465320587158,-0.21823886036872864
1789031890596462800,26.832462890625,0.2738192081451416,0.5457713007926941,-0.2725449800491333
1789031890606466000,26.842466064453124,0.2942313849925995,0.5162840485572815,-0.32536494731903076
1789031890616469200,26.85246923828125,0.30246642231941223,0.41538113355636597,-0.3605833947658539
1789031890626472000,26.862471923828124,0.29774972796440125,0.26380905508995056,-0.39390143752098083
1789031890636476200,26.87247607421875,0.26885175704956055,0.12166948616504669,-0.4222941994667053
1789031890646479000,26.88247900390625,0.2528342604637146,0.04648508504033089,-0.448864609003067
1789031890656482000,26.89248193359375,0.2543424069881439,0.02044576220214367,-0.4685482978820801
1789031890666485000,26.902485107421874,0.2720887362957001,-0.027948079630732536,-0.4704533815383911
1789031890676488200,26.91248828125,0.28031179308891296,-0.08647583425045013,-0.4738651514053345
1789031890686491100,26.9224912109375,0.287797749042511,-0.044925130903720856,-0.5309599041938782
1789031890696494000,26.932494140625,0.31660357117652893,0.11338221281766891,-0.6367369294166565
1789031890706498000,26.942498046875,0.3443199396133423,0.22930805385112762,-0.7017005681991577
1789031890716501000,26.9525009765625,0.36896055936813354,0.18655019998550415,-0.6819460391998291
1789031890726504200,26.962504150390625,0.3536994755268097,0.08894499391317368,-0.6378626823425293
1789031890736507100,26.972507080078124,0.28553134202957153,0.03207159414887428,-0.6447972655296326
1789031890746510000,26.982510009765626,0.2495533972978592,0.031163128092885017,-0.7186773419380188
1789031890756513000,26.992512939453125,0.23811300098896027,-0.022214610129594803,-0.7741179466247559
1789031890766516000,27.002515869140623,0.24074548482894897,-0.15001040697097778,-0.791652500629425
1789031890776520000,27.01252001953125,0.2757152020931244,-0.24961502850055695,-0.8075254559516907
1789031890786523100,27.022523193359376,0.29164886474609375,-0.21030293405056,-0.8236050605773926
1789031890796526000,27.032526123046875,0.306498646736145,-0.03918151557445526,-0.8367264270782471
1789031890806529000,27.042529052734373,0.3089131712913513,0.13948501646518707,-0.797909677028656
1789031890816532200,27.0525322265625,0.2616247534751892,0.2453581839799881,-0.6394510269165039
1789031890826535000,27.062534912109374,0.19819879531860352,0.3292204439640045,-0.397129625082016
1789031890836539100,27.0725390625,0.19146180152893066,0.5291452407836914,-0.2525215744972229
1789031890846542000,27.0825419921875,0.2246944159269333,0.7506446838378906,-0.32845184206962585
1789031890856545000,27.092544921875,0.2405490130186081,0.7050007581710815,-0.50168776512146
1789031890866548000,27.1025478515625,0.20460405945777893,0.3971831500530243,-0.5058494806289673
1789031890876551200,27.11255126953125,0.15543730556964874,0.21672551333904266,-0.3286643624305725
1789031890886554000,27.12255419921875,0.14996188879013062,0.32900601625442505,-0.1658262014389038
1789031890896557000,27.13255712890625,0.1754635125398636,0.4815308451652527,-0.14388547837734222
1789031890906561000,27.14256103515625,0.2025485634803772,0.42262330651283264,-0.2523980736732483
1789031890916564000,27.15256396484375,0.1962754875421524,0.18941132724285126,-0.3350399434566498
1789031890926567200,27.162567138671875,0.1677621603012085,0.014331651851534843,-0.24767205119132996
1789031890936570000,27.172570068359374,0.1385427564382553,0.016638748347759247,-0.04447045922279358
1789031890946573000,27.182572998046876,0.1335432231426239,0.13185612857341766,0.10229606181383133
1789031890956576000,27.192575927734374,0.1660311222076416,0.16266223788261414,0.022830534726381302
1789031890966579000,27.202578857421877,0.15927113592624664,-0.0632711723446846,-0.1904372125864029
1789031890976583000,27.2125830078125,0.12830869853496552,-0.2812000513076782,-0.18924596905708313
1789031890986586000,27.222586181640626,0.09962143748998642,-0.3272048830986023,0.05372297018766403
1789031890996589000,27.232589111328124,0.08334898948669434,-0.30798405408859253,0.25374582409858704
1789031891006592000,27.242592041015627,0.08436238765716553,-0.2819594740867615,0.25280699133872986
1789031891016595200,27.25259521484375,0.1289985626935959,-0.286776065826416,0.11253803223371506
1789031891026598000,27.262597900390624,0.17305487394332886,-0.3550342619419098,0.0031197317875921726
1789031891036601000,27.27260107421875,0.20016026496887207,-0.42096561193466187,-0.01965881884098053
1789031891046605000,27.28260498046875,0.20835302770137787,-0.4214133620262146,0.003926611039787531
1789031891056608000,27.29260791015625,0.20872613787651062,-0.3809807002544403,0.04050406441092491
1789031891066611000,27.30261083984375,0.1904676854610443,-0.3087964653968811,0.09080591052770615
1789031891076614100,27.3126142578125,0.1943226158618927,-0.18166647851467133,0.1078256368637085
1789031891086617000,27.3226171875,0.2168288677930832,-0.056616030633449554,0.15132613480091095
1789031891096620000,27.3326201171875,0.238418847322464,-0.00015621728380210698,0.2611604928970337
1789031891106624000,27.3426240234375,0.24214941263198853,0.013473841361701488,0.4064069092273712
1789031891116627000,27.352626953125,0.2249395251274109,-0.003280904144048691,0.5205150842666626
1789031891126630100,27.362630126953125,0.186610147356987,-0.011171311140060425,0.5650054216384888
1789031891136633000,27.372633056640623,0.14240139722824097,-0.018742678686976433,0.5993325114250183
1789031891146636000,27.382635986328125,0.117719367146492,-0.03592611476778984,0.698086678981781
1789031891156639000,27.392638916015624,0.14718031883239746,-0.022028140723705292,0.7679954171180725
1789031891166642200,27.40264208984375,0.16436772048473358,-0.007707294076681137,0.7244062423706055
1789031891176646000,27.41264599609375,0.12777428328990936,0.011088764294981956,0.6738532781600952
1789031891186649000,27.422649169921876,0.05041583999991417,0.04174501821398735,0.7184090614318848
1789031891196652300,27.43265234375,-0.015107512474060059,0.09379490464925766,0.8527857661247253
1789031891206655000,27.442655029296876,-0.037218127399683,0.1589527279138565,1.0008578300476074
1789031891216658200,27.452658203125,-0.02573404647409916,0.23596735298633575,1.0378514528274536
1789031891226660900,27.462660888671873,-0.056881628930568695,0.23931081593036652,0.9731279611587524
1789031891236664000,27.4726640625,-0.16548345983028412,0.15953849256038666,0.8623963594436646
1789031891246668000,27.48266796875,-0.2662472128868103,0.03637387230992317,0.7415337562561035
1789031891256671000,27.4926708984375,-0.3182254731655121,-0.09963402897119522,0.6212992072105408
1789031891266674000,27.502673828125,-0.3129969835281372,-0.25501853227615356,0.5116108655929565
1789031891276677000,27.512677001953126,-0.30093127489089966,-0.4009980857372284,0.4153873920440674
1789031891286680000,27.52268017578125,-0.3126738369464874,-0.5357080101966858,0.3440753221511841
1789031891296683000,27.53268310546875,-0.3267821967601776,-0.6527169346809387,0.3124020993709564
1789031891306687200,27.542687255859374,-0.34532731771469116,-0.7708509564399719,0.31978264451026917
1789031891316690000,27.55268994140625,-0.3403266966342926,-0.8810818195343018,0.3615831136703491
1789031891326693000,27.562693115234374,-0.328391969203949,-0.9762362837791443,0.42635300755500793
1789031891336696000,27.572696044921877,-0.3287208676338196,-1.0413737297058105,0.4923695921897888
1789031891346699000,27.582698974609375,-0.3446188271045685,-1.0578205585479736,0.554160475730896
1789031891356702200,27.5927021484375,-0.3586914837360382,-1.0533016920089722,0.5861311554908752
1789031891366705200,27.602705078125,-0.36485913395881653,-1.0835959911346436,0.5640551447868347
1789031891376708900,27.612708984375,-0.3478362262248993,-1.1287343502044678,0.4931493103504181
1789031891386712000,27.622712158203125,-0.34153375029563904,-1.1252492666244507,0.39731326699256897
1789031891396715300,27.63271533203125,-0.3367224931716919,-1.0778908729553223,0.30064159631729126
1789031891406718000,27.642718017578126,-0.29542872309684753,-1.0936839580535889,0.23709122836589813
1789031891416721200,27.65272119140625,-0.2003251165151596,-1.1994037628173828,0.2054789662361145
1789031891426723800,27.662723876953127,-0.12901650369167328,-1.2723023891448975,0.19832754135131836
1789031891436727000,27.67272705078125,-0.10883507132530212,-1.210099697113037,0.18372036516666412
1789031891446731000,27.68273095703125,-0.15239328145980835,-1.0379505157470703,0.16197650134563446
1789031891456734200,27.692734130859375,-0.21383613348007202,-0.8551203012466431,0.15002556145191193
1789031891466737200,27.702737060546873,-0.23428742587566376,-0.7074224352836609,0.13561561703681946
1789031891476740000,27.712739990234375,-0.20655646920204163,-0.570612370967865,0.09303060173988342
1789031891486743000,27.722742919921874,-0.1977134346961975,-0.3927718997001648,0.01139831729233265
1789031891496746000,27.73274609375,-0.20149433612823486,-0.21807385981082916,-0.09620803594589233
1789031891506748000,27.742747802734375,-0.2161353975534439,-0.1120857372879982,-0.1797763854265213
1789031891516752100,27.752752197265625,-0.2446967363357544,-0.06304309517145157,-0.19040878117084503
1789031891526755000,27.762755126953124,-0.22938407957553864,0.013594351708889008,-0.1419198215007782
1789031891536758000,27.772758056640626,-0.1941576451063156,0.13351942598819733,-0.08823715150356293
1789031891546761000,27.782760986328125,-0.17956407368183136,0.2628505825996399,-0.0735761746764183
1789031891556764200,27.79276416015625,-0.20089945197105408,0.35613498091697693,-0.09053252637386322
1789031891566767000,27.80276708984375,-0.21429483592510223,0.4249197840690613,-0.08681372553110123
1789031891576771000,27.81277099609375,-0.1785954236984253,0.4800882339477539,-0.03285301476716995
1789031891586774000,27.82277392578125,-0.13934879004955292,0.5575745701789856,0.00362250953912735
1789031891596777000,27.83277685546875,-0.14269211888313293,0.6996952295303345,-0.04131806641817093
1789031891606780200,27.8427802734375,-0.16860169172286987,0.831731915473938,-0.13231727480888367
1789031891616783000,27.852783203125,-0.18485842645168304,0.850926399230957,-0.2019277662038803
1789031891626786000,27.8627861328125,-0.1709328144788742,0.743091344833374,-0.20298154652118683
1789031891636789000,27.8727890625,-0.14928317070007324,0.6057542562484741,-0.155805766582489
1789031891646793200,27.882793212890626,-0.13532815873622894,0.4938545525074005,-0.09175040572881699
1789031891656796000,27.8927958984375,-0.12527045607566833,0.4224783778190613,-0.044669438153505325
1789031891666799000,27.902799072265626,-0.10117334127426147,0.41861528158187866,-0.03604188561439514
1789031891676801800,27.9128017578125,-0.08163612335920334,0.4941345453262329,-0.06770607829093933
1789031891686805000,27.922804931640623,-0.08274083584547043,0.6003570556640625,-0.12181057035923004
1789031891696808200,27.93280810546875,-0.09074842929840088,0.6733002066612244,-0.16665926575660706
1789031891706811000,27.942810791015624,-0.0888267457485199,0.6428684592247009,-0.1585211306810379
1789031891716815000,27.952815185546875,-0.04730939492583275,0.5450846552848816,-0.08498672395944595
1789031891726818000,27.962818115234374,0.011449840851128101,0.45486700534820557,-0.01388382539153099
1789031891736821000,27.972821044921876,0.07339230179786682,0.47074902057647705,-0.03904696926474571
1789031891746824000,27.982823974609374,0.08852497488260269,0.5324267148971558,-0.1264849752187729
1789031891756827100,27.9928271484375,0.07640865445137024,0.5351985692977905,-0.2197486162185669
1789031891766830000,28.002830078125,0.04389724135398865,0.44035229086875916,-0.23469263315200806
1789031891776833000,28.0128330078125,0.07106973975896835,0.31942853331565857,-0.18980824947357178
1789031891786837000,28.0228369140625,0.14723485708236694,0.3259739875793457,-0.1891355663537979
1789031891796840000,28.03283984375,0.23428933322429657,0.520142674446106,-0.3008998930454254
1789031891806843100,28.042843017578125,0.29417362809181213,0.7571861147880554,-0.4604375660419464
1789031891816846000,28.05284619140625,0.30332183837890625,0.8331759572029114,-0.569222629070282
1789031891826849000,28.06284912109375,0.27823224663734436,0.6837924122810364,-0.560315728187561
1789031891836852000,28.07285205078125,0.23907044529914856,0.4207049012184143,-0.4944661557674408
1789031891846855000,28.08285498046875,0.18219999969005585,0.21439731121063232,-0.4620504081249237
1789031891856859000,28.09285888671875,0.15858495235443115,0.14926357567310333,-0.5102733373641968
1789031891866862000,28.102862060546876,0.17249608039855957,0.15848203003406525,-0.6062566637992859
1789031891876865000,28.112864990234375,0.1708398461341858,0.09850391000509262,-0.6760746240615845
1789031891886868000,28.122867919921877,0.14300397038459778,-0.009495601989328861,-0.7107567191123962
1789031891896871200,28.13287109375,0.12490752339363098,-0.047828078269958496,-0.7296521067619324
1789031891906873900,28.142873779296874,0.1379784196615219,0.020832045003771782,-0.7386217713356018
1789031891916877000,28.152876953125,0.15839874744415283,0.09838302433490753,-0.7026581764221191
1789031891926881000,28.162881103515623,0.1632312834262848,0.09643137454986572,-0.6592049598693848
1789031891936884000,28.172884033203125,0.12439493089914322,-0.016989190131425858,-0.6179842948913574
1789031891946887000,28.182886962890624,0.06622199714183807,-0.14907126128673553,-0.6325816512107849
1789031891956890000,28.19289013671875,0.02210700698196888,-0.12632572650909424,-0.7360151410102844
1789031891966893000,28.20289306640625,0.08014559000730515,0.08234691619873047,-0.8968517184257507
1789031891976896000,28.21289599609375,0.18566402792930603,0.1546650528907776,-0.9512143135070801
1789031891986899200,28.222899169921874,0.2135782539844513,-0.011954274959862232,-0.8095080256462097
1789031891996903000,28.23290283203125,0.18147651851177216,-0.12679004669189453,-0.6095597743988037
1789031892006906000,28.242906005859375,0.15755827724933624,0.05080201476812363,-0.4876822531223297
1789031892016909000,28.252908935546873,0.14952406287193298,0.33768677711486816,-0.46964678168296814
1789031892026912000,28.262912109375,0.1238156259059906,0.4991377890110016,-0.4600116014480591
1789031892036915000,28.2729150390625,0.09648361057043076,0.5447878837585449,-0.43278688192367554
1789031892046918000,28.28291796875,0.0944526344537735,0.5333505272865295,-0.4129742383956909
1789031892056921000,28.292921142578123,0.11549346894025803,0.49085497856140137,-0.43356606364250183
1789031892066925000,28.302925048828126,0.13591857254505157,0.40679416060447693,-0.48432061076164246
1789031892076928300,28.31292822265625,0.12038569897413254,0.3038877546787262,-0.5093271732330322
1789031892086931000,28.322930908203126,0.09575164318084717,0.23423488438129425,-0.4424617886543274
1789031892096934100,28.33293408203125,0.07663227617740631,0.240152969956398,-0.29007038474082947
1789031892106936800,28.342936767578124,0.06751043349504471,0.2723753750324249,-0.14127586781978607
1789031892116940000,28.35293994140625,0.07444877177476883,0.24123211205005646,-0.06749245524406433
1789031892126943200,28.362943115234376,0.06080007553100586,0.12605850398540497,-0.10068956017494202
1789031892136947000,28.372947021484375,0.02982325665652752,-0.031262144446372986,-0.13775278627872467
1789031892146950000,28.382949951171874,-0.012957975268363953,-0.16659779846668243,-0.03823581337928772
1789031892156953000,28.392953125,-0.05108645185828209,-0.20806695520877838,0.15514057874679565
1789031892166956000,28.4029560546875,-0.04259578883647919,-0.1706659495830536,0.3111714720726013
1789031892176959000,28.412958984375,0.022930223494768143,-0.14606179296970367,0.29069840908050537
1789031892186962200,28.422962158203124,0.0793314129114151,-0.26465079188346863,0.03324587643146515
1789031892196964900,28.43296484375,0.0743025615811348,-0.39556512236595154,-0.17827115952968597
1789031892206969000,28.442968994140625,0.04256196320056915,-0.4316973388195038,-0.1549392193555832
1789031892216972000,28.452971923828127,0.021893970668315887,-0.39650657773017883,0.007059796713292599
1789031892226975000,28.46297509765625,0.027718275785446167,-0.3735697269439697,0.14808431267738342
1789031892236978200,28.472978271484376,0.061038680374622345,-0.3489304184913635,0.12638860940933228
1789031892246981000,28.482981201171874,0.07231800258159637,-0.34608590602874756,-0.04320710897445679
1789031892256984000,28.492984130859377,0.07822836190462112,-0.42078012228012085,-0.13456179201602936
1789031892266987000,28.502987060546875,0.07741711288690567,-0.48966696858406067,-0.0446944534778595
1789031892276991200,28.5129912109375,0.0935145914554596,-0.4538961946964264,0.10874810069799423
1789031892286994000,28.522993896484376,0.12975142896175385,-0.3365482687950134,0.1963120400905609
1789031892296997000,28.5329970703125,0.19249257445335388,-0.21759043633937836,0.16270986199378967
1789031892306999800,28.542999755859373,0.25137585401535034,-0.16338598728179932,0.10261351615190506
1789031892317003000,28.5530029296875,0.27880799770355225,-0.20659230649471283,0.14331327378749847
1789031892327006200,28.563006103515626,0.2824315130710602,-0.27861109375953674,0.2978719472885132
1789031892337009000,28.5730087890625,0.27397704124450684,-0.2836143970489502,0.4445900022983551
1789031892347013000,28.58301318359375,0.2712114453315735,-0.12368948757648468,0.5371909737586975
1789031892357016000,28.59301611328125,0.28456825017929077,0.1156754270195961,0.5863076448440552
1789031892367019000,28.60301904296875,0.30769941210746765,0.31960564851760864,0.6417586803436279
1789031892377022000,28.61302197265625,0.3135482370853424,0.4067527949810028,0.7123681306838989
1789031892387025200,28.623025146484373,0.28468629717826843,0.39202025532722473,0.7674516439437866
1789031892397028000,28.633028076171875,0.22902622818946838,0.33047032356262207,0.7730668783187866
1789031892407031000,28.643031005859374,0.1499752700328827,0.22609902918338776,0.7651722431182861
1789031892417035000,28.653034912109376,0.08061324059963226,0.11140546947717667,0.740687370300293
1789031892427038000,28.663037841796875,0.020279278978705406,0.00375876622274518,0.710408627986908
1789031892437041200,28.673041259765625,-0.03988499194383621,-0.09357178211212158,0.6760959625244141
1789031892447044000,28.683044189453124,-0.10447730869054794,-0.19141164422035217,0.6443998217582703
1789031892457047000,28.693047119140626,-0.16203753650188446,-0.2669095993041992,0.5956876277923584
1789031892467050000,28.703050048828125,-0.20667128264904022,-0.3094901442527771,0.5642650127410889
1789031892477053000,28.713052978515623,-0.23147010803222656,-0.31779468059539795,0.5539218187332153
1789031892487057000,28.723056884765626,-0.22693373262882233,-0.32240647077560425,0.5448228716850281
1789031892497060000,28.73306005859375,-0.22884587943553925,-0.3652969300746918,0.5294284820556641
1789031892507062800,28.743062744140627,-0.2272900491952896,-0.4369458556175232,0.5062118172645569
1789031892517065700,28.753065673828125,-0.22939075529575348,-0.5216119885444641,0.47108420729637146
1789031892527069000,28.76306884765625,-0.24993835389614105,-0.5698615312576294,0.42514440417289734
1789031892537071600,28.773071533203126,-0.2945188581943512,-0.6078696250915527,0.3959929049015045
1789031892547074800,28.78307470703125,-0.31018272042274475,-0.6303033232688904,0.3845338225364685
1789031892557078800,28.793078857421875,-0.3059365749359131,-0.6535146832466125,0.40242522954940796
1789031892567081700,28.803081787109374,-0.2898847460746765,-0.6914433240890503,0.41905057430267334
1789031892577084700,28.813084716796876,-0.3003450632095337,-0.6855800747871399,0.4036111533641815
1789031892587088000,28.823087890625,-0.3366820514202118,-0.6475563645362854,0.3488871455192566
1789031892597090800,28.8330908203125,-0.3816561698913574,-0.6346171498298645,0.27890142798423767
1789031892607093800,28.84309375,-0.41827192902565,-0.668278157711029,0.23610840737819672
1789031892617096700,28.8530966796875,-0.41593822836875916,-0.7471213340759277,0.23246707022190094
1789031892627100700,28.8631005859375,-0.39791178703308105,-0.8363469839096069,0.22009028494358063
1789031892637103900,28.873103759765623,-0.39715731143951416,-0.8769873380661011,0.16202351450920105
1789031892647106800,28.88310693359375,-0.3831286132335663,-0.8819525241851807,0.06911144405603409
1789031892657109800,28.89310986328125,-0.3585715889930725,-0.9091881513595581,0.01388121023774147
1789031892667112700,28.90311279296875,-0.33357781171798706,-0.9264553785324097,0.021750565618276596
1789031892677115600,28.91311572265625,-0.3348502516746521,-0.8574581742286682,0.031609855592250824
1789031892687118800,28.923118896484375,-0.3732503056526184,-0.672548770904541,-0.010742702521383762
1789031892697122800,28.933122802734374,-0.4270267188549042,-0.4614913761615753,-0.08020540326833725
1789031892707125800,28.943125732421876,-0.4850858747959137,-0.35088738799095154,-0.08715327084064484
1789031892717128700,28.953128662109375,-0.4858211576938629,-0.33574438095092773,-0.024973515421152115
1789031892727132000,28.9631318359375,-0.44235140085220337,-0.3573206961154938,0.05635617673397064
1789031892737134600,28.973134521484376,-0.3880583345890045,-0.333055317401886,0.11470310389995575
1789031892747137800,28.9831376953125,-0.3658997416496277,-0.24047768115997314,0.11030170321464539
1789031892757141000,28.99314111328125,-0.3646147847175598,-0.11007600277662277,0.05917779728770256
1789031892767144700,29.003144775390624,-0.3513006269931793,-0.0005663873162120581,-0.005589697044342756
1789031892777147600,29.013147705078126,-0.2990161180496216,0.042440202087163925,-0.035565171390771866
1789031892787150800,29.02315087890625,-0.22928473353385925,0.08700630068778992,-0.031434863805770874
1789031892797153800,29.03315380859375,-0.19739070534706116,0.17877750098705292,-0.02618124708533287
1789031892807156700,29.04315673828125,-0.21149687469005585,0.32624396681785583,-0.03583045303821564
1789031892817160000,29.053159912109376,-0.24542315304279327,0.4211733937263489,-0.04816941171884537
1789031892827162600,29.06316259765625,-0.23936718702316284,0.3680342137813568,-0.02533303201198578
1789031892837166800,29.073166748046877,-0.20280678570270538,0.26458585262298584,0.015172850340604782
1789031892847169800,29.083169677734375,-0.1792779564857483,0.29571840167045593,0.03726851940155029
1789031892857172700,29.0931728515625,-0.17363578081130981,0.4589965343475342,0.03554545342922211
1789031892867176000,29.103176025390624,-0.15832288563251495,0.583179771900177,0.03276273235678673
1789031892877178600,29.1131787109375,-0.12179337441921234,0.6189833283424377,0.02338201366364956
1789031892887181800,29.123181884765625,-0.09728147834539413,0.6011561751365662,-0.0042311642318964005
1789031892897184800,29.133184814453124,-0.09621115773916245,0.6081046462059021,-0.059083227068185806
1789031892907189000,29.14318896484375,-0.10379239916801453,0.6391567587852478,-0.10684807598590851
1789031892917191700,29.153191650390625,-0.0874435156583786,0.6477393507957458,-0.11502691358327866
1789031892927195000,29.16319482421875,-0.040111057460308075,0.5511960387229919,-0.0773022323846817
1789031892937197600,29.173197509765625,-0.01396067813038826,0.3794844448566437,-0.03962596505880356
1789031892947200800,29.18320068359375,-0.013271212577819824,0.2590673565864563,-0.06196640059351921
1789031892957204000,29.193203857421874,-0.019655875861644745,0.2725338935852051,-0.1693732887506485
1789031892967206700,29.20320654296875,-0.00652673514559865,0.3495178520679474,-0.29825806617736816
1789031892977211000,29.2132109375,0.020462539047002792,0.35920804738998413,-0.3281696140766144
1789031892987213800,29.2232138671875,0.06318151950836182,0.27116021513938904,-0.2518913447856903
1789031892997216800,29.233216796875,0.08188702911138535,0.18218615651130676,-0.1745033711194992
1789031893007219700,29.2432197265625,0.0761137381196022,0.19161741435527802,-0.19554439187049866
1789031893017223000,29.253222900390625,0.06043943762779236,0.23940704762935638,-0.2863779067993164
1789031893027225900,29.263225830078124,0.04106523096561432,0.218039408326149,-0.3724291920661926
1789031893037228800,29.273228759765626,0.015812603756785393,0.0781579241156578,-0.3875804543495178
1789031893047232800,29.283232666015625,0.005665760021656752,-0.08079798519611359,-0.3628242611885071
1789031893057235700,29.293235595703123,0.008815746754407883,-0.1311759352684021,-0.3697628676891327
1789031893067239000,29.303239013671874,0.04926486313343048,-0.0365128293633461,-0.4355919063091278
1789031893077241900,29.313241943359376,0.08907245844602585,0.10075287520885468,-0.5091686844825745
1789031893087244800,29.323244873046875,0.1200900599360466,0.16027656197547913,-0.5501158237457275
1789031893097247700,29.333247802734373,0.14427822828292847,0.10560532659292221,-0.5246701240539551
1789031893107250700,29.343250732421875,0.13977894186973572,0.00923165213316679,-0.48563387989997864
1789031893117254700,29.353254638671874,0.10990867018699646,-0.07371436059474945,-0.44386062026023865
1789031893127257900,29.3632578125,0.08177914470434189,-0.07290541380643845,-0.4540846645832062
1789031893137260800,29.3732607421875,0.0960741937160492,0.0036860306281596422,-0.5224772691726685
1789031893147263700,29.383263671875,0.12597933411598206,0.0839277058839798,-0.6043356657028198
1789031893157267000,29.393266845703124,0.1487078070640564,0.06810160726308823,-0.6648905873298645
1789031893167269600,29.40326953125,0.1366935521364212,-0.08658724278211594,-0.7014239430427551
1789031893177272800,29.41327294921875,0.08853720873594284,-0.20793551206588745,-0.7254008650779724
1789031893187276800,29.42327685546875,0.06054919585585594,-0.17825916409492493,-0.7513826489448547
1789031893197279700,29.43327978515625,0.10237681120634079,-0.005373937543481588,-0.8057281374931335
1789031893207282700,29.44328271484375,0.17542718350887299,0.11728575080633163,-0.809471607208252
1789031893217286000,29.453285888671875,0.20198555290699005,0.1166180968284607,-0.7113064527511597
1789031893227288800,29.463288818359374,0.18786945939064026,0.12673205137252808,-0.5556710362434387
1789031893237291800,29.473291748046876,0.16800227761268616,0.20122119784355164,-0.3848643898963928
1789031893247294700,29.483294677734374,0.1727045774459839,0.31845352053642273,-0.25841692090034485
1789031893257298700,29.493298583984377,0.19227908551692963,0.3945418894290924,-0.2474614679813385
1789031893267302000,29.503302001953124,0.22142231464385986,0.3584662675857544,-0.34606367349624634
1789031893277304800,29.513304931640626,0.2364465445280075,0.23079140484333038,-0.46108001470565796
1789031893287307800,29.523307861328124,0.24927830696105957,0.10002726316452026,-0.5007569789886475
1789031893297310700,29.533310791015627,0.20976287126541138,0.031423699110746384,-0.4100005030632019
1789031893307313700,29.543313720703125,0.11296925693750381,0.05242285877466202,-0.2239483743906021
1789031893317316900,29.55331689453125,0.05714567378163338,0.13621735572814941,-0.03708793595433235
1789031893327319800,29.56331982421875,0.07307552546262741,0.20318737626075745,0.02734074369072914
1789031893337323800,29.57332373046875,0.14131371676921844,0.11098874360322952,-0.06736738979816437
1789031893347326700,29.58332666015625,0.1921197921037674,-0.1520812213420868,-0.2153032422065735
1789031893357330000,29.593329833984374,0.1616194099187851,-0.3731832504272461,-0.21634534001350403
1789031893367332600,29.60333251953125,0.11955210566520691,-0.41312891244888306,-0.03723284229636192
1789031893377335800,29.613335693359375,0.10988643020391464,-0.35588720440864563,0.11077632755041122
1789031893387338800,29.6233388671875,0.10999318212270737,-0.3755352795124054,0.05494850501418114
1789031893397342700,29.6333427734375,0.09574846923351288,-0.47116541862487793,-0.06546792387962341
1789031893407345700,29.643345703125,0.07912931591272354,-0.5437215566635132,-0.0885293260216713
1789031893417348900,29.653348876953125,0.07641129195690155,-0.536719560623169,-0.00036990176886320114
1789031893427351800,29.663351806640627,0.1075066551566124,-0.4783424437046051,0.10012871772050858
1789031893437354800,29.673354736328125,0.1553356945514679,-0.4136635959148407,0.11683446168899536
1789031893447358000,29.68335791015625,0.17475444078445435,-0.3979802429676056,0.050477247685194016
1789031893457360600,29.693360595703126,0.19021862745285034,-0.4368128478527069,-0.040734417736530304
1789031893467363800,29.70336376953125,0.22157412767410278,-0.49187278747558594,-0.10787002742290497
1789031893477367800,29.713367919921875,0.22364312410354614,-0.5234746336936951,-0.07754248380661011
1789031893487370800,29.723370849609374,0.208228200674057,-0.5343932509422302,0.08312337100505829
1789031893497373700,29.733373779296876,0.21261149644851685,-0.47745776176452637,0.2840751111507416
1789031893507377200,29.743377197265627,0.24206200242042542,-0.3662814497947693,0.40463221073150635
1789031893517380400,29.75338037109375,0.28082454204559326,-0.23824119567871094,0.45685094594955444
1789031893527383000,29.763383056640624,0.31130900979042053,-0.1485190987586975,0.4818076491355896
1789031893537386200,29.77338623046875,0.2949284613132477,-0.15949878096580505,0.5640213489532471
1789031893547390200,29.78339013671875,0.2367674857378006,-0.12008210271596909,0.6317470669746399
1789031893557393200,29.79339306640625,0.20980271697044373,0.05229152739048004,0.6492152810096741
1789031893567396000,29.80339599609375,0.20735971629619598,0.28308582305908203,0.674172580242157
1789031893577399300,29.8133994140625,0.21125060319900513,0.46806952357292175,0.7525537014007568
1789031893587402000,29.823402099609375,0.18481656908988953,0.5070328116416931,0.8648679852485657
1789031893597405200,29.8334052734375,0.10391584783792496,0.34337732195854187,0.9472619295120239
1789031893607408000,29.843408203125,-0.01793394610285759,0.04113491624593735,0.9465743899345398
1789031893617412000,29.853412109375,-0.1290237158536911,-0.27775731682777405,0.8593539595603943
1789031893627415300,29.863415283203125,-0.19088485836982727,-0.5011530518531799,0.7042916417121887
1789031893637418200,29.873418212890623,-0.21840383112430573,-0.604923665523529,0.550801694393158
1789031893647421200,29.883421142578126,-0.20523083209991455,-0.6346978545188904,0.42897164821624756
1789031893657424100,29.893424072265624,-0.1654818207025528,-0.6525583863258362,0.3774639666080475
1789031893667427000,29.903427001953126,-0.13747164607048035,-0.66389399766922,0.3871106803417206
1789031893677430300,29.91343017578125,-0.14813894033432007,-0.6626527309417725,0.4342510402202606
1789031893687434200,29.923434326171876,-0.19705912470817566,-0.6496024131774902,0.4773434102535248
1789031893697437000,29.93343701171875,-0.2448546141386032,-0.6373444199562073,0.5094515681266785
1789031893707440000,29.943440185546876,-0.2893241047859192,-0.6702552437782288,0.5244004130363464
1789031893717443300,29.953443359375,-0.3085803687572479,-0.763710618019104,0.5117522478103638
1789031893727446000,29.963446044921874,-0.29881802201271057,-0.8816004991531372,0.4880482852458954
1789031893737449200,29.97344921875,-0.3157669007778168,-0.987644374370575,0.4627285301685333
1789031893747452200,29.9834521484375,-0.35282522439956665,-1.0280828475952148,0.4513152241706848
1789031893757456100,29.9934560546875,-0.38180893659591675,-1.0337036848068237,0.44637399911880493
1789031893767459000,30.003458984375,-0.39657536149024963,-1.0404449701309204,0.43680819869041443
1789031893777462300,30.013462158203126,-0.39277583360671997,-1.055808663368225,0.4232063591480255
1789031893787465200,30.02346533203125,-0.38364094495773315,-1.1577651500701904,0.39444369077682495
1789031893797468200,30.03346826171875,-0.3578663170337677,-1.3078901767730713,0.32951557636260986
1789031893807471000,30.04347119140625,-0.3406783640384674,-1.4162037372589111,0.22670163214206696
1789031893817474000,30.05347412109375,-0.3284773826599121,-1.4582444429397583,0.1348119080066681
1789031893827478300,30.063478271484374,-0.3043714463710785,-1.4229602813720703,0.06845122575759888
1789031893837481200,30.073481201171877,-0.29176297783851624,-1.2715166807174683,0.048413604497909546
1789031893847484200,30.083484130859375,-0.2784610092639923,-1.0187652111053467,0.044166114181280136
1789031893857487000,30.093487060546874,-0.2713136374950409,-0.750245988368988,0.004371829330921173
1789031893867490000,30.103489990234376,-0.25419512391090393,-0.53963702917099,-0.08017871528863907
1789031893877493200,30.1134931640625,-0.23200805485248566,-0.38968271017074585,-0.13667261600494385
1789031893887496200,30.12349609375,-0.22680871188640594,-0.30175545811653137,-0.13367605209350586
1789031893897500200,30.133500244140624,-0.21719709038734436,-0.2759840488433838,-0.1288464218378067
1789031893907503000,30.143503173828126,-0.18746507167816162,-0.28994810581207275,-0.15433818101882935
1789031893917506300,30.15350634765625,-0.16321299970149994,-0.3476034104824066,-0.17255818843841553
1789031893927509000,30.163509033203123,-0.17107336223125458,-0.3874545395374298,-0.15594561398029327
1789031893937512200,30.17351220703125,-0.1906673014163971,-0.35344621539115906,-0.11840464174747467
1789031893947515100,30.18351513671875,-0.18632955849170685,-0.2498527318239212,-0.08368128538131714
1789031893957518000,30.19351806640625,-0.1703663021326065,-0.13091036677360535,-0.07341106981039047
1789031893967522000,30.20352197265625,-0.1543658822774887,-0.015722934156656265,-0.07747995108366013
1789031893977525200,30.213525146484375,-0.1180422231554985,0.09557057172060013,-0.07367002964019775
1789031893987528200,30.223528076171874,-0.0673229843378067,0.18836233019828796,-0.04763488098978996
1789031893997531100,30.23353125,-0.021227123215794563,0.24520644545555115,-0.03252490237355232
1789031894007534300,30.243534423828127,-0.019974876195192337,0.29873135685920715,-0.04532061517238617
1789031894017537000,30.253537109375,-0.04617532342672348,0.40323325991630554,-0.07576507329940796
1789031894027540200,30.263540283203124,-0.0734434723854065,0.5361546277999878,-0.08992879837751389
1789031894037544200,30.273544189453126,-0.06440417468547821,0.6410948634147644,-0.0760236382484436
1789031894047547100,30.283547119140625,-0.01862809993326664,0.697913408279419,-0.04566390812397003
1789031894057550000,30.293550048828124,0.0338263176381588,0.7009184956550598,-0.021386530250310898
1789031894067553000,30.303552978515626,0.07877081632614136,0.7458791732788086,-0.02506217546761036
1789031894077556200,30.31355615234375,0.10328760743141174,0.8625927567481995,-0.060171689838171005
1789031894087559200,30.32355908203125,0.11570358276367188,1.010150671005249,-0.10237643867731094
1789031894097562000,30.33356201171875,0.13088786602020264,1.0892404317855835,-0.11358434706926346
1789031894107566000,30.343566162109376,0.15803898870944977,1.0334314107894897,-0.09251683205366135
1789031894117569300,30.3535693359375,0.1963869035243988,0.9163875579833984,-0.10013959556818008
1789031894127572000,30.363572021484377,0.23356148600578308,0.8324550986289978,-0.16478866338729858
1789031894137575200,30.3735751953125,0.2610277533531189,0.7763081789016724,-0.26883599162101746
1789031894147578000,30.383578125,0.26161205768585205,0.650351881980896,-0.34943392872810364
1789031894157581000,30.3935810546875,0.26546698808670044,0.4540278911590576,-0.38335299491882324
1789031894167584300,30.403584228515626,0.2790999710559845,0.3663061261177063,-0.42830872535705566
1789031894177587200,30.413587158203125,0.2828664779663086,0.4230964481830597,-0.49592533707618713
1789031894187591200,30.423591064453124,0.2939034104347229,0.5096822381019592,-0.5441325306892395
1789031894197594000,30.433593994140626,0.29794129729270935,0.5526952147483826,-0.544624924659729
1789031894207597300,30.443597412109376,0.2857127785682678,0.5344542264938354,-0.5069723725318909
1789031894217600000,30.45360009765625,0.2598649859428406,0.4793371558189392,-0.4586801826953888
1789031894227603200,30.463603271484374,0.22541861236095428,0.41469743847846985,-0.42553290724754333
1789031894237606100,30.473606201171876,0.19236798584461212,0.3047640323638916,-0.3817790448665619
1789031894247610000,30.483610107421875,0.1825585514307022,0.1500830501317978,-0.3456604778766632
1789031894257613000,30.493613037109377,0.16131983697414398,0.014086869545280933,-0.3441302180290222
1789031894267616300,30.5036162109375,0.14241725206375122,-0.03786010295152664,-0.39315661787986755
1789031894277619200,30.513619140625,0.16584934294223785,0.023095129057765007,-0.47952666878700256
1789031894287622100,30.5236220703125,0.19560155272483826,0.15417338907718658,-0.5414110422134399
1789031894297625000,30.533625,0.20457294583320618,0.209432914853096,-0.5504212975502014
1789031894307628000,30.5436279296875,0.19797231256961823,0.13776983320713043,-0.49223601818084717
1789031894317632300,30.55363232421875,0.15937964618206024,0.05517828091979027,-0.4499029517173767
1789031894327635000,30.563635009765626,0.1465979963541031,0.016095228493213654,-0.4676286280155182
1789031894337638100,30.57363818359375,0.15110141038894653,-0.009215987287461758,-0.4996001124382019
1789031894347641300,30.583641357421875,0.12904655933380127,-0.08212024718523026,-0.48437678813934326
1789031894357644000,30.59364404296875,0.07432151585817337,-0.14940154552459717,-0.4560375511646271
1789031894367647200,30.603647216796876,0.07896736264228821,-0.06255002319812775,-0.48587238788604736
1789031894377650200,30.613650146484375,0.13900752365589142,0.1255788803100586,-0.5488604307174683
1789031894387653000,30.623653076171873,0.20458412170410156,0.25800877809524536,-0.5754608511924744
1789031894397657000,30.633656982421876,0.24631160497665405,0.24444450438022614,-0.5464673042297363
1789031894407660300,30.643660400390626,0.2825186550617218,0.2261243611574173,-0.48659732937812805
1789031894417663000,30.6536630859375,0.307498037815094,0.28578928112983704,-0.446891725063324
1789031894427666200,30.663666259765623,0.3403848707675934,0.41205960512161255,-0.45450517535209656
1789031894437669000,30.673669189453125,0.376131147146225,0.5150424242019653,-0.5186042189598083
1789031894447672000,30.683672119140624,0.4011911451816559,0.5099979639053345,-0.5939024090766907
1789031894457675300,30.69367529296875,0.3729211688041687,0.4276157021522522,-0.623252272605896
1789031894467679200,30.70367919921875,0.31472742557525635,0.3746730387210846,-0.5882525444030762
1789031894477682200,30.71368212890625,0.2348451167345047,0.35300371050834656,-0.4395411014556885
1789031894487685000,30.72368505859375,0.15772318840026855,0.36377260088920593,-0.19593940675258636
1789031894497688000,30.73368798828125,0.08021828532218933,0.39804109930992126,0.024253947660326958
1789031894507691500,30.74369140625,0.08298397809267044,0.43049246072769165,0.12451422959566116
1789031894517694700,30.75369482421875,0.1303855925798416,0.33340612053871155,0.05444540083408356
1789031894527698000,30.763697998046876,0.16298674046993256,0.10100188106298447,-0.037376973778009415
1789031894537701600,30.77370166015625,0.14359013736248016,-0.08133037388324738,0.018966194242239
1789031894547704600,30.78370458984375,0.0868285670876503,-0.10021542757749557,0.16938501596450806
1789031894557707800,30.793707763671875,0.06002252176403999,-0.07935408502817154,0.24042004346847534
1789031894567710700,30.803710693359374,0.08829455077648163,-0.08336236327886581,0.19442462921142578
1789031894577713700,30.813713623046876,0.11320016533136368,-0.13049843907356262,0.06833754479885101
1789031894587716600,30.823716552734375,0.12194710224866867,-0.19655555486679077,-0.03251000493764877
1789031894597719600,30.833719482421873,0.12240782380104065,-0.2258918732404709,-0.08417399972677231
1789031894607723800,30.843723876953124,0.12683846056461334,-0.2333681434392929,-0.15987804532051086
1789031894617726700,30.853726806640626,0.11803565174341202,-0.23553729057312012,-0.21884948015213013
1789031894627729700,30.863729736328125,0.11523961275815964,-0.24245598912239075,-0.1935206949710846
1789031894637732900,30.87373291015625,0.11462654918432236,-0.2829834520816803,-0.13093027472496033
1789031894647735600,30.883735595703126,0.11470440030097961,-0.3164094388484955,-0.09680060297250748
1789031894657738800,30.89373876953125,0.13697189092636108,-0.3222638666629791,-0.1444259136915207
1789031894667741700,30.90374169921875,0.14903539419174194,-0.3551299571990967,-0.23198527097702026
1789031894677745700,30.91374560546875,0.13257865607738495,-0.3962968587875366,-0.21664945781230927
1789031894687748600,30.92374853515625,0.11336415261030197,-0.401231050491333,-0.04434128850698471
1789031894697751800,30.933751708984374,0.09447354823350906,-0.3406047224998474,0.25591200590133667
1789031894707754500,30.94375439453125,0.07781846821308136,-0.237412229180336,0.5466303825378418
1789031894717757700,30.9537578125,0.08567213267087936,-0.09383296966552734,0.7102230191230774
1789031894727761000,30.963760986328126,0.07379607111215591,0.02854767255485058,0.7338281273841858
1789031894737763600,30.973763671875,0.03612859547138214,0.038390982896089554,0.7038015723228455
1789031894747767800,30.983767822265627,-0.03538788855075836,-0.047159936279058456,0.7272022366523743
1789031894757770800,30.993770751953125,-0.08091489970684052,-0.16165535151958466,0.8189536929130554
1789031894767773700,31.003773681640624,-0.0910855233669281,-0.21450449526309967,0.9194962978363037
1789031894777776600,31.013776611328126,-0.0745728611946106,-0.20480579137802124,0.9748692512512207
1789031894787779800,31.02377978515625,-0.10377973318099976,-0.1935247927904129,0.9763199090957642
1789031894797782800,31.03378271484375,-0.1504732072353363,-0.20938923954963684,0.9557232856750488
1789031894807785700,31.04378564453125,-0.18694014847278595,-0.2917933464050293,0.909618079662323
1789031894817789700,31.053789794921876,-0.23423603177070618,-0.41629692912101746,0.8384578824043274
1789031894827792600,31.063792724609375,-0.2685338258743286,-0.4980390667915344,0.7437622547149658
1789031894837795800,31.0737958984375,-0.2831319272518158,-0.5352447628974915,0.6728004813194275
1789031894847798500,31.083798583984375,-0.2807657718658447,-0.5209721326828003,0.6519168615341187
1789031894857801700,31.0938017578125,-0.2948049008846283,-0.48815611004829407,0.6564381122589111
1789031894867804700,31.1038046875,-0.3048769533634186,-0.489374577999115,0.6517505645751953
1789031894877807600,31.1138076171875,-0.3264240324497223,-0.5541447997093201,0.6406713128089905
1789031894887811600,31.1238115234375,-0.34358978271484375,-0.6528133153915405,0.614456832408905
1789031894897814800,31.133814697265624,-0.33577844500541687,-0.7814551591873169,0.561270534992218
1789031894907817700,31.143817626953126,-0.316607803106308,-0.9337463974952698,0.49372443556785583
1789031894917820700,31.153820556640625,-0.31259575486183167,-1.0468963384628296,0.4412764310836792
1789031894927824000,31.163823974609375,-0.32949212193489075,-1.0896117687225342,0.41385698318481445
1789031894937826600,31.17382666015625,-0.36097201704978943,-1.0043970346450806,0.4211500585079193
1789031894947829800,31.183829833984376,-0.4017588794231415,-0.8581717610359192,0.4305024743080139
1789031894957833700,31.193833740234375,-0.44340750575065613,-0.7101713418960571,0.4152239263057709
1789031894967836700,31.203836669921873,-0.44832226634025574,-0.6480409502983093,0.39395663142204285
1789031894977839600,31.213839599609376,-0.3912464380264282,-0.6907148957252502,0.3308045566082001
1789031894987842800,31.2238427734375,-0.336786150932312,-0.7726699709892273,0.2130265235900879
1789031894997845800,31.233845703125,-0.30526310205459595,-0.8211360573768616,0.0836978405714035
1789031895007848700,31.2438486328125,-0.28231459856033325,-0.8786947131156921,0.018071932718157768
1789031895017851600,31.2538515625,-0.266830712556839,-0.976140558719635,0.0450470894575119
1789031895027855600,31.263855712890624,-0.25285178422927856,-1.0393104553222656,0.10976829379796982
1789031895037858800,31.27385888671875,-0.22717277705669403,-1.044128656387329,0.13467763364315033
1789031895047861800,31.28386181640625,-0.19772465527057648,-0.9866730570793152,0.06895910948514938
1789031895057864700,31.29386474609375,-0.19013597071170807,-0.8612691164016724,-0.06653507053852081
1789031895067867600,31.30386767578125,-0.23628588020801544,-0.688531219959259,-0.1652856320142746
1789031895077870600,31.31387060546875,-0.2825652062892914,-0.5530288219451904,-0.1419859081506729
1789031895087873800,31.323873779296875,-0.2760656774044037,-0.516505777835846,-0.0357210598886013
1789031895097877800,31.333877685546874,-0.2371225208044052,-0.49106085300445557,0.03351633623242378
1789031895107880700,31.343880615234376,-0.23229701817035675,-0.34683138132095337,0.008853424340486526
1789031895117883600,31.353883544921874,-0.26950883865356445,-0.17285773158073425,-0.08159179240465164
1789031895127886800,31.363886962890625,-0.30303245782852173,-0.11250659078359604,-0.15643244981765747
1789031895137889500,31.3738896484375,-0.2950453758239746,-0.09092992544174194,-0.11482135951519012
1789031895147892700,31.383892822265626,-0.25172287225723267,-0.010834161192178726,-0.0006575346924364567
1789031895157895700,31.393895751953124,-0.22818507254123688,0.11633551120758057,0.0798325166106224
1789031895167899600,31.403899658203127,-0.21971885859966278,0.23714298009872437,0.06869754940271378
1789031895177902600,31.413902587890625,-0.23737375438213348,0.37849342823028564,0.05422752723097801
1789031895187905800,31.42390576171875,-0.23098492622375488,0.47116225957870483,0.09760330617427826
1789031895197908700,31.43390869140625,-0.16616412997245789,0.5267826914787292,0.14353510737419128
1789031895207911700,31.44391162109375,-0.10829441249370575,0.6614823937416077,0.1397012174129486
1789031895217914600,31.45391455078125,-0.15017636120319366,0.8377610445022583,0.07385002821683884
1789031895227917600,31.46391748046875,-0.2328382134437561,0.8989197611808777,0.0021553351543843746
1789031895237921800,31.473921875,-0.22280342876911163,0.7289075255393982,0.010828452184796333
1789031895247924700,31.4839248046875,-0.12819188833236694,0.49367353320121765,0.08145010471343994
1789031895257927700,31.493927734375,-0.05046912655234337,0.42950865626335144,0.12543940544128418
1789031895267930600,31.5039306640625,-0.041706766933202744,0.6108924150466919,0.08736150711774826
1789031895277933600,31.51393359375,-0.06201549991965294,0.8869538307189941,0.0156851876527071
1789031895287936800,31.523936767578125,-0.06450872868299484,1.0549671649932861,-0.008112035691738129
1789031895297939700,31.533939697265627,-0.015777673572301865,1.0014921426773071,0.05535269156098366
1789031895307943700,31.543943603515626,0.07747232913970947,0.832852840423584,0.13520653545856476
1789031895317946600,31.553946533203124,0.13901080191135406,0.7080589532852173,0.12687191367149353
1789031895327949800,31.56394970703125,0.14576108753681183,0.6842356324195862,0.014235923066735268
1789031895337952500,31.573952392578125,0.12623265385627747,0.6667112112045288,-0.10764311254024506
1789031895347955700,31.583955810546875,0.1293245255947113,0.5797023773193359,-0.17045184969902039
1789031895357959000,31.593958984375,0.16452725231647491,0.45854559540748596,-0.1800304502248764
1789031895367961600,31.603961669921876,0.19846156239509583,0.4277634620666504,-0.19519825279712677
1789031895377965600,31.613965576171875,0.22511528432369232,0.5147486925125122,-0.2578302025794983
1789031895387968800,31.62396875,0.238398939371109,0.6048481464385986,-0.318727970123291
1789031895397971700,31.6339716796875,0.2370854616165161,0.5900212526321411,-0.32707589864730835
1789031895407974700,31.643974609375,0.23518329858779907,0.5236032605171204,-0.3240904211997986
1789031895417977900,31.653977783203125,0.22277642786502838,0.48592838644981384,-0.3756697177886963
1789031895427980500,31.66398046875,0.20153972506523132,0.4514257609844208,-0.46775949001312256
1789031895437983700,31.673983642578126,0.18994483351707458,0.341464638710022,-0.5298713445663452
1789031895447987700,31.68398779296875,0.17182645201683044,0.1632772833108902,-0.5341001152992249
1789031895457990700,31.69399072265625,0.18169106543064117,-0.015249855816364288,-0.5255029201507568
1789031895467993900,31.703993896484373,0.1830606460571289,-0.06135840341448784,-0.5754509568214417
1789031895477996500,31.71399658203125,0.19843454658985138,-0.004919360391795635,-0.6908531785011292
1789031895487999700,31.723999755859374,0.20111456513404846,-0.010520421899855137,-0.7732368111610413
1789031895498002700,31.734002685546876,0.1815621703863144,-0.17282304167747498,-0.7615258097648621
1789031895508005400,31.74400537109375,0.12739020586013794,-0.343110591173172,-0.7255660891532898
1789031895518009000,31.754009033203126,0.0712750107049942,-0.3602754473686218,-0.7466692328453064
1789031895528012300,31.76401220703125,0.0430634543299675,-0.22226575016975403,-0.8318122029304504
1789031895538015500,31.774015380859375,0.04880443215370178,-0.10431861132383347,-0.9192014336585999
1789031895548018200,31.78401806640625,0.048015885055065155,-0.09590937197208405,-0.9577004313468933
1789031895558021400,31.794021484375,0.04300381615757942,-0.18973439931869507,-0.9476975798606873
1789031895568024300,31.8040244140625,0.006379493046551943,-0.23142698407173157,-0.8688547015190125
1789031895578027300,31.81402734375,-0.012844003736972809,-0.1596587896347046,-0.7616156339645386
1789031895588031200,31.82403125,0.01974000595510006,0.058517128229141235,-0.6920516490936279
1789031895598034400,31.834034423828125,0.05606925114989281,0.32367342710494995,-0.6464444994926453
1789031895608037000,31.844037109375,0.06477057933807373,0.4969194829463959,-0.5758332014083862
1789031895618040300,31.854040283203126,0.016522357240319252,0.5110131502151489,-0.4733608663082123
1789031895628043300,31.864043212890625,-0.05489099770784378,0.46393880248069763,-0.37279999256134033
1789031895638046200,31.874046142578123,-0.08117640018463135,0.4767051935195923,-0.31610316038131714
1789031895648049400,31.88404931640625,-0.06054072082042694,0.5190176367759705,-0.3012399971485138
1789031895658053000,31.89405322265625,0.025302816182374954,0.4978068768978119,-0.3309321105480194
1789031895668056300,31.904056396484375,0.14751523733139038,0.3523045480251312,-0.41207167506217957
1789031895678059300,31.914059326171873,0.1854458451271057,0.11898764967918396,-0.4890926778316498
1789031895688062200,31.924062255859376,0.08192478120326996,-0.07182810455560684,-0.38300541043281555
1789031895698065400,31.9340654296875,-0.04389866441488266,-0.053972676396369934,-0.11953965574502945
1789031895708068400,31.944068359375,-0.07940708100795746,0.07523352652788162,0.06640461087226868
1789031895718071300,31.9540712890625,-0.012114064767956734,0.1470661759376526,0.05121580883860588
1789031895728075300,31.9640751953125,0.05242956057190895,0.01848755218088627,-0.08688005059957504
1789031895738078500,31.974078369140624,0.0336311049759388,-0.19700053334236145,-0.11866913735866547
1789031895748081200,31.9840810546875,-0.0035090851597487926,-0.3047899603843689,-0.055033691227436066
1789031895758084400,31.99408447265625,-0.0013130425941199064,-0.3065449893474579,0.013760016299784184
1789031895768087300,32.00408740234375,0.030012616887688637,-0.2976228892803192,0.041368234902620316
1789031895778090200,32.01409033203125,0.06789422035217285,-0.378074049949646,0.019217394292354584
1789031895788093400,32.024093505859376,0.09720411151647568,-0.47643768787384033,0.03407201170921326
1789031895798097400,32.034097412109375,0.11407390981912613,-0.5089708566665649,0.0257863849401474
1789031895808100000,32.04410009765625,0.12229514122009277,-0.5013115406036377,-0.052980903536081314
1789031895818103300,32.05410327148437,0.11306063085794449,-0.5277631282806396,-0.16928061842918396
1789031895828106200,32.064106201171874,0.10875701904296875,-0.5976274013519287,-0.18598107993602753
1789031895838109200,32.07410913085938,0.10866141319274902,-0.6716451644897461,-0.11022531986236572
1789031895848112400,32.0841123046875,0.12429318577051163,-0.7346604466438293,0.02110866829752922
1789031895858115000,32.094114990234374,0.05939435586333275,-0.7987582087516785,0.2510553300380707
1789031895868119300,32.104119384765625,-0.030651317909359932,-0.7125250697135925,0.38443082571029663
1789031895878122200,32.11412231445313,-0.02696390636265278,-0.45057228207588196,0.1967506855726242
1789031895888125200,32.12412524414062,0.09906845539808273,-0.23691913485527039,-0.1252833753824234
1789031895898128400,32.13412841796875,0.266724556684494,-0.16754485666751862,-0.20112380385398865
1789031895908131300,32.14413134765625,0.3209424912929535,-0.31658366322517395,0.18135885894298553
1789031895918134300,32.15413427734375,0.17531073093414307,-0.5660675168037415,0.8518874049186707
1789031895928137200,32.16413720703125,-0.0017669391818344593,-0.5551647543907166,1.278026819229126
1789031895938141400,32.174141357421874,-0.024704746901988983,-0.3111416697502136,1.193389892578125
1789031895948144000,32.18414404296875,0.05601280927658081,-0.10237850248813629,0.7951539158821106
1789031895958147300,32.19414721679688,0.04511062800884247,-0.08229134231805801,0.43251654505729675
1789031895968150300,32.204150390625,-0.03894246369600296,-0.22549563646316528,0.3235844671726227
1789031895978153200,32.2141533203125,-0.06079316884279251,-0.3786255419254303,0.42723920941352844
1789031895988156400,32.22415649414062,0.0013589351437985897,-0.39357614517211914,0.5976852178573608
1789031895998159000,32.2341591796875,0.07870139926671982,-0.27618080377578735,0.7089976668357849
1789031896008163300,32.24416333007812,0.1130894124507904,-0.11417843401432037,0.7352721691131592
1789031896018166300,32.254166259765626,0.11087792366743088,0.027097729966044426,0.7074567675590515
1789031896028169500,32.26416943359375,0.10081836581230164,0.09486106783151627,0.6682127118110657
1789031896038172200,32.27417211914062,0.06909772008657455,0.07655476778745651,0.6299257874488831
1789031896048175400,32.28417529296875,-0.008185828104615211,0.00797309447079897,0.5785309672355652
1789031896058178300,32.29417822265625,-0.10367826372385025,-0.09934430569410324,0.5307437181472778
1789031896068181200,32.30418115234375,-0.16956280171871185,-0.2610166668891907,0.4949037432670593
1789031896078185200,32.31418530273437,-0.19667191803455353,-0.4613287150859833,0.4798465073108673
1789031896088188200,32.324188232421875,-0.21192550659179688,-0.6568213105201721,0.48226818442344666
1789031896098191400,32.33419140625,-0.23119187355041504,-0.8184075355529785,0.4774041771888733
1789031896108194300,32.3441943359375,-0.264797180891037,-0.9020594358444214,0.4640265703201294
1789031896118197200,32.354197265625,-0.33034372329711914,-0.9270737171173096,0.44471704959869385
1789031896128200200,32.3642001953125,-0.37750113010406494,-0.9358565211296082,0.4370522201061249
1789031896138203400,32.37420336914062,-0.41632550954818726,-0.9332455396652222,0.45525413751602173
1789031896148207000,32.38420703125,-0.44894275069236755,-0.9126802086830139,0.48033517599105835
1789031896158210300,32.394210205078124,-0.4730728566646576,-0.8984938263893127,0.4781865179538727
1789031896168213200,32.40421313476563,-0.4746244549751282,-0.907829761505127,0.4434938132762909
1789031896178216200,32.41421630859375,-0.43841347098350525,-0.9584460854530334,0.39080265164375305
1789031896188219400,32.424219482421876,-0.3696995973587036,-1.013016939163208,0.32282382249832153
1789031896198222000,32.43422216796875,-0.28716981410980225,-1.0542371273040771,0.2509653568267822
1789031896208225300,32.44422534179687,-0.20635893940925598,-1.0502787828445435,0.1821698546409607
1789031896218229200,32.45422924804687,-0.16493825614452362,-0.9677523374557495,0.10142040997743607
1789031896228232400,32.464232421875,-0.14261184632778168,-0.7765734791755676,0.006412355229258537
1789031896238235100,32.474235107421876,-0.12634126842021942,-0.5394269824028015,-0.09194217622280121
1789031896248238300,32.48423828125,-0.08813008666038513,-0.3572722375392914,-0.158628448843956
1789031896258241300,32.4942412109375,-0.0439024418592453,-0.2610282599925995,-0.16935938596725464
1789031896268244200,32.504244140625,-0.034839898347854614,-0.2649991810321808,-0.12754566967487335
1789031896278247400,32.51424731445312,-0.0770488753914833,-0.3161502480506897,-0.061068642884492874
1789031896288251100,32.52425122070313,-0.13259755074977875,-0.34172144532203674,-0.01758965477347374
1789031896298254300,32.53425439453125,-0.18486475944519043,-0.31425490975379944,-0.011374901048839092
1789031896308257300,32.54425732421875,-0.24621418118476868,-0.25531697273254395,-0.0212530680000782
1789031896318260200,32.55426025390625,-0.2849152386188507,-0.20024624466896057,-0.022767342627048492
1789031896328263200,32.56426318359375,-0.2880827486515045,-0.17350585758686066,-0.007244608830660582
1789031896338266400,32.57426635742188,-0.2679569721221924,-0.1266331523656845,0.02843056432902813
1789031896348269300,32.58426928710937,-0.2454596608877182,-0.000319085200317204,0.06259386241436005
1789031896358273300,32.59427319335938,-0.2280130237340927,0.18858106434345245,0.06027211993932724
1789031896368276500,32.6042763671875,-0.21240822970867157,0.3734550178050995,0.008456060662865639
1789031896378279200,32.614279052734375,-0.1939927339553833,0.5262195467948914,-0.04960271716117859
1789031896388282400,32.62428247070312,-0.16774579882621765,0.6294378638267517,-0.08399416506290436
1789031896398285300,32.634285400390624,-0.11564690619707108,0.6686915159225464,-0.08991491049528122
1789031896408288300,32.644288330078126,-0.07539595663547516,0.7151547074317932,-0.09626863151788712
1789031896418291500,32.65429150390625,-0.09699605405330658,0.8269369006156921,-0.11259087920188904
1789031896428295400,32.66429541015625,-0.1112549677491188,0.9442034959793091,-0.13637889921665192
1789031896438298000,32.67429809570312,-0.1014915481209755,1.0181459188461304,-0.14189830422401428
1789031896448301300,32.68430126953125,-0.09325019270181656,1.0230422019958496,-0.13844867050647736
1789031896458304300,32.69430419921875,-0.0940275713801384,0.9767298102378845,-0.13707181811332703
1789031896468307200,32.70430712890625,-0.0895204246044159,0.8934487700462341,-0.12368038296699524
1789031896478310400,32.714310302734376,-0.08565457910299301,0.8035165071487427,-0.10207788646221161
1789031896488313000,32.72431298828125,-0.06460455805063248,0.7587313652038574,-0.10453660041093826
1789031896498317300,32.7343173828125,-0.04442499205470085,0.7604637742042542,-0.10515578836202621
1789031896508320300,32.7443203125,-0.027575884014368057,0.7850258350372314,-0.10469520092010498
1789031896518323500,32.754323486328126,-0.02302560582756996,0.7753803730010986,-0.10619642585515976
1789031896528326400,32.76432641601563,-0.020026836544275284,0.7317292094230652,-0.12812334299087524
1789031896538329300,32.77432934570312,-0.03264915570616722,0.6360080242156982,-0.16957251727581024
1789031896548332300,32.784332275390625,-0.058706872165203094,0.4887242615222931,-0.21666623651981354
1789031896558335200,32.79433520507813,-0.06839225441217422,0.30326545238494873,-0.255133718252182
1789031896568339500,32.80433935546875,-0.05636405572295189,0.1169329360127449,-0.28115230798721313
1789031896578342400,32.81434228515625,-0.03957788273692131,-0.028649836778640747,-0.2840937674045563
1789031896588345300,32.824345458984375,-0.015289111994206905,-0.08458612859249115,-0.29689821600914
1789031896598348300,32.83434838867188,0.02845890074968338,-0.09659911692142487,-0.3173488974571228
1789031896608351200,32.84435131835937,0.04400910809636116,-0.10787961632013321,-0.32528963685035706
1789031896618354400,32.8543544921875,0.0289169754832983,-0.13476049900054932,-0.31674009561538696
1789031896628357400,32.864357421875,-0.006873139645904303,-0.20504486560821533,-0.2860909402370453
1789031896638361000,32.874361083984375,-0.04345671460032463,-0.2457965463399887,-0.2748132348060608
1789031896648364300,32.8843642578125,-0.0621628612279892,-0.17960606515407562,-0.31652918457984924
1789031896658367500,32.894367431640624,-0.04636365920305252,-0.049415845423936844,-0.3849761486053467
1789031896668370200,32.9043701171875,0.006095511373132467,0.07660579681396484,-0.4469965994358063
1789031896678373400,32.91437329101562,0.08058865368366241,0.11072461307048798,-0.4770176112651825
1789031896688376300,32.924376220703124,0.12529730796813965,-0.0020599744748324156,-0.46319982409477234
1789031896698379300,32.934379150390626,0.13447482883930206,-0.19618523120880127,-0.4344313144683838
1789031896708383200,32.94438330078125,0.12528486549854279,-0.32453447580337524,-0.4505173861980438
1789031896718386400,32.95438647460937,0.12014391273260117,-0.32591453194618225,-0.5151293873786926
1789031896728389400,32.964389404296874,0.12421208620071411,-0.24522757530212402,-0.6007813811302185
1789031896738392300,32.974392333984376,0.1765754222869873,-0.1479140669107437,-0.6851780414581299
1789031896748395300,32.98439526367188,0.2697426676750183,-0.04401072487235069,-0.7481253147125244
1789031896758398200,32.99439819335937,0.36275091767311096,0.007535555399954319,-0.7114272117614746
1789031896768401400,33.0044013671875,0.3889249265193939,0.009917431510984898,-0.605664849281311
1789031896778405400,33.0144052734375,0.35092881321907043,-0.04239317774772644,-0.4657641649246216
1789031896788408300,33.024408203125,0.2910780906677246,0.04853907600045204,-0.4169820249080658
1789031896798411300,33.03441137695312,0.2665186822414398,0.27448299527168274,-0.4801650047302246
1789031896808414200,33.044414306640626,0.29057279229164124,0.4745865762233734,-0.5926366448402405
1789031896818417400,33.05441748046875,0.35015249252319336,0.48320135474205017,-0.6944053769111633
1789031896828420400,33.06442041015625,0.36897051334381104,0.3407673239707947,-0.7075681090354919
1789031896838423300,33.07442333984375,0.3530711829662323,0.23290158808231354,-0.6193066835403442
1789031896848427300,33.08442724609375,0.34029272198677063,0.2860831022262573,-0.47876524925231934
1789031896858430500,33.09443041992188,0.34145522117614746,0.3898923397064209,-0.3678152859210968
1789031896868433200,33.10443310546875,0.3379470109939575,0.40323781967163086,-0.30472075939178467
1789031896878436400,33.114436279296875,0.26519665122032166,0.27640610933303833,-0.22964143753051758
1789031896888439300,33.12443920898438,0.14420467615127563,0.16502629220485687,-0.11267617344856262
1789031896898442200,33.13444213867187,0.054445233196020126,0.20303013920783997,-0.0003538951277732849
1789031896908445400,33.144445556640626,0.023322490975260735,0.2989291846752167,0.0079064154997468
1789031896918449400,33.154449462890625,0.03436528518795967,0.2766883373260498,-0.03098532184958458
1789031896928452400,33.16445239257813,0.07602887600660324,0.15813568234443665,-0.034077808260917664
1789031896938455300,33.17445532226562,0.10539288818836212,0.02926452085375786,-0.0008018780499696732
1789031896948458500,33.18445849609375,0.1192043349146843,-0.09510832279920578,0.07736082375049591
1789031896958461200,33.19446118164063,0.11931485682725906,-0.16528262197971344,0.15306489169597626
1789031896968464400,33.20446435546875,0.12063197791576385,-0.1800779104232788,0.10977313667535782
1789031896978467300,33.21446728515625,0.1396336406469345,-0.2261601835489273,-0.06145719811320305
1789031896988471300,33.22447119140625,0.12662044167518616,-0.28470975160598755,-0.20674574375152588
1789031896998474200,33.23447412109375,0.09018520265817642,-0.31386443972587585,-0.200199156999588
1789031897008477200,33.24447729492187,0.10958213359117508,-0.286871999502182,0.017866285517811775
1789031897018480400,33.25448046875,0.1893150508403778,-0.22681504487991333,0.15906229615211487
1789031897028483300,33.2644833984375,0.23789100348949432,-0.2307387888431549,0.09321092069149017
1789031897038486300,33.274486328125,0.2600626051425934,-0.38363248109817505,-0.012073958292603493
1789031897048489200,33.2844892578125,0.230601966381073,-0.6361903548240662,0.059430547058582306
1789031897058493400,33.294493408203124,0.15446698665618896,-0.8078500032424927,0.3223138451576233
1789031897068496100,33.30449609375,0.10793514549732208,-0.6908470392227173,0.5104440450668335
1789031897078499300,33.31449926757813,0.15361128747463226,-0.3469613194465637,0.4078964293003082
1789031897088502500,33.32450244140625,0.2237030267715454,-0.020924154669046402,0.1383991539478302
1789031897098505200,33.334505126953125,0.277151882648468,0.06842756271362305,-0.0003912225365638733
1789031897108508400,33.34450830078125,0.28138867020606995,-0.06803509593009949,0.14754632115364075
1789031897118511400,33.354511474609374,0.25216686725616455,-0.2336411029100418,0.5256433486938477
1789031897128515300,33.36451538085937,0.24633395671844482,-0.17114244401454926,0.8993873596191406
1789031897138518300,33.374518310546875,0.29093605279922485,0.08578575402498245,1.0474170446395874
1789031897148521500,33.384521484375,0.2925620377063751,0.3562329113483429,0.9940820932388306
1789031897158524200,33.39452416992187,0.2139178216457367,0.46038222312927246,0.887948215007782
1789031897168527400,33.40452734375,0.08194287121295929,0.3648759424686432,0.8246310949325562
1789031897178530300,33.4145302734375,-0.06308861821889877,0.15725377202033997,0.7854759693145752
1789031897188533200,33.424533203125,-0.14824815094470978,-0.05372672528028488,0.7288605570793152
1789031897198537500,33.43453735351562,-0.15912742912769318,-0.20748671889305115,0.6561394929885864
1789031897208540400,33.44454052734375,-0.13418111205101013,-0.30070042610168457,0.5803297162055969
1789031897218543400,33.45454345703125,-0.1024564728140831,-0.3696709871292114,0.5016540884971619
1789031897228546300,33.46454638671875,-0.0794433206319809,-0.4580293595790863,0.4453985393047333
1789031897238549200,33.47454931640625,-0.060543663799762726,-0.49706676602363586,0.3992643356323242
1789031897248552400,33.48455249023438,-0.07786877453327179,-0.4472638666629791,0.35733094811439514
1789031897258555400,33.49455541992187,-0.10250061750411987,-0.33022192120552063,0.3154663145542145
1789031897268559000,33.50455908203125,-0.11883733421564102,-0.2694290280342102,0.2889982759952545
1789031897278562300,33.514562255859374,-0.15425153076648712,-0.3309568464756012,0.30308854579925537
1789031897288565500,33.5245654296875,-0.1972322314977646,-0.48191410303115845,0.3443256914615631
1789031897298568200,33.53456811523437,-0.23399610817432404,-0.6227489709854126,0.3832792341709137
1789031897308571400,33.5445712890625,-0.2690590023994446,-0.7226737141609192,0.41166746616363525
1789031897318574300,33.55457421875,-0.2930056154727936,-0.754597008228302,0.42394301295280457
1789031897328577300,33.56457739257812,-0.30305105447769165,-0.7531923055648804,0.4237528443336487
1789031897338581200,33.57458129882812,-0.29876601696014404,-0.7420682311058044,0.39889517426490784
1789031897348584400,33.58458447265625,-0.2783891260623932,-0.7402458190917969,0.36292892694473267
1789031897358587400,33.59458740234375,-0.2513902485370636,-0.7291604280471802,0.31041938066482544
1789031897368590300,33.60459033203125,-0.2442227005958557,-0.7038712501525879,0.24123050272464752
1789031897378593300,33.61459326171875,-0.22789378464221954,-0.709232747554779,0.16763751208782196
1789031897388596200,33.62459619140625,-0.18240714073181152,-0.7766951322555542,0.10381210595369339
1789031897398599400,33.63459936523437,-0.14435696601867676,-0.8421924114227295,0.024433128535747528
1789031897408603400,33.64460327148438,-0.12459476292133331,-0.8417361974716187,-0.05785504728555679
1789031897418606300,33.6546064453125,-0.12121707201004028,-0.7990614771842957,-0.12750576436519623
1789031897428609300,33.664609375,-0.09748199582099915,-0.7215473055839539,-0.15121077001094818
1789031897438612200,33.6746123046875,-0.08402290940284729,-0.6545259356498718,-0.11398617178201675
1789031897448615400,33.684615478515624,-0.0834963396191597,-0.5915484428405762,-0.051794491708278656
1789031897458618400,33.69461840820313,-0.11786016821861267,-0.4866350591182709,-0.030159233137965202
1789031897468621300,33.70462133789062,-0.17037685215473175,-0.35000506043434143,-0.08118544518947601
1789031897478625300,33.71462524414063,-0.21824823319911957,-0.26416951417922974,-0.1604110300540924
1789031897488628500,33.72462841796875,-0.27643057703971863,-0.20894308388233185,-0.20141731202602386
1789031897498631200,33.734631103515625,-0.3373386561870575,-0.20642799139022827,-0.15777529776096344
1789031897508635100,33.74463525390625,-0.3185069262981415,-0.22949005663394928,-0.053354594856500626
1789031897518638000,33.75463818359375,-0.2215718775987625,-0.18897192180156708,0.046834856271743774
1789031897528641000,33.76464111328125,-0.1577085554599762,-0.025640666484832764,0.05540257319808006
1789031897538644000,33.77464404296875,-0.1794988065958023,0.1919204145669937,-0.023996910080313683
1789031897548647000,33.78464697265625,-0.2167590707540512,0.3335740566253662,-0.10371040552854538
1789031897558651000,33.79465087890625,-0.21117176115512848,0.3934616148471832,-0.11510367691516876
1789031897568654000,33.80465405273438,-0.18481044471263885,0.41525518894195557,-0.07811397314071655
1789031897578657000,33.81465698242187,-0.1736970692873001,0.4630914032459259,-0.05630242079496384
1789031897588660000,33.824659912109375,-0.17919036746025085,0.517315149307251,-0.041013747453689575
1789031897598663200,33.8346630859375,-0.1951805204153061,0.5817042589187622,-0.041013479232788086
1789031897608665900,33.84466577148437,-0.19040460884571075,0.6869142055511475,-0.06740305572748184
1789031897618669000,33.8546689453125,-0.17260509729385376,0.8045833110809326,-0.10447718948125839
1789031897628673000,33.864673095703125,-0.1627531200647354,0.8722450137138367,-0.1209210753440857
1789031897638676000,33.87467602539063,-0.12176013737916946,0.8594596982002258,-0.10584917664527893
1789031897648679000,33.88467895507812,-0.07422273606061935,0.8029951453208923,-0.07055801153182983
1789031897658682000,33.89468212890625,-0.04808487370610237,0.7300479412078857,-0.033511579036712646
1789031897668685000,33.90468505859375,-0.0521559938788414,0.6824157238006592,-0.005525256507098675
1789031897678688000,33.91468798828125,-0.07215766608715057,0.6832320094108582,-0.01985918916761875
1789031897688691200,33.924691162109376,-0.08953528851270676,0.6801023483276367,-0.059063076972961426
1789031897698695000,33.93469482421875,-0.10386895388364792,0.6222561001777649,-0.08906091749668121
1789031897708698000,33.94469799804688,-0.10566262900829315,0.4876156449317932,-0.0966559648513794
1789031897718701000,33.954701171875,-0.08964904397726059,0.3336647152900696,-0.10924259573221207
1789031897728704000,33.9647041015625,-0.06516791135072708,0.23658107221126556,-0.14360883831977844
1789031897738707000,33.97470703125,-0.026695357635617256,0.20711585879325867,-0.2004401534795761
1789031897748710000,33.9847099609375,0.016279255971312523,0.1914907842874527,-0.23522555828094482
1789031897758713000,33.994713134765625,0.04667204990983009,0.1484258770942688,-0.22096379101276398
1789031897768717000,34.004717041015624,0.07746187597513199,0.16462160646915436,-0.21385526657104492
1789031897778720300,34.01472021484375,0.12486881017684937,0.29188528656959534,-0.26023393869400024
1789031897788723000,34.02472290039063,0.1578313261270523,0.47205546498298645,-0.3618985414505005
1789031897798726100,34.03472607421875,0.1692775934934616,0.5655680894851685,-0.44760972261428833
1789031897808728800,34.044728759765626,0.1502668261528015,0.4575005769729614,-0.4611838161945343
1789031897818732000,34.05473193359375,0.11415623128414154,0.23465125262737274,-0.42527323961257935
1789031897828735200,34.0647353515625,0.10326727479696274,0.05970102548599243,-0.4064810276031494
1789031897838739000,34.07473901367187,0.10198469460010529,-0.05161351338028908,-0.4125775396823883
1789031897848742000,34.084741943359376,0.08917729556560516,-0.13398195803165436,-0.4127647578716278
1789031897858745000,34.0947451171875,0.09743069857358932,-0.1829604208469391,-0.4351193308830261
1789031897868748000,34.104748046875,0.10623233765363693,-0.14813771843910217,-0.5068197846412659
1789031897878751000,34.1147509765625,0.14378851652145386,-0.0325581319630146,-0.6295377612113953
1789031897888754200,34.12475415039062,0.19730521738529205,0.12040930241346359,-0.761526346206665
1789031897898756900,34.1347568359375,0.30508920550346375,0.24341724812984467,-0.8360431790351868
1789031897908761000,34.14476098632812,0.4092591106891632,0.2999962568283081,-0.8568127751350403
1789031897918764000,34.154763916015625,0.40820422768592834,0.26283422112464905,-0.7908909916877747
1789031897928767000,34.16476708984375,0.3406178951263428,0.1659078150987625,-0.6790956258773804
1789031897938770200,34.174770263671874,0.2507535219192505,0.04004522040486336,-0.5339999794960022
1789031897948773000,34.184773193359376,0.15807659924030304,-0.02975044585764408,-0.4349389374256134
1789031897958776000,34.19477612304688,0.10581126809120178,-0.057026542723178864,-0.4034936726093292
1789031897968779000,34.204779052734374,0.07055641710758209,-0.022865809500217438,-0.43112534284591675
1789031897978783200,34.214783203125,0.0818285122513771,0.14049115777015686,-0.525027871131897
1789031897988786000,34.224785888671875,0.12680599093437195,0.3756462335586548,-0.6840419173240662
1789031897998789000,34.2347890625,0.14913153648376465,0.4841758906841278,-0.7963826060295105
1789031898008791800,34.24479174804687,0.19643302261829376,0.479323148727417,-0.7918565273284912
1789031898018795000,34.254794921875,0.2603342533111572,0.5371903777122498,-0.7257276177406311
1789031898028798200,34.26479809570313,0.28040972352027893,0.622606635093689,-0.6242556571960449
1789031898038801000,34.27480078125,0.25632116198539734,0.671623706817627,-0.4853299558162689
1789031898048805000,34.28480517578125,0.18032202124595642,0.7013695240020752,-0.3409956991672516
1789031898058808000,34.29480810546875,0.06250698119401932,0.727914035320282,-0.2702608108520508
1789031898068811000,34.30481103515625,-0.03389418497681618,0.6563822627067566,-0.26271575689315796
1789031898078814000,34.31481396484375,-0.09003841131925583,0.47840744256973267,-0.23065930604934692
1789031898088817200,34.324817138671875,-0.08129695057868958,0.29089418053627014,-0.1307261437177658
1789031898098820000,34.33482006835938,-0.006903407163918018,0.10242334753274918,-0.019904835149645805
1789031898108823000,34.34482299804687,0.042520470917224884,-0.0939689502120018,0.0632529929280281
1789031898118826000,34.354825927734375,0.026462141424417496,-0.25446435809135437,0.18804658949375153
1789031898128830000,34.36482983398437,-0.014966769143939018,-0.347729355096817,0.3381974697113037
1789031898138833200,34.37483325195313,-0.00979730673134327,-0.3793136477470398,0.43447285890579224
1789031898148836000,34.38483618164062,0.04794773831963539,-0.3528733551502228,0.3691774904727936
1789031898158839000,34.394839111328125,0.124331995844841,-0.3564033806324005,0.2011120468378067
1789031898168842000,34.40484204101563,0.18932665884494781,-0.3765290379524231,0.018834423273801804
1789031898178845000,34.41484497070312,0.21482110023498535,-0.38577234745025635,-0.1282346546649933
1789031898188848000,34.42484814453125,0.21041810512542725,-0.32064929604530334,-0.13783270120620728
1789031898198852000,34.43485205078125,0.257461279630661,-0.1322106570005417,-0.10049944370985031
1789031898208855000,34.44485498046875,0.3392432630062103,0.038510583341121674,-0.18319250643253326
1789031898218858000,34.45485791015625,0.40583640336990356,0.07785479724407196,-0.3423936069011688
1789031898228861200,34.464861083984374,0.4118793308734894,-0.048743270337581635,-0.41386348009109497
1789031898238864000,34.47486376953125,0.3545529246330261,-0.23483803868293762,-0.2960399091243744
1789031898248867000,34.4848671875,0.29632213711738586,-0.30668362975120544,-0.0750894695520401
1789031898258870000,34.4948701171875,0.29427576065063477,-0.189437136054039,0.07258760929107666
1789031898268874000,34.5048740234375,0.3159800171852112,-0.003121964167803526,0.09446971863508224
1789031898278877000,34.514876953125,0.3292787969112396,0.10361886769533157,0.10155719518661499
1789031898288880000,34.52488012695313,0.29264751076698303,0.08812869340181351,0.21184217929840088
1789031898298883000,34.53488305664062,0.23558051884174347,0.031054755672812462,0.4266223609447479
1789031898308886000,34.544885986328126,0.18436232209205627,0.008201060816645622,0.6555229425430298
1789031898318889200,34.55488916015625,0.1474040299654007,0.05578615516424179,0.803514838218689
1789031898328892000,34.56489184570312,0.10098147392272949,0.1288091391324997,0.854637622833252
1789031898338896100,34.574896240234374,0.015863915905356407,0.12697236239910126,0.881169855594635
1789031898348899000,34.584899169921876,-0.07529748976230621,0.004118508659303188,0.9103648662567139
1789031898358902000,34.59490209960938,-0.12124154716730118,-0.1821349859237671,0.9116737842559814
1789031898368905000,34.60490502929687,-0.1512225866317749,-0.3554532825946808,0.8636543154716492
1789031898378908000,34.614907958984375,-0.18245241045951843,-0.45833706855773926,0.8071742653846741
1789031898388911000,34.6249111328125,-0.20165950059890747,-0.46172118186950684,0.770171046257019
1789031898398914000,34.6349140625,-0.2187921553850174,-0.3931756913661957,0.7760640978813171
1789031898408918000,34.64491796875,-0.2176980972290039,-0.37346774339675903,0.7950713038444519
1789031898418921000,34.6549208984375,-0.20995335280895233,-0.43183276057243347,0.7879663109779358
1789031898428924200,34.66492407226563,-0.23775485157966614,-0.48282384872436523,0.7391592860221863
1789031898438926800,34.6749267578125,-0.2660408318042755,-0.4792402982711792,0.657892644405365
1789031898448930000,34.684929931640625,-0.26643067598342896,-0.4421211779117584,0.6080433130264282
1789031898458933000,34.69493310546875,-0.26263701915740967,-0.4062817096710205,0.594460129737854
1789031898468936000,34.70493603515625,-0.25853946805000305,-0.3868269622325897,0.5962803959846497
1789031898478939100,34.714939208984376,-0.2681095600128174,-0.3632310628890991,0.5711854696273804
1789031898488943000,34.724943115234375,-0.3264945447444916,-0.32314667105674744,0.5130513310432434
1789031898498946000,34.73494604492188,-0.4015704095363617,-0.3216398358345032,0.4357042908668518
1789031898508948700,34.74494873046875,-0.43084555864334106,-0.4183347821235657,0.4028122127056122
1789031898518952000,34.754951904296874,-0.3985249102115631,-0.5567514896392822,0.4171956777572632
1789031898528955000,34.764954833984376,-0.37594208121299744,-0.6403669118881226,0.4363187253475189
1789031898538957800,34.77495776367188,-0.38134750723838806,-0.6386163830757141,0.3998435437679291
1789031898548961000,34.7849609375,-0.40492892265319824,-0.6199461221694946,0.31947410106658936
1789031898558965000,34.794965087890624,-0.3987908661365509,-0.6400402188301086,0.24694132804870605
1789031898568968000,34.804968017578126,-0.34886106848716736,-0.7050477266311646,0.21365122497081757
1789031898578971000,34.81497094726563,-0.28054484724998474,-0.7445485591888428,0.19381600618362427
1789031898588974000,34.82497412109375,-0.24236774444580078,-0.7019295692443848,0.1696726530790329
1789031898598976800,34.834976806640626,-0.22121718525886536,-0.657751739025116,0.11533217877149582
1789031898608980000,34.84497998046875,-0.19666358828544617,-0.6782200336456299,0.04919281229376793
1789031898618983000,34.85498291015625,-0.16657200455665588,-0.7306238412857056,-0.0014796839095652103
1789031898628987000,34.86498681640625,-0.14356687664985657,-0.741045355796814,-0.037062402814626694
1789031898638989800,34.87498974609375,-0.13673613965511322,-0.6852108240127563,-0.07384146004915237
1789031898648993000,34.88499291992188,-0.1795179545879364,-0.6200429201126099,-0.07585027813911438
1789031898658996000,34.89499584960937,-0.25703591108322144,-0.5435918569564819,-0.04703327640891075
1789031898668999000,34.9049990234375,-0.3508826494216919,-0.5095840096473694,-0.0003058020956814289
1789031898679001900,34.915001953125,-0.4243960380554199,-0.5456863641738892,0.031624168157577515
1789031898689004800,34.9250048828125,-0.44820964336395264,-0.5449161529541016,0.0550217479467392
1789031898699008000,34.935008056640626,-0.4385697841644287,-0.4492170810699463,0.0692579448223114
1789031898709011700,34.94501171875,-0.4185779094696045,-0.24251645803451538,0.07010132074356079
1789031898719015000,34.95501489257813,-0.40707066655158997,-0.044837743043899536,0.04770094156265259
1789031898729017900,34.96501782226562,-0.3666419982910156,0.06182258203625679,-0.0013049566186964512
1789031898739020800,34.975020751953124,-0.30036604404449463,0.11019784212112427,-0.05339319258928299
1789031898749024000,34.98502392578125,-0.2566435635089874,0.19435952603816986,-0.11097821593284607
1789031898759027000,34.99502685546875,-0.2585594356060028,0.3793610632419586,-0.15714864432811737
1789031898769030000,35.00502978515625,-0.26959607005119324,0.5684354901313782,-0.18064895272254944
1789031898779033900,35.015033935546874,-0.27949076890945435,0.6819710731506348,-0.15585759282112122
1789031898789037000,35.025037109375,-0.2683965563774109,0.7116339802742004,-0.1272914558649063
1789031898799039700,35.03503979492187,-0.2833139896392822,0.7347044348716736,-0.09380008280277252
1789031898809043000,35.04504296875,-0.3436262011528015,0.716722846031189,-0.08111082762479782
1789031898819046100,35.05504614257813,-0.39885589480400085,0.6613109707832336,-0.06745600700378418
1789031898829048800,35.065048828125,-0.41906580328941345,0.5420977473258972,-0.050662923604249954
1789031898839052000,35.075052001953125,-0.39940527081489563,0.4141443371772766,-0.05281875282526016
1789031898849056000,35.085055908203124,-0.38504788279533386,0.36451607942581177,-0.07386039942502975
1789031898859059000,35.095058837890626,-0.3784981071949005,0.35462936758995056,-0.10747721046209335
1789031898869062000,35.10506176757813,-0.3629337251186371,0.36777758598327637,-0.13838590681552887
1789031898879064800,35.11506494140625,-0.33004528284072876,0.337136834859848,-0.1399470418691635
1789031898889067800,35.12506787109375,-0.2838914096355438,0.22441375255584717,-0.0927576795220375
1789031898899071000,35.13507104492187,-0.2339630126953125,0.06547071039676666,-0.05217722803354263
1789031898909074000,35.145073974609375,-0.208909273147583,-0.038681510835886,-0.07056239247322083
1789031898919076900,35.15507690429688,-0.22052599489688873,-0.08948557078838348,-0.13722610473632812
1789031898929081000,35.1650810546875,-0.21595150232315063,-0.1774779111146927,-0.18947969377040863
1789031898939083800,35.17508374023438,-0.19717621803283691,-0.3177468776702881,-0.17681317031383514
1789031898949087000,35.1850869140625,-0.18029285967350006,-0.4321230947971344,-0.14863398671150208
1789031898959090000,35.19508984375,-0.14022426307201385,-0.4424963593482971,-0.14728856086730957
1789031898969092900,35.2050927734375,-0.08839546889066696,-0.373776376247406,-0.18832197785377502
1789031898979095800,35.215095703125,-0.03571228310465813,-0.30806607007980347,-0.25166553258895874
1789031898989098800,35.2250986328125,0.000737885944545269,-0.31428396701812744,-0.2829590141773224
1789031898999102700,35.235102783203125,0.03908554092049599,-0.3567241132259369,-0.2799147665500641
1789031899009106000,35.24510595703125,0.07043711096048355,-0.35276156663894653,-0.27640900015830994
1789031899019109000,35.255109130859374,0.09750334918498993,-0.28284934163093567,-0.31743180751800537
1789031899029111800,35.26511181640625,0.10771067440509796,-0.16403934359550476,-0.4035911560058594
1789031899039115000,35.27511499023438,0.08592148870229721,-0.08689635246992111,-0.49528005719184875
1789031899049117700,35.28511767578125,0.046504002064466476,-0.1740560233592987,-0.5080235600471497
1789031899059121000,35.295120849609376,-0.0017050709575414658,-0.32552623748779297,-0.4728761911392212
1789031899069124900,35.305124755859374,0.003128373296931386,-0.39072567224502563,-0.4738733470439911
1789031899079127800,35.3151279296875,0.039351627230644226,-0.2672173082828522,-0.5574560761451721
1789031899089130800,35.325130859375,0.1017283946275711,-0.06600362807512283,-0.6957228779792786
1789031899099134000,35.335134033203126,0.19286496937274933,-0.013083690777420998,-0.7487128973007202
1789031899109137000,35.34513696289063,0.24023276567459106,-0.1084304004907608,-0.6973303556442261
1789031899119139800,35.35513989257812,0.25691720843315125,-0.22488191723823547,-0.6364438533782959
1789031899129143000,35.36514306640625,0.2872677743434906,-0.20197218656539917,-0.675106942653656
1789031899139146800,35.375146728515624,0.2929070293903351,-0.016356520354747772,-0.7483276128768921
1789031899149150000,35.38514990234375,0.29658055305480957,0.16247911751270294,-0.7159273028373718
1789031899159153000,35.39515283203125,0.32179883122444153,0.25943148136138916,-0.5683317184448242
1789031899169155800,35.40515576171875,0.3645121157169342,0.3047249913215637,-0.4143791198730469
1789031899179159000,35.41515893554688,0.41954126954078674,0.30171748995780945,-0.3425999879837036
1789031899189162000,35.42516186523437,0.4706849157810211,0.25537410378456116,-0.41607317328453064
1789031899199165000,35.4351650390625,0.5036194920539856,0.07874900847673416,-0.5245943665504456
1789031899209168000,35.44516796875,0.4711940288543701,-0.19605518877506256,-0.4842721223831177
1789031899219172000,35.45517211914063,0.3699060082435608,-0.30693456530570984,-0.3034064769744873
1789031899229174800,35.4651748046875,0.2672145664691925,-0.1305190920829773,-0.1160706877708435
1789031899239178000,35.475177978515624,0.24315820634365082,0.14551623165607452,-0.01680668070912361
1789031899249180700,35.4851806640625,0.2905489206314087,0.2614845931529999,-0.0539090596139431
1789031899259183900,35.49518383789062,0.3520849645137787,0.19479505717754364,-0.18532514572143555
1789031899269187000,35.50518701171875,0.3633660674095154,0.09517135471105576,-0.30030280351638794
1789031899279189800,35.515189697265626,0.3282669484615326,0.03479642793536186,-0.30414652824401855
1789031899289194000,35.52519409179688,0.28296157717704773,-0.011336199007928371,-0.2074328362941742
1789031899299197000,35.53519702148437,0.24270124733448029,-0.12231171876192093,-0.12969623506069183
1789031899309200000,35.545199951171874,0.21831169724464417,-0.27710017561912537,-0.10732510685920715
1789031899319202800,35.555202880859376,0.1942005157470703,-0.4000074565410614,-0.16309304535388947
1789031899329206000,35.5652060546875,0.15636156499385834,-0.4467216432094574,-0.22945638000965118
1789031899339209000,35.575208984375,0.10676552355289459,-0.43887439370155334,-0.24717625975608826
1789031899349212000,35.5852119140625,0.09185786545276642,-0.46001988649368286,-0.2154979109764099
1789031899359215900,35.5952158203125,0.10384181886911392,-0.5271638035774231,-0.18118681013584137
1789031899369218800,35.60521875,0.14441385865211487,-0.5992610454559326,-0.10541247576475143
1789031899379222000,35.61522192382812,0.20689532160758972,-0.6343966722488403,0.005681285634636879
1789031899389225000,35.625224853515626,0.2582298815250397,-0.6690974235534668,0.08820706605911255
1789031899399228000,35.63522778320313,0.2744288146495819,-0.6819785833358765,0.13312608003616333
1789031899409230800,35.64523095703125,0.2655108869075775,-0.6367993354797363,0.18314534425735474
1789031899419233800,35.65523388671875,0.222903773188591,-0.5181512236595154,0.27851632237434387
1789031899429237000,35.66523706054687,0.17017559707164764,-0.35247889161109924,0.43349525332450867
1789031899439241000,35.67524096679688,0.13273395597934723,-0.2153111696243286,0.621931254863739
1789031899449244000,35.68524389648437,0.09506451338529587,-0.14715467393398285,0.7474343776702881
1789031899459246800,35.695246826171875,0.031225083395838737,-0.13246308267116547,0.7240699529647827
1789031899469250000,35.70525,-0.08621665835380554,-0.10998518019914627,0.6614678502082825
1789031899479252700,35.71525268554687,-0.17300747334957123,-0.07270997762680054,0.6620745658874512
1789031899489256000,35.725255859375,-0.17795829474925995,-0.022271573543548584,0.7651138305664062
1789031899499259000,35.7352587890625,-0.10154634714126587,-0.08474453538656235,0.8757913708686829
1789031899509261000,35.74526098632813,-0.060779593884944916,-0.1807541847229004,0.849374532699585
1789031899519265300,35.75526538085938,-0.1099492684006691,-0.24179597198963165,0.6956675052642822
1789031899529268200,35.76526831054687,-0.2066947966814041,-0.29460006952285767,0.5450842380523682
1789031899539271200,35.775271240234375,-0.2946819067001343,-0.3232671320438385,0.5206055641174316
1789031899549274000,35.78527416992188,-0.3469826579093933,-0.31445860862731934,0.6095148921012878
1789031899559277000,35.79527709960937,-0.3468678891658783,-0.33404189348220825,0.7476722002029419
1789031899569280300,35.8052802734375,-0.3194473683834076,-0.39614275097846985,0.8116276860237122
1789031899579283200,35.815283203125,-0.32191506028175354,-0.46110016107559204,0.7737056016921997
1789031899589287200,35.825287109375,-0.35613080859184265,-0.5619683265686035,0.6641271710395813
1789031899599290000,35.8352900390625,-0.39768490195274353,-0.7113090753555298,0.5326604843139648
1789031899609293300,35.845293212890624,-0.43401679396629333,-0.8741015791893005,0.4271944761276245
1789031899619296000,35.8552958984375,-0.4426385164260864,-0.9880625009536743,0.3831862807273865
1789031899629299200,35.86529931640625,-0.4096073508262634,-1.0792782306671143,0.4051203429698944
1789031899639302100,35.87530224609375,-0.38342979550361633,-1.1533355712890625,0.4589814245700836
1789031899649305000,35.88530517578125,-0.37474921345710754,-1.2575242519378662,0.50576251745224
1789031899659309000,35.89530908203125,-0.38228780031204224,-1.379528284072876,0.5309943556785583
1789031899669312300,35.90531225585938,-0.4155210852622986,-1.4536986351013184,0.5356481671333313
1789031899679315200,35.91531518554687,-0.45856308937072754,-1.4861966371536255,0.5257108211517334
1789031899689318100,35.925318115234376,-0.49489304423332214,-1.5191071033477783,0.5021284818649292
1789031899699321300,35.9353212890625,-0.469462513923645,-1.5740199089050293,0.48525527119636536
1789031899709324000,35.94532397460937,-0.4003763496875763,-1.5752367973327637,0.4697798788547516
1789031899719327200,35.9553271484375,-0.3412339389324188,-1.448410153388977,0.4323113262653351
1789031899729330200,35.965330078125,-0.30233675241470337,-1.220434546470642,0.3590894341468811
1789031899739334100,35.97533422851563,-0.25551971793174744,-1.023022174835205,0.26138418912887573
1789031899749337000,35.98533715820312,-0.19296202063560486,-0.9391909241676331,0.14928875863552094
1789031899759340000,35.995340087890625,-0.09993220865726471,-0.9364771842956543,0.0674159899353981
1789031899769343200,36.00534326171875,-0.018488477915525436,-0.947608470916748,0.02866246923804283
1789031899779346200,36.01534619140625,0.03189826384186745,-0.9224271774291992,0.01174420677125454
1789031899789349000,36.02534912109375,0.07975894212722778,-0.8601477146148682,-0.020025938749313354
1789031899799352000,36.03535205078125,0.10065144300460815,-0.7307122349739075,-0.06822222471237183
1789031899809356300,36.04535620117188,0.06143101677298546,-0.5461682677268982,-0.11135181784629822
1789031899819359000,36.05535888671875,-0.025663938373327255,-0.40198978781700134,-0.103739432990551
1789031899829362200,36.065362060546875,-0.0827660784125328,-0.2874642014503479,-0.0827750563621521
1789031899839365000,36.075365234375,-0.084331214427948,-0.16837641596794128,-0.0490780808031559
1789031899849368000,36.0853681640625,-0.05212557688355446,-0.037651535123586655,-0.00917009823024273
1789031899859371300,36.095371337890626,-0.008887027390301228,0.09274616092443466,0.03230144456028938
1789031899869374000,36.1053740234375,0.015686525031924248,0.2306513786315918,0.0715835839509964
1789031899879377200,36.11537719726562,0.01576295867562294,0.40120846033096313,0.08441203087568283
1789031899889381000,36.12538110351562,0.02040938101708889,0.5890360474586487,0.05438008904457092
1789031899899384300,36.13538427734375,0.0284755639731884,0.7695062756538391,0.007018964271992445
1789031899909387000,36.145386962890626,0.04764721170067787,0.9094253182411194,-0.0372321754693985
1789031899919390200,36.15539013671875,0.08769955486059189,0.9957144260406494,-0.0703326016664505
1789031899929393200,36.16539306640625,0.12970472872257233,0.9814551472663879,-0.06565125286579132
1789031899939396000,36.17539599609375,0.15332749485969543,0.9341331720352173,-0.029038378968834877
1789031899949399300,36.1853994140625,0.12923568487167358,0.9875136613845825,-0.004072541370987892
1789031899959403000,36.19540307617188,0.0836935043334961,1.1109721660614014,-0.017676234245300293
1789031899969406200,36.20540625,0.0390627384185791,1.160107135772705,-0.026902543380856514
1789031899979409200,36.2154091796875,0.04234268516302109,1.0696980953216553,-0.01225382648408413
1789031899989412000,36.225412109375,0.08795704692602158,0.91159588098526,-0.00041155703365802765
1789031899999415000,36.2354150390625,0.14949364960193634,0.8797708749771118,-0.06346429139375687
1789031900009418200,36.24541821289063,0.2093169093132019,1.0029407739639282,-0.18711742758750916
1789031900019421200,36.25542114257812,0.22719603776931763,1.0565853118896484,-0.25400540232658386
1789031900029424000,36.265424072265624,0.223766028881073,0.9026315212249756,-0.21952368319034576
1789031900039428400,36.275428466796875,0.2348809838294983,0.7059096693992615,-0.17540255188941956
1789031900049431000,36.28543115234375,0.2457667887210846,0.6753880381584167,-0.21715521812438965
1789031900059434200,36.29543432617187,0.24638144671916962,0.784084677696228,-0.31713375449180603
1789031900069437200,36.305437255859374,0.23367880284786224,0.8836469054222107,-0.3821469247341156
1789031900079440100,36.315440185546876,0.2301250845193863,0.8513723015785217,-0.35304948687553406
1789031900089443300,36.325443359375,0.24312444031238556,0.7017086148262024,-0.26267266273498535
1789031900099446000,36.33544604492187,0.2771226167678833,0.5919458866119385,-0.2077265977859497
1789031900109450000,36.34544995117187,0.3006141185760498,0.6338733434677124,-0.24531979858875275
1789031900119453200,36.355453125,0.3215116858482361,0.7738608121871948,-0.3596476912498474
1789031900129456000,36.3654560546875,0.3127428889274597,0.8365772366523743,-0.45535770058631897
1789031900139459000,36.375458984375,0.2933785319328308,0.7450854182243347,-0.5059987306594849
1789031900149462300,36.385462158203126,0.2526854872703552,0.55263352394104,-0.5477041602134705
1789031900159465000,36.39546484375,0.20810122787952423,0.34736794233322144,-0.5866100192070007
1789031900169468200,36.40546826171875,0.1824338734149933,0.19483724236488342,-0.6387669444084167
1789031900179471400,36.41547143554688,0.18409329652786255,0.07879506051540375,-0.6818726062774658
1789031900189475000,36.42547509765625,0.19316892325878143,0.007990576326847076,-0.726891279220581
1789031900199478300,36.43547827148438,0.22391511499881744,0.014639690518379211,-0.7376589179039001
1789031900209481200,36.44548120117187,0.23468467593193054,0.008269558660686016,-0.7073023915290833
1789031900219484200,36.455484130859375,0.21631525456905365,-0.05473017692565918,-0.6368873119354248
1789031900229487000,36.46548706054688,0.18204697966575623,-0.08326082676649094,-0.5967760682106018
1789031900239490300,36.475490234375,0.20125314593315125,0.016758713871240616,-0.635086715221405
1789031900249493200,36.4854931640625,0.2331157773733139,0.03143437206745148,-0.6435379981994629
1789031900259497200,36.495497314453125,0.2548735439777374,-0.0479656420648098,-0.6177282333374023
1789031900269500200,36.50550024414063,0.28571271896362305,-0.018641524016857147,-0.6160904169082642
1789031900279503000,36.51550317382812,0.34653401374816895,0.12835991382598877,-0.6658846139907837
1789031900289506300,36.52550634765625,0.39430227875709534,0.2183789610862732,-0.6999525427818298
1789031900299509000,36.53550903320313,0.38418570160865784,0.23610389232635498,-0.6797705292701721
1789031900309512200,36.54551220703125,0.33509859442710876,0.3515678942203522,-0.6417747139930725
1789031900319515100,36.55551513671875,0.3015398383140564,0.5798228979110718,-0.6080955862998962
1789031900329519400,36.565519287109375,0.2923663258552551,0.7607799172401428,-0.5894635319709778
1789031900339522000,36.57552197265625,0.316517174243927,0.7976620197296143,-0.5987268090248108
1789031900349525200,36.58552514648437,0.3357192873954773,0.6664885878562927,-0.5858240723609924
1789031900359528200,36.595528076171874,0.32475027441978455,0.465829998254776,-0.48508280515670776
1789031900369531100,36.60553125,0.28075549006462097,0.34198272228240967,-0.3378886282444
1789031900379534300,36.61553442382812,0.1999405324459076,0.32511425018310547,-0.17541556060314178
1789031900389537000,36.625537109375,0.13441812992095947,0.3811485469341278,-0.007601711433380842
1789031900399540200,36.63554028320313,0.1339890956878662,0.4399567246437073,0.08441396802663803
1789031900409544200,36.645544189453126,0.1774962842464447,0.3977658450603485,0.06905005127191544
1789031900419547100,36.65554711914063,0.2335507720708847,0.27518215775489807,-0.028446946293115616
1789031900429550000,36.66555004882812,0.24438582360744476,0.1440899521112442,-0.12948593497276306
1789031900439553300,36.67555322265625,0.19906628131866455,0.053121164441108704,-0.14550191164016724
1789031900449556200,36.68555615234375,0.12997402250766754,0.0197831392288208,-0.07919185608625412
1789031900459559200,36.69555908203125,0.11386881023645401,0.01295239757746458,-0.018909074366092682
1789031900469562000,36.70556201171875,0.172687828540802,-0.015043498948216438,-0.04650895297527313
1789031900479565000,36.71556494140625,0.20585377514362335,-0.11415543407201767,-0.17583471536636353
1789031900489569300,36.7255693359375,0.17625196278095245,-0.23993150889873505,-0.2651752531528473
1789031900499572000,36.73557202148437,0.1311158984899521,-0.29346343874931335,-0.2581266760826111
1789031900509575700,36.74557568359375,0.09170198440551758,-0.31985345482826233,-0.2167356014251709
1789031900519578600,36.75557861328125,0.056844934821128845,-0.3583824634552002,-0.2231849730014801
1789031900529581800,36.765581787109376,0.0503305085003376,-0.4555984139442444,-0.274871289730072
1789031900539584500,36.77558447265625,0.044818297028541565,-0.5712986588478088,-0.2886299788951874
1789031900549587700,36.78558764648437,0.02777942642569542,-0.6427335739135742,-0.15154165029525757
1789031900559591700,36.795591796875,0.006188645958900452,-0.62466961145401,0.08718276768922806
1789031900569594600,36.8055947265625,-0.015419397503137589,-0.5914355516433716,0.3162683844566345
1789031900579597800,36.81559790039063,-0.02097421884536743,-0.5327352285385132,0.4350336492061615
1789031900589600800,36.82560083007812,0.010626607574522495,-0.5069295167922974,0.44381433725357056
1789031900599603700,36.835603759765625,0.030132928863167763,-0.5197062492370605,0.43652528524398804
1789031900609606700,36.84560668945313,0.033471643924713135,-0.5126016139984131,0.4591408967971802
1789031900619609600,36.85560961914062,0.05715646594762802,-0.4313097298145294,0.48711687326431274
1789031900629612800,36.86561279296875,0.08159470558166504,-0.2957824170589447,0.5490038990974426
1789031900639616800,36.87561669921875,0.0643472746014595,-0.2434728592634201,0.691685140132904
1789031900649619500,36.885619384765626,-0.014074547216296196,-0.31062301993370056,0.8835784196853638
1789031900659622700,36.89562255859375,-0.09549350291490555,-0.40336549282073975,0.9883378744125366
1789031900669625900,36.9056259765625,-0.13061827421188354,-0.4036867320537567,0.9180951714515686
1789031900679628500,36.91562866210938,-0.1267247349023819,-0.3071388900279999,0.76975017786026
1789031900689631700,36.9256318359375,-0.123384490609169,-0.20478126406669617,0.6655973792076111
1789031900699634700,36.935634765625,-0.1661956012248993,-0.1668378710746765,0.6777320504188538
1789031900709638700,36.945638671875,-0.23776644468307495,-0.17126856744289398,0.789191484451294
1789031900719641600,36.9556416015625,-0.2999882996082306,-0.16965043544769287,0.8926140069961548
1789031900729644800,36.96564477539062,-0.3316342532634735,-0.14724980294704437,0.9382397532463074
1789031900739647700,36.975647705078124,-0.3729225695133209,-0.1377585530281067,0.9149999618530273
1789031900749650700,36.985650634765626,-0.44004949927330017,-0.14599919319152832,0.8642768263816833
1789031900759654000,36.99565380859375,-0.5362692475318909,-0.22823388874530792,0.7985873222351074
1789031900769656600,37.005656494140624,-0.5718852877616882,-0.41207626461982727,0.7246596217155457
1789031900779659800,37.01565966796875,-0.5510985255241394,-0.6270876526832581,0.6460553407669067
1789031900789663700,37.02566381835938,-0.513830840587616,-0.7969624400138855,0.550848126411438
1789031900799666700,37.03566674804687,-0.5079553723335266,-0.9030449390411377,0.464908242225647
1789031900809669600,37.045669677734374,-0.5062263607978821,-1.0048357248306274,0.4124939739704132
1789031900819672600,37.055672607421876,-0.4904061555862427,-1.1393579244613647,0.40219128131866455
1789031900829675800,37.06567578125,-0.47059911489486694,-1.2837591171264648,0.40272513031959534
1789031900839678700,37.0756787109375,-0.45512694120407104,-1.3932405710220337,0.41032710671424866
1789031900849681700,37.085681640625,-0.43154236674308777,-1.4541200399398804,0.41420960426330566
1789031900859685600,37.095685546875,-0.4185602366924286,-1.4730292558670044,0.4205668568611145
1789031900869688800,37.10568872070313,-0.4142778813838959,-1.4157211780548096,0.39886555075645447
1789031900879691500,37.11569140625,-0.4146765470504761,-1.2905640602111816,0.3411615192890167
1789031900889694700,37.12569482421875,-0.3794107437133789,-1.1723841428756714,0.2786504924297333
1789031900899697700,37.13569775390625,-0.31821954250335693,-1.120487928390503,0.21920660138130188
1789031900909700600,37.14570068359375,-0.256612628698349,-1.077621340751648,0.15951210260391235
1789031900919703800,37.15570385742188,-0.20381039381027222,-0.9919115304946899,0.08339814841747284
1789031900929706800,37.16570678710937,-0.18818512558937073,-0.8717629909515381,-0.016824308782815933
1789031900939710700,37.17571069335938,-0.19215376675128937,-0.755281388759613,-0.08661697804927826
1789031900949713700,37.18571362304687,-0.19857148826122284,-0.6485946774482727,-0.10132797807455063
1789031900959716900,37.195716796875,-0.2043638527393341,-0.5735459923744202,-0.04290861263871193
1789031900969719600,37.20571948242188,-0.20994392037391663,-0.4688316285610199,0.032463327050209045
1789031900979722800,37.21572265625,-0.21359270811080933,-0.33434998989105225,0.05985420197248459
1789031900989725700,37.2257255859375,-0.20644982159137726,-0.20852026343345642,0.03157700598239899
1789031900999728600,37.23572875976563,-0.20994335412979126,-0.10733824968338013,0.02063620835542679
1789031901009731800,37.24573193359375,-0.1996784508228302,-0.014764185063540936,0.04001149907708168
1789031901019735800,37.25573583984375,-0.14867785573005676,0.1002151295542717,0.068291075527668
1789031901029738800,37.26573876953125,-0.0917123407125473,0.1913129985332489,0.09384866058826447
1789031901039741700,37.27574169921875,-0.057265955954790115,0.22404351830482483,0.11131446808576584
1789031901049744600,37.28574462890625,-0.06172112748026848,0.22442343831062317,0.12126082181930542
1789031901059747600,37.29574755859375,-0.07580312341451645,0.24370898306369781,0.12060115486383438
1789031901069750800,37.30575073242188,-0.08151744306087494,0.29421520233154297,0.09864763915538788
1789031901079753700,37.31575366210937,-0.07607660442590714,0.3485032021999359,0.06568142771720886
1789031901089757700,37.3257578125,-0.07343027740716934,0.3912883400917053,0.04084055870771408
1789031901099761000,37.335760986328125,-0.06889571249485016,0.4444032311439514,0.030780469998717308
1789031901109763600,37.345763671875,-0.03610053285956383,0.49883365631103516,0.024001965299248695
1789031901119766800,37.35576684570312,0.01930386945605278,0.5590829253196716,0.0014788140542805195
1789031901129769700,37.365769775390625,0.053076740354299545,0.5854000449180603,-0.015871144831180573
1789031901139772700,37.37577270507813,0.06922268867492676,0.5724813342094421,-0.024471290409564972
1789031901149775600,37.38577563476562,0.07028903812170029,0.5549172163009644,-0.01866268366575241
1789031901159778600,37.395778564453124,0.062085434794425964,0.5511406064033508,-0.019342325627803802
1789031901169782500,37.40578247070312,0.06188970059156418,0.5834161639213562,-0.02822849527001381
1789031901179785700,37.41578564453125,0.08259578049182892,0.6204186677932739,-0.03766567260026932
1789031901189788700,37.42578857421875,0.13332617282867432,0.6457468867301941,-0.04291989654302597
1789031901199791600,37.43579150390625,0.18548977375030518,0.6711164116859436,-0.0691232681274414
1789031901209794800,37.445794921875,0.22793294489383698,0.6936159729957581,-0.11066395044326782
1789031901219797500,37.45579760742187,0.2735358774662018,0.7133036851882935,-0.15012215077877045
1789031901229800700,37.46580078125,0.3207971751689911,0.7475332617759705,-0.18138077855110168
1789031901239804000,37.47580395507813,0.35979944467544556,0.8144486546516418,-0.21138261258602142
1789031901249807600,37.4858076171875,0.38034966588020325,0.9012179970741272,-0.2485179752111435
1789031901259810600,37.495810546875,0.3828943073749542,0.9763116836547852,-0.2965691089630127
1789031901269813800,37.505813720703124,0.36475738883018494,1.007588267326355,-0.34916388988494873
1789031901279816700,37.515816650390626,0.35065409541130066,0.9434968829154968,-0.3791345953941345
1789031901289819600,37.52581958007813,0.338031530380249,0.7892847061157227,-0.37242475152015686
1789031901299822800,37.53582275390625,0.3513297736644745,0.6048645377159119,-0.35839203000068665
1789031901309825500,37.545825439453125,0.3783259987831116,0.47705626487731934,-0.363933265209198
1789031901319829800,37.555829833984376,0.43217936158180237,0.41864463686943054,-0.40930020809173584
1789031901329832700,37.56583276367188,0.4558980166912079,0.3837052583694458,-0.4690466523170471
1789031901339835600,37.57583569335937,0.47849413752555847,0.3286614418029785,-0.5251514911651611
1789031901349838800,37.5858388671875,0.4697698652744293,0.2882067561149597,-0.5873658061027527
1789031901359841500,37.59584155273438,0.433749258518219,0.2657504677772522,-0.6634325981140137
1789031901369844700,37.6058447265625,0.42402660846710205,0.23100033402442932,-0.7265107035636902
1789031901379847700,37.61584765625,0.43645691871643066,0.20100142061710358,-0.7852222323417664
1789031901389850600,37.6258505859375,0.44399043917655945,0.18942783772945404,-0.8543652892112732
1789031901399854600,37.6358544921875,0.4350680410861969,0.21041914820671082,-0.9313026666641235
1789031901409857800,37.64585791015625,0.444659560918808,0.21713955700397491,-0.976142406463623
1789031901419860500,37.655860595703125,0.4608742296695709,0.19293995201587677,-0.9873974919319153
1789031901429863700,37.66586376953125,0.4797820746898651,0.1525258868932724,-1.0102566480636597
1789031901439867000,37.675866943359374,0.43443429470062256,0.07470060139894485,-0.9621424078941345
1789031901449869600,37.68586962890625,0.32919228076934814,0.09874185919761658,-0.8283377289772034
1789031901459872800,37.69587280273438,0.2686458230018616,0.30045899748802185,-0.6837421655654907
1789031901469876700,37.70587670898438,0.2548134922981262,0.6053977608680725,-0.5925870537757874
1789031901479879700,37.71587963867187,0.2470698058605194,0.8875551819801331,-0.5630136728286743
1789031901489882600,37.725882568359374,0.24785670638084412,0.9733692407608032,-0.5329220294952393
1789031901499885800,37.7358857421875,0.2199140191078186,0.8800387382507324,-0.4456081986427307
1789031901509888800,37.745888671875,0.18221455812454224,0.7446699738502502,-0.3023141324520111
1789031901519892000,37.75589208984375,0.13589927554130554,0.6861504912376404,-0.16639810800552368
1789031901529895000,37.76589501953125,0.14326851069927216,0.6393901109695435,-0.12395241111516953
1789031901539897900,37.77589794921875,0.1791660636663437,0.5160343647003174,-0.18721285462379456
1789031901549902000,37.78590209960937,0.13283103704452515,0.3017938435077667,-0.19090187549591064
1789031901559904800,37.79590478515625,0.021176951006054878,0.14836037158966064,-0.0658121332526207
1789031901569908000,37.80590795898438,-0.057059839367866516,0.16681979596614838,0.04340280219912529
1789031901579911000,37.81591088867187,-0.05462837219238281,0.2008560597896576,-0.002639791928231716
1789031901589913900,37.825913818359375,-0.024914134293794632,0.11322185397148132,-0.13415709137916565
1789031901599917000,37.8359169921875,-0.04716963693499565,0.012343705631792545,-0.15571138262748718
1789031901609919700,37.84591967773437,-0.06878650188446045,0.032164931297302246,-0.06250154972076416
1789031901619923000,37.8559228515625,-0.06359493732452393,0.09605816006660461,0.021237557753920555
1789031901629927000,37.865927001953125,-0.03715831786394119,0.06718236953020096,0.05122930929064751
1789031901639930000,37.87593017578125,-0.03372097387909889,-0.043991025537252426,0.07437244057655334
1789031901649932800,37.88593286132812,-0.03353823721408844,-0.1957816779613495,0.08755479753017426
1789031901659936000,37.89593603515625,-0.05693064630031586,-0.32804998755455017,0.10949844121932983
1789031901669938700,37.905938720703126,-0.08404999226331711,-0.4069976508617401,0.10360574722290039
1789031901679942000,37.91594189453125,-0.09963560849428177,-0.4486398994922638,0.021661344915628433
1789031901689945000,37.925945068359376,-0.08956905454397202,-0.4774421453475952,-0.0805891752243042
1789031901699947800,37.93594775390625,-0.0835479125380516,-0.5318031311035156,-0.14128422737121582
1789031901709952000,37.94595190429688,-0.09094987064599991,-0.6230019330978394,-0.1490316390991211
1789031901719955000,37.95595483398437,-0.0938364714384079,-0.655237078666687,-0.10454060137271881
1789031901729958000,37.9659580078125,-0.04812013730406761,-0.5691301226615906,-0.0629180446267128
1789031901739960800,37.9759609375,0.03932848200201988,-0.4038431644439697,-0.06556416302919388
1789031901749964000,37.98596411132812,0.13447390496730804,-0.323588490486145,-0.07594702392816544
1789031901759967000,37.995967041015625,0.17757955193519592,-0.28137603402137756,0.03981472924351692
1789031901769970000,38.00596997070313,0.14019866287708282,-0.19795474410057068,0.30974525213241577
1789031901779972900,38.01597290039062,0.0836685374379158,-0.117757648229599,0.5997275710105896
1789031901789976800,38.02597680664063,0.020842747762799263,-0.10708634555339813,0.7678749561309814
1789031901799980000,38.03597998046875,-0.05098004266619682,-0.20487762987613678,0.7828294038772583
1789031901809983000,38.04598291015625,-0.1338004469871521,-0.41458338499069214,0.7282010912895203
1789031901819986000,38.05598583984375,-0.18670706450939178,-0.597946047782898,0.6736201643943787
1789031901829988900,38.06598876953125,-0.17587359249591827,-0.6290410757064819,0.6258787512779236
1789031901839991800,38.07599169921875,-0.13274769484996796,-0.5185103416442871,0.6203182935714722
1789031901849995000,38.0859951171875,-0.15244072675704956,-0.3603208065032959,0.7146081328392029
1789031901859999000,38.0959990234375,-0.23209001123905182,-0.21149137616157532,0.8764822483062744
1789031901870002000,38.106001953125,-0.3252693712711334,-0.0759274810552597,1.0496230125427246
1789031901880004900,38.1160048828125,-0.3916204571723938,0.03102346882224083,1.1841344833374023
1789031901890008000,38.12600805664062,-0.4540204703807831,0.019388001412153244,1.223829984664917
1789031901900010800,38.1360107421875,-0.4867999851703644,-0.13560770452022552,1.141127109527588
1789031901910014000,38.146013916015626,-0.5302749276161194,-0.3220860958099365,0.9580802917480469
1789031901920017000,38.15601684570313,-0.6006449460983276,-0.4326184391975403,0.7341838479042053
1789031901930019800,38.16601977539062,-0.6392024755477905,-0.5158443450927734,0.5697099566459656
1789031901940023800,38.17602392578125,-0.6040146946907043,-0.6980026960372925,0.48920097947120667
1789031901950027000,38.186027099609376,-0.503513514995575,-0.9515466094017029,0.47204527258872986
1789031901960030000,38.19603002929688,-0.4117428660392761,-1.1253328323364258,0.48457226157188416
1789031901970033000,38.20603295898437,-0.38113489747047424,-1.141003966331482,0.47919902205467224
1789031901980036000,38.2160361328125,-0.42299872636795044,-1.0917065143585205,0.45674219727516174
1789031901990038800,38.22603881835938,-0.49881914258003235,-1.1270740032196045,0.44831353425979614
1789031902000042000,38.2360419921875,-0.5580320954322815,-1.2533131837844849,0.4868966042995453
1789031902010045000,38.246044921875,-0.6021203398704529,-1.4211403131484985,0.5384238958358765
1789031902020049000,38.256048828125,-0.6394250988960266,-1.562766194343567,0.5585313439369202
1789031902030051800,38.2660517578125,-0.646818995475769,-1.5978724956512451,0.541654646396637
1789031902040054800,38.2760546875,-0.6014232635498047,-1.5759721994400024,0.48283398151397705
1789031902050058000,38.28605810546875,-0.5057648420333862,-1.5217223167419434,0.39765432476997375
1789031902060061000,38.29606103515625,-0.42740532755851746,-1.4457948207855225,0.31383877992630005
1789031902070063900,38.30606396484375,-0.39575397968292236,-1.2976573705673218,0.24455879628658295
1789031902080066800,38.31606689453125,-0.3900851607322693,-1.1525980234146118,0.2143135517835617
1789031902090070000,38.32607006835938,-0.3672475218772888,-1.0739096403121948,0.20583483576774597
1789031902100073700,38.33607373046875,-0.342804491519928,-1.0215609073638916,0.18827955424785614
1789031902110077000,38.34607690429687,-0.335702121257782,-0.9454523921012878,0.15262968838214874
1789031902120080000,38.356079833984374,-0.3438423275947571,-0.7973705530166626,0.12853287160396576
1789031902130082800,38.366082763671876,-0.3407258987426758,-0.6002712249755859,0.12074364721775055
1789031902140086000,38.3760859375,-0.32150188088417053,-0.43823307752609253,0.1016642302274704
1789031902150088700,38.386088623046874,-0.2774965167045593,-0.3565292954444885,0.08237756788730621
1789031902160092000,38.396091796875,-0.22468416392803192,-0.3125554621219635,0.05286787822842598
1789031902170094800,38.4060947265625,-0.19329342246055603,-0.22486956417560577,0.0041985660791397095
1789031902180099000,38.41609912109375,-0.2060323804616928,-0.12940002977848053,-0.051064155995845795
1789031902190101800,38.426101806640624,-0.25787705183029175,-0.12809938192367554,-0.06991498917341232
1789031902200105000,38.43610498046875,-0.2794609069824219,-0.18731875717639923,-0.012941455468535423
1789031902210108000,38.44610791015625,-0.23981599509716034,-0.17943713068962097,0.062443818897008896
1789031902220110800,38.45611083984375,-0.1676131635904312,-0.07415144890546799,0.07754314690828323
1789031902230114000,38.46611401367188,-0.1219857707619667,0.09224319458007812,0.030363917350769043
1789031902240116700,38.47611669921875,-0.11724348366260529,0.26591670513153076,-0.030263744294643402
1789031902250120000,38.486119873046874,-0.14516165852546692,0.3848452568054199,-0.05433287099003792
1789031902260124000,38.4961240234375,-0.17419037222862244,0.44663992524147034,-0.032168179750442505
1789031902270126800,38.506126953125,-0.17350894212722778,0.4802478551864624,0.01154233142733574
1789031902280129800,38.5161298828125,-0.1331559270620346,0.49716266989707947,0.05632258951663971
1789031902290133000,38.526133056640624,-0.05666828155517578,0.5146258473396301,0.07621796429157257
1789031902300136000,38.53613598632813,0.010228725150227547,0.5333470702171326,0.05891193822026253
1789031902310139000,38.54613891601562,0.028734782710671425,0.5642749667167664,0.026253581047058105
1789031902320141800,38.556141845703124,0.018848862498998642,0.5824805498123169,0.012945500202476978
1789031902330144800,38.566144775390626,0.035329870879650116,0.6164721846580505,0.0019631325267255306
1789031902340149000,38.57614892578125,0.11146325618028641,0.7166898846626282,-0.05530708283185959
1789031902350152000,38.58615185546875,0.20285536348819733,0.8558272123336792,-0.1717715561389923
1789031902360155000,38.59615478515625,0.25931039452552795,0.9373151659965515,-0.2855977416038513
1789031902370158000,38.606157958984376,0.2695380449295044,0.8814062476158142,-0.33628517389297485
1789031902380160800,38.61616088867188,0.26407110691070557,0.6990497708320618,-0.3236743211746216
1789031902390164000,38.6261640625,0.26834022998809814,0.5227116942405701,-0.28926336765289307
1789031902400167000,38.6361669921875,0.30159032344818115,0.4671056866645813,-0.2853972613811493
1789031902410171000,38.6461708984375,0.3492717146873474,0.5235737562179565,-0.30959680676460266
1789031902420173800,38.656173828125,0.37772437930107117,0.5640561580657959,-0.31937700510025024
1789031902430177000,38.66617700195312,0.39055073261260986,0.543729841709137,-0.31518465280532837
1789031902440179700,38.6761796875,0.3862726390361786,0.5543851256370544,-0.3338505029678345
1789031902450183000,38.68618286132813,0.37409353256225586,0.6164349913597107,-0.39710649847984314
1789031902460186000,38.69618603515625,0.3712010681629181,0.6718897819519043,-0.46715906262397766
1789031902470188800,38.706188720703125,0.3770264983177185,0.6380588412284851,-0.5019652843475342
1789031902480192000,38.71619189453125,0.37679213285446167,0.5022421479225159,-0.48257482051849365
1789031902490196000,38.72619604492188,0.35969457030296326,0.35816800594329834,-0.47538474202156067
1789031902500199000,38.73619897460937,0.33253592252731323,0.32255566120147705,-0.5269587635993958
1789031902510201600,38.74620166015625,0.3233450949192047,0.3505297899246216,-0.6164510846138
1789031902520204500,38.75620458984375,0.3406020998954773,0.33761078119277954,-0.6751183867454529
1789031902530207700,38.76620776367187,0.3449702262878418,0.22711464762687683,-0.6748872399330139
1789031902540210700,38.776210693359374,0.3026762902736664,0.021468548104166985,-0.6304997801780701
1789031902550213600,38.786213623046876,0.24664711952209473,-0.11945547163486481,-0.6265673637390137
1789031902560216600,38.79621655273438,0.18320049345493317,-0.07256066799163818,-0.6912081241607666
1789031902570220800,38.806220703125,0.15233950316905975,0.07807585597038269,-0.7745485305786133
1789031902580223500,38.81622338867187,0.14178113639354706,0.11378911137580872,-0.7693372368812561
1789031902590226700,38.826226806640626,0.14150212705135345,0.04113171249628067,-0.7216736674308777
1789031902600229600,38.83622973632812,0.1674908548593521,0.061011943966150284,-0.7296364903450012
1789031902610232600,38.846232666015624,0.19226454198360443,0.1045958399772644,-0.74446040391922
1789031902620235800,38.85623583984375,0.16165763139724731,0.06676004827022552,-0.6323546171188354
1789031902630238700,38.86623876953125,0.11704976856708527,0.19122788310050964,-0.5327170491218567
1789031902640241700,38.87624169921875,0.1407255381345749,0.48704275488853455,-0.5455199480056763
1789031902650245600,38.88624560546875,0.20930486917495728,0.6701849699020386,-0.6172188520431519
1789031902660248800,38.896248779296876,0.2456175982952118,0.5823725461959839,-0.6070266962051392
1789031902670251500,38.90625146484375,0.2261919379234314,0.3749314844608307,-0.45094868540763855
1789031902680254700,38.91625463867187,0.1778169572353363,0.2760739028453827,-0.24053658545017242
1789031902690257700,38.926257568359375,0.16219298541545868,0.4427787959575653,-0.1433442384004593
1789031902700260600,38.93626049804688,0.218544140458107,0.6911718249320984,-0.26198434829711914
1789031902710263800,38.946263916015624,0.28792664408683777,0.6810612082481384,-0.4884941577911377
1789031902720266500,38.9562666015625,0.3364201486110687,0.5045684576034546,-0.6491557955741882
1789031902730270700,38.966270751953125,0.3285304605960846,0.38060107827186584,-0.650461733341217
1789031902740273700,38.97627368164063,0.26558399200439453,0.3647983968257904,-0.4750845730304718
1789031902750276600,38.98627661132812,0.161317840218544,0.35867834091186523,-0.2029809206724167
1789031902760279600,38.996279541015625,0.07429239153862,0.30461645126342773,0.03499755263328552
1789031902770282800,39.00628271484375,0.06652707606554031,0.16970300674438477,0.13785633444786072
1789031902780285700,39.01628564453125,0.08661529421806335,0.03744190186262131,0.07507098466157913
1789031902790288600,39.02628857421875,0.0786842331290245,-0.07235849648714066,-0.08177941292524338
1789031902800291600,39.03629150390625,0.0691346749663353,-0.2021934539079666,-0.15761984884738922
1789031902810295600,39.04629565429688,0.04395424574613571,-0.3546645939350128,-0.07791172713041306
1789031902820298800,39.056298828125,0.02011389285326004,-0.516973078250885,0.0028062935452908278
1789031902830301700,39.0663017578125,-0.005227397661656141,-0.6637033820152283,0.022020988166332245
1789031902840304600,39.0763046875,-0.01847422681748867,-0.7523238062858582,0.008044986054301262
1789031902850307600,39.0863076171875,-0.018806371837854385,-0.7936705946922302,0.0013951039873063564
1789031902860310500,39.096310546875,0.007213778793811798,-0.7819852232933044,0.03987698256969452
1789031902870313700,39.10631372070313,0.04354140907526016,-0.75197833776474,0.0658918172121048
1789031902880316700,39.11631665039062,0.1033962145447731,-0.6945440769195557,-0.0031815259717404842
1789031902890320600,39.12632055664063,0.12933114171028137,-0.6827443838119507,-0.08627854287624359
1789031902900323600,39.13632348632812,0.09285249561071396,-0.7303497195243835,-0.055194392800331116
1789031902910326800,39.14632690429688,0.039456937462091446,-0.748618483543396,0.10093634575605392
1789031902920329500,39.15632958984375,0.03695516288280487,-0.5857280492782593,0.25143957138061523
1789031902930332700,39.166332763671875,0.13383202254772186,-0.306768000125885,0.3028658330440521
1789031902940335900,39.1763359375,0.2316453903913498,-0.09463655948638916,0.34062519669532776
1789031902950338600,39.18633862304687,0.28002604842185974,-0.04826344922184944,0.4523351788520813
1789031902960341800,39.196341796875,0.2460119128227234,-0.13823755085468292,0.6334021687507629
1789031902970345700,39.206345703125,0.1348109096288681,-0.29674822092056274,0.7946884632110596
1789031902980348700,39.2163486328125,-0.01925588771700859,-0.4213988184928894,0.8578730225563049
1789031902990351600,39.2263515625,-0.14669592678546906,-0.40897148847579956,0.838278591632843
1789031903000354800,39.236354736328124,-0.22394251823425293,-0.30950403213500977,0.8226277232170105
1789031903010357500,39.246357421875,-0.27227863669395447,-0.2856942117214203,0.8653373718261719
1789031903020360700,39.25636059570313,-0.32266536355018616,-0.3416019678115845,0.921654999256134
1789031903030363600,39.26636376953125,-0.3842317759990692,-0.3834224045276642,0.9395798444747925
1789031903040366600,39.27636669921875,-0.402109831571579,-0.4307153522968292,0.8986691832542419
1789031903050370800,39.286370849609376,-0.3961574137210846,-0.5177687406539917,0.8309854865074158
1789031903060373500,39.29637353515625,-0.39039379358291626,-0.6438339948654175,0.7837654948234558
1789031903070376700,39.306376708984374,-0.3770079016685486,-0.7137367129325867,0.7260888814926147
1789031903080379600,39.316379638671876,-0.3717537224292755,-0.683006763458252,0.6360564827919006
1789031903090382600,39.32638256835938,-0.37871605157852173,-0.5658018589019775,0.5043032169342041
1789031903100385800,39.3363857421875,-0.38604000210762024,-0.47822698950767517,0.3904573321342468
1789031903110388700,39.346388671875,-0.381913423538208,-0.4971332550048828,0.3329485356807709
1789031903120391700,39.3563916015625,-0.3629179000854492,-0.5912302136421204,0.3309437036514282
1789031903130395600,39.36639575195313,-0.33251479268074036,-0.6965211033821106,0.3285692632198334
1789031903140398800,39.37639892578125,-0.29575222730636597,-0.7807645797729492,0.3030630946159363
1789031903150401500,39.386401611328125,-0.2570759356021881,-0.8627516031265259,0.271438866853714
1789031903160404700,39.39640478515625,-0.2338111251592636,-0.9207094311714172,0.26755091547966003
1789031903170407700,39.40640771484375,-0.21855387091636658,-0.9419341683387756,0.28831610083580017
1789031903180410600,39.41641064453125,-0.23521514236927032,-0.9154993891716003,0.3266480565071106
1789031903190413800,39.42641381835937,-0.25219064950942993,-0.862246036529541,0.3658851981163025
1789031903200416500,39.43641650390625,-0.25555741786956787,-0.7902706265449524,0.3789517283439636
1789031903210420700,39.44642065429687,-0.21345552802085876,-0.7575058341026306,0.33667513728141785
1789031903220423700,39.456423583984375,-0.15667986869812012,-0.7847987413406372,0.25866183638572693
1789031903230426600,39.46642651367188,-0.09804800152778625,-0.8300972580909729,0.17053836584091187
1789031903240429600,39.4764296875,-0.06155470386147499,-0.8308852910995483,0.08520802110433578
1789031903250432800,39.486432861328126,-0.06869781017303467,-0.786674976348877,0.05790421739220619
1789031903260435500,39.496435546875,-0.10070101171731949,-0.7327158451080322,0.11036928743124008
1789031903270438700,39.50643872070312,-0.13633954524993896,-0.6683862209320068,0.18413838744163513
1789031903280441900,39.51644189453125,-0.18788982927799225,-0.5116757154464722,0.19156195223331451
1789031903290445600,39.526445556640624,-0.2617529034614563,-0.40301188826560974,0.1422097086906433
1789031903300448800,39.53644873046875,-0.281202495098114,-0.394443154335022,0.10162311792373657
1789031903310451700,39.54645166015625,-0.1992294043302536,-0.3906627595424652,0.08718430250883102
1789031903320454700,39.55645458984375,-0.08130942285060883,-0.29261770844459534,0.09189703315496445
1789031903330457600,39.56645751953125,-0.0017291458789259195,-0.1399771124124527,0.10930880904197693
1789031903340460500,39.57646044921875,0.023363957181572914,-0.037299737334251404,0.12331490963697433
1789031903350463700,39.586463623046875,0.00043898646254092455,-0.006815734319388866,0.12155185639858246
1789031903360466700,39.596466796875,-0.030607612803578377,0.00847613625228405,0.11021903902292252
1789031903370470700,39.606470703125,-0.04687156528234482,0.1245807409286499,0.09586115926504135
1789031903380473600,39.6164736328125,-0.056006740778684616,0.32030683755874634,0.06974007189273834
1789031903390476800,39.626476806640625,-0.048244789242744446,0.4922764003276825,0.049053508788347244
1789031903400479500,39.6364794921875,-0.045598939061164856,0.5462006330490112,0.05760971084237099
1789031903410482700,39.64648266601562,-0.03499839827418327,0.5217607021331787,0.08161778002977371
1789031903420485600,39.656485595703124,-0.02771652117371559,0.5486607551574707,0.09722257405519485
1789031903430488600,39.666488525390626,-0.03636031597852707,0.6961603164672852,0.08660665899515152
1789031903440491800,39.67649169921875,-0.03942827507853508,0.8905220627784729,0.038251910358667374
1789031903450494700,39.68649462890625,-0.014710422605276108,0.9589332342147827,-0.009948368184268475
1789031903460498700,39.696498779296874,0.024515807628631592,0.8062281012535095,-0.017502956092357635
1789031903470501600,39.706501708984376,0.009280681610107422,0.5583568215370178,-0.014781218022108078
1789031903480504800,39.7165048828125,-0.0390935093164444,0.3879171907901764,-0.043049074709415436
1789031903490507500,39.726507568359374,-0.07344220578670502,0.387690007686615,-0.08663994073867798
1789031903500510700,39.7365107421875,-0.03285056725144386,0.5603421926498413,-0.12534551322460175
1789031903510513700,39.746513671875,0.0578095018863678,0.8058446049690247,-0.16022810339927673
1789031903520516900,39.756516845703125,0.1561770737171173,1.0451970100402832,-0.21927863359451294
1789031903530519800,39.76651977539063,0.21370676159858704,1.1624850034713745,-0.28517699241638184
1789031903540523800,39.776523681640626,0.1970907598733902,1.1056599617004395,-0.3240727186203003
1789031903550527000,39.78652685546875,0.1574021875858307,0.9167640209197998,-0.31377533078193665
1789031903560529700,39.79652978515625,0.14166690409183502,0.722847580909729,-0.29967576265335083
1789031903570532900,39.80653295898438,0.17533542215824127,0.6449550986289978,-0.32384318113327026
1789031903580535800,39.81653588867187,0.20785661041736603,0.6700620055198669,-0.3735883831977844
1789031903590538800,39.826538818359374,0.2184343785047531,0.7028748393058777,-0.41779574751853943
1789031903600542000,39.8365419921875,0.21542607247829437,0.7078272700309753,-0.44613736867904663
1789031903610544600,39.84654467773437,0.1984463334083557,0.7222602367401123,-0.453649640083313
1789031903620548600,39.85654858398438,0.15719982981681824,0.7362479567527771,-0.4546360969543457
1789031903630551800,39.8665517578125,0.14867311716079712,0.6942327618598938,-0.45352762937545776
1789031903640554800,39.8765546875,0.14639665186405182,0.5764243602752686,-0.46665966510772705
1789031903650557700,39.8865576171875,0.13696135580539703,0.42164525389671326,-0.5242233872413635
1789031903660561000,39.896560791015624,0.14091747999191284,0.27085310220718384,-0.6097332239151001
1789031903670563600,39.9065634765625,0.15647512674331665,0.16370101273059845,-0.7154077291488647
1789031903680566800,39.91656689453125,0.17134302854537964,0.09748630970716476,-0.8145356178283691
1789031903690570000,39.926570068359375,0.18041068315505981,0.04431495815515518,-0.8789698481559753
1789031903700573700,39.93657373046875,0.1934995800256729,-0.0017673182301223278,-0.9015009999275208
1789031903710577000,39.946576904296876,0.19910036027431488,-0.03292808309197426,-0.8726407289505005
1789031903720579800,39.95657983398438,0.18521596491336823,-0.03972633183002472,-0.8344385027885437
1789031903730582800,39.96658276367187,0.13570867478847504,-0.07237312942743301,-0.7515572309494019
1789031903740585700,39.976585693359375,0.03301958367228508,-0.09305230528116226,-0.6726954579353333
1789031903750589000,39.9865888671875,-0.04111642763018608,-0.10662617534399033,-0.6211446523666382
1789031903760592000,39.996591796875,-0.06620766967535019,-0.019417770206928253,-0.6522868275642395
1789031903770594800,40.0065947265625,-0.007638734765350819,0.181986466050148,-0.7446196675300598
1789031903780598800,40.016598876953125,0.02817918360233307,0.3297745883464813,-0.7902859449386597
1789031903790601700,40.02660180664063,0.011019288562238216,0.3784681558609009,-0.7195868492126465
1789031903800605000,40.03660498046875,0.008339881896972656,0.47999584674835205,-0.6151373982429504
1789031903810607600,40.046607666015625,0.04318379610776901,0.6217722296714783,-0.5238412618637085
1789031903820610800,40.05661083984375,0.06875227391719818,0.6923249363899231,-0.44149792194366455
1789031903830613800,40.06661376953125,0.09107406437397003,0.6056503057479858,-0.39897656440734863
1789031903840616700,40.07661669921875,0.08108268678188324,0.44629019498825073,-0.3820447027683258
1789031903850620000,40.08661987304688,0.03875469043850899,0.303494930267334,-0.3459596633911133
1789031903860624000,40.09662377929688,-0.03656536340713501,0.23363009095191956,-0.26144692301750183
1789031903870626800,40.10662670898437,-0.07050473988056183,0.26603204011917114,-0.22202758491039276
1789031903880629800,40.116629638671874,-0.07547153532505035,0.29202234745025635,-0.2325523942708969
1789031903890633000,40.12663305664063,-0.12228211760520935,0.2668250799179077,-0.20821541547775269
1789031903900635600,40.1366357421875,-0.17646731436252594,0.2381095588207245,-0.11607829481363297
1789031903910638800,40.146638916015625,-0.1595909148454666,0.2563474178314209,-0.03658929839730263
1789031903920641500,40.1566416015625,-0.09596665948629379,0.24999895691871643,-0.05692918971180916
1789031903930644700,40.16664477539062,-0.04981141909956932,0.09361602365970612,-0.13124975562095642
1789031903940648700,40.17664868164063,-0.07992910593748093,-0.10162297636270523,-0.0999070256948471
1789031903950652000,40.18665185546875,-0.14128758013248444,-0.15937915444374084,-0.009482283145189285
1789031903960654800,40.19665478515625,-0.15124674141407013,-0.1866946667432785,0.048162370920181274
1789031903970657800,40.20665771484375,-0.13857269287109375,-0.28225216269493103,0.11249497532844543
1789031903980660700,40.21666064453125,-0.08319304883480072,-0.3661723732948303,0.12835702300071716
1789031903990663700,40.22666357421875,-0.03137847036123276,-0.47700291872024536,0.04190701246261597
1789031904000667000,40.2366669921875,-0.04888955503702164,-0.5771292448043823,-0.022009920328855515
1789031904010669800,40.246669921875,-0.08204182982444763,-0.6062061190605164,0.09498979151248932
1789031904020673800,40.256673828125,-0.06970446556806564,-0.6409307718276978,0.32277581095695496
1789031904030676700,40.2666767578125,-0.028490157797932625,-0.6700291037559509,0.4631584584712982
1789031904040679700,40.2766796875,0.04093232750892639,-0.693560004234314,0.3476896584033966
1789031904050683000,40.286682861328124,0.09846514463424683,-0.7964237928390503,0.05930819362401962
1789031904060685800,40.296685791015626,0.12840600311756134,-0.9827890992164612,-0.15968887507915497
1789031904070688800,40.30668872070312,0.10121722519397736,-1.2169111967086792,-0.10311318933963776
1789031904080691700,40.316691650390624,0.040023379027843475,-1.2921277284622192,0.2062302678823471
1789031904090694700,40.326694580078126,0.011082801036536694,-1.1344481706619263,0.4996267557144165
1789031904100698600,40.33669873046875,0.0189037062227726,-0.8509328961372375,0.6302851438522339
1789031904110701800,40.34670190429687,0.054179996252059937,-0.5447015762329102,0.5942615866661072
1789031904120704800,40.356704833984374,0.07513534277677536,-0.3554415702819824,0.5155407190322876
1789031904130707700,40.366707763671876,0.035211313515901566,-0.34516218304634094,0.5200417041778564
1789031904140711000,40.3767109375,-0.053669821470975876,-0.44609811902046204,0.6640260219573975
1789031904150713600,40.38671362304687,-0.1193963810801506,-0.5027480125427246,0.8528561592102051
1789031904160716800,40.396716796875,-0.052968353033065796,-0.37049517035484314,0.9055092334747314
1789031904170719700,40.4067197265625,0.06491513550281525,-0.12038172036409378,0.8102274537086487
1789031904180722700,40.41672265625,0.11989609897136688,0.07915056496858597,0.7216906547546387
1789031904190726700,40.4267265625,0.030344363301992416,0.09551671147346497,0.7862681150436401
1789031904200729900,40.436729736328125,-0.10851471871137619,-0.0014428612776100636,0.9624820351600647
1789031904210732800,40.44673291015625,-0.17112629115581512,-0.056892767548561096,1.0420483350753784
1789031904220735700,40.45673583984375,-0.1723947525024414,0.0071682436391711235,0.9217751622200012
1789031904230739000,40.46673901367188,-0.1763504296541214,0.10857431590557098,0.7219806909561157
1789031904240741600,40.47674169921875,-0.24476757645606995,0.17820878326892853,0.5815024375915527
1789031904250744800,40.486744873046874,-0.3244827091693878,0.23709456622600555,0.5434413552284241
1789031904260747800,40.496747802734376,-0.35309651494026184,0.21199001371860504,0.5265742540359497
1789031904270751700,40.506751708984375,-0.337990939617157,-0.005927484482526779,0.44009146094322205
1789031904280754700,40.51675463867188,-0.33670544624328613,-0.37359392642974854,0.28324300050735474
1789031904290758000,40.5267578125,-0.3545713722705841,-0.768181562423706,0.10648693889379501
1789031904300760800,40.5367607421875,-0.35708513855934143,-1.1278191804885864,-0.046036556363105774
1789031904310763800,40.546763671875,-0.33085647225379944,-1.4472277164459229,-0.15402747690677643
1789031904320766700,40.5567666015625,-0.2925538122653961,-1.7316243648529053,-0.19998857378959656
1789031904330769700,40.566769775390625,-0.2529539465904236,-1.940488576889038,-0.18156136572360992
1789031904340772900,40.57677294921875,-0.22555533051490784,-2.03096342086792,-0.08467637002468109
1789031904350776600,40.586776611328126,-0.2666441798210144,-1.9707990884780884,0.11448121815919876
1789031904360779800,40.59677978515625,-0.4220300316810608,-1.7824246883392334,0.38242292404174805
1789031904370783000,40.606782958984375,-0.5479741096496582,-1.365424394607544,0.6115947961807251
1789031904380785700,40.61678564453125,-0.5860722064971924,-0.7242023348808289,0.657319962978363
1789031904390788900,40.62678881835937,-0.5932337641716003,-0.04191862791776657,0.47458404302597046
1789031904400791800,40.636791748046875,-0.5865013003349304,0.27604976296424866,0.22884084284305573
1789031904410794800,40.64679467773438,-0.455283522605896,0.020128797739744186,0.10828505456447601
1789031904420798000,40.6567978515625,-0.16610978543758392,-0.5750565528869629,0.12369383871555328
1789031904430802000,40.66680200195312,0.08651075512170792,-0.9742881059646606,0.14732034504413605
1789031904440804600,40.6768046875,0.11739517003297806,-0.8897377848625183,0.11129043251276016
1789031904450807800,40.68680786132813,-0.020876949653029442,-0.6529298424720764,0.11748280376195908
1789031904460810800,40.69681079101562,-0.1660754233598709,-0.6301108002662659,0.2435150444507599
1789031904470813700,40.706813720703124,-0.23891310393810272,-0.5905290246009827,0.37392574548721313
1789031904480817000,40.71681689453125,-0.19669561088085175,-0.1380278766155243,0.301308274269104
1789031904490819600,40.72681958007813,-0.12773817777633667,0.4482935965061188,0.047962334007024765
1789031904500822800,40.73682275390625,-0.12095270305871964,0.7384186387062073,-0.19219568371772766
1789031904510826800,40.74682666015625,-0.15561485290527344,0.7671929001808167,-0.28949105739593506
1789031904520829400,40.756829345703125,-0.23526440560817719,0.5906631350517273,-0.27336907386779785
1789031904530832400,40.76683227539063,-0.24297332763671875,0.35655251145362854,-0.1696225106716156
1789031904540835300,40.77683544921875,-0.23431512713432312,0.05396096780896187,-0.08325912803411484
1789031904550838300,40.78683837890625,-0.20513316988945007,-0.22419346868991852,-0.03123283199965954
1789031904560841200,40.79684130859375,-0.15767031908035278,-0.3745899200439453,-0.023012720048427582
1789031904570844400,40.80684448242187,-0.06177213042974472,-0.3540098965167999,-0.044016994535923004
1789031904580847400,40.816847412109375,-0.024082807824015617,-0.26833948493003845,-0.058035872876644135
1789031904590851300,40.826851318359374,-0.11793006211519241,-0.22276513278484344,-0.0362827442586422
1789031904600854300,40.836854248046876,-0.17066916823387146,-0.029671834781765938,-0.054267868399620056
1789031904610857200,40.84685717773438,-0.14756730198860168,0.34080061316490173,-0.1388290971517563
1789031904620860400,40.8568603515625,-0.09908578544855118,0.7262194156646729,-0.20187383890151978
1789031904630863400,40.86686328125,-0.010545841418206692,0.992277979850769,-0.15913914144039154
1789031904640866300,40.8768662109375,0.07659251987934113,1.0986659526824951,-0.022494738921523094
1789031904650869200,40.886869140625,0.10725116729736328,1.0558907985687256,0.14107178151607513
1789031904660872200,40.8968720703125,0.09803236275911331,0.929610013961792,0.2620091140270233
1789031904670876200,40.906876220703126,0.0857817679643631,0.7980088591575623,0.3111780285835266
1789031904680879400,40.91687939453125,0.10983783006668091,0.6544511318206787,0.3122755289077759
1789031904690882300,40.92688232421875,0.1416914165019989,0.49188050627708435,0.2789100706577301
1789031904700885200,40.93688525390625,0.1439519077539444,0.39709410071372986,0.1874251663684845
1789031904710888400,40.94688842773437,0.157352015376091,0.43727627396583557,0.03249398618936539
1789031904720891100,40.95689111328125,0.17280101776123047,0.5132957100868225,-0.11549894511699677
1789031904730894300,40.966894287109376,0.17576569318771362,0.4922403395175934,-0.18598778545856476
1789031904740897500,40.9768974609375,0.17585863173007965,0.36284828186035156,-0.17972856760025024
1789031904750901200,40.9869013671875,0.17693652212619781,0.24595865607261658,-0.15959486365318298
1789031904760904200,40.996904296875,0.18584640324115753,0.2334764152765274,-0.19085797667503357
1789031904770907400,41.006907470703126,0.20007510483264923,0.30708935856819153,-0.2697010934352875
1789031904780910300,41.01691040039063,0.20879694819450378,0.3994182348251343,-0.3590530753135681
1789031904790913300,41.02691333007812,0.21307581663131714,0.4219054877758026,-0.43420079350471497
1789031904800916500,41.03691650390625,0.2073659896850586,0.3341681957244873,-0.4819488823413849
1789031904810919200,41.04691918945313,0.1810244917869568,0.18165621161460876,-0.5181077122688293
1789031904820922400,41.05692236328125,0.13498269021511078,0.059571053832769394,-0.5634299516677856
1789031904830925300,41.06692529296875,0.08598662912845612,-0.022645680233836174,-0.6102395057678223
1789031904840929300,41.07692919921875,0.031071987003087997,-0.11165598034858704,-0.6318718791007996
1789031904850932500,41.08693237304688,-0.0036860015243291855,-0.20822985470294952,-0.6138281226158142
1789031904860935200,41.09693505859375,-0.034666288644075394,-0.23701702058315277,-0.6093745231628418
1789031904870938400,41.1069384765625,-0.04819570109248161,-0.10558333247900009,-0.6710104942321777
1789031904880941300,41.11694140625,-0.00936335138976574,0.1665499210357666,-0.8044465780258179
1789031904890944300,41.1269443359375,0.0738135352730751,0.32826700806617737,-0.8813010454177856
1789031904900947500,41.136947509765626,0.14973971247673035,0.23241585493087769,-0.8420780301094055
1789031904910950400,41.14695043945313,0.17274223268032074,0.015266225673258305,-0.7623320817947388
1789031904920954000,41.1569541015625,0.13882261514663696,-0.10532862693071365,-0.7325946688652039
1789031904930957300,41.16695727539062,0.13746711611747742,-0.08060935139656067,-0.7519005537033081
1789031904940960500,41.17696044921875,0.14754052460193634,0.012100612744688988,-0.7549439668655396
1789031904950963200,41.18696313476563,0.14379030466079712,0.14601805806159973,-0.7099882364273071
1789031904960966400,41.19696630859375,0.18627570569515228,0.33292534947395325,-0.6742957234382629
1789031904970969300,41.20696923828125,0.27306923270225525,0.5034966468811035,-0.6670424342155457
1789031904980972300,41.21697216796875,0.3285695016384125,0.6018533110618591,-0.667756974697113
1789031904990975500,41.2269755859375,0.3572816550731659,0.6320850849151611,-0.6373541951179504
1789031905000979500,41.2369794921875,0.3728235960006714,0.6065706610679626,-0.580377459526062
1789031905010982400,41.246982421875,0.37368759512901306,0.5366126894950867,-0.5107320547103882
1789031905020985300,41.2569853515625,0.3059501051902771,0.4399438798427582,-0.3943881392478943
1789031905030988300,41.26698828125,0.20694948732852936,0.3953748643398285,-0.2441411316394806
1789031905040991200,41.2769912109375,0.17939776182174683,0.3741191029548645,-0.10692175477743149
1789031905050994400,41.28699438476563,0.19897787272930145,0.3637316823005676,-0.09566858410835266
1789031905060997000,41.2969970703125,0.23298244178295135,0.24571983516216278,-0.1672663390636444
1789031905071000300,41.307000244140625,0.19391067326068878,0.0689365416765213,-0.18281786143779755
1789031905081004300,41.31700439453125,0.12037129700183868,0.006430572830140591,-0.06892730295658112
1789031905091007200,41.32700732421875,0.09152280539274216,0.08834262192249298,0.04965530335903168
1789031905101010400,41.33701049804687,0.13464736938476562,0.11468501389026642,0.020955214276909828
1789031905111013400,41.347013427734375,0.17828281223773956,-0.021932389587163925,-0.1305994689464569
1789031905121016300,41.35701635742188,0.14471659064292908,-0.1585213989019394,-0.1725360006093979
1789031905131019300,41.36701928710937,0.07138056308031082,-0.2043599933385849,0.023580003529787064
1789031905141022200,41.377022216796874,0.015357771888375282,-0.21924147009849548,0.2173161804676056
1789031905151025400,41.387025390625,0.03333058953285217,-0.21328537166118622,0.19873134791851044
1789031905161029400,41.397029296875,0.08693575859069824,-0.20514142513275146,-0.024084415286779404
1789031905171032300,41.4070322265625,0.12820301949977875,-0.20409290492534637,-0.23848776519298553
1789031905181035300,41.41703515625,0.1389768272638321,-0.19090573489665985,-0.3053847849369049
1789031905191038500,41.42703857421875,0.1544109582901001,-0.174011692404747,-0.2657812237739563
1789031905201041200,41.43704125976563,0.1677696406841278,-0.2291841357946396,-0.2639092803001404
1789031905211044400,41.44704443359375,0.1515270471572876,-0.3448142409324646,-0.3111492395401001
1789031905221047300,41.45704736328125,0.13510599732398987,-0.4387231469154358,-0.33281219005584717
1789031905231050200,41.46705029296875,0.13571025431156158,-0.4774455726146698,-0.26769202947616577
1789031905241054200,41.47705419921875,0.13621759414672852,-0.44116106629371643,-0.06445422768592834
1789031905251057400,41.48705737304687,0.1563425064086914,-0.33234134316444397,0.16427673399448395
1789031905261060400,41.497060302734376,0.20328710973262787,-0.14813315868377686,0.20825856924057007
1789031905271063300,41.50706323242188,0.28548455238342285,-0.011551528237760067,0.1264805942773819
1789031905281066500,41.51706640625,0.3312126398086548,-0.03276466950774193,0.11981043219566345
1789031905291069200,41.527069091796875,0.31121647357940674,-0.1602483093738556,0.25561651587486267
1789031905301072400,41.537072265625,0.24411121010780334,-0.23579685389995575,0.4551032483577728
1789031905311075300,41.547075439453124,0.18753138184547424,-0.2171677201986313,0.6201890707015991
1789031905321079300,41.55707934570312,0.13801150023937225,-0.10025840997695923,0.7319848537445068
1789031905331082200,41.567082275390625,0.08119876682758331,0.01402356382459402,0.7855881452560425
1789031905341085400,41.57708544921875,0.013974988833069801,0.03617680445313454,0.8030459880828857
1789031905351088400,41.58708837890625,-0.03413146734237671,-0.029065635055303574,0.7863790988922119
1789031905361091300,41.59709130859375,-0.037226058542728424,-0.09558873623609543,0.7520240545272827
1789031905371094300,41.60709423828125,-0.030814841389656067,-0.1299249678850174,0.7341247200965881
1789031905381097200,41.61709716796875,-0.06211763620376587,-0.1829671412706375,0.7710931301116943
1789031905391100400,41.627100341796876,-0.1297917366027832,-0.2966865599155426,0.8553465008735657
1789031905401103400,41.63710327148438,-0.17784900963306427,-0.38550832867622375,0.9511047005653381
1789031905411107300,41.647107421875,-0.21251189708709717,-0.385402113199234,0.9874190092086792
1789031905421110300,41.6571103515625,-0.25081029534339905,-0.3256996273994446,0.9333859086036682
1789031905431113200,41.66711328125,-0.30187803506851196,-0.27076226472854614,0.8370699882507324
1789031905441116400,41.67711645507813,-0.3730483651161194,-0.3342325687408447,0.7320884466171265
1789031905451119400,41.68711938476562,-0.4500237703323364,-0.532173752784729,0.6555944681167603
1789031905461122300,41.697122314453125,-0.48772454261779785,-0.7603459358215332,0.6115673780441284
1789031905471125200,41.70712524414063,-0.4754575490951538,-0.9031156897544861,0.573117196559906
1789031905481128200,41.71712817382812,-0.4445214867591858,-0.949441134929657,0.5258508920669556
1789031905491132200,41.72713208007813,-0.43004748225212097,-0.9323070049285889,0.46736258268356323
1789031905501135400,41.73713525390625,-0.4541222155094147,-0.9302926063537598,0.41559338569641113
1789031905511138600,41.747138671875,-0.4691627025604248,-0.9477171301841736,0.39644259214401245
1789031905521141800,41.757141845703124,-0.46169811487197876,-0.9807456135749817,0.4044872224330902
1789031905531144700,41.767144775390626,-0.44488343596458435,-1.0628752708435059,0.41776734590530396
1789031905541147600,41.77714770507812,-0.4224305748939514,-1.1822121143341064,0.40260595083236694
1789031905551150800,41.78715087890625,-0.4077756702899933,-1.299260139465332,0.3402458429336548
1789031905561153500,41.797153564453126,-0.40003201365470886,-1.3725109100341797,0.24973513185977936
1789031905571157800,41.80715771484375,-0.39723536372184753,-1.4055432081222534,0.16509291529655457
1789031905581160700,41.81716064453125,-0.36188164353370667,-1.4457920789718628,0.12249459326267242
1789031905591163600,41.82716357421875,-0.3021017611026764,-1.4660662412643433,0.14074182510375977
1789031905601166800,41.837166748046876,-0.2416735738515854,-1.419326663017273,0.16991542279720306
1789031905611169500,41.84716943359375,-0.203749880194664,-1.2882708311080933,0.1446920931339264
1789031905621172700,41.8571728515625,-0.19179601967334747,-1.0875669717788696,0.03280976414680481
1789031905631175700,41.86717578125,-0.21352197229862213,-0.8828248977661133,-0.07559213787317276
1789031905641178600,41.8771787109375,-0.287847101688385,-0.7736009359359741,-0.09332133829593658
1789031905651182600,41.8871826171875,-0.32551610469818115,-0.7015634775161743,-0.06175599619746208
1789031905661185800,41.89718579101562,-0.3078750669956207,-0.5687398910522461,-0.04591657593846321
1789031905671188500,41.9071884765625,-0.29947155714035034,-0.40349140763282776,-0.050413262099027634
1789031905681191700,41.91719165039063,-0.30012163519859314,-0.2598085403442383,-0.059394240379333496
1789031905691195000,41.92719482421875,-0.2911957800388336,-0.13980574905872345,-0.045451514422893524
1789031905701197600,41.937197509765625,-0.2602282762527466,0.003819066332653165,-0.017477668821811676
1789031905711200800,41.94720068359375,-0.20355719327926636,0.1861700713634491,-0.0007563619874417782
1789031905721203700,41.95720361328125,-0.15362000465393066,0.37614238262176514,-0.02034524269402027
1789031905731207700,41.96720776367187,-0.13210026919841766,0.5676533579826355,-0.061978742480278015
1789031905741210600,41.977210693359375,-0.14162692427635193,0.7613112330436707,-0.13622847199440002
1789031905751213800,41.9872138671875,-0.17939789593219757,0.9458901286125183,-0.20847532153129578
1789031905761216800,41.997216796875,-0.18606458604335785,1.044560194015503,-0.22801120579242706
1789031905771219700,42.0072197265625,-0.13128714263439178,1.014548897743225,-0.19432510435581207
1789031905781222700,42.01722265625,-0.06307800114154816,0.9294795393943787,-0.14867505431175232
1789031905791225600,42.0272255859375,-0.03197544068098068,0.8748677372932434,-0.14342865347862244
1789031905801228800,42.037228759765625,-0.04993526637554169,0.8207427263259888,-0.17132261395454407
1789031905811232800,42.047232666015624,-0.0814143493771553,0.6951992511749268,-0.17734003067016602
1789031905821235700,42.057235595703126,-0.09947777539491653,0.5460960865020752,-0.1431509107351303
1789031905831238700,42.06723876953125,-0.07653436064720154,0.5311827063560486,-0.12727287411689758
1789031905841241600,42.07724169921875,-0.017912857234477997,0.6838247179985046,-0.14070159196853638
1789031905851244800,42.08724487304688,0.046169448643922806,0.9231796264648438,-0.18292202055454254
1789031905861247700,42.09724780273437,0.112704798579216,1.0806560516357422,-0.2240084707736969
1789031905871250700,42.107250732421875,0.13829734921455383,1.0310338735580444,-0.2034119963645935
1789031905881253600,42.11725366210938,0.1394025683403015,0.8211061954498291,-0.1438400149345398
1789031905891256800,42.1272568359375,0.12379922717809677,0.5824378728866577,-0.09679510444402695
1789031905901260500,42.13726049804688,0.12299629300832748,0.4390343427658081,-0.11852729320526123
1789031905911263700,42.147263671875,0.13952556252479553,0.39250728487968445,-0.183677077293396
1789031905921266700,42.1572666015625,0.16817131638526917,0.37056657671928406,-0.24884966015815735
1789031905931269600,42.16726953125,0.20277874171733856,0.3516458570957184,-0.2862587571144104
1789031905941272800,42.17727294921875,0.23846137523651123,0.35131269693374634,-0.3126924932003021
1789031905951275500,42.187275634765626,0.2751008868217468,0.37998858094215393,-0.32661953568458557
1789031905961278700,42.19727880859375,0.3026600778102875,0.3871780335903168,-0.2986336946487427
1789031905971281700,42.20728173828125,0.31847551465034485,0.356675386428833,-0.2546134889125824
1789031905981286000,42.217285888671874,0.30874669551849365,0.3539038300514221,-0.275713175535202
1789031905991288600,42.22728857421875,0.31724244356155396,0.3885493278503418,-0.38838139176368713
1789031906001291800,42.23729174804687,0.31855300068855286,0.3763733506202698,-0.5169963836669922
1789031906011294700,42.247294677734374,0.3276352286338806,0.23263698816299438,-0.5831876993179321
1789031906021297700,42.257297607421876,0.3299407362937927,0.041895270347595215,-0.5774967670440674
1789031906031300900,42.26730078125,0.3468528687953949,-0.012395546771585941,-0.5934778451919556
1789031906041303600,42.27730346679687,0.3435201942920685,0.1108960285782814,-0.6725196838378906
1789031906051306800,42.287306640625,0.34675347805023193,0.28547555208206177,-0.7757110595703125
1789031906061310700,42.297310791015626,0.3547096848487854,0.3112989068031311,-0.8162802457809448
1789031906071313700,42.30731372070313,0.3464279770851135,0.18895739316940308,-0.7681412100791931
1789031906081316600,42.31731665039062,0.3122577667236328,0.06660591065883636,-0.717415988445282
1789031906091319800,42.32731982421875,0.25650638341903687,0.08328203111886978,-0.7304497957229614
1789031906101322800,42.33732275390625,0.2636550962924957,0.208016499876976,-0.8211972713470459
1789031906111325700,42.34732568359375,0.3273271322250366,0.24279364943504333,-0.9160825610160828
1789031906121328600,42.35732861328125,0.3121436536312103,0.09131597727537155,-0.9030151963233948
1789031906131331600,42.36733154296875,0.22574931383132935,-0.13747084140777588,-0.7578513622283936
1789031906141335800,42.37733569335938,0.1501845121383667,-0.18383567035198212,-0.5837693214416504
1789031906151338500,42.38733837890625,0.12198807299137115,0.11878038942813873,-0.5194907188415527
1789031906161341700,42.397341796875,0.15582139790058136,0.5574669241905212,-0.5805546045303345
1789031906171344600,42.4073447265625,0.24366888403892517,0.7600116729736328,-0.6706650257110596
1789031906181347600,42.41734765625,0.2881242334842682,0.5784016847610474,-0.6404098868370056
1789031906191350800,42.427350830078126,0.30045902729034424,0.36651238799095154,-0.5659735202789307
1789031906201353700,42.43735375976563,0.2843905985355377,0.31946098804473877,-0.49516409635543823
1789031906211356700,42.44735668945312,0.2814522683620453,0.3292807936668396,-0.401231974363327
1789031906221360600,42.45736059570312,0.23679609596729279,0.24538086354732513,-0.2343476414680481
1789031906231363800,42.46736376953125,0.16034235060214996,0.17334014177322388,-0.0938107818365097
1789031906241366500,42.477366455078126,0.1261524260044098,0.140958771109581,-0.03635707125067711
1789031906251369700,42.48736962890625,0.12246795743703842,0.11450216919183731,-0.0034699742682278156
1789031906261373000,42.497373046875,0.1548844873905182,0.12406238913536072,0.006288380362093449
1789031906271375600,42.50737573242188,0.17146795988082886,0.10702750831842422,-0.03521696850657463
1789031906281378800,42.51737890625,0.1902187466621399,0.003481941996142268,-0.08338449895381927
1789031906291381500,42.527381591796875,0.19566921889781952,-0.10328763723373413,-0.08126864582300186
1789031906301385700,42.5373857421875,0.16445429623126984,-0.12214574217796326,-0.047165803611278534
1789031906311388700,42.547388671875,0.1516692340373993,-0.11320427060127258,-0.09258092939853668
1789031906321391600,42.5573916015625,0.1793716996908188,-0.1400047242641449,-0.17996403574943542
1789031906331394600,42.56739453125,0.18851299583911896,-0.18368573486804962,-0.18433348834514618
1789031906341397800,42.57739770507813,0.17595484852790833,-0.26985791325569153,-0.11254957318305969
1789031906351400700,42.58740063476562,0.15142661333084106,-0.35686638951301575,-0.04128045216202736
1789031906361403600,42.597403564453124,0.14441370964050293,-0.3624055087566376,-0.006252962164580822
1789031906371406800,42.60740673828125,0.17888079583644867,-0.2979225814342499,-0.018142586573958397
1789031906381410600,42.61741064453125,0.21341507136821747,-0.2742505371570587,-0.011193066835403442
1789031906391413800,42.62741381835937,0.2406788021326065,-0.3166939616203308,0.05284493416547775
1789031906401416700,42.637416748046874,0.25448542833328247,-0.3773660957813263,0.11349096894264221
1789031906411419600,42.647419677734376,0.24977350234985352,-0.3914039731025696,0.1302313357591629
1789031906421422600,42.65742260742188,0.23899567127227783,-0.3307185173034668,0.10926853120326996
1789031906431425800,42.66742578125,0.22020882368087769,-0.2199510782957077,0.0992647036910057
1789031906441428700,42.6774287109375,0.2075159251689911,-0.13995078206062317,0.1825513392686844
1789031906451431700,42.687431640625,0.22405411303043365,-0.05604270100593567,0.3054400086402893
1789031906461434600,42.6974345703125,0.2671475112438202,0.05015217885375023,0.3920961022377014
1789031906471438600,42.7074384765625,0.2931184768676758,0.11634860187768936,0.43248897790908813
1789031906481441800,42.71744189453125,0.29761308431625366,0.13205912709236145,0.4453720450401306
1789031906491444500,42.72744458007813,0.2789904773235321,0.1343858689069748,0.47062355279922485
1789031906501447700,42.73744775390625,0.23487040400505066,0.18241889774799347,0.5348896384239197
1789031906511451000,42.74745092773438,0.1710481196641922,0.27606603503227234,0.6552259922027588
1789031906521453000,42.757453125,0.09355174750089645,0.3326403498649597,0.841912567615509
1789031906531456000,42.7674560546875,0.06644837558269501,0.35960569977760315,0.982794463634491
1789031906541459200,42.777459228515625,0.08113650977611542,0.342502623796463,1.0080236196517944
1789031906551463200,42.78746313476562,0.08206083625555038,0.27967408299446106,0.9278593063354492
1789031906561465900,42.7974658203125,0.01855989173054695,0.19504892826080322,0.8161977529525757
1789031906571469000,42.80746899414063,-0.054954223334789276,0.10446171462535858,0.716493546962738
1789031906581472000,42.81747192382812,-0.14141695201396942,0.006658188067376614,0.6553827524185181
1789031906591475000,42.827474853515625,-0.22242073714733124,-0.09984992444515228,0.6212743520736694
1789031906601478100,42.83747802734375,-0.27103036642074585,-0.229897141456604,0.5880545973777771
1789031906611480800,42.84748071289062,-0.29745927453041077,-0.3829375207424164,0.5517863035202026
1789031906621484000,42.857484130859376,-0.30697765946388245,-0.5211041569709778,0.5224774479866028
1789031906631488000,42.867488037109375,-0.3132854104042053,-0.6297032833099365,0.4985790252685547
1789031906641491000,42.87749096679688,-0.3387124538421631,-0.7214787006378174,0.48775196075439453
1789031906651494100,42.887494140625,-0.37809717655181885,-0.7844556570053101,0.4961334764957428
1789031906661497000,42.8974970703125,-0.39718857407569885,-0.7999941110610962,0.5033453106880188
1789031906671500000,42.9075,-0.3752870261669159,-0.7959029674530029,0.4914335310459137
1789031906681503000,42.9175029296875,-0.34189337491989136,-0.7737339735031128,0.4430966377258301
1789031906691506200,42.927506103515626,-0.3053726255893707,-0.7505043148994446,0.37523844838142395
1789031906701509000,42.93750903320313,-0.2879891097545624,-0.7455758452415466,0.29455479979515076
1789031906711513000,42.94751318359375,-0.2877891957759857,-0.7461837530136108,0.2379342019557953
1789031906721516000,42.95751611328125,-0.2626742422580719,-0.8060870170593262,0.2235075980424881
1789031906731519000,42.96751904296875,-0.20498289167881012,-0.9197120070457458,0.2494400441646576
1789031906741522200,42.97752221679688,-0.14977742731571198,-1.0200124979019165,0.2540944516658783
1789031906751524900,42.98752490234375,-0.14685942232608795,-0.9699203372001648,0.17101822793483734
1789031906761528000,42.997528076171875,-0.21486829221248627,-0.8262004256248474,0.030542345717549324
1789031906771531000,43.00753100585938,-0.28576600551605225,-0.7846547365188599,-0.05747666209936142
1789031906781534000,43.01753393554687,-0.34720301628112793,-0.8283777236938477,-0.04664478823542595
1789031906791538000,43.02753784179688,-0.3931567668914795,-0.7933534979820251,0.017507478594779968
1789031906801541000,43.037541015625,-0.40188607573509216,-0.7089182138442993,0.06144164502620697
1789031906811544000,43.0475439453125,-0.38645169138908386,-0.6135947704315186,0.06712346524000168
1789031906821547000,43.05754711914062,-0.3797389268875122,-0.5324186682701111,0.03396471589803696
1789031906831550200,43.06755029296875,-0.3846948742866516,-0.405387282371521,0.010292447172105312
1789031906841553000,43.07755297851563,-0.4298839271068573,-0.27261751890182495,0.04612954333424568
1789031906851556000,43.08755615234375,-0.43756598234176636,-0.09632086008787155,0.12215811759233475
1789031906861559000,43.09755908203125,-0.38089072704315186,0.06465763598680496,0.1755230724811554
1789031906871563000,43.10756298828125,-0.2972281277179718,0.21076296269893646,0.14410164952278137
1789031906881566000,43.11756591796875,-0.2241840362548828,0.3446459174156189,0.04170151427388191
1789031906891569200,43.12756909179687,-0.19314464926719666,0.4433915615081787,-0.06796290725469589
1789031906901572000,43.137572021484374,-0.17967678606510162,0.5222022533416748,-0.1555100530385971
1789031906911575000,43.147574951171876,-0.14613376557826996,0.5138155221939087,-0.17635594308376312
1789031906921578000,43.15757788085938,-0.09026037901639938,0.4239650070667267,-0.13202762603759766
1789031906931581000,43.16758081054687,-0.05183323472738266,0.33820509910583496,-0.05071847140789032
1789031906941584100,43.17758422851563,-0.03360283374786377,0.36130136251449585,0.004131995141506195
1789031906951587000,43.18758715820312,-0.01837998628616333,0.5212008357048035,0.005718738306313753
1789031906961591000,43.19759106445313,-0.0009954037377610803,0.6759834885597229,-0.021006349474191666
1789031906971594000,43.20759399414062,0.02474367618560791,0.7009745836257935,-0.030474616214632988
1789031906981597000,43.217596923828125,0.04876405745744705,0.611563503742218,-0.027936624363064766
1789031906991600000,43.22760009765625,0.05532481148838997,0.5109488368034363,-0.04032568633556366
1789031907001603000,43.23760302734375,0.049287959933280945,0.4616352915763855,-0.07673615962266922
1789031907011606000,43.24760595703125,0.06611909717321396,0.41104286909103394,-0.11065734922885895
1789031907021609000,43.25760888671875,0.08932854980230331,0.30866456031799316,-0.11230265349149704
1789031907031612000,43.26761181640625,0.11250340938568115,0.2181568741798401,-0.11424598097801208
1789031907041616000,43.27761596679687,0.13983836770057678,0.18731799721717834,-0.13564527034759521
1789031907051619000,43.287619140625,0.15597738325595856,0.21484915912151337,-0.1751175969839096
1789031907061622000,43.2976220703125,0.1651517152786255,0.284156858921051,-0.244817852973938
1789031907071625000,43.307625,0.18888849020004272,0.334624707698822,-0.3132038712501526
1789031907081628200,43.317628173828126,0.21069711446762085,0.3081342279911041,-0.35509246587753296
1789031907091630800,43.327630859375,0.2269221395254135,0.19350585341453552,-0.36268162727355957
1789031907101634000,43.33763403320312,0.2468242049217224,0.07901709526777267,-0.3524303436279297
1789031907111637000,43.347636962890626,0.25874873995780945,0.051901236176490784,-0.36626487970352173
1789031907121641000,43.357640869140624,0.2947213649749756,0.09200897067785263,-0.4262179732322693
1789031907131644000,43.36764379882813,0.34238195419311523,0.13814061880111694,-0.5007540583610535
1789031907141647000,43.37764721679687,0.3773612380027771,0.11363714188337326,-0.5618482828140259
1789031907151650000,43.387650146484376,0.40160927176475525,0.015425792895257473,-0.5846683382987976
1789031907161653000,43.39765307617188,0.4045049250125885,-0.10637254267930984,-0.5907163619995117
1789031907171656200,43.40765625,0.3922455906867981,-0.18682557344436646,-0.6098074913024902
1789031907181659000,43.417658935546875,0.36738523840904236,-0.1609729379415512,-0.6497418880462646
1789031907191662000,43.427662109375,0.35358926653862,-0.09409476816654205,-0.661672830581665
1789031907201666000,43.437666015625,0.3152056634426117,-0.11046628654003143,-0.6132400631904602
1789031907211669000,43.4476689453125,0.23153014481067657,-0.15227682888507843,-0.540107011795044
1789031907221672000,43.457671875,0.15076445043087006,-0.12353599071502686,-0.496370404958725
1789031907231675100,43.46767504882813,0.07268884032964706,-0.04155125841498375,-0.48440778255462646
1789031907241678000,43.47767797851562,0.0428241491317749,0.011656034737825394,-0.48924967646598816
1789031907251681000,43.487680908203124,0.04227747395634651,0.004964747000485659,-0.5250349044799805
1789031907261684000,43.49768408203125,0.05327419564127922,0.017809972167015076,-0.5917654633522034
1789031907271687000,43.50768701171875,0.09767521917819977,0.01710788905620575,-0.6330529451370239
1789031907281691100,43.51769116210937,0.11006717383861542,-0.01567775569856167,-0.6167855858802795
1789031907291693800,43.52769384765625,0.08719948679208755,0.036771245300769806,-0.5884205102920532
1789031907301697000,43.53769702148438,0.07014140486717224,0.12758077681064606,-0.5535957217216492
1789031907311700200,43.5477001953125,0.06201249361038208,0.21539637446403503,-0.49717098474502563
1789031907321703000,43.557702880859374,0.06643679738044739,0.30525675415992737,-0.43436697125434875
1789031907331706000,43.5677060546875,0.08824227750301361,0.35286474227905273,-0.35087183117866516
1789031907341709000,43.577708984375,0.10903596878051758,0.3681792616844177,-0.2690533697605133
1789031907351712000,43.5877119140625,0.14834554493427277,0.3457299768924713,-0.2541114389896393
1789031907361716000,43.597716064453124,0.17478594183921814,0.27599483728408813,-0.32320237159729004
1789031907371719200,43.60771923828125,0.14216625690460205,0.1580498367547989,-0.33144354820251465
1789031907381721900,43.61772192382813,0.07277359813451767,0.08554740250110626,-0.1899663358926773
1789031907391725000,43.62772509765625,0.02409254014492035,0.14072027802467346,-0.03265654668211937
1789031907401728000,43.63772802734375,0.01843065768480301,0.19951887428760529,0.01036122813820839
1789031907411731000,43.64773095703125,0.04946448281407356,0.1675366312265396,-0.0752415657043457
1789031907421734100,43.657734130859374,0.0936998501420021,0.002551677171140909,-0.16804233193397522
1789031907431736800,43.66773681640625,0.0976472795009613,-0.17129135131835938,-0.13930530846118927
1789031907441741000,43.677740966796875,0.07827571034431458,-0.19650456309318542,-0.0005255755968391895
1789031907451744000,43.68774389648438,0.0779665857553482,-0.158910870552063,0.08181718736886978
1789031907461747000,43.69774682617187,0.09988334029912949,-0.16656266152858734,0.020456895232200623
1789031907471750100,43.70775024414063,0.13088133931159973,-0.2514440417289734,-0.04760436713695526
1789031907481753000,43.71775317382812,0.14319926500320435,-0.3132381737232208,-0.044255707412958145
1789031907491756000,43.727756103515624,0.12510469555854797,-0.3461903929710388,-0.015930334106087685
1789031907501759000,43.737759033203126,0.10605456680059433,-0.33825284242630005,-0.03984924778342247
1789031907511762200,43.74776220703125,0.1279129981994629,-0.2819056808948517,-0.10711111128330231
1789031907521766400,43.75776635742187,0.16542868316173553,-0.23426438868045807,-0.189140185713768
1789031907531769600,43.76776953125,0.19973546266555786,-0.2518024444580078,-0.2122582644224167
1789031907541772300,43.777772216796876,0.2371526062488556,-0.28438249230384827,-0.15479017794132233
1789031907551775500,43.787775390625,0.2570836842060089,-0.31677794456481934,-0.007000432815402746
1789031907561778400,43.7977783203125,0.2717185616493225,-0.3031795918941498,0.17709243297576904
1789031907571781400,43.80778149414063,0.27758681774139404,-0.22627048194408417,0.33927685022354126
1789031907581784600,43.81778466796875,0.26754188537597656,-0.1222708523273468,0.45691266655921936
1789031907591787300,43.827787353515625,0.24013279378414154,-0.051888179033994675,0.5278418660163879
1789031907601791500,43.83779150390625,0.2209811955690384,0.04033096134662628,0.5010464787483215
1789031907611794400,43.84779443359375,0.2394123524427414,0.14979059994220734,0.4388744533061981
1789031907621797400,43.85779736328125,0.2692437767982483,0.18160898983478546,0.4459262490272522
1789031907631800300,43.86780029296875,0.29755768179893494,0.1803411990404129,0.5402988195419312
1789031907641803500,43.87780346679688,0.3004764914512634,0.23301346600055695,0.6751106977462769
1789031907651806500,43.88780639648437,0.2740904986858368,0.34564992785453796,0.806239128112793
1789031907661809400,43.897809326171874,0.222842738032341,0.45846301317214966,0.8942320942878723
1789031907671812400,43.907812255859376,0.16087159514427185,0.4704156816005707,0.9208255410194397
1789031907681816300,43.91781640625,0.0889715701341629,0.43293488025665283,0.8729099631309509
1789031907691819500,43.92781958007812,0.029579225927591324,0.4190642833709717,0.7568106651306152
1789031907701822500,43.937822509765624,-0.04739758372306824,0.3505669832229614,0.6407418251037598
1789031907711825400,43.947825439453126,-0.09565086662769318,0.14645841717720032,0.5673858523368835
1789031907721828400,43.95782836914063,-0.12958726286888123,-0.15485642850399017,0.5258663892745972
1789031907731831300,43.96783129882812,-0.16893284022808075,-0.3631442189216614,0.4835338294506073
1789031907741834500,43.97783447265625,-0.19877275824546814,-0.4101135730743408,0.4412505626678467
1789031907751837400,43.98783740234375,-0.22185355424880981,-0.3745304048061371,0.42399752140045166
1789031907761841400,43.99784130859375,-0.24877971410751343,-0.37121182680130005,0.4472599923610687
1789031907771844400,44.00784423828125,-0.2646723985671997,-0.4193815290927887,0.4847801923751831
1789031907781847600,44.01784765625,-0.2710253894329071,-0.48233893513679504,0.5056673884391785
1789031907791850200,44.02785034179688,-0.2891542613506317,-0.47190168499946594,0.47443750500679016
1789031907801853400,44.037853515625,-0.3181222677230835,-0.3809419274330139,0.3861798048019409
1789031907811856400,44.0478564453125,-0.33519446849823,-0.28770312666893005,0.293560653924942
1789031907821859300,44.057859375,-0.3129815459251404,-0.2806204557418823,0.23953339457511902
1789031907831862500,44.067862548828124,-0.2699406147003174,-0.32783710956573486,0.22843199968338013
1789031907841866500,44.07786645507812,-0.24630425870418549,-0.3397715389728546,0.2161116749048233
1789031907851869400,44.087869384765625,-0.25342345237731934,-0.3413499891757965,0.16939987242221832
1789031907861872400,44.09787231445313,-0.2503347396850586,-0.40546107292175293,0.11115200817584991
1789031907871875300,44.10787524414062,-0.22521625459194183,-0.5479491353034973,0.07013154774904251
1789031907881878300,44.117878173828124,-0.20705509185791016,-0.6815740466117859,0.04865049570798874
1789031907891881500,44.12788159179688,-0.2098091095685959,-0.7440950274467468,0.027724461629986763
1789031907901884400,44.137884521484374,-0.22199173271656036,-0.7260036468505859,0.0011703490745276213
1789031907911887400,44.147887451171876,-0.2231730967760086,-0.7115774154663086,-0.033111464232206345
1789031907921891300,44.157891357421875,-0.23106937110424042,-0.6969082355499268,-0.08001319319009781
1789031907931894300,44.16789428710938,-0.2717451751232147,-0.6423205733299255,-0.10383915901184082
1789031907941897500,44.1778974609375,-0.32868754863739014,-0.5392319560050964,-0.08466146886348724
1789031907951900400,44.187900390625,-0.3578380346298218,-0.4565742611885071,-0.02721651829779148
1789031907961903400,44.1979033203125,-0.34089767932891846,-0.4185025095939636,0.04848622903227806
1789031907971906300,44.20790625,-0.3091903626918793,-0.4364562928676605,0.10862042754888535
1789031907981909500,44.217909423828125,-0.2921016812324524,-0.3741404414176941,0.13921776413917542
1789031907991912400,44.22791235351563,-0.2977476716041565,-0.2571415603160858,0.11898506432771683
1789031908001916400,44.23791650390625,-0.30365189909935,-0.08392556756734848,0.05679812282323837
1789031908011919600,44.24791967773437,-0.31496661901474,0.09077303111553192,-0.0016374732367694378
1789031908021922300,44.25792236328125,-0.3223811388015747,0.19938313961029053,-0.0033096722327172756
1789031908031925500,44.26792553710938,-0.26985153555870056,0.24696014821529388,0.05994374677538872
1789031908041928200,44.27792822265625,-0.15791915357112885,0.24206924438476562,0.09816437214612961
1789031908051931400,44.287931396484375,-0.06561699509620667,0.2721666097640991,0.06942687183618546
1789031908061934600,44.2979345703125,-0.07280673086643219,0.36950621008872986,0.01582249626517296
1789031908071937300,44.30793725585937,-0.13498012721538544,0.5048338770866394,-0.008511314168572426
1789031908081941200,44.31794116210938,-0.1828072965145111,0.6119651198387146,0.00909324549138546
1789031908091944400,44.3279443359375,-0.1941545307636261,0.6551253199577332,0.05544237792491913
1789031908101947400,44.33794750976563,-0.16525736451148987,0.6812000274658203,0.09641990810632706
1789031908111950300,44.34795043945312,-0.12262123078107834,0.7527983784675598,0.0726458877325058
1789031908121953500,44.35795361328125,-0.10190636664628983,0.8743876814842224,-0.016816886141896248
1789031908131956200,44.367956298828126,-0.13185571134090424,0.8910037875175476,-0.09233564138412476
1789031908141959400,44.37795947265625,-0.17792387306690216,0.6784033179283142,-0.04774526506662369
1789031908151962600,44.387962646484375,-0.18127600848674774,0.363878458738327,0.06683752685785294
1789031908161966300,44.39796630859375,-0.10517299175262451,0.20758207142353058,0.0966888964176178
1789031908171969500,44.407969482421876,-0.012273445725440979,0.26239222288131714,0.00558856874704361
1789031908181972500,44.41797241210938,0.03411562368273735,0.3461843430995941,-0.10911670327186584
1789031908191975400,44.42797534179687,0.06899592280387878,0.31329864263534546,-0.1674594283103943
1789031908201978400,44.437978271484376,0.11609925329685211,0.19136875867843628,-0.16600853204727173
1789031908211981300,44.44798120117188,0.1611863672733307,0.13826876878738403,-0.17623458802700043
1789031908221984500,44.457984619140625,0.19875505566596985,0.19066458940505981,-0.203894704580307
1789031908231987500,44.46798754882813,0.2409580945968628,0.23239730298519135,-0.21000875532627106
1789031908241991400,44.477991455078126,0.2938292622566223,0.19192923605442047,-0.18218298256397247
1789031908251994400,44.48799438476563,0.3221624791622162,0.17396029829978943,-0.2043815553188324
1789031908261997600,44.49799755859375,0.3287346065044403,0.25407272577285767,-0.31161823868751526
1789031908272000300,44.508000244140625,0.33554452657699585,0.3411176800727844,-0.4472855031490326
1789031908282003500,44.51800341796875,0.3384292721748352,0.3155108690261841,-0.5076881051063538
1789031908292006400,44.52800634765625,0.35128989815711975,0.1550326943397522,-0.46982911229133606
1789031908302009300,44.53800927734375,0.3378787636756897,-0.0493079274892807,-0.37927818298339844
1789031908312012500,44.54801245117188,0.31583577394485474,-0.13201859593391418,-0.3498814105987549
1789031908322016500,44.5580166015625,0.3182901442050934,-0.04137551039457321,-0.4197891354560852
1789031908332019500,44.56801953125,0.3702335059642792,0.07940036803483963,-0.5185924172401428
1789031908342022400,44.5780224609375,0.3790179491043091,0.0642847940325737,-0.534421443939209
1789031908352025600,44.58802563476563,0.3893248736858368,-0.07523069530725479,-0.5064286589622498
1789031908362028300,44.5980283203125,0.356879323720932,-0.15249165892601013,-0.5144615173339844
1789031908372031500,44.608031494140626,0.31525081396102905,-0.07004702091217041,-0.6075363159179688
1789031908382034200,44.6180341796875,0.3139837086200714,0.13434472680091858,-0.7634079456329346
1789031908392037400,44.62803735351562,0.40328437089920044,0.2939654290676117,-0.8912703394889832
1789031908402041300,44.63804125976562,0.5110257863998413,0.3159807026386261,-0.9548951387405396
1789031908412044300,44.648044189453124,0.5501276850700378,0.2460801899433136,-0.9293488264083862
1789031908422047500,44.65804760742188,0.5513753890991211,0.18770848214626312,-0.8705547451972961
1789031908432050400,44.66805053710937,0.5130690336227417,0.2650897800922394,-0.8109641075134277
1789031908442053400,44.678053466796875,0.4666288197040558,0.5080068111419678,-0.7930325269699097
1789031908452056300,44.68805639648438,0.447284072637558,0.7560322284698486,-0.794827401638031
1789031908462059500,44.6980595703125,0.43649134039878845,0.8485464453697205,-0.7890467643737793
1789031908472062500,44.7080625,0.4077827036380768,0.7554324865341187,-0.7182487845420837
1789031908482065400,44.7180654296875,0.3576817214488983,0.5834183692932129,-0.5594721436500549
1789031908492069400,44.7280693359375,0.2922545075416565,0.4996986389160156,-0.36512237787246704
1789031908502072300,44.738072265625,0.22247116267681122,0.5060409903526306,-0.17337985336780548
1789031908512075500,44.748075439453125,0.1597399264574051,0.5088918209075928,-0.01496496144682169
1789031908522078000,44.758077880859375,0.09831172972917557,0.4735807180404663,0.06316712498664856
1789031908532081200,44.7680810546875,0.06113879382610321,0.40568262338638306,0.053456176072359085
1789031908542084000,44.778083984375,0.06234787404537201,0.32590338587760925,-0.027828559279441833
1789031908552087000,44.788087158203126,0.06867044419050217,0.2535097897052765,-0.09401128441095352
1789031908562091000,44.798091064453125,0.10836006700992584,0.19311437010765076,-0.060580626130104065
1789031908572094000,44.80809399414063,0.13133558630943298,0.15156613290309906,0.02007540874183178
1789031908582097200,44.81809716796875,0.14781735837459564,0.13964369893074036,0.04149095341563225
1789031908592100000,44.82810009765625,0.13805624842643738,0.11634645611047745,-0.020165342837572098
1789031908602103000,44.83810302734375,0.10971036553382874,0.0730956494808197,-0.01950647681951523
1789031908612106000,44.84810595703125,0.10912064462900162,0.015004852786660194,0.06147552281618118
1789031908622109200,44.858109130859376,0.12094561010599136,-0.014859302900731564,0.07821296155452728
1789031908632112000,44.86811206054688,0.1328403651714325,-0.021038636565208435,-0.049585748463869095
1789031908642116000,44.8781162109375,0.12360718101263046,-0.03863467276096344,-0.18559683859348297
1789031908652119000,44.888119140625,0.0881648138165474,-0.08832353353500366,-0.19969433546066284
1789031908662122000,44.8981220703125,0.07925813645124435,-0.1187666654586792,-0.09734958410263062
1789031908672125200,44.90812524414063,0.11633948981761932,-0.09848946332931519,-0.0040926216170191765
1789031908682128000,44.9181279296875,0.16282735764980316,-0.056656528264284134,-0.012358807027339935
1789031908692131000,44.928131103515625,0.18137183785438538,-0.06673941761255264,-0.05507659167051315
1789031908702134000,44.93813403320313,0.18490852415561676,-0.1260826289653778,-0.041435349732637405
1789031908712137000,44.94813696289062,0.17548134922981262,-0.17109225690364838,0.09135748445987701
1789031908722140200,44.95814013671875,0.16277512907981873,-0.14216606318950653,0.30608174204826355
1789031908732144000,44.96814404296875,0.15918049216270447,-0.08019509166479111,0.49403324723243713
1789031908742147000,44.97814697265625,0.19189609587192535,0.031384702771902084,0.5767379403114319
1789031908752150000,44.98814990234375,0.19159023463726044,0.11348851770162582,0.5732775926589966
1789031908762153200,44.9981533203125,0.12357178330421448,0.1106136366724968,0.5765324831008911
1789031908772156000,45.00815600585938,0.010800986550748348,0.04508247971534729,0.6620694994926453
1789031908782159000,45.0181591796875,-0.04922852665185928,0.049133677035570145,0.7725033164024353
1789031908792162300,45.028162353515626,-0.026135152205824852,0.16580331325531006,0.8415809273719788
1789031908802166000,45.038166015625,0.02538316696882248,0.2989672124385834,0.8735785484313965
1789031908812169000,45.0481689453125,0.028656965121626854,0.3310506343841553,0.8934981822967529
1789031908822172200,45.05817211914062,-0.03524398431181908,0.26835447549819946,0.9127195477485657
1789031908832175000,45.068175048828124,-0.12034071236848831,0.16751660406589508,0.9268971085548401
1789031908842178000,45.078177978515626,-0.1928628534078598,0.10357704013586044,0.9015325903892517
1789031908852181000,45.08818090820313,-0.21092912554740906,0.076307512819767,0.8308104276657104
1789031908862184000,45.09818383789062,-0.21418936550617218,0.021277282387018204,0.7244866490364075
1789031908872187100,45.10818725585938,-0.22168995440006256,-0.05963953211903572,0.6024950742721558
1789031908882191000,45.118191162109376,-0.23661670088768005,-0.15449707210063934,0.49186599254608154
1789031908892194000,45.12819409179688,-0.25331395864486694,-0.2407316118478775,0.42390960454940796
1789031908902197200,45.138197265625,-0.26141077280044556,-0.3484567701816559,0.40479689836502075
1789031908912200000,45.148199951171875,-0.26158595085144043,-0.442410945892334,0.41191205382347107
1789031908922203100,45.158203125,-0.27569910883903503,-0.49480199813842773,0.41908979415893555
1789031908932206000,45.1682060546875,-0.30637645721435547,-0.4627988934516907,0.41809701919555664
1789031908942209000,45.178208984375,-0.34110593795776367,-0.39325177669525146,0.39195385575294495
1789031908952212000,45.1882119140625,-0.37289872765541077,-0.3605597913265228,0.3374738395214081
1789031908962216200,45.19821630859375,-0.3969569206237793,-0.42136773467063904,0.2962360978126526
1789031908972219000,45.20821899414062,-0.39600861072540283,-0.5811095833778381,0.27508556842803955
1789031908982222000,45.21822216796875,-0.3889770805835724,-0.7653361558914185,0.2605673670768738
1789031908992225300,45.22822534179687,-0.36492884159088135,-0.9158104658126831,0.2505186200141907
1789031909002228000,45.23822802734375,-0.34494075179100037,-0.9805393815040588,0.23181737959384918
1789031909012231200,45.248231201171876,-0.3107309639453888,-0.9715951085090637,0.20489872992038727
1789031909022233900,45.25823388671875,-0.288450688123703,-0.9449783563613892,0.17368248105049133
1789031909032237000,45.26823706054687,-0.29060518741607666,-0.8856356739997864,0.1472836285829544
1789031909042240300,45.278240234375,-0.29459431767463684,-0.8176736831665039,0.1153174415230751
1789031909052244200,45.288244140625,-0.280746728181839,-0.7512454986572266,0.05213396996259689
1789031909062247000,45.29824682617188,-0.24962209165096283,-0.6977969408035278,-0.022970104590058327
1789031909072250000,45.30825,-0.21439723670482635,-0.6861749887466431,-0.06941057741641998
1789031909082253000,45.318253173828126,-0.1901150643825531,-0.677374005317688,-0.06030257046222687
1789031909092256000,45.32825610351563,-0.1906767189502716,-0.6312450766563416,-0.028119342401623726
1789031909102259200,45.33825927734375,-0.22652366757392883,-0.5242581963539124,-0.012711357325315475
1789031909112262000,45.348261962890625,-0.28574302792549133,-0.4015469253063202,-0.0020254398696124554
1789031909122266000,45.35826611328125,-0.32803934812545776,-0.31598222255706787,0.019749896600842476
1789031909132269000,45.36826904296875,-0.3570500314235687,-0.24872571229934692,0.05124422907829285
1789031909142272000,45.37827197265625,-0.35433387756347656,-0.12775827944278717,0.08578302711248398
1789031909152275200,45.388275146484375,-0.30229660868644714,0.10485780984163284,0.07064816355705261
1789031909162278100,45.39827807617188,-0.24351051449775696,0.3782488703727722,-0.011880531907081604
1789031909172281000,45.40828100585937,-0.21717548370361328,0.6041446924209595,-0.1132078468799591
1789031909182284000,45.418283935546874,-0.19380784034729004,0.7265329360961914,-0.15357790887355804
1789031909192287000,45.42828686523438,-0.1578950136899948,0.7568432688713074,-0.1204591691493988
1789031909202290200,45.43829028320312,-0.1342613250017166,0.7727580666542053,-0.06809529662132263
1789031909212294100,45.44829418945312,-0.12351901084184647,0.8598374724388123,-0.05368301644921303
1789031909222296800,45.458296875,-0.12680481374263763,0.9669178128242493,-0.07994072139263153
1789031909232300000,45.46830004882813,-0.13993620872497559,0.9779990911483765,-0.10249750316143036
1789031909242303200,45.47830322265625,-0.15940017998218536,0.8738425970077515,-0.09172181785106659
1789031909252306000,45.488305908203124,-0.1552114188671112,0.7590247988700867,-0.062200337648391724
1789031909262309000,45.49830908203125,-0.12273523956537247,0.7018014788627625,-0.0401722677052021
1789031909272312000,45.50831201171875,-0.07487419247627258,0.6968575716018677,-0.026947567239403725
1789031909282315000,45.51831494140625,-0.035470861941576004,0.673667848110199,-0.0395970493555069
1789031909292319000,45.528319091796874,-0.020304426550865173,0.6451464295387268,-0.058967817574739456
1789031909302322200,45.538322265625,-0.029095521196722984,0.6229071617126465,-0.06890194118022919
1789031909312325000,45.5483251953125,-0.045219115912914276,0.5781577825546265,-0.04534946754574776
1789031909322328000,45.558328125,-0.04749132692813873,0.46640411019325256,0.03099430724978447
1789031909332331300,45.56833129882813,-0.020267948508262634,0.3421509861946106,0.09984047710895538
1789031909342334000,45.578333984375,0.019990257918834686,0.3567064702510834,0.08012189716100693
1789031909352337200,45.588337158203124,0.06358164548873901,0.4817337691783905,-0.0322624146938324
1789031909362340000,45.59834008789063,0.09526953846216202,0.5375581383705139,-0.14487524330615997
1789031909372344000,45.608343994140625,0.12029445916414261,0.4198882281780243,-0.196146160364151
1789031909382347000,45.61834692382813,0.13888812065124512,0.18032091856002808,-0.1924629956483841
1789031909392350000,45.62834985351562,0.1416836977005005,-0.009930536150932312,-0.20120780169963837
1789031909402353200,45.63835327148438,0.14845877885818481,-0.04114704579114914,-0.26925796270370483
1789031909412356000,45.64835620117187,0.17284461855888367,0.05496641993522644,-0.3885577619075775
1789031909422359000,45.658359130859374,0.2436777800321579,0.15310336649417877,-0.5032254457473755
1789031909432362000,45.668362060546876,0.2972413897514343,0.12337818741798401,-0.546523928642273
1789031909442365200,45.678365234375,0.32433876395225525,-0.027617983520030975,-0.5273331999778748
1789031909452369000,45.68836889648438,0.3050662577152252,-0.18311083316802979,-0.4936966598033905
1789031909462372000,45.6983720703125,0.28510239720344543,-0.22943413257598877,-0.5098138451576233
1789031909472375000,45.708375,0.2810036242008209,-0.17523805797100067,-0.5874567627906799
1789031909482378000,45.7183779296875,0.26668351888656616,-0.12794670462608337,-0.651846706867218
1789031909492381200,45.72838110351562,0.2694438397884369,-0.12720157206058502,-0.6877090334892273
1789031909502384000,45.738384033203126,0.22948764264583588,-0.18180382251739502,-0.689828634262085
1789031909512387000,45.74838696289063,0.1873410940170288,-0.21942508220672607,-0.701568067073822
1789031909522390800,45.75839086914063,0.12436959147453308,-0.15671908855438232,-0.7273421287536621
1789031909532395000,45.76839501953125,0.15575721859931946,-0.03956697881221771,-0.7583203315734863
1789031909542398000,45.77839794921875,0.24461598694324493,0.09362941980361938,-0.7473922967910767
1789031909552401000,45.78840087890625,0.346863329410553,0.17254400253295898,-0.659618616104126
1789031909562403800,45.79840380859375,0.3752763271331787,0.21064051985740662,-0.5554926991462708
1789031909572407000,45.80840698242187,0.3547533452510834,0.24109859764575958,-0.4591490626335144
1789031909582410000,45.818409912109374,0.2939501702785492,0.3079588711261749,-0.38044971227645874
1789031909592413000,45.828412841796876,0.23982994258403778,0.3687080144882202,-0.3217110335826874
1789031909602416000,45.838416015625,0.1923028975725174,0.3909507393836975,-0.2845120131969452
1789031909612419800,45.848419921875,0.16815142333507538,0.41539013385772705,-0.2784021198749542
1789031909622423000,45.858423095703124,0.16723529994487762,0.4809020161628723,-0.29217731952667236
1789031909632426000,45.868426025390626,0.2117951661348343,0.5265967845916748,-0.3421012759208679
1789031909642429000,45.87842895507813,0.24389691650867462,0.45929017663002014,-0.40382111072540283
1789031909652432000,45.88843188476562,0.22123712301254272,0.31623977422714233,-0.379115492105484
1789031909662435000,45.89843505859375,0.16564950346946716,0.22912883758544922,-0.24871806800365448
1789031909672438000,45.90843798828125,0.10939818620681763,0.22678814828395844,-0.10018743574619293
1789031909682441000,45.91844091796875,0.09014327079057693,0.2549305558204651,-0.026676202192902565
1789031909692445000,45.92844482421875,0.09092945605516434,0.21762683987617493,-0.03415171056985855
1789031909702447900,45.93844775390625,0.09220351278781891,0.12407771497964859,-0.06733017414808273
1789031909712451000,45.948451171875,0.08252668380737305,0.05237367004156113,-0.10354465246200562
1789031909722453800,45.95845385742187,0.06743215024471283,0.0076474775560200214,-0.08306626975536346
1789031909732457000,45.96845703125,0.05607187747955322,-0.03790106624364853,0.032067522406578064
1789031909742460000,45.9784599609375,0.078093022108078,-0.1221536323428154,0.15975144505500793
1789031909752462800,45.988462890625,0.11282539367675781,-0.2336258441209793,0.16511614620685577
1789031909762466000,45.998466064453126,0.13152210414409637,-0.3532387912273407,0.04631546139717102
1789031909772470000,46.008469970703125,0.12137921154499054,-0.4396100342273712,-0.0828915387392044
1789031909782473000,46.01847290039063,0.11478681862354279,-0.5044974088668823,-0.09292073547840118
1789031909792476000,46.02847583007812,0.11557336151599884,-0.5166171193122864,0.0228303000330925
1789031909802479000,46.03847900390625,0.12543851137161255,-0.44872626662254333,0.08945219963788986
1789031909812481800,46.048481689453126,0.14450883865356445,-0.3856339454650879,0.05766020715236664
1789031909822485000,46.05848510742187,0.1682104468345642,-0.35993096232414246,0.002688569715246558
1789031909832488000,46.068488037109375,0.18953241407871246,-0.37649911642074585,0.04118354991078377
1789031909842491000,46.07849096679688,0.2194620817899704,-0.3879309892654419,0.17622312903404236
1789031909852494800,46.088494873046876,0.24805091321468353,-0.31813400983810425,0.3596581518650055
1789031909862498000,46.098498046875,0.26047855615615845,-0.1644754707813263,0.5028155446052551
1789031909872501000,46.1085009765625,0.256443589925766,0.017862863838672638,0.5823380947113037
1789031909882504000,46.11850390625,0.2382427453994751,0.13957199454307556,0.6239569187164307
1789031909892507000,46.1285068359375,0.2232084423303604,0.1990330070257187,0.6344156861305237
1789031909902509800,46.138509765625,0.200861856341362,0.17946596443653107,0.6573220491409302
1789031909912513000,46.14851293945313,0.146407812833786,0.09554081410169601,0.6874800324440002
1789031909922516000,46.15851586914062,0.07375223934650421,0.004743532743304968,0.7335351705551147
1789031909932519000,46.168518798828124,0.005293812602758408,-0.06118560582399368,0.7373224496841431
1789031909942523000,46.17852294921875,-0.03291056305170059,-0.06196857616305351,0.6753607988357544
1789031909952525800,46.18852587890625,-0.031387440860271454,-0.02877655439078808,0.5956869721412659
1789031909962529000,46.19852905273437,0.01304873451590538,0.0562155656516552,0.4908367097377777
1789031909972532000,46.208531982421874,0.04350196197628975,0.16438467800617218,0.41817426681518555
1789031909982535000,46.21853491210938,0.04385882243514061,0.2462952584028244,0.3789064884185791
1789031909992537900,46.22853784179687,0.01321390364319086,0.2967827618122101,0.3790965676307678
1789031910002540800,46.238540771484374,-0.04583689942955971,0.3118751347064972,0.3976859748363495
1789031910012544000,46.2485439453125,-0.08668315410614014,0.2701815366744995,0.4186610281467438
1789031910022548000,46.2585478515625,-0.10234200954437256,0.1906965672969818,0.41968342661857605
1789031910032551200,46.26855126953125,-0.11466962099075317,0.09832271188497543,0.38444188237190247
1789031910042553900,46.278553955078124,-0.12166201323270798,0.02254512347280979,0.31393125653266907
1789031910052557000,46.28855712890625,-0.12971718609333038,-0.045992400497198105,0.24468152225017548
1789031910062559700,46.29855981445313,-0.13401499390602112,-0.17037293314933777,0.2121177315711975
1789031910072563000,46.30856298828125,-0.14504866302013397,-0.32138004899024963,0.2324541062116623
1789031910082566100,46.31856616210938,-0.15862545371055603,-0.4010133743286133,0.26690423488616943
1789031910092568800,46.32856884765625,-0.17231470346450806,-0.3820044994354248,0.28866443037986755
1789031910102572800,46.33857275390625,-0.19221916794776917,-0.3357382118701935,0.2853783369064331
1789031910112576000,46.34857592773437,-0.21148182451725006,-0.3423677384853363,0.2581121325492859
1789031910122579000,46.358578857421875,-0.1940722018480301,-0.45454832911491394,0.19787700474262238
1789031910132582000,46.36858178710938,-0.1720563918352127,-0.6376501321792603,0.14477811753749847
1789031910142585000,46.378585205078124,-0.16733302175998688,-0.8131109476089478,0.11162814497947693
1789031910152587800,46.388587890625,-0.1700023114681244,-0.9244685173034668,0.10306902229785919
1789031910162591000,46.39859106445312,-0.19547465443611145,-0.9637429118156433,0.11755236238241196
1789031910172594000,46.408593994140624,-0.237581267952919,-0.9343987703323364,0.1461477279663086
1789031910182598000,46.41859790039062,-0.28295889496803284,-0.8527968525886536,0.17351970076560974
1789031910192601000,46.42860107421875,-0.31564363837242126,-0.7301552295684814,0.16353102028369904
1789031910202604000,46.43860400390625,-0.34269094467163086,-0.5997112393379211,0.13698355853557587
1789031910212607000,46.44860693359375,-0.34915629029273987,-0.5490942001342773,0.13748100399971008
1789031910222610000,46.45860986328125,-0.32711195945739746,-0.5820598602294922,0.20035716891288757
1789031910232612900,46.46861279296875,-0.2674677073955536,-0.54615318775177,0.265378475189209
1789031910242616000,46.47861596679687,-0.17296065390110016,-0.3481080234050751,0.2557245194911957
1789031910252619000,46.488618896484375,-0.11158610880374908,-0.06571444123983383,0.1665523648262024
1789031910262622700,46.498622802734374,-0.1049223467707634,0.14698238670825958,0.04454204440116882
1789031910272626000,46.5086259765625,-0.1326124370098114,0.22682425379753113,-0.03444340080022812
1789031910282629000,46.51862915039062,-0.14825211465358734,0.2547112703323364,-0.03947757929563522
1789031910292631800,46.5286318359375,-0.13083481788635254,0.30099672079086304,-0.01616210676729679
1789031910302635000,46.53863500976563,-0.09738631546497345,0.3482566475868225,-0.012134607881307602
1789031910312638000,46.54863793945312,-0.09219003468751907,0.41227203607559204,0.009200558997690678
1789031910322641000,46.558640869140625,-0.11117544025182724,0.45506635308265686,0.05331236124038696
1789031910332644000,46.56864404296875,-0.13496729731559753,0.5112607479095459,0.09519001096487045
1789031910342648000,46.57864794921875,-0.16487698256969452,0.5659463405609131,0.1207161396741867
1789031910352651000,46.58865112304687,-0.15398798882961273,0.6198027729988098,0.10249248892068863
1789031910362654000,46.598654052734375,-0.11187382787466049,0.71572345495224,0.052831459790468216
1789031910372657200,46.6086572265625,-0.06278738379478455,0.8162908554077148,-0.005364817567169666
1789031910382659800,46.61865991210937,-0.037204254418611526,0.867387056350708,-0.03906259685754776
1789031910392663000,46.6286630859375,-0.03370438516139984,0.8351003527641296,-0.04354013130068779
1789031910402665700,46.638665771484376,-0.04053352773189545,0.7169840931892395,-0.008919569663703442
1789031910412669000,46.6486689453125,-0.040400754660367966,0.592094361782074,0.025943240150809288
1789031910422673000,46.6586728515625,-0.013834123499691486,0.5292658805847168,0.04565303027629852
1789031910432675800,46.66867578125,0.024640487506985664,0.5734079480171204,0.0354212149977684
1789031910442679000,46.67867895507813,0.056947559118270874,0.6952595114707947,-0.005735275335609913
1789031910452682000,46.68868188476562,0.07908061146736145,0.8478519320487976,-0.056031499058008194
1789031910462685000,46.698684814453124,0.10175156593322754,1.00123131275177,-0.10932082682847977
1789031910472687900,46.70868798828125,0.1381424516439438,1.1406904458999634,-0.17742681503295898
1789031910482691000,46.71869116210937,0.163118377327919,1.2016923427581787,-0.2313116192817688
1789031910492694000,46.728694091796875,0.16282816231250763,1.1006839275360107,-0.23119501769542694
1789031910502697000,46.73869702148438,0.137678861618042,0.848712682723999,-0.18890267610549927
1789031910512701000,46.748700927734376,0.1082913726568222,0.5855656266212463,-0.17058755457401276
1789031910522703400,46.758703369140626,0.07593982666730881,0.4205082058906555,-0.21504877507686615
1789031910532706600,46.76870654296875,0.04324694350361824,0.3291305899620056,-0.29114171862602234
1789031910542709200,46.77870922851562,0.02019781805574894,0.24661734700202942,-0.36028751730918884
1789031910552712400,46.78871240234375,0.02412884496152401,0.19374455511569977,-0.4047984778881073
1789031910562715600,46.79871557617187,0.05007149651646614,0.2073514461517334,-0.46870848536491394
1789031910572718300,46.80871826171875,0.12059009075164795,0.288582980632782,-0.5459789633750916
1789031910582721500,46.81872143554688,0.22556497156620026,0.3908424973487854,-0.6053048968315125
1789031910592725500,46.8287255859375,0.29645082354545593,0.41775187849998474,-0.6293972134590149
1789031910602728400,46.838728515625,0.3351588249206543,0.3636758625507355,-0.6394641995429993
1789031910612731400,46.8487314453125,0.3207626938819885,0.29474136233329773,-0.6546160578727722
1789031910622734600,46.85873461914063,0.2629707455635071,0.24747346341609955,-0.6935016512870789
1789031910632737300,46.8687373046875,0.2274344265460968,0.19992712140083313,-0.7396649718284607
1789031910642740500,46.878740478515624,0.1903373897075653,0.14126060903072357,-0.7626339197158813
1789031910652743400,46.888743408203126,0.15405108034610748,0.1193503886461258,-0.7763229608535767
1789031910662746400,46.89874633789063,0.11299499869346619,0.18325720727443695,-0.8055535554885864
1789031910672750600,46.90875048828125,0.1370948702096939,0.30110689997673035,-0.8657559752464294
1789031910682753500,46.91875341796875,0.16920220851898193,0.3414282202720642,-0.8580783605575562
1789031910692756500,46.928756591796876,0.12861400842666626,0.27992871403694153,-0.7658056616783142
1789031910702759400,46.93875952148438,0.061035510152578354,0.2525879144668579,-0.6259260773658752
1789031910712762400,46.94876245117187,0.05454879254102707,0.4444514811038971,-0.5420445203781128
1789031910722765600,46.958765625,0.10110536962747574,0.7698541283607483,-0.5759180188179016
1789031910732768500,46.9687685546875,0.16577407717704773,0.8730288743972778,-0.6429542899131775
1789031910742771500,46.978771484375,0.174104705452919,0.6948066353797913,-0.6181938052177429
1789031910752775400,46.988775390625,0.1333187073469162,0.5242291688919067,-0.4923781156539917
1789031910762778600,46.998778564453126,0.10580558329820633,0.5678490996360779,-0.3611370027065277
1789031910772781300,47.00878125,0.0983099564909935,0.6373136639595032,-0.24842678010463715
1789031910782784500,47.01878442382812,0.11059644818305969,0.5887423753738403,-0.1510608047246933
1789031910792787500,47.028787353515625,0.12284905463457108,0.44617730379104614,-0.07768215239048004
1789031910802790400,47.03879028320313,0.1394464075565338,0.30617785453796387,-0.03772354871034622
1789031910812793600,47.048793701171874,0.1508721113204956,0.19202212989330292,-0.0031482288613915443
1789031910822796300,47.05879638671875,0.12856626510620117,0.10152951627969742,0.036460697650909424
1789031910832800500,47.068800537109375,0.10681228339672089,0.08685106039047241,0.04896874353289604
1789031910842803500,47.07880346679688,0.12611913681030273,0.10575178265571594,0.0595092698931694
1789031910852806400,47.08880639648437,0.16057375073432922,0.056864164769649506,0.09542067348957062
1789031910862809300,47.098809326171875,0.1847669780254364,-0.05484825000166893,0.12938717007637024
1789031910872812500,47.1088125,0.18177661299705505,-0.16926218569278717,0.15188920497894287
1789031910882815500,47.1188154296875,0.1546057164669037,-0.24814501404762268,0.14767955243587494
1789031910892818400,47.128818359375,0.1609593629837036,-0.26202458143234253,0.10914769768714905
1789031910902821600,47.13882153320313,0.17239470779895782,-0.267185240983963,0.015383118763566017
1789031910912824300,47.14882421875,0.17799970507621765,-0.31802821159362793,-0.09665001183748245
1789031910922828500,47.15882861328125,0.18196195363998413,-0.42927828431129456,-0.15479373931884766
1789031910932831500,47.16883154296875,0.18913908302783966,-0.5107161402702332,-0.14767318964004517
1789031910942834400,47.17883447265625,0.19562281668186188,-0.5172419548034668,-0.12899191677570343
1789031910952837400,47.18883740234375,0.21271854639053345,-0.49376410245895386,-0.10140084475278854
1789031910962840600,47.198840576171875,0.2391461580991745,-0.4739254117012024,0.013963300734758377
1789031910972843500,47.20884350585938,0.261581689119339,-0.4066254496574402,0.16562475264072418
1789031910982846500,47.21884643554687,0.3180164694786072,-0.29983827471733093,0.25064563751220703
1789031910992849400,47.228849365234375,0.37537869811058044,-0.1893100142478943,0.263883501291275
1789031911002853400,47.23885327148437,0.38153138756752014,-0.13189704716205597,0.2940555214881897
1789031911012856600,47.24885668945313,0.3416374921798706,-0.13010475039482117,0.3691697418689728
1789031911022859300,47.258859375,0.2706410884857178,-0.1046084463596344,0.5009186863899231
1789031911032862500,47.268862548828125,0.22527234256267548,-0.03368646651506424,0.6265111565589905
1789031911042865400,47.27886547851563,0.2103911191225052,0.07646853476762772,0.6786771416664124
1789031911052868400,47.28886840820312,0.19011640548706055,0.1446198672056198,0.6796146631240845
1789031911062871600,47.29887158203125,0.1439313292503357,0.16221244633197784,0.6958569884300232
1789031911072874500,47.30887451171875,0.057897698134183884,0.13518334925174713,0.738088071346283
1789031911082878500,47.31887841796875,-0.02773944102227688,0.09090883284807205,0.7800954580307007
1789031911092881400,47.32888134765625,-0.08985860645771027,0.04338860139250755,0.7765956521034241
1789031911102884600,47.338884521484374,-0.13143426179885864,-0.001913898391649127,0.7248741388320923
1789031911112887300,47.34888720703125,-0.15851198136806488,-0.050629399716854095,0.6777830719947815
1789031911122890500,47.35889038085938,-0.15245409309864044,-0.09286446869373322,0.6286872029304504
1789031911132893400,47.3688935546875,-0.1542392373085022,-0.12004891782999039,0.5898959040641785
1789031911142896400,47.378896484375,-0.1628175526857376,-0.10260281711816788,0.5289177894592285
1789031911152899600,47.38889965820312,-0.1526840180158615,-0.059289220720529556,0.45310506224632263
1789031911162903600,47.39890356445313,-0.13782358169555664,-0.03488694503903389,0.3912840187549591
1789031911172906500,47.40890649414062,-0.16204100847244263,-0.08819801360368729,0.38495394587516785
1789031911182909400,47.418909423828126,-0.20982609689235687,-0.1437385082244873,0.41491103172302246
1789031911192912400,47.42891235351563,-0.24025778472423553,-0.11169866472482681,0.42407578229904175
1789031911202915300,47.43891528320312,-0.24264556169509888,-0.06423128396272659,0.4011124074459076
1789031911212918500,47.44891845703125,-0.2186765968799591,-0.08685662597417831,0.3671669363975525
1789031911222921500,47.45892138671875,-0.21202056109905243,-0.18633714318275452,0.36196258664131165
1789031911232924400,47.46892431640625,-0.23084743320941925,-0.3125585615634918,0.3484358489513397
1789031911242927600,47.478927734375,-0.26833730936050415,-0.4509079158306122,0.32353129982948303
1789031911252931300,47.488931396484375,-0.28629279136657715,-0.585322380065918,0.2987968623638153
1789031911262934500,47.4989345703125,-0.250369668006897,-0.7127341032028198,0.26444047689437866
1789031911272937500,47.5089375,-0.20803651213645935,-0.8475574851036072,0.2174762785434723
1789031911282940400,47.5189404296875,-0.18903540074825287,-0.9618661999702454,0.1737077683210373
1789031911292943400,47.528943359375,-0.22009435296058655,-1.0504860877990723,0.17047564685344696
1789031911302946300,47.5389462890625,-0.26496514678001404,-1.0622719526290894,0.1963123083114624
1789031911312949500,47.548949462890626,-0.2989758849143982,-0.9553443789482117,0.2202426940202713
1789031911322952400,47.55895239257813,-0.30249178409576416,-0.775316059589386,0.21414858102798462
1789031911332956700,47.56895678710937,-0.2705956697463989,-0.5805689692497253,0.1785099059343338
1789031911342959400,47.57895947265625,-0.22914114594459534,-0.42611628770828247,0.12412602454423904
1789031911352962600,47.588962646484376,-0.18033578991889954,-0.3108312487602234,0.05688174441456795
1789031911362965200,47.59896533203125,-0.14039823412895203,-0.23267517983913422,0.009081996977329254
1789031911372968400,47.60896850585937,-0.11136389523744583,-0.14424414932727814,-0.014648117125034332
1789031911382971600,47.6189716796875,-0.07717689871788025,-0.024416809901595116,-0.03525778651237488
1789031911392974300,47.62897436523438,-0.05035993456840515,0.05734337493777275,-0.07222405821084976
1789031911402977500,47.6389775390625,-0.07273261994123459,0.05036216601729393,-0.09357541799545288
1789031911412981500,47.6489814453125,-0.0938149094581604,0.023909887298941612,-0.12005963176488876
1789031911422984400,47.658984375,-0.098833367228508,0.0786820575594902,-0.13496588170528412
1789031911432987400,47.6689873046875,-0.10548896342515945,0.13135308027267456,-0.11225856095552444
1789031911442990600,47.67899047851562,-0.09927314519882202,0.149699866771698,-0.05580833554267883
1789031911452993300,47.6889931640625,-0.07903985679149628,0.17588989436626434,0.03159107267856598
1789031911462996500,47.69899658203125,-0.06892943382263184,0.2546755075454712,0.11084754765033722
1789031911472999400,47.70899951171875,-0.06425446271896362,0.385359525680542,0.14642201364040375
1789031911483002400,47.71900244140625,-0.08178897947072983,0.5071755051612854,0.16177353262901306
1789031911493005600,47.72900561523438,-0.11717036366462708,0.5798536539077759,0.1595364511013031
1789031911503009500,47.73900952148438,-0.13525402545928955,0.6379148364067078,0.12656572461128235
1789031911513012500,47.74901245117187,-0.12543338537216187,0.7437973618507385,0.06192416325211525
1789031911523015200,47.75901513671875,-0.09525124728679657,0.8877537250518799,-0.016512855887413025
1789031911533018400,47.769018310546876,-0.03313976898789406,0.9815792441368103,-0.08683355897665024
1789031911543021300,47.77902124023438,0.03461211547255516,0.9624324440956116,-0.11489634960889816
1789031911553024300,47.78902416992187,0.06939011067152023,0.8454892635345459,-0.09970464557409286
1789031911563027500,47.79902734375,0.08349820971488953,0.7087638974189758,-0.079389788210392
1789031911573030100,47.80903002929688,0.10385951399803162,0.6539481282234192,-0.10890113562345505
1789031911583034400,47.81903442382813,0.1363423466682434,0.6947442889213562,-0.17630308866500854
1789031911593037300,47.82903735351562,0.15298400819301605,0.7155808210372925,-0.21725119650363922
1789031911603040300,47.839040283203126,0.1578485369682312,0.6675903797149658,-0.21066947281360626
1789031911613043200,47.84904321289063,0.14988946914672852,0.5928775668144226,-0.17219749093055725
1789031911623046100,47.85904614257812,0.14763830602169037,0.5541322827339172,-0.15086956322193146
1789031911633049300,47.86904931640625,0.15942728519439697,0.5746326446533203,-0.17062248289585114
1789031911643052300,47.87905224609375,0.15662404894828796,0.5956830978393555,-0.20111940801143646
1789031911653055200,47.88905517578125,0.13199307024478912,0.5467886924743652,-0.21237343549728394
1789031911663059200,47.89905908203125,0.08088994771242142,0.4410073459148407,-0.202172189950943
1789031911673062400,47.9090625,0.04676598682999611,0.37531641125679016,-0.2221250683069229
1789031911683065000,47.91906518554688,0.03676528483629227,0.3611508011817932,-0.27757129073143005
1789031911693068300,47.929068359375,0.0602300763130188,0.34023764729499817,-0.3616272509098053
1789031911703071200,47.9390712890625,0.08622492849826813,0.26578205823898315,-0.419816792011261
1789031911713074200,47.94907421875,0.08364256471395493,0.162368044257164,-0.44062337279319763
1789031911723077400,47.95907739257812,0.05315869301557541,0.0348694808781147,-0.4241029918193817
1789031911733080300,47.969080322265626,0.02267422154545784,-0.08494850993156433,-0.3856316804885864
1789031911743083300,47.97908325195313,0.0044438187032938,-0.1393558233976364,-0.354244202375412
1789031911753087200,47.98908715820313,0.017566464841365814,-0.09356705844402313,-0.38321352005004883
1789031911763090400,47.99909033203125,0.04051438719034195,0.06023741886019707,-0.4572587013244629
1789031911773093000,48.009093017578124,0.06376796215772629,0.24967676401138306,-0.5356013178825378
1789031911783096300,48.01909643554688,0.08435685932636261,0.3427009582519531,-0.5673542022705078
1789031911793099300,48.02909936523437,0.07626412063837051,0.4062458276748657,-0.5936253666877747
1789031911803102200,48.039102294921875,0.07651392370462418,0.44531121850013733,-0.6426589488983154
1789031911813105400,48.04910546875,0.07293746620416641,0.46998029947280884,-0.6910401582717896
1789031911823108000,48.05910815429687,0.07338593900203705,0.4800393283367157,-0.7212550640106201
1789031911833112300,48.0691123046875,0.08505673706531525,0.41496050357818604,-0.72954922914505
1789031911843115300,48.079115234375,0.0531211718916893,0.35357704758644104,-0.707135796546936
1789031911853118200,48.0891181640625,0.011618990451097488,0.40990811586380005,-0.6602321863174438
1789031911863121200,48.09912109375,0.03329791873693466,0.6040674448013306,-0.6136833429336548
1789031911873124400,48.109124267578125,0.06722432374954224,0.7882025241851807,-0.5673044919967651
1789031911883127300,48.11912719726563,0.07653979957103729,0.8114969730377197,-0.4960969090461731
1789031911893130200,48.12913012695312,0.053586892783641815,0.7120686173439026,-0.40280911326408386
1789031911903133400,48.139133544921876,0.010117446072399616,0.5927925705909729,-0.27930980920791626
1789031911913136000,48.14913623046875,-0.043574005365371704,0.49864205718040466,-0.11404682695865631
1789031911923140400,48.15914038085938,-0.08549588918685913,0.46379804611206055,0.040466323494911194
1789031911933143300,48.16914331054687,-0.09886062890291214,0.4616956412792206,0.13695845007896423
1789031911943146200,48.179146240234374,-0.0907081589102745,0.4242047369480133,0.18661655485630035
1789031911953149400,48.1891494140625,-0.06820907443761826,0.30711984634399414,0.23647285997867584
1789031911963152100,48.19915209960938,-0.03313577547669411,0.15948379039764404,0.282396137714386
1789031911973155300,48.2091552734375,0.007451894227415323,0.03926965966820717,0.31927239894866943
1789031911983158300,48.219158203125,0.04454972967505455,-0.017724115401506424,0.2996837794780731
1789031911993161200,48.2291611328125,0.06728088110685349,-0.03040270134806633,0.21277549862861633
1789031912003165200,48.23916528320313,0.06547419726848602,-0.061665814369916916,0.10880090296268463
1789031912013168400,48.24916845703125,0.05483892560005188,-0.13224820792675018,0.0435187853872776
1789031912023171000,48.259171142578126,0.04126746207475662,-0.19850444793701172,0.06767231971025467
1789031912033174300,48.26917431640625,0.04824198782444,-0.22959549725055695,0.1114957183599472
1789031912043177500,48.279177490234375,0.07056193798780441,-0.24663466215133667,0.05196315050125122
1789031912053180200,48.28918017578125,0.09593676775693893,-0.3009512722492218,-0.12647074460983276
1789031912063183400,48.29918334960937,0.0948701724410057,-0.3707391321659088,-0.3044988214969635
1789031912073186300,48.309186279296874,0.08843080699443817,-0.4184413254261017,-0.4140888750553131
1789031912083189200,48.319189208984376,0.0885237455368042,-0.42340171337127686,-0.4294281303882599
1789031912093193200,48.329193115234375,0.1007683053612709,-0.3987599313259125,-0.37955576181411743
1789031912103196400,48.33919653320312,0.12646302580833435,-0.3833168148994446,-0.26049086451530457
1789031912113199400,48.349199462890624,0.15545737743377686,-0.3847227990627289,-0.10595536231994629
1789031912123202300,48.359202392578126,0.18228526413440704,-0.40285494923591614,0.04044659063220024
1789031912133205200,48.36920532226563,0.18479470908641815,-0.4306349754333496,0.16136717796325684
1789031912143208200,48.37920825195312,0.17440412938594818,-0.4339900314807892,0.279217928647995
1789031912153211400,48.38921142578125,0.16744881868362427,-0.39896130561828613,0.36834293603897095
1789031912163214000,48.39921411132813,0.15251274406909943,-0.2911408245563507,0.416866272687912
1789031912173218300,48.40921826171875,0.15020032227039337,-0.21018892526626587,0.43547511100769043
1789031912183221200,48.41922119140625,0.1406363844871521,-0.17192941904067993,0.45813220739364624
1789031912193224200,48.42922412109375,0.11199924349784851,-0.16917476058006287,0.5160526037216187
1789031912203227400,48.43922729492188,0.06141117215156555,-0.17154204845428467,0.612113893032074
1789031912213230300,48.44923022460937,0.004966419655829668,-0.15795886516571045,0.7377862334251404
1789031912223233300,48.4592333984375,-0.04335930198431015,-0.11748360097408295,0.8449912667274475
1789031912233236200,48.469236328125,-0.054178327322006226,-0.04980577901005745,0.8758383989334106
1789031912243239200,48.4792392578125,-0.022468067705631256,0.013297555968165398,0.8046792149543762
1789031912253242400,48.489242431640626,0.002221150090917945,0.03788279369473457,0.6567801237106323
1789031912263246300,48.499246337890625,-0.016694217920303345,-0.012326315976679325,0.5385797023773193
1789031912273249300,48.50924926757813,-0.059647176414728165,-0.0804901272058487,0.5325515866279602
1789031912283252200,48.51925219726562,-0.09411061555147171,-0.10511238127946854,0.5923632383346558
1789031912293255400,48.52925537109375,-0.09123869985342026,-0.07109290361404419,0.6551505327224731
1789031912303258000,48.53925805664063,-0.07049906253814697,-0.021254243329167366,0.6647584438323975
1789031912313261300,48.54926123046875,-0.0675077810883522,-0.01236198004335165,0.624401867389679
1789031912323264300,48.55926416015625,-0.09929953515529633,-0.054663363844156265,0.5718356370925903
1789031912333267200,48.56926708984375,-0.1516222059726715,-0.10773713886737823,0.5438922047615051
1789031912343271200,48.57927124023438,-0.2077009081840515,-0.11317051947116852,0.5440613031387329
1789031912353274400,48.5892744140625,-0.23846620321273804,-0.08684027940034866,0.5494017004966736
1789031912363277300,48.59927734375,-0.24401997029781342,-0.08612975478172302,0.5214890837669373
1789031912373280300,48.6092802734375,-0.26427415013313293,-0.1373850703239441,0.46619418263435364
1789031912383283500,48.61928344726562,-0.3061382472515106,-0.2507912814617157,0.41588255763053894
1789031912393286100,48.6292861328125,-0.3510822355747223,-0.42118507623672485,0.4120243787765503
1789031912403289300,48.63928930664063,-0.3679613471031189,-0.6101502180099487,0.43083587288856506
1789031912413292300,48.64929223632812,-0.3827061951160431,-0.7627392411231995,0.43144121766090393
1789031912423295200,48.659295166015625,-0.39682841300964355,-0.8381884694099426,0.412004679441452
1789031912433299200,48.66929931640625,-0.40625205636024475,-0.8689579367637634,0.3757692277431488
1789031912443302400,48.67930249023438,-0.41978010535240173,-0.9092087149620056,0.3260088562965393
1789031912453305300,48.68930541992187,-0.4241572618484497,-1.0035974979400635,0.27894464135169983
1789031912463308300,48.699308349609375,-0.4207170009613037,-1.0826574563980103,0.22916750609874725
1789031912473311200,48.70931127929688,-0.4299967885017395,-1.0642589330673218,0.17280331254005432
1789031912483314200,48.71931420898437,-0.4194309711456299,-1.010010838508606,0.12087032943964005
1789031912493317400,48.7293173828125,-0.39750438928604126,-0.9943970441818237,0.08698590844869614
1789031912503320300,48.7393203125,-0.3554096817970276,-0.983460545539856,0.09129942953586578
1789031912513324300,48.74932421875,-0.3183707892894745,-0.9395232796669006,0.13427729904651642
1789031912523327000,48.75932690429688,-0.3046397864818573,-0.8255873918533325,0.18594768643379211
1789031912533330000,48.76932983398437,-0.3112541735172272,-0.649467945098877,0.22576162219047546
1789031912543333000,48.7793330078125,-0.30261409282684326,-0.5231299996376038,0.20795093476772308
1789031912553335800,48.78933569335938,-0.2924923598766327,-0.42147037386894226,0.17149776220321655
1789031912563339000,48.79933911132812,-0.288886159658432,-0.28350532054901123,0.13554826378822327
1789031912573342000,48.809342041015626,-0.2678346633911133,-0.12326496094465256,0.08547871559858322
1789031912583345000,48.81934497070313,-0.22318491339683533,0.02088049054145813,0.009243866428732872
1789031912593348000,48.82934814453125,-0.17855921387672424,0.08476239442825317,-0.052324093878269196
1789031912603351800,48.83935180664062,-0.1346314400434494,0.0467178076505661,-0.05198933556675911
1789031912613355000,48.84935498046875,-0.11233018338680267,-0.009665167890489101,-0.009325725957751274
1789031912623358000,48.85935791015625,-0.14699283242225647,0.01679360494017601,0.036168791353702545
1789031912633361000,48.86936083984375,-0.21906916797161102,0.1260957419872284,0.07627546787261963
1789031912643363800,48.87936376953125,-0.24604272842407227,0.22330698370933533,0.11953053623437881
1789031912653367000,48.88936694335938,-0.21674701571464539,0.29095759987831116,0.14992722868919373
1789031912663370000,48.89936987304687,-0.1709851324558258,0.4058229327201843,0.1454848200082779
1789031912673373000,48.909373046875,-0.14764076471328735,0.5457587242126465,0.1117977648973465
1789031912683375900,48.9193759765625,-0.13801822066307068,0.6128928065299988,0.06997548043727875
1789031912693379800,48.9293798828125,-0.11706895381212234,0.6115707755088806,0.03247974440455437
1789031912703383000,48.93938305664062,-0.08813690394163132,0.5783499479293823,0.015257613733410835
1789031912713386000,48.949385986328124,-0.047120481729507446,0.5878578424453735,-0.008990215137600899
1789031912723389000,48.95938891601563,0.02777985669672489,0.6232219338417053,-0.05447966977953911
1789031912733392100,48.96939208984375,0.12315668910741806,0.6506309509277344,-0.12910382449626923
1789031912743394800,48.979394775390624,0.1803416758775711,0.6439139246940613,-0.20748864114284515
1789031912753398000,48.98939794921875,0.18621979653835297,0.6151350140571594,-0.2590900659561157
1789031912763401000,48.99940087890625,0.17189639806747437,0.5434809327125549,-0.24190858006477356
1789031912773405000,49.00940502929687,0.15990833938121796,0.42183393239974976,-0.16953915357589722
1789031912783407900,49.019407958984374,0.1714925467967987,0.3392096161842346,-0.10938499867916107
1789031912793411000,49.0294111328125,0.21206867694854736,0.39246666431427,-0.12356655299663544
1789031912803413800,49.03941381835938,0.2503489851951599,0.5474900603294373,-0.20887638628482819
1789031912813417000,49.0494169921875,0.2650875151157379,0.6948895454406738,-0.3321448862552643
1789031912823420200,49.05942016601563,0.2718207836151123,0.7432605624198914,-0.4358031153678894
1789031912833422800,49.0694228515625,0.2721658945083618,0.6815527677536011,-0.47408732771873474
1789031912843426000,49.079426025390624,0.26614847779273987,0.5681338310241699,-0.4724377393722534
1789031912853428700,49.0894287109375,0.2448657751083374,0.4833560287952423,-0.4844970405101776
1789031912863433000,49.099432861328125,0.23114117980003357,0.42011553049087524,-0.5130733251571655
1789031912873436000,49.10943579101563,0.2416449934244156,0.32525932788848877,-0.5515451431274414
1789031912883439000,49.119439208984375,0.25028666853904724,0.1699720323085785,-0.5681222081184387
1789031912893441800,49.12944189453125,0.22733381390571594,0.013982689008116722,-0.5853602290153503
1789031912903445000,49.13944506835937,0.20564556121826172,-0.06300290673971176,-0.6189756989479065
1789031912913448000,49.149447998046874,0.20251812040805817,-0.05127391591668129,-0.6541335582733154
1789031912923451000,49.159450927734376,0.19189530611038208,-0.04255951941013336,-0.6661023497581482
1789031912933454000,49.1694541015625,0.16272909939289093,-0.03745308145880699,-0.6659901738166809
1789031912943456800,49.17945678710937,0.15899933874607086,-0.006037633400410414,-0.7112524509429932
1789031912953461000,49.1894609375,0.15650607645511627,0.11304005235433578,-0.8139098286628723
1789031912963464000,49.1994638671875,0.2124742567539215,0.18431183695793152,-0.8784712553024292
1789031912973467000,49.209466796875,0.2617374658584595,0.0710645467042923,-0.8283993601799011
1789031912983470000,49.21946997070312,0.23405206203460693,-0.0690358355641365,-0.7129185795783997
1789031912993473000,49.22947314453125,0.1934838443994522,-0.09247568994760513,-0.6489456295967102
1789031913003476000,49.23947607421875,0.17029383778572083,0.0180143341422081,-0.6909586191177368
1789031913013479000,49.24947900390625,0.15196017920970917,0.15216246247291565,-0.7631652355194092
1789031913023481900,49.25948193359375,0.14511904120445251,0.2202427089214325,-0.7721041440963745
1789031913033485800,49.26948583984375,0.15993788838386536,0.2396620810031891,-0.7328078746795654
1789031913043489000,49.27948901367188,0.16335393488407135,0.25385141372680664,-0.6733511686325073
1789031913053491700,49.28949169921875,0.18050523102283478,0.3334868252277374,-0.6106036305427551
1789031913063495000,49.299494873046875,0.17407183349132538,0.43656471371650696,-0.5342108607292175
1789031913073498000,49.309498046875,0.14291736483573914,0.46073266863822937,-0.4089818298816681
1789031913083500800,49.31950073242187,0.12047410011291504,0.45462843775749207,-0.27073073387145996
1789031913093504000,49.32950390625,0.12484406679868698,0.48597726225852966,-0.24391350150108337
1789031913103507000,49.3395068359375,0.15222375094890594,0.46778520941734314,-0.3300798237323761
1789031913113510000,49.34951000976562,0.14155708253383636,0.3353802561759949,-0.41938310861587524
1789031913123513900,49.35951391601562,0.1111653596162796,0.16983842849731445,-0.37278124690055847
1789031913133517000,49.36951708984375,0.13166755437850952,0.1700768619775772,-0.26431113481521606
1789031913143520000,49.37952001953125,0.18963897228240967,0.28991004824638367,-0.2576201856136322
1789031913153523000,49.38952294921875,0.23534639179706573,0.2652635872364044,-0.37334316968917847
1789031913163526100,49.399526123046876,0.19425354897975922,0.015307816676795483,-0.39833879470825195
1789031913173528800,49.40952880859375,0.12005847692489624,-0.21104876697063446,-0.1592538207769394
1789031913183532000,49.41953198242187,0.03323809430003166,-0.18927821516990662,0.12903790175914764
1789031913193535000,49.429534912109375,-0.002766364486888051,-0.09501361101865768,0.20704251527786255
1789031913203539000,49.4395390625,0.027080746367573738,-0.09877345710992813,0.06050605699419975
1789031913213542000,49.4495419921875,0.06894440203905106,-0.19381488859653473,-0.10669950395822525
1789031913223544800,49.459544921875,0.08870851993560791,-0.31320491433143616,-0.1344805359840393
1789031913233548000,49.469548095703125,0.10366896539926529,-0.4131246507167816,-0.012640569359064102
1789031913243551000,49.47955102539063,0.1182207465171814,-0.46838897466659546,0.13687755167484283
1789031913253554000,49.48955395507812,0.11553721874952316,-0.48648133873939514,0.2481081187725067
1789031913263556900,49.499556884765624,0.11302345991134644,-0.49611613154411316,0.2704576253890991
1789031913273560000,49.50956005859375,0.1340920329093933,-0.47999629378318787,0.23590166866779327
1789031913283563000,49.51956298828125,0.1747867316007614,-0.4529745280742645,0.21560677886009216
1789031913293567000,49.52956689453125,0.21743524074554443,-0.40810221433639526,0.2345108836889267
1789031913303570000,49.53956982421875,0.264540433883667,-0.3354240357875824,0.2880215048789978
1789031913313572900,49.54957275390625,0.2892884910106659,-0.19168636202812195,0.3963247537612915
1789031913323576000,49.559576171875,0.30663153529167175,0.012149317190051079,0.5283253788948059
1789031913333579000,49.5695791015625,0.3063981831073761,0.23457540571689606,0.6485996246337891
1789031913343582000,49.57958203125,0.2831445336341858,0.40193989872932434,0.7643680572509766
1789031913353585000,49.5895849609375,0.22605113685131073,0.47903817892074585,0.8840606212615967
1789031913363587800,49.599587890625,0.1746864765882492,0.45432937145233154,0.9740541577339172
1789031913373591000,49.60959106445313,0.14393681287765503,0.4387398362159729,0.9564722180366516
1789031913383595000,49.619594970703126,0.13642455637454987,0.4382687211036682,0.8635457754135132
1789031913393598000,49.62959790039063,0.11289368569850922,0.3906744122505188,0.7599623799324036
1789031913403601000,49.63960083007812,0.05529190972447395,0.2597067952156067,0.6746168732643127
1789031913413604000,49.64960400390625,0.0056433891877532005,0.09388117492198944,0.6065107583999634
1789031913423606800,49.65960668945313,0.004450559616088867,-0.017935369163751602,0.5567879676818848
1789031913433610000,49.66960986328125,0.017272846773266792,-0.02365805394947529,0.5008118152618408
1789031913443613000,49.67961303710938,0.009925716556608677,0.0544857494533062,0.4055745303630829
1789031913453615900,49.68961596679687,-0.02347930148243904,0.14412172138690948,0.3138623833656311
1789031913463619000,49.699619140625,-0.061460770666599274,0.18013805150985718,0.26290440559387207
1789031913473623000,49.709623046875,-0.06911612302064896,0.14350345730781555,0.2487044781446457
1789031913483626000,49.7196259765625,-0.053153134882450104,0.05241323634982109,0.2571275234222412
1789031913493629000,49.72962890625,-0.052739933133125305,-0.034336499869823456,0.2614699900150299
1789031913503632000,49.7396318359375,-0.05644918605685234,-0.117792509496212,0.2471541464328766
1789031913513634800,49.749634765625,-0.06424886733293533,-0.22660750150680542,0.24443379044532776
1789031913523638800,49.759638671875,-0.07010515034198761,-0.3557915985584259,0.26113152503967285
1789031913533641500,49.769641357421875,-0.10126125067472458,-0.4364273250102997,0.29371827840805054
1789031913543644700,49.77964477539062,-0.13949277997016907,-0.4782853126525879,0.3340987265110016
1789031913553648600,49.78964868164063,-0.1610104739665985,-0.5531493425369263,0.37912073731422424
1789031913563651600,49.79965161132812,-0.17556890845298767,-0.7029047012329102,0.4322656989097595
1789031913573654500,49.809654541015625,-0.16801010072231293,-0.8115033507347107,0.4537190794944763
1789031913583657700,49.81965771484375,-0.1596565693616867,-0.7596760988235474,0.40376245975494385
1789031913593660700,49.82966064453125,-0.18143321573734283,-0.6161224842071533,0.31064844131469727
1789031913603663600,49.83966357421875,-0.21098071336746216,-0.5533118844032288,0.25279420614242554
1789031913613666800,49.84966674804687,-0.22505338490009308,-0.6284976601600647,0.2580193281173706
1789031913623669500,49.85966943359375,-0.22799351811408997,-0.7435030937194824,0.2897961735725403
1789031913633672700,49.869672607421876,-0.238144189119339,-0.7737218737602234,0.292945921421051
1789031913643676700,49.8796767578125,-0.2510237693786621,-0.7651649117469788,0.2507944703102112
1789031913653679600,49.8896796875,-0.2558667063713074,-0.7749112844467163,0.184952050447464
1789031913663682800,49.899682861328124,-0.25030043721199036,-0.7726132869720459,0.11656207591295242
1789031913673685500,49.909685546875,-0.2580982446670532,-0.7368695735931396,0.09251777082681656
1789031913683688700,49.91968872070313,-0.27413421869277954,-0.6244713664054871,0.14062032103538513
1789031913693691600,49.92969165039062,-0.27946069836616516,-0.4635293781757355,0.20503096282482147
1789031913703694600,49.939694580078125,-0.25759589672088623,-0.31479504704475403,0.1922920048236847
1789031913713697800,49.94969775390625,-0.25036996603012085,-0.17794953286647797,0.13625271618366241
1789031913723700700,49.95970068359375,-0.2463424801826477,-0.1235310286283493,0.10906529426574707
1789031913733704400,49.96970434570313,-0.24481461942195892,-0.15793712437152863,0.12679103016853333
1789031913743707600,49.979707763671875,-0.24759122729301453,-0.21631255745887756,0.15525862574577332
1789031913753710800,49.9897109375,-0.24554891884326935,-0.17979499697685242,0.15990589559078217
1789031913763713500,49.99971362304687,-0.2486027628183365,-0.057763367891311646,0.1394972801208496
1789031913773716700,50.009716796875,-0.24829129874706268,0.09717469662427902,0.09732896089553833
1789031913783719400,50.01971948242188,-0.25465014576911926,0.21651281416416168,0.04739709571003914
1789031913793722600,50.02972265625,-0.2737776041030884,0.30755168199539185,-0.0007817996665835381
1789031913803725800,50.039725830078126,-0.2899171710014343,0.37349367141723633,-0.025598999112844467
1789031913813729800,50.049729736328125,-0.2864103317260742,0.4698423147201538,-0.03228060528635979
1789031913823732700,50.05973266601563,-0.2733626961708069,0.5882406234741211,-0.018311791121959686
1789031913833735700,50.06973559570312,-0.25098949670791626,0.6743653416633606,-0.0025911391712725163
1789031913843738600,50.079738525390624,-0.21900519728660583,0.6747299432754517,0.016764182597398758
1789031913853741600,50.089741455078126,-0.18652445077896118,0.6515446305274963,0.023152010515332222
1789031913863744800,50.09974487304687,-0.17028236389160156,0.6626439094543457,0.0071402862668037415
1789031913873747700,50.109747802734375,-0.15314359962940216,0.6799274682998657,-0.025068771094083786
1789031913883750700,50.11975073242188,-0.10701338946819305,0.6475053429603577,-0.0505906417965889
1789031913893753900,50.12975390625,-0.051383692771196365,0.5652020573616028,-0.07011053711175919
1789031913903757600,50.13975756835937,-0.021599967032670975,0.5025791525840759,-0.107137531042099
1789031913913760800,50.1497607421875,0.013136222958564758,0.5233253836631775,-0.1780831217765808
1789031913923763700,50.159763671875,0.04908011108636856,0.5858960747718811,-0.25759339332580566
1789031913933766700,50.1697666015625,0.04138930141925812,0.5796560645103455,-0.2797476053237915
1789031913943769600,50.17976953125,0.028754733502864838,0.4712803065776825,-0.23338089883327484
1789031913953772500,50.1897724609375,0.008050372824072838,0.33314305543899536,-0.15951821208000183
1789031913963775700,50.19977563476562,0.006842096336185932,0.2616957724094391,-0.12910836935043335
1789031913973778700,50.20977880859375,0.03338703513145447,0.304959774017334,-0.1595303863286972
1789031913983781600,50.21978173828125,0.07694996148347855,0.37282776832580566,-0.20693251490592957
1789031913993785600,50.22978564453125,0.10493160784244537,0.37158358097076416,-0.24069534242153168
1789031914003788800,50.23978881835937,0.1092802882194519,0.3073800802230835,-0.26959383487701416
1789031914013791500,50.24979150390625,0.08765602111816406,0.2561628818511963,-0.3422693908214569
1789031914023794700,50.25979467773438,0.08755827695131302,0.2378922700881958,-0.44752365350723267
1789031914033797600,50.26979760742187,0.09228189289569855,0.12153875827789307,-0.48898667097091675
1789031914043800600,50.279800537109374,0.07436920702457428,-0.08958999812602997,-0.4213346540927887
1789031914053803800,50.2898037109375,0.04040132835507393,-0.246029794216156,-0.34672772884368896
1789031914063806700,50.299806640625,0.01522327121347189,-0.22184643149375916,-0.3711622357368469
1789031914073809700,50.3098095703125,0.07059016078710556,-0.0934722051024437,-0.5119835734367371
1789031914083813600,50.319813720703124,0.1613573580980301,0.017421023920178413,-0.6827425360679626
1789031914093816800,50.32981689453125,0.2708565294742584,-0.0034288750030100346,-0.7602901458740234
1789031914103819500,50.33981958007813,0.33236223459243774,-0.10093945264816284,-0.7354915738105774
1789031914113822700,50.34982275390625,0.3347485661506653,-0.14444348216056824,-0.6914590001106262
1789031914123825700,50.35982568359375,0.30763304233551025,-0.09734387695789337,-0.6965099573135376
1789031914133828600,50.36982861328125,0.31205904483795166,0.0024894573725759983,-0.761157214641571
1789031914143831800,50.379831787109374,0.3259945809841156,0.033934999257326126,-0.7833634614944458
1789031914153834500,50.38983447265625,0.34209251403808594,-0.0022492757998406887,-0.7250809669494629
1789031914163837700,50.39983764648437,0.3432658910751343,0.06128709018230438,-0.6856030821800232
1789031914173841700,50.40984155273438,0.36832675337791443,0.24113677442073822,-0.6980040073394775
1789031914183844600,50.4198447265625,0.43777427077293396,0.47000429034233093,-0.7291046380996704
1789031914193847600,50.42984765625,0.5223144888877869,0.6764674186706543,-0.7489628791809082
1789031914203850800,50.43985083007812,0.5762853026390076,0.725951075553894,-0.6848254203796387
1789031914213853700,50.449853759765624,0.5272315144538879,0.5786319375038147,-0.5329781174659729
1789031914223856600,50.459856689453126,0.4055495262145996,0.4769947826862335,-0.372935950756073
1789031914233859600,50.46985961914063,0.2721254825592041,0.5632169842720032,-0.2745494842529297
1789031914243862500,50.47986254882812,0.1779281497001648,0.6487188339233398,-0.22362852096557617
1789031914253866800,50.48986669921875,0.1387556791305542,0.6358866691589355,-0.24324427545070648
1789031914263869700,50.49986962890625,0.1610039919614792,0.5044037103652954,-0.3484521806240082
1789031914273872600,50.50987255859375,0.18058176338672638,0.3155161440372467,-0.442065566778183
1789031914283875600,50.51987548828125,0.1951684206724167,0.18340633809566498,-0.4148155450820923
1789031914293878500,50.52987841796875,0.19915509223937988,0.17925843596458435,-0.2766174077987671
1789031914303881700,50.5398818359375,0.1813790202140808,0.19570931792259216,-0.10287410765886307
1789031914313884700,50.549884765625,0.14778757095336914,0.10737483203411102,0.03579557687044144
1789031914323887600,50.5598876953125,0.117668017745018,-0.057920120656490326,0.07682663202285767
1789031914333890600,50.569890625,0.08736668527126312,-0.1951967477798462,0.04737856611609459
1789031914343894800,50.57989477539063,0.041945409029722214,-0.25361159443855286,0.028530573472380638
1789031914353897500,50.5898974609375,0.018525389954447746,-0.2452673614025116,0.04488153010606766
1789031914363900700,50.599900634765625,0.03469317406415939,-0.17613676190376282,0.034395329654216766
1789031914373904000,50.60990380859375,0.08897455781698227,-0.08100642263889313,-0.06000283733010292
1789031914383906600,50.61990649414062,0.16550688445568085,-0.040627311915159225,-0.1866806149482727
1789031914393909800,50.62990966796875,0.24529410898685455,-0.06786517798900604,-0.24675647914409637
1789031914403912400,50.639912353515626,0.28154584765434265,-0.0726679190993309,-0.2231246381998062
1789031914413915600,50.64991552734375,0.26977309584617615,-0.1252884417772293,-0.08984088152647018
1789031914423918800,50.6599189453125,0.1953076273202896,-0.20411720871925354,0.16017669439315796
1789031914433922800,50.6699228515625,0.09077184647321701,-0.22161875665187836,0.4368325471878052
1789031914443925500,50.679925537109376,-0.012235227972269058,-0.18073683977127075,0.6376208066940308
1789031914453928700,50.6899287109375,-0.0864739790558815,-0.21248885989189148,0.6765324473381042
1789031914463931600,50.699931640625,-0.1467791348695755,-0.4059017598628998,0.5783481001853943
1789031914473934600,50.7099345703125,-0.19100415706634521,-0.6423971652984619,0.4592917859554291
1789031914483937800,50.71993774414062,-0.18617530167102814,-0.7445570826530457,0.3678968846797943
1789031914493940500,50.7299404296875,-0.13620512187480927,-0.6587322950363159,0.2995055913925171
1789031914503943700,50.73994360351563,-0.0681038349866867,-0.4954366087913513,0.2656988799571991
1789031914513947000,50.74994677734375,0.00971689447760582,-0.32982853055000305,0.2943025827407837
1789031914523951000,50.759951171875,0.09056593477725983,-0.15382154285907745,0.38150033354759216
1789031914533953800,50.769953857421875,0.16596338152885437,0.08261489123106003,0.49867162108421326
1789031914543957000,50.77995703125,0.21393464505672455,0.3869262933731079,0.6094420552253723
1789031914553960000,50.7899599609375,0.21858097612857819,0.6618084907531738,0.7397977113723755
1789031914563963000,50.799962890625,0.16619020700454712,0.8639943599700928,0.91684490442276
1789031914573966000,50.80996606445313,0.0633898377418518,0.9657359719276428,1.1160067319869995
1789031914583968800,50.81996875,-0.06692422926425934,0.975958526134491,1.2988500595092773
1789031914593972000,50.829971923828126,-0.18479980528354645,0.8797326683998108,1.3610076904296875
1789031914603975200,50.83997509765625,-0.33234772086143494,0.6357927322387695,1.2710285186767578
1789031914613979000,50.84997875976563,-0.4877137839794159,0.28265181183815,1.055574893951416
1789031914623982000,50.85998217773437,-0.5761973261833191,-0.11397091299295425,0.7760816812515259
1789031914633985000,50.869985107421876,-0.5842490196228027,-0.46771761775016785,0.4930581748485565
1789031914643988000,50.87998803710938,-0.5124126672744751,-0.715947687625885,0.2790532112121582
1789031914653991000,50.88999096679687,-0.4252956807613373,-0.844943106174469,0.16435782611370087
1789031914663993900,50.899993896484375,-0.35550886392593384,-0.857189416885376,0.1364244520664215
1789031914673996800,50.90999682617188,-0.3247816264629364,-0.8195722103118896,0.1589369773864746
1789031914684000000,50.92,-0.3041279911994934,-0.8240460753440857,0.19064269959926605
1789031914694003000,50.9300029296875,-0.28483158349990845,-0.894048810005188,0.2284412384033203
1789031914704007000,50.9400068359375,-0.26835355162620544,-0.9984247088432312,0.271942138671875
1789031914714010000,50.95001000976563,-0.263960599899292,-1.0500410795211792,0.30556637048721313
1789031914724012800,50.9600126953125,-0.28978100419044495,-1.0121195316314697,0.3297550678253174
1789031914734016000,50.97001611328125,-0.32319507002830505,-0.8802453279495239,0.3503207266330719
1789031914744019000,50.98001904296875,-0.34543246030807495,-0.7325029969215393,0.3628818094730377
1789031914754022000,50.99002197265625,-0.30863893032073975,-0.6454265117645264,0.33787932991981506
1789031914764025000,51.000025146484376,-0.2199481874704361,-0.6074112057685852,0.24450597167015076
1789031914774028000,51.01002807617188,-0.12831668555736542,-0.6036442518234253,0.10309337079524994
1789031914784031700,51.02003173828125,-0.07098148763179779,-0.5977935791015625,-0.015654850751161575
1789031914794035000,51.03003491210937,-0.04283301904797554,-0.6140539646148682,-0.06541836261749268
1789031914804038100,51.0400380859375,-0.047787830233573914,-0.6368311643600464,-0.05002449452877045
1789031914814040800,51.050040771484376,-0.08420118689537048,-0.6511552929878235,0.010346938855946064
1789031914824044000,51.0600439453125,-0.12173844128847122,-0.604118287563324,0.06896151602268219
1789031914834046700,51.07004663085937,-0.148514986038208,-0.5437701344490051,0.10614673793315887
1789031914844050000,51.0800498046875,-0.16419567167758942,-0.4646263122558594,0.11192312836647034
1789031914854053000,51.09005322265625,-0.16872528195381165,-0.37369266152381897,0.10729170590639114
1789031914864055800,51.100055908203124,-0.1534224897623062,-0.27676451206207275,0.087270587682724
1789031914874059000,51.11005908203125,-0.1165701374411583,-0.1324230581521988,0.06294895708560944
1789031914884063000,51.12006298828125,-0.08742077648639679,0.08390018343925476,0.043685249984264374
1789031914894066000,51.13006591796875,-0.07418253272771835,0.3005913197994232,0.01610373891890049
1789031914904068900,51.14006884765625,-0.07514633238315582,0.4199451208114624,-0.02247055247426033
1789031914914072000,51.15007202148438,-0.08628249913454056,0.47626104950904846,-0.06383538246154785
1789031914924075000,51.16007495117187,-0.09940788149833679,0.5691443681716919,-0.10512449592351913
1789031914934078000,51.170077880859374,-0.10566040873527527,0.6648375988006592,-0.12558798491954803
1789031914944081000,51.180080810546876,-0.08466005325317383,0.7075496315956116,-0.11002553254365921
1789031914954083800,51.19008374023438,-0.06269137561321259,0.6878534555435181,-0.06495792418718338
1789031914964088000,51.20008813476562,-0.05647236108779907,0.6480399966239929,-0.022561734542250633
1789031914974091000,51.210091064453124,-0.059635408222675323,0.676006019115448,-0.01601620763540268
1789031914984094000,51.220093994140626,-0.06110334396362305,0.7652440071105957,-0.041803065687417984
1789031914994097000,51.23009692382813,-0.03316809609532356,0.802790641784668,-0.04921279102563858
1789031915004099800,51.24009985351562,0.021825114265084267,0.7476277351379395,-0.03306498005986214
1789031915014103000,51.25010302734375,0.04803035780787468,0.6524460911750793,-0.015982136130332947
1789031915024106000,51.26010595703125,0.04514961689710617,0.5656009316444397,-0.008771894499659538
1789031915034109000,51.27010888671875,0.06134588643908501,0.5339285731315613,-0.015579191967844963
1789031915044112000,51.28011181640625,0.09416855126619339,0.5686002969741821,-0.03844402730464935
1789031915054116000,51.2901162109375,0.1241956502199173,0.6576762795448303,-0.08722671866416931
1789031915064118800,51.30011889648438,0.1486748903989792,0.7613507509231567,-0.15162968635559082
1789031915074122000,51.3101220703125,0.16128474473953247,0.8015386462211609,-0.18979918956756592
1789031915084125000,51.320125,0.15637467801570892,0.7338626980781555,-0.18521857261657715
1789031915094127900,51.3301279296875,0.14295594394207,0.6123421788215637,-0.16805921494960785
1789031915104131000,51.340131103515624,0.12321954220533371,0.5036298036575317,-0.168852299451828
1789031915114133800,51.3501337890625,0.10223579406738281,0.4567595422267914,-0.19384080171585083
1789031915124137000,51.36013696289063,0.08252014964818954,0.43063631653785706,-0.228159099817276
1789031915134140000,51.37013989257812,0.06399128586053848,0.39866402745246887,-0.24787640571594238
1789031915144144100,51.38014404296875,0.05217431113123894,0.36236247420310974,-0.2506822943687439
1789031915154146800,51.390146728515624,0.06920965015888214,0.36528629064559937,-0.26435306668281555
1789031915164150000,51.40014990234375,0.09719467908143997,0.4160405397415161,-0.3071785569190979
1789031915174153000,51.41015307617187,0.09950686991214752,0.4655485153198242,-0.3594364523887634
1789031915184156000,51.420156005859376,0.08991416543722153,0.43942904472351074,-0.399626225233078
1789031915194159000,51.4301591796875,0.0651504248380661,0.26434195041656494,-0.38404160737991333
1789031915204161800,51.44016186523437,0.0021757236681878567,0.025347208604216576,-0.34794777631759644
1789031915214165000,51.4501650390625,-0.06015576049685478,-0.11093848198652267,-0.35838156938552856
1789031915224168000,51.46016796875,-0.07156101614236832,-0.09259755909442902,-0.40413177013397217
1789031915234171000,51.4701708984375,-0.017858104780316353,-0.008174553513526917,-0.45231738686561584
1789031915244174800,51.4801748046875,0.05212097987532616,0.06000610068440437,-0.4988590478897095
1789031915254178000,51.490177978515625,0.12908495962619781,0.08435084670782089,-0.5519997477531433
1789031915264181000,51.50018090820313,0.16255077719688416,0.05402276664972305,-0.5997856259346008
1789031915274184000,51.51018383789062,0.1594463437795639,-0.039308011531829834,-0.6033399105072021
1789031915284187000,51.520186767578124,0.13394391536712646,-0.09396087378263474,-0.6210323572158813
1789031915294189800,51.53018994140625,0.14458610117435455,0.004029509611427784,-0.7065466642379761
1789031915304193000,51.54019311523437,0.19880592823028564,0.17194367945194244,-0.8188737630844116
1789031915314196000,51.550196044921876,0.2067147195339203,0.17914167046546936,-0.8515121340751648
1789031915324200000,51.560199951171874,0.15281377732753754,0.0704350396990776,-0.8075002431869507
1789031915334203000,51.57020288085938,0.11344661563634872,0.13283255696296692,-0.7776930332183838
1789031915344205800,51.58020581054687,0.1288847029209137,0.4622810184955597,-0.7937606573104858
1789031915354209000,51.590208984375,0.17058496177196503,0.7760787010192871,-0.7736636996269226
1789031915364212000,51.6002119140625,0.2193911075592041,0.8901653289794922,-0.7033788561820984
1789031915374215000,51.61021484375,0.27780017256736755,0.8504981398582458,-0.6253222227096558
1789031915384217900,51.6202177734375,0.2750997543334961,0.7202700972557068,-0.5193113684654236
1789031915394220800,51.630220703125,0.2237340360879898,0.5970999002456665,-0.39836734533309937
1789031915404224000,51.64022412109375,0.15442952513694763,0.5390304923057556,-0.2862189710140228
1789031915414228000,51.65022802734375,0.07513313740491867,0.5144252181053162,-0.18602553009986877
1789031915424231200,51.660231201171875,0.027216212823987007,0.4839479625225067,-0.11891920119524002
1789031915434233900,51.67023388671875,0.01772618107497692,0.4342404901981354,-0.09253253042697906
1789031915444237000,51.68023706054687,0.02542431466281414,0.36492854356765747,-0.12676507234573364
1789031915454239700,51.69023974609375,0.06404120475053787,0.26339906454086304,-0.1853002905845642
1789031915464243000,51.70024291992188,0.09753391891717911,0.11977586150169373,-0.19266925752162933
1789031915474246100,51.71024609375,0.07527577877044678,-0.026761149987578392,-0.08402027189731598
1789031915484248800,51.720248779296874,0.040365464985370636,-0.1305466592311859,0.07726582139730453
1789031915494252000,51.730251953125,0.04307868704199791,-0.15435977280139923,0.13197967410087585
1789031915504255000,51.7402548828125,0.06874383985996246,-0.16628408432006836,0.02591261826455593
1789031915514259000,51.75025903320312,0.1002216637134552,-0.2183951586484909,-0.08478357642889023
1789031915524261000,51.76026123046875,0.10719674825668335,-0.24576394259929657,-0.10006825625896454
1789031915534264300,51.770264404296874,0.1095711812376976,-0.23817233741283417,-0.0948801189661026
1789031915544267300,51.780267333984376,0.10163016617298126,-0.24134975671768188,-0.1313672959804535
1789031915554270200,51.79027026367187,0.07075025141239166,-0.3201557993888855,-0.1142604649066925
1789031915564273400,51.8002734375,0.03487987071275711,-0.3914872407913208,0.03772401437163353
1789031915574276000,51.810276123046876,0.06258738040924072,-0.3715718686580658,0.20323975384235382
1789031915584279300,51.820279296875,0.12009647488594055,-0.30638808012008667,0.22579406201839447
1789031915594282500,51.830282470703125,0.17147167026996613,-0.2603945732116699,0.1327657401561737
1789031915604286200,51.8402861328125,0.1913638859987259,-0.3078930974006653,0.05078485980629921
1789031915614289400,51.850289306640626,0.19533325731754303,-0.40356042981147766,0.07130669057369232
1789031915624292400,51.86029223632813,0.1894569993019104,-0.4631297290325165,0.1880471557378769
1789031915634295300,51.87029541015625,0.1785023808479309,-0.4495050311088562,0.36071959137916565
1789031915644298200,51.88029833984375,0.17067374289035797,-0.368152379989624,0.5415726900100708
1789031915654301200,51.89030126953125,0.1758173555135727,-0.2455756515264511,0.6688473224639893
1789031915664304400,51.900304443359374,0.15277116000652313,-0.09415550529956818,0.7109020948410034
1789031915674307300,51.91030737304688,0.09430410712957382,0.01703248918056488,0.734010636806488
1789031915684310300,51.92031030273437,0.027979139238595963,0.04436078667640686,0.808137059211731
1789031915694314200,51.93031420898438,-0.01694544032216072,0.05258546769618988,0.8901898264884949
1789031915704317400,51.9403173828125,-0.012748830951750278,0.09793590754270554,0.9166824221611023
1789031915714320100,51.950320068359375,0.013725659810006618,0.13926570117473602,0.9093092083930969
1789031915724323300,51.9603232421875,0.01954280212521553,0.1626162827014923,0.8931291699409485
1789031915734326300,51.970326171875,0.0009378381073474884,0.18295234441757202,0.881405770778656
1789031915744329200,51.9803291015625,-0.0315396785736084,0.15796257555484772,0.9061524271965027
1789031915754332400,51.99033251953125,-0.08275409787893295,0.0660887360572815,0.956057071685791
1789031915764335400,52.00033544921875,-0.1404765099287033,-0.030435936525464058,0.973177433013916
1789031915774338300,52.01033837890625,-0.18455609679222107,-0.08027573674917221,0.9104560017585754
1789031915784342300,52.02034228515625,-0.22080810368061066,-0.12857510149478912,0.7771898508071899
1789031915794345500,52.03034545898438,-0.22327058017253876,-0.2226734757423401,0.6244087219238281
1789031915804348200,52.04034814453125,-0.228445366024971,-0.38928937911987305,0.5138010382652283
1789031915814351400,52.050351318359375,-0.2487832009792328,-0.5685957074165344,0.4439828097820282
1789031915824354000,52.06035400390625,-0.2620031237602234,-0.6631326079368591,0.40790310502052307
1789031915834357200,52.07035717773437,-0.26882028579711914,-0.6905652284622192,0.38266268372535706
1789031915844360400,52.0803603515625,-0.28949493169784546,-0.6847078204154968,0.35963568091392517
1789031915854363100,52.09036303710938,-0.32831695675849915,-0.6970717310905457,0.33691656589508057
1789031915864366300,52.100366455078124,-0.35376879572868347,-0.7755321860313416,0.32231977581977844
1789031915874370300,52.11037036132812,-0.3546558618545532,-0.9063510894775391,0.316867470741272
1789031915884373200,52.120373291015625,-0.3384039103984833,-1.0156499147415161,0.31946006417274475
1789031915894376200,52.13037622070313,-0.30902206897735596,-1.069801688194275,0.3091285824775696
1789031915904379400,52.14037939453125,-0.29246944189071655,-1.0822871923446655,0.2904933989048004
1789031915914382300,52.15038232421875,-0.2484007626771927,-1.0579618215560913,0.25695961713790894
1789031915924385300,52.16038525390625,-0.216399148106575,-0.9884406924247742,0.2097729593515396
1789031915934388200,52.17038818359375,-0.17421920597553253,-0.8917847275733948,0.15920458734035492
1789031915944391200,52.18039111328125,-0.1245664432644844,-0.8481134176254272,0.12021297961473465
1789031915954394400,52.19039428710938,-0.03529414162039757,-0.8980201482772827,0.09218990802764893
1789031915964397300,52.20039721679687,0.04387897253036499,-0.9302875399589539,0.05229654908180237
1789031915974401300,52.2104013671875,0.04198865592479706,-0.8424314260482788,-0.020460739731788635
1789031915984404200,52.220404296875,-0.04308682307600975,-0.6880737543106079,-0.08636518567800522
1789031915994407200,52.2304072265625,-0.14675277471542358,-0.5782759189605713,-0.07885906845331192
1789031916004410400,52.24041040039062,-0.20544405281543732,-0.5509588122367859,0.024203134700655937
1789031916014413300,52.250413330078125,-0.18822050094604492,-0.48208490014076233,0.1540454924106598
1789031916024416300,52.26041625976563,-0.14173687994480133,-0.3226102888584137,0.2017485797405243
1789031916034419200,52.27041918945312,-0.13392528891563416,-0.10866931080818176,0.15932494401931763
1789031916044422400,52.28042236328125,-0.16203175485134125,0.02114727534353733,0.11700518429279327
1789031916054425300,52.29042529296875,-0.19493088126182556,0.009932470507919788,0.12692174315452576
1789031916064429300,52.30042919921875,-0.17162741720676422,0.01870732009410858,0.17574281990528107
1789031916074432300,52.31043237304687,-0.12190511077642441,0.21814468502998352,0.17958520352840424
1789031916084435200,52.320435302734374,-0.11316274851560593,0.525322437286377,0.09686636179685593
1789031916094438400,52.3304384765625,-0.1417645663022995,0.7807638049125671,-0.02624066174030304
1789031916104441000,52.34044116210937,-0.18462468683719635,0.8736868500709534,-0.10338311642408371
1789031916114444300,52.3504443359375,-0.21122176945209503,0.843822181224823,-0.08393265306949615
1789031916124447200,52.360447265625,-0.18183459341526031,0.7707597017288208,-0.005158740561455488
1789031916134450200,52.3704501953125,-0.1228790283203125,0.733393132686615,0.05878208577632904
1789031916144453400,52.380453369140625,-0.0735064148902893,0.7549628615379333,0.07131492346525192
1789031916154457300,52.390457275390624,-0.0614611990749836,0.8109594583511353,0.039665378630161285
1789031916164460300,52.400460205078126,-0.05853864550590515,0.8221447467803955,-0.010351713746786118
1789031916174463200,52.41046313476563,-0.049420274794101715,0.7722051739692688,-0.0618862621486187
1789031916184466400,52.420466552734375,-0.03571378439664841,0.6975727677345276,-0.0918193981051445
1789031916194469000,52.43046923828125,-0.023097310215234756,0.6350559592247009,-0.09607034176588058
1789031916204472300,52.44047241210937,-0.015870023518800735,0.5666268467903137,-0.07021237909793854
1789031916214475500,52.4504755859375,0.014716622419655323,0.5158603191375732,-0.05562302842736244
1789031916224478200,52.46047827148438,0.054178543388843536,0.5116091370582581,-0.08165650069713593
1789031916234481400,52.4704814453125,0.06283357739448547,0.48465287685394287,-0.12714968621730804
1789031916244485400,52.4804853515625,0.04492275044322014,0.4328341484069824,-0.15802530944347382
1789031916254488300,52.49048828125,0.04377971962094307,0.4455300569534302,-0.18742793798446655
1789031916264491300,52.5004912109375,0.07608412206172943,0.5624058246612549,-0.2330484241247177
1789031916274494200,52.510494140625,0.10920635610818863,0.7036645412445068,-0.2611066699028015
1789031916284497200,52.5204970703125,0.13255563378334045,0.7709634304046631,-0.2586195468902588
1789031916294500400,52.530500244140626,0.15363562107086182,0.7467746138572693,-0.2533496916294098
1789031916304503300,52.54050341796875,0.16103601455688477,0.7061797976493835,-0.26400792598724365
1789031916314506200,52.55050634765625,0.18882080912590027,0.7504624128341675,-0.31201115250587463
1789031916324509400,52.56050952148438,0.24637705087661743,0.8806606531143188,-0.3990725576877594
1789031916334512000,52.57051220703125,0.3018306493759155,1.0046478509902954,-0.5068855881690979
1789031916344516400,52.58051635742188,0.32258841395378113,0.9744707942008972,-0.578538715839386
1789031916354519300,52.59051928710937,0.312463641166687,0.7605820298194885,-0.6074765920639038
1789031916364522200,52.600522216796875,0.256013423204422,0.4452302157878876,-0.6199119687080383
1789031916374525200,52.61052514648438,0.18050265312194824,0.15202085673809052,-0.6607401371002197
1789031916384528100,52.62052807617187,0.12278075516223907,-0.03753921389579773,-0.7186417579650879
1789031916394531300,52.63053125,0.10912193357944489,-0.15695634484291077,-0.7631407976150513
1789031916404534300,52.6405341796875,0.13188396394252777,-0.20519737899303436,-0.7966073751449585
1789031916414537200,52.650537109375,0.15261614322662354,-0.1891528218984604,-0.8294076919555664
1789031916424540200,52.6605400390625,0.18725401163101196,-0.15516875684261322,-0.8541004657745361
1789031916434544400,52.67054443359375,0.20313678681850433,-0.17645195126533508,-0.8352591395378113
1789031916444547000,52.68054711914063,0.19845734536647797,-0.2222849577665329,-0.8371710181236267
1789031916454550300,52.69055029296875,0.17704853415489197,-0.25392839312553406,-0.8534054160118103
1789031916464553500,52.700553466796876,0.16021735966205597,-0.21526062488555908,-0.9031663537025452
1789031916474556200,52.71055615234375,0.15624922513961792,-0.17864373326301575,-0.9332078695297241
1789031916484559400,52.72055932617187,0.15933236479759216,-0.18444249033927917,-0.8835289478302002
1789031916494562300,52.730562255859375,0.14456772804260254,-0.15003009140491486,-0.7738146781921387
1789031916504565200,52.74056518554688,0.12366163730621338,0.08605726808309555,-0.6526035666465759
1789031916514568400,52.750568359375,0.1301715075969696,0.44440677762031555,-0.5705552697181702
1789031916524571400,52.7605712890625,0.13346822559833527,0.6777289509773254,-0.5133548378944397
1789031916534575400,52.770575439453125,0.0722142904996872,0.6861966252326965,-0.4451998174190521
1789031916544578600,52.78057861328125,0.01052003726363182,0.6747263669967651,-0.38589122891426086
1789031916554581500,52.79058154296875,0.03134092316031456,0.7828762531280518,-0.38407713174819946
1789031916564584400,52.80058447265625,0.12200158834457397,0.8781740069389343,-0.458794504404068
1789031916574587400,52.81058740234375,0.22470623254776,0.7624627947807312,-0.5599843859672546
1789031916584590300,52.82059033203125,0.26947611570358276,0.44912540912628174,-0.5831429958343506
1789031916594593500,52.830593505859376,0.22840972244739532,0.17100407183170319,-0.4289902150630951
1789031916604596500,52.84059643554688,0.13355058431625366,0.09484298527240753,-0.1714010238647461
1789031916614599400,52.85059936523437,0.03016035445034504,0.11722276359796524,0.029819924384355545
1789031916624603400,52.86060327148437,0.013292691670358181,0.21257245540618896,0.04334105923771858
1789031916634606300,52.8706064453125,0.06820282340049744,0.3293130397796631,-0.15600961446762085
1789031916644609500,52.88060961914063,0.1093880757689476,0.2505897283554077,-0.3806546926498413
1789031916654612500,52.89061254882812,0.09299812465906143,0.056918926537036896,-0.45130300521850586
1789031916664615400,52.900615478515626,0.06672098487615585,-0.040926940739154816,-0.3345454931259155
1789031916674618400,52.91061840820313,0.04613902419805527,-0.0028468144591897726,-0.12429878860712051
1789031916684621300,52.92062133789062,-0.009492013603448868,-0.01096146646887064,0.032513465732336044
1789031916694624500,52.93062451171875,-0.04319144785404205,-0.06445243954658508,0.048318568617105484
1789031916704627500,52.94062744140625,-0.027008751407265663,-0.13431940972805023,-0.021098323166370392
1789031916714630400,52.95063037109375,-0.013813748024404049,-0.22816434502601624,-0.09254620969295502
1789031916724634400,52.96063427734375,-0.04473091661930084,-0.3251553475856781,-0.07862826436758041
1789031916734637600,52.970637451171875,-0.07593252509832382,-0.3165217638015747,-0.001990202348679304
1789031916744640300,52.98064013671875,-0.06153068318963051,-0.2502008080482483,0.05922708287835121
1789031916754643500,52.9906435546875,-0.0128156878054142,-0.1899718940258026,0.07434803247451782
1789031916764646700,53.000646728515626,0.04070106893777847,-0.18413184583187103,0.05886387825012207
1789031916774649300,53.0106494140625,0.08366020768880844,-0.21237628161907196,0.02030825801193714
1789031916784652500,53.02065258789062,0.09882664680480957,-0.24052350223064423,-0.0038263723254203796
1789031916794655500,53.030655517578126,0.10480741411447525,-0.24935021996498108,0.017500419169664383
1789031916804658400,53.04065844726563,0.10926101356744766,-0.30482280254364014,0.10841701179742813
1789031916814662400,53.05066235351563,0.08524147421121597,-0.3686206042766571,0.2614379823207855
1789031916824665600,53.06066552734375,0.03676847368478775,-0.3981825113296509,0.4198739528656006
1789031916834668300,53.070668212890624,-0.04084136709570885,-0.37924182415008545,0.5389377474784851
1789031916844671500,53.08067138671875,-0.09390058368444443,-0.3508980870246887,0.5723148584365845
1789031916854674400,53.09067431640625,-0.09582752734422684,-0.3093912601470947,0.5245586633682251
1789031916864677400,53.100677490234375,-0.044314537197351456,-0.27051761746406555,0.4705311059951782
1789031916874680600,53.1106806640625,0.01934785768389702,-0.24468596279621124,0.4843544363975525
1789031916884683300,53.12068334960937,0.056277383118867874,-0.24154263734817505,0.5865513682365417
1789031916894686500,53.1306865234375,0.044091079384088516,-0.22115308046340942,0.7133148908615112
1789031916904689700,53.14068969726563,0.013608270324766636,-0.15298761427402496,0.78774094581604
1789031916914693400,53.150693359375,-0.01968182437121868,-0.09978318214416504,0.7801799774169922
1789031916924696300,53.1606962890625,-0.04516987502574921,-0.11429261416196823,0.6823846697807312
1789031916934699500,53.170699462890624,-0.05483739823102951,-0.15411801636219025,0.5219830274581909
1789031916944702500,53.18070239257813,-0.03576890006661415,-0.14137159287929535,0.36360085010528564
1789031916954705400,53.19070532226562,0.01235869713127613,-0.05636471137404442,0.2582331597805023
1789031916964708400,53.200708251953124,0.06032382696866989,0.07689560949802399,0.2279210388660431
1789031916974711300,53.210711181640626,0.10798219591379166,0.21593773365020752,0.22358006238937378
1789031916984714500,53.22071459960937,0.1357797384262085,0.3366769254207611,0.20776301622390747
1789031916994717400,53.230717529296875,0.12718142569065094,0.3906230926513672,0.16394765675067902
1789031917004720400,53.24072045898438,0.10551767796278,0.34138044714927673,0.12383804470300674
1789031917014724600,53.250724609375,0.12442187964916229,0.2523867189884186,0.08771704882383347
1789031917024727300,53.26072729492188,0.16180627048015594,0.17680460214614868,0.05654607713222504
1789031917034730500,53.27073046875,0.17794069647789001,0.14752088487148285,0.02211117371916771
1789031917044733400,53.2807333984375,0.17931462824344635,0.19721706211566925,-0.026671279221773148
1789031917054736400,53.290736328125,0.16323931515216827,0.2845148742198944,-0.04711746424436569
1789031917064739600,53.300739501953124,0.1530897319316864,0.3384188413619995,-0.03363307937979698
1789031917074742500,53.31074243164063,0.1566590517759323,0.34527063369750977,-0.00018849875777959824
1789031917084745500,53.32074536132812,0.16821131110191345,0.30495330691337585,0.03504805266857147
1789031917094748400,53.33074853515625,0.17453396320343018,0.23881088197231293,0.06145433709025383
1789031917104752600,53.340752685546875,0.16465604305267334,0.15867716073989868,0.08823428303003311
1789031917114755300,53.35075537109375,0.14749354124069214,0.08279445767402649,0.1228809505701065
1789031917124758500,53.36075854492187,0.13127011060714722,0.023027265444397926,0.15343274176120758
1789031917134761200,53.37076123046875,0.1262975037097931,-0.0007619004463776946,0.15729586780071259
1789031917144764400,53.380764404296876,0.12274619191884995,0.03605550155043602,0.12509585916996002
1789031917154767600,53.390767578125,0.12922511994838715,0.13101306557655334,0.06721019744873047
1789031917164770300,53.40077026367187,0.14067910611629486,0.17486946284770966,0.03297819197177887
1789031917174773500,53.4107734375,0.13074104487895966,0.09560592472553253,0.0514860600233078
1789031917184776400,53.4207763671875,0.10073041915893555,-0.02685021609067917,0.07838717848062515
1789031917194779400,53.430779296875,0.04332628473639488,-0.08281813561916351,0.0849824771285057
1789031917204783400,53.44078344726562,0.0011130536440759897,-0.10735303908586502,0.09878430515527725
1789031917214786600,53.45078662109375,-0.014942129142582417,-0.16502532362937927,0.12578852474689484
1789031917224789500,53.46078955078125,-0.04406006634235382,-0.23333406448364258,0.16042372584342957
1789031917234792400,53.47079248046875,-0.07917963713407516,-0.23934803903102875,0.17070376873016357
1789031917244795600,53.48079565429688,-0.09478230029344559,-0.22570094466209412,0.16179761290550232
1789031917254798300,53.49079833984375,-0.073442742228508,-0.24890507757663727,0.14270839095115662
1789031917264801500,53.500801513671874,-0.04430296644568443,-0.25312620401382446,0.13322700560092926
1789031917274804500,53.510804443359376,-0.024513864889740944,-0.16810071468353271,0.13062192499637604
1789031917284807400,53.52080737304688,-0.012977849692106247,-0.0026696822606027126,0.12218824028968811
1789031917294810600,53.530810546875,-0.021335389465093613,0.18436285853385925,0.10095139592885971
1789031917304814300,53.540814453125,-0.05279877036809921,0.3286321461200714,0.07234904915094376
1789031917314817500,53.550817626953126,-0.10246255993843079,0.40727517008781433,0.044395241886377335
1789031917324820500,53.56082055664063,-0.17159369587898254,0.45869868993759155,0.034762587398290634
1789031917334823400,53.57082348632812,-0.24101367592811584,0.5420401096343994,0.033748649060726166
1789031917344826400,53.580826416015626,-0.27691811323165894,0.6358691453933716,0.027524307370185852
1789031917354829600,53.59082958984375,-0.2898552417755127,0.6743585467338562,0.03169800341129303
1789031917364832500,53.60083251953125,-0.2737225890159607,0.6801410913467407,0.047381892800331116
1789031917374835500,53.61083544921875,-0.23993778228759766,0.6824045777320862,0.04665914550423622
1789031917384838400,53.62083837890625,-0.20624826848506927,0.7174584269523621,0.03237421438097954
1789031917394841300,53.63084130859375,-0.1825031340122223,0.7328395843505859,0.011266452260315418
1789031917404845600,53.64084545898437,-0.17383427917957306,0.6520134806632996,0.008275988511741161
1789031917414848300,53.65084814453125,-0.19509997963905334,0.4373049736022949,0.026245994493365288
1789031917424851500,53.6608515625,-0.22744646668434143,0.19946177303791046,0.05064667761325836
1789031917434854400,53.6708544921875,-0.23580290377140045,0.05674099922180176,0.045781057327985764
1789031917444857300,53.680857421875,-0.23310963809490204,0.002106515923514962,0.023722894489765167
1789031917454860500,53.69086059570313,-0.22465035319328308,0.0034011630341410637,-0.004256564658135176
1789031917464863500,53.70086352539062,-0.22431185841560364,0.04241061210632324,-0.030739836394786835
1789031917474866400,53.710866455078126,-0.23971302807331085,0.09809466451406479,-0.035256486386060715
1789031917484869400,53.72086938476563,-0.24929746985435486,0.1213536486029625,-0.01152319461107254
1789031917494873600,53.73087353515625,-0.2167392522096634,0.08782296627759933,0.005267495755106211
1789031917504876300,53.74087622070312,-0.17330043017864227,0.014015053398907185,-0.02092469297349453
1789031917514879500,53.75087939453125,-0.1794634908437729,-0.09909597039222717,-0.06304340809583664
1789031917524882400,53.76088232421875,-0.22580862045288086,-0.2383955419063568,-0.06853990256786346
1789031917534885600,53.7708857421875,-0.29295462369918823,-0.3807377219200134,-0.017193373292684555
1789031917544888600,53.780888671875,-0.3263874053955078,-0.4099845588207245,0.04245610535144806
1789031917554891500,53.7908916015625,-0.28598475456237793,-0.3025968372821808,0.05340776592493057
1789031917564894500,53.80089453125,-0.18602807819843292,-0.09105262905359268,-0.010491851717233658
1789031917574897400,53.8108974609375,-0.08608470857143402,0.1069202572107315,-0.12956629693508148
1789031917584900600,53.82090063476563,-0.04282325506210327,0.13805660605430603,-0.2370876967906952
1789031917594904300,53.830904296875,-0.03763607144355774,0.004405420273542404,-0.2895263433456421
1789031917604907500,53.84090747070312,-0.05701349675655365,-0.11563310027122498,-0.2938947379589081
1789031917614910700,53.85091064453125,-0.05889718234539032,-0.06526622921228409,-0.3133413791656494
1789031917624913400,53.86091333007813,-0.031486596912145615,0.15740466117858887,-0.39191633462905884
1789031917634916600,53.87091650390625,0.0025974747259169817,0.37553083896636963,-0.4988900423049927
1789031917644919600,53.88091943359375,0.03757090121507645,0.4035976231098175,-0.550134003162384
1789031917654922500,53.89092260742188,0.046033360064029694,0.23565715551376343,-0.5102246999740601
1789031917664925700,53.90092578125,0.019582577049732208,0.0418461412191391,-0.4110749363899231
1789031917674928400,53.910928466796875,-0.02895064279437065,-0.0038404720835387707,-0.3532329201698303
1789031917684931600,53.920931640625,-0.051655154675245285,0.06471382081508636,-0.3532124161720276
1789031917694935600,53.930935546875,-0.05573355406522751,0.06564371287822723,-0.36281654238700867
1789031917704938500,53.9409384765625,-0.058007895946502686,-0.048733197152614594,-0.3502117991447449
1789031917714941400,53.95094140625,-0.08422672003507614,-0.21078920364379883,-0.32302597165107727
1789031917724944600,53.96094458007813,-0.11217845976352692,-0.3174818456172943,-0.28752124309539795
1789031917734947300,53.970947265625,-0.13114939630031586,-0.32472774386405945,-0.24864554405212402
1789031917744950500,53.980950439453125,-0.1466820240020752,-0.2565532326698303,-0.22205735743045807
1789031917754953700,53.99095361328125,-0.13651226460933685,-0.16330701112747192,-0.2173653542995453
1789031917764956400,54.00095629882812,-0.11358830332756042,-0.07333584874868393,-0.24688808619976044
1789031917774959600,54.010959716796876,-0.0932164266705513,-0.00964372418820858,-0.28229910135269165
1789031917784962300,54.02096240234375,-0.05685202777385712,0.04190575331449509,-0.30418866872787476
1789031917794966500,54.03096655273438,-0.013169832527637482,0.08781350404024124,-0.30298757553100586
1789031917804969500,54.04096948242187,0.032428544014692307,0.12946614623069763,-0.28569990396499634
1789031917814972700,54.05097265625,0.054747819900512695,0.11066413670778275,-0.25392448902130127
1789031917824975600,54.0609755859375,0.046026233583688736,0.04915763810276985,-0.19557784497737885
1789031917834978600,54.070978515625,0.032972875982522964,0.01863092929124832,-0.1255376785993576
1789031917844981500,54.0809814453125,0.018900997936725616,0.017109200358390808,-0.05083893984556198
1789031917854984400,54.090984375,0.01191393006592989,0.031772829592227936,-0.017891909927129745
1789031917864987600,54.10098754882812,0.013006891123950481,0.03527701646089554,-0.027506185695528984
1789031917874990300,54.110990234375,0.013548311777412891,0.0027345214039087296,-0.045511286705732346
1789031917884993500,54.12099365234375,0.01669451594352722,-0.05806450545787811,-0.021411772817373276
1789031917894997500,54.13099755859375,0.03078358620405197,-0.08952222764492035,0.014508314430713654
1789031917905000400,54.14100048828125,0.02650654874742031,-0.08414317667484283,0.019985105842351913
1789031917915003600,54.151003662109375,0.009390672668814659,-0.061329927295446396,0.011170579120516777
1789031917925006600,54.16100659179688,0.014911670237779617,-0.01337039191275835,0.0005914375651627779
1789031917935009500,54.17100952148437,0.042527519166469574,0.03442058712244034,-0.03587252274155617
1789031917945012500,54.181012451171874,0.06258644908666611,0.0048523093573749065,-0.07290537655353546
1789031917955015400,54.191015380859376,0.0642668828368187,-0.05384772643446922,-0.09142764657735825
1789031917965018600,54.2010185546875,0.07250696420669556,-0.08521176874637604,-0.07535360008478165
1789031917975021600,54.211021484375,0.08826269954442978,-0.061922021210193634,-0.03230729699134827
1789031917985024500,54.2210244140625,0.098753422498703,-0.05972038581967354,0.04110513627529144
1789031917995028500,54.231028564453126,0.10423541814088821,-0.07689815759658813,0.08732207864522934
1789031918005031700,54.24103173828125,0.11545957624912262,-0.09971026331186295,0.07457778602838516
1789031918015034400,54.25103442382812,0.1181308776140213,-0.09428112953901291,0.0011537065729498863
1789031918025037600,54.26103759765625,0.09814998507499695,-0.08098583668470383,-0.0875636488199234
1789031918035040500,54.27104052734375,0.06090415269136429,-0.09254457801580429,-0.09858305752277374
1789031918045043500,54.28104345703125,0.03243762254714966,-0.05868249014019966,-0.05313221737742424
1789031918055046700,54.29104663085938,0.03559926897287369,0.020523594692349434,0.00464643444865942
1789031918065049300,54.30104931640625,0.06983926147222519,0.1125003919005394,0.031012795865535736
1789031918075052500,54.311052490234374,0.11659400165081024,0.22164350748062134,-0.0474652424454689
1789031918085055500,54.321055419921876,0.12421970069408417,0.2435176521539688,-0.14553561806678772
1789031918095059700,54.33105981445313,0.10074955224990845,0.17878489196300507,-0.18233811855316162
1789031918105062400,54.3410625,0.08198864758014679,0.13165251910686493,-0.10686227679252625
1789031918115065600,54.351065673828124,0.0784422978758812,0.16591618955135345,-0.0027122902683913708
1789031918125068500,54.361068603515626,0.09366918355226517,0.24320033192634583,0.032212935388088226
1789031918135071500,54.37107153320313,0.12577135860919952,0.3030496835708618,-0.01068759337067604
1789031918145074700,54.38107470703125,0.12524591386318207,0.27523109316825867,-0.06531168520450592
1789031918155077400,54.391077392578126,0.11843991279602051,0.19376011192798615,-0.11182323843240738
1789031918165080600,54.40108056640625,0.11595039069652557,0.1307944655418396,-0.1123308390378952
1789031918175083500,54.41108349609375,0.12548208236694336,0.12064313888549805,-0.0677817240357399
1789031918185086500,54.42108642578125,0.13982106745243073,0.12387222051620483,-0.011289957910776138
1789031918195090400,54.43109033203125,0.17027997970581055,0.13548555970191956,0.004438087344169617
1789031918205093600,54.44109375,0.2180885225534439,0.18151217699050903,-0.05030079185962677
1789031918215096600,54.4510966796875,0.25206485390663147,0.23944349586963654,-0.14687658846378326
1789031918225099500,54.461099609375,0.24444393813610077,0.255531370639801,-0.2189483791589737
1789031918235102500,54.4711025390625,0.21014486253261566,0.23550806939601898,-0.21189528703689575
1789031918245105400,54.48110546875,0.18334387242794037,0.24703504145145416,-0.1681816279888153
1789031918255108600,54.491108642578126,0.20232340693473816,0.3403255343437195,-0.15243488550186157
1789031918265111600,54.50111157226563,0.253473162651062,0.470741331577301,-0.18854361772537231
1789031918275114500,54.511114501953124,0.308465838432312,0.5427181124687195,-0.2572758197784424
1789031918285117700,54.52111767578125,0.33067765831947327,0.5342000126838684,-0.3050481379032135
1789031918295120400,54.53112036132813,0.31522971391677856,0.49134108424186707,-0.318990558385849
1789031918305124600,54.54112451171875,0.297228068113327,0.49460452795028687,-0.3210345208644867
1789031918315127600,54.55112744140625,0.2999753952026367,0.5508848428726196,-0.3228428065776825
1789031918325130500,54.561130615234376,0.33062276244163513,0.638645589351654,-0.3377338945865631
1789031918335133400,54.57113354492188,0.38355016708374023,0.7048036456108093,-0.3477817177772522
1789031918345136600,54.58113671875,0.42912057042121887,0.6936231851577759,-0.3305279016494751
1789031918355139600,54.5911396484375,0.42626991868019104,0.5828786492347717,-0.29184842109680176
1789031918365142500,54.601142578125,0.40779370069503784,0.4384216368198395,-0.27465319633483887
1789031918375145500,54.6111455078125,0.3855823874473572,0.357926607131958,-0.29690974950790405
1789031918385148400,54.6211484375,0.36110207438468933,0.34445658326148987,-0.31071850657463074
1789031918395152600,54.631152587890625,0.32570967078208923,0.330119788646698,-0.28305676579475403
1789031918405155300,54.6411552734375,0.26724958419799805,0.27385517954826355,-0.21566519141197205
1789031918415158500,54.65115844726562,0.20048099756240845,0.2327294647693634,-0.17644645273685455
1789031918425161700,54.66116162109375,0.1393609195947647,0.25203418731689453,-0.18885226547718048
1789031918435164400,54.67116430664063,0.10088123381137848,0.2899225056171417,-0.22173140943050385
1789031918445167600,54.681167724609374,0.06026669219136238,0.2593217194080353,-0.2229577898979187
1789031918455170600,54.691170654296876,-0.023322291672229767,0.1484859138727188,-0.18439464271068573
1789031918465173500,54.70117358398438,-0.11860939115285873,0.0605856217443943,-0.11258623749017715
1789031918475176400,54.71117651367187,-0.18921808898448944,0.06193914636969566,-0.046700410544872284
1789031918485179400,54.721179443359375,-0.22270973026752472,0.06960346549749374,-0.009193246252834797
1789031918495182600,54.7311826171875,-0.23303775489330292,0.01549152098596096,-0.006110887974500656
1789031918505186600,54.7411865234375,-0.23523619771003723,-0.06943269073963165,-0.01811828278005123
1789031918515189800,54.75118969726562,-0.23688656091690063,-0.19617438316345215,-0.02773548848927021
1789031918525191700,54.76119165039062,-0.25137069821357727,-0.3070737421512604,-0.04258847236633301
1789031918535195000,54.77119482421875,-0.2618516981601715,-0.34389156103134155,-0.0591006837785244
1789031918545197800,54.78119775390625,-0.25862979888916016,-0.27587923407554626,-0.06578974425792694
1789031918555200800,54.79120068359375,-0.20129364728927612,-0.14168675243854523,-0.057914718985557556
1789031918565203700,54.80120361328125,-0.11540830135345459,-0.013939444907009602,-0.032398972660303116
1789031918575206700,54.81120654296875,-0.04093165695667267,0.04582733288407326,-0.005097050219774246
1789031918585209900,54.8212099609375,0.004357792437076569,0.010981733910739422,0.010560472495853901
1789031918595212800,54.831212890625,0.011473327875137329,-0.054096728563308716,0.008713506162166595
1789031918605216800,54.841216796875,-0.0138554647564888,-0.07934217154979706,0.0016033987049013376
1789031918615219700,54.8512197265625,-0.028961287811398506,-0.015585619956254959,0.003516149241477251
1789031918625222700,54.86122265625,0.021291229873895645,0.1308743953704834,-0.002319635357707739
1789031918635225900,54.871225830078124,0.10376536101102829,0.23329174518585205,-0.055129606276750565
1789031918645228800,54.88122875976563,0.16740399599075317,0.2135305553674698,-0.11727713793516159
1789031918655231700,54.89123168945312,0.20077772438526154,0.11987856030464172,-0.16379965841770172
1789031918665234700,54.901234619140624,0.1909882128238678,0.04307379573583603,-0.17507147789001465
1789031918675238000,54.91123779296875,0.16631953418254852,0.008329343050718307,-0.14454098045825958
1789031918685240800,54.92124072265625,0.11045042425394058,0.00508161773905158,-0.06021410599350929
1789031918695243800,54.931243896484375,0.059060972183942795,0.05825139209628105,0.015448711812496185
1789031918705246700,54.94124682617188,0.044633831828832626,0.16008561849594116,-0.016386982053518295
1789031918715250700,54.951250732421876,0.04506612569093704,0.18113769590854645,-0.13129335641860962
1789031918725254000,54.96125390625,0.04149562492966652,0.10171130299568176,-0.18685941398143768
1789031918735256600,54.97125659179687,0.05228220298886299,0.06350769102573395,-0.17350207269191742
1789031918745259800,54.981259765625,0.06404805183410645,0.11122620850801468,-0.1429705172777176
1789031918755263000,54.99126293945312,0.08204382658004761,0.17661958932876587,-0.1166563555598259
1789031918765265700,55.001265625,0.08725190907716751,0.20821453630924225,-0.09227058291435242
1789031918775268900,55.01126879882813,0.07106531411409378,0.19266581535339355,-0.07779344171285629
1789031918785271800,55.02127172851562,0.03491423651576042,0.1440761685371399,-0.05269394814968109
1789031918795274800,55.031274658203124,0.0071522849611938,0.11925103515386581,-0.007549579255282879
1789031918805278000,55.04127783203125,0.008109692484140396,0.15653368830680847,0.017433002591133118
1789031918815282000,55.05128198242188,0.028829649090766907,0.1941768378019333,-0.029747314751148224
1789031918825284600,55.06128466796875,0.03774112090468407,0.18890485167503357,-0.07778913527727127
1789031918835287800,55.071287841796874,0.023684890940785408,0.16473793983459473,-0.029872175306081772
1789031918845290800,55.081290771484376,0.019919713959097862,0.1459575891494751,0.07670886069536209
1789031918855293700,55.09129370117188,0.038508154451847076,0.1975281685590744,0.10962999612092972
1789031918865297000,55.101296875,0.07464751601219177,0.3195882737636566,0.011618473567068577
1789031918875299600,55.111299560546875,0.11229874193668365,0.3846576511859894,-0.11319988965988159
1789031918885302800,55.121302734375,0.10995463281869888,0.3497486710548401,-0.14001792669296265
1789031918895306000,55.131305908203124,0.07025942951440811,0.21199731528759003,-0.0463995561003685
1789031918905308700,55.14130859375,0.029861142858862877,0.06293085962533951,0.11104065924882889
1789031918915312600,55.151312744140625,0.02824687957763672,0.03471502661705017,0.19521048665046692
1789031918925315800,55.16131591796875,0.0152562465518713,0.09289844334125519,0.1868974268436432
1789031918935318800,55.17131884765625,0.013673827983438969,0.15824592113494873,0.10886944830417633
1789031918945321700,55.18132177734375,0.014167046174407005,0.14059102535247803,0.061116304248571396
1789031918955325000,55.19132495117187,0.0010486880782991648,0.09540602564811707,0.06143421679735184
1789031918965327600,55.20132763671875,-0.04336538165807724,0.052191708236932755,0.10212039947509766
1789031918975330800,55.211330810546876,-0.10054295510053635,0.01825043559074402,0.17042410373687744
1789031918985333800,55.22133374023438,-0.12719374895095825,-0.030146390199661255,0.2451516091823578
1789031918995336700,55.23133666992187,-0.11835787445306778,-0.03915703669190407,0.28444308042526245
1789031919005340000,55.24133984375,-0.10026834905147552,-0.04249424487352371,0.26424139738082886
1789031919015342600,55.25134252929688,-0.10060533881187439,-0.06414994597434998,0.18346910178661346
1789031919025346800,55.26134692382813,-0.11804797500371933,-0.1193905621767044,0.11028198152780533
1789031919035349800,55.27134985351562,-0.1575564742088318,-0.16710013151168823,0.08562668412923813
1789031919045352700,55.281352783203126,-0.20499776303768158,-0.16851693391799927,0.12994249165058136
1789031919055356000,55.29135595703125,-0.19294673204421997,-0.10474827885627747,0.19815298914909363
1789031919065358800,55.30135888671875,-0.11310409754514694,-0.009661450982093811,0.23546761274337769
1789031919075361800,55.31136181640625,-0.034505970776081085,0.023939460515975952,0.215349018573761
1789031919085364700,55.32136474609375,-0.01954752765595913,-0.038569722324609756,0.15820159018039703
1789031919095367700,55.33136767578125,-0.07739695906639099,-0.13246740400791168,0.1118127703666687
1789031919105371000,55.341370849609376,-0.1383175551891327,-0.19191475212574005,0.11705067753791809
1789031919115373800,55.35137377929688,-0.16177691519260406,-0.18259325623512268,0.16724556684494019
1789031919125376800,55.36137670898437,-0.13787105679512024,-0.09994389861822128,0.19224464893341064
1789031919135380700,55.37138061523437,-0.08670762926340103,-0.006616082973778248,0.15944740176200867
1789031919145384000,55.381384033203126,-0.040034133940935135,-0.00936766155064106,0.09361805021762848
1789031919155386600,55.39138671875,-0.010265257209539413,-0.0392133854329586,0.030804958194494247
1789031919165389800,55.40138989257812,-0.008817296475172043,-0.015025760978460312,-0.016930870711803436
1789031919175392800,55.411392822265626,-0.030981337651610374,0.006188967265188694,-0.015797235071659088
1789031919185395700,55.42139575195313,-0.07236286997795105,-0.0009570929687470198,0.03896268084645271
1789031919195399000,55.43139892578125,-0.10633323341608047,-0.06364725530147552,0.1026884913444519
1789031919205401900,55.44140185546875,-0.10392174124717712,-0.10254751890897751,0.13313135504722595
1789031919215404800,55.45140478515625,-0.0938645601272583,-0.0672033280134201,0.10138805955648422
1789031919225407700,55.46140771484375,-0.07692179083824158,-0.04531267657876015,0.06104409694671631
1789031919235410700,55.47141064453125,-0.06662021577358246,-0.11209822446107864,0.04692698270082474
1789031919245414700,55.48141455078125,-0.0694359764456749,-0.23728543519973755,0.06774171441793442
1789031919255417900,55.49141796875,-0.08135904371738434,-0.3116081953048706,0.10163486748933792
1789031919265420800,55.5014208984375,-0.08784490078687668,-0.2897111773490906,0.10747677832841873
1789031919275423700,55.511423828125,-0.08112399280071259,-0.2228349894285202,0.09975074976682663
1789031919285427000,55.52142700195313,-0.05306626111268997,-0.14912454783916473,0.08924750238656998
1789031919295429600,55.5314296875,-0.009759592823684216,-0.07781801372766495,0.08140293508768082
1789031919305432800,55.541432861328126,0.012009352445602417,-0.03438132628798485,0.0836048349738121
1789031919315435800,55.55143579101563,0.006703124847263098,-0.04122627153992653,0.09139157831668854
1789031919325438700,55.56143872070312,-0.003980145789682865,-0.0803113579750061,0.09719434380531311
1789031919335442000,55.57144189453125,-0.013938289135694504,-0.1358318030834198,0.12956322729587555
1789031919345446000,55.58144580078125,-0.004177537746727467,-0.13811546564102173,0.15980607271194458
1789031919355448800,55.59144873046875,0.038563672453165054,-0.061093226075172424,0.13857437670230865
1789031919365451800,55.60145166015625,0.06159788742661476,0.011852619238197803,0.055483486503362656
1789031919375454700,55.611454833984375,0.0393235944211483,-0.009015463292598724,0.0012790297623723745
1789031919385457700,55.62145776367188,-0.011800043284893036,-0.1348612755537033,0.03148353844881058
1789031919395460900,55.6314609375,-0.022382425144314766,-0.2833538353443146,0.14474834501743317
1789031919405463800,55.6414638671875,0.012219227850437164,-0.33841922879219055,0.251886248588562
1789031919415466800,55.651466796875,0.0697440654039383,-0.30497634410858154,0.24230524897575378
1789031919425470000,55.66146997070312,0.10169560462236404,-0.1567104160785675,0.09727561473846436
1789031919435472600,55.67147265625,0.08182045817375183,-0.03186431899666786,-0.07487832754850388
1789031919445475800,55.68147583007813,0.04377027228474617,-0.04389834403991699,-0.13440929353237152
1789031919455479800,55.69147973632813,0.049634549766778946,-0.012333421967923641,-0.10369504988193512
1789031919465482800,55.70148266601562,0.07175316661596298,0.04528220370411873,-0.03189569711685181
1789031919475485700,55.711485595703124,0.11749984323978424,0.08584418892860413,0.04889584332704544
1789031919485489000,55.72148901367188,0.167501762509346,0.07584002614021301,0.11130116134881973
1789031919495491800,55.73149194335937,0.19095516204833984,0.02249756269156933,0.09872224926948547
1789031919505494800,55.741494873046875,0.16925093531608582,-0.03722222521901131,0.017418870702385902
1789031919515497700,55.75149780273438,0.1387660950422287,-0.05543210357427597,-0.0541997104883194
1789031919525500700,55.76150073242187,0.11963020265102386,-0.001266603940166533,-0.052386898547410965
1789031919535505000,55.7715048828125,0.13379958271980286,0.11354151368141174,0.009332646615803242
1789031919545507600,55.78150756835937,0.16182801127433777,0.1496151089668274,0.09656555205583572
1789031919555510800,55.7915107421875,0.16633166372776031,0.036738716065883636,0.1747666299343109
1789031919565514800,55.8015146484375,0.14157597720623016,-0.1731380820274353,0.21131852269172668
1789031919575518000,55.81151806640625,0.16066958010196686,-0.30031025409698486,0.1733844131231308
1789031919585520600,55.82152075195312,0.19659829139709473,-0.26231706142425537,0.08666469156742096
1789031919595523800,55.83152392578125,0.16569191217422485,-0.16819384694099426,-0.007232162170112133
1789031919605526800,55.84152685546875,0.003431899705901742,-0.2153555005788803,-0.028681796044111252
1789031919615529700,55.85152978515625,-0.16220669448375702,-0.3956650495529175,0.022640042006969452
1789031919625533000,55.86153295898438,-0.28852254152297974,-0.5562075972557068,0.08758362382650375
1789031919635535600,55.87153564453125,-0.3088013827800751,-0.45563456416130066,0.04861140251159668
1789031919645538800,55.881538818359374,-0.22672434151172638,-0.07854238897562027,-0.11329467594623566
1789031919655542000,55.8915419921875,-0.10217899829149246,0.2730456590652466,-0.2261708676815033
1789031919665545700,55.901545654296875,0.000278666615486145,0.365589439868927,-0.15095627307891846
1789031919675548700,55.91154858398438,0.0833081528544426,0.15772491693496704,0.08784104883670807
1789031919685551900,55.9215517578125,0.16921721398830414,-0.005418471992015839,0.2339567095041275
1789031919695554800,55.931554931640626,0.19443504512310028,-0.034043457359075546,0.2261902391910553
1789031919705557800,55.94155786132813,0.16072101891040802,-0.00364507082849741,0.1493377983570099
1789031919715560700,55.95156079101562,0.27192333340644836,0.20743948221206665,-0.0160808227956295
1789031919725563600,55.961563720703126,0.3301458954811096,0.47787973284721375,-0.2541394531726837
1789031919735566800,55.97156689453125,0.08618270605802536,0.4561893045902252,-0.3794715106487274
1789031919745569800,55.98156982421875,-0.31056439876556396,-0.03513993322849274,-0.19730329513549805
1789031919755572700,55.99157275390625,-0.46008703112602234,-0.452248215675354,0.15840767323970795
1789031919765576000,56.00157592773437,-0.2283502072095871,-0.3295039236545563,0.3819749653339386
1789031919775579600,56.01157958984375,0.1599082350730896,0.06382984668016434,0.3238965570926666
1789031919785582800,56.02158276367187,0.4295082688331604,0.43488967418670654,0.035296984016895294
1789031919795585800,56.031585693359375,0.5480152368545532,0.6159583926200867,-0.3754492998123169
1789031919805588700,56.04158862304688,0.44198179244995117,0.43787065148353577,-0.6227704286575317
1789031919815592000,56.051592041015624,0.0793948695063591,-0.12849314510822296,-0.386442631483078
1789031919825594600,56.0615947265625,-0.29768770933151245,-0.6077713370323181,0.08815958350896835
1789031919835597800,56.07159790039063,-0.42077797651290894,-0.5510581135749817,0.36406123638153076
1789031919845600800,56.08160083007812,-0.29133689403533936,-0.3018439710140228,0.4238172471523285
1789031919855603700,56.091603759765626,-0.07701555639505386,-0.30944716930389404,0.3136095106601715
1789031919865607000,56.10160693359375,0.0379943884909153,-0.4887221157550812,0.10535404831171036
1789031919875609900,56.11160986328125,-0.049841396510601044,-0.6969807744026184,-0.11634323000907898
1789031919885612800,56.12161279296875,-0.27011170983314514,-0.8928685188293457,-0.23478758335113525
1789031919895616800,56.13161669921875,-0.48265814781188965,-0.890891432762146,-0.19329947233200073
1789031919905620000,56.14161987304688,-0.4598471224308014,-0.35552895069122314,-0.13718853890895844
1789031919915622700,56.15162255859375,-0.0696394145488739,0.6521790027618408,-0.19518819451332092
1789031919925625900,56.1616259765625,0.3686434030532837,1.3544987440109253,-0.2184237390756607
1789031919935628800,56.17162890625,0.6952788829803467,1.522853136062622,-0.15723209083080292
1789031919945631700,56.1816318359375,0.8203334212303162,1.3381595611572266,-0.08006726205348969
1789031919955635000,56.191635009765626,0.8446606397628784,1.0914130210876465,0.03311602771282196
1789031919965637600,56.2016376953125,0.7180749773979187,0.6452305316925049,0.3384879231452942
1789031919975640800,56.21164086914062,0.4361073672771454,-0.010189495980739594,0.7086061835289001
1789031919985643800,56.221643798828126,0.3524492084980011,-0.36702245473861694,0.6848042011260986
1789031919995646700,56.23164672851563,0.46490737795829773,0.23235371708869934,-0.10508867353200912
1789031920005650700,56.24165063476563,0.42572322487831116,0.9226059317588806,-0.7529484033584595
1789031920015654000,56.25165380859375,0.296934574842453,0.9972590208053589,-0.72608482837677
1789031920025656600,56.261656494140624,0.2521263659000397,0.740070641040802,-0.31364744901657104
1789031920035659800,56.27165966796875,0.3456885516643524,0.5209430456161499,0.06230646371841431
1789031920045663000,56.2816630859375,0.3776451349258423,0.22319342195987701,0.21388906240463257
1789031920055665700,56.291665771484375,0.40847721695899963,-0.042114466428756714,0.1408078372478485
1789031920065668900,56.3016689453125,0.3425040543079376,-0.07617922872304916,-0.1417815089225769
1789031920075671600,56.31167163085937,0.1673887073993683,0.05802982673048973,-0.3968904912471771
1789031920085674800,56.3216748046875,0.04882744699716568,0.15676943957805634,-0.3348468542098999
1789031920095678000,56.33167797851563,0.05652759596705437,0.3023200035095215,-0.13449236750602722
1789031920105682000,56.34168188476563,0.17264755070209503,0.41280630230903625,0.05858574062585831
1789031920115684900,56.35168481445312,0.2918591797351837,0.37411031126976013,0.1721077561378479
1789031920125687800,56.361687744140625,0.2871387302875519,0.213362455368042,0.162087082862854
1789031920135690800,56.37169067382813,0.1947597712278366,0.07726292312145233,0.05283331125974655
1789031920145693700,56.38169360351562,0.07977672666311264,0.06836023926734924,-0.04738010838627815
1789031920155697000,56.39169677734375,0.061559226363897324,0.27868250012397766,-0.09507766366004944
1789031920165699800,56.40169995117188,0.1902407705783844,0.6244734525680542,-0.1280537247657776
1789031920175702800,56.41170288085937,0.3201369345188141,0.8330883979797363,-0.18471136689186096
1789031920185705700,56.421705810546875,0.30808186531066895,0.7554655075073242,-0.15364213287830353
1789031920195708700,56.43170874023438,0.17882269620895386,0.5171951055526733,0.0022643590345978737
1789031920205712000,56.4417119140625,0.07183898985385895,0.41805070638656616,0.11584950983524323
1789031920215714800,56.45171484375,0.03506489470601082,0.5240366458892822,0.08268523216247559
1789031920225718800,56.46171875,0.0639205127954483,0.7896283268928528,-0.11013268679380417
1789031920235721700,56.4717216796875,0.08636412769556046,0.9250314831733704,-0.27888554334640503
1789031920245724700,56.481724609375,0.057469092309474945,0.8016704320907593,-0.29652950167655945
1789031920255727900,56.491727783203125,-0.003769781906157732,0.5563793778419495,-0.1595010906457901
1789031920265730800,56.50173071289063,-0.0827237218618393,0.40866875648498535,-0.004812438972294331
1789031920275733800,56.51173364257812,-0.13623003661632538,0.4132995307445526,0.04642516002058983
1789031920285736700,56.52173681640625,-0.1467713713645935,0.5402223467826843,-0.0032129683531820774
1789031920295740000,56.53173999023438,-0.1365359127521515,0.6521176099777222,-0.09466797113418579
1789031920305742800,56.54174291992187,-0.16355474293231964,0.5416011810302734,-0.0869770273566246
1789031920315745800,56.551745849609375,-0.23496122658252716,0.26797717809677124,0.016365034505724907
1789031920325748700,56.56174877929688,-0.30968576669692993,0.030508434399962425,0.0876096561551094
1789031920335752700,56.571752685546876,-0.31753963232040405,-0.013150268234312534,0.08137913793325424
1789031920345756000,56.581755859375,-0.27321958541870117,0.1337084025144577,0.01884118840098381
1789031920355758600,56.59175854492187,-0.25223100185394287,0.2103380560874939,-0.00021181581541895866
1789031920365761800,56.60176171875,-0.2859077453613281,0.0749535858631134,0.060457658022642136
1789031920375764700,56.6117646484375,-0.3263728618621826,-0.1271408349275589,0.13733431696891785
1789031920385767700,56.621767578125,-0.3202323913574219,-0.21868778765201569,0.15434977412223816
1789031920395771000,56.63177099609375,-0.2541782557964325,-0.1409052312374115,0.10819583386182785
1789031920405773800,56.64177392578125,-0.2162657529115677,-0.021016106009483337,0.05786183103919029
1789031920415776800,56.65177685546875,-0.24311493337154388,-0.026658620685338974,0.06017637997865677
1789031920425779700,56.66177978515625,-0.2999420166015625,-0.11071277409791946,0.10100556910037994
1789031920435782700,56.67178271484375,-0.36039337515830994,-0.1739644557237625,0.12814398109912872
1789031920445786600,56.68178662109375,-0.4101380705833435,-0.1690957099199295,0.10473429411649704
1789031920455789800,56.691789794921874,-0.4238045811653137,-0.08024320751428604,0.022361893206834793
1789031920465792800,56.701792724609376,-0.43616801500320435,0.021903131157159805,-0.08378665149211884
1789031920475795700,56.71179565429688,-0.44122669100761414,0.10405468195676804,-0.18081358075141907
1789031920485799000,56.721798828125,-0.42924273014068604,0.15877412259578705,-0.23366987705230713
1789031920495801600,56.731801513671876,-0.41461747884750366,0.16732987761497498,-0.22505082190036774
1789031920505804800,56.7418046875,-0.4192101061344147,0.11908963322639465,-0.17916081845760345
1789031920515807700,56.751807861328125,-0.45036405324935913,0.019241398200392723,-0.1229715570807457
1789031920525810700,56.76181079101563,-0.5064723491668701,-0.14052829146385193,-0.04006069153547287
1789031920535812900,56.771812744140625,-0.5730024576187134,-0.3557018041610718,0.06730189919471741
1789031920545816000,56.78181616210937,-0.6009108424186707,-0.47729161381721497,0.09129191935062408
1789031920555818800,56.79181884765625,-0.5699417591094971,-0.43722987174987793,0.01964305341243744
1789031920565822700,56.80182275390625,-0.4930110275745392,-0.25388801097869873,-0.07362324744462967
1789031920575826000,56.811825927734375,-0.4130648374557495,-0.015827512368559837,-0.13555103540420532
1789031920585829000,56.8218291015625,-0.3817492723464966,0.09616027772426605,-0.15027058124542236
1789031920595831800,56.83183178710937,-0.3740880787372589,0.06096886098384857,-0.1566542088985443
1789031920605835000,56.8418349609375,-0.36094537377357483,-0.02533540315926075,-0.12999969720840454
1789031920615837700,56.85183764648438,-0.31849759817123413,-0.014382246881723404,-0.10337446630001068
1789031920625841000,56.8618408203125,-0.24459990859031677,0.1136670634150505,-0.14041131734848022
1789031920635844000,56.871843994140626,-0.20458699762821198,0.16003675758838654,-0.1897525042295456
1789031920645846800,56.8818466796875,-0.2433391809463501,0.026581771671772003,-0.1752324104309082
1789031920655850000,56.89185009765625,-0.3303629755973816,-0.20813478529453278,-0.07768430560827255
1789031920665852700,56.901852783203125,-0.34674593806266785,-0.3560289144515991,0.08878110349178314
1789031920675857000,56.91185693359375,-0.2682275176048279,-0.30381977558135986,0.21385492384433746
1789031920685859800,56.92185986328125,-0.19320282340049744,-0.20092988014221191,0.2260945439338684
1789031920695863000,56.93186303710937,-0.15558192133903503,-0.16719038784503937,0.1665710061788559
1789031920705866000,56.941865966796875,-0.138360857963562,-0.16341057419776917,0.10517449676990509
1789031920715869000,56.95186889648438,-0.15080788731575012,-0.19069679081439972,0.07580592483282089
1789031920725871900,56.96187182617187,-0.19656366109848022,-0.27799201011657715,0.09093853831291199
1789031920735874800,56.971874755859375,-0.22180654108524323,-0.35488736629486084,0.12865856289863586
1789031920745878000,56.9818779296875,-0.1937011331319809,-0.35735026001930237,0.1408747434616089
1789031920755881000,56.991880859375,-0.16668938100337982,-0.2839853763580322,0.08696936815977097
1789031920765884000,57.0018837890625,-0.1770661324262619,-0.17416994273662567,-0.01686222106218338
1789031920775887000,57.01188720703125,-0.1783578246831894,-0.14111657440662384,-0.03455330431461334
1789031920785889800,57.02188989257812,-0.1322971135377884,-0.18042989075183868,0.035542961210012436
1789031920795894000,57.03189404296875,-0.08870983868837357,-0.2500095069408417,0.13226410746574402
1789031920805897000,57.04189697265625,-0.05730024725198746,-0.27159202098846436,0.17131324112415314
1789031920815900000,57.05189990234375,-0.017232457175850868,-0.22789889574050903,0.1818721443414688
1789031920825902800,57.06190283203125,0.0612943135201931,-0.12383826076984406,0.2097618281841278
1789031920835905800,57.07190576171875,0.1262255162000656,-0.04705186188220978,0.24514120817184448
1789031920845909000,57.08190893554688,0.1480727642774582,-0.09694032371044159,0.28951746225357056
1789031920855912000,57.09191186523437,0.14314457774162292,-0.21142686903476715,0.3235822021961212
1789031920865915000,57.101914794921875,0.14280742406845093,-0.3426498770713806,0.3231630325317383
1789031920875917800,57.11191772460938,0.12590116262435913,-0.4444064795970917,0.2680153548717499
1789031920885921000,57.121921142578124,0.07372423261404037,-0.4640326499938965,0.1779637485742569
1789031920895924700,57.1319248046875,-0.0007760255830362439,-0.4073030650615692,0.10080847144126892
1789031920905928000,57.141927978515625,-0.07363665103912354,-0.3401634395122528,0.07068651914596558
1789031920915931000,57.15193090820313,-0.11818709224462509,-0.2880854606628418,0.050248630344867706
1789031920925933800,57.16193383789062,-0.11664804816246033,-0.12533703446388245,0.00038493447937071323
1789031920935937000,57.17193701171875,-0.02788916788995266,0.17453007400035858,-0.11666817218065262
1789031920945940000,57.18193994140625,0.0818818062543869,0.2734143137931824,-0.14721596240997314
1789031920955943000,57.19194287109375,0.1575714647769928,0.21415136754512787,-0.07192970812320709
1789031920965945900,57.20194580078125,0.16124530136585236,0.10844650119543076,0.08238795399665833
1789031920975948800,57.21194873046875,0.09575638175010681,-0.13695690035820007,0.30168458819389343
1789031920985952000,57.22195190429687,0.0205918550491333,-0.42435458302497864,0.46413475275039673
1789031920995955000,57.231954833984375,-0.0026851780712604523,-0.5638589262962341,0.47731509804725647
1789031921005958000,57.2419580078125,-0.004360039718449116,-0.5411978363990784,0.3370395004749298
1789031921015960800,57.2519609375,-0.02073068730533123,-0.45582783222198486,0.18724943697452545
1789031921025965000,57.26196508789062,-0.04547944664955139,-0.3568442761898041,0.10335586220026016
1789031921035967700,57.2719677734375,-0.05795815959572792,-0.24310798943042755,0.08785303682088852
1789031921045971000,57.28197094726563,-0.030285252258181572,-0.12052908539772034,0.09002457559108734
1789031921055974000,57.29197387695312,0.0364326536655426,-0.015238508582115173,0.051927708089351654
1789031921065976800,57.301976806640624,0.0652693659067154,-0.01157586369663477,-0.00013203034177422523
1789031921075980000,57.31197998046875,0.03159620612859726,-0.10286065191030502,-0.03747904300689697
1789031921085982700,57.32198266601562,-0.02130882255733013,-0.2394144982099533,-0.0062106018885970116
1789031921095986000,57.33198583984375,-0.06615588068962097,-0.30847230553627014,0.03502762317657471
1789031921105988900,57.34198876953125,-0.08735357969999313,-0.22630339860916138,0.02282954752445221
1789031921115991800,57.35199169921875,-0.08566945046186447,-0.07144718617200851,-0.02630414441227913
1789031921125995000,57.3619951171875,-0.04208521917462349,0.040962979197502136,-0.08583272248506546
1789031921135998000,57.371998046875,0.03400923311710358,0.06955074518918991,-0.018389198929071426
1789031921146002000,57.382001953125,0.07905659824609756,0.05581602826714516,0.10024850815534592
1789031921156004900,57.3920048828125,0.06946354359388351,-0.07862642407417297,0.13042306900024414
1789031921166008000,57.402008056640625,-0.022414715960621834,-0.3568466007709503,0.10366761684417725
1789031921176010800,57.4120107421875,-0.10926339775323868,-0.5171698927879333,0.08419862389564514
1789031921186014000,57.42201391601562,-0.13001875579357147,-0.342758446931839,0.06597994267940521
1789031921196017000,57.432016845703124,-0.0918707624077797,-0.01716805249452591,-0.029426511377096176
1789031921206019800,57.44201977539063,-0.030026568099856377,0.14113342761993408,-0.08629725128412247
1789031921216023000,57.45202294921875,0.030496565625071526,0.13529649376869202,-0.06560494005680084
1789031921226025700,57.462025634765624,0.06640423089265823,0.030633186921477318,0.027224864810705185
1789031921236029000,57.47202880859375,0.10490640252828598,-0.06828999519348145,0.11156287789344788
1789031921246032000,57.48203198242187,0.12537360191345215,-0.13675719499588013,0.13044390082359314
1789031921256035800,57.49203588867187,0.10935709625482559,-0.16103853285312653,0.06190317124128342
1789031921266038800,57.502038818359374,0.05904759094119072,-0.14992117881774902,-0.03836510702967644
1789031921276042000,57.5120419921875,0.002656536176800728,-0.11917316913604736,-0.08446206152439117
1789031921286045000,57.522044921875,-0.0057974024675786495,-0.017491819337010384,-0.0701768696308136
1789031921296047900,57.5320478515625,0.02942795678973198,0.0882466733455658,-0.018501684069633484
1789031921306051000,57.54205102539063,0.07107792794704437,0.09057081490755081,-0.018153343349695206
1789031921316053800,57.5520537109375,0.06366831809282303,0.004192515276372433,-0.10789777338504791
1789031921326057000,57.562056884765624,-0.002131995279341936,-0.12429968267679214,-0.1815405637025833
1789031921336060000,57.57205981445313,-0.08169108629226685,-0.16470547020435333,-0.16815005242824554
1789031921346062800,57.58206274414062,-0.1169971451163292,-0.05669910088181496,-0.13189058005809784
1789031921356066000,57.592066162109376,-0.10530916601419449,0.13299433887004852,-0.14035242795944214
1789031921366068700,57.60206884765625,-0.06538678705692291,0.25888437032699585,-0.17144563794136047
1789031921376073000,57.61207299804688,-0.04605786129832268,0.23120570182800293,-0.15890638530254364
1789031921386076000,57.62207592773437,-0.0558156818151474,0.16762326657772064,-0.10053229331970215
1789031921396078800,57.632078857421874,-0.0630776658654213,0.14711688458919525,-0.030883830040693283
1789031921406081800,57.642081787109376,-0.017639614641666412,0.2335926592350006,-0.026033414527773857
1789031921416085000,57.6520849609375,0.049349166452884674,0.3835199773311615,-0.11451660841703415
1789031921426088000,57.662087890625,0.047304924577474594,0.4259350895881653,-0.18703289330005646
1789031921436091000,57.6720908203125,0.018891653046011925,0.38679972290992737,-0.16310250759124756
1789031921446093800,57.68209375,-0.00881587527692318,0.3738647401332855,-0.080055832862854
1789031921456096800,57.6920966796875,-0.04720610752701759,0.37607428431510925,-0.05820035561919212
1789031921466100000,57.70209985351563,-0.11000744253396988,0.3540392816066742,-0.1322258561849594
1789031921476103000,57.71210302734375,-0.16841332614421844,0.28266802430152893,-0.2256918102502823
1789031921486105900,57.72210595703125,-0.1865028440952301,0.26311802864074707,-0.2976890504360199
1789031921496110000,57.732110107421875,-0.1706559658050537,0.3244073987007141,-0.33623671531677246
1789031921506112800,57.74211279296875,-0.145324245095253,0.3846811056137085,-0.33811822533607483
1789031921516116000,57.75211596679687,-0.23093970119953156,0.2870469093322754,-0.29181337356567383
1789031921526119000,57.762118896484374,-0.30251213908195496,0.1525181084871292,-0.25708335638046265
1789031921536122400,57.77212231445313,-0.28289681673049927,0.10590092837810516,-0.21341262757778168
1789031921546125300,57.78212524414062,-0.19993005692958832,0.16049467027187347,-0.15947909653186798
1789031921556128500,57.79212841796875,-0.08224530518054962,0.22979652881622314,-0.12371198832988739
1789031921566131500,57.80213134765625,-0.005421896930783987,0.20465601980686188,-0.11112430691719055
1789031921576134400,57.812134521484374,-0.039834875613451004,0.1138814240694046,-0.09996050596237183
1789031921586137300,57.822137451171876,-0.06915627419948578,0.08347691595554352,-0.07545942813158035
1789031921596140300,57.83214038085937,-0.04551495611667633,0.12419676780700684,0.003375094849616289
1789031921606143500,57.8421435546875,-0.006226937752217054,0.1895587295293808,0.0796498954296112
1789031921616147500,57.8521474609375,0.04033762961626053,0.25438493490219116,0.07276615500450134
1789031921626150400,57.862150390625,0.11293353140354156,0.2812000513076782,0.034159108996391296
1789031921636153300,57.8721533203125,0.18399371206760406,0.28377392888069153,0.04255828633904457
1789031921646156300,57.88215625,0.22729937732219696,0.30862653255462646,0.06521965563297272
1789031921656159500,57.892159423828126,0.21019984781742096,0.30493155121803284,0.09773173183202744
1789031921666162400,57.90216235351563,0.15920032560825348,0.2872928977012634,0.0977993756532669
1789031921676165400,57.91216528320312,0.1145111694931984,0.2665761411190033,0.027393631637096405
1789031921686168300,57.922168212890625,0.07053998112678528,0.19253917038440704,-0.03046301007270813
1789031921696171500,57.93217163085937,0.04593271762132645,0.14364664256572723,-0.03910581395030022
1789031921706174500,57.942174560546874,0.055316098034381866,0.1390252560377121,0.00619748467579484
1789031921716177400,57.95217749023438,0.06894510984420776,0.15036717057228088,0.052470430731773376
1789031921726180400,57.96218041992187,0.08912308514118195,0.1481359750032425,0.059024736285209656
1789031921736184300,57.97218432617188,0.133671373128891,0.11385689675807953,0.044408779591321945
1789031921746187500,57.9821875,0.1795579046010971,0.11006482690572739,0.02470218390226364
1789031921756190200,57.992190185546875,0.21768008172512054,0.14441490173339844,0.029034720733761787
1789031921766193400,58.002193359375,0.2211637645959854,0.16148442029953003,0.08196211606264114
1789031921776196400,58.0121962890625,0.19873306155204773,0.14346307516098022,0.13277599215507507
1789031921786199300,58.02219921875,0.18250109255313873,0.0961427092552185,0.17807850241661072
1789031921796202500,58.03220239257813,0.184896320104599,0.05216477811336517,0.19693318009376526
1789031921806205400,58.04220532226562,0.1867043375968933,0.05305187776684761,0.14816616475582123
1789031921816208400,58.05220849609375,0.1682119369506836,0.013348918408155441,0.10984350740909576
1789031921826211300,58.06221142578125,0.13244302570819855,-0.09035883098840714,0.13127769529819489
1789031921836214300,58.07221435546875,0.12731465697288513,-0.15935450792312622,0.18198156356811523
1789031921846217500,58.08221752929688,0.18449433147907257,-0.09238613396883011,0.20158162713050842
1789031921856221400,58.092221435546875,0.25830432772636414,0.009908447973430157,0.20785196125507355
1789031921866224400,58.10222436523438,0.27397066354751587,0.07113026082515717,0.2203051745891571
1789031921876227300,58.11222729492187,0.28092068433761597,0.1046314686536789,0.21484073996543884
1789031921886230500,58.12223046875,0.30095404386520386,0.1061481386423111,0.2063833475112915
1789031921896233200,58.13223315429688,0.3085154592990875,0.07017950713634491,0.24280664324760437
1789031921906236400,58.142236328125,0.3125879764556885,0.054869260638952255,0.29942572116851807
1789031921916239600,58.152239501953126,0.3323898911476135,0.059151582419872284,0.33373841643333435
1789031921926242300,58.1622421875,0.3515300452709198,0.12939167022705078,0.3671581447124481
1789031921936245500,58.17224560546875,0.3308883011341095,0.16590933501720428,0.42470231652259827
1789031921946248200,58.182248291015625,0.25542816519737244,0.14524880051612854,0.4769303798675537
1789031921956251400,58.19225146484375,0.1897803395986557,0.10930223017930984,0.47222569584846497
1789031921966254600,58.202254638671874,0.15097808837890625,0.09073040634393692,0.4355350434780121
1789031921976258600,58.21225854492187,0.11381128430366516,0.043574463576078415,0.4063880741596222
1789031921986261200,58.22226123046875,0.08773548156023026,0.006938689388334751,0.3789205253124237
1789031921996264400,58.23226440429688,0.07515044510364532,0.018902141600847244,0.3798310458660126
1789031922006267400,58.24226733398437,0.0623539537191391,0.0704745203256607,0.4181049168109894
1789031922016270300,58.252270263671875,0.030018003657460213,0.1384085863828659,0.46332547068595886
1789031922026273500,58.2622734375,-0.0005012907786294818,0.19035407900810242,0.4897717237472534
1789031922036276200,58.27227612304687,-0.02416631579399109,0.18048253655433655,0.5313411951065063
1789031922046279400,58.282279541015626,-0.059034816920757294,0.16454271972179413,0.5899219512939453
1789031922056282600,58.29228271484375,-0.09924665093421936,0.15814809501171112,0.6344186067581177
1789031922066285300,58.30228540039062,-0.1415317952632904,0.1212388277053833,0.6482446789741516
1789031922076288500,58.31228857421875,-0.19096210598945618,0.06211327761411667,0.6163729429244995
1789031922086291200,58.32229125976563,-0.23914054036140442,-0.019263334572315216,0.5701548457145691
1789031922096294400,58.33229443359375,-0.25839295983314514,-0.09549300372600555,0.5461058616638184
1789031922106298400,58.34229833984375,-0.23910236358642578,-0.1534940004348755,0.5273585319519043
1789031922116301300,58.35230126953125,-0.214543879032135,-0.20801658928394318,0.5050448179244995
1789031922126304500,58.36230444335938,-0.20955044031143188,-0.25174063444137573,0.4648931622505188
1789031922136307500,58.37230737304687,-0.2183309942483902,-0.2884441912174225,0.4243609607219696
1789031922146310400,58.382310302734375,-0.23307372629642487,-0.31988200545310974,0.3963373303413391
1789031922156313300,58.39231323242188,-0.25333768129348755,-0.31851303577423096,0.3918333351612091
1789031922166316500,58.402316650390624,-0.25918009877204895,-0.27685239911079407,0.37217921018600464
1789031922176319500,58.412319580078126,-0.25649333000183105,-0.19604358077049255,0.3341890275478363
1789031922186322400,58.42232250976563,-0.2563692331314087,-0.10945915430784225,0.29958975315093994
1789031922196325400,58.43232543945312,-0.23664505779743195,-0.03590123727917671,0.28429362177848816
1789031922206328300,58.442328369140625,-0.1956651359796524,0.012290792539715767,0.28347790241241455
1789031922216331500,58.45233154296875,-0.14859072864055634,0.03975949436426163,0.2871447503566742
1789031922226334200,58.46233422851562,-0.10787312686443329,0.04043194279074669,0.2804594337940216
1789031922236338400,58.47233837890625,-0.07703474909067154,0.014183646067976952,0.2880818843841553
1789031922246341400,58.48234130859375,-0.05658459663391113,-0.009722486138343811,0.2994501292705536
1789031922256344300,58.49234423828125,-0.046313315629959106,-0.011929714120924473,0.30377694964408875
1789031922266347500,58.50234741210937,-0.05188118666410446,-0.009323544800281525,0.31482189893722534
1789031922276350500,58.5123505859375,-0.06898351013660431,-0.019037848338484764,0.3393762707710266
1789031922286353400,58.522353515625,-0.08313128352165222,-0.04166033864021301,0.3589784502983093
1789031922296356400,58.5323564453125,-0.10194636881351471,-0.0564294159412384,0.35106998682022095
1789031922306359300,58.542359375,-0.10576028376817703,-0.07677703350782394,0.3160744607448578
1789031922316362500,58.55236254882813,-0.080250583589077,-0.0985599234700203,0.27564817667007446
1789031922326365400,58.56236547851562,-0.050220515578985214,-0.07596086710691452,0.2523297965526581
1789031922336368400,58.572368408203126,-0.013770387507975101,-0.010511258617043495,0.23591648042201996
1789031922346371300,58.58237133789063,0.008208680897951126,0.07693123817443848,0.2295999974012375
1789031922356375600,58.59237548828125,0.021048493683338165,0.15614761412143707,0.23008272051811218
1789031922366378200,58.60237817382812,0.02379288151860237,0.17038726806640625,0.23028752207756042
1789031922376381400,58.61238134765625,0.023640096187591553,0.14521396160125732,0.20256254076957703
1789031922386384400,58.62238427734375,0.026346933096647263,0.120085708796978,0.14872834086418152
1789031922396387300,58.63238720703125,0.022621754556894302,0.13104347884655,0.09493883699178696
1789031922406390500,58.642390625,0.005789511371403933,0.17094136774539948,0.08243928849697113
1789031922416393500,58.6523935546875,-0.009833475574851036,0.20755892992019653,0.1123005673289299
1789031922426396400,58.662396484375,-0.012672672048211098,0.20607341825962067,0.15393643081188202
1789031922436399400,58.6723994140625,0.0002381652593612671,0.15646933019161224,0.15526634454727173
1789031922446402300,58.68240234375,-0.003251108340919018,0.10541360080242157,0.11142885684967041
1789031922456405500,58.69240551757812,-0.03127531707286835,0.106692835688591,0.0699155181646347
1789031922466408400,58.702408447265626,-0.04836855083703995,0.1364789456129074,0.0793050229549408
1789031922476411400,58.71241137695313,-0.039707668125629425,0.12912920117378235,0.11536181718111038
1789031922486414300,58.72241430664062,-0.01741780713200569,0.07347952574491501,0.13027098774909973
1789031922496418600,58.73241845703125,-0.007475128397345543,0.01181845087558031,0.10742424428462982
1789031922506421200,58.742421142578124,-0.018991701304912567,0.0014273286797106266,0.07923734933137894
1789031922516424400,58.75242456054688,-0.03021460771560669,0.019393110647797585,0.07070223242044449
1789031922526427400,58.76242749023437,-0.033861808478832245,0.047314226627349854,0.08146726340055466
1789031922536430000,58.77243017578125,-0.028890671208500862,0.04945051670074463,0.10170058161020279
1789031922546433300,58.78243334960938,-0.01630803383886814,0.02147161215543747,0.09999056160449982
1789031922556436000,58.79243603515625,-0.017607171088457108,-0.0038473373278975487,0.07461918890476227
1789031922566439200,58.802439208984374,-0.025895725935697556,-0.003140534507110715,0.05430992320179939
1789031922576442400,58.8124423828125,-0.025849061086773872,0.019160635769367218,0.05503053590655327
1789031922586445000,58.82244506835937,-0.014360718429088593,0.026672348380088806,0.06375878304243088
1789031922596448300,58.8324482421875,0.006529363803565502,0.02501954883337021,0.07442396134138107
1789031922606451200,58.842451171875,0.012128660455346107,0.024775337427854538,0.07508362084627151
1789031922616454100,58.8524541015625,0.001660000765696168,0.060523927211761475,0.05469474941492081
1789031922626458000,58.8624580078125,-0.004544099327176809,0.1020500659942627,0.0365530289709568
1789031922636461300,58.87246142578125,0.002964625135064125,0.10336361080408096,0.03274964168667793
1789031922646464000,58.882464111328126,0.01451821718364954,0.05552152544260025,0.03128889948129654
1789031922656467200,58.89246728515625,0.004836206324398518,0.002062734914943576,0.017321206629276276
1789031922666470100,58.90247021484375,-0.013684747740626335,-0.026582224294543266,0.017126528546214104
1789031922676473000,58.91247314453125,-0.012268771417438984,-0.06568858027458191,0.04350142925977707
1789031922686476300,58.92247631835937,-0.014189709909260273,-0.111594557762146,0.07574458420276642
1789031922696479000,58.93247900390625,-0.012526364997029305,-0.14027658104896545,0.09598944336175919
1789031922706482200,58.94248217773438,-0.006574999541044235,-0.1673889011144638,0.11659565567970276
1789031922716485400,58.9524853515625,0.00463184155523777,-0.19561167061328888,0.13749960064888
1789031922726488000,58.962488037109374,0.018080804497003555,-0.2652895450592041,0.1595817357301712
1789031922736491300,58.9724912109375,0.03158167377114296,-0.36259663105010986,0.19239428639411926
1789031922746494000,58.98249389648438,0.04147372022271156,-0.44539403915405273,0.2354791760444641
1789031922756498200,58.99249829101562,0.04929256811738014,-0.4876467287540436,0.28646722435951233
1789031922766501000,59.002501220703124,0.05449505150318146,-0.4950931668281555,0.3441302478313446
1789031922776504000,59.012504150390626,0.06632348895072937,-0.48030418157577515,0.3992012143135071
1789031922786507000,59.02250708007813,0.07875032722949982,-0.5012779235839844,0.4413366913795471
1789031922796510200,59.03251025390625,0.06375506520271301,-0.5458467602729797,0.47261127829551697
1789031922806513200,59.04251318359375,0.04673001542687416,-0.5589977502822876,0.47623211145401
1789031922816516000,59.05251611328125,0.01533281709998846,-0.5425941944122314,0.4729726016521454
1789031922826519300,59.062519287109374,-0.012600547634065151,-0.525065541267395,0.4879550039768219
1789031922836522000,59.07252197265625,-0.02132296748459339,-0.528599739074707,0.5174623727798462
1789031922846525200,59.08252514648437,0.004834335763007402,-0.5550691485404968,0.5316511392593384
1789031922856528100,59.092528076171874,0.04497310146689415,-0.626663327217102,0.5225061774253845
1789031922866531000,59.102531005859376,0.06763660162687302,-0.6933698654174805,0.5013153553009033
1789031922876534300,59.1125341796875,0.05316292494535446,-0.7361077666282654,0.49563828110694885
1789031922886538200,59.12253833007812,0.026874862611293793,-0.7890188694000244,0.5265458822250366
1789031922896541200,59.132541259765624,0.0007452445570379496,-0.8379372954368591,0.5799539685249329
1789031922906544000,59.142544189453126,-0.020541667938232422,-0.851545512676239,0.6202033758163452
1789031922916547000,59.15254711914063,-0.03203196823596954,-0.810745894908905,0.6213603019714355
1789031922926550300,59.16255029296875,-0.01949913240969181,-0.7585785984992981,0.5881557464599609
1789031922936553200,59.17255322265625,0.011947551742196083,-0.7109366059303284,0.5393847227096558
1789031922946556200,59.18255615234375,0.04122075065970421,-0.6523057818412781,0.488033652305603
1789031922956559000,59.19255908203125,0.04827167093753815,-0.6013944745063782,0.45248714089393616
1789031922966562300,59.20256225585938,0.03103223256766796,-0.5367140173912048,0.4203992486000061
1789031922976565200,59.21256518554687,0.008500375784933567,-0.4428577125072479,0.37881234288215637
1789031922986568200,59.222568115234374,-0.018322715535759926,-0.3343876898288727,0.31760865449905396
1789031922996571100,59.232571044921876,-0.036670565605163574,-0.24478031694889069,0.2544102370738983
1789031923006574000,59.24257397460938,-0.04075188562273979,-0.1923048198223114,0.20569996535778046
1789031923016577300,59.252577392578125,-0.042755886912345886,-0.165500670671463,0.17722277343273163
1789031923026581000,59.2625810546875,-0.04789259284734726,-0.13963524997234344,0.1511717289686203
1789031923036584200,59.272584228515626,-0.03813477233052254,-0.10096908360719681,0.1090162843465805
1789031923046587100,59.28258715820313,-0.01924896240234375,-0.08359808474779129,0.06161627545952797
1789031923056590000,59.29259008789062,0.008509252220392227,-0.1255023032426834,0.0382818728685379
1789031923066593300,59.30259326171875,0.03258662670850754,-0.22732320427894592,0.048404280096292496
1789031923076596200,59.31259619140625,0.04685988277196884,-0.3276364803314209,0.07838638871908188
1789031923086599200,59.32259912109375,0.04288165271282196,-0.3587195873260498,0.08257447183132172
1789031923096602000,59.33260205078125,0.043112754821777344,-0.3296760618686676,0.0653340071439743
1789031923106605000,59.34260498046875,0.0527733713388443,-0.3044479191303253,0.05357028916478157
1789031923116608300,59.352608154296874,0.06329880654811859,-0.2950529456138611,0.05527349188923836
1789031923126611200,59.362611083984376,0.06664693355560303,-0.27304723858833313,0.055613577365875244
1789031923136614100,59.3726142578125,0.06881210952997208,-0.21949537098407745,0.039197035133838654
1789031923146617000,59.3826171875,0.07559837400913239,-0.13262279331684113,0.0076830522157251835
1789031923156620300,59.39262036132813,0.07961113005876541,-0.04184955358505249,-0.03147270902991295
1789031923166624000,59.4026240234375,0.07976346462965012,0.02801528014242649,-0.06938387453556061
1789031923176627200,59.41262719726563,0.07504134625196457,0.055718760937452316,-0.10145734995603561
1789031923186630100,59.42263012695312,0.0693480372428894,0.07052833586931229,-0.12667348980903625
1789031923196633000,59.432633056640626,0.06293856352567673,0.0807948112487793,-0.14221620559692383
1789031923206636300,59.44263623046875,0.057682815939188004,0.05525536462664604,-0.14283537864685059
1789031923216639000,59.45263891601562,0.052204445004463196,0.006971497554332018,-0.12397648394107819
1789031923226642200,59.46264208984375,0.05301990732550621,-0.024420514702796936,-0.10383153706789017
1789031923236645000,59.47264501953125,0.05017390847206116,-0.02404635399580002,-0.0864342451095581
1789031923246648000,59.48264794921875,0.04590752348303795,-0.003203656990081072,-0.07546282559633255
1789031923256651300,59.4926513671875,0.053231436759233475,0.0013655193615704775,-0.06281650811433792
1789031923266654200,59.502654296875,0.0739913135766983,-0.03990575298666954,-0.044070251286029816
1789031923276657200,59.5126572265625,0.09051644802093506,-0.10071326047182083,-0.0269951019436121
1789031923286660000,59.52266015625,0.09212100505828857,-0.14734148979187012,-0.026481378823518753
1789031923296663000,59.5326630859375,0.07538536190986633,-0.15325002372264862,-0.041554294526576996
1789031923306667000,59.5426669921875,0.04157360643148422,-0.13455836474895477,-0.06216582655906677
1789031923316670200,59.55267016601562,0.026806341484189034,-0.12857699394226074,-0.06325264275074005
1789031923326673200,59.562673095703126,0.03604697808623314,-0.10216614603996277,-0.049497950822114944
1789031923336676000,59.57267602539063,0.05671462416648865,-0.04007984325289726,-0.043577320873737335
1789031923346679300,59.58267919921875,0.06255227327346802,0.03130059689283371,-0.05079049617052078
1789031923356682000,59.592681884765625,0.04403777793049812,0.06968645006418228,-0.06474027782678604
1789031923366685200,59.60268530273437,0.021614229306578636,0.08230024576187134,-0.06858428567647934
1789031923376688000,59.612688232421874,0.018180569633841515,0.08673567324876785,-0.06773433834314346
1789031923386691000,59.622691162109376,0.04249389469623566,0.11224183440208435,-0.06789093464612961
1789031923396694300,59.6326943359375,0.06477517634630203,0.18948261439800262,-0.07670702040195465
1789031923406697000,59.64269702148437,0.07820070534944534,0.26531264185905457,-0.0763578861951828
1789031923416700200,59.6527001953125,0.0662834569811821,0.2681158781051636,-0.06335598230361938
1789031923426703000,59.662703125,0.04811590164899826,0.2305687665939331,-0.05919692665338516
1789031923436707300,59.67270727539063,0.025275016203522682,0.20027713477611542,-0.07495269924402237
1789031923446710000,59.6827099609375,0.018378494307398796,0.2206774801015854,-0.10275556892156601
1789031923456713200,59.692713134765626,0.024904729798436165,0.2491520792245865,-0.11855754256248474
1789031923466716200,59.70271606445313,0.03154745325446129,0.2349928468465805,-0.10472267866134644
1789031923476719000,59.71271899414062,0.028368297964334488,0.21751528978347778,-0.08909410238265991
1789031923486722300,59.72272241210938,0.021289082244038582,0.21038120985031128,-0.07795196771621704
1789031923496725000,59.73272509765625,0.023645959794521332,0.21756930649280548,-0.07610318809747696
1789031923506728200,59.742728271484374,0.02200465463101864,0.23249952495098114,-0.08694411814212799
1789031923516731100,59.752731201171876,0.012048272415995598,0.2190021574497223,-0.08853303641080856
1789031923526734000,59.76273413085938,0.0012278492795303464,0.17266394197940826,-0.07026614248752594
1789031923536737500,59.772737548828125,-0.012429285794496536,0.14097163081169128,-0.04628390073776245
1789031923546740500,59.78274047851563,-0.019473880529403687,0.135706827044487,-0.03129562735557556
1789031923556743400,59.79274340820312,-0.016920747235417366,0.15326257050037384,-0.0238904170691967
1789031923566746400,59.802746337890625,-0.007350678090006113,0.15348733961582184,-0.01882588490843773
1789031923576750600,59.81275048828125,-0.006810682825744152,0.1281404048204422,-0.00867145974189043
1789031923586753300,59.822753173828126,-0.0079984525218606,0.09448657929897308,0.008976243436336517
1789031923596756500,59.83275659179687,-0.0011910260654985905,0.0800945833325386,0.028584491461515427
1789031923606759400,59.842759521484375,0.007668511942028999,0.10368060320615768,0.04094795137643814
1789031923616762400,59.85276245117188,0.00459698773920536,0.1408304125070572,0.045644763857126236
1789031923626765600,59.862765625,-0.005328879691660404,0.17467626929283142,0.05176843702793121
1789031923636768300,59.872768310546874,-0.010839159600436687,0.20647579431533813,0.059552814811468124
1789031923646771500,59.882771484375,-0.014563323929905891,0.23158007860183716,0.0688304677605629
1789031923656774400,59.8927744140625,-0.015477067790925503,0.24947747588157654,0.07152373343706131
1789031923666777300,59.90277734375,-0.01820041611790657,0.2797999680042267,0.05736343562602997
1789031923676780500,59.91278051757813,-0.024095064029097557,0.3113374710083008,0.031661808490753174
1789031923686783500,59.92278344726562,-0.042791519314050674,0.296527624130249,0.02537834458053112
1789031923696786400,59.932786376953125,-0.05553632974624634,0.2746916711330414,0.033624548465013504
1789031923706789400,59.94278930664063,-0.049134090542793274,0.2711541950702667,0.044406089931726456
1789031923716792300,59.95279223632812,-0.0343087837100029,0.2870679497718811,0.05564701557159424
1789031923726796300,59.96279638671875,-0.028508687391877174,0.2987182140350342,0.06793883442878723
1789031923736799500,59.972799560546875,-0.03425552695989609,0.2717106342315674,0.08119365572929382
1789031923746802400,59.98280249023438,-0.042668189853429794,0.2148822546005249,0.08459104597568512
1789031923756805400,59.99280541992187,-0.05380105972290039,0.15631255507469177,0.081881582736969
1789031923766808600,60.00280859375,-0.058587294071912766,0.1009097471833229,0.07929804921150208
1789031923776811300,60.012811279296876,-0.04608503729104996,0.05668584257364273,0.07695897668600082
1789031923786814500,60.022814453125,-0.04561765491962433,0.07265069335699081,0.07247527688741684
1789031923796817700,60.032817626953126,-0.051670994609594345,0.10900280624628067,0.07998616993427277
1789031923806820400,60.0428203125,-0.058530498296022415,0.1079133078455925,0.08916448801755905
1789031923816823600,60.05282348632812,-0.06059921160340309,0.05236160010099411,0.09683597087860107
1789031923826826200,60.062826171875,-0.052322905510663986,0.010890323668718338,0.10559350997209549
1789031923836829400,60.07282934570313,-0.04295854642987251,0.014833606779575348,0.1110333576798439
1789031923846832600,60.08283251953125,-0.03420686721801758,0.029383519664406776,0.11593250930309296
1789031923856835300,60.09283544921875,-0.028490405529737473,0.03277627378702164,0.12453559786081314
1789031923866839300,60.10283935546875,-0.01914910227060318,0.042382027953863144,0.12134938687086105
1789031923876842500,60.11284252929688,-0.009388447739183903,0.05559343099594116,0.11653615534305573
1789031923886845400,60.12284545898437,0.007966840639710426,0.06599760055541992,0.11782965064048767
1789031923896848400,60.132848388671874,0.019644275307655334,0.0712919533252716,0.12594659626483917
1789031923906851600,60.1428515625,0.023991620168089867,0.08424370735883713,0.13521546125411987
1789031923916854300,60.15285424804687,0.02360723912715912,0.10036366432905197,0.14853009581565857
1789031923926857500,60.162857421875,0.02644803188741207,0.1222977265715599,0.15696404874324799
1789031923936860700,60.17286059570313,0.027824392542243004,0.14843353629112244,0.1568865329027176
1789031923946863400,60.18286328125,0.03128117695450783,0.16503222286701202,0.15119720995426178
1789031923956866600,60.192866455078125,0.03681560233235359,0.16122561693191528,0.14407068490982056
1789031923966869200,60.202869140625,0.01791594922542572,0.14306792616844177,0.14709258079528809
1789031923976872400,60.21287255859375,-0.04896789416670799,0.14937914907932281,0.1546761393547058
1789031923986875600,60.222875732421876,-0.11150504648685455,0.22043707966804504,0.15053731203079224
1789031923996878300,60.23287841796875,-0.12258082628250122,0.257906049489975,0.1643950492143631
1789031924006882300,60.24288232421875,-0.06681956350803375,0.20378342270851135,0.2002105712890625
1789031924016885500,60.25288549804687,0.013976088725030422,0.15759018063545227,0.2153153121471405
1789031924026888400,60.262888427734374,0.05781678110361099,0.14098669588565826,0.19933447241783142
1789031924036891400,60.27289135742188,0.061539243906736374,0.08295729011297226,0.20740029215812683
1789031924046894600,60.28289453125,0.04731236770749092,0.0075035495683550835,0.22905898094177246
1789031924056897300,60.292897216796874,0.028713535517454147,-0.03507353365421295,0.23276777565479279
1789031924066900500,60.302900390625,0.009170726872980595,-0.0651206448674202,0.20929093658924103
1789031924076903400,60.3129033203125,0.012269082479178905,-0.10379384458065033,0.17899292707443237
1789031924086906400,60.32290625,0.018547749146819115,-0.12149694561958313,0.1375352293252945
1789031924096909600,60.33290966796875,0.012900796718895435,-0.11163567751646042,0.0875445008277893
1789031924106912300,60.34291235351562,0.004413303453475237,-0.09191390126943588,0.05067223310470581
1789031924116915500,60.35291552734375,-0.009772542864084244,-0.06802070140838623,0.02333301305770874
1789031924126918700,60.36291870117188,-0.028117461130023003,-0.028997670859098434,-0.0031539881601929665
1789031924136921300,60.37292138671875,-0.044269122183322906,0.005275628995150328,-0.03004332073032856
1789031924146925600,60.38292553710937,-0.05776389315724373,0.045779112726449966,-0.060219332575798035
1789031924156928500,60.392928466796874,-0.0692840963602066,0.06691157817840576,-0.08304427564144135
1789031924166931500,60.40293139648438,-0.07960837334394455,0.05601392686367035,-0.1006656140089035
1789031924176934400,60.41293432617187,-0.08790326863527298,0.050226811319589615,-0.11706752330064774
1789031924186937300,60.422937255859374,-0.08926547318696976,0.0835176557302475,-0.12023802101612091
1789031924196940500,60.4329404296875,-0.0810929387807846,0.10333903878927231,-0.09723139554262161
1789031924206943500,60.44294360351562,-0.07599645107984543,0.06310001015663147,-0.05689569190144539
1789031924216946400,60.452946533203125,-0.08510380238294601,-0.018505731597542763,-0.009897636249661446
1789031924226949400,60.46294946289063,-0.10071125626564026,-0.100197933614254,0.02077212557196617
1789031924236952600,60.47295263671875,-0.11123746633529663,-0.155784472823143,0.03875543177127838
1789031924246955500,60.48295556640625,-0.11241351813077927,-0.20848576724529266,0.04559975489974022
1789031924256958500,60.49295849609375,-0.11217956244945526,-0.25052306056022644,0.045249469578266144
1789031924266961400,60.50296142578125,-0.11040563136339188,-0.2615346908569336,0.04753526300191879
1789031924276964400,60.51296435546875,-0.1133953407406807,-0.23880229890346527,0.05554208159446716
1789031924286967600,60.52296752929688,-0.13351711630821228,-0.19277940690517426,0.06341704726219177
1789031924296971500,60.53297143554688,-0.1595703810453415,-0.158829003572464,0.06865554302930832
1789031924306974500,60.54297436523437,-0.1778026521205902,-0.14670336246490479,0.07591745257377625
1789031924316977400,60.552977294921874,-0.1750749945640564,-0.1465182602405548,0.07807644456624985
1789031924326980400,60.56298046875,-0.15029242634773254,-0.1435384452342987,0.08091431111097336
1789031924336983600,60.57298364257812,-0.11460421979427338,-0.14927273988723755,0.07923679798841476
1789031924346986500,60.582986572265625,-0.08492249250411987,-0.16501015424728394,0.074436716735363
1789031924356989400,60.59298950195313,-0.0720745101571083,-0.1912323385477066,0.06999318301677704
1789031924366992400,60.60299243164062,-0.0705738216638565,-0.1861153393983841,0.052218444645404816
1789031924376995600,60.61299560546875,-0.06564335525035858,-0.13207906484603882,0.026798641309142113
1789031924386998500,60.62299853515625,-0.06718612462282181,-0.0626925379037857,-0.007709800731390715
1789031924397001500,60.63300146484375,-0.06613967567682266,0.02638908103108406,-0.05614849925041199
1789031924407004400,60.64300439453125,-0.05969748646020889,0.10236401110887527,-0.10319004207849503
1789031924417007400,60.65300732421875,-0.06679723411798477,0.1411924660205841,-0.1376372128725052
1789031924427010600,60.66301049804687,-0.06642865389585495,0.15931075811386108,-0.1590583622455597
1789031924437014300,60.67301416015625,-0.06800203025341034,0.16754841804504395,-0.1700926423072815
1789031924447017500,60.683017578125,-0.06538121402263641,0.17274770140647888,-0.17555159330368042
1789031924457020400,60.6930205078125,-0.06525932252407074,0.1761884093284607,-0.17893241345882416
1789031924467023400,60.7030234375,-0.054100412875413895,0.17044369876384735,-0.16479502618312836
1789031924477026600,60.713026611328125,-0.0394824743270874,0.16024386882781982,-0.1357908844947815
1789031924487029500,60.72302954101563,-0.02143103815615177,0.18165327608585358,-0.11724063009023666
1789031924497032400,60.73303247070312,-0.008572297170758247,0.21468308568000793,-0.11652712523937225
1789031924507035400,60.743035400390625,0.018329890444874763,0.22668515145778656,-0.12110243737697601
1789031924517038300,60.75303833007813,0.04179643467068672,0.20023643970489502,-0.11123734712600708
1789031924527041500,60.76304150390625,0.052232567220926285,0.13925617933273315,-0.09003698825836182
1789031924537044500,60.77304443359375,0.047720205038785934,0.07076366990804672,-0.06056874990463257
1789031924547047400,60.78304736328125,0.04539100453257561,0.005081601440906525,-0.031096341088414192
1789031924557050400,60.79305029296875,0.04429442435503006,-0.057715676724910736,0.002524932846426964
1789031924567053600,60.803053466796875,0.06128459423780441,-0.09193995594978333,0.04620823264122009
1789031924577057300,60.813057373046874,0.07902226597070694,-0.07248717546463013,0.09698595106601715
1789031924587060500,60.823060546875,0.09084510803222656,-0.04615996405482292,0.13438579440116882
1789031924597063400,60.8330634765625,0.08814302831888199,-0.05757370591163635,0.14793623983860016
1789031924607066400,60.84306640625,0.06737037748098373,-0.10889016091823578,0.1464211642742157
1789031924617069600,60.85306958007813,0.07382593303918839,-0.13901910185813904,0.1417805701494217
1789031924627072300,60.863072265625,0.10918232053518295,-0.09426414221525192,0.13979704678058624
1789031924637075500,60.873075439453125,0.12717264890670776,-0.010225416161119938,0.13524924218654633
1789031924647078400,60.88307836914063,0.12075071036815643,0.07125133275985718,0.11399881541728973
1789031924657081300,60.89308129882812,0.1052289754152298,0.12427712231874466,0.07649365067481995
1789031924667084500,60.90308447265625,0.10967192053794861,0.16687598824501038,0.026091191917657852
1789031924677087500,60.91308740234375,0.12206001579761505,0.21882349252700806,-0.03339175879955292
1789031924687090400,60.92309033203125,0.12066904455423355,0.265750527381897,-0.08684193342924118
1789031924697093400,60.93309326171875,0.11964549869298935,0.30607691407203674,-0.1352873295545578
1789031924707096300,60.94309643554688,0.11218252032995224,0.3432604968547821,-0.18478111922740936
1789031924717099500,60.953099609375,0.0991927906870842,0.3857775330543518,-0.24039846658706665
1789031924727103500,60.963103515625,0.09107547253370285,0.4358974099159241,-0.29638612270355225
1789031924737106700,60.973106689453125,0.09392606467008591,0.5009175539016724,-0.3465970456600189
1789031924747109400,60.983109375,0.10315871238708496,0.5731614232063293,-0.38075685501098633
1789031924757112600,60.99311254882812,0.10964173823595047,0.6413038969039917,-0.3981098532676697
1789031924767115300,61.003115234375,0.10274388641119003,0.6854639053344727,-0.3946991264820099
1789031924777118500,61.01311840820313,0.07303895056247711,0.6725339293479919,-0.37205690145492554
1789031924787121400,61.02312133789062,0.03774194419384003,0.6185575127601624,-0.3410220444202423
1789031924797124400,61.033124267578124,0.02071998454630375,0.5514184832572937,-0.3010207712650299
1789031924807127600,61.04312744140625,0.02450673282146454,0.4706522524356842,-0.258992075920105
1789031924817130200,61.05313012695313,0.039443518966436386,0.3938838243484497,-0.2249322235584259
1789031924827133400,61.063133544921875,0.06165428087115288,0.334577351808548,-0.21680133044719696
1789031924837136400,61.07313647460938,0.07186208665370941,0.30575528740882874,-0.239193394780159
1789031924847139300,61.08313940429687,0.05863150209188461,0.28100866079330444,-0.271088182926178
1789031924857142500,61.093142578125,0.03686998784542084,0.24129162728786469,-0.29017186164855957
1789031924867146500,61.103146484375,0.01998181641101837,0.19368122518062592,-0.28599444031715393
1789031924877149400,61.1131494140625,0.0010486117098480463,0.14848385751247406,-0.27400514483451843
1789031924887152400,61.12315234375,-0.023136086761951447,0.11711261421442032,-0.2652374804019928
1789031924897155600,61.133155517578125,-0.05413678288459778,0.09591067582368851,-0.27629685401916504
1789031924907158300,61.143158203125,-0.06808216124773026,0.10650739818811417,-0.3012852966785431
1789031924917161500,61.15316137695312,-0.07358139753341675,0.15270952880382538,-0.3313600420951843
1789031924927164700,61.16316455078125,-0.07094566524028778,0.22543327510356903,-0.3497947156429291
1789031924937167400,61.17316748046875,-0.05973096191883087,0.3072854280471802,-0.3525124192237854
1789031924947170600,61.18317065429687,-0.05202696844935417,0.361209899187088,-0.3515089452266693
1789031924957173200,61.19317333984375,-0.04388735815882683,0.36749786138534546,-0.3505340814590454
1789031924967176400,61.20317651367188,-0.052225448191165924,0.348033607006073,-0.33388158679008484
1789031924977179600,61.2131796875,-0.07037663459777832,0.329075425863266,-0.29929929971694946
1789031924987182300,61.223182373046875,-0.07164590060710907,0.29138824343681335,-0.2599758505821228
1789031924997185500,61.233185546875,-0.0630757287144661,0.23398777842521667,-0.2461080253124237
1789031925007189500,61.243189453125,-0.06807421892881393,0.1800829917192459,-0.252958208322525
1789031925017192400,61.2531923828125,-0.07903977483510971,0.1468895524740219,-0.2598946988582611
1789031925027195400,61.2631953125,-0.08214741945266724,0.11506397277116776,-0.2515083849430084
1789031925037198600,61.27319848632813,-0.08315107226371765,0.07042974978685379,-0.23125430941581726
1789031925047201300,61.283201171875,-0.0820799469947815,0.03072121925652027,-0.20952478051185608
1789031925057204500,61.29320458984375,-0.07611406594514847,0.0033264379017055035,-0.1922019124031067
1789031925067207400,61.30320751953125,-0.07669036835432053,-0.009699882008135319,-0.18225739896297455
1789031925077210400,61.31321044921875,-0.07121870666742325,0.009175754152238369,-0.18004053831100464
1789031925087213600,61.323213623046875,-0.06833183765411377,0.057496149092912674,-0.18669737875461578
1789031925097216300,61.33321630859375,-0.06966489553451538,0.11100243031978607,-0.19110098481178284
1789031925107219500,61.34321948242187,-0.07028141617774963,0.16358095407485962,-0.18395014107227325
1789031925117222700,61.35322265625,-0.0623653382062912,0.20639927685260773,-0.17301125824451447
1789031925127225300,61.36322534179688,-0.05177580937743187,0.23752763867378235,-0.16040626168251038
1789031925137228500,61.373228515625,-0.04379366338253021,0.24135136604309082,-0.1505013406276703
1789031925147231200,61.383231201171874,-0.02915319800376892,0.21427740156650543,-0.13708193600177765
1789031925157235500,61.3932353515625,-0.014655709266662598,0.18621763586997986,-0.12489268183708191
1789031925167238400,61.40323828125,0.002318747341632843,0.1540815234184265,-0.11249326169490814
1789031925177241600,61.41324169921875,0.01338596548885107,0.11615768074989319,-0.10123124718666077
1789031925187244300,61.423244384765624,0.02046171762049198,0.06558158993721008,-0.08431591093540192
1789031925197247500,61.43324755859375,0.029844079166650772,0.0025246019940823317,-0.0582696907222271
1789031925207250400,61.44325048828125,0.0452004000544548,-0.06460356712341309,-0.022519946098327637
1789031925217253400,61.45325341796875,0.04510602355003357,-0.11264773458242416,0.004322913940995932
1789031925227256600,61.46325659179688,0.029724670574069023,-0.15497656166553497,0.02852465584874153
1789031925237259300,61.47325927734375,0.033526141196489334,-0.18283431231975555,0.055036380887031555
1789031925247262500,61.483262451171875,0.03625481575727463,-0.19927692413330078,0.0770769715309143
1789031925257265400,61.49326538085938,0.04073531925678253,-0.2034359872341156,0.09416860342025757
1789031925267268400,61.50326831054687,0.040743306279182434,-0.19303394854068756,0.10293999314308167
1789031925277271600,61.513271484375,0.04073043167591095,-0.18607592582702637,0.0960128977894783
1789031925287274200,61.523274169921876,0.053055539727211,-0.19312931597232819,0.09174464643001556
1789031925297278500,61.53327856445313,0.05603891983628273,-0.20845405757427216,0.08105252683162689
1789031925307281400,61.54328149414062,0.05921047925949097,-0.2164834886789322,0.0674821212887764
1789031925317284400,61.553284423828124,0.06460903584957123,-0.2327749878168106,0.06454062461853027
1789031925327287600,61.56328759765625,0.06866636127233505,-0.24625857174396515,0.07129094004631042
1789031925337290500,61.57329052734375,0.06897913664579391,-0.24525858461856842,0.0770900547504425
1789031925347293400,61.58329345703125,0.06520730257034302,-0.2400457113981247,0.083646759390831
1789031925357296400,61.59329638671875,0.05875704437494278,-0.24449095129966736,0.09179405868053436
1789031925367299600,61.60329956054687,0.05147809162735939,-0.23571956157684326,0.11172808706760406
1789031925377302500,61.613302490234375,0.03961283713579178,-0.21241767704486847,0.13926921784877777
1789031925387305500,61.62330541992188,0.03445269539952278,-0.21043415367603302,0.16680923104286194
1789031925397308400,61.63330834960937,0.021571198478341103,-0.2393973022699356,0.18402180075645447
1789031925407311400,61.643311279296874,0.013990776613354683,-0.2837519645690918,0.19247281551361084
1789031925417314600,61.653314453125,0.010750110261142254,-0.3303510844707489,0.20573419332504272
1789031925427317500,61.6633173828125,0.012955207377672195,-0.3708082139492035,0.2249276041984558
1789031925437321500,61.67332153320312,0.012008585035800934,-0.3957855701446533,0.2334095984697342
1789031925447324400,61.683324462890624,0.011632546782493591,-0.3930529057979584,0.24072636663913727
1789031925457327400,61.69332739257813,0.01615498960018158,-0.37093091011047363,0.24032334983348846
1789031925467330600,61.70333056640625,0.024373237043619156,-0.344941109418869,0.2413710355758667
1789031925477333500,61.71333349609375,0.02693900465965271,-0.3254854381084442,0.23831622302532196
1789031925487336400,61.72333642578125,0.02681650035083294,-0.31942009925842285,0.2354826182126999
1789031925497339400,61.73333935546875,0.03370950371026993,-0.32084447145462036,0.23373164236545563
1789031925507342300,61.74334228515625,0.03625575080513954,-0.3149604797363281,0.22879093885421753
1789031925517345500,61.75334545898438,0.03418474644422531,-0.31038567423820496,0.2205350548028946
1789031925527348500,61.76334838867187,0.03340497240424156,-0.2951553165912628,0.20912714302539825
1789031925537351200,61.77335107421875,0.02938147448003292,-0.2773897051811218,0.2009001076221466
1789031925547353900,61.783353759765625,0.02203461341559887,-0.2524675726890564,0.19039739668369293
1789031925557357000,61.79335717773437,0.018811922520399094,-0.2340739369392395,0.1811453104019165
1789031925567360300,61.8033603515625,0.016297966241836548,-0.22665537893772125,0.16551436483860016
1789031925577363000,61.813363037109376,0.016004670411348343,-0.22693412005901337,0.15287718176841736
1789031925587367200,61.8233671875,0.017892586067318916,-0.232023686170578,0.14261043071746826
1789031925597370000,61.8333701171875,0.023997323587536812,-0.22782118618488312,0.1351701021194458
1789031925607373000,61.843373046875,0.033875785768032074,-0.21097616851329803,0.12738355994224548
1789031925617376000,61.8533759765625,0.03965533897280693,-0.19666868448257446,0.11456578969955444
1789031925627379200,61.86337915039063,0.03882709518074989,-0.18586796522140503,0.10431128740310669
1789031925637382100,61.87338208007812,0.04160674661397934,-0.18243181705474854,0.09568284451961517
1789031925647385000,61.883385009765625,0.04093855619430542,-0.17878568172454834,0.08094118535518646
1789031925657388000,61.89338793945313,0.038957152515649796,-0.18271289765834808,0.06876149773597717
1789031925667391000,61.90339086914062,0.03881413862109184,-0.18845680356025696,0.05844627320766449
1789031925677394200,61.91339428710938,0.03895113989710808,-0.20368970930576324,0.05164545401930809
1789031925687397000,61.92339721679687,0.035195548087358475,-0.2167770117521286,0.05209978669881821
1789031925697400000,61.933400146484374,0.03166990354657173,-0.2271832525730133,0.05310053750872612
1789031925707403300,61.9434033203125,0.029902895912528038,-0.2303798347711563,0.05796320363879204
1789031925717406000,61.95340600585938,0.025289386510849,-0.22593745589256287,0.05756283923983574
1789031925727409200,61.9634091796875,0.023151133209466934,-0.21929633617401123,0.053812842816114426
1789031925737413000,61.9734130859375,0.017191050574183464,-0.21536414325237274,0.04996948316693306
1789031925747416000,61.983416015625,0.0031982690561562777,-0.22502556443214417,0.03494233265519142
1789031925757419000,61.9934189453125,-0.012608257122337818,-0.2363010197877884,0.025206001475453377
1789031925767422000,62.003421875,-0.0207828301936388,-0.2281850278377533,0.028910990804433823
1789031925777425200,62.013425048828125,-0.016761790961027145,-0.22622446715831757,0.04434005916118622
1789031925787428000,62.02342797851563,-0.011948127299547195,-0.2361372858285904,0.04868233948945999
1789031925797431000,62.03343115234375,-0.006965079344809055,-0.2669450640678406,0.04856569319963455
1789031925807434000,62.04343408203125,-0.004537341650575399,-0.28380605578422546,0.05425100773572922
1789031925817437200,62.05343725585937,-0.008576244115829468,-0.2834846079349518,0.0723159983754158
1789031925827440000,62.063440185546874,-0.006913367193192244,-0.27052780985832214,0.09414300322532654
1789031925837443000,62.073443115234376,-0.0062186019495129585,-0.25451070070266724,0.10826204717159271
1789031925847446000,62.08344604492188,-0.0005300900666043162,-0.24466419219970703,0.11994612962007523
1789031925857449000,62.09344897460937,0.014587432146072388,-0.2319219410419464,0.12891800701618195
1789031925867452200,62.1034521484375,0.024745527654886246,-0.20915590226650238,0.13185282051563263
1789031925877455000,62.113455078125,0.026634274050593376,-0.19794942438602448,0.13214999437332153
