time,seconds_elapsed,z,y,x
1789031863817818600,0.053818603515625,-0.6110195821203291,0.12158581375181675,0.08325272209569812
1789031863827821800,0.06382177734375,-0.5506788029260933,0.10019815780818461,0.040957887201756235
1789031863837825500,0.073825439453125,-0.4775001694686711,0.017407061874866486,-0.005234247391670942
1789031863847828700,0.083828857421875,-0.34199674339294434,-0.013599486285448074,-0.07919044109284877
1789031863857831700,0.093831787109375,-0.20412980305626988,-0.024984803652763364,-0.060020315068215126
1789031863867835600,0.103835693359375,-0.03416778867021203,0.03527063534557819,-0.023915713116526603
1789031863877838600,0.113838623046875,0.0395453900553286,0.08402385259866714,-0.10085472202077507
1789031863887841800,0.123841796875,0.0645060821801424,0.11459551647305488,-0.14079524887353181
1789031863897845800,0.133845703125,-0.04991349320411682,0.07706219689249992,-0.1381643158480525
1789031863907848700,0.1438486328125,-0.16304361329972744,0.017335165682435035,-0.15110314626768231
1789031863917851600,0.1538515625,-0.23665420843362805,0.007526888373494148,-0.11805778575614094
1789031863927854600,0.1638544921875,-0.20439181499332187,-0.06031622927486896,-0.13629457645341753
1789031863937858600,0.173858642578125,-0.07028305814638733,-0.20416180562973021,-0.2791262995906174
1789031863947861800,0.18386181640625,-0.032066870868206025,-0.6963619699716568,-0.20815569757148622
1789031863957864700,0.19386474609375,-0.03541632742658257,-1.275583999684453,-0.23140125634148714
1789031863967868700,0.20386865234375,0.09042334437742829,-1.3788245939284562,-0.6537536852143705
1789031863977871600,0.21387158203125,0.14878069466948507,-1.3450743000179528,-1.0675953292429448
1789031863987874800,0.223874755859375,0.1377881760120392,-1.2761989167124033,-1.0511185339555145
1789031863997878500,0.23387841796875,0.03089315091371536,-1.2784978413045405,-0.9658120942004025
1789031864007881700,0.2438818359375,-0.1101852988153696,-1.397939628764987,-0.8325072010822594
1789031864017884700,0.253884765625,-0.23183584836646914,-1.4962462737381457,-0.8594597976766526
1789031864027888600,0.263888671875,-0.25061083759367464,-1.4543103352844715,-0.9897077874422073
1789031864037891600,0.2738916015625,-0.1810829817287624,-1.344302146601677,-1.134770338371396
1789031864047894800,0.283894775390625,-0.04054769896566868,-1.0543015479058027,-1.13972416138649
1789031864057897500,0.2938974609375,-0.027825580036640166,-0.6196300279468298,-1.0131520836547017
1789031864067901700,0.303901611328125,0.17996961365938186,-0.055181788995862006,-0.4376173641525209
1789031864077904600,0.313904541015625,0.24731106539592146,0.10299509505033493,-0.030456805323064325
1789031864087907600,0.323907470703125,0.1435407481893897,0.0718085141479969,0.039112989987432956
1789031864097911600,0.33391162109375,0.6465249030046165,0.13127660216093062,0.299365223890543
1789031864107914800,0.343914794921875,0.47848377367854117,-0.254925778183341,0.3768324944525957
1789031864117917400,0.35391748046875,0.6666990915052592,-0.4497878405481577,0.38020693932175637
1789031864127921700,0.363921630859375,0.5625086491905152,-0.5507663350790739,0.32908933102488513
1789031864137924600,0.373924560546875,0.5443199354186654,-0.3669669339984655,0.43561143115758894
1789031864147927800,0.383927734375,0.16737974280789494,-0.4537865547955036,0.14269640631973743
1789031864157931500,0.393931640625,-0.06352569284066557,-0.47970542442798614,0.04444470640420913
1789031864167934700,0.403934814453125,-0.26879779779985546,-0.45932197709083555,-0.06689648444801569
1789031864177937700,0.413937744140625,-0.2140187443859875,-0.29059096580445765,-0.13525836527347565
1789031864187941600,0.423941650390625,0.04165587940327823,-0.024798341169953345,0.2827577879607677
1789031864197944600,0.433944580078125,0.024738719937205313,-0.037410569983720776,0.3260796278148889
1789031864207947800,0.44394775390625,-0.0399983214545995,-0.35857261514067645,0.0576134000569582
1789031864217950500,0.453950439453125,-0.1015833285562694,-0.6191881293982266,-0.29696196214109655
1789031864227954700,0.46395458984375,0.039055414581298825,-0.40481531087756156,-0.29737200424671173
1789031864237957600,0.47395751953125,0.09886245222501457,0.0707405926555395,-0.14460925420373677
1789031864247960600,0.483960693359375,0.18671039315648374,0.4998275904804468,-0.13108546350300312
1789031864257964500,0.493964599609375,0.31155301674716174,0.831539086702466,-0.19689093784391878
1789031864267967700,0.5039677734375,0.2760971610277891,0.9504840305566787,-0.11035217981487512
1789031864277970400,0.513970458984375,0.2297778929233551,0.9265268163859843,-0.0011649521261453627
1789031864287974700,0.523974609375,0.16365385415256023,0.8354472000569104,-0.0992860113993287
1789031864297977600,0.5339775390625,0.20497491211090235,0.7720815200835466,-0.10157412233650684
1789031864307980500,0.54398046875,0.18205401871800422,0.7562216876506805,-0.23765900156199932
1789031864317984500,0.553984619140625,0.3143400901824236,0.6795154645889997,-0.24516835427880285
1789031864327987700,0.56398779296875,0.33362872802019117,0.6683674631088972,-0.32077713749259706
1789031864337990700,0.57399072265625,0.35249592557549475,0.8957143294930457,-0.32484219497442246
1789031864347993600,0.58399365234375,0.5541816964805126,1.1813368592351674,0.08530190971046686
1789031864357997600,0.59399755859375,0.5830932816555723,1.3413766145437955,-0.08228168510645628
1789031864368000800,0.604000732421875,0.7239280222892761,1.410757609283924,-0.06672083562016487
1789031864378003700,0.614003662109375,0.8382114040732384,1.2756617410957813,-0.04798486322909593
1789031864388007700,0.624007568359375,0.7737445579249411,1.0380781428575516,-0.14763678533136843
1789031864398010600,0.6340107421875,0.8248445574998855,0.7477285845935344,-0.11408727468997239
1789031864408013600,0.644013671875,0.9192951115667819,0.343825127863884,-0.23270868567824363
1789031864418017500,0.654017578125,0.6519687014937401,0.16337679077684877,-0.5945432252243161
1789031864428020700,0.664020751953125,0.4183024958949536,0.1523047771424055,-0.41607729412615296
1789031864438023700,0.674023681640625,0.4292904114425182,0.04701017297804355,-0.259351485671103
1789031864448027600,0.684027587890625,0.2244051138438284,0.07141746900379657,-0.4604039271086454
1789031864458030600,0.694030517578125,0.3087386899787932,0.055821255943179125,-0.2813295087233186
1789031864468033500,0.704033447265625,0.15698270582556723,0.19110709374547002,-0.34933044728189705
1789031864478036000,0.714035888671875,0.108027682390064,0.49183074650764463,0.02991846066266298
1789031864488039700,0.724039794921875,0.2584638891816139,0.6684083796411753,0.6877879106327891
1789031864498043000,0.73404296875,0.16850597035884857,0.583334725728631,0.4970429281979799
1789031864508045800,0.7440458984375,0.18510171585083007,0.28082769668102264,0.3163520145267248
1789031864518049800,0.7540498046875,0.3302629048489034,-0.16474223391115664,0.37527854300886393
1789031864528052700,0.764052734375,0.25714060468859967,-0.4187953209131956,-0.05635404764562845
1789031864538056000,0.774055908203125,0.15360533834695816,-0.4170294802844524,-0.08464724519401788
1789031864548059600,0.7840595703125,0.04136690639406442,-0.41071898196339607,0.23272183742076158
1789031864558062800,0.794062744140625,-0.21885332493558524,-0.5033376444280148,0.06268968040794133
1789031864568065800,0.804065673828125,-0.1397415020368993,-0.567791704159975,0.20604133576601744
1789031864578070000,0.814070068359375,0.0003134498633444309,-0.5991518880635499,0.09372223979234695
1789031864588072700,0.82407275390625,0.28322657451629635,-0.5224082556009292,0.4192401420712471
1789031864598076000,0.834075927734375,0.45002924808859823,-0.4401736245065927,0.3106961807221174
1789031864608078600,0.84407861328125,0.5580654060460627,-0.29680852514505385,0.23690701415091753
1789031864618082800,0.854082763671875,0.6083773970484733,-0.2321346851825714,0.47379415455758567
1789031864628085800,0.864085693359375,0.4676362164497375,-0.2189887878835201,0.518074318049848
1789031864638088700,0.874088623046875,0.2152183294340968,-0.20960136633515355,0.5186942035138606
1789031864648092700,0.8840927734375,-0.06646627633720636,-0.24552257454395293,0.4356172763764858
1789031864658095900,0.894095947265625,-0.27433862692266703,-0.15619009414315224,0.30751053642332554
1789031864668098800,0.904098876953125,-0.1421136379957199,-0.2657406021863222,0.300446881647408
1789031864678102800,0.914102783203125,-0.29087007500678297,-0.30215105521678925,-0.11207914973795413
1789031864688105700,0.924105712890625,-0.3552107374921441,-0.26005203515589237,-0.42207331967055794
1789031864698109000,0.93410888671875,-0.3045613312289119,-0.18689385996460914,-0.5725280850321054
1789031864708112600,0.944112548828125,-0.2504337274610996,-0.22151567601263522,-0.6591781944811343
1789031864718115800,0.95411572265625,-0.2450175476312637,-0.2592921566992998,-0.665967416229844
1789031864728118800,0.964118896484375,-0.05853036877140402,-0.3247966022670269,-0.35939006900340315
1789031864738121700,0.974121826171875,0.2478831661954522,-0.29996845048069953,-0.2132248175293207
1789031864748125700,0.984125732421875,0.3421834981366992,-0.23308804038465022,-0.4634919562518596
1789031864758129000,0.99412890625,0.5914236318990588,-0.08719839098155498,-0.5165130600824952
1789031864768131800,1.0041318359375,0.815324741743505,0.07850830404758453,-0.46624359304755925
1789031864778135800,1.0141357421875,0.672867989398539,0.29202888965308665,-0.5100272051945328
1789031864788138800,1.024138671875,0.4225666561454534,0.5298159015089273,-0.26168168218433857
1789031864798141700,1.0341416015625,0.19124504091143607,0.3611521102398634,-0.03757423611283302
1789031864808145700,1.044145751953125,0.013932809893041848,-0.1339525433719158,-0.06569266161620617
1789031864818148900,1.05414892578125,-0.1140798220358789,-0.3647586102992296,-0.21391893727332353
1789031864828151800,1.06415185546875,-0.05020224701762199,-0.47715047924816606,-0.43427959803193805
1789031864838154800,1.07415478515625,0.1477919758930802,-0.4668313298076391,-0.6759171478360891
1789031864848158700,1.08415869140625,0.18962036231905222,-0.3357382675200701,-0.9460606611564755
1789031864858162000,1.094161865234375,0.07750526448488235,-0.03736088562309742,-1.1339382714614272
1789031864868164900,1.104164794921875,-0.06053688628822565,0.17690321182608604,-1.1990092940479515
1789031864878168800,1.1141689453125,0.07750058830976486,0.395457699945569,-1.044155416944623
1789031864888172000,1.124172119140625,0.6222679752349853,0.7041138992726802,-0.6909937209367751
1789031864898174700,1.1341748046875,0.7460746799066662,0.42556233083009715,-0.2798395624265075
1789031864908178700,1.1441787109375,0.8131833458006381,-0.5853834749519825,-0.24253742125332353
1789031864918182000,1.154181884765625,0.3875678234785795,-1.1392898616224527,-0.10307575907111168
1789031864928184800,1.164184814453125,-0.14333295065760612,-1.3193337095618247,0.2931871197775006
1789031864938188800,1.174188720703125,-0.5138739437505603,-0.8971551759511232,-0.0575567014336586
1789031864948192000,1.18419189453125,-0.9148100751072168,-0.3504670500963926,-0.43676819997727867
1789031864958194700,1.194194580078125,-1.1323483719214797,-0.3205225782096386,-0.18760230049490928
1789031864968198000,1.204197998046875,-0.9382666462793946,-0.41679742509424683,-0.25465602133125065
1789031864978201900,1.214201904296875,-0.6567912993445992,-0.2746107218623161,-0.3912780761733651
1789031864988204800,1.224204833984375,-0.107707802785933,-0.373760247400403,-0.05925707561075687
1789031864998207700,1.234207763671875,0.21448826159387827,-0.7313578800290823,0.013914543583989143
1789031865008212000,1.2442119140625,0.2120116423472762,-0.9436725969761609,-0.12909370516389607
1789031865018214700,1.254214599609375,0.09347703285962343,-0.8955681990206241,-0.4288853377729654
1789031865028217900,1.2642177734375,-0.06310907486379146,-0.6421089862585068,-0.6152110424607992
1789031865038221800,1.274221923828125,-0.017003449510037898,-0.19943711519539356,-0.46916006501615043
1789031865048225000,1.28422509765625,0.17435966482311485,0.1703255870014429,-0.040243455322086806
1789031865058227700,1.294227783203125,0.3721756085574627,0.15418810667097568,0.1463613585680723
1789031865068231000,1.30423095703125,0.48399464605450626,-0.009529460367560387,0.16620646124482155
1789031865078235000,1.31423486328125,0.5270590040162205,-0.07969137635231018,0.1271288348317146
1789031865088237800,1.32423779296875,0.568989097250998,-0.09318974035084247,-0.004741933830082416
1789031865098240800,1.33424072265625,0.510472610874474,-0.09086217418611049,-0.21718027715682983
1789031865108245000,1.344244873046875,0.4651403079807758,-0.21847791575193404,-0.5348673396795988
1789031865118247700,1.35424755859375,0.43535891770124435,-0.34864684893190856,-0.6275014919742942
1789031865128251000,1.3642509765625,0.40061698240488763,-0.3342670259237289,-0.5055971137925982
1789031865138254800,1.3742548828125,0.3444040967956185,-0.18462591503262518,-0.24936200657635926
1789031865148257800,1.3842578125,0.41018443669527765,-0.18383622595965862,-0.014904723665118217
1789031865158260700,1.3942607421875,0.39830227572172877,-0.2827303154319525,0.040354806742072105
1789031865168264000,1.404263916015625,0.25905747116059064,-0.3037742725044489,0.019661855064332483
1789031865178267600,1.414267578125,0.07843582333326339,-0.3020978637248278,-0.036219606633484364
1789031865188270800,1.424270751953125,0.04846534022241831,-0.3825309983551502,-0.1900038086786866
1789031865198273800,1.434273681640625,0.1753942685678601,-0.4142617691367864,-0.3205456668242812
1789031865208277800,1.44427783203125,0.23597850112915036,-0.3381985201537609,-0.3600567162185907
1789031865218280700,1.45428076171875,0.2943956187844276,-0.33020576783418654,-0.32061493266820906
1789031865228284000,1.464283935546875,0.34885201611518857,-0.42190439284443854,-0.3599389350578189
1789031865238288000,1.474287841796875,0.4504278920173645,-0.49231473063230513,-0.5590902190491557
1789031865248290800,1.484290771484375,0.5577779674068093,-0.47839258826375003,-0.5805380807474255
1789031865258293800,1.494293701171875,0.613816373232007,-0.44984921534657474,-0.5040612825274468
1789031865268296700,1.504296630859375,0.5657341871082783,-0.46052375409603113,-0.42141923967599865
1789031865278300700,1.51430078125,0.5369210573390126,-0.5134077875435352,-0.3678311496123671
1789031865288303900,1.524303955078125,0.5402078239247202,-0.57494391400218,-0.3437108538344502
1789031865298306800,1.534306884765625,0.6289853007912636,-0.6158738902837038,-0.3071133537992835
1789031865308310800,1.544310791015625,0.6526993538558483,-0.6536825196743011,-0.2500117026567459
1789031865318313700,1.554313720703125,0.5976739244654774,-0.5182581501841544,-0.2093342398315668
1789031865328317000,1.56431689453125,0.6153007665708661,-0.5031529355108738,-0.27777970728725193
1789031865338320600,1.574320556640625,0.5967687923192978,-0.6184107152849435,-0.36731297095716
1789031865348323800,1.58432373046875,0.5550993958473205,-0.5929471882045269,-0.4070400011897087
1789031865358326800,1.594326904296875,0.5050067466840148,-0.5275912111967802,-0.33278409388959407
1789031865368330800,1.604330810546875,0.5285349217876791,-0.4955231712847948,-0.27866759603768587
1789031865378333700,1.614333740234375,0.5736717021092772,-0.4972118550240993,-0.2933937482655048
1789031865388337000,1.6243369140625,0.6407797834813594,-0.5396843845725059,-0.3305322233095765
1789031865398339800,1.63433984375,0.6366749785110354,-0.5306003298848867,-0.4150108339384198
1789031865408343800,1.64434375,0.5965209550380707,-0.6139286014348269,-0.4968237324893474
1789031865418347000,1.654346923828125,0.6210942552804947,-0.707782943174243,-0.5374409895598888
1789031865428349700,1.664349609375,0.7127522560194134,-0.6458481727868318,-0.4757561022803187
1789031865438353700,1.674353759765625,0.8094906287625432,-0.4925684131324291,-0.41846302021890874
1789031865448356900,1.68435693359375,0.9660033789888024,-0.4497410787969827,-0.2949778025865555
1789031865458359800,1.69435986328125,0.9758937816232442,-0.4774409866273403,-0.16274784522354602
1789031865468363800,1.70436376953125,0.9230594325363636,-0.38319209261238574,-0.16555384255498648
1789031865478367200,1.7143671875,0.8958581218779087,-0.36601767044961453,-0.2070531431570649
1789031865488370400,1.724370361328125,0.878999633796513,-0.4807008652061224,-0.30648119337558744
1789031865498373600,1.73437353515625,0.9095607762768864,-0.6064952365636825,-0.45357700369805093
1789031865508377300,1.74437744140625,0.9718363229259848,-0.6571522416114807,-0.6906278102338314
1789031865518380300,1.75438037109375,1.0252043404981492,-0.4898422030389309,-0.8508572428956628
1789031865528383500,1.764383544921875,1.044591470274329,-0.41840076863765713,-0.8788713312417268
1789031865538387200,1.77438720703125,1.0118787027180194,-0.5080529825121164,-0.8215972461417317
1789031865548390400,1.784390380859375,0.929627120488882,-0.5773217490494251,-0.7610065838396549
1789031865558393600,1.7943935546875,0.7513131650820374,-0.5955395427852869,-0.8356070667937398
1789031865568397600,1.8043974609375,0.45240386826545,-0.5568313342064619,-0.7863228114038705
1789031865578400300,1.814400146484375,0.36008798813968895,-0.5345739096909761,-0.4652610117509961
1789031865588403500,1.824403564453125,0.6419602254375815,-0.5171294384151697,-0.06822276461571454
1789031865598406400,1.834406494140625,0.9962740140900015,-0.6188917768001556,-0.054338908430933947
1789031865608410400,1.844410400390625,1.0628773608103395,-0.7756886046648025,-0.17681202641129493
1789031865618413600,1.85441357421875,0.9374725732922553,-0.7560948464006185,-0.26010727247446774
1789031865628416300,1.864416259765625,0.7564239322245121,-0.6633207011133432,-0.5721724034622311
1789031865638420200,1.874420166015625,0.6215837923631071,-0.6926081703960895,-0.8348936578273772
1789031865648423400,1.88442333984375,0.7032444229617715,-0.8231196334034204,-0.8282537814214825
1789031865658426400,1.89442626953125,0.6847443051531911,-0.9443541494995356,-0.8222598017036914
1789031865668430300,1.904430419921875,0.531968695628643,-0.9624597150325774,-0.8304860705181956
1789031865678433500,1.91443359375,0.2940755930498242,-0.6566746872276067,-0.6467705483287572
1789031865688436500,1.9244365234375,0.1501098974466324,-0.46678106092512606,-0.3137050071492791
1789031865698439400,1.934439453125,-0.06591361089050769,-0.6651403177559375,-0.0012266191855072974
1789031865708443400,1.944443359375,-0.2082102042376995,-0.9529828616350888,0.28394816678911444
1789031865718446600,1.954446533203125,-0.2885316951870918,-0.8577543089330196,0.45934798831492657
1789031865728449300,1.96444921875,-0.29017244813144205,-0.2188455800205469,0.2968406738489866
1789031865738453500,1.97445361328125,-0.16236439886391163,0.5924164423286914,-0.0823527045160532
1789031865748456400,1.98445654296875,-0.30863281845152374,0.7908475953519344,-0.2691787599414587
1789031865758459400,1.99445947265625,-0.5471007983088493,0.2569283501774072,-0.4126137096688151
1789031865768463400,2.00446337890625,-0.3317465675354004,-0.23900223286449906,-0.3434831825584173
1789031865778466600,2.014466552734375,-0.2819523167967796,-0.19752982026934623,-0.3145505180627107
1789031865788469200,2.02446923828125,-0.3236146990060806,0.24025427875220773,-0.23302549654245375
1789031865798472400,2.034472412109375,-0.31840865479558705,0.5553741211354732,-0.25479250719249247
1789031865808476400,2.044476318359375,-0.2977250554680824,0.38399697925448417,-0.2668333658590913
1789031865818479400,2.054479248046875,-0.27571313014626503,-0.07317454180419444,-0.09863339270949363
1789031865828482300,2.064482421875,-0.23144582613557577,-0.3649813131392002,-0.03830196586549282
1789031865838486500,2.074486572265625,-0.20496143157482147,-0.3030705081492662,-0.2773956764057278
1789031865848489500,2.084489501953125,-0.2345291791036725,-0.023978256958723066,-0.4997045486226678
1789031865858492400,2.094492431640625,-0.37136516895741223,-0.02141395942866802,-0.6937772141754627
1789031865868496400,2.104496337890625,-0.6824418734297156,-0.2636024211138487,-0.9221341343849897
1789031865878499600,2.11449951171875,-0.7868532650187611,-0.5435533349603414,-1.2794137871056794
1789031865888502300,2.124502197265625,-0.7058838315546512,-0.6125964760482311,-1.4321926115006207
1789031865898505500,2.13450537109375,-0.7013990873560308,-0.40100189006924625,-1.3736056902363896
1789031865908509400,2.144509521484375,-0.4069096528083086,-0.23731413364708423,-1.2900941710740328
1789031865918512400,2.154512451171875,-0.19880057085752487,-0.2917389667958021,-1.2168053552404046
1789031865928515300,2.164515380859375,-0.1426677647471428,-0.7603875751584768,-1.1172884576946496
1789031865938519600,2.17451953125,0.018664952981472013,-0.9319126010775566,-0.8257838841766119
1789031865948522200,2.184522216796875,0.08666472249627113,-0.6854407629847526,-0.43929888749867674
1789031865958525400,2.194525390625,0.05743570540249347,-0.4361187961578369,-0.2216162137776613
1789031865968529400,2.204529296875,0.03458265308141708,-0.2566641462832689,-0.298960442481935
1789031865978532400,2.214532470703125,-0.02979132715165615,-0.4808709610760212,-0.5085448576822876
1789031865988535300,2.224535400390625,0.10511106429100037,-0.7277671620607375,-0.8328750114813447
1789031865998538500,2.23453857421875,0.2773082903832197,-0.6623778673052787,-1.0883844347715377
1789031866008542200,2.244542236328125,0.38792321278750896,-0.42719256238043307,-1.1429366936922072
1789031866018545400,2.25454541015625,0.6393120490163564,-0.4485147518724203,-0.5602531253486871
1789031866028548400,2.26454833984375,0.7336135500013827,-0.80700670299232,0.032576866216957566
1789031866038552600,2.274552490234375,0.7398807937026023,-1.021347957330942,0.11392828473597764
1789031866048555300,2.28455517578125,0.859213860091567,-1.0329080467432736,0.21187954040020704
1789031866058558500,2.294558349609375,0.6768412769436836,-0.7308131056278944,0.08473843060880899
1789031866068562400,2.3045625,0.5020575414896011,-0.3080833678752184,-0.3899178937360644
1789031866078565400,2.3145654296875,0.4623766884863376,0.05753215151429176,-0.7858215838834642
1789031866088568600,2.324568603515625,0.2613087572187185,-0.15566051731109617,-1.1935606732532382
1789031866098571300,2.3345712890625,0.3296060483753681,-0.6354805080294609,-1.8236980666890739
1789031866108575200,2.3445751953125,0.5566682525992394,-0.5265636217147112,-2.331817100174725
1789031866118578400,2.354578369140625,0.4456348125219345,-0.43676936902105806,-2.5013641040191055
1789031866128581400,2.364581298828125,0.24311551340222357,-0.5438707303464413,-2.395580255033076
1789031866138585300,2.37458544921875,0.14553309105038642,-0.589039659371972,-2.2807596976324915
1789031866148588500,2.384588623046875,0.33327976845204826,-0.401336236590147,-1.996995947499573
1789031866158591500,2.394591552734375,0.696760613900423,-0.038244098198413845,-1.629711325854063
1789031866168595200,2.40459521484375,0.9744999891772865,0.35433833857178687,-1.2063219551488757
1789031866178598400,2.414598388671875,0.9797413969621062,0.6873691006988286,-1.0043415852114557
1789031866188601600,2.4246015625,0.972376713413,0.8110323052465915,-1.0252037559762597
1789031866198604300,2.434604248046875,0.9513330486014485,0.7247153732746839,-1.2019342415839434
1789031866208608500,2.4446083984375,0.7120534601002931,0.4081856640934944,-1.4837690694808958
1789031866218611500,2.454611572265625,0.3431692943036556,-0.21424247013926503,-1.78481976224035
1789031866228614400,2.464614501953125,0.17533669316172598,-0.6714268506795168,-2.2624916350141167
1789031866238618400,2.474618408203125,0.2313724686384201,-1.0080763878256083,-2.840038717252016
1789031866248621600,2.48462158203125,0.33152269565165043,-1.2406576477319002,-3.274948137620091
1789031866258624300,2.494624267578125,0.258407775080204,-1.4353051905632017,-3.2955580871894954
1789031866268627500,2.50462744140625,0.03697042500078678,-1.2624778498739004,-2.800582028393447
1789031866278631400,2.51463134765625,-0.2919751136392355,-0.8995406097829342,-2.056813871863484
1789031866288634400,2.52463427734375,-0.7308113520622253,-0.9124339936256408,-1.3351760063380003
1789031866298637300,2.53463720703125,-1.3993530026942491,-1.2268939107954502,0.6759259156644344
1789031866308641500,2.5446416015625,-2.099262436014414,-1.6986738029211759,2.2422493497133256
1789031866318644200,2.554644287109375,-2.735626741141081,-2.0329495966732503,2.2038021301582456
1789031866328647400,2.5646474609375,-2.8191344609111546,-2.0759727458417414,1.939197838525474
1789031866338651400,2.5746513671875,-2.0136586207479237,-1.4987836832612753,1.7698448959484696
1789031866348654600,2.584654541015625,-1.2239765620440244,-0.9521294596761465,1.4545505737811326
1789031866358657300,2.5946572265625,-0.7384276722848415,-0.7686141362339258,0.886252673664689
1789031866368660500,2.604660400390625,-0.08125263431966304,-0.6214350315421819,0.19974720405787227
1789031866378664400,2.61466455078125,0.6201040751993656,-0.1850830111503601,-0.13505378261208534
1789031866388667400,2.62466748046875,1.3771598755866288,0.35566461873948574,-0.1198296177342534
1789031866398670300,2.63467041015625,2.079725960895419,0.5387994184315205,0.08214958315938711
1789031866408674600,2.644674560546875,2.457225979346037,0.1792272708594799,0.2788935137480497
1789031866418677200,2.65467724609375,2.387625788897276,-0.2563590258568525,0.5932052546188235
1789031866428680400,2.664680419921875,2.277951946735382,-0.389333079585433,0.781368403866887
1789031866438684400,2.674684326171875,2.603350898809731,-0.5531172821193933,1.23158440669924
1789031866448687400,2.684687255859375,3.099699415002763,-0.7104653141260147,1.3216267889350652
1789031866458690300,2.694690185546875,3.7163065879970785,-0.5405044687837361,1.073635193929076
1789031866468693500,2.704693603515625,3.8392368020951744,0.30387071861624715,1.1420678019031882
1789031866478697700,2.71469775390625,3.608585048946738,0.9396148460179566,1.248403147292137
1789031866488700700,2.72470068359375,3.469997831511497,1.1377964081943035,1.326501993755996
1789031866498703600,2.73470361328125,3.1895752085000275,0.9503145192086696,1.0480851576089858
1789031866508707800,2.744707763671875,2.5979016934931276,0.41735096732378,0.4948430800661444
1789031866518710500,2.75471044921875,2.1577824295222756,-0.09352759400308132,-0.05422434214055538
1789031866528713700,2.764713623046875,1.407977038654685,-0.42936230763494965,-0.2793140772476792
1789031866538716700,2.774716552734375,0.6437275273710489,-0.7956412593692541,-0.32890228402018545
1789031866548720600,2.784720703125,-0.027573066580295562,-1.1524071173489092,-0.24370091207474467
1789031866558723600,2.7947236328125,-0.2061661311894655,-1.8013485799759625,-0.05315700516998768
1789031866568726800,2.804726806640625,-0.43160804073512554,-2.152257528620958,0.17786124320328234
1789031866578730500,2.81473046875,-0.42246494933664797,-1.772151127064228,0.3460620931357145
1789031866588733700,2.824733642578125,-0.20117899042665957,-1.2404103949725627,0.4844333297327161
1789031866598736600,2.834736572265625,-0.06720014356970787,-0.4931394910186529,0.3086810415074229
1789031866608740900,2.844740966796875,0.006713818424940109,0.2959825957149267,0.17494038732051848
1789031866618743600,2.85474365234375,0.05659516292512416,0.5051292040199041,0.02527034259587526
1789031866628746800,2.864746826171875,0.08106500279307365,0.4320224667549133,0.16151567308008669
1789031866638749700,2.874749755859375,0.11203121894299983,0.3329612040221691,-0.11102379546612501
1789031866648753700,2.884753662109375,0.2278565694719553,0.2455979778677225,-0.39031244601160286
1789031866658756600,2.894756591796875,0.37582828584611416,0.40454876889586444,-0.6195958334162831
1789031866668759600,2.904759521484375,0.20431845749616623,0.5565887576222419,-0.7877581049039959
1789031866678763500,2.914763427734375,-0.10096329696178435,0.23220541233122347,-1.3013877185046672
1789031866688766700,2.9247666015625,-0.5250964717715978,-0.4624614441603422,-1.8005054071500897
1789031866698770000,2.93477001953125,-1.0273352150470019,-0.9944792396277189,-1.9817714903607964
1789031866708772600,2.944772705078125,-1.509444193485379,-1.160333818694949,-1.975324506178498
1789031866718776600,2.954776611328125,-2.131375484111905,-1.19834118552804,-1.8365432274758815
1789031866728779800,2.96477978515625,-2.467936173930764,-1.075354857328534,-1.5416545644775033
1789031866738782700,2.97478271484375,-2.4117004919677973,-0.7169207738757133,-1.1400991321787237
1789031866748786700,2.98478662109375,-2.1408710422098634,-0.3636310675740242,-0.9495666234508157
1789031866758790000,2.994789794921875,-1.9298042794972656,-0.34261692111790176,-0.74627283282727
1789031866768792600,3.00479248046875,-1.8357044385641812,-0.6822726543426513,-0.5981473871961236
1789031866778796800,3.014796875,-1.6211708765238522,-0.9223720347940921,-0.5193941684767603
1789031866788799700,3.0247998046875,-1.245163726979494,-0.7341828743219375,-0.22135493249297142
1789031866798802700,3.034802734375,-0.6447118622332811,-0.5075491246432066,-0.004585574224591255
1789031866808805600,3.0448056640625,0.09504559735059738,-0.29977555825710295,0.025928221982717513
1789031866818809900,3.054809814453125,0.6613619682610035,0.07774667202532291,0.2184028046891093
1789031866828812500,3.0648125,0.9789134217053651,0.17729776410162448,0.2907268671438098
1789031866838815700,3.074815673828125,1.0918559102743863,-0.018081015613675117,0.10243380790576338
1789031866848819700,3.08481982421875,1.1900170092970133,-0.32286768003106114,-0.32430092770457264
1789031866858822700,3.09482275390625,1.221179624801874,-0.6084931323826313,-0.6941067383907735
1789031866868825600,3.10482568359375,1.090888526546955,-0.8931956246703863,-0.8805334192350506
1789031866878828800,3.114828857421875,1.094771505460143,-1.32059218519032,-0.9363196038648486
1789031866888832800,3.124832763671875,0.9533511104255914,-1.7212971381396054,-0.9273794876925646
1789031866898835700,3.134835693359375,0.43273090728521346,-1.704217993044853,-1.0007555434182285
1789031866908838700,3.144838623046875,-0.27534605039954185,-1.5404039798945188,-1.2494704842627047
1789031866918843000,3.1548427734375,-0.9083984544992446,-1.3540291753679514,-1.5855241013422607
1789031866928845600,3.164845458984375,-1.333770231193304,-1.0769295592993497,-1.564158803360909
1789031866938848800,3.174848876953125,-1.122811605030298,-0.7846160074859857,-1.37336252913028
1789031866948852700,3.184852783203125,-0.745415046954155,-0.41205578352510924,-1.345493694473803
1789031866958855700,3.194855712890625,-0.18991817622184753,0.03799509187340736,-1.0693353047780692
1789031866968858600,3.204858642578125,0.30783319250643254,0.5963742400437593,-0.7310342010326684
1789031866978861800,3.21486181640625,0.7096691953122616,1.1135732365638018,-0.4755333994403481
1789031866988865500,3.224865478515625,1.1416600978851317,1.4886170940339565,-0.17216946130245922
1789031866998868700,3.23486865234375,1.5645476565480232,1.6128092908918856,0.14969744418822228
1789031867008871700,3.24487158203125,1.8829560190826653,1.617620490565896,0.4118533197555691
1789031867018875600,3.254875732421875,2.3122353246092797,1.5622235975146292,0.6596477847542613
1789031867028878600,3.264878662109375,2.6588369314491747,1.4776356812924145,0.6606450521633028
1789031867038881800,3.2748818359375,2.8941186824858187,1.3822756111651657,0.5699146145980805
1789031867048884700,3.284884765625,2.7845053383395073,1.1793354562848806,0.6631588616151363
1789031867058888700,3.294888671875,2.2648533957093955,1.0128951862841844,0.6173068456962705
1789031867068891600,3.3048916015625,1.8249726166695355,0.7481020940810441,0.3976727456465363
1789031867078894600,3.31489453125,1.507288476756215,0.35768940256536,-0.09150007023084908
1789031867088898600,3.324898681640625,0.9950094009816646,0.11575988407731055,0.05652052678633481
1789031867098901800,3.33490185546875,0.7047156645581126,-0.2103922244518995,-0.060640492793172594
1789031867108904700,3.34490478515625,0.6501216123223305,-0.5549257928460836,-0.2507734077442437
1789031867118908700,3.35490869140625,0.4103127392500639,-0.7055652671247721,-0.22817082305289804
1789031867128911600,3.36491162109375,0.03398877884149551,-0.6621124943673611,-0.046154250268451866
1789031867138914600,3.37491455078125,-0.3108008101403713,-0.8101315570145845,0.235475154716894
1789031867148917800,3.384917724609375,-0.5748790320724249,-1.1492384241849183,0.7464394946310668
1789031867158921700,3.394921630859375,-1.2173904616519808,-1.3844026863217354,0.9268288680724799
1789031867168925000,3.404925048828125,-1.5225129338949919,-1.5831950738728044,1.0703460892558097
1789031867178927600,3.414927734375,-1.526434491252899,-1.7004261995464562,1.2718394063286482
1789031867188931600,3.424931640625,-1.1360194616496562,-1.912103203111887,1.3130474688991904
1789031867198934800,3.434934814453125,-0.6065256317019462,-2.2036428479433057,1.4155012966796754
1789031867208937700,3.444937744140625,-0.4142161764293909,-2.0053876360088587,1.30838532230705
1789031867218940700,3.454940673828125,-0.3563461712628603,-0.9903203663825988,1.016476478837058
1789031867228945000,3.46494482421875,-0.28576339951753615,0.1187906300753355,0.6099238958381116
1789031867238947600,3.474947509765625,-0.35498423525989053,0.4460416397571563,0.3631171267025172
1789031867248950800,3.48495068359375,-0.6000412381187081,0.1277186174184084,0.1954401179810986
1789031867258954800,3.494954833984375,-0.8483888069555163,-0.11018062264025211,0.33408282846324144
1789031867268957700,3.504957763671875,-0.8815779598519206,-0.1693897674560547,0.7673418512757867
1789031867278960600,3.514960693359375,-0.36992607606500383,-0.1761474250227213,1.0966524969011544
1789031867288963800,3.5249638671875,0.9055451108947395,-0.07568272523283957,1.6315378106288612
1789031867298967600,3.534967529296875,1.5824360721990465,0.2649269477158785,1.9745082213595508
1789031867308970800,3.544970703125,1.3783020313590764,0.6726730513483286,2.131602132474631
1789031867318973700,3.5549736328125,0.7773053922116756,1.0189297902733088,2.0003947961576283
1789031867328977700,3.564977783203125,0.2757604764193296,1.321544955870509,1.6863094113886354
1789031867338980600,3.574980712890625,-0.19850217243283985,1.6119553044110535,1.2615532823748885
1789031867348983800,3.58498388671875,-0.4917003981262445,1.6843828272402286,0.6626179596714675
1789031867358987800,3.59498779296875,-0.6692597357735037,1.2805863380163907,-0.030629641139321026
1789031867368990700,3.60499072265625,-0.6363572908639907,0.49237376734316346,-0.7214040567696094
1789031867378993700,3.61499365234375,-0.4153191692352295,-0.2548515439033508,-1.3416906489290297
1789031867388996600,3.62499658203125,-0.4465820302441716,-0.9863906257182359,-1.9534063966199755
1789031867399000600,3.63500048828125,-0.6636693684205413,-1.5259411547780035,-2.378681142680347
1789031867409003800,3.645003662109375,-0.6532338991239667,-1.7247019781470299,-2.343474512481689
1789031867419006500,3.65500634765625,-0.5288599159583449,-1.5283803646236658,-2.2510145477101204
1789031867429010700,3.6650107421875,-0.4846805824920535,-1.00768125102818,-2.086660728594661
1789031867439013600,3.675013671875,-0.6467053741380572,-0.3929699747830629,-1.8798557149797677
1789031867449016800,3.685016845703125,-0.6632721857964992,0.1764116289168596,-1.477212341313809
1789031867459019800,3.695019775390625,-0.4825581835106015,0.4564326853901148,-1.159570944563672
1789031867469023700,3.705023681640625,-0.2769815426468849,0.34149405456781384,-0.8250913718678057
1789031867479026200,3.715026123046875,-0.26417203769534825,0.1956219408214092,-0.28790943510290234
1789031867489028900,3.72502880859375,-0.6102513742268085,0.27317162896990776,0.013382117207720874
1789031867499033000,3.735033203125,-0.6928457785442471,0.24784371096789837,0.3656988137587905
1789031867509036000,3.7450361328125,-0.49154813017398113,0.1480389363914728,0.6308855814546346
1789031867519039000,3.7550390625,-0.37610593374371526,0.09589607670009136,0.6909896292835473
1789031867529042000,3.7650419921875,-0.20342501578778027,0.13228139528930186,0.6745468823961913
1789031867539046100,3.775046142578125,-0.10375526576787232,0.21956454194486139,0.5929329404834658
1789031867549049000,3.785049072265625,-0.04756868364363909,0.2184410908728838,0.4508331118173897
1789031867559052000,3.795052001953125,0.18300357452780008,0.11204057129323482,0.2594264506034553
1789031867569056000,3.805055908203125,0.383918945582211,-0.08784837932288646,0.03077500442676246
1789031867579059200,3.81505908203125,0.48779988355636594,-0.20081717137694358,-0.13754369973167777
1789031867589062000,3.825061767578125,0.31642128037065265,-0.15538345393538475,-0.23843188563063739
1789031867599066000,3.835066162109375,0.19833149204105138,-0.0039998832911252976,-0.15858144625909626
1789031867609069000,3.845069091796875,0.2054126824736595,0.2507785953760147,0.03093034111894667
1789031867619072000,3.855072021484375,0.3438599069163203,0.49161213532090187,0.10105988920405506
1789031867629075000,3.865074951171875,0.5654281898990273,0.5014408708959818,0.1728964604027569
1789031867639079200,3.8750791015625,0.7493959332838654,0.33477205283641814,0.3604340981636196
1789031867649081900,3.885081787109375,0.6194014798879623,0.1307026016652584,0.6311697321582586
1789031867659085000,3.8950849609375,0.47987172090560193,-0.07011749232113361,0.7150009117290377
1789031867669089000,3.905089111328125,0.68910103905797,-0.1994569889396429,0.6956834861882031
1789031867679092000,3.915092041015625,0.9542059736892581,-0.30765725141763683,0.7526417102720588
1789031867689095000,3.925094970703125,1.0261118107318878,-0.418699459323287,0.7686932658847421
1789031867699098000,3.93509814453125,0.9736483407840132,-0.49576340978145594,0.6919606662727892
1789031867709101800,3.945101806640625,1.1661910202905534,-0.5466384414941072,0.6027175446558743
1789031867719105000,3.95510498046875,1.3076988013476132,-0.7501344766914844,0.3892791574411094
1789031867729108000,3.96510791015625,1.242936990840733,-0.8176707203477621,0.06965265128836036
1789031867739112200,3.9751123046875,1.1942851881355045,-0.6711860276609659,-0.05982691138796508
1789031867749115000,3.985114990234375,1.0712629118397832,-0.5665080940902233,-0.130099082814157
1789031867759118000,3.9951181640625,0.8617188286498189,-0.6629892772018909,-0.37412250484153625
1789031867769121000,4.00512109375,0.8082417977452278,-0.7721563388854265,-0.5681263429418206
1789031867779125000,4.015125,0.8343629119515419,-0.6903665289491414,-0.7454479263104498
1789031867789128200,4.025128173828125,0.7750321865826845,-0.4900052846461534,-0.7207441315561532
1789031867799131000,4.035130859375,0.5750181482821702,-0.4552285702973604,-0.636066929615289
1789031867809134800,4.045134765625,0.6772811296656728,-0.5450368515163659,-0.6338320101700723
1789031867819138000,4.055137939453125,0.7313564187243581,-0.6645926207453012,-0.6690392248906195
1789031867829141200,4.065141357421875,0.7820411885619163,-0.8638701614648103,-0.8397123101554811
1789031867839144000,4.07514404296875,0.9386270040243864,-0.9686351887971162,-0.8398900048099458
1789031867849148200,4.085148193359375,0.9858885214149952,-0.9609750294327736,-0.7462497442126274
1789031867859151000,4.095151123046875,0.7473527370184659,-0.8524193776458502,-0.7847375880390405
1789031867869154000,4.105154052734375,0.30980478484034535,-0.6016805297583341,-0.8670860547713934
1789031867879158000,4.115157958984375,0.05615443342030048,-0.25981647283434867,-0.9038904755555093
1789031867889161200,4.1251611328125,0.04652852694094181,-0.06142798990905284,-0.8192074283957481
1789031867899164000,4.135163818359375,0.20716215648949146,-0.09045534695088862,-0.8081526581570505
1789031867909167000,4.1451669921875,0.3291515826061368,-0.19808628510832785,-0.7675434382624924
1789031867919171000,4.155171142578125,0.19776888972222803,-0.27785072669684885,-0.6885336144335568
1789031867929174000,4.165174072265625,0.011651274827122688,-0.39652971309125423,-0.5876746546290814
1789031867939177000,4.175177001953125,-0.03982406086623668,-0.5637468126833438,-0.45223917922303075
1789031867949181200,4.18518115234375,-0.05544423932433128,-0.5787199254095554,-0.5026049462392926
1789031867959184000,4.195183837890625,-0.025065467673540114,-0.4483265358239412,-0.5808190896458924
1789031867969187000,4.20518701171875,0.3178764476150274,-0.42618309307694435,-0.27463205691128967
1789031867979190000,4.21518994140625,0.4585039387062192,-0.46344227189123627,-0.22325272893831133
1789031867989194000,4.225194091796875,0.3622784839212894,-0.49914954508841036,-0.31858547266721726
1789031867999197000,4.235197021484375,0.20960721155405043,-0.42135085061490535,-0.36321284216195343
1789031868009200000,4.2452001953125,0.5892939263939857,-0.5462456427842378,0.26072905763462184
1789031868019204000,4.2552041015625,0.8731775035142898,-0.688668492859602,0.6596786913491786
1789031868029207000,4.26520703125,0.7048585801601409,-0.6906774945944547,0.529701773609966
1789031868039210000,4.2752099609375,1.1439739277854561,-0.8198644309997558,1.1006859902009367
1789031868049213000,4.285212890625,1.3380161981999874,-0.9098884007960557,1.2308232130683958
1789031868059217000,4.295216796875,1.0977066821292043,-0.8560790691971778,0.820132726547122
1789031868069220000,4.30522021484375,0.8561226160779595,-0.8512591016948222,0.37178310210853815
1789031868079223000,4.31522314453125,0.8047253140568733,-0.8515402567237615,0.1364610190615058
1789031868089227000,4.32522705078125,1.0338371442869305,-0.907196677494049,0.04132788955792784
1789031868099230000,4.33522998046875,1.10514676900208,-0.9137187727391719,-0.15293313817381857
1789031868109233200,4.345233154296875,1.1031740076243877,-0.8022527864634991,-0.3062333560943603
1789031868119236000,4.355236083984375,1.0465309139043093,-0.6769149267017841,-0.42461102145463225
1789031868129240000,4.365239990234375,1.043864032782614,-0.548233601731062,-0.49909898394495245
1789031868139243000,4.375242919921875,1.052344568619132,-0.42748423880338665,-0.5765073639266193
1789031868149246000,4.385245849609375,0.9435039624109863,-0.20150573816299439,-0.7290940267503261
1789031868159250000,4.39525,0.828885065062344,-0.08800152405798435,-0.8294429912060499
1789031868169253000,4.405253173828125,0.620839988258481,-0.08808686425387859,-0.8551859197497368
1789031868179256000,4.415256103515625,0.33865240140110253,0.00923603037893772,-0.8551166539058088
1789031868189259000,4.425259033203125,0.29673019921183585,0.1898971334338188,-0.6981314638622105
1789031868199263000,4.435262939453125,0.454419884262979,0.41229368393421173,-0.5064784266717731
1789031868209266000,4.445265869140625,0.4320049310982227,0.5286947885245085,-0.43449967052340505
1789031868219269000,4.45526904296875,0.3095844200879335,0.545116931015253,-0.3758082659713924
1789031868229273000,4.465273193359375,0.18503741844296454,0.5263192915648222,-0.3892205591216683
1789031868239276000,4.475276123046875,0.06563771655857563,0.38891631547808647,-0.5918820431910455
1789031868249279000,4.485279052734375,0.021206454157829284,0.30175416485369205,-0.8462471187517047
1789031868259282200,4.4952822265625,0.12396014166772365,0.32221944525539875,-1.0005926079414784
1789031868269286000,4.505285888671875,0.27330869935303925,0.40440789912045,-1.0621120755262672
1789031868279289000,4.5152890625,0.42778994375169277,0.39821372065544125,-0.8880259669475257
1789031868289292000,4.5252919921875,0.39647184542417524,0.28193419661819935,-0.48942397762686013
1789031868299296300,4.535296142578125,0.27620909696966406,0.17171265744566916,-0.21054493079558015
1789031868309299000,4.545298828125,0.028158172991871833,0.19418284792900084,0.03209887344166636
1789031868319302100,4.55530224609375,-0.19383008896857498,0.42961131395995616,0.1644165090881288
1789031868329304800,4.565304931640625,-0.3058116235509515,0.6452694961160421,0.11834069435074925
1789031868339309000,4.57530908203125,-0.40930736159980297,0.710927086418867,-0.10089651533588767
1789031868349312000,4.58531201171875,-0.6464516916379333,0.5227016855895519,-0.15170973385870457
1789031868359315000,4.59531494140625,-0.7533382411688566,0.1127776533961296,0.011213614062219858
1789031868369319000,4.60531884765625,-0.6725318893119693,-0.2879395745128393,0.45445071779266
1789031868379322000,4.615322021484375,-0.8283774078011512,-0.41566286810636516,0.5191166667096316
1789031868389325000,4.625324951171875,-0.8240291494637727,-0.4499187734514475,0.7491201850824057
1789031868399328000,4.635327880859375,-0.5296271009385586,-0.6598568243950605,1.016838663212955
1789031868409332000,4.64533203125,-0.22511165467798708,-0.8450111472159624,0.7582030707262456
1789031868419335200,4.655335205078125,-0.24608780721127985,-1.0738637419879435,1.1476757049128412
1789031868429337900,4.665337890625,-0.40482057157456874,-1.2743477358877657,1.2792301011018454
1789031868439342000,4.675342041015625,-0.2161345674961805,-1.5433657523095607,1.1371844137758016
1789031868449345000,4.685344970703125,0.35807226440310475,-1.7241823381870984,0.9180218767605721
1789031868459348000,4.695347900390625,0.8681096987307071,-1.4771458519488572,0.5968490179486572
1789031868469351200,4.70535107421875,1.1515227357298135,-0.9250082285165786,0.37579058418422934
1789031868479355600,4.715355712890625,1.2419032638788223,-0.41813071952462194,0.4418970872983336
1789031868489358600,4.725358642578125,0.9720125562757254,-0.14680851781368254,0.4869184245467186
1789031868499361800,4.73536181640625,0.40074703852534294,0.07250234163105487,0.04988441324010491
1789031868509365500,4.745365478515625,0.19277005852162837,0.07526303851604461,-0.309701032204926
1789031868519368700,4.75536865234375,0.35959085227251053,0.0011953472644090652,-0.5912947448223829
1789031868529371600,4.76537158203125,0.5988882686913013,-0.04848901335895061,-0.6823685159325599
1789031868539374600,4.77537451171875,0.7102770980775356,0.2150689840912819,-0.5738789151191711
1789031868549378600,4.785378662109375,0.7113274839133024,0.6650713441729545,-0.21819909881055355
1789031868559381800,4.7953818359375,0.528328293299675,0.8184609939426183,0.04609130456745624
1789031868569384400,4.805384521484375,-0.04047288016378879,0.6423614997148513,0.08301482168659567
1789031868579388700,4.815388671875,-0.6600649141877889,0.3948971434533596,0.10395181125327944
1789031868589391600,4.8253916015625,-0.9207301128059625,0.3533651096254587,0.17797054879665375
1789031868599394600,4.83539453125,-0.7802268326163292,0.43916649329066276,0.2288207383289933
1789031868609397800,4.845397705078125,-0.5172603713184595,0.3180044579088688,0.13700740089789032
1789031868619401700,4.855401611328125,-0.4555518109023571,-0.14032441649138927,0.07424772399365902
1789031868629404700,4.86540478515625,-0.6918605668991804,-1.0350678551256656,-0.0637391894608736
1789031868639407600,4.87540771484375,-1.021413423782587,-1.7158084775954483,-0.3703524847835302
1789031868649411600,4.88541162109375,-1.243962534496188,-1.2115092946588992,-0.680956603308022
1789031868659414800,4.895414794921875,-1.2286878084748982,0.1290069036632776,-0.745258395087719
1789031868669417700,4.905417724609375,-1.0630009871900081,1.2474573908746243,-0.6828956085465848
1789031868679420700,4.915420654296875,-0.8288096617385745,1.3661720331043004,-0.6517088815137744
1789031868689424600,4.925424560546875,-0.3430088430449366,0.7868465430170297,-0.667298226442188
1789031868699427600,4.935427490234375,-0.19189707507938145,0.17501988229751586,-0.7077277058556676
1789031868709430800,4.9454306640625,-0.48077919113934037,-0.12624503773450851,-0.7317593004368245
1789031868719434800,4.955434814453125,-0.4056842026665807,-0.148749130487442,-0.49051162673309445
1789031868729437700,4.965437744140625,-0.07377922969907522,-0.3213882551282644,-0.3393820308499038
1789031868739440600,4.975440673828125,0.23596330356001852,-0.4563946914672851,-0.21323533892333507
1789031868749443800,4.98544384765625,0.34680911211073395,-0.47806467148363585,-0.059731707385182374
1789031868759447600,4.995447509765625,0.5579734899789095,-0.11120295142531395,0.17103928822875022
1789031868769450800,5.00545068359375,0.7446341257095337,0.41687984268069267,0.2661357389837503
1789031868779453700,5.01545361328125,0.6659218235224486,0.6134896254956722,0.11467705727666616
1789031868789457700,5.025457763671875,0.583756166011095,0.5709364319264888,-0.21234891147762536
1789031868799460600,5.035460693359375,0.5592477476984262,0.4196399550437927,-0.4557258522950113
1789031868809463800,5.0454638671875,0.5969599309772252,0.22502046926319597,-0.4524919849403202
1789031868819466500,5.055466552734375,0.5554682291597127,-0.04771510637700557,-0.524546144412458
1789031868829470700,5.065470703125,0.6835282073616981,-0.17441022596657274,-0.5899371927335858
1789031868839473700,5.0754736328125,0.9556921205937862,-0.0875502731591463,-0.6578177197828888
1789031868849476600,5.0854765625,1.05458621006608,0.19365502466261386,-0.8246873211115598
1789031868859480600,5.09548046875,0.960332639876008,0.10645020394027233,-1.023517410324514
1789031868869483800,5.10548388671875,0.7444944249778985,-0.24230127440989016,-0.9984294385582207
1789031868879486500,5.115486572265625,0.6566998216688632,-0.5528484020501375,-0.7246708034805953
1789031868889489700,5.12548974609375,0.9481985499680041,-0.6993108829051256,-0.3536103165581822
1789031868899493600,5.13549365234375,1.0845721830070019,-0.6650619918227195,-0.20111308558359742
1789031868909496600,5.14549658203125,0.9713859488099813,-0.3573632393509149,-0.07971256527081132
1789031868919499500,5.15549951171875,0.5753004723548889,-0.3848801918298006,-0.04477233092337846
1789031868929502700,5.165502685546875,0.04041851962804794,-0.5616074625670909,-0.16310791070759295
1789031868939506700,5.175506591796875,-0.2444868017554283,-0.7808926030486821,-0.3495062422402203
1789031868949509600,5.185509521484375,-0.17114157955944537,-0.9005559243053197,-0.38764541875943537
1789031868959512800,5.195512939453125,0.15112755005657671,-0.7822393414825201,-0.23701032839491962
1789031868969516800,5.205516845703125,0.29090602310299873,-0.4978823016315698,-0.090001465703547
1789031868979519500,5.21551953125,0.055908934226632116,-0.33321664008796215,-0.2808722664751112
1789031868989522700,5.225522705078125,-0.36309856813251973,-0.2767413041502237,-0.6655249331593514
1789031868999525600,5.235525634765625,-0.49555122833549975,-0.26539398070573805,-0.9444248766481875
1789031869009529600,5.245529541015625,-0.3832330091446638,-0.1483838043063879,-0.8899256630890071
1789031869019532800,5.25553271484375,-0.24066402859687805,-0.050505029356479644,-0.9012168724320828
1789031869029535700,5.26553564453125,-0.13501403512358665,0.17636077551245688,-0.8600497263938188
1789031869039539500,5.27553955078125,0.11148995167315005,0.29930151100456714,-0.7822688598379492
1789031869049542700,5.285542724609375,0.31600656208992,0.27740824362635613,-0.669560326155275
1789031869059545900,5.2955458984375,0.27074352504014965,0.1154091709434986,-0.6819447375625372
1789031869069548500,5.305548583984375,0.059847442719340324,-0.007737316253781318,-0.7908677613571286
1789031869079552800,5.315552734375,-0.08166004607677459,-0.05373334375321865,-1.0136157556436955
1789031869089555700,5.3255556640625,0.19343115277886389,0.0825052647292614,-1.0554681074671446
1789031869099558700,5.33555859375,0.6730220109164714,0.28375848943591114,-0.8537811675183474
1789031869109562600,5.345562744140625,0.9754226569801568,0.19301497319340705,-0.7883304979644715
1789031869119565800,5.35556591796875,1.083316629987955,0.056846507337689395,-0.7761652822658419
1789031869129568500,5.365568603515625,0.9365992975890636,-0.02080839475095272,-0.7385949916757643
1789031869139571700,5.37557177734375,0.6000812778681516,-0.18967676868140695,-0.6780310712501406
1789031869149575700,5.38557568359375,0.23857962353825568,-0.6101929220378398,-0.7176986263804137
1789031869159578600,5.39557861328125,0.072300681579113,-0.8798585887134075,-0.5617227595098316
1789031869169581600,5.40558154296875,0.08747486983537674,-0.8507803782671689,-0.2588651634588838
1789031869179585800,5.415585693359375,0.040535424005985254,-0.8030266934454441,-0.1624662518031895
1789031869189588500,5.42558837890625,0.05498188250958919,-0.5679997939527034,-0.09040230158939958
1789031869199591700,5.435591796875,0.24963819316923616,-0.3251280261784792,0.04113996577039361
1789031869209594600,5.4455947265625,0.3184855194240808,-0.21597791562974453,0.041822102815657854
1789031869219598800,5.455598876953125,0.4107031998723745,-0.2890630255848169,-0.15859934724196792
1789031869229601500,5.4656015625,0.463131306245923,-0.5051642753332853,-0.5326479100644588
1789031869239604700,5.475604736328125,0.5157780238062143,-0.6698351975739002,-0.6968031378678977
1789031869249607700,5.485607666015625,0.4989958158314228,-0.7122644725024699,-0.7562148195184767
1789031869259611600,5.495611572265625,0.40406478477120394,-0.6037357087224722,-0.869100171072781
1789031869269614600,5.505614501953125,0.2216086149930954,-0.455177132371068,-0.8428333647854626
1789031869279617500,5.515617431640625,-0.012478373301029204,-0.28593291086554523,-0.6330326764859259
1789031869289621500,5.52562158203125,-0.17366729864478112,-0.12748890031576157,-0.4540386298604309
1789031869299624700,5.535624755859375,-0.08245499584674834,-0.03733341309428215,-0.319967866936326
1789031869309627600,5.545627685546875,-0.007737900775671005,-0.004319616764783859,-0.09452128121554851
1789031869319630600,5.555630615234375,-0.12410276500880718,-0.06156885968446731,-0.15173077664673326
1789031869329634600,5.565634521484375,0.028853754040598867,-0.15692776076793669,-0.31966625364124773
1789031869339637800,5.5756376953125,0.05648702637553215,-0.19047756367027757,-0.32650501362010836
1789031869349640700,5.585640625,0.028536358654499053,-0.16241817487776278,-0.3368348305851221
1789031869359644700,5.595644775390625,0.0854202753931284,-0.11582710409462452,-0.32687647728100416
1789031869369647600,5.605647705078125,0.089302085262537,-0.05011632229983806,-0.10039441103264689
1789031869379650600,5.615650634765625,0.1089411439731717,-0.029071780705451963,-0.15949015860185026
1789031869389653800,5.62565380859375,-0.077964698690176,-0.12263619958758354,-0.11958207271397113
1789031869399657700,5.63565771484375,-0.2895473019704223,-0.26081600526571275,-0.14631576586067677
1789031869409660700,5.64566064453125,-0.6754203042298556,-0.32563129952549935,-0.36034400872737166
1789031869419663600,5.65566357421875,-0.7722513236925005,-0.3365057447612285,-0.3134684219144285
1789031869429666800,5.665666748046875,-0.5981093932732939,-0.28742227264046666,-0.3634969198003411
1789031869439670500,5.67567041015625,-0.35319589053839445,-0.060980246141552924,-0.18633710286468266
1789031869449673700,5.685673828125,-0.13814765697419643,0.25675533169806003,-0.040909079623967406
1789031869459676700,5.6956767578125,-0.19131927519142627,0.520338463589549,-0.11785787926986813
1789031869469680600,5.7056806640625,-0.2702279767334461,0.6700403647571802,-0.017216069347411392
1789031869479683000,5.71568310546875,-0.5869707441434264,0.6240349849075079,-0.10384820474833249
1789031869489686000,5.72568603515625,-0.7126967264398932,0.36907296636700626,-0.18086627023816107
1789031869499689200,5.735689208984375,-0.5825508818745613,-0.02652794144153595,-0.03893003463596106
1789031869509693200,5.745693115234375,-0.6613026392892003,-0.3542611816823482,-0.026251316457241772
1789031869519696000,5.75569580078125,-0.7082327327683567,-0.5590034175485372,0.0039003684394061564
1789031869529699000,5.765698974609375,-0.7442012872502207,-0.5235989266902208,0.17400120677426456
1789031869539703000,5.775703125,-0.8881897792071104,-0.2871153986483812,0.40231560301631686
1789031869549706000,5.7857060546875,-0.9327391150295734,0.02699497443139553,0.6932916226156055
1789031869559709200,5.795709228515625,-0.7607049705445766,0.2757891179919243,0.8199303358428179
1789031869569712000,5.805712158203125,-0.7200485505074262,0.23742110115289686,0.94350659275949
1789031869579715800,5.8157158203125,-0.7507485169366002,0.021789807003736495,0.7757983486495912
1789031869589719000,5.825718994140625,-0.7028299969419837,-0.26681904507279397,0.5860888467423617
1789031869599722200,5.83572216796875,-0.723329471874237,-0.5238613770186901,0.3157382665425539
1789031869609726000,5.845725830078125,-0.6890820420965552,-0.5906202065616846,0.08073971636146307
1789031869619729200,5.855729248046875,-0.7028922485232353,-0.3887888897061348,-0.1674943090982735
1789031869629732000,5.865732177734375,-0.6094082014009357,-0.02482347561120987,-0.26756986344009637
1789031869639735000,5.875735107421875,-0.40902357622236013,0.3640039925396442,-0.19768881022334098
1789031869649739000,5.885739013671875,-0.19163520927280187,0.7276227851539849,-0.026922055325657127
1789031869659742200,5.8957421875,-0.040599721413850785,1.0049076946616171,0.2308878999918699
1789031869669745000,5.905744873046875,0.2691492415860295,0.836009510114789,0.483222054246813
1789031869679748000,5.915748046875,0.530551230046153,0.2518476859122515,0.13897431705668567
1789031869689752000,5.925751953125,0.49897272721678015,-0.2656488322496414,-0.3168981041021645
1789031869699755000,5.935755126953125,0.4383925863087177,-0.585358340510726,-0.4812586452193558
1789031869709758000,5.945758056640625,0.4156251664444804,-0.7364280229002237,-0.4661765191607177
1789031869719762200,5.95576220703125,0.4686313649669289,-0.7100234155774117,-0.33537893268838526
1789031869729765000,5.96576513671875,0.5754913187518715,-0.5266197358161211,-0.29093232658803464
1789031869739768000,5.97576806640625,0.6587506167188286,-0.23588263953924177,-0.4025736694306135
1789031869749771000,5.98577099609375,0.4169552460044622,-0.14988134938776493,-0.5848790325611829
1789031869759775200,5.995775146484375,-0.12933102105110883,-0.17959610417187213,-0.6949725614398717
1789031869769778000,6.00577783203125,-0.6563222205281257,-0.20963760669231413,-0.8328738424375652
1789031869779781000,6.015781005859375,-0.8751426661074161,-0.27538112171292306,-0.8878054560646415
1789031869789785000,6.02578515625,-0.6648083093225956,-0.4192442337244749,-0.8077670198403298
1789031869799788000,6.0357880859375,-0.293434372536838,-0.5044382991462946,-0.8633955296903848
1789031869809791000,6.045791015625,-0.20244301901310682,-0.19316402627527712,-0.7053245902366936
1789031869819794200,6.055794189453125,-0.3904652984857559,0.4210854776769876,-0.2097562646359205
1789031869829798000,6.0657978515625,-0.5734685807526111,0.9560954406976699,0.29172786087989805
1789031869839801000,6.075801025390625,-0.5640773598119616,1.1887895133286714,0.6238854934342205
1789031869849804300,6.08580419921875,-0.42674218826442956,0.9085217886179685,0.6322131767965853
1789031869859807000,6.095806884765625,-0.18056933311820028,0.3011848405331373,0.22472952349260447
1789031869869811000,6.10581103515625,-0.16256839700341225,-0.1355044489890337,-0.12331351432725786
1789031869879814100,6.115814208984375,-0.3159346658974886,-0.2571095519632101,-0.26394436641931535
1789031869889817000,6.125817138671875,-0.388506857894361,-0.2009557030647993,-0.12831088422313333
1789031869899821000,6.135821044921875,-0.4085676491484046,-0.037568390893936154,0.03637786593511701
1789031869909824300,6.14582421875,-0.23762568381428717,0.1027741457760334,0.07916530665159224
1789031869919827000,6.155826904296875,0.0703422409877181,0.09524725740253925,-0.06050108432248234
1789031869929830100,6.165830078125,0.2506768885672092,-0.09169570240080356,-0.2879625169970095
1789031869939834000,6.175834228515625,0.4371510618150234,-0.3451823876917362,-0.19225816347673536
1789031869949837000,6.185837158203125,0.4391358058914542,-0.39366614035367964,-0.08156140800788998
1789031869959840000,6.195840087890625,0.16736586041301488,-0.14265665883123874,-0.03650602235943079
1789031869969843200,6.20584326171875,-0.07903612731397151,0.04414017049968243,0.17990385494679212
1789031869979847000,6.215846923828125,0.07386720024347306,-0.1224848084181547,0.41802535945400593
1789031869989850000,6.22585009765625,0.39898879668116566,-0.32512510356903074,0.5538914813622832
1789031869999853000,6.23585302734375,0.4279275986567139,-0.3497919273138046,0.5148183849938214
1789031870009857300,6.245857177734375,0.33925212085992096,-0.36537002019584175,0.5705293124303221
1789031870019860000,6.25585986328125,0.2095712634578347,-0.5542570998042822,0.4390234315581619
1789031870029863200,6.26586328125,0.23267770601809024,-0.8936258327811956,0.061028761458396905
1789031870039865900,6.275865966796875,0.24973610058575868,-1.1208324139118193,-0.28708924129381774
1789031870049870000,6.2858701171875,0.17402385699748993,-1.1202648431569338,-0.5308616111695766
1789031870059873000,6.295873046875,0.054819677685201164,-0.9649339961916208,-0.6871947670452296
1789031870069876000,6.3058759765625,-0.12160744106173514,-0.752742613363266,-0.6387716585293411
1789031870079880000,6.3158798828125,-0.2660287714779377,-0.5609317552626133,-0.5698633958674967
1789031870089883100,6.325883056640625,0.0007692308068275451,-0.5664250919818877,-0.6412623063012958
1789031870099886000,6.335885986328125,0.4478434284821152,-0.6409750137925148,-0.8269377303868531
1789031870109889000,6.345888916015625,0.5478104078829288,-0.386076708137989,-0.984022873673588
1789031870119893000,6.35589306640625,0.5451178077980876,-0.18435294331014154,-1.0538488357022404
1789031870129896200,6.365896240234375,0.44261897183209653,-0.1846954731374979,-1.0487320772103965
1789031870139899100,6.375899169921875,0.1259729427948594,-0.10657061544954777,-1.042049384576082
1789031870149902000,6.385902099609375,0.10067541993111372,-0.1994178259730339,-0.9808658709473907
1789031870159906000,6.395906005859375,0.2700815540000796,-0.32072599182724953,-0.9081871498361229
1789031870169909000,6.405908935546875,0.49138534082770347,-0.2720394100695848,-0.7822621378362178
1789031870179912200,6.415912109375,0.7107005841866135,-0.1731049885869026,-0.7529204541482031
1789031870189915100,6.4259150390625,0.8157023428842425,-0.07200725159049033,-0.6704292179442942
1789031870199919000,6.435919189453125,0.8333949437022209,-0.03475216442942619,-0.4992030288413167
1789031870209922000,6.445922119140625,0.7205199674114584,-0.040489831298589705,-0.3989079865299165
1789031870219925200,6.45592529296875,0.49565118157863614,0.06188625507056713,-0.3319729236371815
1789031870229929000,6.465928955078125,0.2521335171163082,0.17817513145804403,-0.3684660865150392
1789031870239932200,6.47593212890625,0.3104652945756912,0.14226736725270747,-0.43245618199706076
1789031870249935000,6.48593505859375,0.3692188045784831,0.19192250178158282,-0.5950288167841732
1789031870259938000,6.49593798828125,0.2909653520748019,0.3150900317668915,-0.7247558514155447
1789031870269942000,6.50594189453125,0.14653934548348188,0.37566695780456066,-0.7355065241411328
1789031870279945200,6.5159453125,-0.3209033942207694,0.40920331670343874,-0.7721157146140932
1789031870289948000,6.525947998046875,-0.9209609989523887,0.2877355763733387,-0.7675549825698137
1789031870299952000,6.5359521484375,-1.3703215539991855,0.11608546276986598,-0.6367356226570904
1789031870309955000,6.545955078125,-1.5254279445588588,-0.015122750329971313,-0.37002339895963665
1789031870319958000,6.5559580078125,-1.5826690041720866,0.044566286957263945,-0.0942646761059761
1789031870329961000,6.5659609375,-1.5091750211551784,0.1077928507208824,0.198574653147161
1789031870339965200,6.575965087890625,-1.3267436935573815,-0.03272796512544155,0.2634123053692281
1789031870349968000,6.5859677734375,-1.1061118146419524,-0.3783995976388454,-0.12374810635223985
1789031870359971000,6.59597119140625,-0.8687395210668444,-0.7860434099406004,-0.30820670199394223
1789031870369974000,6.60597412109375,-0.30880291432142254,-1.0200397973418236,-0.21633798111379146
1789031870379978200,6.615978271484375,0.3192646871030331,-1.163663255378604,-0.036508506577461956
1789031870389981000,6.62598095703125,0.8702443726718425,-1.1830693821161984,0.3649496028266847
1789031870399984000,6.635984130859375,1.1503536919504402,-0.7596370490521193,0.9019292584851384
1789031870409988000,6.645988037109375,0.9715086984068154,-0.05683540142178535,0.7287010819099843
1789031870419991000,6.655990966796875,0.5460919135272503,0.5583627815574407,0.49666576544865965
1789031870429994000,6.665993896484375,-0.21283844856023787,0.5927092877954244,0.8686728855714202
1789031870439997000,6.675996826171875,-0.8404054069861769,-0.09193184924423695,0.7398793323978782
1789031870450001000,6.6860009765625,-1.0858180914148687,-0.6492933448046445,0.5475288144625723
1789031870460004000,6.696004150390625,-0.8921136746525764,-0.4662643435746431,0.44258053951784965
1789031870470007300,6.70600732421875,-0.33737317524552346,0.036541385933756824,0.4350272015288472
1789031870480010500,6.716010498046875,0.33454934999644753,0.46808688282668587,0.37101971652060745
1789031870490014500,6.726014404296875,0.6813131616607307,0.5107201558947563,0.14690759427398442
1789031870500017700,6.736017578125,0.7108335629165172,0.3631768940657377,-0.10442030554786323
1789031870510020600,6.7460205078125,0.4829997897982597,0.3425543772757053,-0.2224113096781075
1789031870520024600,6.756024658203125,0.33160774358659983,0.6191951436609029,-0.13824015756323932
1789031870530027500,6.766027587890625,0.31514380778074264,0.9997843602985143,0.1023778399348259
1789031870540030500,6.776030517578125,0.40371757876873016,1.148823413643241,0.3985724709652364
1789031870550033700,6.78603369140625,0.6251718799829483,0.8503402332842349,0.42687808960378165
1789031870560037600,6.79603759765625,0.7649351554602384,0.6519377218335867,0.2490280984468758
1789031870570040600,6.80604052734375,0.6568874531954526,1.230602117663622,0.3799304604679346
1789031870580043500,6.81604345703125,0.5850614033907652,1.4564227973937987,0.32164778284728524
1789031870590046700,6.826046630859375,0.6809343914762139,0.49849312700629234,-0.10019859619960188
1789031870600050400,6.836050537109375,0.6387590913087129,-0.7462778012633323,-0.427688821464777
1789031870610053600,6.8460537109375,0.44770986523032186,-1.3067980531156063,-0.5482334556005894
1789031870620056600,6.856056640625,0.4452946207821369,-0.7576824078530072,-0.4462944454744458
1789031870630059500,6.8660595703125,0.7404001414015888,0.2113689605295658,-0.18468860500529408
1789031870640063500,6.8760634765625,0.8816279364734888,0.5382435381144285,-0.12960077790319918
1789031870650066700,6.886066650390625,0.7183131050169468,0.02376724455654621,-0.5224690458774567
1789031870660069400,6.8960693359375,0.39404841766953463,-0.7360638657629489,-0.8566358262971043
1789031870670073600,6.906073486328125,0.17283786208331584,-1.1207301225811241,-0.8892087469913065
1789031870680076500,6.91607666015625,0.10509762028753757,-0.7759586537778377,-0.7244559916861355
1789031870690079500,6.92607958984375,0.1242629240065813,0.06803834795951842,-0.4874877488672733
1789031870700082400,6.93608251953125,0.005112812969088554,1.0200170009881258,-0.2539884973332286
1789031870710086700,6.946086669921875,-0.0918856720149517,1.0345575675159693,-0.3721415601573884
1789031870720089300,6.95608935546875,-0.18908464800715447,0.014839841735363006,-0.8166973452709615
1789031870730092500,6.966092529296875,-0.35347266165316105,-0.8328267884254456,-0.9786290518060325
1789031870740095500,6.976095458984375,-0.2981488338381052,-0.9647884502410888,-0.7893848293229937
1789031870750099500,6.986099365234375,-0.0980836498722434,-0.7251660396516323,-0.5930844047181308
1789031870760102400,6.996102294921875,0.02200257297158241,-0.07337561733424663,-0.5054688112378121
1789031870770105600,7.006105712890625,-0.01782324146032333,0.4072866694271564,-0.4259115826591849
1789031870780109600,7.016109619140625,-0.22890344817638397,0.4803162498027086,-0.4400812700480222
1789031870790112500,7.026112548828125,-0.07386836928725242,0.05473579879403114,-0.5046886206455529
1789031870800115700,7.03611572265625,0.12772154002785682,-0.1280138009727001,-0.42775764891728757
1789031870810118400,7.046118408203125,0.14923486817777157,-0.3573644083946943,-0.5600479581654072
1789031870820122400,7.056122314453125,0.2577729843080044,-0.42917058445513245,-0.473594978723675
1789031870830125600,7.06612548828125,0.4690484213352203,-0.2399941665112972,-0.3342324660670012
1789031870840128500,7.07612841796875,0.717911538478732,0.06045768357217311,-0.21566877661533654
1789031870850131500,7.08613134765625,0.8270832763373851,0.33357202939689157,-0.07201616554930805
1789031870860135700,7.0961357421875,0.8510089263260364,0.46091129210889337,-0.042512277036905285
1789031870870138600,7.106138671875,0.9141881438165903,0.25320845287144184,0.09120024703405796
1789031870880141600,7.1161416015625,0.990327380645275,-0.03937339448928833,0.0892393222246319
1789031870890145500,7.1261455078125,1.0215800125211476,-0.23346038082838058,-0.15504187395609914
1789031870900148700,7.136148681640625,0.981602806919813,-0.3213403243333101,-0.15961378498151899
1789031870910151400,7.1461513671875,0.9691478144943714,-0.37041502862572667,-0.36979572768360375
1789031870920154600,7.156154541015625,1.0112556023836135,-0.31729484833478927,-0.17840141449458896
1789031870930158600,7.16615869140625,1.0432049843519926,-0.27078970226943494,-0.04944923669323325
1789031870940161500,7.17616162109375,1.0554986487358808,-0.2851028897821903,0.10476948431171476
1789031870950164500,7.18616455078125,1.0190841040521859,-0.3529401622116565,0.2221251862131059
1789031870960167700,7.196167724609375,0.9114175100594758,-0.5203735349029303,0.3130392367169261
1789031870970171400,7.20617138671875,0.7769669540375471,-0.5166460388123989,0.4530400472771376
1789031870980174600,7.216174560546875,0.5413821284011006,-0.5039999077290296,0.2732051659133285
1789031870990177500,7.226177490234375,0.3951309522092342,-0.5228133292704821,0.16387772603631018
1789031871000181500,7.236181396484375,0.22998802854269743,-0.4442927502632141,0.17509250914230942
1789031871010184400,7.246184326171875,0.06759118871390819,-0.4466974733173847,0.10635938385166227
1789031871020187600,7.256187744140625,0.07872107001543045,-0.42588615595698354,-0.24103527306206524
1789031871030190600,7.266190673828125,0.17268004117310046,-0.4264548957556486,-0.5176796927090734
1789031871040194600,7.276194580078125,0.12660656452327965,-0.5318991375237703,-0.7372276488453149
1789031871050197500,7.286197509765625,0.043782150842249394,-0.45202305225431916,-0.7843060647539793
1789031871060200400,7.296200439453125,0.12969488592743872,-0.25812019031047817,-0.848734259392321
1789031871070203600,7.30620361328125,0.09539309561401604,-0.006253799697756767,-0.7735679592490196
1789031871080207600,7.31620751953125,0.1408256440117955,0.12269348273277282,-0.5672578895442187
1789031871090210600,7.32621044921875,0.1286152739971876,0.206200617980957,-0.5094526201769709
1789031871100213500,7.336213623046875,-0.01446457868218422,0.24431378327608108,-0.5260326566431671
1789031871110216700,7.346216796875,0.04434007698595523,0.2467874799132347,-0.5551115246765316
1789031871120220400,7.356220458984375,0.020597674609720704,0.33843232890963554,-0.5838230937674641
1789031871130223600,7.3662236328125,0.036655075441300866,0.38810558361709113,-0.4722796583414077
1789031871140226600,7.3762265625,0.07023731930851936,0.36048224815428254,-0.3994290147293359
1789031871150230500,7.38623046875,-0.04286737408488989,0.25264380472600456,-0.33649273914918304
1789031871160233500,7.3962333984375,-0.2381625671699643,0.1141506953150034,-0.2344908198546618
1789031871170236700,7.406236572265625,-0.44704146444946524,-0.05055062206387519,-0.15974946712516247
1789031871180239400,7.4162392578125,-0.6151017368674278,-0.17846330074965952,-0.01711611610427499
1789031871190243600,7.42624365234375,-0.806613027499616,-0.20514497144818306,0.21520313186496495
1789031871200246500,7.43624658203125,-1.0736322713196278,-0.17849778754115103,0.3814077664788812
1789031871210249500,7.44624951171875,-1.2615978521689772,-0.13763269318938254,0.4067806926663965
1789031871220252400,7.45625244140625,-1.3155106441423297,-0.07927402772307396,0.483169374211505
1789031871230256600,7.466256591796875,-1.285171912240982,-0.044538229906558986,0.551662991657853
1789031871240259600,7.476259521484375,-1.019537108516693,0.021060908207297325,0.7851336746845394
1789031871250262500,7.486262451171875,-0.5212926955744623,0.11035656372904777,1.196252396555245
1789031871260265500,7.496265380859375,-0.023510347186028957,0.05100421105027198,1.4241998591810463
1789031871270269700,7.506269775390625,-0.01901946550756693,-0.029119126978516575,1.3921538849703967
1789031871280272400,7.5162724609375,-0.33666327341049906,-0.08706453546881675,1.2453247627601027
1789031871290275600,7.526275634765625,-0.5140481312736869,-0.25384382816553114,1.2041804861407726
1789031871300279600,7.536279541015625,-0.28321166920810936,-0.47006958107650276,1.1952098286997526
1789031871310282500,7.546282470703125,0.02571574827581644,-0.5851847375094891,0.9454483744770288
1789031871320285400,7.556285400390625,0.21564882980585098,-0.6906015067487955,0.5963420913398265
1789031871330288400,7.566288330078125,0.07746405569165944,-0.8353443242043256,0.1543609790198505
1789031871340292400,7.576292236328125,-0.3170493491411209,-1.0261047964692116,-0.2993987608339637
1789031871350295600,7.586295654296875,-0.6671762074977159,-1.1588654997080563,-0.6198799110546708
1789031871360298800,7.596298828125,-0.6626610681608319,-1.0651222171276806,-0.4556622855395078
1789031871370301400,7.606301513671875,-0.4074269546806812,-0.7096019752949476,-0.26613785787560046
1789031871380305400,7.616305419921875,-0.29650895767658947,-0.12556816138625143,-0.04010346232950687
1789031871390308600,7.62630859375,-0.4279544866636395,0.5059639012783765,0.3209533708423376
1789031871400311600,7.6363115234375,-0.44418256788700816,0.9476274720817803,0.6995962757177651
1789031871410314500,7.646314453125,-0.24863690717220305,1.154776184567809,0.844996461103484
1789031871420318700,7.656318603515625,0.03804652979969978,1.1253864239543676,0.5546816818919033
1789031871430321400,7.6663212890625,0.2543836341306567,0.9116407974213361,0.0697366763100028
1789031871440324600,7.67632470703125,0.3358636474654078,0.6398270128011703,-0.3776739137127995
1789031871450328600,7.68632861328125,0.6063944065377116,0.4263327306807041,-0.6081834819115698
1789031871460331500,7.69633154296875,0.8921361787453294,0.3219552413612604,-0.753779262934625
1789031871470334500,7.70633447265625,0.9966054380014538,0.2697708806157112,-0.9527934765428304
1789031871480338000,7.716337890625,0.7329150463432074,0.13108838611245155,-1.0541003262452782
1789031871490342000,7.726341796875,0.4887643446743488,-0.0791805042207241,-0.8409468203864991
1789031871500345000,7.736344970703125,0.37809739982187746,-0.2820493474304676,-0.6752078305229544
1789031871510347800,7.74634765625,0.3524389346912503,-0.3941641530036926,-0.602227057725191
1789031871520351000,7.75635107421875,0.31029344514012336,-0.3382487890362739,-0.3501256893128156
1789031871530355000,7.76635498046875,0.05602350051701069,-0.12595219226777551,-0.20692790934219954
1789031871540358000,7.77635791015625,-0.32298107727766034,0.08555529994964599,-0.08358224631100893
1789031871550360800,7.78636083984375,-0.6161883630603552,-0.02404138532280922,0.10185849223583936
1789031871560364000,7.796364013671875,-0.6357903046309947,-0.4205062164843082,0.08952595714628696
1789031871570367700,7.80636767578125,-0.5380863017261028,-0.8263345037966966,-0.06216814075186848
1789031871580371000,7.816370849609375,-0.3958694956168532,-1.0147726705938578,-0.08037570535466075
1789031871590374000,7.826373779296875,-0.31899493025094267,-0.7803209406405687,0.12893749168887733
1789031871600377900,7.8363779296875,-0.3542883619502187,-0.3143944507181644,0.29775895773768424
1789031871610380800,7.846380859375,-0.37229280519634483,0.014407295536994933,0.40819340900853274
1789031871620384000,7.856384033203125,-0.2923404398202896,0.1305161391824484,0.5104432386495172
1789031871630387000,7.866386962890625,-0.14230068500041962,-0.026930677023530004,0.45132776346653697
1789031871640391000,7.876390869140625,0.007910042472183704,-0.2663701322615146,0.2224295759871602
1789031871650393900,7.886393798828125,0.03696487204283476,-0.46431437855064867,-0.007115092702209949
1789031871660396800,7.896396728515625,-0.02883417255729437,-0.5002314951062202,-0.2341227902598679
1789031871670400000,7.90639990234375,-0.039541736793518065,-0.29229426259100433,-0.3707338853165507
1789031871680404000,7.916404052734375,-0.025656127043068407,-0.08868073849380016,-0.3890416954234242
1789031871690407000,7.926406982421875,0.205275612090528,-0.019395605343580244,-0.2898572447024286
1789031871700409900,7.936409912109375,0.381061802585423,-0.11676058555245399,-0.3480747481323778
1789031871710413000,7.9464130859375,0.4635492393970489,-0.3506108424812555,-0.5676410436429083
1789031871720417000,7.9564169921875,0.3817269884958863,-0.4436696499288082,-0.7168240355029701
1789031871730420000,7.966419921875,0.1703849159732461,-0.3476566688507795,-0.8018414291836321
1789031871740423000,7.9764228515625,0.037001112399995324,-0.18645546854734418,-0.827174023360759
1789031871750425900,7.98642578125,0.08841945720911025,-0.10208440994620323,-0.7464123874284326
1789031871760429800,7.996429931640625,0.2676490661561489,-0.21253449717760084,-0.7371674430906772
1789031871770433000,8.00643310546875,0.49323593713045116,-0.23570143775343894,-0.6231945885606109
1789031871780435700,8.016435791015626,0.413040995170176,-0.034838673669099804,-0.3910921982124448
1789031871790440000,8.02643994140625,0.27978081797659393,0.23054069398939608,-0.3783063663974404
1789031871800443000,8.03644287109375,0.1521454949274659,0.3408960886746645,-0.48070291103273627
1789031871810445800,8.04644580078125,0.038010289442539216,0.2580763511687517,-0.415512061458826
1789031871820448800,8.05644873046875,0.21845921105146407,0.02602817522585392,-0.2137513256214559
1789031871830453000,8.066452880859375,0.36137130594849587,-0.003081599402427673,-0.14904051464945078
1789031871840456000,8.0764560546875,0.35306495763510465,0.1526660116702318,-0.1336607208184898
1789031871850459000,8.086458984375,0.4242202685713768,0.20258768818080425,-0.09368994495794176
1789031871860461800,8.0964619140625,0.24278233592510223,0.06890577844381332,-0.06369651936292647
1789031871870466000,8.106466064453125,0.0275780350163579,-0.26738427774012086,-0.1124542666606605
1789031871880468700,8.11646875,-0.2897685435056686,-0.62983110396564,-0.22828780049607156
1789031871890472000,8.126471923828126,-0.6964367887735367,-0.810048554906249,-0.37383828107267614
1789031871900475000,8.136474853515624,-1.065977664913237,-0.8293067976057529,-0.39690029996931553
1789031871910478800,8.146478759765625,-1.262202540063858,-0.5902952123910188,-0.31978330414965744
1789031871920482000,8.15648193359375,-1.1619666805937885,-0.27843524858653546,-0.38832156445533034
1789031871930485000,8.166485107421876,-1.0065294506445526,-0.033358079722523686,-0.4423410316735506
1789031871940488000,8.176488037109374,-0.7949123605728149,0.18360826242268086,-0.25229674485400316
1789031871950492000,8.186491943359375,-0.5682686740219592,0.2062842046111822,0.023425883772969246
1789031871960495000,8.1964951171875,-0.2586310624420643,-0.047346857586503026,0.18247808934897183
1789031871970497800,8.206497802734376,0.08218202412426472,-0.41461306679248805,0.18506050705760715
1789031871980502000,8.216501953125,0.5110363822370767,-0.9066337829142809,0.2443023850992322
1789031871990505000,8.2265048828125,0.49511926665902134,-1.0828221244692802,0.2784143519289791
1789031872000508000,8.2365078125,0.18417057248055935,-0.743555682823062,0.2799309670370072
1789031872010510800,8.2465107421875,-0.0697892832800746,0.13638941513001918,0.36415078059919176
1789031872020515000,8.25651513671875,0.04298194037526846,0.6551864944964647,0.5367018616303801
1789031872030517800,8.266517822265625,0.4143634759455919,0.3066565499424934,0.46134376524202525
1789031872040521000,8.27652099609375,0.5308192333325743,-0.8114777109265326,0.006255772459134459
1789031872050524000,8.28652392578125,0.22504092752933502,-1.5336796400755643,-0.45703357389271254
1789031872060527900,8.29652783203125,-0.6504337470114231,-0.7186012743085622,-0.42675862794257696
1789031872070530800,8.30653076171875,-1.3797083910256625,0.7828384764194488,0.10271934684887528
1789031872080534000,8.316533935546875,-1.1855173597902058,1.7749468952625989,0.7804548692185431
1789031872090537000,8.326536865234376,-0.24742694686055183,1.741404691144824,1.05194468258135
1789031872100541000,8.336541015625,0.4972925190448761,0.9457809674322605,0.8282255782403052
1789031872110544000,8.3465439453125,0.45063305920064445,0.19075345800220966,0.3947285819534212
1789031872120546800,8.356546875,0.03562017943561077,0.09506605561673641,0.1716164305295795
1789031872130550000,8.366550048828126,-0.29799452005922794,0.763544577884674,0.43677185323908924
1789031872140554000,8.376553955078125,-0.11431669953167438,1.2573773118644953,0.5437574792303145
1789031872150557000,8.386556884765625,0.7310393155992031,0.5224772291839123,0.3017711890537292
1789031872160559900,8.396559814453125,1.445097685781121,-0.5587029732972383,-0.06862009337022901
1789031872170563800,8.406563720703126,1.4238584983974694,-0.9072071988880633,-0.21200389743223785
1789031872180566800,8.41656689453125,1.1654723506271838,-0.25723171703815456,-0.051624827166646715
1789031872190570000,8.426570068359375,1.2104007488951087,0.9026701399803161,0.2220886535950005
1789031872200573000,8.436572998046875,1.7925632159739733,1.1956243277847767,0.3189733760062605
1789031872210577000,8.446576904296874,2.144974970397353,0.3786439277887344,0.011310936956852674
1789031872220579800,8.456579833984375,1.6671584284558891,-0.4260936612278223,-0.3343180985238403
1789031872230583000,8.4665830078125,0.974825567869842,-0.6679898619681597,-0.3198599495824426
1789031872240585700,8.476585693359375,0.7039554938405752,-0.3188081755071878,-0.18987689436338842
1789031872250590000,8.48658984375,0.4527496129631996,0.25773323681950566,-0.08012326496355235
1789031872260593000,8.496593017578125,0.33105946205407377,0.542875289568305,-0.04087539655007422
1789031872270595800,8.506595947265625,0.40018239037990566,0.1744300997108221,-0.14987155864611268
1789031872280598800,8.516598876953125,0.3400122915774584,-0.3835334533959627,-0.43614298075102265
1789031872290603000,8.52660302734375,0.07036123794913292,-0.3670353230595588,-0.5775934055976569
1789031872300606000,8.53660595703125,-0.1576920231387019,0.05710895766615867,-0.45656749075092373
1789031872310609000,8.54660888671875,0.06129705700576305,-0.10407704506814479,-0.39630379538089033
1789031872320611800,8.55661181640625,0.30805881795585155,-0.6019651919186115,-0.5128706849921495
1789031872330616000,8.566615966796874,0.15486819788962602,-0.7386947987884283,-0.624152546872571
1789031872340618800,8.57661865234375,-0.03740004858970642,-0.46461190019249915,-0.6755288791708648
1789031872350622000,8.5866220703125,-0.03413344800919294,-0.19070903433859346,-0.5261567214142531
1789031872360625000,8.596625,0.09834054724276066,-0.04960545016825199,-0.36032566935308274
1789031872370628900,8.60662890625,0.306791574499011,-0.30502924100160594,-0.3095753599986434
1789031872380631800,8.6166318359375,0.2725666488140821,-0.859087018841505,-0.45477337387576694
1789031872390635000,8.626635009765625,0.1609790819853544,-0.9478022441267967,-0.4551139309417456
1789031872400638700,8.636638671875,0.09181436034440994,-0.4771422959417104,-0.47759862487446514
1789031872410642000,8.646641845703124,0.05250935491621494,0.15597615913152693,-0.1333684964062646
1789031872420645000,8.65664501953125,0.22088848402500152,0.46286476426422596,0.3006615473113954
1789031872430647800,8.666647705078125,0.5547513130620122,0.08040215497016906,0.4055177235258743
1789031872440651800,8.67665185546875,0.7185895838707685,-0.5121095644265413,0.3256939894981682
1789031872450655000,8.686655029296874,0.669538844975829,-0.7909966484338045,0.10995883311573415
1789031872460658000,8.696657958984375,0.5553484021723271,-0.6094207686215639,-0.044106743154115974
1789031872470660900,8.706660888671875,0.5849421609252691,-0.31391748085618015,0.1046712115690112
1789031872480664600,8.71666455078125,0.6674398268699646,0.0629155981183052,0.4690606597622856
1789031872490667500,8.72666748046875,0.7191258827045559,0.3713759826123714,0.7234498833835125
1789031872500670700,8.736670654296875,0.7235492521047592,0.39175241568684577,0.8722855231106281
1789031872510673400,8.74667333984375,0.7348004216983914,-0.01365326229929924,0.9300427886176854
1789031872520677600,8.756677734375,0.683271017730236,-0.5807675055891275,0.6795799811925739
1789031872530680600,8.7666806640625,0.4831897594124078,-0.8086632380276918,0.31719555267877875
1789031872540683500,8.77668359375,0.3201791715994477,-0.49042146423161026,0.3717822983909398
1789031872550686700,8.786686767578125,0.16803279988914727,0.02042494839131832,0.7835977703541517
1789031872560690700,8.796690673828126,0.06552227348536252,0.3012847937762737,1.0992053962543606
1789031872570693400,8.806693359375,-0.06900660846978425,0.36490474077165125,0.8834270948499441
1789031872580696600,8.816696533203125,-0.045263913832604884,0.36371348516047,0.14477927700839935
1789031872590699800,8.82669970703125,-0.00983253496736288,0.40561318325698376,-0.5368613630410284
1789031872600703500,8.836703369140626,-0.023770167165994643,0.38908231969475743,-0.8757382208477705
1789031872610706700,8.846706787109374,0.238192962308228,0.19450491949021814,-0.9074115623537451
1789031872620709600,8.856709716796875,0.340016675491631,-0.08577215757071971,-0.7961270701248199
1789031872630712600,8.866712646484375,0.14205635485053061,-0.36697920895814895,-0.6117768302284181
1789031872640716500,8.876716552734376,-0.2761453840836882,-0.688603026407957,-0.6621484424635767
1789031872650719700,8.8867197265625,-0.7898372492656112,-0.9631973816573619,-0.8139972925320267
1789031872660722400,8.896722412109375,-1.216482114635408,-1.1580576904565094,-0.8336788752101362
1789031872670725600,8.9067255859375,-1.4509589790299533,-1.2502893994301556,-0.46467459016516804
1789031872680729600,8.9167294921875,-1.437815127557516,-1.2612357408583164,0.1116475533876568
1789031872690732500,8.926732666015624,-1.2422200747430323,-1.119428976854682,0.45477724633328614
1789031872700735500,8.936735595703125,-1.0789236557260156,-0.8503706284224987,0.6202084123566747
1789031872710739700,8.94673974609375,-1.0676330309048294,-0.5102911168277263,0.5701265037830918
1789031872720742400,8.956742431640626,-1.154571017384529,-0.19871113900840282,0.44197512097060676
1789031872730745600,8.96674560546875,-1.1115586818709968,0.04565525123775005,0.5364915433479472
1789031872740748500,8.97674853515625,-0.9204632785633206,0.25682079814970493,0.6628861821535974
1789031872750752800,8.986752685546875,-0.804399443103373,0.36832536287009715,0.7253301441721618
1789031872760755500,8.99675537109375,-0.6036114978209137,0.4711059383869171,0.7217753743000328
1789031872770758700,9.006758544921874,-0.3267605958163738,0.6461953787893057,0.731240975651145
1789031872780761600,9.01676171875,-0.3089703798428178,0.8108610403329134,0.9758367907389998
1789031872790765600,9.026765625,-0.3281099645987153,0.9154173933506011,1.1107353827893733
1789031872800768500,9.0367685546875,-0.19054858307987452,0.8657470612525939,1.2142073746364563
1789031872810771500,9.046771484375,0.028964228677749632,0.633937954762578,1.3070895834080873
1789031872820774700,9.056774658203125,0.14587766670435667,0.4046978219777345,1.1455572514541446
1789031872830778600,9.066778564453125,0.07185337620303034,0.3118319067537784,0.7974065885413437
1789031872840781600,9.076781494140626,-0.005583353090286254,0.1968459296584129,0.45616402451656757
1789031872850784500,9.086784423828124,-0.014250351409614085,0.19479542686939239,0.2320354625917971
1789031872860787700,9.09678759765625,0.1163340307034552,0.35956337974369523,0.2986782645396888
1789031872870791700,9.106791748046875,0.44108504026308654,0.4905377840876579,0.416666492190957
1789031872880794600,9.116794677734376,0.6157587394714356,0.4940758950859308,0.3290895502205938
1789031872890797600,9.126797607421874,0.5181846465565264,0.25510171927213665,0.05487820293940603
1789031872900800500,9.136800537109375,0.3364918623663485,-0.0070996028721332545,-0.20999898735061287
1789031872910804500,9.146804443359375,0.016755612228810786,-0.30150983470380305,-0.36305363301225
1789031872920807700,9.1568076171875,-0.12574264117032288,-0.5505412941515445,-0.5730735900856554
1789031872930810400,9.166810302734374,-0.1037611109867692,-0.6086258188515902,-0.7388050542298704
1789031872940813600,9.1768134765625,0.07106149517297744,-0.5732540612190962,-0.7917476129315794
1789031872950817500,9.186817626953125,0.1539304786480963,-0.5602952109247445,-0.7211143531080335
1789031872960820700,9.19682080078125,0.06600158143490553,-0.41603813115954397,-0.5251342464987189
1789031872970823400,9.206823486328124,0.001130611465126276,-0.1921066261768341,-0.40956389364413914
1789031872980826600,9.21682666015625,0.002036620394140482,-0.025894904235005376,-0.1846638358902186
1789031872990830600,9.22683056640625,0.10562164416164159,-0.009260580298304557,-0.019170126024633645
1789031873000833500,9.23683349609375,0.1753130200251937,-0.03131459119617939,0.04885514325760305
1789031873010836500,9.24683642578125,0.005521539900451899,-0.09184358643889427,0.04917027362138033
1789031873020839400,9.25683935546875,-0.21074030723720788,-0.15465163252949712,0.1620199693404138
1789031873030843400,9.266843505859375,-0.29780834983736276,-0.274832840180397,0.2265275128252804
1789031873040846600,9.2768466796875,-0.2759823024764657,-0.46385728243291374,0.17569208247065543
1789031873050849800,9.286849853515625,-0.2368960543654859,-0.6137690269589424,0.04832527416460216
1789031873060852500,9.2968525390625,-0.2918973722279072,-0.5932891335099936,0.014515139825642108
1789031873070856400,9.3068564453125,-0.4044550992630422,-0.3864619080632925,-0.048516851213946936
1789031873080859600,9.316859619140626,-0.43953591112494467,-0.04287468060851097,-0.093802319291234
1789031873090862600,9.326862548828124,-0.39894086588621136,0.28202538203299043,-0.21539755845852196
1789031873100865500,9.336865478515625,-0.3188160665526986,0.47754386247992514,-0.24821349412836133
1789031873110869800,9.346869873046876,-0.16985066296607254,0.5401023177236318,-0.22096016102172433
1789031873120872400,9.35687255859375,0.11665654065608978,0.415853422242403,-0.20895985356122254
1789031873130875600,9.366875732421875,0.2855040179289877,0.24769582692980766,-0.23222945079393684
1789031873140879600,9.376879638671875,0.1251096039637923,0.2587520584732294,-0.24746026460826395
1789031873150882600,9.386882568359376,-0.1060261333093047,0.42092356511354445,-0.14817710275314747
1789031873160885500,9.396885498046874,-0.142404437635839,0.5570704036593437,0.0376307886056602
1789031873170888700,9.406888671875,-0.09667495211809873,0.49618134293258187,0.1931091542828828
1789031873180892400,9.416892333984375,-0.02914776855111122,0.12237550282478332,0.404856373540312
1789031873190895600,9.4268955078125,0.0463981785595417,-0.4287012133777141,0.3893954042319208
1789031873200898600,9.436898681640624,-0.04482493789345026,-0.9379442824572324,0.2601836987115443
1789031873210901500,9.446901611328125,-0.040109307548403736,-1.1424755059212446,0.20937902882136403
1789031873220905500,9.456905517578125,-0.04371113143265247,-1.0201596243292093,-0.09220197142250836
1789031873230908700,9.46690869140625,-0.11392331629991531,-0.7239484805554152,-0.40517398812212047
1789031873240911400,9.476911376953124,-0.1888730510830879,-0.3370435048997402,-0.35157581505589186
1789031873250914600,9.48691455078125,-0.23106004168838262,0.014157120168209076,-0.34287038442231715
1789031873260918500,9.49691845703125,-0.06863368350416421,0.06645078650712967,-0.37736974313445387
1789031873270921500,9.50692138671875,0.0396317531645298,-0.024388591325283048,-0.26070501917190847
1789031873280924700,9.516924560546874,0.08238134608864783,-0.0974187562227249,-0.2715449776161462
1789031873290927600,9.526927734375,0.11240677425712346,-0.14122633376717567,-0.3385171576488763
1789031873300931300,9.536931396484375,0.0010603227078914642,-0.0524152468919754,-0.6192031808368861
1789031873310934500,9.5469345703125,0.03979775738120079,-0.01975041013062,-0.6722371441490947
1789031873320937700,9.556937744140624,0.11725742915868759,-0.0575999560534954,-0.6889919526603072
1789031873330940400,9.5669404296875,0.11243483130782841,-0.11732348013222217,-0.6461025128740817
1789031873340944600,9.576944580078125,0.1805821925997734,-0.32793022411763667,-0.5821739383209497
1789031873350947600,9.586947509765626,0.07256020929813385,-0.42087855692803855,-0.6537883181363344
1789031873360950500,9.596950439453124,-0.11551993784159421,-0.4422445855617523,-0.5231306515913456
1789031873370953500,9.606953369140625,-0.43907063170075417,-0.3555792785435915,-0.2311469893194735
1789031873380957700,9.616957763671875,-0.7392404499724506,-0.2615261993616819,0.22548004959896206
1789031873390960400,9.62696044921875,-0.8918509320631622,-0.24743279207944868,0.7146215570226311
1789031873400963600,9.636963623046874,-0.8582941148981451,-0.3675432725816965,0.8365657557580619
1789031873410966500,9.646966552734375,-0.6435393113225698,-0.49188627608716484,0.6326486456044018
1789031873420970800,9.656970703125,-0.259023276630044,-0.6225093827754259,0.5287900655925274
1789031873430973400,9.666973388671876,-0.22221593323647976,-0.3789882111817598,0.5765602631576359
1789031873440976600,9.6769765625,-0.3063742258697748,0.24391046317219733,0.3936099531870335
1789031873450979600,9.6869794921875,-0.022757482992112634,0.6854945389986038,0.26318529168032107
1789031873460983600,9.696983642578125,0.739517805609107,0.6738643069595098,0.30733649503067134
1789031873470986500,9.706986572265626,1.11307288582623,0.2835077295452356,0.20562245276682078
1789031873480989400,9.716989501953124,0.9457137474149465,0.02210194169282913,-0.5156429261844605
1789031873490992400,9.726992431640625,0.29448037445843217,0.38673020361065863,-0.8122384661659597
1789031873500996400,9.736996337890625,-0.19702362431287765,0.5817576856702565,-0.25401659091655165
1789031873510999300,9.746999267578126,-0.34493104327917096,0.4414198251754045,-0.000994783191010356
1789031873521002200,9.757002197265624,-0.28609160855859517,-0.028058804270625112,0.024822160436958073
1789031873531005400,9.76700537109375,-0.14937223082184792,-0.3331570188552141,0.16878336252812295
1789031873541009200,9.777009033203125,-0.3375470705077052,0.2887666729867458,0.08310648202542215
1789031873551012400,9.787012451171876,-0.5375426963686942,1.1973907529354095,0.33852340472657233
1789031873561015300,9.797015380859374,-0.16206337009072302,1.3570669356286524,0.8067802738253027
1789031873571018200,9.807018310546875,0.5814151558429003,0.3861947815597057,0.5888248475775122
1789031873581022200,9.817022216796875,0.9722250299826264,-0.6532376985162496,0.02023910696301609
1789031873591025400,9.827025390625,0.9071326723471284,-0.5199854123681783,-0.20027952083628622
1789031873601028000,9.837028076171874,0.38272652092725035,0.5605401255965232,0.15404124554619192
1789031873611031300,9.84703125,0.1938578537583351,1.1679086378633976,0.5613058127393946
1789031873621035300,9.85703515625,0.8793968164205551,0.6041442895233631,0.3514714413659647
1789031873631038200,9.8670380859375,1.619433092945814,-0.7046487368017434,-0.02394329524319619
1789031873641041200,9.877041259765624,1.3135972117364405,-1.341767659687996,-0.22673439704161136
1789031873651044400,9.88704443359375,0.17451953155994415,-0.7140437571346759,-0.010166625759936869
1789031873661048000,9.897048095703125,-0.549520134410262,0.5026701204299926,0.35647900386229153
1789031873671051300,9.90705126953125,-0.159851539260149,0.9206120393842459,0.5964734261019154
1789031873681054500,9.917054443359374,0.5519093676343559,0.4432476251244545,0.33610297264661637
1789031873691057200,9.92705712890625,0.7504454423367977,-0.30974282552003857,0.0005273483423516154
1789031873701061400,9.937061279296875,0.3247235370308161,-0.9041635934084653,-0.37080632949825376
1789031873711064300,9.947064208984376,-0.21932839510142801,-0.694020959803462,-0.6088760672856122
1789031873721067300,9.9570673828125,-0.3560878125876188,0.1897895814061165,-0.3400591263938695
1789031873731070200,9.9670703125,-0.05476268680095672,0.8600614168316125,0.06028716757716611
1789031873741074400,9.977074462890625,0.5129974531769752,0.4032008614182472,0.07051946071814745
1789031873751077000,9.9870771484375,0.7687538369655609,-0.33132395820915694,-0.07393678574780933
1789031873761080300,9.997080322265624,0.5253180055677891,-0.5117430692017078,-0.34172044720221306
1789031873771083300,10.007083251953125,0.2430442017316818,-0.1772019025117159,-0.20962208032961935
1789031873781087200,10.017087158203125,0.17007131997942923,0.27904315135180946,-0.12658067203019746
1789031873791090200,10.027090087890626,0.45081426098644733,0.3631798166751861,0.018778569423779843
1789031873801093400,10.03709326171875,0.7291787824243307,0.027859482306241988,0.23848299476336687
1789031873811096000,10.047095947265625,0.8118599882423877,-0.38575697466433045,0.056897077614301815
1789031873821100300,10.057100341796875,0.7108253796100616,-0.4898714291334152,0.08221959792198613
1789031873831103200,10.067103271484376,0.5276619383454323,-0.2408493220359087,0.12385249830847606
1789031873841106200,10.077106201171874,0.4422393248647451,0.1974918263465166,0.1434177428642288
1789031873851109400,10.087109375,0.5176145915836096,0.49479719509780407,0.41129334778524934
1789031873861113300,10.09711328125,0.5803878586217761,0.4617284537106752,0.4421729816302657
1789031873871116300,10.1071162109375,0.5832239588305353,0.16361352214217184,0.5645032936064526
1789031873881119200,10.117119140625,0.4531865430757403,-0.2087070478439331,0.4740694643676281
1789031873891122400,10.127122314453125,0.20452742407172916,-0.4016676605015993,0.3666325144123286
1789031873901126400,10.13712646484375,0.0011447861209511756,-0.439947414535284,0.4934258702119812
1789031873911129300,10.14712939453125,-0.042130291981995104,-0.45468145780861374,0.8345871491614729
1789031873921132300,10.15713232421875,0.08533581198006868,-0.5486316611379385,0.9759246882181614
1789031873931135200,10.16713525390625,0.28990649067163465,-0.7569254520058631,0.9533464342504739
1789031873941139200,10.17713916015625,0.41622634720802304,-0.922023659747839,0.7117173600137233
1789031873951142400,10.187142333984376,0.45805824076533314,-0.9070850338131189,0.6354107307288795
1789031873961145000,10.19714501953125,0.40663989595621824,-0.7755167552292347,0.7467363586857915
1789031873971148300,10.207148193359375,0.21267945860624313,-0.6686135468244552,0.6961882939051837
1789031873981152300,10.21715234375,-0.006011515374481678,-0.6660977646112441,0.42146315188296135
1789031873991155500,10.227155517578124,-0.3394502737805247,-0.736554279628396,0.13458786386707797
1789031874001158100,10.237158203125,-0.6991299733802676,-0.7622188822388648,-0.0046909890941344195
1789031874011161300,10.247161376953125,-0.9961055256552994,-0.7695020249843597,-0.15409275653772056
1789031874021165300,10.257165283203125,-1.1692211817666887,-0.6967927626043557,-0.10617420001048594
1789031874031168300,10.267168212890626,-1.059166523593664,-0.5726403132349253,0.009693857149034738
1789031874041171200,10.277171142578124,-0.9089140028059483,-0.3554898466944694,0.02953669480346143
1789031874051174100,10.287174072265625,-0.7897899029925465,-0.016727262917160986,-0.013668605998903512
1789031874061178000,10.29717822265625,-0.6184101307630538,0.2863806546330452,-0.05247917897365987
1789031874071181300,10.307181396484374,-0.5592096076451242,0.4234539603739977,0.02373085806891322
1789031874081184500,10.3171845703125,-0.543253767491877,0.4119102375745773,0.1262517597362399
1789031874091187200,10.327187255859375,-0.5107848916940391,0.3681663729161024,0.12617109571546314
1789031874101191200,10.337191162109375,-0.5288929414451122,0.4649129289656877,0.09358516940921545
1789031874111194400,10.3471943359375,-0.5208478744164109,0.7198626725465059,-0.020556063957698642
1789031874121197300,10.357197265625,-0.4819666473582387,0.9839701205730438,0.0014119491571560501
1789031874131200300,10.3672001953125,-0.45950902409553523,1.2020973231911658,0.06400956736747175
1789031874141204500,10.37720458984375,-0.5079261412620544,1.1833745025426148,0.1319583373473957
1789031874151207200,10.387207275390624,-0.43392450098395347,0.8770148897200822,0.19081939937788991
1789031874161210400,10.39721044921875,-0.3224899327598512,0.5829051021397114,0.26679950012210757
1789031874171213300,10.40721337890625,-0.5511714087486267,0.4379056795746088,0.34844591953232884
1789031874181217300,10.41721728515625,-0.7198574118494987,0.40657063011229033,0.5920708802940323
1789031874191220200,10.42722021484375,-0.6554103663802147,0.3577624678015709,0.7180578881468623
1789031874201223400,10.437223388671875,-0.5624725549638271,0.1500520297795534,0.8249000870794058
1789031874211226000,10.44722607421875,-0.40041035391688345,0.030229718568921086,0.9351103742055594
1789031874221230300,10.457230224609376,-0.24398294388651848,-0.1882721625804901,0.9330946504689752
1789031874231233300,10.4672333984375,-0.1935594553336501,-0.445003528881073,1.0012192154072224
1789031874241236200,10.477236328125,-0.06639335723146796,-0.6953139222234487,0.9950679993011057
1789031874251239400,10.487239501953125,0.2185634020783007,-0.8340747426599263,0.9190661251164972
1789031874261243400,10.497243408203126,0.43375761998444795,-0.8512865742236375,0.9309561040703207
1789031874271246000,10.50724609375,0.5089373641312122,-0.7357236740231513,0.9946668711543083
1789031874281249300,10.517249267578125,0.5943105855122208,-0.6787631849169731,0.9291158099658787
1789031874291252500,10.52725244140625,0.58852118845582,-0.698851448699832,0.7792873598091303
1789031874301256200,10.537256103515626,0.348107042966783,-0.5531745652645826,0.5957954537751152
1789031874311259400,10.54725927734375,0.15692381524518131,-0.0719435387045145,0.5816458227936178
1789031874321262300,10.557262451171875,0.19056553421467542,0.41320612260401246,0.5762426120432094
1789031874331265300,10.567265380859375,0.15539251402467488,0.5542576843261718,0.5179953345295042
1789031874341269200,10.577269287109376,-0.051443771511316294,0.46886955763697624,0.3171797340551391
1789031874351272400,10.5872724609375,-0.1440247323140502,0.18742577488422393,0.07876052524298428
1789031874361275100,10.597275146484375,-0.050880292409658426,0.013084522500634193,-0.25592180348336696
1789031874371278300,10.6072783203125,0.037597324727475644,0.1357955408900976,-0.7353016492187976
1789031874381282300,10.6172822265625,0.1058174589946866,0.3446902202606201,-1.0372764710858464
1789031874391285200,10.62728515625,0.19996859172359108,0.5198614937275647,-1.1666374488838016
1789031874401288200,10.6372880859375,0.26429507955312725,0.6472855121135711,-1.1161204368285833
1789031874411291400,10.64729150390625,0.33801147314906116,0.63029755243361,-0.9713295424476265
1789031874421294300,10.65729443359375,0.4408595609441399,0.4583130923092365,-0.7383343679782003
1789031874431298300,10.66729833984375,0.38261867663860316,0.29864860005378724,-0.43555546318665145
1789031874441301200,10.67730126953125,0.18986250051185488,0.24533026684224604,-0.06784962045438588
1789031874451304200,10.68730419921875,0.04109422693252563,0.15274258403778077,0.3181976423934102
1789031874461307400,10.697307373046876,-0.012121376556903124,-0.05870762503445148,0.6240101427271961
1789031874471311400,10.707311279296874,0.023719606022536754,-0.288743876633048,0.7185749708235264
1789031874481314300,10.717314208984375,0.06195362121835351,-0.5449778148055077,0.8136449719630181
1789031874491317800,10.72731787109375,0.09791589208990335,-0.7091314351737499,0.7420489315219223
1789031874501321000,10.737321044921876,0.09281403890624641,-0.8076011617541313,0.652886766186729
1789031874511325000,10.747324951171874,0.02400689853131771,-0.9101835843503475,0.6164153767492622
1789031874521327600,10.75732763671875,-0.0330699104309082,-0.9801672211587429,0.5312684384047984
1789031874531330800,10.767330810546875,-0.10940437757074832,-0.8128121744006872,0.5100884338624775
1789031874541334000,10.777333984375,-0.19569325249195096,-0.5605798730850219,0.7104920560024678
1789031874551337700,10.787337646484374,-0.31249709266424175,-0.31050153493285176,0.64574215512909
1789031874561341000,10.7973408203125,-0.33350568616241216,-0.13583996455371378,0.5898354128595441
1789031874571344000,10.80734375,-0.31093554243594407,0.031878654819726945,0.47740408868305384
1789031874581346800,10.817346923828126,-0.26979630731791254,0.06115677175223827,0.25078634029105307
1789031874591350800,10.827350830078124,-0.1881912062987685,0.012392448583245277,-0.05810344859622418
1789031874601354000,10.83735400390625,-0.1780871609136462,-0.02652735691964626,-0.29431137456707657
1789031874611356700,10.847356689453125,-0.3265910844683647,-0.06989478948116302,-0.46003640897050496
1789031874621359900,10.85735986328125,-0.3983908307880163,-0.13029226729869842,-0.5370812894020229
1789031874631363800,10.86736376953125,-0.28262831636220215,-0.3245394126355648,-0.6927753436565399
1789031874641366800,10.87736669921875,-0.18340280297845601,-0.49955052710473535,-0.6787031983580439
1789031874651369700,10.88736962890625,-0.0014361702829599379,-0.5567869105428457,-0.5744896674286574
1789031874661373000,10.897373046875,0.11826485263556241,-0.3314268340617418,-0.5704287746652961
1789031874671376600,10.907376708984375,0.017936930967867373,-0.00725099404156208,-0.4563586703058332
1789031874681379800,10.9173798828125,0.050711365583539,0.2727075185894966,-0.4355256525702774
1789031874691382800,10.9273828125,0.14044862739294767,0.36109658066034317,-0.3384916578814387
1789031874701385700,10.9373857421875,0.18923048621863126,0.2535784552276134,-0.23867687336765228
1789031874711389700,10.9473896484375,0.19935703569650648,-0.014942133066058159,-0.43522564671039576
1789031874721393000,10.957392822265625,0.21665449971705675,-0.5369570054352283,-0.23871844748705623
1789031874731395800,10.967395751953125,0.061190966282784934,-0.8882745348811149,-0.13101561313718557
1789031874741398800,10.977398681640626,-0.2807809349298477,-0.7658452560424804,-0.21588168871365487
1789031874751402800,10.98740283203125,-0.4413096427991986,-0.45647126383483405,-0.12665873310193418
1789031874761405700,10.99740576171875,-0.3192681942343712,-0.23556933580636977,0.33103440067805345
1789031874771409000,11.007408935546875,0.048187400063872336,-0.36010873866677284,0.5818096715858205
1789031874781411800,11.017411865234376,0.21223551423102616,-0.4190098404467106,0.31661289395261555
1789031874791414800,11.027414794921874,0.009544365675747395,0.12669628863334656,0.13865695820320398
1789031874801418800,11.037418701171875,-0.14462532855570315,0.9450643435955047,0.4385270994085818
1789031874811422000,11.047421875,0.11486147393286228,1.3383049520134924,0.6582236702352762
1789031874821424600,11.057424560546876,0.7442313901275396,0.7751607813984155,0.31659327593669295
1789031874831427800,11.067427734375,0.7479708689168095,-0.02659282337129116,-0.12637688395325095
1789031874841431800,11.077431884765625,-0.03125613900721073,-0.3141588883966207,-0.16104016452282666
1789031874851434800,11.087434814453125,-0.7275745620980858,-0.3157762604653835,0.10070081010069698
1789031874861437700,11.097437744140626,-0.861789263537526,-0.3349690367132425,0.1922977648347616
1789031874871441000,11.10744091796875,-0.5811603042989969,-0.33469781855642794,0.24252682679407297
1789031874881444900,11.11744482421875,-0.12540975595414638,-0.24691958186030386,0.31403672332167626
1789031874891447800,11.12744775390625,0.07636164740771055,-0.018012626552581786,0.2909410578837618
1789031874901450800,11.13745068359375,-0.16744857026040552,0.39295068556070323,0.31632746460735794
1789031874911453700,11.14745361328125,-0.374504343765974,0.7082119822412729,0.47373456985745577
1789031874921457700,11.157457763671875,0.01596241602450609,0.5140776496291161,0.5490461967555805
1789031874931460900,11.1674609375,0.36893443467915055,0.19865444038510321,0.5417267040550708
1789031874941463800,11.1774638671875,0.17345161006748674,0.5384685790419578,0.597595452401787
1789031874951466800,11.187466796875,0.11634119109660386,1.0810977848947048,0.7356373109139501
1789031874961470700,11.197470703125,0.37139293374717236,1.397950734680891,0.821147164286673
1789031874971474000,11.207473876953125,0.8026286340385675,1.126858834594488,0.7091281472381203
1789031874981476900,11.217476806640626,1.3021861754059791,0.16753449497818945,0.30614520288687197
1789031874991479800,11.227479736328124,1.2245645910650491,-0.7545172218203544,-0.15748842685800044
1789031875001484000,11.237484130859375,0.37672026624977584,-0.5590700530439615,-0.46481005311310286
1789031875011486700,11.24748681640625,-0.0716430944532156,0.5848240875035524,-0.30637203391268847
1789031875021490000,11.257489990234374,0.9492781618982553,0.8798305316627025,-0.1654483911528252
1789031875031492600,11.26749267578125,1.734076832474768,0.5716513021975755,-0.4409843198349699
1789031875041496800,11.277496826171875,1.226980127774179,1.1300468169808386,-0.46073761604242025
1789031875051499800,11.287499755859375,1.1373407733812928,0.9730343005388975,-0.20725756142167373
1789031875061503000,11.2975029296875,1.2274059519708156,0.2679395735353231,-0.10683567786021157
1789031875071505700,11.307505615234374,1.5104863960146904,-0.9418027114510535,-0.07335052855876274
1789031875081510000,11.317510009765625,1.4546166247546672,-1.6526801135092972,-0.2827562170581892
1789031875091512800,11.327512939453126,0.7260548051849007,-1.0374830995738507,-0.12153573666554875
1789031875101515800,11.337515869140624,0.12945055577754974,-0.2101443871706724,0.29093362349597734
1789031875111519000,11.34751904296875,0.11074702435135841,-0.09476093519032001,0.42533582859784363
1789031875121521700,11.357521728515625,0.4866261636018753,-0.19618132826983928,0.5338060305910185
1789031875131525600,11.367525634765625,0.6345856050163508,-0.10176526099443435,0.3765885296288877
1789031875141528800,11.37752880859375,0.5879603397026658,-0.021228665989637373,0.27423951392974705
1789031875151532000,11.387531982421875,0.3206435742408037,-0.047614568611979484,-0.02600703197312541
1789031875161534700,11.39753466796875,-0.02652794144153595,-0.1166992107540369,0.026852972144819794
1789031875171539000,11.4075390625,-0.36729397399574515,-0.23029051862061023,0.2340693247732706
1789031875181542000,11.4175419921875,-0.565065201805532,-0.3058949179202318,0.18427160343592985
1789031875191544800,11.427544921875,-0.4794616787999868,-0.2886415853023529,0.28941976660061625
1789031875201547800,11.4375478515625,-0.3205301769942045,-0.11591653594374655,0.17960516426116227
1789031875211552000,11.447552001953126,-0.0790738289758563,0.06487842262387275,0.3992787926036864
1789031875221554700,11.4575546875,0.3815238671392202,0.17314707416296005,0.6422528517086058
1789031875231558000,11.467557861328125,0.664357935206592,0.2948831100404262,0.47554830474853516
1789031875241560800,11.477560791015625,0.5564867585524916,0.4098018671184778,0.21972534026345236
1789031875251564800,11.487564697265626,0.4160086128041148,0.44848026508092875,-0.03456948307259008
1789031875261567700,11.497567626953124,0.2893433038309216,0.33421734156310556,-0.4447102450229227
1789031875271571000,11.507571044921875,0.26020313406437634,-0.05568330877721309,-0.6121782506361604
1789031875281574000,11.517573974609375,0.4270999156609177,-0.5452694912284612,-0.4886534316457808
1789031875291577900,11.527577880859376,0.47391748867630956,-0.7498544907063245,-0.4638353993946686
1789031875301580800,11.537580810546874,0.32930005116611716,-0.6283996098577976,-0.14617658571884967
1789031875311583700,11.547583740234375,0.1391492352321744,-0.4572796576082706,0.07163733143270946
1789031875321587000,11.5575869140625,-0.19126871404796839,-0.49429099914133545,0.06262834214214236
1789031875331590000,11.56758984375,-0.673321286123991,-0.6221972480863333,-0.10317488119718618
1789031875341593900,11.57759375,-1.0863961835637688,-0.8252665823042392,-0.2013116403630003
1789031875351596800,11.5875966796875,-1.4215277173623442,-1.0585691422224044,-0.32232009261827915
1789031875361600000,11.59760009765625,-1.4163137821063398,-1.344434248548746,-0.29510257974369447
1789031875371602700,11.607602783203125,-1.1502242203518747,-1.5592571489244698,-0.007499114450579509
1789031875381607000,11.61760693359375,-0.8847767558932303,-1.4913140780329703,0.48247569285891945
1789031875391609900,11.62760986328125,-0.7131514844700694,-1.093701245880127,0.8632298177346587
1789031875401612800,11.63761279296875,-0.6648631082497537,-0.34286183578968044,1.06748068988733
1789031875411615700,11.64761572265625,-0.5425649084448814,0.45087271317541594,1.1015602157521993
1789031875421620000,11.657619873046874,-0.328128230907768,0.8445417761385441,1.0647486345749348
1789031875431622700,11.66762255859375,-0.21574849078804254,0.8705395562261342,1.025630895347148
1789031875441625900,11.6776259765625,-0.2252406878851354,0.7229086161136626,1.0840462594367564
1789031875451628800,11.68762890625,-0.403874522896111,0.5035545020490885,1.021572486801818
1789031875461632800,11.6976328125,-0.5758408628419042,0.1835977410286665,0.6963052713483572
1789031875471635700,11.7076357421875,-0.57292965157032,-0.10432312878370284,0.4491865136541426
1789031875481639000,11.717638916015625,-0.574483310753107,-0.32278467792272564,0.10056792270233854
1789031875491641900,11.727641845703126,-0.6625918023169041,-0.3578220890343189,0.046290809194929894
1789031875501645600,11.7376455078125,-0.5419359628915786,-0.060930561780929565,0.04205596637045964
1789031875511648800,11.747648681640625,-0.14590119371041654,0.44813364360034463,0.06831186767127365
1789031875521651700,11.757651611328125,-0.14515651282295583,0.5922445928931236,0.24369924984062089
1789031875531654700,11.767654541015625,-0.09181889038905501,0.5243365933150053,0.21554043752793223
1789031875541657600,11.77765771484375,-0.039040070881694554,0.2748679114937782,0.07562794457199051
1789031875551661800,11.787661865234375,-0.019663754760473967,0.1729705485522747,0.18552874562386423
1789031875561664500,11.79766455078125,-0.17031214299798011,0.2744365343391895,0.4069206491263583
1789031875571667700,11.807667724609376,-0.3190355545222759,0.39403263557851315,0.45271359180174764
1789031875581670700,11.817670654296874,-0.43530309586077925,0.3805430394083261,0.3157246764086187
1789031875591674600,11.827674560546875,-0.43056262333542106,0.3578612520009279,0.14065750263696536
1789031875601677600,11.837677490234375,-0.4074724012576043,0.494159481716156,0.05025925616817548
1789031875611680800,11.8476806640625,-0.35601036343723536,0.7083622043669223,0.28468203402161596
1789031875621683700,11.85768359375,-0.26408421328142284,0.7719780597090721,0.5152747869918123
1789031875631687700,11.867687744140625,-0.1488869315229356,0.5519628513872623,0.3364446256911382
1789031875641690600,11.877690673828125,-0.053450727419555186,0.18546938011944292,0.07433940259879454
1789031875651693600,11.887693603515626,0.03915361425876617,-0.20491876147687435,-0.03995165103496984
1789031875661696800,11.89769677734375,0.17666151202470062,-0.4106038311511278,-0.07598086792919784
1789031875671700700,11.90770068359375,0.34837124686092136,-0.17354864070117473,0.0897793473854661
1789031875681703700,11.91770361328125,0.5008442201770842,0.2239133848041296,0.3484357269318774
1789031875691706600,11.92770654296875,0.46994186304360624,0.40495325804352755,0.4024663365986198
1789031875701709800,11.937709716796874,0.30162936943024393,0.20412264266312122,0.2870235191138461
1789031875711713500,11.947713623046875,0.163857560031116,-0.31624037084579465,0.06528718608785421
1789031875721716700,11.957716796875,0.0759820004403591,-0.9269131853550672,-0.07514660906214267
1789031875731719700,11.9677197265625,0.04733779749721288,-1.3294161276370287,-0.1582402681386098
1789031875741722600,11.97772265625,0.17296587237715721,-1.2219319044739008,-0.06093596860840916
1789031875751725600,11.9877255859375,0.2105339710101485,-0.6210147603034972,0.1442764785854146
1789031875761729800,11.997729736328125,0.2227542778968811,-0.020379940205812453,0.5695997399626299
1789031875771732500,12.007732421875,0.2582438166901469,0.34495617772042747,0.978841963904351
1789031875781735700,12.017735595703124,0.23517770614027975,0.46991409825384617,1.1369834843762219
1789031875791738600,12.027738525390625,0.13580313967466354,0.3550070316135883,0.9860850669004022
1789031875801742600,12.03774267578125,-0.017579203571379185,0.050749359506368635,0.7075529338106512
1789031875811745500,12.04774560546875,-0.07485226575806736,-0.32631343657076356,0.3694182361407205
1789031875821748700,12.057748779296874,-0.04332739281207323,-0.6717039140552282,0.06972684903573244
1789031875831751700,12.067751708984375,-0.030558658262342213,-0.8542559454232453,-0.25842443395406006
1789031875841755600,12.077755615234375,-0.06915595381259917,-0.8568243346065282,-0.4465016219517216
1789031875851758600,12.087758544921876,-0.27931378498673437,-0.561715599116683,-0.2864461210846901
1789031875861761500,12.097761474609374,-0.5656929783150554,-0.05575228236019611,-0.036773806450143456
1789031875871764700,12.1077646484375,-0.5542959705099463,0.36840836497843266,0.1553648953653872
1789031875881768700,12.117768798828125,-0.21573183191418646,0.4636240581989288,0.5684110781673342
1789031875891771600,12.127771728515626,0.11467764179855584,0.4335170892268419,0.7941144881933927
1789031875901774600,12.137774658203124,0.32395985918194053,0.2670002468585968,0.9423433941990137
1789031875911777800,12.14777783203125,0.26724837640076876,0.01945171944499016,0.8110811128243803
1789031875921780500,12.157780517578125,0.12255904269814491,-0.2250806750178337,0.5793415644392371
1789031875931784700,12.16778466796875,-0.055629240502417084,-0.4123357695102691,0.41712884900569913
1789031875941787600,12.17778759765625,-0.11282879906147718,-0.5012982475548983,0.180113150315918
1789031875951790600,12.18779052734375,0.12472177368998527,-0.690022245556116,-0.10012874583378434
1789031875961793500,12.19779345703125,0.47657384840399025,-0.8859346937566995,-0.6501560260485857
1789031875971797800,12.2077978515625,0.5921922781839967,-0.9669406598389149,-0.8946044685550033
1789031875981800400,12.217800537109374,0.4374710875496268,-0.7494651991277933,-1.235946985822916
1789031875991803600,12.2278037109375,0.2651177941128611,-0.25786416972279547,-1.40101552907899
1789031876001806800,12.237806884765625,0.40437165876328945,0.1052355674535036,-1.1562895117402077
1789031876011810600,12.247810546875,0.7105927398979663,0.1284106913357973,-1.1237531236641107
1789031876021813500,12.2578134765625,0.3222676683112979,-0.07129296584129333,-0.8465124186243861
1789031876031816700,12.267816650390625,0.023218086241185664,-0.5661497821718454,-0.38890564795359966
1789031876041819600,12.277819580078125,-0.35367110683470965,-0.9427519749999046,-0.256739385210257
1789031876051822600,12.287822509765626,-0.7632078932762145,-1.020038628298044,-0.4864839055869728
1789031876061826800,12.297826904296874,-1.0159481441140175,-0.965254314187169,-0.3428003879260272
1789031876071829500,12.30782958984375,-1.1333353371322155,-0.736239222329855,0.45555641401223834
1789031876081832700,12.317832763671875,-0.9913368499487638,0.054337154865264886,0.5925508823633193
1789031876091835600,12.327835693359376,-0.6720289082258939,0.9541793779432773,0.7735051231458783
1789031876101839600,12.337839599609374,-0.23854630579054353,1.7270587704062461,1.1174290352091192
1789031876111842600,12.347842529296875,0.6204971661701798,1.9075316574126482,1.4230128413535654
1789031876121845800,12.357845703125,1.4019664000630379,1.4825754757821559,1.1738676923982798
1789031876131848400,12.367848388671876,1.531063612358272,0.9424567914456129,0.8028636849034577
1789031876141852700,12.377852783203124,0.9300219650253653,0.9269237067490815,0.6715816028498113
1789031876151855600,12.387855712890625,0.21464871285259723,1.0588391913354396,0.7758112081311642
1789031876161858600,12.397858642578125,0.3171630386486649,0.5782184056282043,0.8602339969195425
1789031876171861800,12.40786181640625,0.7568377737224101,-0.23396716130673884,0.5778868355862796
1789031876181865700,12.41786572265625,0.7629290763348341,-0.5243307480961084,0.12528139860043302
1789031876191868400,12.427868408203125,0.33549364510923624,0.06967091759741306,0.00393131156694144
1789031876201871600,12.43787158203125,-0.0723532885491848,1.1122837812751531,0.16751443857084958
1789031876211874800,12.447874755859376,0.2551134097099304,1.1502777041047811,0.4595864732459187
1789031876221877500,12.45787744140625,0.922122443947196,-0.06801847421526909,0.36581761783286926
1789031876231881700,12.4678818359375,0.8900193327218293,-1.396940096333623,-0.10582320374888367
1789031876241884700,12.477884765625,0.08507190034687519,-1.4643027369886636,-0.25902309396695344
1789031876251887600,12.4878876953125,-0.6182751062065363,-0.3924649478703737,-0.06513735668784938
1789031876261890600,12.497890625,-0.3235235135912895,0.3620043431550264,0.19809108914760873
1789031876271894800,12.507894775390625,0.43749768329560756,0.3023778497099876,-0.008024179504299535
1789031876281897500,12.5178974609375,0.8278548452317714,0.2344090598553419,-0.09277561572515405
1789031876291900700,12.527900634765626,0.8852578174084424,0.2813186950683594,-0.0912751845669467
1789031876301903600,12.537903564453124,0.5063052620619535,0.23716508056521415,0.01323391236757743
1789031876311907800,12.547907958984375,0.2400029343396425,0.1494891351997852,0.14154188425606115
1789031876321910500,12.55791064453125,0.46320787861347196,-0.3593079436779022,0.19238800040148196
1789031876331913700,12.567913818359376,0.6532759847000241,-0.7056207967042922,0.16163360037133095
1789031876341916700,12.577916748046874,0.5058540111631155,-0.8171727076977491,0.23374858665261417
1789031876351919600,12.587919677734375,0.6769844848066568,-1.0885539461195468,0.006409143239806871
1789031876361923600,12.597923583984375,0.48970104100257156,-0.13204349488019942,-0.08928652236722409
1789031876371926500,12.607926513671876,0.11751461879014968,1.4303765019893646,0.3029028964973986
1789031876381929700,12.6179296875,0.45153614552021026,1.8333575831770896,0.5245564466107636
1789031876391932700,12.6279326171875,0.8514113696470856,1.0773042378306388,0.3134153765529394
1789031876401937000,12.63793701171875,0.9065013887062668,-0.22160101620852946,-0.0387068934045732
1789031876411939600,12.647939697265626,0.8278829022824764,-1.3399234931260346,-0.4677797896388918
1789031876421942800,12.65794287109375,0.44968817956596613,-1.6646902847766876,-0.7384374630264937
1789031876431945500,12.667945556640625,0.18307050228416918,-1.207761340302229,-0.5425519758980721
1789031876441949700,12.67794970703125,-0.11935761630833149,-0.2765139251351356,-0.19246800683513282
1789031876451952600,12.68795263671875,-0.2794955712944269,0.8459948975563049,0.03854907249435782
1789031876461955600,12.69795556640625,-0.029479484723508358,1.1976146248191595,0.36866438556611536
1789031876471958500,12.70795849609375,0.436043977355957,0.8705804727584123,0.39616990333553403
1789031876481961700,12.717961669921875,0.6335086234346031,0.20512392866015433,0.005749138111248612
1789031876491966500,12.727966552734374,0.5135206002682448,-0.5010147544384003,-0.12453688210975378
1789031876501969400,12.737969482421875,0.17016192087233065,-0.6709744307368993,-0.23328495119623838
1789031876511972400,12.747972412109375,-0.21669629303216933,-0.3007540479004383,-0.22398878812789916
1789031876521975600,12.7579755859375,-0.46915392753630875,0.2628565711826086,0.0479718210844323
1789031876531979500,12.7679794921875,-0.44552053849250073,0.5721475612819195,0.655305152440071
1789031876541982500,12.777982421875,-0.1949488638654351,0.47142450281679626,0.9878061916045844
1789031876551985400,12.7879853515625,-0.0020177695631980893,0.16777765608429906,0.8750829718094318
1789031876561988400,12.79798828125,0.019359072725474834,-0.058149406629800796,0.6768329475067556
1789031876571992300,12.807992431640624,0.09677139822989701,0.002586509361863136,0.45403819146901364
1789031876581995500,12.81799560546875,0.09050006287544965,0.17722177625596522,0.24171061504036187
1789031876591998500,12.82799853515625,0.035007015973329544,0.1449409703761339,0.345402058324404
1789031876602001400,12.83800146484375,0.08592764039337634,-0.01903203272819519,0.510598392678611
1789031876612004600,12.848004638671876,0.13787351620793342,-0.13055705571472645,0.47924021806903183
1789031876622008600,12.858008544921875,-0.009689034843444824,-0.08807108216285706,0.3863736452579498
1789031876632011500,12.868011474609375,-0.23791239180117843,-0.18417057248055935,0.17555391610898077
1789031876642014500,12.878014404296875,-0.17920827389806507,-0.4368897805303335,-0.07960281215286813
1789031876652017400,12.888017333984376,0.07895020259618758,-0.6585854892849922,-0.21865327231884002
1789031876662021400,12.898021484375,0.20282880346029997,-0.8192062593519687,-0.27957261858601123
1789031876672024600,12.908024658203125,0.13644172983914613,-0.9021452393233775,-0.21395117730880156
1789031876682027300,12.91802734375,-0.05855477256029844,-0.8780325423300266,0.04038506488301791
1789031876692030500,12.928030517578126,-0.27207886529713865,-0.8653004865288734,0.22152504662917927
1789031876702034400,12.938034423828125,-0.4967278708994388,-0.9707833067417144,0.15806661033844574
1789031876712037600,12.94803759765625,-0.8827966879919171,-1.0768699380666016,-0.02849670706412289
1789031876722040300,12.958040283203125,-1.1696829540595413,-1.044522496691346,-0.0801219315229915
1789031876732043500,12.96804345703125,-1.3364964412868021,-0.7027969714552164,0.005127763943048194
1789031876742046500,12.97804638671875,-1.4308426581963896,-0.24052082073390482,0.011115779710933565
1789031876752050400,12.988050537109375,-1.3709772414289414,0.09301672187149525,0.1283420008806046
1789031876762053400,12.998053466796875,-1.146480942170322,0.27223814751207825,0.20040088219363242
1789031876772056300,13.008056396484376,-1.0541410966470837,0.45557460725605486,0.2449661827702075
1789031876782059500,13.0180595703125,-0.940886181128025,0.5783277112215757,0.31605584459174424
1789031876792063500,13.0280634765625,-0.9837012405037879,0.5965215395599603,0.3081253803860396
1789031876802066700,13.038066650390626,-0.7503085180841386,0.4938531922459602,0.37204789052456616
1789031876812069400,13.0480693359375,-0.7541079103671013,0.3713309744268656,0.4254612450757995
1789031876822072600,13.058072509765625,-0.7878057434380054,0.5150257441341877,0.3973270009487867
1789031876832076500,13.06807666015625,-0.6884357070170343,0.8641197523117065,0.43584706654436883
1789031876842079500,13.07807958984375,-0.46054596592783925,1.122757829016447,0.6384113738495856
1789031876852082400,13.08808251953125,0.055848728471994395,1.0665104566156864,0.8618417243771255
1789031876862085400,13.09808544921875,0.5092648425199091,0.5910737955480814,0.7237447016116231
1789031876872088300,13.10808837890625,0.6106712070740759,0.15319675754606724,0.3824610383914783
1789031876882092500,13.118092529296876,0.4036228862226009,-0.009404957205057143,0.08746884195338935
1789031876892095200,13.12809521484375,0.11209493182897567,0.048019057759642596,0.06830096268476918
1789031876902098400,13.138098388671875,-0.04617839832901954,0.013999299257993697,0.1912142439143732
1789031876912101600,13.1481015625,0.14870470682382583,-0.19952713156640528,0.06541362547911703
1789031876922105600,13.158105712890626,0.4152490266084671,-0.4307628220826387,-0.1914585375316441
1789031876932108300,13.1681083984375,0.3790611302874982,-0.3202373315274715,-0.14397384237702934
1789031876942111500,13.178111572265625,0.1756384525872767,0.04003858039975166,0.06834576994087546
1789031876952114400,13.188114501953125,0.13543722897171973,0.17325521071255207,0.1618079705575481
1789031876962118400,13.198118408203126,0.12862301891222597,-0.03504617893993854,0.013965506586246191
1789031876972121600,13.20812158203125,0.11682561361268162,-0.39110008925795553,-0.242091540649347
1789031876982124300,13.218124267578125,0.06410320046767592,-0.45074294931590553,-0.20157657490950076
1789031876992127500,13.22812744140625,-0.030031711778789758,-0.2724240254729986,-0.03151793174855411
1789031877002130400,13.23813037109375,0.006738222213834524,-0.12007424014508723,0.07436999866645783
1789031877012134700,13.248134765625,0.10415142547860741,-0.11241408078074455,0.23481997874379157
1789031877022137300,13.258137451171875,0.1493092485882342,0.016506898164749144,0.4006406920740381
1789031877032140500,13.268140625,0.0873591345012188,0.32035014425218106,0.42964298773985354
1789031877042143200,13.278143310546875,-0.05052621827498078,0.49629474017918107,0.39641664463821796
1789031877052147500,13.2881474609375,-0.09629223641082645,0.4570844272971153,0.4151822084499523
1789031877062150400,13.298150390625,-0.08242606201320886,0.42256490257978435,0.3593179536152631
1789031877072153300,13.3081533203125,0.014978957945108413,0.5637941589564085,0.25109281242433934
1789031877082156500,13.318156494140625,0.12851999692916868,0.7408429167330265,0.21369838985782116
1789031877092159500,13.328159423828126,0.14275807337909935,0.6881564516842364,0.21005422466918824
1789031877102163500,13.33816357421875,0.16184592794775962,0.24318156437575816,0.23338413725439458
1789031877112166400,13.34816650390625,0.27224486951380966,-0.5034574714154004,0.08223806516043841
1789031877122169600,13.358169677734375,0.2557669051826,-1.1595371153593064,-0.15738313985262065
1789031877132172300,13.36817236328125,-0.02811988680809736,-1.3806851271033287,-0.23051128523182124
1789031877142176500,13.378176513671875,-0.42436318417340513,-1.0205991847902536,-0.24233141381982712
1789031877152179500,13.388179443359375,-0.740686118736118,-0.4754384146332741,-0.0341068157305941
1789031877162182400,13.398182373046875,-0.8046738761305808,-0.22473463805913924,0.17728351638056336
1789031877172185300,13.408185302734376,-0.6008018472276627,-0.35070027433037754,0.2846290982579812
1789031877182189600,13.418189453125,-0.333036022824049,-0.5766372739166021,0.22848226362224666
1789031877192192500,13.428192626953125,-0.26101065105497834,-0.6277846928298473,0.18539320961069314
1789031877202195500,13.438195556640625,-0.41623716086298224,-0.4649789799392223,0.10838256024233996
1789031877212198400,13.448198486328126,-0.68192077216506,-0.09290624723434447,-0.048267662225849925
1789031877222201300,13.458201416015624,-0.6943795639827847,0.22628069845736026,-0.16033461006935684
1789031877232205300,13.468205322265625,-0.3934602425180375,0.32376609017550945,-0.23006679286733267
1789031877242208500,13.47820849609375,-0.18851561594754457,0.34261925920546055,-0.34409641908593475
1789031877252211500,13.48821142578125,-0.23153686541989443,0.43677872137129303,-0.09708616326749324
1789031877262214400,13.49821435546875,-0.4360319946572184,0.7213759997189044,0.06216569306645542
1789031877272218400,13.50821826171875,-0.5235384286746383,1.0465583864331245,0.09536759584657847
1789031877282221600,13.5182216796875,-0.19147388123124837,0.928060601824522,0.058845681798271834
1789031877292224500,13.528224609375,0.2465302902817726,0.3081114249259233,0.24061832629162816
1789031877302227500,13.5382275390625,0.22146277678161858,-0.5141413625150919,0.17703045493494718
1789031877312230400,13.54823046875,-0.04452975433915853,-1.0725772093087433,0.27348683239892124
1789031877322234400,13.558234375,-0.23349749796837566,-1.1511720225960016,0.2004580557409674
1789031877332237600,13.568237548828124,0.0014005144476890562,-0.9643588266521692,0.3135653794828802
1789031877342240300,13.578240234375,0.614543810723722,-0.8763046956241131,0.5058366947021335
1789031877352243500,13.588243408203125,0.9503153959915042,-0.8935714722454547,0.6109650754541158
1789031877362247400,13.598247314453126,1.172514378093183,-0.9901216289401054,0.3740039199631661
1789031877372250600,13.608250732421874,1.0934133688494563,-1.0153794043153523,0.25342801390625536
1789031877382253300,13.61825341796875,0.8573442668274045,-0.8944020778506994,0.2652325248000212
1789031877392256500,13.628256591796875,0.7725275102853775,-0.8536685009241104,0.26551267518196253
1789031877402260500,13.638260498046876,0.7472098214164375,-1.0298504127383232,0.2621204206614755
1789031877412263400,13.648263427734374,0.3337634603157639,-0.9978203667491674,0.0838980342619121
1789031877422266400,13.658266357421875,-0.2792605934947729,-0.6151257022649049,0.22128564838273448
1789031877432269300,13.668269287109375,-0.748742145550251,-0.06522153697311878,0.5728040524292737
1789031877442272500,13.6782724609375,-0.661338587385416,0.14628069454729556,0.6628417584899813
1789031877452276500,13.6882763671875,-0.610852847251296,0.605503887438774,0.509644672150351
1789031877462279700,13.69827978515625,-0.577221211284399,1.6505343336522578,0.6208370656490325
1789031877472282400,13.708282470703125,-0.23469226071089505,2.4397154570966957,0.9420320632275193
1789031877482285600,13.71828564453125,0.4190627396777272,2.1720780813783405,0.9246553234256804
1789031877492288500,13.72828857421875,0.8250871340841054,1.3461802154332398,0.6127066949570551
1789031877502291700,13.738291748046874,0.9136173581913113,0.8520341777205467,0.3393313966412097
1789031877512294700,13.748294677734375,1.0812293023198842,0.46162265524864193,0.3437978014655411
1789031877522297600,13.758297607421875,1.3782967706620692,0.11769465153217315,0.33995343752969054
1789031877532300500,13.768300537109376,1.3212453884020448,0.1468839211374521,0.2346122177446261
1789031877542304500,13.778304443359374,0.8989107874467969,0.608163462036848,0.15585244142031296
1789031877552307700,13.7883076171875,0.8978720920488238,0.6570949584662914,0.4460559970760718
1789031877562310400,13.798310302734375,1.5224474674433468,-0.41544250335395333,0.2656214327860623
1789031877572313600,13.808313720703126,1.7639193052917719,-1.4288187511533499,-0.053252684096805745
1789031877582317600,13.818317626953124,0.9249360400632023,-1.0079214895248412,-0.008226999466866254
1789031877592320800,13.82832080078125,-0.33549569093585013,0.40656770750284194,0.4615115960896015
1789031877602323500,13.838323486328125,-0.4506687150359153,0.9809884744137525,0.7433208511538804
1789031877612326700,13.84832666015625,-0.18433190052211285,0.6617138504385948,0.7821257981054485
1789031877622329600,13.85832958984375,-0.18687632430791853,0.0037549686193466183,0.6567891073875128
1789031877632333600,13.86833349609375,-0.021405191600322723,-0.9602093057572841,0.3202539173360914
1789031877642336500,13.87833642578125,0.07684007857441902,-1.5678928753226995,-0.048632440417632455
1789031877652339500,13.88833935546875,-0.2885246809244156,-1.5154150845885277,-0.1376741942435503
1789031877662342700,13.8983427734375,-0.7887325028941035,-0.7404261526256799,-0.09184939512517303
1789031877672346600,13.9083466796875,-0.8241159509643912,0.16927695473134516,0.2064440713480115
1789031877682349600,13.918349609375,-0.29822686751037836,0.3886865983754396,0.5310505213377997
1789031877692352500,13.9283525390625,0.4498480463027954,-0.19960604202151297,0.42060101862829175
1789031877702355700,13.938355712890624,0.6735027801707386,-0.6726660370856523,0.18854571882486343
1789031877712358400,13.9483583984375,0.3140074972271919,-0.28324001851975916,-0.06464644049890339
1789031877722362600,13.958362548828125,0.187888131698966,0.21810615983009338,0.06538622601553798
1789031877732365600,13.968365478515626,0.43862639506459233,0.28519290615320203,0.3048939972493797
1789031877742368500,13.978368408203124,0.7126593170389532,0.1346446172893047,0.48136992357410485
1789031877752371500,13.988371337890625,0.7260442837908864,0.20039163944125174,0.5013397120764479
1789031877762375700,13.998375732421875,0.49886692875474686,0.3677665599435568,0.43096166912298645
1789031877772378600,14.008378662109376,0.3394333226457238,0.4852998834341764,0.6812653769962489
1789031877782381600,14.018381591796874,0.42685003255307674,0.3833189338624477,0.9071276308458298
1789031877792384500,14.028384521484375,0.5283975591436029,0.19519640888571738,0.8204517293684184
1789031877802387500,14.038387451171875,0.45166970877200363,-0.0023801731348037716,0.6890688903540373
1789031877812391400,14.048391357421876,0.21695728205591439,-0.1723725826591253,0.6168889125451446
1789031877822394600,14.05839453125,0.08900339457690715,-0.46036710222959515,0.6989172074124217
1789031877832397600,14.0683974609375,-0.1903837479069829,-0.8367559445679187,0.5718504414988681
1789031877842400500,14.078400390625,-0.2371370235145092,-1.0548515830039977,0.7403890354856848
1789031877852404500,14.088404541015626,-0.06209229903668165,-1.0331114603608846,1.1126950654897838
1789031877862407700,14.09840771484375,-0.18002777358740568,-0.8870534686535596,1.065415500985831
1789031877872410600,14.10841064453125,-0.2426721535488963,-0.5644803876549005,0.8805358303878456
1789031877882413600,14.11841357421875,-0.268624340929091,-0.18607436027526855,0.8612777338188141
1789031877892416500,14.12841650390625,-0.3395338604107499,0.028611177456378936,0.7501841610521077
1789031877902420500,14.13842041015625,-0.37766865301579233,-0.024563363370299338,0.6228725169993936
1789031877912423700,14.148423583984375,-0.31853374247997995,-0.24231179580390452,0.5257340755553915
1789031877922426400,14.15842626953125,-0.2702675780914724,-0.5461234777092934,0.37314923936259
1789031877932429600,14.1684296875,-0.4127120554767549,-0.7668138088136911,0.18200225199814885
1789031877942433500,14.17843359375,-0.5773533132314682,-0.7248626727908849,0.14252386276442558
1789031877952436700,14.188436767578125,-0.9177985893987118,-0.19676585015952586,0.1712329111047089
1789031877962439400,14.198439453125,-1.18584527657032,0.4642518347084522,0.29001188727486876
1789031877972442600,14.208442626953126,-1.0936987616620957,0.859967308807373,0.6180364751450718
1789031877982446600,14.218446533203124,-0.8013225198760628,0.9474719892591238,0.6705306324921548
1789031877992449500,14.228449462890625,-0.3924000659406185,0.7445289117693901,0.5447763008840382
1789031878002452700,14.23845263671875,-0.08507102356404066,0.5163105232477188,0.5209589701080695
1789031878012455400,14.248455322265626,-0.03896393690556287,0.4839005380302667,0.8549051300469785
1789031878022458600,14.258458740234374,-0.19069179094284772,0.574043165770173,1.1643538679912686
1789031878032462600,14.268462646484375,-0.21172785696983337,0.5900766012042761,1.281166914383322
1789031878042465800,14.2784658203125,-0.07410802326202393,0.35317630905508995,1.219581541955471
1789031878052468500,14.288468505859376,-0.04183174742683768,-0.047560208076238626,0.9671228845380246
1789031878062471700,14.2984716796875,-0.12290887904912233,-0.4107312569230795,0.7487807239949703
1789031878072474400,14.308474365234375,-0.17343319762796164,-0.5271434674292802,0.8792047279145568
1789031878082478600,14.318478515625,-0.23158669591099024,-0.4472089299708605,0.8098514248989522
1789031878092481500,14.3284814453125,0.04108955075740814,-0.4231827422171831,0.6027972953611984
1789031878102484500,14.338484375,0.3443278166890144,-0.36197219445109363,0.2549109094077721
1789031878112487700,14.34848779296875,0.4756836215659976,-0.22890461722016334,-0.0466228267614264
1789031878122491600,14.35849169921875,0.3919289412975311,0.099035543769598,0.1237489922682289
1789031878132494600,14.36849462890625,0.23211364239454269,0.4502133724838495,0.48022345695272084
1789031878142497500,14.37849755859375,0.1736158607184887,0.5488385818868875,0.7109108659364283
1789031878152500700,14.388500732421875,0.27943858041018244,0.2599912448793649,0.7948973821993917
1789031878162503400,14.39850341796875,0.3012552754208445,-0.11505611972212791,0.5979200081810355
1789031878172507600,14.408507568359376,0.20786299823522567,-0.2760591671049595,0.3595082885555923
1789031878182510600,14.418510498046874,0.029586159968376158,-0.19609189642071723,0.18999321421943605
1789031878192513500,14.428513427734375,-0.10502455505132674,0.02179214509129524,0.18960030591171234
1789031878202516500,14.4385166015625,-0.009358049323409796,0.2415893267482519,0.3852828178139403
1789031878212520700,14.448520751953126,0.23001886207237837,0.18970833286345004,0.4003662955794483
1789031878222523600,14.458523681640624,0.3936266851261258,-0.14055764072537422,0.00452846460933797
1789031878232526600,14.468526611328125,0.3922434140741825,-0.39416239943802356,-0.33668815212342884
1789031878242529500,14.478529541015625,0.3601648527681827,-0.41596798853278155,-0.34040695345085115
1789031878252532500,14.488532470703126,0.34002573558092114,-0.20612053848206996,-0.24664956927988677
1789031878262536400,14.498536376953124,0.26384470543712374,-0.05775017817914486,-0.22826175273936242
1789031878272539600,14.50853955078125,0.09231792595237492,0.010111644169688225,-0.08226900828797369
1789031878282542600,14.51854248046875,-0.04118102843314409,0.049639936959743496,0.19718173748403786
1789031878292545500,14.528545654296876,-0.10596081298813223,0.052695232877135276,0.4754028318632394
1789031878302549500,14.538549560546874,-0.10618687682896852,0.03931844943165779,0.677206018602848
1789031878312552400,14.548552490234375,-0.0972121277347207,0.04313654641509056,0.6353342314265668
1789031878322555600,14.5585556640625,-0.1752618743598461,0.12011807928681373,0.48761214243192225
1789031878332558600,14.56855859375,-0.30225773046165705,0.16670038224160671,0.42008393595162774
1789031878342561500,14.5785615234375,-0.2449006432533264,-0.008682488149404526,0.36916323846634475
1789031878352565500,14.5885654296875,-0.12936039327606558,-0.21693945413827895,0.27486020311135795
1789031878362568700,14.598568603515625,-0.16475684695839882,-0.15434475853741167,0.16679733981005845
1789031878372571400,14.6085712890625,-0.2938262944638729,0.08581365862488746,0.11026822785846889
1789031878382574600,14.61857470703125,-0.4192247983716428,0.19542495694458484,0.10966350343097
1789031878392578600,14.62857861328125,-0.3109904874935746,0.01890869860947132,0.17366565467696635
1789031878402581500,14.63858154296875,-0.06697919429540634,-0.26111118882000445,0.12373820601273328
1789031878412584400,14.64858447265625,0.14555647192597387,-0.2965180177658796,0.06280044730603694
1789031878422587600,14.658587646484374,0.1258655368976295,-0.11755611984431744,0.017880232344567773
1789031878432590600,14.668590576171875,-0.07069792255759239,0.15049334380626678,-0.06207794171776622
1789031878442594600,14.678594482421875,-0.21070289783626794,0.3498217379301786,-0.10763955985531211
1789031878452597500,14.688597412109376,-0.12150778007954359,0.2451666007131338,-0.06370134166851639
1789031878462600400,14.698600341796874,0.05561302001997828,-0.1937830349564552,-0.19533472137786448
1789031878472603600,14.708603759765625,0.10500614261180162,-0.5467588530033827,-0.15152674197461455
1789031878482607600,14.718607666015625,0.02366772970482707,-0.5702689079284667,-0.07945088212732225
1789031878492610800,14.72861083984375,-0.24404241898879409,-0.26402035426497455,-0.3166287125762552
1789031878502613500,14.738613525390624,-0.2733449397101998,0.04965104287564754,-0.22432360957283526
1789031878512616700,14.74861669921875,-0.17917144901901483,0.18548107055723667,-0.08747150883451103
1789031878522619600,14.75861962890625,-0.10742577097415923,0.14636369665563106,0.06774005913268774
1789031878532624000,14.768623779296876,-0.19864041185975073,-0.01055880341529846,0.3611871450206265
1789031878542626600,14.77862646484375,-0.4797220833018422,-0.07772855184674263,0.40769338706452396
1789031878552629800,14.788629638671875,-0.44524639772623775,-0.23407880498766898,0.3061920742359012
1789031878562632400,14.798632568359375,-0.056196518996357914,-0.801950588646531,0.28818465358139944
1789031878572635600,14.8086357421875,0.16954817288815974,-1.5067746820151804,0.26501700061950834
1789031878582639600,14.8186396484375,-0.14526538002490996,-2.029441880813241,0.1053395758172497
1789031878592642600,14.828642578125,-0.8427031625345349,-1.6942811209201811,0.09102663489966653
1789031878602645800,14.838645751953125,-0.9542939442336559,-0.7896545861750841,0.5018717000612989
1789031878612648700,14.848648681640626,-0.0486333902657032,0.21496610823869705,0.8649514538954943
1789031878622652700,14.858652587890624,1.0922773505568504,0.2938017445445061,1.4210356960617005
1789031878632655600,14.868655517578125,1.431181096370518,-0.5814870520353317,1.1381970979496836
1789031878642658800,14.878658935546875,0.6037997138693928,-1.1885960365831851,0.009728649901202879
1789031878652661500,14.88866162109375,-0.44032033950090405,-0.556679943037033,-0.5010233030710369
1789031878662664700,14.898664794921874,-0.6759943047255277,0.7602420292079448,-0.29585285012172535
1789031878672668700,14.908668701171875,-0.01568272230029106,1.5225924288719892,0.4114892356835305
1789031878682671600,14.918671630859375,0.7648457236111164,1.3459844006001949,0.8030857301563024
1789031878692674600,14.928674560546876,0.8889356291383504,0.7999579535245895,0.736184861794114
1789031878702677800,14.938677734375,0.4393430189013481,0.6093810211330651,0.6918925694726407
1789031878712681700,14.948681640625,0.04697276357710361,0.7853332158446311,0.695502576663345
1789031878722684700,14.9586845703125,0.1015109939724207,0.8925906445145606,0.6228090963743627
1789031878732687600,14.9686875,0.33538404725492,0.6935685398608445,0.6677412209693342
1789031878742690600,14.978690673828124,0.48482875879108905,0.12321779886782169,0.6241054928604512
1789031878752693800,14.98869384765625,0.37322161047905683,-0.06450432861447333,0.24406008250964803
1789031878762697700,14.99869775390625,0.490800526677072,0.2958791353404522,0.15329367858190088
1789031878772700700,15.00870068359375,0.7878709176287054,0.5375345130622387,0.3519095039896667
1789031878782703600,15.01870361328125,1.1240183504715562,0.17111527607440946,0.301081453223899
1789031878792706800,15.028706787109375,0.9853028304815292,-0.11277589983046055,0.07698922298783437
1789031878802710800,15.038710693359375,0.47680005837529893,0.3259206378608942,0.16425435906266792
1789031878812713700,15.048713623046876,0.5176800580352544,0.7438467747241259,0.37093050386719406
1789031878822716700,15.058716552734374,1.280296415159106,0.09092471802830696,0.39404187833089377
1789031878832719600,15.0687197265625,1.522747327172756,-0.7871884883224963,0.19776602191170675
1789031878842722600,15.07872265625,0.8997568828821182,-1.0746610298454762,0.08497709820289165
1789031878852726800,15.088726806640626,-0.5142611895024776,-0.24280747036635875,0.08096081176623701
1789031878862729500,15.0987294921875,-1.3193018531188367,0.782757812398672,0.41576311361044643
1789031878872732700,15.108732666015625,-0.6089326928436756,0.9592617957741022,0.7027826506689191
1789031878882735600,15.118735595703125,0.6584066255867481,0.35412557260394095,0.6031276598267257
1789031878892738600,15.128738525390625,1.145343170312047,-0.021017653587460515,0.2873683870287612
1789031878902742500,15.138742431640624,1.0520224970579146,0.10076163690984248,0.17218389168661086
1789031878912745700,15.148745849609375,0.5919090773284434,0.3518120349645614,0.19335458041131495
1789031878922748700,15.158748779296875,0.066015609960258,0.430702616328001,0.11959124240111559
1789031878932751600,15.168751708984376,-0.009047522069513798,0.26736031234264374,0.058268393366970116
1789031878942755600,15.178755615234374,0.38593993001580235,-0.3634165480405092,-0.16163908026404677
1789031878952758500,15.188758544921875,0.6527522530868649,-1.0685463463574647,-0.4828788302997127
1789031878962761700,15.19876171875,0.4894084877967834,-1.091584107595682,-0.5786848906287924
1789031878972764700,15.2087646484375,0.22838848439157008,-0.5181681338131428,-0.2665985707225278
1789031878982767600,15.218767578125,0.26393764441758394,-0.015092939713597297,0.29407033235281704
1789031878992771600,15.228771484375,0.5721124899685383,0.1565834773749113,0.6056271119596436
1789031879002774800,15.23877490234375,0.837482797537744,0.08496259475350379,0.7331275200501084
1789031879012777500,15.248777587890626,0.6628826019570231,0.12471125229597091,0.6754408355612307
1789031879022780700,15.25878076171875,0.39808191096931694,0.2126245135486126,0.6284910144682974
1789031879032784000,15.268783935546875,0.2264288747563958,0.15968027434647084,0.6340589507937431
1789031879042787600,15.27878759765625,-0.02692921571880579,-0.009369301369786262,0.5875630840133875
1789031879052790500,15.28879052734375,-0.35413375591039653,-0.11321429124772547,0.5874790589917451
1789031879062793700,15.298793701171874,-0.5555041772559285,-0.2124152547121048,0.5968649096375331
1789031879072796700,15.308796630859375,-0.5354466008722781,-0.4674135136097669,0.5722611777242272
1789031879082800600,15.318800537109375,-0.2640603940144181,-0.7386959678322076,0.48596813808456063
1789031879092803800,15.328803955078126,-0.049615679301321505,-0.7038461882472038,0.4661921551212668
1789031879102806500,15.338806640625,-0.09886953955292702,-0.3270779912024736,0.7598574868697673
1789031879112809700,15.348809814453125,-0.08995908786654472,0.15875848332643508,1.167047929380834
1789031879122812700,15.358812744140625,0.021933599388599394,0.5302636452764272,1.3667442800343035
1789031879132816600,15.368816650390626,0.11820289331525563,0.6472434265375137,1.3560862540282308
1789031879142819600,15.378819580078124,0.12718377988934515,0.4514122268795967,1.016933282693848
1789031879152822800,15.38882275390625,0.12833061183691025,0.05757306804656982,0.6244418121427298
1789031879162825500,15.398825439453125,-0.005483107586205006,-0.2995160305380821,0.35835053335521366
1789031879172828700,15.40882861328125,-0.2557540457010269,-0.5121013811200857,0.19036325310822574
1789031879182832600,15.41883251953125,-0.5402200988844037,-0.6052379299789666,0.07772343728020786
1789031879192835600,15.428835693359375,-0.5502598468616604,-0.8252847024828195,0.010877221714705228
1789031879202838800,15.4388388671875,-0.49899113965630526,-1.0312135177850723,-0.1197242576636374
1789031879212841700,15.448841796875,-0.5997045535102487,-0.8972399316251277,-0.07151771450787782
1789031879222845400,15.458845458984374,-0.8155448142349719,-0.3785632637679577,0.02267250812239945
1789031879232848600,15.4688486328125,-0.8831491546913981,0.027168577432632443,0.2786099475663155
1789031879242851800,15.478851806640625,-0.7628254698298871,-0.04757248303592205,0.13893951973794028
1789031879252854500,15.4888544921875,-0.5090633285984396,-0.41705286116003987,-0.0950058863947168
1789031879262857700,15.498857666015626,-0.36657471981048584,-0.6678834789842367,-0.12072417368749155
1789031879272861700,15.50886181640625,-0.573953733921051,-0.4356424108177423,0.05585934119755402
1789031879282864600,15.51886474609375,-0.9945280472055077,0.17664076149761676,0.39558074180334807
1789031879292867600,15.52886767578125,-1.20864966744408,0.7049065109550953,0.9350636124543845
1789031879302870800,15.538870849609374,-0.9091504419103265,0.7638900303214788,1.187003141368553
1789031879312873700,15.548873779296875,-0.32512422678619624,0.528591328150034,1.07252752494812
1789031879322877700,15.558877685546875,-0.04461655583977699,0.311780468827486,0.9823607856802642
1789031879332880600,15.568880615234375,-0.05113982012867927,0.2946919713824987,1.0958144386418163
1789031879342883600,15.578883544921876,-0.09748188458681106,0.4612801254212856,1.1922441107619552
1789031879352886800,15.58888671875,0.07866291008740663,0.5272030886620283,0.8864146592933684
1789031879362890800,15.598890869140625,0.380410937461257,0.419559291023016,0.687055212444067
1789031879372893700,15.608893798828126,0.6284934256210922,0.26771687069535255,0.6266795811321586
1789031879382896600,15.618896728515624,0.7138765838742256,0.12007774727642535,0.48383171057775615
1789031879392899800,15.62889990234375,0.7734396566942334,0.018061141869425774,0.4809195859907195
1789031879402902500,15.638902587890625,0.6904618060171603,-0.10543488941788673,0.30249303705487396
1789031879412906800,15.64890673828125,0.5158332611247897,-0.26303251227140423,0.14059152472866698
1789031879422909700,15.65890966796875,0.37633871958628295,-0.37955285932719707,-0.05949267446491867
1789031879432912600,15.66891259765625,0.1802373246848583,-0.43055064063668247,-0.2928602989759296
1789031879442915600,15.67891552734375,0.04828633039370179,-0.38387481417953967,-0.32752975355796515
1789031879452918800,15.688918701171875,0.15068828185647726,-0.15283143136501312,0.018485048103611915
1789031879462922500,15.698922607421874,0.2736803091444075,0.14053425984978676,0.3017477716455236
1789031879472925700,15.70892578125,0.30197584478035566,0.11665478709042072,0.2335146317662671
1789031879482928600,15.7189287109375,0.16137480330467224,-0.044969022539258004,-0.16407412539124488
1789031879492931300,15.728931396484375,-0.09508066866397857,-0.15634966861903665,-0.47104993388336147
1789031879502935300,15.738935302734374,-0.22042904981970785,-0.24586101271808147,-0.36627201053686437
1789031879512938200,15.748938232421875,-0.18104981011152266,-0.3671083882957697,-0.27921525651570406
1789031879522941400,15.75894140625,-0.008557254334539174,-0.5456821636825799,-0.15179861771855502
1789031879532944100,15.768944091796875,0.09785597859621048,-0.4599591059505939,-0.07441281489487737
1789031879542947300,15.778947265625,0.0083785367667675,-0.141264912211895,0.018186667945235966
1789031879552951300,15.788951416015625,-0.17155717462301254,0.22609365145266055,0.2262412432298064
1789031879562954200,15.798954345703125,-0.3341290787577629,0.32837913692891596,0.22527963165603576
1789031879572957200,15.808957275390625,-0.4179623772203922,0.072740826562047,0.12352817999124527
1789031879582960400,15.81896044921875,-0.4491042421981692,-0.3612245909541845,0.10235310735236852
1789031879592963300,15.82896337890625,-0.39377223107665776,-0.7042161906033754,0.1516385683186352
1789031879602967300,15.83896728515625,-0.37617023115158077,-0.7351572723120451,0.062484842018224296
1789031879612970200,15.84897021484375,-0.40921003870517014,-0.38899113427996634,0.0418028501259163
1789031879622973200,15.85897314453125,-0.4637491458833217,0.15731822139024734,0.1289723438065499
1789031879632976400,15.868976318359374,-0.45565819388628004,0.5859335100501776,0.17937146510314195
1789031879642980400,15.87898046875,-0.4036193790912628,0.7695832735270262,0.27320410646740345
1789031879652983300,15.8889833984375,-0.3081432813689112,0.6676449940532445,0.3161187172275036
1789031879662986200,15.898986328125,-0.23018588920235633,0.4167284515112638,0.2178417002076283
1789031879672989400,15.908989501953124,-0.21332360172867773,0.15743395672440527,0.0058337476547807455
1789031879682992000,15.9189921875,-0.15549553600773214,-0.13382862473130225,-0.2073703193474561
1789031879692996400,15.928996337890625,-0.12459303274378179,-0.15408815342783927,-0.2741604208115488
1789031879702999300,15.938999267578126,-0.12309987157657742,0.06425590681135654,-0.29189119821544735
1789031879713002200,15.949002197265624,-0.233179810321331,0.16829671152234077,-0.3599917246909812
1789031879723005200,15.959005126953125,-0.22631430846601724,-0.0649719461262226,-0.19809914458990097
1789031879733008400,15.96900830078125,-0.28736411271244283,-0.3332745077550411,-0.212433356624376
1789031879743012000,15.97901220703125,-0.2703507263302803,-0.5913526124894619,-0.10782772110486402
1789031879753015300,15.989015380859374,-0.07438859376907349,-0.863790666487813,0.1616276090219617
1789031879763018500,15.9990185546875,0.13074322593659163,-1.1536042181789874,0.23823709371089935
1789031879773021200,16.009021240234375,-0.015683891344070434,-1.2415180639535188,0.25013090858962383
1789031879783024400,16.0190244140625,-0.47364247112721203,-0.8325193299114704,0.34022885693758725
1789031879793028400,16.0290283203125,-0.8293766479715704,-0.2236737308293581,0.35550756501425057
1789031879803031300,16.03903125,-0.5093935834661126,-0.20368015959262847,0.44056276995465155
1789031879813034200,16.0490341796875,0.1960369513630867,-0.883630508467555,0.6066091817995533
1789031879823037400,16.059037353515624,0.1086716793820262,-1.3226666533768177,0.5513585653511807
1789031879833041200,16.069041259765626,-0.421008320787549,-0.8982412176221608,0.4095993302837014
1789031879843044400,16.07904443359375,-0.8147533715963363,0.09839432325661182,0.2949631895393133
1789031879853047300,16.08904736328125,-0.6171206754744053,0.9670295071661472,0.6992626598492264
1789031879863050200,16.09905029296875,0.2719163682118058,1.3158926291972397,1.0794543285366147
1789031879873053400,16.109053466796876,1.2908347603082657,0.6811082867383956,1.4501638831295072
1789031879883057400,16.119057373046875,1.4211641447469592,-0.24134207398891447,1.2090008920345454
1789031879893060000,16.12906005859375,0.795387869130075,-0.5488648853719235,0.631468276713416
1789031879903063300,16.139063232421876,-0.06127922908812761,0.22100421935915945,0.400929007496126
1789031879913066500,16.14906640625,-0.10323094963282346,1.3063555700451135,0.9064799075268208
1789031879923069200,16.159069091796876,1.0221075435265898,1.2363707641929387,1.7175338400833309
1789031879933073400,16.169073486328124,1.681808300577104,0.05211772525012493,1.3586718866072593
1789031879943076400,16.179076416015626,1.013726084150374,-0.923493147778511,0.38778153929449616
1789031879953079300,16.189079345703124,-0.034654257012903686,-0.9192945270448922,-0.2975670518947765
1789031879963082200,16.199082275390627,-0.6832251327618957,0.0033610008656978605,-0.31942659966647624
1789031879973085200,16.209085205078125,-0.5241846176236867,0.8777981490522623,0.10740023467410355
1789031879983089200,16.219089111328124,0.16698066048771143,0.48770811361968514,0.40007103895992036
1789031879993092400,16.22909228515625,0.5954442657172679,-0.6627905397593975,-0.006208426186069846
1789031880003095300,16.23909521484375,0.09175386232882737,-0.7735475009828805,-0.5658563521832227
1789031880013098200,16.24909814453125,-0.7012424354895949,0.4179775747895241,-0.27599393811533224
1789031880023102200,16.259102294921874,-0.6948816682860255,1.4964105243891477,0.2717011728248559
1789031880033105400,16.26910546875,0.22151567601263522,1.2519716534286738,0.41178814556486903
1789031880043108400,16.2791083984375,0.7575383232071995,0.23046879779696464,0.2540102707736194
1789031880053111300,16.289111328125,0.6875818666666745,-0.6404606345295906,0.09142554368991404
1789031880063114200,16.2991142578125,0.3807899999067187,-0.7395458626598119,-0.030167028596252202
1789031880073118200,16.3091181640625,0.17748919502049684,-0.03758768011629581,0.12507274255212394
1789031880083121400,16.319121337890625,0.4227215544462204,0.7928963445752859,0.3910751009471714
1789031880093124400,16.329124267578123,1.0867895667955279,1.0430319658726452,0.4422964984120801
1789031880103127300,16.339127197265626,1.4456851302802562,0.7046627653270959,0.5405252193108201
1789031880113130200,16.349130126953124,1.3623162344589828,0.015766308930516244,0.5371703559249639
1789031880123134500,16.359134521484375,1.1700982568621634,-0.5539128164112568,0.2562303579758853
1789031880133137200,16.36913720703125,0.9905191038250922,-0.6880132438212633,0.15115414580255745
1789031880143140400,16.379140380859376,0.825024590241909,-0.26607202609777447,0.19360146784447133
1789031880153143000,16.38914306640625,0.8349471415802836,0.11401391719281673,0.2934307558076456
1789031880163146200,16.399146240234376,0.8858747802630066,0.036161446705460544,0.3012208982272073
1789031880173150200,16.409150146484375,0.7046762093305587,-0.11331482901275157,0.24178342454824595
1789031880183153400,16.4191533203125,0.3052434682741761,-0.19004267938435077,0.17978070349115877
1789031880193156400,16.42915625,0.0017778233274817466,-0.4136626341998577,0.011613719295710324
1789031880203159300,16.4391591796875,-0.1775645983442664,-0.2912456303209066,-0.17610610663164405
1789031880213162200,16.449162353515625,-0.17786270450800656,0.08108136940598487,-0.26610011968109754
1789031880223166200,16.459166259765624,-0.02249415588080883,0.47818332942724223,0.044287396950647234
1789031880233169400,16.46916943359375,0.008014964151382446,0.7680968343615532,0.2455101534537971
1789031880243172000,16.479172119140625,-0.00849924053698778,0.7905524117976427,0.5411559184297919
1789031880253175300,16.48917529296875,-0.02094604965597391,0.48193888256847855,0.5147140113038942
1789031880263179300,16.49917919921875,0.08401596155315637,-0.025156068566441533,0.37501623881086704
1789031880273182500,16.509182373046876,0.22393822698444127,-0.37120179508924483,0.20305435584448278
1789031880283185200,16.51918505859375,0.2591685303196311,-0.705132720926404,0.0007600611196830868
1789031880293188400,16.529188232421873,0.11000146668106317,-0.8377630757838487,0.18018336600791662
1789031880303191300,16.53919140625,-0.09625994157642126,-0.6728741268783808,0.5553385018328204
1789031880313195300,16.5491953125,-0.13993687847852707,-0.47722880518138405,0.7508936244957148
1789031880323198200,16.5591982421875,-0.02792114936560392,-0.36292087347805496,0.8258725853733718
1789031880333201200,16.569201171875,0.04035466061159968,-0.2816127095788717,0.9772034029170871
1789031880343204400,16.579204345703126,-0.018378537255525587,-0.09577624971270561,1.1857706769641487
1789031880353207300,16.589207275390624,-0.4371463856399059,0.05157762702405452,1.0995451496027409
1789031880363211500,16.59921142578125,-0.8006327840462326,0.09428864150345324,0.6960541461315005
1789031880373214200,16.609214111328125,-0.8681153978191316,0.08910743947327136,0.3557371725190431
1789031880383217400,16.619217529296876,-0.7539934902071952,0.03691138828992843,-0.010692622395418584
1789031880393220000,16.62922021484375,-0.4520800431385636,-0.043424715706706044,-0.1251303544908762
1789031880403223300,16.639223388671876,-0.18417320282906294,-0.09229892899096012,-0.0474492950476706
1789031880413227300,16.649227294921875,0.03453106902465224,-0.0899205094218254,0.10214337359182536
1789031880423230200,16.659230224609374,0.12091551327481866,0.062220017069578165,0.19913679880825802
1789031880433233200,16.669233154296876,0.021627456048876045,0.24556115298867223,0.35423096920717506
1789031880443236400,16.679236328125,-0.2216986313641071,0.3580523906588554,0.5658473651591688
1789031880453239300,16.6892392578125,-0.445639488697052,0.33347733685076236,0.5282392633093521
1789031880463243300,16.6992431640625,-0.6138366853676736,0.21892916665077208,0.31501751451995225
1789031880473246200,16.70924609375,-0.7335049750603735,-0.016820201897621154,0.025220776966260745
1789031880483249200,16.719249267578125,-0.8000995539523661,-0.2840788074314594,-0.07546483556530438
1789031880493252400,16.72925244140625,-0.9023406157650053,-0.44649756683111186,0.1395926772838924
1789031880503256300,16.73925634765625,-0.9425647818647325,-0.4797159458220005,0.21233944952953607
1789031880513259300,16.74925927734375,-0.9465981290340423,-0.3778261816650629,0.193832865447551
1789031880523262200,16.75926220703125,-0.9581342530488968,-0.12095219202339648,0.17766235963031649
1789031880533265400,16.769265380859373,-1.104946131863445,0.1818015052616596,0.3243464838793501
1789031880543268000,16.77926806640625,-1.1565618989408015,0.39951778899133206,0.5308743245206773
1789031880553272300,16.789272216796874,-0.8886382536269724,0.43967970350980756,0.7130399869196117
1789031880563275300,16.799275146484376,-0.4044482311308384,0.41317222033441064,0.7545813000325113
1789031880573278200,16.8092783203125,0.015437223106622695,0.383131886857748,0.750324957762286
1789031880583281200,16.81928125,0.2277634843610227,0.4149538430541754,0.6434548479095101
1789031880593284400,16.829284423828124,0.10982464880943298,0.35365444796085355,0.6157448570765555
1789031880603288000,16.8392880859375,0.08787336763367057,0.19482816009521484,0.7255420333571732
1789031880613291300,16.849291259765625,0.3326781492970884,0.09309738589227198,0.9023172348894178
1789031880623294500,16.85929443359375,0.602011807539314,0.07253682842254638,0.7103793894082308
1789031880633297200,16.869297119140626,0.6480019898198545,-0.03698445352613926,0.3492651634933427
1789031880643300400,16.87930029296875,0.6013057050965726,-0.2112292597979307,0.22002930991239844
1789031880653304300,16.88930419921875,0.5302547313176095,-0.344451735329628,0.2669682260188274
1789031880663307300,16.899307373046874,0.4967290399432182,-0.2737584889471531,0.22790654609352348
1789031880673310200,16.909310302734376,0.4202164397574961,0.05353752892017364,0.12118691409472375
1789031880683313400,16.9193134765625,0.1625708812214434,0.36002573655843734,0.0710226975325495
1789031880693316000,16.929316162109377,-0.10025602547526359,0.2940571806102991,0.06528159659728408
1789031880703320300,16.9393203125,-0.1542611719071865,-0.21942776382267473,0.04764189501032233
1789031880713323300,16.9493232421875,-0.08357362461313605,-0.9022931233614683,-0.03211282890178263
1789031880723326200,16.959326171875,0.06674889267086982,-1.250479369044304,-0.16094543544407933
1789031880733329400,16.969329345703127,0.09089885293468833,-0.9990735816806554,-0.10713898992203176
1789031880743332400,16.979332275390625,-0.031212153735011815,-0.325758725297451,0.045774018779210744
1789031880753336000,16.989336181640624,-0.23062764162048696,0.4386228879332542,0.11914382742717862
1789031880763339300,16.99933935546875,-0.47849663316011426,0.9730804777681827,0.2924172313835472
1789031880773342500,17.009342529296877,-0.2785105057798326,0.8770406086832284,0.4131236684849485
1789031880783345200,17.01934521484375,0.3528267649650573,0.03348082931935787,0.1635241998909041
1789031880793349400,17.029349365234374,0.8745778718315065,-1.0729793603688478,-0.24652656395472586
1789031880803352300,17.039352294921876,0.7485306947566568,-1.5312638111054897,-0.7297318131972104
1789031880813355300,17.049355224609375,0.15680179630070923,-0.917801073616743,-0.758904350863397
1789031880823358200,17.059358154296874,-0.3697344990156591,0.05137947410345077,-0.3292380918458104
1789031880833361400,17.069361328125,-0.5797846320316196,0.47496495190262794,0.14652012932635844
1789031880843365000,17.079365234375,-0.3880069455482065,0.13824761021733284,0.46057899141460656
1789031880853368300,17.089368408203125,-0.19686229627132415,-0.44585576179623604,0.5066426042575389
1789031880863371300,17.099371337890624,-0.38521746096014975,-0.5063578690320253,0.4323391680212691
1789031880873374200,17.109374267578126,-0.7733632304571568,0.10412789847254753,0.2871935053858906
1789031880883377400,17.11937744140625,-1.0884254974342882,0.8232634257882833,0.12132168292291462
1789031880893381400,17.12938134765625,-1.0106862780630588,1.100543659120798,-0.02242003119867295
1789031880903384300,17.13938427734375,-0.7258617668308317,0.7918027041196822,-0.0874719106933102
1789031880913387300,17.14938720703125,-0.48179231370463965,0.1107692361831665,-0.02782263916088268
1789031880923390500,17.159390380859374,-0.32533436240553854,-0.6592237871885299,-0.11183925830116495
1789031880933393200,17.16939306640625,-0.24604031480774283,-1.2106003631204365,-0.4136878417063504
1789031880943397400,17.1793974609375,-0.26260113511681554,-1.3137842587411404,-0.46374571181721985
1789031880953400300,17.189400390625,-0.4003276440694928,-0.9140186324685812,-0.3821171568572521
1789031880963403300,17.1994033203125,-0.6350152286052704,-0.3185311121314764,0.003990731870289891
1789031880973406200,17.20940625,-0.5894260283410548,0.0034837504625320433,0.38568533420022577
1789031880983409200,17.2194091796875,-0.276506764741987,-0.005786182186007499,0.6345240840874612
1789031880993413000,17.2294130859375,0.085633625882864,-0.13420271874070167,0.9177242820534854
1789031881003416300,17.239416259765626,0.09903437472581862,-0.11107318756580352,0.8281166379731147
1789031881013419300,17.249419189453125,-0.06515767795667052,-0.054444122371077534,0.5664317043857648
1789031881023422200,17.259422119140623,-0.15901874169781804,-0.1714198119789362,0.14115053771776145
1789031881033425400,17.26942529296875,-0.09946107570528984,-0.5692185220927,-0.11078600465487688
1789031881043429400,17.279429443359376,-0.07118029924705624,-0.7286427758514881,-0.46903932471331206
1789031881053432300,17.289432373046875,-0.01729571045488119,-0.41728842348158357,-0.44102870696596796
1789031881063435300,17.299435302734373,0.1358481478601694,0.2171598188906908,-0.3487868419244885
1789031881073438200,17.309438232421876,0.49451311745941634,0.6864221752375363,0.1018780828522984
1789031881083441200,17.319441162109374,0.8142077204123139,0.7419681213706731,0.4707115322418511
1789031881093445400,17.3294453125,0.9198448544040322,0.26488603118360043,0.6962988416075706
1789031881103448300,17.3394482421875,0.5954530335456133,-0.2840209397643804,0.6243585908386856
1789031881113451300,17.349451171875,0.1425558288052678,-0.42523558309376236,0.36831652197651565
1789031881123454200,17.3594541015625,-0.02824409770965576,-0.2672083366513252,0.40433198434002693
1789031881133457200,17.36945703125,0.2046902134180069,0.05688508578240871,0.6658754270974546
1789031881143461000,17.379461181640625,0.5885501222893595,0.21716274150013923,0.7560567063473165
1789031881153464300,17.38946435546875,0.7224506432130933,-0.0771370156943798,0.9282559782661497
1789031881163467300,17.39946728515625,0.45761049699783324,-0.4786375029355287,0.8972650660663842
1789031881173470200,17.40947021484375,-0.04429974497556686,-0.4747825810730457,0.588771071563661
1789031881183473400,17.419473388671875,-0.35449703626483675,-0.16144962210655212,0.5278821569673716
1789031881193477400,17.429477294921874,0.026832769607007503,-0.14626958863139153,0.7725004761479795
1789031881203480300,17.439480224609376,0.3900172624573111,-0.28659575868844983,0.8715656113382428
1789031881213483300,17.449483154296875,0.26635522695332764,-0.04648702588677406,0.7259043638635426
1789031881223486200,17.459486328125,-0.18667524877786634,0.7527800227642059,0.6847289614535867
1789031881233489200,17.4694892578125,-0.19765549247562883,1.1315806024193764,0.9408101932823657
1789031881243493400,17.479493408203126,0.5201207291856408,0.35846506311297416,0.7475412453278899
1789031881253496000,17.48949609375,0.831113847027719,-0.4265858286589384,0.32623923882339145
1789031881263499300,17.499499267578123,0.2595452546775341,-0.23131167836189268,0.12033114664875902
1789031881273502500,17.50950244140625,-0.2813385688126087,0.5305968227535486,0.17383668212862685
1789031881283505200,17.519505126953124,-0.025749066023528576,0.8748194255024194,0.3130990406127646
1789031881293509000,17.529509033203126,0.8489712830185889,0.5539543174654245,0.22790771513730287
1789031881303512300,17.53951220703125,0.9090177554413675,0.16673428451120853,-0.0005502542939037085
1789031881313515300,17.549515380859376,0.5784951767429709,-0.019295652100443837,0.04076510457601398
1789031881323518200,17.559518310546874,0.007862111677229404,0.330279417592287,0.18626403762847185
1789031881333521400,17.569521484375,-0.00017331074029207228,0.7885100923150777,0.29467607969362286
1789031881343525000,17.579525146484375,0.41468408620208497,0.8759481372714042,0.38814182397425173
1789031881353528300,17.5895283203125,0.6283794438526034,0.6677256580740213,0.48178745486643165
1789031881363531300,17.59953125,0.7362427294611931,0.28190380147993566,0.36126002759374676
1789031881373534200,17.6095341796875,0.6938835971593856,-0.03328267639875412,0.23776454429570584
1789031881383537400,17.619537353515625,0.5668962166249751,0.02420388240814209,0.3478577809134498
1789031881393541400,17.629541259765624,0.30606618283390996,0.15304185924530028,0.5214284873159601
1789031881403544000,17.6395439453125,0.4223050825998187,-0.17465455611646175,0.6335421603780239
1789031881413547300,17.64954736328125,0.6370061101615428,-0.6707499743312597,0.5388954992171376
1789031881423550500,17.659550537109375,0.436821683730185,-0.7021341236323118,0.2822770552391186
1789031881433554200,17.66955419921875,-0.10147153874486685,-0.3801210146039724,0.2710893793357536
1789031881443557400,17.679557373046876,-0.29130583607554433,-0.3346352747142315,0.666290729900077
1789031881453560300,17.689560302734375,0.35279987695813175,-0.9071417324364185,0.7935938253201544
1789031881463563300,17.699563232421873,0.8406064825162292,-1.1995640053212642,0.19311573015414177
1789031881473566200,17.709566162109375,0.4109022295758128,-0.17073767493367195,-0.2399035656183958
1789031881483569400,17.7195693359375,-0.2291232284069061,1.3247498893916607,0.03216170954480767
1789031881493574100,17.72957421875,-0.47053310693502426,1.7796254084676504,0.7302146282780915
1789031881503577000,17.7395771484375,-0.216157948371768,0.9866904854476451,1.3340193836487828
1789031881513580000,17.749580078125,0.31440701793879267,-0.2386526887744665,1.1902002569094299
1789031881523583200,17.759583251953124,0.3816907481387257,-0.9857336231142282,0.28852522891368715
1789031881533587000,17.7695869140625,-0.014941548544168471,-1.074715390381217,-0.49138139530494807
1789031881543590100,17.779590087890625,-0.3973085885092616,-0.7362970899969339,-0.37521585303619504
1789031881553593000,17.789593017578124,-0.3588941021800041,-0.3503063065767288,0.44985980980582535
1789031881563596000,17.799595947265626,-0.1892807551011443,0.023484335961937903,0.7317052321620285
1789031881573599000,17.809598876953125,0.007368482941389084,0.40716742696166036,0.7436945067718624
1789031881583603200,17.819603271484375,0.14779168363213538,0.6727759272009134,0.6879893514890223
1789031881593606000,17.82960595703125,0.31254619250297544,0.5577408502668142,0.8987074468944222
1789031881603609000,17.839609130859376,0.3846306009829044,0.2108931597113609,0.973293389866501
1789031881613612300,17.8496123046875,0.32170448147058484,-0.06639233431816101,0.9776298116356134
1789031881623615000,17.859614990234373,0.20145050084441898,-0.15559972703456879,0.7482432561174035
1789031881633619000,17.869618896484376,0.12359686131328343,-0.1884860975921154,0.697101609357819
1789031881643622100,17.8796220703125,0.08549684776067733,-0.273863118365407,0.8700821678474545
1789031881653625000,17.889625,-0.04036269778758287,-0.43762803167700765,1.1310085746850818
1789031881663628000,17.8996279296875,-0.16932693135291338,-0.623950813755393,1.4374243746742605
1789031881673631000,17.909630859375,-0.17136808179169893,-0.6290232947140931,1.7085887554749846
1789031881683635000,17.919635009765624,-0.2704839973211288,-0.4774976852506399,1.4657432911857962
1789031881693638100,17.92963818359375,-0.4270272888161242,-0.39258594390153884,1.0111177282828836
1789031881703641000,17.93964111328125,-0.47089434146285053,-0.4663420849859714,0.707991982815042
1789031881713644000,17.94964404296875,-0.34675723579302425,-0.5780711061120033,0.7306713590696453
1789031881723647200,17.959647216796874,-0.23557415811195967,-0.5847440080046653,0.6602165976181626
1789031881733651200,17.969651123046877,-0.23617709244117138,-0.42813481166660783,0.34587073528207835
1789031881743654000,17.97965380859375,-0.4700082062780857,-0.05607786105275154,0.44168125259056684
1789031881753657000,17.989656982421874,-0.6692809246920048,0.3278115661740303,0.49182680098488923
1789031881763660000,17.999659912109376,-0.6502535681389272,0.424902405616641,-0.09478802412664518
1789031881773663000,18.0096630859375,-0.4058323789656162,0.12610884413421153,-0.6262472541294991
1789031881783667200,18.019667236328125,-0.2761852777026593,-0.04571896412372589,-0.5791013990078121
1789031881793670100,18.029670166015624,-0.38764103484526274,0.26387773092389105,-0.10806803266676142
1789031881803673000,18.039673095703126,-0.46255569831505416,0.7997346661627293,0.21752076115757227
1789031881813676000,18.049676025390625,-0.26572262813821435,0.8671189341276884,0.23735278515703975
1789031881823679000,18.059678955078127,0.15115385354161262,0.5044377146244049,0.23583750348957255
1789031881833683000,18.069682861328126,0.36779417860284447,0.2936263879776001,0.34675044072605665
1789031881843686100,18.07968603515625,0.15860416954755782,0.49572892298996446,0.41335941346958277
1789031881853688800,18.089688720703126,-0.2192575218223035,0.6799778214037417,0.4342686382465064
1789031881863692000,18.099692138671877,-0.16914529117569327,0.6762398039191961,0.6318257849141955
1789031881873695200,18.1096953125,0.0782711342908442,0.5524328069865704,0.7952797325804829
1789031881883699200,18.11969921875,0.30528643063306804,0.33817864640951156,0.897271203546226
1789031881893702100,18.1297021484375,0.5132417833268642,0.16784546062350272,0.9061459993973374
1789031881903705000,18.139705078125,0.6004908815823495,0.14088672654926776,0.7197158844869583
1789031881913708000,18.1497080078125,0.4792565116167068,0.22448387816846369,0.7168826338224112
1789031881923711000,18.1597109375,0.4488609349615872,0.2419599136263132,0.7459870746884495
1789031881933715200,18.169715087890626,0.47715091763958334,0.08122691535651683,0.5321367091393098
1789031881943718000,18.1797177734375,0.43981881971955294,-0.2513549339592457,0.18597060763984918
1789031881953721000,18.18972119140625,0.3865187528170645,-0.5174754753738642,0.10884681675322354
1789031881963724000,18.19972412109375,0.31853301182761784,-0.4853326166599989,0.2192641707587987
1789031881973727000,18.20972705078125,0.29532866185083984,-0.2488525957494974,0.3055248972977511
1789031881983731000,18.21973095703125,0.30820217194929717,-0.07062427279949188,0.2750763300800696
1789031881993734100,18.229734130859374,0.23862536237612364,-0.11187398255467414,0.162470927978307
1789031882003737000,18.239737060546876,0.12764087600708007,-0.24559505525827408,0.047476758443331345
1789031882013740000,18.249739990234374,-0.10786401626095175,-0.3300169672638178,-0.13050729828886687
1789031882023743200,18.2597431640625,-0.36600641840323805,-0.35058746160566806,-0.12126783384382724
1789031882033747000,18.269746826171875,-0.5395310937069356,-0.4665864151358604,0.024587050206563436
1789031882043750100,18.279750244140626,-0.5052770880579948,-0.8893442099392413,0.17531944976598024
1789031882053753000,18.289753173828124,-0.4479189779363572,-1.4781687652558086,0.294113294711709
1789031882063756000,18.299756103515627,-0.5668297272600233,-1.9122645311534403,0.19640596733856944
1789031882073759000,18.309759033203125,-0.7419231131851672,-1.797878858038783,0.12334738006424158
1789031882083763200,18.31976318359375,-0.8535225165821612,-1.1313707590609787,0.14841514929272234
1789031882093766000,18.329765869140626,-0.8967910188138485,-0.19739070405960082,0.16368755549276245
1789031882103769000,18.33976904296875,-0.7604420818246901,0.588832738623023,0.32252858426980674
1789031882113772000,18.34977197265625,-0.5043151111580431,0.8417197044551372,0.39140067963972686
1789031882123775000,18.35977490234375,-0.2988580050207674,0.5404512772917747,0.2534060212701559
1789031882133779000,18.369779052734376,-0.2780035791710019,0.21277765828371048,-0.06724682312249206
1789031882143782100,18.3797822265625,-0.3055217006936669,0.23038521116673946,-0.514811334198527
1789031882153785000,18.38978515625,-0.19905454561859368,0.4320131144046783,-0.7672036118488759
1789031882163788000,18.3997880859375,-0.017571897047758103,0.38692660296559334,-0.6621148324549198
1789031882173791200,18.409791259765626,0.08539718677848578,0.0878203222721815,-0.7825561523467301
1789031882183795000,18.419794921875,-0.014257657933235168,-0.185217451184988,-0.7401308229409158
1789031882193798100,18.429798095703124,-0.3536138236895203,0.026614450681209562,-0.6992883057471364
1789031882203801000,18.439801025390626,-0.5681883022621274,0.5893687451958656,-0.8350856002029031
1789031882213804000,18.449803955078124,-0.26531653155535456,0.8359253389626741,-0.34555523959212003
1789031882223807000,18.459806884765626,0.12145225050002335,0.7082377012044191,-0.023147989280195905
1789031882233811200,18.469811279296874,0.14698781990334392,0.24959318498373032,0.09378449137359857
1789031882243814000,18.47981396484375,-0.0673164634257555,-0.12170271812975406,0.25611515236468985
1789031882253817000,18.489817138671874,-0.35378187373280523,-0.22510931659042835,0.2066145508104004
1789031882263820300,18.4998203125,-0.39678251880854365,-0.19562895508408545,0.09786010678205638
1789031882273823000,18.509822998046875,0.015677169342339037,-0.6349433324128388,0.31752226388249544
1789031882283826200,18.519826171875,0.36129765619039533,-1.7373633067995309,0.25797928400244563
1789031882293830100,18.529830078125,0.2709510303109884,-2.662866625356674,0.26770766447558997
1789031882303833000,18.5398330078125,-0.30183804374486206,-2.164254255884886,-0.07878205208820291
1789031882313836000,18.5498359375,-0.8190516533121466,-0.33075404936671254,-0.2770555029322393
1789031882323839200,18.559839111328124,-0.38134471118003127,0.9201555277884006,0.4234716421611607
1789031882333842000,18.569842041015626,0.1915463619455695,1.026392965760827,1.0486269363354892
1789031882343846100,18.57984619140625,0.35401685153245926,0.4525970527499914,0.6739524966996163
1789031882353849000,18.58984912109375,0.1609647611990571,-0.12372750195562839,0.1932307348359376
1789031882363852000,18.59985205078125,-0.34444618237167596,-0.06974865900874137,-0.015982892556954176
1789031882373855200,18.609855224609376,-0.546377744731307,0.007726210337877273,-0.010550295881857163
1789031882383858000,18.61985791015625,-0.3906003230422735,0.02520458388328552,-0.14292608688976616
1789031882393862000,18.62986181640625,-0.23746698612123726,0.37447394862771033,-0.187196715368703
1789031882403865000,18.639864990234376,-0.08665624692887067,0.7242834115982055,0.04665908081831876
1789031882413868300,18.649868408203126,0.1892003833413124,0.6132119775980711,0.24490919188596308
1789031882423871000,18.65987109375,0.3091404757127166,0.26324644728302954,0.2382025703867897
1789031882433874200,18.669874267578123,0.020042671075463293,0.16665771214365957,0.19204658481897785
1789031882443878100,18.679878173828126,-0.10776099427789448,0.4866992288380861,0.32422574357651174
1789031882453881000,18.689881103515624,0.05796060605943203,0.7848381258040666,0.6583110562577843
1789031882463884000,18.699884033203126,0.26874913635253905,0.5166431162029504,0.8485736620031297
1789031882473887000,18.709886962890625,0.07486497910916805,0.23404548723995683,0.6890770005952567
1789031882483890200,18.71989013671875,-0.13476239845007656,0.20783201857507227,0.3893623056799173
1789031882493893400,18.729893310546874,0.017811843283474443,0.07151566868126392,0.21068963649589567
1789031882503896600,18.739896484375,0.12100304542779922,-0.3110357879400253,-0.17674539091587066
1789031882513899300,18.749899169921875,-0.2725529125496745,-0.39904140365123747,-0.7009964979045092
1789031882523902500,18.75990234375,-0.7334031221210956,0.14263970769643783,-0.889259527330473
1789031882533905400,18.769905517578124,-0.2892255226701498,0.24677695851922032,-0.8384253390848636
1789031882543909400,18.779909423828126,0.3846215408936143,-0.3061486004203558,-0.8979547288309783
1789031882553912300,18.789912353515625,0.30713556563109157,-0.6736608933418988,-0.7769844166290014
1789031882563915500,18.79991552734375,-0.05119593423008918,-0.5438315673798322,-0.6400348833981901
1789031882573918500,18.80991845703125,-0.4428860983356833,-0.10866145024895667,-0.500779374779947
1789031882583921400,18.81992138671875,-0.5020774152338504,0.27598259473741055,-0.23919220247864723
1789031882593925400,18.82992529296875,-0.31385113762170075,0.5983668751657009,-0.03319230383471586
1789031882603928300,18.83992822265625,0.06317892522960901,0.6896236016273498,-0.1430926390957087
1789031882613931500,18.849931640625,0.43832332046478983,0.501783400723338,-0.08717786878333426
1789031882623934500,18.8599345703125,0.6470595944032073,0.3983294559895992,-0.15181270104283465
1789031882633937400,18.8699375,0.571174916857481,0.5733054991453885,-0.24824865677328778
1789031882643941400,18.87994140625,0.3059828884646296,1.0076865117251872,-0.09721910546477884
1789031882653944600,18.889944580078126,0.3644584583088755,1.0921247903436422,0.10608706971630454
1789031882663947300,18.899947265625,0.7119608133807778,0.6004980419754982,0.08015819014646113
1789031882673950500,18.909950439453127,0.8583423379540442,0.22533085038661954,0.008466141984984278
1789031882683953400,18.919953369140625,0.8458391224727034,0.09399579603672027,-0.17856106203570962
1789031882693957400,18.929957275390624,0.7456701907590031,-0.0766273126065731,-0.10561243794187902
1789031882703960300,18.939960205078126,0.45824850264042616,-0.12326339157521723,-0.0342020197333768
1789031882713963500,18.949963623046877,0.09387187739610671,0.08550035489201545,0.12222155437208711
1789031882723966500,18.959966552734375,-0.18101123166680336,0.3424398109853267,0.2355176421517506
1789031882733969400,18.969969482421874,-0.28507015655636786,0.3508364679306745,0.3577717105539515
1789031882743973400,18.979973388671876,-0.11302929006963967,0.09468903899788855,0.3550314719351008
1789031882753976300,18.989976318359375,-0.10661299328655004,-0.2367138296663761,0.30006873251739885
1789031882763979500,18.9999794921875,-0.3131330524802208,-0.4709060319006443,0.13839498279877005
1789031882773982200,19.009982177734376,-0.7415045955121516,-0.5236860204517841,-0.033265104209445416
1789031882783985400,19.0199853515625,-0.9402360466562211,-0.5817354738384485,-0.00011350684445351362
1789031882793988400,19.02998828125,-0.8477990243688225,-0.7619196070313453,0.21766703776046634
1789031882803992600,19.03999267578125,-0.6784545573592186,-0.8675479731947183,0.3214956610254943
1789031882813995300,19.049995361328126,-0.6988730760097503,-0.7106447623461485,0.25152831776477397
1789031882823998500,19.05999853515625,-0.7520064080432057,-0.46361353680491446,-0.005697846315428614
1789031882834001400,19.07000146484375,-0.6973080186501145,-0.16604513320326805,-0.0325993337770924
1789031882844004400,19.08000439453125,-0.5062053088188171,-0.007080898171663284,0.12746440519532187
1789031882854008300,19.09000830078125,-0.3670072660088539,-0.10402268453240394,0.18768040723241863
1789031882864011300,19.10001123046875,-0.2520437930062413,-0.22371114023029803,0.12274314882708713
1789031882874014500,19.110014404296876,-0.17094912572726606,-0.11517653123140334,0.14923601895524188
1789031882884017400,19.120017333984375,-0.09539733339771628,0.13223755614757537,0.25713985576992854
1789031882894020400,19.130020263671874,-0.06666705960631371,0.40382220818698406,0.4706480385515839
1789031882904024300,19.1400244140625,-0.08332724863663316,0.6115063427239656,0.4928675422094762
1789031882914027500,19.150027587890627,-0.1553076122201979,0.7695581390857696,0.2560338307567872
1789031882924030200,19.1600302734375,-0.2114472864627838,0.9246937557399273,0.0792304443096742
1789031882934033400,19.170033447265624,-0.3470679091773927,1.0251298139572143,-0.08615931199109181
1789031882944036600,19.18003662109375,-0.427329778894037,0.8417267187178135,-0.0554361016836483
1789031882954040300,19.190040283203125,-0.4587269338071346,0.4114139784902334,-0.09680177510185167
1789031882964043300,19.200043212890623,-0.5581425629355014,-0.022027707412838934,-0.17303754937388002
1789031882974046500,19.21004638671875,-0.7447780642248689,-0.2967576717406511,-0.13742080400437115
1789031882984049400,19.22004931640625,-1.1703845264576376,-0.28730244565308094,-0.24465370102124287
1789031882994052400,19.23005224609375,-1.654564027559757,-0.1037456211566925,-0.3183925439110026
1789031883004056600,19.240056640625,-1.6543417631112038,-0.050501522225141524,-0.3829886059295386
1789031883014059300,19.250059326171876,-1.2397779422879218,-0.2115466551840305,-0.4651747947722673
1789031883024062500,19.2600625,-0.7075858131669461,-0.3262222511559725,-0.29182580482903864
1789031883034065400,19.2700654296875,-0.4657727606654167,-0.18902327320873735,0.05062068705882411
1789031883044068400,19.280068359375,-0.6483832442224026,0.19147125088274478,0.4329943805269897
1789031883054072300,19.290072265625,-0.8024854261755943,0.45119478473663327,0.7694966912221163
1789031883064075500,19.300075439453124,-0.5964250934481621,0.4824333880871534,1.0535609586715697
1789031883074078200,19.310078125,-0.10915931676849722,0.2431926702916622,0.8994839111596346
1789031883084081400,19.320081298828125,0.41682255953550335,-0.14694704950153828,0.3365917425442487
1789031883094084600,19.330084716796875,0.4602395303271711,-0.4964806181401014,-0.046779579092562196
1789031883104087300,19.34008740234375,0.20886136162281035,-0.5246861374050379,0.20180671213725582
1789031883114091500,19.350091552734376,0.20742592199221252,-0.14876432805657386,0.636230888005346
1789031883124094500,19.360094482421875,0.29596827492862937,0.2088759746700525,0.7930424019824713
1789031883134097400,19.370097412109374,0.14130582874417305,0.10484218422174453,0.34021493801008906
1789031883144100400,19.380100341796876,0.20565818166732786,-0.2282037754744291,-0.14646017930004745
1789031883154103600,19.390103515625,0.5292551988862455,-0.29463819536864755,-0.24136424928810446
1789031883164107300,19.400107177734377,0.5700527809597552,0.08739479033648967,-0.05940455779004842
1789031883174110500,19.4101103515625,0.322786869879812,0.7354384273409843,0.028914507784508166
1789031883184113400,19.420113525390626,0.07047595036998391,0.8687643632471561,-0.3348088777154684
1789031883194116400,19.430116455078124,-0.03907499606460332,0.5751935048490763,-0.8265037959489971
1789031883204119600,19.44011962890625,0.17320231148153542,0.2975730797767639,-0.8668870981331914
1789031883214123500,19.45012353515625,0.5194776089765131,0.2136573637276888,-0.645951852357015
1789031883224126500,19.46012646484375,0.5564556327618658,0.2567342889100313,-0.5048774212159216
1789031883234129400,19.47012939453125,0.35027371948137875,0.42640754948258397,-0.38258075578100975
1789031883244132600,19.480132568359377,0.11150938702598213,0.5528033938646316,-0.34800796650648114
1789031883254135300,19.49013525390625,-0.020877952855825423,0.4499228651046753,-0.4176756692335009
1789031883264139500,19.500139404296874,-0.12826879864707588,0.16947276956439017,-0.5071449277564883
1789031883274142500,19.510142578125,-0.23673647988960145,-0.1270160221070051,-0.5894876223351806
1789031883284145400,19.5201455078125,-0.27786870074495673,-0.2105845321536064,-0.5292879321120679
1789031883294148400,19.5301484375,-0.1576791636571288,-0.1290904902935028,-0.335286651295051
1789031883304151300,19.5401513671875,-0.04813903087750077,-0.06889701061546802,-0.17298501546904443
1789031883314155300,19.5501552734375,-0.12114230776801704,-0.14015841227471829,-0.16035473954193294
1789031883324158500,19.560158447265625,-0.26362171033620835,-0.3869055601775646,-0.02846862718053162
1789031883334161400,19.570161376953124,-0.31526889546513553,-0.7351169403016566,-0.1288116002868861
1789031883344164400,19.580164306640626,-0.2182312475144863,-0.9625117374807596,-0.22422354673184453
1789031883354167600,19.59016748046875,-0.1417640939056873,-0.8777432039946317,-0.3262182325679809
1789031883364170200,19.600170166015626,-0.07681319056749343,-0.6138789170742035,-0.3460202267553657
1789031883374174500,19.610174560546874,-0.17425167440399528,-0.38941315908432006,-0.3312693784777075
1789031883384177400,19.620177490234376,-0.3832417769730091,-0.3779986156225204,-0.28284349348284304
1789031883394180400,19.630180419921874,-0.5580487471722066,-0.741397628006339,-0.2584451114159077
1789031883404183300,19.640183349609377,-0.5296291467651725,-1.13994744874835,-0.33048085844852026
1789031883414186500,19.6501865234375,-0.5286766683459282,-1.1386305209308862,-0.34179829821139573
1789031883424190500,19.6601904296875,-0.6260635681256651,-0.5477613080441951,-0.13068791555278003
1789031883434193400,19.670193359375,-0.9035165276765823,0.31450960153043267,0.0773205555677414
1789031883444196400,19.6801962890625,-1.0057748328849672,0.963523544871807,-0.006933087198808789
1789031883454199300,19.69019921875,-0.7371849787473678,1.2007844870269297,0.008212094158679246
1789031883464202500,19.700202392578124,-0.36345439583286643,0.9362444928020238,-0.0216588741004467
1789031883474206500,19.71020654296875,-0.1279880820095539,0.38466917942762374,-0.12970504199527202
1789031883484209400,19.72020947265625,-0.08700754458457231,-0.15471592993736266,-0.28615550410766155
1789031883494212900,19.730212890625,-0.20446721831709144,-0.38590953487753865,-0.24708489195723085
1789031883504215800,19.7402158203125,-0.5410524580553173,-0.2853092260092497,-0.123725638792105
1789031883514218800,19.75021875,-0.747239047510922,-0.12487784103453159,-0.05997669512219727
1789031883524223000,19.760222900390627,-0.47252398849129673,-0.17776655065715313,0.18035561730228364
1789031883534225700,19.7702255859375,-0.0475768669500947,-0.4319008862018585,0.42002785838283596
1789031883544228900,19.780228759765624,0.35534634657055136,-0.8590811736226082,0.6506112224701791
1789031883554231800,19.790231689453126,0.2553881349980831,-1.0718196689397097,0.36001163496784866
1789031883564234800,19.80023486328125,0.09083440939635037,-0.9081798433125019,0.01076963315438479
1789031883574238700,19.81023876953125,0.0069265843927860254,-0.6539712734878063,0.2696190510548651
1789031883584242000,19.820241943359374,0.26317016717642544,-0.3812164086252451,0.507522565429844
1789031883594244600,19.83024462890625,0.8867211679592728,-0.3691811029165983,0.40468839656226335
1789031883604247800,19.840247802734375,0.9997536728993057,-0.5962234333962202,0.3026449396809563
1789031883614251000,19.8502509765625,0.2611985748425126,-0.2876350386083126,-0.036763796512782575
1789031883624253700,19.860253662109375,-0.6534437424823641,0.7833511021167039,-0.26663959685266014
1789031883634258000,19.8702578125,-0.5634402309522032,1.4023907629549504,0.19655600680112836
1789031883644260900,19.8802607421875,0.38546179111003875,0.6530705252557992,0.5085884045630693
1789031883654263800,19.890263916015623,0.6009294191300869,-0.6304039354175329,0.16167079057656228
1789031883664266800,19.900266845703126,-0.3569426758512854,-0.7411983060419559,0.029773828027583656
1789031883674270000,19.91027001953125,-1.274698156760633,0.3747621179193258,0.424309408159554
1789031883684273700,19.920273681640627,-1.0622425700381397,1.3317775960713625,0.8121381475966424
1789031883694276900,19.93027685546875,0.2515934188902378,1.1313047080874443,0.9569280190642923
1789031883704279800,19.94027978515625,0.9907193025723099,0.4262625880539417,-0.19316227270960806
1789031883714282800,19.95028271484375,0.501889783707261,0.337702261069417,-1.1269698937535286
1789031883724286000,19.960285888671876,-0.12150836460143327,0.37174013974964615,-1.0370353558063508
1789031883734290000,19.9702900390625,-0.09224778332561254,0.2668085236787796,-1.2440785620912909
1789031883744292900,19.98029296875,0.5904106554642319,0.3038940994918346,-0.9395612161345779
1789031883754295800,19.9902958984375,1.2155638307467103,-0.08874854303300381,0.06764867278849705
1789031883764299000,20.000299072265626,1.2341370137915015,-0.6931774947166442,0.43638570346571504
1789031883774301700,20.0103017578125,0.3857575591862201,-0.12307459100484848,0.4176125043367967
1789031883784305000,20.020304931640624,-0.8420268707081675,1.5465011277258396,0.6417183795057236
1789031883794308900,20.030308837890626,-0.32553397663086653,2.242496602472663,1.066000899658352
1789031883804311800,20.040311767578125,1.5467673774465918,1.0235445905923843,1.007016211248189
1789031883814314800,20.050314697265627,1.9872972680449486,-0.20435528237521647,0.608468436332792
1789031883824318000,20.06031787109375,0.9974652697011828,-0.30838439664840694,0.20824315665923057
1789031883834321000,20.07032080078125,-0.19217033906280992,0.15165771141052245,0.029572273006918837
1789031883844324900,20.080324951171875,-0.5959469545423984,0.4092126690536737,0.2672773650332354
1789031883854327800,20.090327880859373,0.02961626284569502,0.08982932400703429,0.23637279767636207
1789031883864330800,20.100330810546875,0.985696798235178,-0.5784703345626593,0.11556044338191859
1789031883874334000,20.110333984375,1.2544447655439377,-0.8690893574178218,-0.1084487664795015
1789031883884336600,20.120336669921876,0.7669912112072109,-0.6519400599211455,-0.34333043968211857
1789031883894340900,20.1303408203125,0.1481853591248393,-0.01061900916993618,-0.3809046757949516
1789031883904343800,20.14034375,-0.0509469279050827,0.38083354678750037,-0.16519087272780014
1789031883914347000,20.150346923828124,0.16454963394850491,0.43177346042990683,0.06681976594999432
1789031883924349700,20.160349609375,0.5391860796615481,0.17970716333091258,0.17737945103570818
1789031883934353000,20.170352783203125,0.6454094891086221,-0.011966916647553442,-0.029680624185642226
1789031883944355800,20.18035595703125,0.4799675824955105,0.061923079949617384,-0.1924162218489684
1789031883954359800,20.19035986328125,0.10615385134220123,0.21248598186075687,-0.004514545681839809
1789031883964362800,20.20036279296875,-0.12826251503676175,0.03654781567454338,0.16679562277700752
1789031883974365700,20.21036572265625,-0.1877583678394556,-0.5268956301480532,0.2773974299713969
1789031883984369000,20.220368896484374,-0.2102624605923891,-1.1616121680676936,0.29955007893815633
1789031883994371800,20.230371826171876,-0.2587269240319729,-1.5022235945820808,0.1762469033418223
1789031884004375800,20.240375732421874,-0.25541151587367056,-1.4648404971271753,0.17671121465163303
1789031884014378800,20.250378662109377,-0.15934768139123914,-1.1341115822017191,0.47743736989814783
1789031884024382000,20.2603818359375,-0.018975918626785278,-0.602244008859992,0.9706059043481945
1789031884034384600,20.270384521484374,0.04801394319310784,0.09283902721703052,1.097573557268828
1789031884044387800,20.280387939453124,-0.02597147660255432,0.7516922275274992,0.9335719856571406
1789031884054391800,20.290391845703127,-0.10461071355342864,0.9683698158591986,0.7367839967310428
1789031884064394800,20.300394775390625,-0.09895093422606586,0.6076081662416458,0.376379636118561
1789031884074397700,20.310397705078124,-0.10616539564952254,0.012249240720272064,0.14600721136815845
1789031884084401000,20.32040087890625,-0.2699497443139553,-0.4852431848108768,-0.24455051464140415
1789031884094403800,20.33040380859375,-0.3469942594192922,-0.8592197053104639,-0.5088463248468935
1789031884104406800,20.34040673828125,-0.2946910945996642,-1.0349152949124574,-0.7616666551835835
1789031884114410800,20.35041064453125,-0.2786100206315517,-0.9384159916222095,-0.6969752064991742
1789031884124413700,20.36041357421875,-0.21604177464619279,-0.6715893477648496,-0.27750211418857795
1789031884134417000,20.3704169921875,-0.21363442124351859,-0.43170390232503414,0.3744185286460444
1789031884144419800,20.380419921875,-0.18312822382077573,-0.2564911278039217,0.8572305042546242
1789031884154422800,20.3904228515625,-0.0959469301044941,-0.03821194949448108,0.826443809390068
1789031884164426800,20.4004267578125,-0.2371795474819839,0.15099077193439006,0.7865227178901434
1789031884174430000,20.410429931640625,-0.4835026247538626,0.3022831571638584,0.8926608602065592
1789031884184432600,20.4204326171875,-0.6447757212497294,0.45091889040470123,1.0282663584172724
1789031884194435800,20.430435791015626,-0.7325029584109782,0.5415998628050088,0.8642951819438487
1789031884204439000,20.44043896484375,-0.7640529657982289,0.529103953847289,0.5705094021534547
1789031884214442800,20.45044287109375,-0.7129436869382858,0.4924328040540218,0.370291073452495
1789031884224445700,20.46044580078125,-0.6837843740798533,0.4435889859080314,0.42634062172621484
1789031884234449000,20.470448974609376,-0.7701239562749862,0.38159108715653417,0.5665928862968459
1789031884244451800,20.480451904296874,-0.6655787091732025,0.28038755169808866,0.7198729747448116
1789031884254454800,20.490454833984376,-0.2727459509037435,0.18084230484068392,0.7361802586842328
1789031884264457700,20.500457763671875,0.030846389162540434,0.1670101788431406,0.6595069149788468
1789031884274461700,20.510461669921874,0.054185033043473954,0.25332477272748943,0.6869643923554569
1789031884284465000,20.52046484375,0.10196502135023475,0.25674013412892815,0.8774819227099419
1789031884294467800,20.5304677734375,0.2703919351235032,0.13021627945303915,0.9548178219772875
1789031884304470800,20.540470703125,0.3920142814934253,-0.1306464875638485,0.7997317435532808
1789031884314474000,20.550473876953124,0.30906478012800215,-0.2882265747606754,0.44909514557626096
1789031884324478000,20.56047802734375,-0.2094996595263481,-0.2092775412082672,0.014387805385235696
1789031884334480600,20.570480712890625,-0.7403006265498697,-0.04136778317689895,-0.012637509385496378
1789031884344483800,20.58048388671875,-0.927134573020786,0.10525251858830452,0.06934970455272123
1789031884354486800,20.59048681640625,-0.5895932016015052,-0.042738487008214,0.05791230993829667
1789031884364489700,20.60048974609375,0.16097528259307145,-0.4932873750567436,-0.08037203382654115
1789031884374493000,20.610492919921874,0.5637292770266532,-0.79359718632102,-0.40529856434985995
1789031884384497000,20.620496826171873,0.49461321683302517,-0.6246136615782976,-0.30114673701245337
1789031884394499800,20.630499755859375,0.4886030166327953,0.04207447014153003,0.45053763600215313
1789031884404502800,20.640502685546874,0.26830840684771534,0.5120867680728435,0.619218378406018
1789031884414505700,20.650505615234376,0.12416764693856239,0.20922844136953353,0.12085180038884281
1789031884424509000,20.660509033203127,0.3135634067215025,-0.4131611144185066,-0.3066438365913927
1789031884434513000,20.670512939453126,0.6112729723595083,-0.6951730524480343,-0.36850784329753367
1789031884444515600,20.680515625,0.7876748105347156,-0.4377776692807674,-0.18310327204260973
1789031884454518800,20.690518798828126,0.7412114577844738,0.14058745134174824,-0.028146592151932416
1789031884464522000,20.70052197265625,0.5499545803047716,0.5925292550534009,0.0244193152571097
1789031884474524700,20.710524658203123,0.37937443402037024,0.721087830427289,0.10914393653627484
1789031884484527900,20.72052783203125,0.1894832919359207,0.45276422601044175,0.20634536021389066
1789031884494531300,20.73053125,-0.0352409708596766,0.039305589950084686,0.17802823380064217
1789031884504534500,20.740534423828127,-0.16465367884486912,-0.24782208365797995,0.03627557460442185
1789031884514537200,20.750537109375,-0.22599705921038984,-0.25567864237725735,0.03365377473346889
1789031884524540400,20.76054052734375,-0.284321968537569,0.013651508733630179,0.039924489033408464
1789031884534543600,20.770543701171874,-0.45516354223713273,0.42106326584517956,0.003739040397852659
1789031884544547300,20.78054736328125,-0.5531375942550599,0.5699304697543383,-0.06961399977840482
1789031884554550500,20.790550537109375,-0.3807223414979875,0.17597499106526374,-0.22149006664734333
1789031884564553500,20.800553466796874,-0.09940262351632118,-0.5567828188896179,-0.42552868428882207
1789031884574556400,20.810556396484376,0.032159371457248925,-1.1507429835289715,-0.5555833434393629
1789031884584559400,20.820559326171875,-0.04148819468617439,-1.274459379568696,-0.7058953758619725
1789031884594563600,20.8305634765625,-0.25173019701242444,-0.9544412437498568,-0.534457407171838
1789031884604566300,20.840566162109376,-0.4330545862816274,-0.5341477932333946,-0.13107505170684308
1789031884614569500,20.850569580078126,-0.5637326380275189,-0.34108547376692294,0.1762602377474308
1789031884624572400,20.860572509765625,-0.6350957464955747,-0.32359716334939004,0.5222446990696713
1789031884634575400,20.870575439453123,-0.6604885464273392,-0.4117752130180597,0.5843826638789847
1789031884644578600,20.88057861328125,-0.4421766348920762,-0.567752541193366,0.6128379566539078
1789031884654582500,20.89058251953125,-0.28414047449082136,-0.7282938162833452,0.47278713293951
1789031884664585500,20.90058544921875,-0.2225052715718746,-0.7544429875403642,0.20883016276694832
1789031884674588400,20.91058837890625,-0.281768776923418,-0.5578033941090107,0.166200725623779
1789031884684591400,20.92059130859375,-0.3673600249692797,-0.19645371547043322,-0.2977682735553011
1789031884694594300,20.93059423828125,-0.17916414249539375,0.1104465801000595,-0.5660673280527815
1789031884704598500,20.9405986328125,0.14671850144267082,0.21573592356741428,-0.5657147882880643
1789031884714601500,20.9506015625,0.3564814880803227,0.13094576277136802,-0.4981090595921501
1789031884724604400,20.9606044921875,0.5256948760561645,0.08418634968400002,-0.4767454055786133
1789031884734607400,20.970607421875,0.3074076605707407,0.38713001658320423,-0.6941112684354186
1789031884744610300,20.9806103515625,0.011103870077431202,0.8320780158847569,-0.6914106311745941
1789031884754613500,20.990613525390625,0.041215807485580444,0.7508148601710796,-0.3055608271276578
1789031884764617500,21.000617431640624,0.38142069902569053,0.20466624802052974,0.0772045279726386
1789031884774620400,21.010620361328126,0.3054106415346265,-0.2795791579246521,0.15306454600114375
1789031884784623400,21.020623291015625,-0.004716214866936207,-0.3919938232272863,0.2512670730127021
1789031884794626600,21.03062646484375,-0.36016017659306526,-0.1238835693001747,0.417775841672346
1789031884804629200,21.040629150390625,-0.030706980691850183,-0.17661796514391898,0.6036787178382277
1789031884814633500,21.050633544921876,0.6293973887234926,-0.4621574927777052,0.5536585493892431
1789031884824636400,21.060636474609375,0.8800976581662893,-0.576068534117937,0.42940256658010184
1789031884834639400,21.070639404296877,0.3095885117411613,0.007032967376708984,0.18046094084028153
1789031884844642300,21.080642333984375,-0.1262929685294628,0.850565858733654,0.3060693429053761
1789031884854645500,21.0906455078125,0.15195231044292448,0.9671224461466074,0.6706729635722934
1789031884864648400,21.1006484375,0.8295446980148553,-0.12068798812925814,0.9258865457210689
1789031884874652400,21.11065234375,0.9639882397741079,-1.4219927045255898,0.4824814650125801
1789031884884655400,21.1206552734375,0.15228811826854943,-1.3132862460911274,0.1453233755561523
1789031884894658300,21.130658203125,-1.2086945294991134,0.1706827298760414,0.5032806900763884
1789031884904661500,21.14066162109375,-1.5940815018072723,1.2738707660257815,0.9778533912584185
1789031884914664400,21.15066455078125,-0.8349076863527297,1.3028525303602219,1.0935790808051824
1789031884924668400,21.16066845703125,0.23065672158449887,0.6588941168427467,0.9355272113781422
1789031884934671400,21.17067138671875,0.6150275025874375,0.151360189768672,0.6655041826322674
1789031884944674600,21.180674560546876,0.3914440803900361,0.021608020696043968,0.3822293850600719
1789031884954677200,21.19067724609375,0.13147650864720345,0.2022626940101385,0.11829533910537138
1789031884964680400,21.200680419921873,0.07159779400676489,0.4927238959550857,0.11057475479068234
1789031884974683400,21.210683349609376,0.31827304571717974,0.5103799641549587,-0.10694671875294297
1789031884984687400,21.220687255859374,0.6236570915058255,0.2969850507557392,-0.34535237396378066
1789031884994690300,21.230690185546877,0.6273916018590331,0.22980945710539816,-0.4078824798958376
1789031885004693500,21.240693603515624,0.5841884199485182,0.3494944056719541,-0.20587589780492707
1789031885014696400,21.250696533203126,0.6238841782599687,0.5978858136504889,-0.07953465142063797
1789031885024699400,21.260699462890624,0.7227630701631307,0.8580898244976997,0.04247250214894302
1789031885034703600,21.27070361328125,0.9071832334905863,0.9430278693318367,0.2784199596858583
1789031885044706300,21.280706298828125,1.0553943115785718,0.593995235952735,0.2784934085145592
1789031885054709500,21.29070947265625,0.9306108708292246,0.15761866564154625,0.1885151044908911
1789031885064712200,21.300712158203126,0.8344058743104338,-0.21467384729385375,0.1291739490595646
1789031885074715400,21.31071533203125,0.7653066191211343,-0.48709378111362456,-0.06118644537129439
1789031885084718600,21.320718505859375,0.5103609671935438,-0.5322071805596351,-0.2554408880986273
1789031885094722600,21.33072265625,0.22776509179621934,-0.3936667248755693,-0.2971884643733501
1789031885104725200,21.340725341796876,0.06673077249228954,-0.34177754768431184,-0.05291651094499975
1789031885114728400,21.350728515625,-0.1089545879766345,-0.22386954566240308,0.0501830491268076
1789031885124731400,21.3607314453125,-0.09156155462712048,-0.15641922672390937,-0.04896673213960603
1789031885134734300,21.370734375,0.06514321103990077,0.0022837270230054853,-0.0025158370121382174
1789031885144737500,21.380737548828126,0.20667758784294127,0.1218318974673748,-0.018129457865282892
1789031885154741200,21.3907412109375,0.19065905771702527,0.018560908085107804,0.06266310292826965
1789031885164744400,21.400744384765623,-0.01647182685136795,-0.1309106914579868,0.16719437630362807
1789031885174747400,21.410747314453126,-0.352611076387763,-0.14496844290494917,0.14923664000974968
1789031885184750300,21.420750244140624,-0.6291036664739251,-0.11402151597738265,0.21957572092600167
1789031885194753500,21.43075341796875,-0.64402387996912,-0.19452303966879844,0.20082400297652928
1789031885204757500,21.440757568359373,-0.33001199882775545,-0.4046995755434036,0.2051571185437031
1789031885214760200,21.45076025390625,0.08744184434860944,-0.5599649560570716,0.324975465965271
1789031885224763400,21.460763427734374,0.2609587747372687,-0.5082219093382359,0.47661783367618915
1789031885234766600,21.4707666015625,0.31670360444337126,-0.30940847899913787,0.5984960179707035
1789031885244769300,21.480769287109375,0.26114479882866143,0.04025777610838413,0.5313234930602834
1789031885254772500,21.4907724609375,0.11244929822459816,0.36749241917729375,0.36960203174240885
1789031885264776400,21.5007763671875,0.023434651601314544,0.5352478634297847,0.29895463379565623
1789031885274779400,21.510779296875,-0.04306757283210754,0.49746319943666456,0.15980072238836437
1789031885284782300,21.5207822265625,-0.09869681333452462,0.32112463575601574,0.15882466216413305
1789031885294785500,21.53078564453125,-0.200597245015949,0.13409867384433746,0.1954124993218109
1789031885304788200,21.540788330078126,-0.25278350545763967,-0.0949877296835184,0.1977278818584047
1789031885314792400,21.55079248046875,-0.3089490447938442,-0.331540231308341,0.1580785199719481
1789031885324795400,21.56079541015625,-0.3189081287503242,-0.5786942064464092,0.07598085422946606
1789031885334798300,21.57079833984375,-0.23247853018417952,-0.6581622954368591,0.1074950733507052
1789031885344801500,21.580801513671876,-0.23718539270088076,-0.5809621513783931,0.08943446120424195
1789031885354804500,21.590804443359374,-0.45813656669855113,-0.4347825791180134,-0.04632798113385215
1789031885364807400,21.600807373046877,-0.8867556547507643,-0.4529916050255298,-0.10659911089166998
1789031885374811400,21.610811279296875,-1.1466983843132852,-0.7000625780552625,-0.2275873606091365
1789031885384814600,21.620814697265626,-1.1275801346063614,-0.8983557839125395,-0.2656561387732625
1789031885394817300,21.6308173828125,-1.0623721877671777,-0.7589391299158335,-0.36912725383751094
1789031885404820500,21.640820556640627,-1.1099065307497977,-0.25756080286204813,-0.2569599874246865
1789031885414823200,21.6508232421875,-1.267507514604181,0.35468379100859165,-0.22400813214918597
1789031885424826400,21.660826416015624,-1.28649512366876,0.690637747105956,-0.2370351340426132
1789031885434830300,21.670830322265626,-1.0394633136056364,0.7324976977139711,-0.29211463170778007
1789031885444833500,21.68083349609375,-0.7294637368455529,0.7097685640335083,-0.20684899888709185
1789031885454836500,21.69083642578125,-0.6775637459993362,0.7590402522027492,0.17817710421942173
1789031885464839400,21.70083935546875,-0.6395033338047563,0.7625275097966193,0.5288109622500836
1789031885474842400,21.71084228515625,-0.6118563252054154,0.705171883893013,0.6312785262949764
1789031885484846300,21.720846435546875,-0.4096424387730658,0.5573825383484363,0.8582157158996909
1789031885494849000,21.73084912109375,-0.07149974045976996,0.3241816852390766,0.8431258449260145
1789031885504852000,21.74085205078125,0.16052958465218542,0.1306844814866781,0.6342760276105255
1789031885514855200,21.750855224609374,0.21464695928692817,0.07742284689843654,0.5620198427602648
1789031885524858000,21.760858154296876,0.21167773421779273,0.15234569367468356,0.7610077528834343
1789031885534861000,21.770861083984375,0.3751194069243967,0.1551186655193567,0.6370741338964552
1789031885544865000,21.780864990234374,0.6170521402828395,0.04591770156621933,0.1061489925039932
1789031885554868000,21.790867919921876,0.5141748263932764,-0.040562896534800524,-0.21120193339958784
1789031885564871200,21.80087109375,0.28024200574755664,-0.1407674840837717,-0.321768303954415
1789031885574873900,21.810873779296877,0.28540917925238607,-0.3031868280053139,-0.46240321116708216
1789031885584877000,21.820876953125,0.3520176405392587,-0.5171919822573662,-0.563616208573617
1789031885594881000,21.830881103515626,0.35998131289482116,-0.5581798262059688,-0.6085304321857169
1789031885604884200,21.84088427734375,0.312522811627388,-0.3031587709546089,-0.5369244183398783
1789031885614887000,21.850886962890623,0.21694880648851395,0.012443301987648009,-0.4185516848830506
1789031885624890000,21.86089013671875,0.10279168143272399,0.11786767001152038,-0.2317094455078244
1789031885634893000,21.87089306640625,0.24845117534175515,0.02519113987982273,0.01060921842828393
1789031885644896000,21.88089599609375,0.35965047350525853,-0.2812427072227001,0.018618556556478143
1789031885654900000,21.89089990234375,0.23597499399781224,-0.5207768550068139,-0.1495065247260034
1789031885664903000,21.90090283203125,-0.16743848725780844,-0.39120822580754755,-0.19809381082765756
1789031885674906000,21.910906005859374,-0.43502091791853303,0.062162149402499194,-0.060346186021715396
1789031885684909000,21.920908935546876,-0.4107504000149667,0.4283107527554035,-0.0841856190316379
1789031885694912000,21.930912109375,-0.1385505386866629,0.4667179325610399,-0.1649452091373503
1789031885704915000,21.9409150390625,0.0437444491803646,0.25415771642029283,-0.1575447966877371
1789031885714919200,21.950919189453124,-0.0157268537029624,0.030464696368575093,-0.2852409830786288
1789031885724921900,21.960921875,-0.2685281870782375,-0.1934668086141348,-0.3246407541181892
1789031885734925000,21.970925048828125,-0.6391982133783399,-0.3355465443402529,-0.33804091843925416
1789031885744928000,21.980927978515624,-0.9298059841871261,-0.39673254218697546,-0.36368477052263914
1789031885754931000,21.990930908203126,-0.9288812705576419,-0.4715601118952036,-0.35715135016590355
1789031885764935000,22.000934814453124,-0.6765596835233271,-0.6356476812899112,-0.4228562136765569
1789031885774938000,22.010938232421875,-0.5047464883126318,-0.6004109482139348,-0.42242030647732315
1789031885784941000,22.020941162109374,-0.7535049760378897,-0.08817746514678002,-0.4313036509610712
1789031885794944000,22.030944091796876,-0.9883094649516045,0.6183066703885793,-0.4384260501869023
1789031885804947200,22.040947265625,-0.8177459775410592,0.8400450492411852,-0.43250623168386515
1789031885814950000,22.050949951171877,-0.43886356482133265,0.43687049130797384,-0.4044590447857976
1789031885824954000,22.0609541015625,-0.21554931495413182,-0.2004366476267576,-0.5215596759475767
1789031885834957000,22.07095703125,-0.24905820132419465,-0.7428443196833133,-0.7252675272647291
1789031885844960000,22.0809599609375,-0.5320560816511511,-1.1111451326340436,-1.0141038314215838
1789031885854963000,22.090962890625,-0.5895825340770184,-1.2881582345753908,-1.137424725337699
1789031885864966000,22.1009658203125,-0.5055353006027639,-1.376294198668003,-0.9120449212428182
1789031885874969000,22.110968994140624,-0.40289807907938957,-1.3451122939407825,-0.823478895169869
1789031885884973000,22.12097314453125,-0.5919629994727671,-1.1699550489991903,-0.24441468636728822
1789031885894976300,22.130976318359377,-0.7048948205173016,-0.78367551176548,0.22655352404937146
1789031885904979000,22.14097900390625,-0.6737362966656685,-0.2704676307082176,0.639325419954583
1789031885914982100,22.150982177734374,-0.6169628545641899,0.4395417563438415,0.6321333895586431
1789031885924984800,22.16098486328125,-0.4999273975931108,0.8984072218388318,0.6968705770809203
1789031885934989000,22.170989013671875,-0.2144683878496289,0.8990729922711849,0.4784908975390717
1789031885944992000,22.180991943359373,-0.033468554359674454,0.5594043995648622,0.2524454691423103
1789031885954995000,22.190994873046876,-0.05136339975148439,0.14022037159502507,-0.1369207820603624
1789031885964998000,22.200997802734374,0.1218318974673748,-0.23431261374354362,-0.31666206685658543
1789031885975001000,22.2110009765625,0.3402954924330115,-0.4288122725367546,-0.3046739612905308
1789031885985004000,22.221004150390623,0.31460502472892404,-0.3260673528552055,-0.46559912113156166
1789031885995008000,22.231008056640626,0.0845858703956008,-0.08297463580667971,-0.3488099305391311
1789031886005011200,22.24101123046875,0.08374298983067274,0.2466875266700983,-0.12012918520271777
1789031886015014000,22.251013916015626,0.34081951630711554,0.5291776036053896,0.33033816204220057
1789031886025017000,22.26101708984375,0.7334682963117957,0.48477965895235536,0.6185054078310728
1789031886035020000,22.27102001953125,0.9739981771349906,0.0947790553689003,0.4287954675324261
1789031886045023000,22.28102294921875,0.5511000970780849,-0.0678133070319891,-0.041731008732412006
1789031886055027000,22.29102685546875,-0.4310939537331462,0.3482411907404661,-0.2802525819404982
1789031886065030100,22.301030029296875,-0.8086392726302146,0.71049278665483,0.07487232216540723
1789031886075032800,22.31103271484375,-0.3948535965725779,0.32349662558436393,0.39900823203399777
1789031886085036000,22.3210361328125,-0.03305266703516245,-0.2808767965197563,0.3206610733648762
1789031886095039200,22.331039306640626,-0.2069154882520437,-0.20768705714643002,0.10262549455296248
1789031886105042000,22.3410419921875,-0.7122273553624748,0.5756015011280775,0.07567936423197388
1789031886115046100,22.351046142578124,-0.9713947166383265,1.3355483467817306,0.20971395986415445
1789031886125049000,22.361049072265626,-0.5433297553375364,1.6066683039188383,0.3768414449440315
1789031886135052000,22.371052001953124,0.4797267594769597,1.1312088464975356,0.3204140398012474
1789031886145055000,22.381054931640627,1.193633446228504,0.230108147791028,-0.01674450631290674
1789031886155058200,22.39105810546875,0.6798062642291188,0.08680325418412685,-0.35866913431771097
1789031886165061000,22.40106103515625,-0.5317497921809554,1.1378379092484712,-0.29075419354215265
1789031886175065000,22.411065185546875,-0.25228227793723346,1.6495985141068696,-0.029226094484329224
1789031886185068000,22.421068115234377,1.4239537754654883,0.6791589062362909,-0.4046570515759289
1789031886195071000,22.431071044921875,1.4287474394828081,0.16939970432817936,-0.643836394573003
1789031886205074200,22.44107421875,0.41172815900593995,0.2840267849832773,-0.47494412831030786
1789031886215076900,22.451076904296876,-0.32477672852277756,0.6462421405404806,-0.11417299847835674
1789031886225081000,22.4610810546875,-0.18815964211672542,0.5583785636484623,0.021891276350524274
1789031886235084000,22.471083984375,0.47994507840275763,0.1330389356583357,-0.07916545278206467
1789031886245087200,22.481087158203124,0.8012903711721301,-0.21159224789142608,-0.2745676316392608
1789031886255090000,22.49108984375,0.3143321991369128,-0.20190029043853283,-0.2692760463034734
1789031886265093000,22.501093017578125,-0.24645517921894788,-0.15232114375531672,-0.1612156124212779
1789031886275096000,22.511095947265623,-0.5238379961431027,-0.1119324347436428,-0.14167069826750084
1789031886285100000,22.52110009765625,-0.425210156391561,-0.08646598505377769,-0.3263647283665836
1789031886295103000,22.53110302734375,-0.19886340696066618,-0.04994096573293209,-0.2998690817594528
1789031886305106000,22.54110595703125,-0.04498918854445219,-0.10258300711810588,-0.27830521073238923
1789031886315109000,22.551109130859373,-0.019461071795225143,-0.322765388700366,-0.3010388561911881
1789031886325112000,22.561112060546876,-0.13162176233679054,-0.4438461755394935,-0.3609876403931528
1789031886335115000,22.571114990234374,-0.14581599964499473,-0.45372342643141744,-0.4070811003850773
1789031886345119000,22.581118896484377,0.050176820315420624,-0.6620119566023349,-0.3992426618443802
1789031886355122200,22.5911220703125,0.0846494371511042,-0.8349363279253244,-0.46573805467821655
1789031886365124900,22.601124755859374,-0.2321590889714658,-0.7137035653948783,-0.3124155883932486
1789031886375128000,22.611128173828124,-0.3085217592924833,-0.46946460092067716,0.0250590333661763
1789031886385131000,22.621131103515626,-0.11120762760043143,-0.42523675213754175,0.18374383496847002
1789031886395134000,22.631134033203125,0.03807955528646707,-0.5357306785106659,0.24568594841212033
1789031886405138000,22.641137939453124,-0.13418781343251465,-0.4429021726876497,0.17854984652195124
1789031886415141000,22.65114111328125,-0.4751335864678025,-0.10412672942876815,0.4066717523992061
1789031886425144000,22.66114404296875,-0.6504921992003917,0.37517362132966514,0.7157794218208641
1789031886435147000,22.67114697265625,-0.5950362694382667,0.6455079810470342,0.8852228922255336
1789031886445150200,22.681150146484374,-0.38314489246979355,0.6287117445468903,0.739038497659564
1789031886455153000,22.69115283203125,-0.22903642690628764,0.52865445651412,0.3313835429092869
1789031886465157000,22.7011572265625,-0.18122531280890106,0.34860534787774083,-0.02859503917233087
1789031886475160000,22.71116015625,-0.26992387922033667,0.03217909907102585,-0.09113664374593645
1789031886485163000,22.7211630859375,-0.46723070438876746,-0.26717618794739245,-0.16686605766471474
1789031886495166200,22.731166259765626,-0.5717980171918868,-0.40735155135691165,-0.17673278716262428
1789031886505169200,22.741169189453124,-0.6327379313230515,-0.31789632135927676,-0.26507857634732496
1789031886515172400,22.75117236328125,-0.6276235109187662,-0.07571779654622078,-0.2372235692868009
1789031886525176300,22.76117626953125,-0.6500549768269062,0.13413316063582897,-0.03950387073485181
1789031886535179300,22.77117919921875,-0.5936895310044288,0.17572598474025725,0.1845529959268868
1789031886545182200,22.78118212890625,-0.4920258306883275,0.13285831839442253,0.21448126559751107
1789031886555185200,22.79118505859375,-0.6142297763384879,0.055803135764598846,0.15348216862501576
1789031886565188000,22.80118798828125,-0.9507445811890065,-0.03657645724713802,0.0011611710001714526
1789031886575192300,22.8111923828125,-1.1757915000677108,-0.17025544437468051,-0.11705083720330148
1789031886585195300,22.8211953125,-1.2307542394854127,-0.2923018613755703,-0.13062062247022985
1789031886595198200,22.8311982421875,-1.15757195276618,-0.3140489982813597,-0.1383905258193612
1789031886605201200,22.841201171875,-1.072729915652424,-0.2114899565607309,-0.23679127881675957
1789031886615204000,22.8512041015625,-0.991839100382477,0.034253567257523536,-0.21553671120088547
1789031886625207300,22.861207275390626,-1.0217840106606484,0.5041168121069669,-0.19886253017783165
1789031886635211300,22.871211181640625,-1.007623675622046,0.962904536190629,-0.13175390081647784
1789031886645214200,22.881214111328124,-0.8709693259455263,1.040626658296585,-0.0838380111703649
1789031886655217200,22.891217041015626,-0.4848385495327413,0.7744675384372472,-0.09471453876532614
1789031886665220400,22.901220458984376,-0.2677367444396019,0.45641982590854163,0.10174041881412267
1789031886675223000,22.91122314453125,-0.2634730956457555,0.2954530188828707,0.3391716029696166
1789031886685226200,22.921226318359373,-0.17492752783894538,0.20441198099851607,0.4739872294442728
1789031886695230200,22.931230224609376,0.04095744881033897,0.04779986205101013,0.4588486604906618
1789031886705233200,22.941233154296874,0.1536333953976631,-0.027248656931519507,0.4170090585509315
1789031886715236000,22.951236083984377,0.15495193065032362,0.04649111754000187,0.3854973738800734
1789031886725239300,22.9612392578125,0.24877953051328658,0.07427987269759177,0.412390495372191
1789031886735242200,22.9712421875,0.5220820923864841,-0.09803776490390301,0.3488143144533038
1789031886745245200,22.9812451171875,0.8096516645431518,-0.405866281235218,0.1489408171346411
1789031886755249200,22.991249267578127,0.837766290654242,-0.5152537076711654,-0.035131847929395735
1789031886765252000,23.001252197265625,0.48179567470550533,-0.3897422449082136,-0.23495135003849862
1789031886775255300,23.01125537109375,0.07663798013105988,-0.11644435921013355,-0.23113844068683684
1789031886785258200,23.02125830078125,-0.1039022730231285,0.2239776822119951,-0.09332392465714365
1789031886795261200,23.03126123046875,-0.15823913562744854,0.3659603873044252,-0.019083324524015188
1789031886805264100,23.04126416015625,-0.08625760300010442,0.16670155128538608,-0.14613485633581877
1789031886815268400,23.051268310546874,0.06720145874395966,-0.22974983587265013,-0.3876874312702566
1789031886825271000,23.06127099609375,0.1180919802866876,-0.5331003300070762,-0.5306002568196505
1789031886835274200,23.071274169921875,0.11720131505727767,-0.5655757816761732,-0.5322542345717549
1789031886845277200,23.081277099609373,0.08038929548859595,-0.44074353334903715,-0.41545762785784895
1789031886855280000,23.091280029296875,0.0016894143916666507,-0.3362789502680302,-0.35284430062174793
1789031886865283300,23.101283447265626,-0.06717208651900292,-0.2975011835843325,-0.3390869203608483
1789031886875287300,23.111287353515625,-0.2272248474396765,-0.30925650330781934,-0.3111578068844974
1789031886885290200,23.121290283203123,-0.3362953168809414,-0.46874622351825235,-0.26723295963592825
1789031886895293200,23.131293212890625,-0.216842423504591,-0.6792185274690389,-0.2042258107766509
1789031886905296100,23.141296142578124,-0.08104059900417923,-0.7498784561038017,-0.18204130536690352
1789031886915299000,23.151299072265626,-0.21554610008373856,-0.48414837531149385,-0.2754613473422825
1789031886925302300,23.16130224609375,-0.5197792222715913,0.05935819789767265,-0.14438720895089208
1789031886935306200,23.17130615234375,-0.6447264752805233,0.500028666010499,0.06005560557730496
1789031886945309200,23.18130908203125,-0.4180440641544759,0.6125754332602024,0.17265044975243507
1789031886955312000,23.19131201171875,-0.13969970872178672,0.40416999871134757,0.10482114143371582
1789031886965315000,23.201315185546875,0.06423880954608321,0.004935702836513519,-0.10384710876978934
1789031886975318300,23.211318359375,0.022735417290776966,-0.4543856897324323,-0.42061362238153815
1789031886985321200,23.2213212890625,-0.31279169169664384,-0.7535732189685106,-0.7334209500387311
1789031886995325200,23.2313251953125,-0.7719898962773383,-0.7529664852470159,-0.8974377192195504
1789031887005328100,23.241328125,-0.8969780658185481,-0.5157435370147228,-0.880787247865647
1789031887015331300,23.251331298828124,-0.8062756122387945,-0.14902736290693283,-0.8237067856416106
1789031887025334000,23.261333984375,-0.7206755963645876,0.09617664720714092,-0.7270112291269004
1789031887035337200,23.271337158203124,-0.7351052498638629,0.17757424295544624,-0.6615875937104225
1789031887045340400,23.28134033203125,-0.8094935513719916,0.06862462341487408,-0.6777982123423367
1789031887055344000,23.29134423828125,-0.9096807493947446,-0.19118834228813647,-0.7326863521538675
1789031887065347000,23.30134716796875,-0.8502185066007077,-0.4261877692520618,-0.9211486304789781
1789031887075350300,23.311350341796874,-0.6818576438009738,-0.5891378590494394,-0.9518734390884638
1789031887085353200,23.321353271484377,-0.5021931505680084,-0.61688803576231,-0.8728068435709923
1789031887095356200,23.331356201171875,-0.37022915066480633,-0.4511819252550602,-0.668802347394824
1789031887105359000,23.341359130859374,-0.2782753818497062,-0.03760521577298641,-0.4634641183968633
1789031887115363000,23.351363037109376,-0.23285013997554777,0.40800738491714,-0.15594587359111756
1789031887125366300,23.3613662109375,-0.31651041995882984,0.66371817599833,0.12365622681770473
1789031887135369200,23.371369140625,-0.21190438258051872,0.5271633411735296,0.3147222944330424
1789031887145372200,23.3813720703125,-0.052986617039144035,0.20410627605020998,0.28502470997944473
1789031887155375400,23.391375244140626,0.05799743093848228,-0.11533902831673622,0.3213186970233917
1789031887165378000,23.4013779296875,0.11791881567686796,-0.23017244519889354,0.4484648117834702
1789031887175382000,23.411382080078123,0.17225787023827432,-0.18834931946992872,0.6499917023323476
1789031887185385200,23.42138525390625,0.3544824232175946,-0.17078034503161907,0.6876672068625688
1789031887195388200,23.43138818359375,0.548619386178255,-0.3482049503833055,0.8892766976609826
1789031887205391000,23.44139111328125,0.47601095382422204,-0.47345279377400873,0.620594635195285
1789031887215394300,23.451394287109373,0.22773002048283814,-0.23985680386722086,0.17853165327813475
1789031887225397000,23.46139697265625,0.08172112861424684,0.10161036269366741,0.1293187095588073
1789031887235401200,23.471401123046874,0.17171499553322792,0.23863690668344495,0.2214420993197709
1789031887245404200,23.481404052734376,0.25691227582544085,0.010359481450915337,0.24046781190503388
1789031887255407000,23.491406982421875,0.15667290922403335,-0.2470265493661165,0.21523210223112255
1789031887265410300,23.501410400390625,-0.3356827379405498,-0.17931261105537413,0.15637308602724223
1789031887275413200,23.511413330078124,-0.6591574439540505,0.10405541775822638,0.14483659668620674
1789031887285417000,23.5214169921875,-0.2685480608224869,0.0716775812447071,0.2008111069623381
1789031887295420200,23.531420166015625,0.09294073402583598,-0.03236906868517399,0.1197931581813842
1789031887305423400,23.54142333984375,-0.28103929360508917,0.3252414234250784,0.07967617878317833
1789031887315426000,23.551426025390626,-0.667634764920175,0.9550848023504018,0.12291260537616908
1789031887325429200,23.56142919921875,-0.39371962410658595,1.145143848347664,0.0415361620137468
1789031887335432200,23.57143212890625,0.42464141659289595,0.6694096656382084,-0.11959887771829962
1789031887345435100,23.58143505859375,1.0048647323027253,-0.11342588817179203,-0.26136753820125014
1789031887355439000,23.591439208984376,0.6955109061002731,-0.12025368836522102,-0.4326038103068247
1789031887365442300,23.6014423828125,-0.3287096840575337,0.8976280541598797,-0.335326873707585
1789031887375445200,23.6114453125,-0.6173989078938961,1.691274924841523,-0.12822963568046689
1789031887385448200,23.6214482421875,0.5808332643017172,0.88681030754745,-0.3417865712409839
1789031887395451400,23.631451416015626,1.1550444801151751,-0.26319851648807524,-0.6767206462386995
1789031887405454000,23.6414541015625,0.362652285669744,-0.4103834663987159,-0.7521306189447641
1789031887415458300,23.651458251953127,-0.6506351148024201,0.4507581468850374,-0.4268510919990018
1789031887425461200,23.661461181640625,-0.8708782866612076,1.2852321179956196,-0.19883578830137846
1789031887435464200,23.671464111328124,-0.2598331317082047,1.357104929551482,-0.2380545767508447
1789031887445467100,23.681467041015626,0.44244683013558384,0.8350222526431084,-0.37168895755168047
1789031887455470000,23.691469970703125,0.7647223894923925,0.08582125740945339,-0.5211888698738067
1789031887465474000,23.70147412109375,0.46585956216603513,-0.5990536883860826,-0.592187894269824
1789031887475477200,23.711477294921874,0.03242138339430094,-0.906081409728527,-0.5953046745834871
1789031887485480200,23.721480224609376,-0.12908552185744046,-0.8633961142122745,-0.5189852954149246
1789031887495483000,23.73148291015625,-0.2162897580578923,-0.4774614448934793,-0.24740902761137112
1789031887505485800,23.74148583984375,-0.365557943983376,0.06812251911163329,0.029519835000205785
1789031887515488800,23.75148876953125,-0.3734989661157131,0.3229968593686819,0.11788750722315161
1789031887525491700,23.76149169921875,-0.24969810666292905,0.02841360905766487,0.06911237953235395
1789031887535495700,23.77149560546875,-0.1855960752390325,-0.32539982885718344,-0.0896311893527396
1789031887545499000,23.781498779296875,-0.035535277631133795,-0.6095329968243837,-0.2926252846436575
1789031887555501800,23.791501708984374,0.11111191214099526,-0.7423018833696842,-0.3269885228207335
1789031887565504800,23.8015048828125,0.0431914914727211,-0.5343325021505355,-0.20494159436319023
1789031887575508000,23.811508056640626,-0.1705766391530633,-0.1255792673021555,0.055166390497330575
1789031887585510700,23.8215107421875,-0.263269828158617,0.13952420602440832,0.35182065666243434
1789031887595515000,23.831514892578124,-0.3059109922721982,0.1304325525522232,0.5671389758722857
1789031887605517800,23.841517822265626,-0.3428080597758293,0.024430676901340483,0.5702379648009315
1789031887615520800,23.851520751953124,-0.48812619290128345,0.021277765828371046,0.5367554184485227
1789031887625523700,23.861523681640627,-0.5773368004880846,0.18040215985774993,0.6280420285917818
1789031887635527000,23.87152685546875,-0.6545651477277279,0.3006570172667503,0.6404433911338449
1789031887645529900,23.88152978515625,-0.6186603061318398,0.27027006230950357,0.5437856093462556
1789031887655533800,23.891533935546875,-0.4372131672658026,0.1588011534243822,0.36326311104446646
1789031887665536800,23.901536865234377,-0.28838556471467014,0.061470660006999966,0.20753541024867445
1789031887675539700,23.911539794921875,-0.3188601979553699,0.06894377236664295,-0.16402650512354447
1789031887685543000,23.92154296875,-0.403820454621315,0.1180062016993761,-0.36119814133867617
1789031887695545900,23.9315458984375,-0.40417920493111015,0.15214929431974886,-0.27973791041662915
1789031887705548800,23.941548828125,-0.43982115780711173,0.09252689252793789,-0.19646650188677012
1789031887715552800,23.951552734375,-0.48808060019388794,0.04874561846852302,-0.1884989570736885
1789031887725556000,23.961555908203124,-0.5174878964640199,-0.021270167043805122,-0.21247367036845533
1789031887735558700,23.97155859375,-0.44996728876829145,-0.09356909505724906,-0.22730763035230336
1789031887745561900,23.981561767578125,-0.4712706274293363,-0.051122284471988674,-0.10924878515023738
1789031887755565000,23.99156494140625,-0.6175881468556821,-0.013482581907510756,0.07090444144774227
1789031887765567700,24.001567626953126,-0.7844763067543506,-0.0856681126743555,0.15412293248027562
1789031887775571700,24.01157177734375,-0.8099391762476414,-0.11725275298357009,0.19728344429284334
1789031887785575000,24.021574951171875,-0.748429864730686,-0.12197452080845832,0.0862615485228598
1789031887795577900,24.031577880859373,-0.7869267686463892,-0.14344634790420532,-0.05564348822347819
1789031887805580800,24.041580810546876,-0.9274469999708235,-0.07101297985613346,-0.42097544143125415
1789031887815583700,24.051583740234374,-1.1261162725988776,0.20389351008236406,-0.651030178534612
1789031887825586700,24.061586669921876,-1.234301118312031,0.5336866054624319,-0.569834388968721
1789031887835591000,24.0715908203125,-1.0950738494075833,0.627945436349511,-0.6157395963795482
1789031887845593900,24.08159375,-0.5464753598868847,0.35982758363783357,-0.5349559312785044
1789031887855596800,24.0915966796875,-0.02634082137160003,-0.013249942195415495,-0.3588576060945168
1789031887865599700,24.101599853515626,0.06650923869609833,-0.14366320552527903,-0.1657153897922486
1789031887875602700,24.111602783203125,-0.300088861989975,0.08237842347919941,0.12282580387555062
1789031887885606000,24.12160595703125,-0.6330126566112041,0.3329126887053251,0.26509280580207706
1789031887895609900,24.13160986328125,-0.44679581912532446,0.25563363419175145,0.3840966402366757
1789031887905612800,24.14161279296875,0.11105813612714409,-0.08564122466742992,0.38559045899100597
1789031887915615700,24.15161572265625,0.6018576398909091,-0.3164648272514343,0.19774017508439717
1789031887925619000,24.161618896484374,0.6022469314694404,-0.19233985041081905,0.12926767349131404
1789031887935621600,24.17162158203125,0.29919695465154944,0.14383154782950877,0.32602585180103777
1789031887945624800,24.181624755859374,0.21256262729354203,0.36898236547410485,0.38200134845785794
1789031887955628800,24.19162890625,0.4156453324496746,0.32826164802908897,0.32244024839922786
1789031887965631700,24.2016318359375,0.5537840754650533,0.1693967817187309,0.09196377875246108
1789031887975634700,24.211634765625,0.40910555541738863,0.04861994626224041,-0.10212956426218152
1789031887985638000,24.221637939453124,0.07600428533740342,0.09896890827417373,-0.18096183956712483
1789031887995640800,24.231640869140627,-0.11562675921693444,0.18624796327650545,-0.2742352396134287
1789031888005643800,24.241643798828125,-0.14789331737570463,0.168840901401639,-0.45554764618389304
1789031888015648000,24.25164794921875,-0.05962006370425224,0.0006529109507799148,-0.5129369551613927
1789031888025650700,24.261650634765626,0.0194411980509758,-0.15476678334176538,-0.4869399057261645
1789031888035654000,24.27165380859375,-0.09432897351384162,-0.23390929363965987,-0.44216794012896715
1789031888045656800,24.28165673828125,-0.2649253402806818,-0.22358488350212571,-0.5007772924207151
1789031888055659800,24.29165966796875,-0.2823604592062533,-0.21257190657854078,-0.6613099458128213
1789031888065663000,24.3016630859375,-0.20069427564963696,-0.20298867019712924,-0.7936608261417597
1789031888075665700,24.311665771484375,-0.14941307428888975,-0.07100070489645004,-0.8508106272749603
1789031888085669600,24.321669677734373,-0.11839015951566398,-0.0270528420984745,-0.9151159992512315
1789031888095672800,24.3316728515625,-0.08612681622728705,-0.12545417961776256,-0.9813942787356674
1789031888105676000,24.341676025390626,-0.08131634720563888,-0.1522656141757965,-1.0267923403419554
1789031888115678700,24.3516787109375,-0.0251531459569931,-0.12443477344214915,-0.9786904996696859
1789031888125682000,24.361681884765623,-0.012830255478620529,-0.07783727291822433,-0.9419001804761588
1789031888135684600,24.3716845703125,-0.09311185280904173,-0.041916649231314655,-0.85449457648471
1789031888145688800,24.381688720703124,-0.2110265768326819,-0.15988018083274363,-0.8291408664543182
1789031888155691800,24.39169189453125,-0.25533450511470435,-0.41056934435963627,-0.7776224222715944
1789031888165694700,24.40169482421875,-0.2772526877384633,-0.7803723785668611,-0.7184917495194822
1789031888175698000,24.411697998046876,-0.3382511271238327,-1.1597101338386535,-0.8205564318519085
1789031888185700900,24.421700927734374,-0.45852344712428744,-1.275865739235282,-0.8761836265277116
1789031888195703800,24.431703857421876,-0.6891758578598499,-0.9536924712091683,-0.7599569286562502
1789031888205707800,24.441707763671875,-0.9105531483151018,-0.3487771973133087,-0.5993732026640325
1789031888215711000,24.4517109375,-1.0791957506656646,0.2398421908199787,-0.45795755686983464
1789031888225713700,24.461713623046876,-1.0805867666326463,0.6447545323312283,-0.20455811147093772
1789031888235716900,24.471716796875,-0.8774091497346759,0.7181424246251583,-0.06964527169950306
1789031888245719800,24.4817197265625,-0.6577155745826662,0.5322305614352226,-0.08939151711165905
1789031888255722800,24.49172265625,-0.6457400362372397,0.22761340836584568,-0.2670462048921734
1789031888265726700,24.501726806640626,-0.8283506659246981,0.1310252577483654,-0.6070717943426222
1789031888275730000,24.51172998046875,-0.9368706618763506,0.14762275680601597,-0.8400568858094513
1789031888285732900,24.52173291015625,-0.859829361641407,0.24806699832975862,-0.873835017574951
1789031888295735800,24.53173583984375,-0.5539513948559761,0.3227309019088745,-0.7823452860750257
1789031888305739000,24.541739013671876,-0.3012975071273744,0.19194763622283934,-0.5311326831959188
1789031888315741700,24.55174169921875,-0.4008861547350883,0.11501169605851173,-0.2957795474234968
1789031888325746000,24.561745849609373,-0.5112944486513733,0.2073994723767042,-0.3185675716843456
1789031888335748900,24.571748779296875,-0.6457455891951919,0.3431307158589363,-0.5022762257415802
1789031888345751800,24.581751708984374,-0.5730696445629,0.026333295652270317,-0.6801444101423024
1789031888355754800,24.591754638671876,-0.12092808049544691,-0.6143757606804371,-0.6807435450792312
1789031888365757700,24.6017578125,0.11339286268502473,-1.191792786797881,-0.3740213094893843
1789031888375761000,24.611760986328125,-0.0630931466422975,-1.1596692173063754,-0.5315129877503961
1789031888385763800,24.621763916015624,-0.1487260418727994,-0.8261345973104238,-0.5783099563691765
1789031888395767800,24.631767822265626,-0.22614435872659086,-0.39947278080582616,-0.7564077848073094
1789031888405770800,24.641770751953125,-0.09377163189202546,-0.22898235863149166,-0.4625193118274212
1789031888415774000,24.65177392578125,0.48657677150219675,-0.46236207543909547,0.17735870050862432
1789031888425776600,24.661776611328126,0.6389376627460122,-0.6352975526779889,-0.26551629191115494
1789031888435779800,24.67177978515625,0.10325696085691452,-0.1254091714322567,-0.5812216060321778
1789031888445782800,24.68178271484375,-0.6905138284653425,0.779975488203764,-0.5685558934655041
1789031888455786800,24.691786865234373,-0.8120484965518117,1.0985942786186933,-0.09697568863034248
1789031888465789700,24.701789794921876,-0.5181228333666921,0.4041647380143404,-0.0457649221573025
1789031888475793000,24.71179296875,-0.2180643665149808,-0.641051001638174,-0.3224751005169004
1789031888485795800,24.7217958984375,-0.33531682723760603,-0.9945184025943279,-0.33473457037024196
1789031888495799800,24.7317998046875,-0.7617395742893218,-0.32965865534543987,-0.26852424155548216
1789031888505802800,24.741802734375,-1.0312816145852208,1.0302484721451997,-0.2934090919651091
1789031888515806700,24.751806640625,-0.4835480713307857,2.010041599294543,-0.10374050659015774
1789031888525809700,24.7618095703125,0.30325083315223456,2.0069448023229834,0.05391118453815579
1789031888535812600,24.7718125,0.5561480281174183,1.130904310593009,-0.2578648273099214
1789031888545815800,24.78181591796875,0.40565731465965504,0.030879706910252568,-0.8330342936962842
1789031888555818800,24.79181884765625,-0.045885845123231406,-0.22645956215560434,-1.1200967931136487
1789031888565821700,24.80182177734375,-0.2529036247059703,0.3647416591644287,-0.9419117978487164
1789031888575825700,24.81182568359375,0.10775310323238373,1.074247188347578,-0.5503220253776758
1789031888585828900,24.821828857421874,0.7326166479185223,0.7973322811961173,-0.5523697516877204
1789031888595831600,24.83183154296875,0.6093114630281925,0.23440146107077597,-0.8158965502820908
1789031888605834800,24.841834716796875,-0.2712839155271649,0.35533085674047465,-0.8145080185331404
1789031888615837700,24.851837646484373,-0.5064020004346966,0.7706067713558673,-0.4950056502167135
1789031888625840600,24.861840576171875,0.08930559239387512,0.7137772151529789,-0.42431320755183694
1789031888635843800,24.87184375,-0.019850363373756407,0.6437374642431736,-0.3910148221272975
1789031888645847800,24.881847900390625,-0.43876171188205476,0.30523849983811374,-0.19506810633093116
1789031888655850800,24.891850830078123,-0.17237433622479437,-0.7010580188333988,-0.48425987286195155
1789031888665853700,24.901853759765626,-0.0835658796980977,-1.1675053177595138,-0.8356900689020752
1789031888675856600,24.911856689453124,-0.257102245439589,-0.9484797049969435,-0.7684060464411974
1789031888685859600,24.921859619140626,-0.4048129727900028,-0.5685679492294788,-0.6066130907896906
1789031888695862800,24.93186279296875,-0.4174047433376312,-0.3940951794207096,-0.5381083674274385
1789031888705866800,24.94186669921875,-0.20786095240861177,-0.47494215554893016,-0.38093149073664095
1789031888715869700,24.95186962890625,-0.051831309524178505,-0.4693821833342314,-0.5645922870641574
1789031888725872600,24.96187255859375,0.09888619842678308,-0.45050329534113404,-0.740021371217072
1789031888735875600,24.97187548828125,0.09227963976860046,-0.2684025148719549,-0.6854024768009781
1789031888745878800,24.981878662109374,-0.004352057729661464,0.018486673805117607,-0.6607243279445916
1789031888755881700,24.9918818359375,-0.1890147976413369,0.431153867226839,-0.5288396768879146
1789031888765885700,25.0018857421875,-0.36623218998312945,0.8148749521493911,-0.2812878250060603
1789031888775888600,25.011888671875,-0.3890484174251556,0.8732955769360065,-0.09306048794798552
1789031888785891800,25.021891845703124,-0.38930794514417644,0.6262807180076837,-0.1468459637472406
1789031888795894500,25.03189453125,-0.2979600332677364,0.2961421701908111,-0.26522983965259045
1789031888805897700,25.041897705078124,-0.1316166477702558,0.015851064604520796,-0.3458028211450204
1789031888815901000,25.05190087890625,-0.0670788552775979,-0.08933306492269039,-0.4292672862952575
1789031888825903600,25.061903564453125,-0.14822291465625165,0.028802900636196133,-0.5188756244953722
1789031888835907600,25.071907470703124,-0.119120738812536,0.15693419050872326,-0.2888341852650046
1789031888845910800,25.081910888671874,-0.005700257468223571,0.11050094063580035,-0.013039587380364537
1789031888855913700,25.091913818359377,0.055685062342882154,-0.06846914059221744,0.18787413970623165
1789031888865916700,25.101916748046875,0.07186477437987923,-0.260696178278327,0.16971688051857053
1789031888875919600,25.111919677734374,-0.0018517653465270996,-0.5253501542717218,-0.07879066465292126
1789031888885922600,25.121922607421876,-0.17418386986479162,-0.7285545130461454,-0.2457916738089174
1789031888895926800,25.1319267578125,-0.461359620398283,-0.7991115658283233,0.01692541583776474
1789031888905929700,25.1419296875,-0.797243433868885,-0.8503232821494341,0.09495854012165218
1789031888915932700,25.1519326171875,-1.058457060150057,-0.866679373666644,0.020669863063097
1789031888925935900,25.161935791015626,-1.063784246522188,-0.798556270033121,-0.2637212982531637
1789031888935938600,25.1719384765625,-0.9442446977756916,-0.5095131181925535,-0.4210021102424711
1789031888945941800,25.181941650390623,-0.9329936743125319,-0.13891338064968586,-0.4639296535493806
1789031888955945700,25.19194580078125,-0.8391266192220151,0.040679800912737846,-0.2758563380092382
1789031888965948700,25.20194873046875,-0.8009342512108385,-0.019514847809076308,-0.059448287333920595
1789031888975951600,25.21195166015625,-0.8795745110750198,-0.25504735873639583,-0.05434321927987039
1789031888985954800,25.221954833984373,-0.990894366878271,-0.3711947808265686,-0.05927567071337252
1789031888995957500,25.23195751953125,-1.1468190880835056,-0.13819909490048884,-0.24152751355841753
1789031889005960700,25.241960693359374,-1.1685375834167002,0.3171002025455236,-0.3479964952643961
1789031889015964000,25.2519638671875,-1.1242213256977498,0.7198480594992637,-0.6233624924734235
1789031889025967600,25.261967529296875,-1.0598948378682136,0.912135302940011,-0.8352679710324853
1789031889035970600,25.271970458984374,-0.937471404248476,0.8029606424719095,-0.9865030731167643
1789031889045973800,25.281973876953124,-0.7568740140795708,0.46810441848337647,-0.9655476711105555
1789031889055976700,25.291976806640626,-0.6755870390988886,0.15413725326657293,-0.6945823200132697
1789031889065979600,25.301979736328125,-0.8322796028714626,0.14981880554556845,-0.21145240102931856
1789031889075982800,25.31198291015625,-0.8893699289023875,0.33440789569914336,0.05852357370443642
1789031889085986600,25.321986572265626,-0.5597568662643432,0.43427287603020664,0.08585472128763795
1789031889095989800,25.33198974609375,-0.2626620715238154,0.29574060365259647,-0.23578728940598664
1789031889105992700,25.34199267578125,0.07633607457503676,0.20559096165001392,-0.139743474798277
1789031889115995600,25.35199560546875,0.4006840562917292,0.35069968980848787,0.10935944245047867
1789031889125998800,25.361998779296876,0.6375929701387882,0.30782734728753564,-0.09324607364796102
1789031889136001500,25.37200146484375,0.7708148611485958,0.07535890010595321,-0.5633781985666603
1789031889146005500,25.382005615234377,0.720564537205547,-0.04288052582740783,-0.6662321315806359
1789031889156008700,25.3920087890625,0.5117291137415916,0.1708744530558586,-0.3080401863206178
1789031889166012000,25.402011962890626,0.18760609988719223,0.3331856604278087,-0.06771496122404932
1789031889176014600,25.4120146484375,0.15456410037651658,-0.08626432500183581,-0.31687209287807344
1789031889186017800,25.422017822265627,0.3556524899102747,-0.7251280457288026,-0.6351227075677365
1789031889196020500,25.4320205078125,0.23723273897394537,-0.8887830689251423,-0.7221331747617572
1789031889206023700,25.442023681640624,0.031237872698158024,-0.32881928191184995,-0.4526816622935235
1789031889216027600,25.452027587890626,-0.19277999539375304,0.43247371765375137,-0.14939334667511284
1789031889226030600,25.462030517578125,-0.1936228759586811,0.5622884305685758,-0.23988420333079993
1789031889236033800,25.47203369140625,0.06466697183027863,0.049943303820490836,-0.6386166871633381
1789031889246036700,25.48203662109375,0.24227847805619238,-0.5332002832502126,-0.9239320506524294
1789031889256039700,25.492039794921876,0.12656667090430854,-0.6633668783426284,-1.0454344239044935
1789031889266042600,25.502042724609375,-0.0542332560993731,-0.33738895733654495,-0.9749988055448978
1789031889276046800,25.512046875,-0.09675459322556852,-0.004353519034385681,-0.728705831150338
1789031889286049500,25.522049560546876,-0.007602437827736139,0.1326934832215309,-0.644115722971037
1789031889296052700,25.532052734375,0.08593509304746985,0.026153847432136536,-0.5005108965694904
1789031889306055700,25.5420556640625,0.1235189737714827,-0.21016133830547332,-0.456906878773123
1789031889316058600,25.55205859375,0.0693991149187088,-0.3098515465915203,-0.49024311199001963
1789031889326061800,25.562061767578125,-0.19307094116434453,-0.09998363827466965,-0.5705320889092982
1789031889336065800,25.572065673828124,-0.5892306518994271,0.18866496129035948,-0.6835712427858263
1789031889346068700,25.58206884765625,-0.6823473270140588,0.14101298327744005,-0.5792697413120419
1789031889356071700,25.59207177734375,-0.7044258878313004,-0.2584463535249233,-0.5659161926116794
1789031889366075000,25.602074951171875,-0.6901824045538902,-0.7187444821715354,-0.6618930794630199
1789031889376077600,25.61207763671875,-0.6790073689363897,-0.8518950615108013,-0.8024228823333979
1789031889386080800,25.622080810546876,-0.7759023935459554,-0.607646744686365,-0.9379751159869134
1789031889396083700,25.632083740234375,-0.9003856823049485,-0.16570201885402203,-0.8984154782105237
1789031889406087700,25.642087646484374,-1.0714343228839338,0.15902385626435278,-0.8638869664691388
1789031889416090600,25.652090576171876,-1.119173540788889,0.08749182097017764,-0.6365395155631005
1789031889426093600,25.662093505859374,-0.9240073809109628,-0.3332967195868492,-0.4582021792806685
1789031889436096800,25.6720966796875,-0.462761157759279,-0.8817734824240208,-0.46198673932068046
1789031889446099700,25.682099609375,-0.24798092748150227,-1.0092074376821518,-0.4147114126004278
1789031889456102700,25.6921025390625,-0.4579061189435422,-0.5788508583128452,-0.5352002248957752
1789031889466106600,25.702106689453124,-0.9391863914728165,-0.06555412992835044,-0.8439756666883825
1789031889476109800,25.71210986328125,-1.0575367304347454,0.21118483613431452,-0.8414618572365492
1789031889486112500,25.722112548828125,-0.5897099598489701,0.20846037960648536,-0.5899803012229502
1789031889496115000,25.732114990234376,-0.233005476667732,-0.031989713978767396,-0.3627589609146118
1789031889506118000,25.742117919921874,-0.26391967036947606,-0.23675416167676447,-0.07567476112209261
1789031889516120800,25.752120849609376,-0.5518634826660156,-0.1906599344998598,0.006099485918879509
1789031889526124000,25.7621240234375,-0.7669944260776043,-0.03340425695180893,-0.1470735254254192
1789031889536127700,25.772127685546874,-0.7887535456821322,-0.0763660313218832,-0.27058943045698103
1789031889546131000,25.782130859375,-0.5410289310492575,-0.3725187229067087,-0.23856807923093437
1789031889556134000,25.7921337890625,-0.29286154108494517,-0.7124076803654432,-0.27110563635081053
1789031889566136800,25.80213671875,-0.5623192640982568,-0.7665501894414425,-0.36228944370672106
1789031889576140000,25.81214013671875,-0.5948173659905791,-0.6222890180230141,-0.28503018987216056
1789031889586143000,25.82214306640625,-0.08773089042305945,-0.38434652334451674,-0.13329079152755438
1789031889596147000,25.83214697265625,0.05243643581047654,-0.2361953587502241,-0.12958375370316208
1789031889606150000,25.84214990234375,0.024348989967256783,-0.13222528118789195,-0.1538865664411336
1789031889616153000,25.852153076171874,0.03674742989987135,0.006097147831320762,-0.06594524813778697
1789031889626155800,25.86215576171875,0.34363398920595645,0.0869710119664669,-0.1469959301445633
1789031889636159000,25.872158935546874,0.5764321067333221,0.01084638818502426,-0.37239261230900883
1789031889646162000,25.882161865234377,0.5060140240304172,-0.06262099908590317,-0.6155046185798942
1789031889656164900,25.892164794921875,0.2559343707039952,-0.05321545735895633,-0.6040588762622326
1789031889666168800,25.9021689453125,0.04030979855656624,-0.14452946696579455,-0.5556052995428442
1789031889676172000,25.912172119140624,-0.3254942291423678,-0.22924714704751967,-0.4567705390423536
1789031889686175000,25.922175048828127,-0.6013873920306563,-0.011722001975774764,-0.2027318458918482
1789031889696178000,25.932177978515625,-0.6428975062876939,0.5194634343206882,0.0908865049097687
1789031889706180900,25.942180908203124,-0.3782973063081503,1.0248889909386634,0.3111111912637949
1789031889716183800,25.952183837890626,-0.2788321389496326,1.2875322116315364,0.4575239146929234
1789031889726188000,25.96218798828125,-0.03181640323847532,1.2588649200737476,0.29613413301482794
1789031889736190700,25.972190673828123,0.4413143189743161,0.8632266028642654,-0.06868176042959094
1789031889746194000,25.98219384765625,0.4398568136423826,0.3598690846920013,-0.5351939412854612
1789031889756196900,25.99219677734375,-0.18607348349243402,0.48901218195557594,-0.8010627729613333
1789031889766199800,26.00219970703125,-0.5427598464950919,0.9326350701332091,-0.5640114549688995
1789031889776203000,26.012203125,0.36442952447533605,0.36879941012263295,-0.4382116402512416
1789031889786207000,26.02220703125,1.1698282077491282,-0.5378320347040891,-0.7113885664507746
1789031889796210000,26.0322099609375,0.8173162078216671,-0.7459113060384989,-0.869745483238995
1789031889806212900,26.042212890625,-0.3688806586652994,-0.02178396178483963,-0.7244535074681043
1789031889816216000,26.052216064453123,-0.3524807280063629,0.4603910676270723,-0.3818409337317571
1789031889826218800,26.06221875,0.15565554887503386,0.5361012653887272,-0.29826683419458566
1789031889836222000,26.072221923828124,0.14941314735412597,0.8024012550234794,-0.26102296254727986
1789031889846225000,26.082224853515626,0.2740592254593968,0.8721411462038755,-0.05091101634148508
1789031889856228900,26.092228759765625,0.5357245410308241,0.3594435527563095,-0.06778251003492623
1789031889866231800,26.102231689453124,0.5760334628045558,-0.09752981538176536,-0.1935486051460728
1789031889876235000,26.112235107421874,0.48578123721033334,-0.3037134822279215,-0.2929539686087519
1789031889886238000,26.122238037109376,0.20195786584466693,-0.2543739895194769,-0.4035431720498949
1789031889896241000,26.132240966796875,-0.30464696368575095,0.2089502089500427,-0.3567402120817452
1789031889906243800,26.142243896484374,-0.5102852716088294,0.6947901906102896,-0.1090974487797357
1789031889916247800,26.152247802734376,-0.19635463901013134,0.8043880449265242,0.17411730743460357
1789031889926251000,26.1622509765625,0.29840792316570874,0.43910394944846626,0.31729177959486843
1789031889936253700,26.172253662109377,0.5719508696660399,-0.1656377214461565,0.06215869707008823
1789031889946257000,26.1822568359375,0.3792094527170062,-0.4883171854287386,-0.32198322534672913
1789031889956259800,26.192259765625,-0.1544122708156705,-0.29057752180099483,-0.5390517126921563
1789031889966262800,26.2022626953125,-0.5061541631534695,0.05909925470054149,-0.40846754977479577
1789031889976266000,26.212265869140627,-0.4507414880111813,0.3435661846667528,0.022266749466257167
1789031889986270000,26.22227001953125,-0.10141206364259123,0.45398412319421766,0.3224536558700725
1789031889996273000,26.23227294921875,0.2810020303346217,0.36826749520301816,0.32374340341966595
1789031890006275800,26.24227587890625,0.5405705197572708,0.07087386364638805,0.08354566802713088
1789031890016279000,26.252279052734377,0.4521441944159567,-0.22925123870074748,-0.35513445738554
1789031890026281700,26.26228173828125,0.1943593735396862,-0.43205519998073577,-0.46654151654820886
1789031890036285000,26.272284912109374,-0.2530279817380011,-0.5756821651488542,-0.28805889004357155
1789031890046288100,26.2822880859375,-0.49510509200319647,-0.7827192339539527,-0.10189698848216794
1789031890056291800,26.292291748046875,-0.4457141613684594,-0.9897527956277131,0.16317025362038984
1789031890066294800,26.302294677734373,-0.394345208659023,-1.0907470722496508,0.149066233612597
1789031890076298000,26.312298095703124,-0.47243631020784377,-1.192809270364046,-0.08292235763017088
1789031890086301000,26.322301025390626,-0.4794799451090395,-1.1096762291252613,-0.2664025184274651
1789031890096303900,26.332303955078125,-0.5674760623395443,-0.7425865455299615,-0.272351033302024
1789031890106306800,26.342306884765627,-0.7295898474432527,-0.35393677203357216,-0.12081267395485192
1789031890116310800,26.352310791015626,-0.8432723407246172,-0.1609364118874073,-0.0031894802236929532
1789031890126314000,26.36231396484375,-0.8571452371239662,-0.21979192095994948,-0.06332193216318265
1789031890136317000,26.37231689453125,-0.7198645722426473,-0.33368075046837326,-0.17003756384029983
1789031890146320000,26.38231982421875,-0.6006489947535097,-0.2379512625068426,-0.26022673413567243
1789031890156323000,26.392322998046875,-0.6733084266424179,0.18776888923346996,-0.38873007219098504
1789031890166325800,26.40232568359375,-0.9531389289796351,0.5764338602989911,-0.24192422125842422
1789031890176329700,26.412329833984376,-1.0074912083487957,0.6510217760324478,-0.0365641822874546
1789031890186333000,26.4223330078125,-0.9110745418407022,0.5009282451987266,0.04445234172139317
1789031890196335900,26.4323359375,-0.7693443502046168,0.42186932153105733,0.12675072223432363
1789031890206338800,26.4423388671875,-0.7484322758834808,0.5336988804221153,0.06990874494127929
1789031890216342000,26.452342041015626,-0.8856687362968921,0.7829080345243216,0.009775069159083067
1789031890226344700,26.4623447265625,-0.9568961626213044,0.9884189166754483,-0.21985519545450805
1789031890236348000,26.472347900390623,-0.8695533947329968,0.9471633617013693,-0.4143877336040139
1789031890246352000,26.482351806640626,-0.70106050305143,0.7766355301260948,-0.4241644101982936
1789031890256354800,26.492354736328124,-0.720647685444355,0.5807388640165329,-0.3036237215852365
1789031890266358000,26.50235791015625,-0.6630897419016808,0.43084348610341544,-0.08389657295718789
1789031890276361000,26.51236083984375,-0.4710789042495191,0.33311493327915664,0.15963365872576832
1789031890286364000,26.522364013671876,-0.08780095998458563,0.049179918232560155,0.317486425384134
1789031890296366800,26.532366943359374,0.32462833302803334,-0.30434067421555516,0.3262683918526396
1789031890306370000,26.5423701171875,0.42121114988327024,-0.48497547378540035,0.3666956062437966
1789031890316373800,26.552373779296875,0.3333773836076259,-0.5365916792541742,0.4929113813512027
1789031890326377000,26.562376953125,0.2935666206143796,-0.6580828004598617,0.47437794579491016
1789031890336380000,26.5723798828125,0.4740203645288944,-0.8258423363655805,0.3435883234333247
1789031890346382800,26.5823828125,0.543202110369876,-0.84525781545341,0.04583937563300133
1789031890356386000,26.592385986328125,0.32747721965312954,-0.6494967584222555,-0.07008468603007495
1789031890366388700,26.602388671875,0.0969312649667263,-0.435018141439557,-0.10257453155070542
1789031890376393000,26.61239306640625,0.0285353357411921,-0.28050504059791564,-0.14498466338738797
1789031890386396000,26.62239599609375,0.07235577276721596,-0.05116203196048736,-0.1906235480122268
1789031890396399000,26.632399169921875,0.06664265581741928,0.17686404885947704,-0.2585257754366845
1789031890406401800,26.64240185546875,-0.00817526927962899,0.3685761227607727,-0.4058008147835731
1789031890416405000,26.652405029296876,-0.07253200611695647,0.5763040964394808,-0.5229732690725475
1789031890426408000,26.662407958984375,-0.0538822507046163,0.6056909344434738,-0.6247098884943872
1789031890436411000,26.672410888671877,0.14048296805396676,0.2454015785127878,-0.6530573004480451
1789031890446414800,26.682414794921876,0.3394854912243783,-0.29926760873496533,-0.8371426057979464
1789031890456417800,26.692417724609374,0.2649661106824875,-0.5272124410122633,-1.003641620248556
1789031890466421000,26.7024208984375,0.03215454915165901,-0.22748305998444557,-0.8945940932914614
1789031890476424000,26.712423828125,-0.1022118357181549,0.2926964136511087,-0.6283827317882329
1789031890486427000,26.722427001953125,-0.0477436018191278,0.6255851369589567,-0.41186442567147313
1789031890496429800,26.732429931640624,0.17466083972677587,0.5330471385151148,-0.28922720317058265
1789031890506435000,26.74243505859375,0.387661931502819,0.12442132943868636,-0.2757476169377565
1789031890516438000,26.75243798828125,0.31351883692741395,-0.30229017142653464,-0.40787988607995207
1789031890526441200,26.762441162109376,-0.037556554325670004,-0.5660638574540615,-0.48920682774484153
1789031890536444200,26.772444091796874,-0.3901262757897377,-0.6583633709669113,-0.4949737937737256
1789031890546447000,26.782447021484376,-0.5189421869255602,-0.6757546507507562,-0.376455185572803
1789031890556450000,26.792449951171875,-0.5129927770018577,-0.7148913138747215,-0.318092209257558
1789031890566453000,26.802452880859374,-0.43194194886460896,-0.7686573908537626,-0.2108951324727386
1789031890576457000,26.81245703125,-0.5023743523538112,-0.8071142550200223,-0.1025683210056275
1789031890586460200,26.822460205078126,-0.6736661540389061,-0.6723042180359363,-0.019426877264678476
1789031890596462800,26.832462890625,-0.8031376064740121,-0.32627310456037517,-0.03779693895280361
1789031890606466000,26.842466064453124,-0.7929426679350435,0.11790040323734283,-0.1571248907752335
1789031890616469200,26.85246923828125,-0.7224059272885323,0.500686837658286,-0.24763087193481623
1789031890626472000,26.862471923828124,-0.6067440967582166,0.7351566877901554,-0.42066652161255474
1789031890636476200,26.87247607421875,-0.5205681806921959,0.7555652695685625,-0.4996043761838227
1789031890646479000,26.88247900390625,-0.4614370695486664,0.6085790571004152,-0.6020688714887946
1789031890656482000,26.89248193359375,-0.4035828464731574,0.292910348662734,-0.7740036472525447
1789031890666485000,26.902485107421874,-0.34077246229499575,-0.20509236447811124,-0.8467306644849478
1789031890676488200,26.91248828125,-0.26812472084388134,-0.7556716525524855,-0.8732747533436864
1789031890686491100,26.9224912109375,-0.31281960261687636,-1.0099205543875693,-0.8071122091934084
1789031890696494000,26.932494140625,-0.6253470904193819,-0.8028846546262502,-0.6574846153710037
1789031890706498000,26.942498046875,-0.698121234729141,-0.4302577951699495,-0.5302260897450148
1789031890716501000,26.9525009765625,-0.3520540270268917,-0.2381774724781513,-0.17005298060514032
1789031890726504200,26.962504150390625,0.039871114878356456,-0.21642449035346506,0.1562917278867215
1789031890736507100,26.972507080078124,-0.05506079296469688,-0.37905250858962536,0.5738596258968115
1789031890746510000,26.982510009765626,-0.35823622279316186,-0.539596706289053,0.8076600523345172
1789031890756513000,26.992512939453125,-0.5170690865300596,-0.550133882394433,0.5234738390058279
1789031890766516000,27.002515869140623,-0.21294585445746778,-0.5753548328906297,0.40553657435681667
1789031890776520000,27.01252001953125,-0.07477204012870788,-0.6475742659270763,0.18922222984693943
1789031890786523100,27.022523193359376,0.0013595979154109954,-0.5483885000318288,-0.11611958423517643
1789031890796526000,27.032526123046875,0.15480711535215377,-0.18836919321417808,-0.0015973521940410135
1789031890806529000,27.042529052734373,0.28435850115567446,0.619752777543664,0.043106443537771696
1789031890816532200,27.0525322265625,0.8237687449619173,1.1168348687082528,0.3399862438207492
1789031890826535000,27.062534912109374,1.585286493194103,0.6626660365968943,0.530659695389308
1789031890836539100,27.0725390625,1.7515908618554472,-0.21508944235742092,0.04429656663779169
1789031890846542000,27.0825419921875,0.6928034007072449,-0.24594343030452726,-0.5955199613019824
1789031890856545000,27.092544921875,-0.7589344537407159,0.9608534488797187,-0.4417324713211506
1789031890866548000,27.1025478515625,-0.7608700979784131,1.7564561298042536,0.3350539385177195
1789031890876551200,27.11255126953125,0.5524550188183784,0.9062275402009486,0.7973798466648906
1789031890886554000,27.12255419921875,1.2295102307736874,-0.536254410123825,0.40700376083254813
1789031890896557000,27.13255712890625,0.5351309590518474,-0.8157347838491201,-0.0840394702929072
1789031890906561000,27.14256103515625,-0.656383303065598,0.32339316520988937,-0.08745064870957285
1789031890916564000,27.15256396484375,-1.245754970870912,1.5169313343703745,0.3716838795177638
1789031890926567200,27.162567138671875,-0.4485620981454849,1.336028823775053,0.6250673966951668
1789031890936570000,27.172570068359374,0.7376926360085606,-0.3180377756565809,0.22846107470374552
1789031890946573000,27.182572998046876,1.0408806330576539,-1.8097353000491856,-0.388697485095635
1789031890956576000,27.192575927734374,0.08238485321998595,-1.4534996034234762,-0.6454311894837766
1789031890966579000,27.202578857421877,-1.551065951423347,0.7355775435507297,-0.14844585495823995
1789031890976583000,27.2125830078125,-1.3966124718144535,2.16571906774044,0.40903351309448477
1789031890986586000,27.222586181640626,0.5628630155861377,1.4551099612295626,0.2905695576902479
1789031890996589000,27.232589111328124,1.5468568092957138,-0.03720364923477173,-0.18834718231176956
1789031891006592000,27.242592041015627,0.8951277617767452,-0.6994915001690387,-0.3385607045296579
1789031891016595200,27.25259521484375,-0.06429273169040679,-0.28487960242033006,-0.16216489423643796
1789031891026598000,27.262597900390624,-0.20670096871852875,0.3666407707840204,-0.05943632290149107
1789031891036601000,27.27260107421875,0.3091875297248363,0.7885211982309818,-0.021953500532312317
1789031891046605000,27.28260498046875,0.7579708694055676,0.8875146564245223,0.00679710366106592
1789031891056608000,27.29260791015625,0.8835250022664666,0.6894055749624968,-0.10691277081756852
1789031891066611000,27.30261083984375,0.9053642013698816,0.3104401601344347,-0.17466107718879356
1789031891076614100,27.3126142578125,0.6966425404787063,0.04673310960233211,-0.11290989234051667
1789031891086617000,27.3226171875,0.3447159392237663,0.2723772637218237,-0.08514379653930663
1789031891096620000,27.3326201171875,0.33136165987104177,0.4944809687554836,0.006757803697139024
1789031891106624000,27.3426240234375,0.3490121751129627,0.47747196628749367,0.08546884550889954
1789031891116627000,27.352626953125,0.25603373942524194,0.19620529366731643,0.0448238419149071
1789031891126630100,27.362630126953125,-0.07954729170650243,-0.20550971310734747,-0.11827027772935107
1789031891136633000,27.372633056640623,-0.32531478092223404,-0.5560346308708191,-0.15508390473322942
1789031891146636000,27.382635986328125,-0.011461012952029705,-0.9718032974392176,-0.20238085876340045
1789031891156639000,27.392638916015624,0.34765637658983467,-1.1424129620790482,-0.5230293101087212
1789031891166642200,27.40264208984375,-0.02691957110762596,-0.6131324826210737,-0.6569819265458733
1789031891176646000,27.41264599609375,-0.5060252760767936,0.12746727300584315,-0.09564878740813583
1789031891186649000,27.422649169921876,-0.265597394323349,0.40580841356813907,0.6154172325573861
1789031891196652300,27.43265234375,0.21680735219120978,0.07411912917792797,0.8352345071543008
1789031891206655000,27.442655029296876,0.4725615440227091,-0.5100777663379907,0.5414178573016077
1789031891216658200,27.452658203125,0.2032543353959918,-0.8120546340316533,0.14336376592097802
1789031891226660900,27.462660888671873,-0.37140783905535935,-0.7859919720143079,0.022512330858316273
1789031891236664000,27.4726640625,-0.6907914763629436,-0.6493629029095173,0.672742171061784
1789031891246668000,27.48266796875,-0.7795230682611465,-0.5126327115178108,1.0638308621428907
1789031891256671000,27.4926708984375,-0.8458990359663963,-0.3809533737748861,1.0010240581613032
1789031891266674000,27.502673828125,-0.9295569778621197,-0.15596856034696102,0.8106118148121982
1789031891276677000,27.512677001953126,-0.9641593585573136,0.14844284101724622,0.6571619592878967
1789031891286680000,27.52268017578125,-0.8907013236366211,0.47335050244331356,0.585894858540222
1789031891296683000,27.53268310546875,-0.7382945474244653,0.7480027253597974,0.46145402068346736
1789031891306687200,27.542687255859374,-0.5698575506485998,0.7963514534652233,0.24527378741465508
1789031891316690000,27.55268994140625,-0.3163559600494802,0.6836340058237313,-0.05415266514383256
1789031891326693000,27.562693115234374,-0.10065817653536796,0.40515842522680756,-0.45757294146642086
1789031891336696000,27.572696044921877,-0.026002017871290445,-0.021036358287930487,-0.5634833029089495
1789031891346699000,27.582698974609375,0.022657237488031386,-0.4115530946999788,-0.47994259418472646
1789031891356702200,27.5927021484375,0.05035685305744409,-0.5244599274337292,-0.33032069945074616
1789031891366705200,27.602705078125,-0.16281871850267052,-0.3964864584714174,-0.25272450527939944
1789031891376708900,27.612708984375,-0.4552981284022331,-0.27142800017297264,-0.14530994068584405
1789031891386712000,27.622712158203125,-0.737072750544548,-0.31769115417599675,-0.09636074420292862
1789031891396715300,27.63271533203125,-0.8603251823343336,-0.3662450494647026,0.11955951382229103
1789031891406718000,27.642718017578126,-0.7520178062200545,-0.11957388940751552,0.08616892006965353
1789031891416721200,27.65272119140625,-0.6018458763878792,0.264228444057703,-0.22853874304983762
1789031891426723800,27.662723876953127,-0.49533086358308787,0.41942251290082927,-0.554099351959303
1789031891436727000,27.67272705078125,-0.43593642532825466,0.28618542432188987,-0.4193186141349375
1789031891446731000,27.68273095703125,-0.39980829637050624,0.13624679178893565,-0.256977486548759
1789031891456734200,27.692734130859375,-0.30020357441082596,0.0287999780267477,0.06291406374834478
1789031891466737200,27.702737060546873,-0.1419312671661377,-0.034438860696554184,0.06917843963904306
1789031891476740000,27.712739990234375,-0.15654424134306608,-0.014493804776668548,-0.14093571679014713
1789031891486743000,27.722742919921874,-0.2756174146868288,0.13978373374342917,-0.03824776972653344
1789031891496746000,27.73274609375,-0.3630594051659107,0.4136427604556083,0.31801969201061875
1789031891506748000,27.742747802734375,-0.2814823611974716,0.5637076497167348,0.5494245650812983
1789031891516752100,27.752752197265625,0.03066153411492705,0.19613515104055404,0.6471210422668605
1789031891526755000,27.762755126953124,0.42176293854713437,-0.38319852235317226,0.4775030555455014
1789031891536758000,27.772758056640626,0.585433597704023,-0.8464005557477474,0.05187785207964479
1789031891546761000,27.782760986328125,0.3595394143462181,-0.8794161056429147,0.09543214898277073
1789031891556764200,27.79276416015625,-0.015779752933979034,-0.3849246154934168,0.4905777507718652
1789031891566767000,27.80276708984375,-0.07326506963185965,0.09885375746190547,0.7977570824794471
1789031891576771000,27.81277099609375,0.27920279889293015,-0.041487610164284705,0.48933246341850606
1789031891586774000,27.82277392578125,0.532536704774946,-0.4253308601617813,0.015955146033503113
1789031891596777000,27.83277685546875,0.20336568681597708,-0.21794541631042957,-0.09804466956872493
1789031891606780200,27.8427802734375,-0.27958032696843144,0.5658370629608631,0.0035865532498806714
1789031891616783000,27.852783203125,-0.4433329653203487,1.0493693522006273,-0.01405055452119559
1789031891626786000,27.8627861328125,-0.2537397832691669,0.9157505708277225,-0.194174591557309
1789031891636789000,27.8727890625,0.033076778563112016,0.6042419046789408,-0.44286476328670976
1789031891646793200,27.882793212890626,0.209095170378685,0.40778292851150033,-0.5885061370171606
1789031891656796000,27.8927958984375,0.21377982106357812,0.48511517451703545,-0.6332745224177837
1789031891666799000,27.902799072265626,0.17285481321811674,0.6445616401076316,-0.7002759285449981
1789031891676801800,27.9128017578125,0.08776011651754378,0.7643389431327581,-0.7708196103889494
1789031891686805000,27.922804931640623,0.027471432836726307,0.6940308966755867,-0.6730583243388683
1789031891696808200,27.93280810546875,-0.014381576573848724,0.3776379656165838,-0.5631724468614906
1789031891706811000,27.942810791015624,0.06956278104782104,-0.1413683725863695,-0.44021008405946194
1789031891716815000,27.952815185546875,0.306578077878803,-0.7205120763659477,-0.4233094373367727
1789031891726818000,27.962818115234374,0.4774374794960022,-1.009848658195138,-0.5429763387899845
1789031891736821000,27.972821044921876,0.22097499326467512,-0.5155483067035674,-0.5911299096494913
1789031891746824000,27.982823974609374,-0.16458163652196525,0.1981061588525772,-0.5975921644661575
1789031891756827100,27.9928271484375,-0.29267946251630783,0.12380056719183921,-0.33039135353416205
1789031891766830000,28.002830078125,-0.16197788376435637,-0.8356225566238165,-0.18937033308073878
1789031891776833000,28.0128330078125,0.19883929543271658,-1.9574182626098393,-0.2976205721803009
1789031891786837000,28.0228369140625,0.22130130260959266,-2.30872877779305,-0.7888646048411726
1789031891796840000,28.03283984375,-0.3024889088690281,-1.5571581308186053,-0.8418105245437473
1789031891806843100,28.042843017578125,-0.7630453961908816,-0.4531581937640905,-0.7486561477672308
1789031891816846000,28.05284619140625,-0.8009013718545437,0.17788462407886982,-0.37243615918979045
1789031891826849000,28.06284912109375,-0.5471965137682855,0.1298392628341913,-0.03430825658682734
1789031891836852000,28.07285205078125,-0.28946093886122104,-0.28231998106539247,0.013590535794012247
1789031891846855000,28.08285498046875,-0.3805015383541584,-0.609071809053421,-0.0758192476266995
1789031891856859000,28.09285888671875,-0.7323908763386309,-0.5645920313358307,-0.3372185326730832
1789031891866862000,28.102862060546876,-1.0719207912266253,-0.2332587207764387,-0.8235543715588748
1789031891876865000,28.112864990234375,-1.097845944469422,-0.03426291960775852,-1.1368904723305255
1789031891886868000,28.122867919921877,-0.8967607698060571,-0.04468202229142189,-0.9248008693762123
1789031891896871200,28.13287109375,-0.6951087550401687,0.0466202968776226,-0.645343292004615
1789031891906873900,28.142873779296874,-0.5643602684065699,0.29867139640748497,-0.325699798184447
1789031891916877000,28.152876953125,-0.29021146496757866,0.6026771395802497,-0.07504819018896669
1789031891926881000,28.162881103515623,-0.09657119948267937,0.748380326500535,0.19544329631887375
1789031891936884000,28.172884033203125,0.05406257570758462,0.5356891774564981,0.26693386709149924
1789031891946887000,28.182886962890624,0.12578691870346664,-0.36007600544095036,0.1841310441877693
1789031891956890000,28.19289013671875,-0.12694880208969114,-1.2429372831016778,-0.1462026608750224
1789031891966893000,28.20289306640625,-0.45944107342585916,-1.1030594413340091,-0.35108021355867386
1789031891976896000,28.21289599609375,-0.5551414814233779,0.09540449379086494,-0.5915443722018972
1789031891986899200,28.222899169921874,0.2342462705090642,0.927239933091402,0.07775861819144338
1789031891996903000,28.23290283203125,1.2056336806237697,0.9413689962089061,0.8264723048321903
1789031892006906000,28.242906005859375,1.4033455794617533,0.43398412221670146,0.5721092385655269
1789031892016909000,28.252908935546873,0.9640633508369326,-0.06573065553903579,-0.12382230409961192
1789031892026912000,28.262912109375,0.5786208489492535,-0.33998248096108435,-0.5113536680253222
1789031892036915000,28.2729150390625,0.6403203492760657,-0.6296820508837699,-0.5396093465749174
1789031892046918000,28.28291796875,0.5007049578368663,-0.8116390389680862,-0.5863012108514085
1789031892056921000,28.292921142578123,0.06627046150416135,-0.6034422787338495,-0.4291898736774921
1789031892066925000,28.302925048828126,-0.5048118086338043,-0.041301147681474686,-0.21075367817543444
1789031892076928300,28.31292822265625,-0.9042848817005753,0.5056523511111736,0.2170099620912224
1789031892086931000,28.322930908203126,-0.7938897395268082,0.6274094297766685,0.5416984643412753
1789031892096934100,28.33293408203125,-0.3465340945616364,0.3174170134097338,0.4105674446634948
1789031892106936800,28.342936767578124,-0.20473200673311948,-0.02461947747170925,0.15678798697106539
1789031892116940000,28.35293994140625,-0.41162148376107216,-0.1629799004137516,-0.15538232142422348
1789031892126943200,28.362943115234376,-0.979989818765223,0.20791209807395933,-0.29332693010699
1789031892136947000,28.372947021484375,-1.2547753126725554,0.9601116906017064,-0.0774631058435887
1789031892146950000,28.382949951171874,-0.515911002536118,1.1282307074695825,0.05148750105518848
1789031892156953000,28.392953125,0.6772565797463059,0.4248579819530248,0.11450034900289029
1789031892166956000,28.4029560546875,1.162562600660324,-0.5043219792902469,-0.14443682024627924
1789031892176959000,28.412958984375,0.8246344218805431,-0.7891764472693205,-0.6268300224535167
1789031892186962200,28.422962158203124,-0.3663382807061076,0.40291853734552857,-0.7347840550854802
1789031892196964900,28.43296484375,-0.8834232954576611,1.9279811557233333,-0.31720987346507606
1789031892206969000,28.442968994140625,0.35790596792548895,1.9904437493771314,-0.048810975322313606
1789031892216972000,28.452971923828127,1.4615481775835155,1.14677349537611,-0.13808639177363366
1789031892226975000,28.46297509765625,1.6380200122550128,0.18952596203386782,-0.30256615709001194
1789031892236978200,28.472978271484376,0.9266387523278593,-0.11317512828111648,-0.5709974413987249
1789031892246981000,28.482981201171874,-0.14860300001502036,0.3588958557456732,-0.449414002267085
1789031892256984000,28.492984130859377,-0.4123477522090077,0.7925918086707592,-0.09606849239123985
1789031892266987000,28.502987060546875,0.5115457930639385,0.41163200515508647,-0.06832507421271874
1789031892276991200,28.5129912109375,1.3877178022190928,-0.2976034749150276,-0.18173101557502522
1789031892286994000,28.522993896484376,1.2873159385323523,-0.49850423292219637,-0.5124902708398178
1789031892296997000,28.5329970703125,0.5805772437140345,-0.11652736131846904,-0.7684004934832454
1789031892306999800,28.542999755859373,-0.12399521298110484,0.5090817410379648,-0.7594196069091558
1789031892317003000,28.5530029296875,-0.08742840034514665,0.5991109715312719,-0.5242267031997442
1789031892327006200,28.563006103515626,0.49090983227044344,0.031336218506097795,-0.3200360368017107
1789031892337009000,28.5730087890625,0.7834104310885072,-0.6468856991410254,-0.34243363697286694
1789031892347013000,28.58301318359375,0.461585245847702,-0.8404869477897882,-0.38661698902714997
1789031892357016000,28.59301611328125,0.023583120161294935,-0.6730231799602509,-0.3748855251032859
1789031892367019000,28.60301904296875,-0.2904381133303046,-0.4514426220178604,-0.4151506808005273
1789031892377022000,28.61302197265625,-0.3361035937011242,-0.2609697345227003,-0.444404320878908
1789031892387025200,28.623025146484373,-0.38885347937494513,-0.05907236669361591,-0.2669555674666539
1789031892397028000,28.633028076171875,-0.5488517336294054,0.17882044362425803,-0.1291229221252259
1789031892407031000,28.643031005859374,-0.6011386779665947,0.2660761177510023,-0.03616639687521383
1789031892417035000,28.653034912109376,-0.5117065365836024,0.28647067100405693,0.057771166168246416
1789031892427038000,28.663037841796875,-0.46036578705534337,0.1890735420912504,-0.03901460764687508
1789031892437041200,28.673041259765625,-0.402388083730638,0.019602526092529295,-0.026691196578694506
1789031892447044000,28.683044189453124,-0.2868906499817967,-0.08264204285144805,0.0008946929505560547
1789031892457047000,28.693047119140626,-0.1954328479900956,-0.1553109732210636,-0.011425494114076718
1789031892467050000,28.703050048828125,-0.11966902034506201,-0.12320669295191763,-0.01073502763188444
1789031892477053000,28.713052978515623,0.03291296630352735,-0.1647925027936697,-0.03411127271000296
1789031892487057000,28.723056884765626,0.013776888678967952,-0.31569092026948925,-0.18720256058759988
1789031892497060000,28.73306005859375,-0.04835194297581911,-0.38002749110162254,-0.3012004399610683
1789031892507062800,28.743062744140627,-0.14268632331714035,-0.2498947982788086,-0.2670921994583681
1789031892517065700,28.753065673828125,-0.20293796292319893,-0.06746259389817715,-0.2817687038581818
1789031892527069000,28.76306884765625,-0.2775625574052334,0.025546529188752172,-0.23545628561964257
1789031892537071600,28.773071533203126,-0.34192645463570953,-0.05079553673565387,-0.06007986323572695
1789031892547074800,28.78307470703125,-0.34619726382270455,-0.17125088515281675,-0.07969183301003649
1789031892557078800,28.793078857421875,-0.2776585651256144,-0.4076508265644312,-0.24922097240416333
1789031892567081700,28.803081787109374,-0.30725977653264996,-0.6243418588995934,-0.394713603579998
1789031892577084700,28.813084716796876,-0.4702501983404159,-0.6245218916416168,-0.42644780842773616
1789031892587088000,28.823087890625,-0.6801954096771776,-0.43006022677123545,-0.21229575651828198
1789031892597090800,28.8330908203125,-0.8891630081534385,-0.17621698312759398,0.014070300401281564
1789031892607093800,28.84309375,-0.9746576639570296,-0.05646598358750343,0.07657744558285921
1789031892617096700,28.8530966796875,-0.8895825487397611,0.05827624787986278,0.001487443812470883
1789031892627100700,28.8631005859375,-0.9191698777519166,0.21753332837820052,-0.2631151490535587
1789031892637103900,28.873103759765623,-1.1220701390132308,0.4574421546936035,-0.29294618716109544
1789031892647106800,28.88310693359375,-1.407555598372221,0.7181015080928802,-0.3347226972693577
1789031892657109800,28.89310986328125,-1.3972376179754733,0.8309878825604915,-0.5271011626575142
1789031892667112700,28.90311279296875,-0.9299651202715933,0.7502297537595033,-0.6389154509142041
1789031892677115600,28.91311572265625,-0.6148408939741552,0.5591910490751266,-0.6272632993042468
1789031892687118800,28.923118896484375,-0.6052465516768396,0.4049298771679401,-0.39339283983763307
1789031892697122800,28.933122802734374,-0.7131693123877048,0.37854631263315675,-0.034564459837600585
1789031892707125800,28.943125732421876,-0.44751945722475645,0.313501885792613,0.3279062952527776
1789031892717128700,28.953128662109375,0.1604443905867636,0.13364683842360972,0.4150674960291013
1789031892727132000,28.9631318359375,0.47856093056797977,-0.17156185079813002,0.1565982365526259
1789031892737134600,28.973134521484376,0.610851093685627,-0.38063597838878627,0.049834473151154815
1789031892747137800,28.9831376953125,0.47127077355980873,-0.3953367039144039,0.1645293218128383
1789031892757141000,28.99314111328125,0.24506182516440747,-0.2557926241457462,0.4072412228502333
1789031892767144700,29.003144775390624,0.049735944680124516,-0.20845161177814006,0.41194779310598967
1789031892777147600,29.013147705078126,-0.01080810200124979,-0.3757248254716396,0.1622555316619575
1789031892787150800,29.02315087890625,0.11092238091826438,-0.5464110624790192,-0.3653896747443825
1789031892797153800,29.03315380859375,0.1783469808936119,-0.47984278707206246,-0.7065247598066926
1789031892807156700,29.04315673828125,0.1259548226162791,-0.023480828830599782,-0.69357460427545
1789031892817160000,29.053159912109376,0.04568038567900658,0.47359249450564384,-0.5796105175737292
1789031892827162600,29.06316259765625,-0.00671834846958518,0.4421797036319971,-0.792433037912473
1789031892837166800,29.073166748046877,0.03402618824243545,-0.0731593442350626,-1.2260516147524119
1789031892847169800,29.083169677734375,-0.039494828911870714,-0.4820329905927181,-1.4514906016886233
1789031892857172700,29.0931728515625,-0.12518003885149956,-0.4393944568276405,-1.306359953959286
1789031892867176000,29.103176025390624,-0.11526552468910813,-0.24011165541112423,-1.1343518206983805
1789031892877178600,29.1131787109375,-0.16330372554063796,-0.14351415244340895,-1.1137542191538958
1789031892887181800,29.123181884765625,-0.24973800028190016,-0.1899590927541256,-1.0824357555001973
1789031892897184800,29.133184814453124,-0.3530044596195221,-0.22161913638710976,-0.8674179901394993
1789031892907189000,29.14318896484375,-0.3906219503521919,-0.17207096936404703,-0.6128626527037471
1789031892917191700,29.153191650390625,-0.2786639427758753,-0.0689238986223936,-0.44552126914486284
1789031892927195000,29.16319482421875,-0.10952873460277915,-0.12596563627123833,-0.47679457848258316
1789031892937197600,29.173197509765625,-0.05514364894255996,-0.23887305352687835,-0.592093640115112
1789031892947200800,29.18320068359375,-0.2457702656947076,-0.25743337709009645,-0.6073024612933396
1789031892957204000,29.193203857421874,-0.5229577061772346,-0.15005086073577403,-0.7411775555148721
1789031892967206700,29.20320654296875,-0.8582708801530301,-0.09528115967214107,-0.7395874367792159
1789031892977211000,29.2132109375,-0.7461435073591768,-0.2971685906291008,-0.5862017325323075
1789031892987213800,29.2232138671875,-0.2211483040049672,-0.6601432401210069,-0.563389889004454
1789031892997216800,29.233216796875,0.081268562541157,-0.7272732410639524,-0.5419320904340594
1789031893007219700,29.2432197265625,-0.15668094640001654,-0.3414239119410515,-0.4681890280269086
1789031893017223000,29.253222900390625,-0.5512250386320054,0.19046061253547666,-0.5215467434007675
1789031893027225900,29.263225830078124,-0.7194001696012914,0.37365444893836974,-0.6409469567418098
1789031893037228800,29.273228759765626,-0.45187736017331476,-0.11240355938673019,-0.7206332915928214
1789031893047232800,29.283232666015625,-0.11799991808906198,-0.8350678453505038,-0.8464895492054522
1789031893057235700,29.293235595703123,-0.08162716672047972,-1.224456454515457,-1.0011607632182538
1789031893067239000,29.303239013671874,-0.39064197022691366,-1.02543610342741,-1.022412956213951
1789031893077241900,29.313241943359376,-0.6216567114688456,-0.4165063331931829,-0.914552300953865
1789031893087244800,29.323244873046875,-0.6525861027397215,0.20866437774598598,-0.6151238025687634
1789031893097247700,29.333247802734373,-0.47232612783163785,0.6475193208694457,-0.5032642138656228
1789031893107250700,29.343250732421875,-0.28839287123829127,0.6463321569114923,-0.4602244058232754
1789031893117254700,29.353254638671874,-0.22203385466784237,0.22507132266759872,-0.32648353244066236
1789031893127257900,29.3632578125,-0.22887509886473417,-0.1728793631374836,-0.2899167198047042
1789031893137260800,29.3732607421875,-0.5058744694292545,-0.2307183886438608,-0.5682347717523575
1789031893147263700,29.383263671875,-0.7419745511114597,-0.058278585967421526,-0.9602450346577912
1789031893157267000,29.393266845703124,-0.7263745386585593,-0.1283709438472986,-0.9711500211622566
1789031893167269600,29.40326953125,-0.6347673913240433,-0.5958294656425714,-0.9047658701505511
1789031893177272800,29.41327294921875,-0.40383097601532936,-1.035630165183544,-0.5858225970216095
1789031893187276800,29.42327685546875,-0.17400895168930292,-1.071798626151681,-0.2036770908527076
1789031893197279700,29.43327978515625,-0.2698655731618404,-0.5661240632086992,-0.21989136274643242
1789031893207282700,29.44328271484375,-0.36729105138629675,0.2404518471509218,-0.25700718756727875
1789031893217286000,29.453285888671875,-0.03409983800053596,0.6770768392652273,0.0748679747838527
1789031893227288800,29.463288818359374,0.3610194237709045,0.5627314981609582,0.5558502872798592
1789031893237291800,29.473291748046876,0.5812409683197737,0.19150807576179504,0.4136967556651681
1789031893247294700,29.483294677734374,0.5937979598149656,-0.34764673197865487,-0.03337210824787617
1789031893257298700,29.493298583984377,0.1102899282336235,-0.6253676948159933,-0.5737045814655721
1789031893267302000,29.503302001953124,-0.6637374652206898,-0.5156529361218214,-0.7358426242277025
1789031893277304800,29.513304931640626,-1.111448499494791,-0.00006955810487270355,-0.6136193893551826
1789031893287307800,29.523307861328124,-0.9476441309556365,0.5517413175910711,-0.33352417166717346
1789031893297310700,29.533310791015627,-0.3170332747891545,0.8380155892401934,-0.11850830600261687
1789031893307313700,29.543313720703125,0.46667964637726544,0.5377817658215761,0.41758280331827696
1789031893317316900,29.55331689453125,0.8266448849201202,-0.3459738303303718,0.3433664243109524
1789031893327319800,29.56331982421875,0.4820297757223248,-0.9474059382855892,-0.27038017162047323
1789031893337323800,29.57332373046875,-0.5493444855824112,-0.22041794390380381,-0.7281945206273347
1789031893347326700,29.58332666015625,-1.318529407441616,1.2275088278234003,-0.6345622972059994
1789031893357330000,29.593329833984374,-0.909164178174734,2.0519605866134167,-0.16228914167061448
1789031893367332600,29.60333251953125,0.4858823594972491,1.4075637816786766,-0.0028190394761040804
1789031893377335800,29.613335693359375,1.1724720002561806,0.3565577681869268,-0.4399343358580023
1789031893387338800,29.6233388671875,0.36971184879243374,0.4240063335597515,-0.6456872831366955
1789031893397342700,29.6333427734375,-0.5714852979809045,1.2803484376072882,-0.19720683539267628
1789031893407345700,29.643345703125,-0.18139613933116197,1.344863287615776,0.0387217621801421
1789031893417348900,29.653348876953125,0.6255483120799065,0.6729518682897091,-0.08098755364269018
1789031893427351800,29.663351806640627,1.0789911680042743,-0.08344517592787742,-0.42999198384061454
1789031893437354800,29.673354736328125,0.823053290168941,-0.27085750680863857,-0.7874630674801767
1789031893447358000,29.68335791015625,0.24418548072129487,0.06566226647794246,-0.8013572989284992
1789031893457360600,29.693360595703126,-0.13485183029919862,0.4019803797125816,-0.62280471246019
1789031893467363800,29.70336376953125,-0.24401480032950637,0.5998948153853416,-0.6575643295437097
1789031893477367800,29.713367919921875,-0.1251844227656722,0.8660264627158641,-0.5033601850533858
1789031893487370800,29.723370849609374,0.529713902439177,0.586406388258934,-0.21581202101092783
1789031893497373700,29.733373779296876,1.0732613921806216,-0.13190847032368183,-0.22787766705891116
1789031893507377200,29.743377197265627,0.8952902588620781,-0.5818266592532396,-0.5191143286220729
1789031893517380400,29.75338037109375,0.2994362433001399,-0.533768438526988,-0.6598400924559682
1789031893527383000,29.763383056640624,0.0009328969359397888,-0.2869201683372259,-0.7003027434866875
1789031893537386200,29.77338623046875,0.0862324685588479,-0.3732768477976322,-0.6664912209082394
1789031893547390200,29.78339013671875,0.47153030127882956,-0.8663573021054267,-0.40899767459612335
1789031893557393200,29.79339306640625,0.20360387948602438,-0.8916472261846065,-0.3233920692313462
1789031893567396000,29.80339599609375,-0.06257774446606636,-0.4394306971848011,-0.3323572102470323
1789031893577399300,29.8133994140625,-0.05036240601539611,0.18528817833364009,-0.11961451367884873
1789031893587402000,29.823402099609375,0.047720659334957595,0.4635848952323198,0.05766662808153778
1789031893597405200,29.8334052734375,0.003760521577298641,0.543147676768899,0.373876348060742
1789031893607408000,29.843408203125,-0.2111725611746311,0.5933803189247846,0.6226559516392648
1789031893617412000,29.853412109375,-0.39996962441205974,0.5114718510448932,0.5392552724402397
1789031893627415300,29.863415283203125,-0.6582813917718827,0.34389877762198445,0.23322662687143308
1789031893637418200,29.873418212890623,-0.672338412566483,0.08223872274756432,-0.03684165208854247
1789031893647421200,29.883421142578126,-0.5431590749457478,-0.34976971548199653,-0.2341118670070544
1789031893657424100,29.893424072265624,-0.334938349314034,-0.6987772144198418,-0.5275619120370596
1789031893667427000,29.903427001953126,-0.07177914192304015,-0.8747112889528273,-0.6330517465125769
1789031893677430300,29.91343017578125,0.12190642400830984,-0.7881611327469349,-0.49804582163020966
1789031893687434200,29.923434326171876,0.25536957642808555,-0.5880827970385551,-0.13696131500015035
1789031893697437000,29.93343701171875,0.2168224036298692,-0.3777040165901184,0.09121790142175741
1789031893707440000,29.943440185546876,0.1794986351467669,-0.21146832925081252,0.21658696917248887
1789031893717443300,29.953443359375,0.01008197968378663,-0.008135960182547568,0.25123452244997024
1789031893727446000,29.963446044921874,-0.18175708159804344,0.06661620620191097,0.028667054095771163
1789031893737449200,29.97344921875,-0.2922235354423523,-0.05861760866343975,0.020146195382019505
1789031893747452200,29.9834521484375,-0.357277314633131,-0.26689678648412224,0.26220534073226154
1789031893757456100,29.9934560546875,-0.36804669205918905,-0.48728550429344175,0.1964187720212154
1789031893767459000,30.003458984375,-0.48826867011189456,-0.6654249799162149,0.04404524049153551
1789031893777462300,30.013462158203126,-0.6199576524659991,-0.7293792734324932,-0.05907072272580117
1789031893787465200,30.02346533203125,-0.8045511265337467,-0.62509413857162,-0.1308627606630325
1789031893797468200,30.03346826171875,-1.0304545161113143,-0.33710371065437794,-0.10814522608881816
1789031893807471000,30.04347119140625,-1.260086716953665,0.061817866009473796,-0.10752475610291584
1789031893817474000,30.05347412109375,-1.2608674920678138,0.3161123605519533,-0.020693755395337937
1789031893827478300,30.063478271484374,-1.0955785840593277,0.31431437121927736,-0.0008486709848977625
1789031893837481200,30.073481201171877,-0.8287164304971695,0.08915186313688754,-0.11276751559460535
1789031893847484200,30.083484130859375,-0.5079764101445675,0.012602876463532448,-0.19220632369164375
1789031893857487000,30.093487060546874,-0.5863654717266559,0.18030571374595164,-0.2585656690556556
1789031893867490000,30.103489990234376,-0.9172796800911426,0.37331659528613087,-0.13252316815592347
1789031893877493200,30.1134931640625,-0.9118905343987047,0.4562310253381729,-0.0017785174472257493
1789031893887496200,30.12349609375,-0.4161002366103232,0.36999300382137296,0.2225174004010856
1789031893897500200,30.133500244140624,-0.06139218794330954,0.34953415316045283,0.4574461002163589
1789031893907503000,30.143503173828126,-0.08553659524917602,0.4805296002924442,0.42825047393552956
1789031893917506300,30.15350634765625,-0.1325847621500492,0.5410480741411448,0.33198874226082115
1789031893927509000,30.163509033203123,0.108238402531296,0.3745347389042377,0.2742993908908218
1789031893937512200,30.17351220703125,0.4596132151223719,0.07635901705920696,0.2627730576176196
1789031893947515100,30.18351513671875,0.5727309141278266,-0.05704115312695503,0.07700582706276327
1789031893957518000,30.19351806640625,0.402017935243994,0.03180968123674392,-0.15095095138065517
1789031893967522000,30.20352197265625,0.19741189297810197,0.2007984666764736,-0.09522767591923474
1789031893977525200,30.213525146484375,0.07272270638346671,0.3155465433627367,-0.1584696199150756
1789031893987528200,30.223528076171874,0.15359847021475434,0.25429858619570733,-0.3692109135329723
1789031893997531100,30.23353125,0.20328969897031782,0.021859949630498886,-0.5963676641725003
1789031894007534300,30.243534423828127,0.03664849957004189,-0.17332827594876288,-0.6507800762310624
1789031894017537000,30.253537109375,-0.08404153438583016,-0.21166648217141626,-0.563965570000559
1789031894027540200,30.263540283203124,-0.013275661158561707,-0.20967618513703346,-0.48272071712855247
1789031894037544200,30.273544189453126,0.17011472072973846,-0.3084744130194187,-0.5547362981559708
1789031894047547100,30.283547119140625,0.31650705895796416,-0.3539297577708959,-0.7373831316679715
1789031894057550000,30.293550048828124,0.3127311936810612,-0.31368425662219523,-0.8479755499795079
1789031894067553000,30.303552978515626,0.24136881586536763,-0.35363749682605267,-0.8216027990996837
1789031894077556200,30.31355615234375,0.1581590561285615,-0.3637561552584171,-0.6111844903584569
1789031894087559200,30.32355908203125,0.1141838669322431,-0.31660569702684876,-0.35834103487450625
1789031894097562000,30.33356201171875,0.20983400604724883,-0.3240028215408325,-0.051281676284782585
1789031894107566000,30.343566162109376,0.38542555075287815,-0.4351648564338684,0.10475176599193364
1789031894117569300,30.3535693359375,0.3739665836274624,-0.4572282196819782,0.017892653434723616
1789031894127572000,30.363572021484377,0.0864370512202382,-0.22195523647367954,-0.035558073984831566
1789031894137575200,30.3735751953125,-0.1710189760930836,0.12613748570680616,0.062345543145388364
1789031894147578000,30.383578125,-0.21053075613975525,0.06735328830480575,0.18322094360552726
1789031894157581000,30.3935810546875,-0.004631897584348917,-0.37673780190646644,0.2563440474834293
1789031894167584300,30.403584228515626,0.09289090353474021,-0.7064590010941029,0.04613594742678106
1789031894177587200,30.413587158203125,-0.1337033909164369,-0.6880904007107019,-0.1069090536236763
1789031894187591200,30.423591064453124,-0.2249975267790258,-0.4896230073302984,-0.06569335573595017
1789031894197594000,30.433593994140626,-0.10442600463628768,-0.21973522233664988,-0.029582031782530247
1789031894207597300,30.443597412109376,0.03690788115859032,0.007384265032410621,0.017552132901363073
1789031894217600000,30.45360009765625,0.019551088166236876,0.2873077063500881,0.010114347583428024
1789031894227603200,30.463603271484374,-0.12272855404615401,0.5282663339793682,-0.017603497762419283
1789031894237606100,30.473606201171876,-0.1663372480176389,0.6238871008694171,-0.08621032979227602
1789031894247610000,30.483610107421875,-0.09208674754500389,0.3967220207929611,-0.36310583812352265
1789031894257613000,30.493613037109377,-0.07958002493232488,-0.05589607474505901,-0.6817803407810628
1789031894267616300,30.5036162109375,-0.1745806140974164,-0.5809036991894245,-0.7697476703085004
1789031894277619200,30.513619140625,-0.3524035711169243,-0.7807283523976802,-0.8345537583485245
1789031894287622100,30.5236220703125,-0.43714755468368527,-0.37315409820079803,-0.8160201766617595
1789031894297625000,30.533625,-0.34361119285225866,0.09606909517943858,-0.3416578668273985
1789031894307628000,30.5436279296875,-0.14160159682035445,0.3884235635250807,-0.056521494900714606
1789031894317632300,30.55363232421875,0.10543751976639032,0.41279695728123184,0.1852622949737124
1789031894327635000,30.563635009765626,0.02624590962976217,0.3593435995131731,0.16728990909997374
1789031894337638100,30.57363818359375,-0.16913754626065491,0.35900106968581674,-0.19600988069307057
1789031894347641300,30.583641357421875,-0.06067220310568809,0.06602876170277595,-0.26207683724807573
1789031894357644000,30.59364404296875,0.21860914091616868,-0.6791185742259025,-0.06439105923203751
1789031894367647200,30.603647216796876,0.13196926060020922,-1.2802736188054085,-0.10898558590309694
1789031894377650200,30.613650146484375,-0.21059739163517951,-1.1465122140914201,-0.5422123686801642
1789031894387653000,30.623653076171873,-0.3139014065042138,-0.43476153632998465,-0.4253903352640569
1789031894397657000,30.633656982421876,-0.1269125617325306,0.08295885371565818,-0.040936552152782676
1789031894407660300,30.643660400390626,0.15167758515477178,0.03164776867330074,0.05996807342432439
1789031894417663000,30.6536630859375,0.34841245565414425,-0.4938268887609243,-0.2866209479286335
1789031894427666200,30.663666259765623,0.14795301167368888,-1.0720230825573205,-0.6468240320816636
1789031894437669000,30.673669189453125,-0.28134295272678134,-1.0111679241001605,-0.7536193961977958
1789031894447672000,30.683672119140624,-0.7494386033818126,-0.00734510206580162,-0.5746110287860036
1789031894457675300,30.69367529296875,-0.877129163749516,1.0901251409590245,0.10817904616002924
1789031894467679200,30.70367919921875,-0.7323457220226526,1.688411936625838,0.8238714746840298
1789031894477682200,30.71368212890625,-0.3202405463978648,1.6692150687247513,1.0586612774852662
1789031894487685000,30.72368505859375,0.46212768216133115,0.7327472885608672,0.9065724811811
1789031894497688000,30.73368798828125,0.8479585988447069,-0.8673124108731746,0.3377811715245247
1789031894507691500,30.74369140625,0.44626580390185117,-1.6411650322824716,-0.11042568344250321
1789031894517694700,30.75369482421875,-0.4453904823720455,-0.5503682756721973,-0.44050588866826146
1789031894527698000,30.763697998046876,-1.0679013264521955,1.659001133224368,0.12382335441238246
1789031894537701600,30.77370166015625,-0.2053159441009164,2.608538822841644,0.6588511544838548
1789031894547704600,30.78370458984375,1.218917525088787,1.616234589165449,0.6096342652417719
1789031894557707800,30.793707763671875,1.4127318319663404,0.10257833094298839,0.06437369710528291
1789031894567710700,30.803710693359374,0.8407005905404686,-0.48148996975719927,-0.46591706450693304
1789031894577713700,30.813713623046876,0.4571721055805683,0.18406594306230545,-0.3307710005015135
1789031894587716600,30.823716552734375,0.5535962978079915,1.0391723678350449,0.08232752440902404
1789031894597719600,30.833719482421873,1.0393363262251019,0.9279887056320905,-0.023979562999820334
1789031894607723800,30.843723876953124,0.9738979316309094,0.4866612349152565,-0.2206636257605627
1789031894617726700,30.853726806640626,0.6096960784316062,0.3394704397857189,-0.2324390384240076
1789031894627729700,30.863729736328125,0.8210814055740833,-0.024091069683432578,-0.07790975363254547
1789031894637732900,30.87373291015625,0.9933014280200004,-0.5622305629014969,-0.1749637499297969
1789031894647735600,30.883735595703126,0.6812675689533353,-0.7874953623145818,-0.29259680746784433
1789031894657738800,30.89373876953125,0.14599515560418366,-0.5146662631720305,-0.46757622989080844
1789031894667741700,30.90374169921875,-0.4412260561689734,0.2399514964133501,-0.48298554207719857
1789031894677745700,30.91374560546875,-0.5225809818193317,0.9490911148935556,-0.1407829373812303
1789031894687748600,30.92374853515625,0.1550625514179468,0.9284317732244729,0.07263015099549666
1789031894697751800,30.933751708984374,0.8462821900650859,0.38765667080581184,-0.011935626460146159
1789031894707754500,30.94375439453125,1.1043982887223363,-0.2752735696852207,-0.22292810009382663
1789031894717757700,30.9537578125,0.5864464280083775,-0.5269441454648971,-0.5851815591717139
1789031894727761000,30.963760986328126,-0.2512763157650828,-0.26014789674580097,-0.8285387358427048
1789031894737763600,30.973763671875,-0.8402779812142253,0.02132686566710472,-0.555321002708748
1789031894747767800,30.983767822265627,-0.7821759208574891,0.023833295530080793,-0.12368399160746485
1789031894757770800,30.993770751953125,-0.2673594355598092,-0.18210019594728946,0.020761304206214845
1789031894767773700,31.003773681640624,0.10545943933725356,-0.20347674597501753,-0.11212744585908949
1789031894777776600,31.013776611328126,0.15392536408156154,-0.023008535143733022,-0.20070947321876884
1789031894787779800,31.02377978515625,0.06360796429663897,0.13579320280253887,-0.05245879377275705
1789031894797782800,31.03378271484375,0.06891746888160705,0.15974048010110853,0.19273495067562907
1789031894807785700,31.04378564453125,0.1078325982093811,-0.021339725148677824,0.09504081157762556
1789031894817789700,31.053789794921876,-0.023307518090307712,-0.2761281406879425,0.0611347060509026
1789031894827792600,31.063792724609375,-0.22425153071731327,-0.4879752401232719,0.08254428156539798
1789031894837795800,31.0737958984375,-0.2445253802001476,-0.6263461844593287,-0.0009620682314969599
1789031894847798500,31.083798583984375,-0.06312704891189932,-0.7227379357218742,-0.09823635621592403
1789031894857801700,31.0938017578125,0.06687120387628674,-0.7830535804748535,-0.09465820546820759
1789031894867804700,31.1038046875,-0.04580182010158896,-0.7737807252168655,-0.16683244765605776
1789031894877807600,31.1138076171875,-0.2499320615492761,-0.7316986562907696,-0.2079237337128259
1789031894887811600,31.1238115234375,-0.3360882500015199,-0.4958744689404964,-0.27404855793491006
1789031894897814800,31.133814697265624,-0.3883268251523375,-0.09598609307110309,-0.3930496889557689
1789031894907817700,31.143817626953126,-0.49720586367473,0.3010983312934637,-0.586172469905205
1789031894917820700,31.153820556640625,-0.5022549637578427,0.41941140698492524,-0.5241385134596377
1789031894927824000,31.163823974609375,-0.4157603371314704,0.2840700396031141,-0.40921559166312216
1789031894937826600,31.17382666015625,-0.27568989540114996,0.09047522069513797,-0.1788594604603946
1789031894947829800,31.183829833984376,-0.20311288109868764,0.01818973668515682,-0.04828157658677082
1789031894957833700,31.193833740234375,-0.4485210354827344,0.011748889982700347,0.16691652747662736
1789031894967836700,31.203836669921873,-0.7523017377279698,0.06521276914477347,0.29944881052076816
1789031894977839600,31.213839599609376,-0.9717579969927668,0.15942776089012622,0.16512575333602725
1789031894987842800,31.2238427734375,-1.3801030894316733,0.256628490447998,0.008848305136407724
1789031894997845800,31.233845703125,-1.623235992360115,0.2211900973200798,0.14874147690394893
1789031895007848700,31.2438486328125,-1.4484803139567375,-0.07948445560336112,0.07462327930778265
1789031895017851600,31.2538515625,-0.9383505251705646,-0.442705773332715,-0.07989339259727858
1789031895027855600,31.263855712890624,-0.46468774190768597,-0.6927309199929237,-0.1281163754311856
1789031895037858800,31.27385888671875,-0.35203079228177664,-0.5880529864221811,-0.21426596061270684
1789031895047861800,31.28386181640625,-0.5888507126711309,-0.18210370307862758,-0.2708698913661763
1789031895057864700,31.29386474609375,-0.9449122217737138,0.26195874556005,-0.11850785847804508
1789031895067867600,31.30386767578125,-0.9010792175270617,0.6131757372409105,0.2800759284656495
1789031895077870600,31.31387060546875,-0.1970339995764196,0.7097954520404338,0.6132332395818084
1789031895087873800,31.323873779296875,0.5497792237378657,0.4563946914672851,0.45525319328196345
1789031895097877800,31.333877685546874,0.6025776247285306,0.22972177882194517,0.00957147287838161
1789031895107880700,31.343880615234376,0.17173004697188735,0.2754045025885105,0.01943756305547431
1789031895117883600,31.353883544921874,-0.23368717532157895,0.6158470022767781,0.3774075178615749
1789031895127886800,31.363886962890625,-0.47273660832867026,0.7651520130813121,0.668769102712348
1789031895137889500,31.3738896484375,-0.12743395525813103,0.39887539943456646,0.525814301184751
1789031895147892700,31.383892822265626,0.6003225392781197,-0.21001170070171354,0.07673164976388215
1789031895157895700,31.393895751953124,0.8233131101489066,-0.5658481688767671,-0.02100694953035563
1789031895167899600,31.403899658203127,0.3084371497489512,-0.4654109416157007,0.06934665407910942
1789031895177902600,31.413902587890625,-0.015625439155101777,-0.08744856635034083,0.3137730674168095
1789031895187905800,31.42390576171875,0.4630618942715227,0.06747194624841213,0.4184747106567025
1789031895197908700,31.43390869140625,0.8463586163021624,-0.23397359104752538,-0.12324318903740494
1789031895207911700,31.44391162109375,0.6661949413754046,-0.48788697731792924,-0.6635679538726806
1789031895217914600,31.45391455078125,0.25511238679662346,-0.10063947183489799,-0.553126196078211
1789031895227917600,31.46391748046875,-0.12948226609006525,0.6660626932978629,-0.08071370513737201
1789031895237921800,31.473921875,-0.10422712106332183,0.6402841089189052,-0.3826025292214006
1789031895247924700,31.4839248046875,0.27755685831680893,-0.06924889279305935,-1.2664951226912438
1789031895257927700,31.493927734375,0.4192134001947939,-0.6980225966602563,-1.677072796487808
1789031895267930600,31.5039306640625,0.16169979747533797,-0.8228273724585771,-1.437566998015344
1789031895277933600,31.51393359375,-0.21961890248060226,-0.48339434207379817,-0.9764227739334106
1789031895287936800,31.523936767578125,-0.23867782321572303,-0.12124153035879134,-0.5926944555524736
1789031895297939700,31.533939697265627,0.05538213387355208,0.024631752431392668,-0.44652620840370655
1789031895307943700,31.543943603515626,0.3005367518879473,-0.024065935242176054,-0.5216656936053187
1789031895317946600,31.553946533203124,0.0019429507613182068,-0.12395605001449585,-0.6161302761975676
1789031895327949800,31.56394970703125,-0.5680022781707346,-0.1113005665808916,-0.39068595549911256
1789031895337952500,31.573952392578125,-0.9058895404182374,-0.154705993065238,-0.21536307166703045
1789031895347955700,31.583955810546875,-0.7662474071025848,-0.3612602467894554,-0.1974520788580179
1789031895357959000,31.593958984375,-0.49434419063329693,-0.5470131200253963,-0.3657663991022855
1789031895367961600,31.603961669921876,-0.3862136323906481,-0.4980488903701305,-0.4465333687968552
1789031895377965600,31.613965576171875,-0.5122337753280997,-0.22934768481254575,-0.41843668020125474
1789031895387968800,31.62396875,-0.6231937117777765,0.07535247036516667,-0.3142398081457242
1789031895397971700,31.6339716796875,-0.4579880981385708,0.14338380406200885,-0.13198281420152633
1789031895407974700,31.643974609375,-0.29385771251544357,0.08561375213861465,-0.08870163515135646
1789031895417977900,31.653977783203125,-0.47369186322689055,0.08018646639287472,-0.12997308181431144
1789031895427980500,31.66398046875,-0.8511750766731798,0.1015799675554037,-0.1307727077594027
1789031895437983700,31.673983642578126,-0.9918122123755514,0.04894786304235458,-0.1479322246139869
1789031895447987700,31.68398779296875,-0.8490367494702339,-0.03715864104926586,-0.1187839446062222
1789031895457990700,31.69399072265625,-0.6934966436684131,-0.13679624236524104,-0.1091470052761957
1789031895467993900,31.703993896484373,-0.7749813331782818,-0.08046937498748302,-0.23453104226719587
1789031895477996500,31.71399658203125,-1.0440953573204577,0.27114567610025403,-0.331129202822037
1789031895487999700,31.723999755859374,-1.13524307044968,0.6737976714640855,-0.5089617679201066
1789031895498002700,31.734002685546876,-0.6759351218841969,0.6173205819606781,-0.5895755928795784
1789031895508005400,31.74400537109375,-0.179318456274271,0.06310965938568115,-0.581974470226094
1789031895518009000,31.754009033203126,-0.06796002202630043,-0.6328145036906003,-0.5498606549436226
1789031895528012300,31.76401220703125,-0.20926088233441112,-0.9749942024350166,-0.579908514139615
1789031895538015500,31.774015380859375,-0.4002184846065938,-0.9001660482048988,-0.7180395487725735
1789031895548018200,31.78401806640625,-0.18267331966012715,-0.6754337482333183,-0.5810439479103312
1789031895558021400,31.794021484375,0.03217573807016015,-0.3706476683378219,-0.3351295975698158
1789031895568024300,31.8040244140625,0.34551644195169207,-0.16633856319189072,0.04590425756275653
1789031895578027300,31.81402734375,0.749570120806992,-0.1894756931513548,0.4203324308199808
1789031895588031200,31.82403125,0.7189329904809594,-0.10789631109535694,0.21204148949626833
1789031895598034400,31.834034423828125,0.31671149548888206,0.30058570559620856,-0.09262337517235428
1789031895608037000,31.844037109375,0.15931261007785796,0.7373509829640388,-0.0810106787899509
1789031895618040300,31.854040283203126,0.22534166404157877,0.8591992470443248,0.02665708424653858
1789031895628043300,31.864043212890625,0.3319581644594669,0.1912397802144289,0.1461930893290788
1789031895638046200,31.874046142578123,0.35802637943476434,-0.9644178633630275,-0.21692337978631257
1789031895648049400,31.88404931640625,0.15318009867221116,-1.6085288370937108,-0.6647652008332312
1789031895658053000,31.89405322265625,-0.1285024612724781,-1.1196364821255207,-0.7400992587588727
1789031895668056300,31.904056396484375,-0.5532137282311916,0.3328957375705242,-0.653077685648948
1789031895678059300,31.914059326171873,-0.9646388126373291,1.9090636892855166,-0.19020605325251816
1789031895688062200,31.924062255859376,-0.5392307955861091,2.463160045570135,0.6570801992885767
1789031895698065400,31.9340654296875,0.8483356154635548,1.2281798589527606,0.8404069413561374
1789031895708068400,31.944068359375,1.388582894615829,-0.8538479491442441,0.03774725459218025
1789031895718071300,31.9540712890625,0.3402826329514384,-1.4169430199205875,-0.6301600436590612
1789031895728075300,31.9640751953125,-0.8553387722238898,0.2281786410331726,-0.45237131770271805
1789031895738078500,31.974078369140624,-0.8740262292981147,1.6214017626702784,0.2648666688960045
1789031895748081200,31.9840810546875,0.17738865725547073,1.0987503459632395,0.4040172923676669
1789031895758084400,31.99408447265625,0.5197124406456947,0.13670038077533245,-0.029745478715933856
1789031895768087300,32.00408740234375,0.42198534912616015,-0.053040100792050356,-0.4247970090134069
1789031895778090200,32.01409033203125,0.13202011400461197,0.4835486558526754,-0.333643231469579
1789031895788093400,32.024093505859376,0.29549539671987296,0.5204916083246469,-0.33053605923447754
1789031895798097400,32.034097412109375,0.6427300407662987,-0.2473398530989885,-0.6144649733338504
1789031895808100000,32.04410009765625,0.30684242790341376,-0.6683271310985088,-0.8237818967044352
1789031895818103300,32.05410327148437,-0.341616804164648,-0.2758089917361736,-0.6855395471841097
1789031895828106200,32.064106201171874,-0.3732628192722797,0.603211977109313,-0.29565818606615063
1789031895838109200,32.07410913085938,0.15113661014586685,1.083305524072051,-0.10572947018397971
1789031895848112400,32.0841123046875,0.5162462258398532,1.1715104617476462,-0.14909547797339037
1789031895858115000,32.094114990234374,1.027364733402431,0.47096799122095107,-0.18498928671861067
1789031895868119300,32.104119384765625,1.620263114029169,-1.3337258075296878,-0.1732648553237319
1789031895878122200,32.11412231445313,0.3975917893648147,-2.5519261242598295,-0.7587000604629516
1789031895888125200,32.12412524414062,-1.7695432826533912,-1.4456903909772634,-1.1558451289735734
1789031895898128400,32.13412841796875,-1.971309425318241,1.597101434150338,-0.5461234411766752
1789031895908131300,32.14413134765625,-0.11593144125193357,3.8104724799036975,0.5162139310054481
1789031895918134300,32.15413427734375,2.3214409598499537,3.251007874584198,1.6605900098510085
1789031895928137200,32.16413720703125,2.89290404599905,0.995541900423169,1.4952993482768535
1789031895938141400,32.174141357421874,0.899932531709969,-0.6932564051717519,-0.34689291793666777
1789031895948144000,32.18414404296875,-1.362077457267046,-1.3435977977246045,-2.3740083285637197
1789031895958147300,32.19414721679688,-2.0071669206410645,-1.5201917974710464,-2.529830027785897
1789031895968150300,32.204150390625,-0.9752382403239607,-1.345187697264552,-1.2453997276924549
1789031895978153200,32.2141533203125,0.3881146437063813,-0.9945751012176275,-0.3191149033688009
1789031895988156400,32.22415649414062,0.9483137007802724,-0.39434535478949545,-0.03655867499527521
1789031895998159000,32.2341591796875,0.8744111369624733,-0.0012865326792001724,0.1277592051571235
1789031896008163300,32.24416333007812,0.4846766369692981,0.1329763918161392,0.3332331528313458
1789031896018166300,32.254166259765626,0.1494841667637229,0.035249008035659786,0.3330879356743768
1789031896028169500,32.26416943359375,-0.05500146399289369,-0.34562954693734643,0.1080993228541687
1789031896038172200,32.27417211914062,-0.2090203515768051,-0.7572101141661405,-0.1836828620288521
1789031896048175400,32.28417529296875,-0.33552477089986205,-0.9398054001539945,-0.18295473041739313
1789031896058178300,32.29417822265625,-0.4196013765990734,-0.775271840557456,0.11341548550878651
1789031896068181200,32.30418115234375,-0.4749465394631028,-0.5607832867026329,0.18798333570174872
1789031896078185200,32.31418530273437,-0.4627066510930657,-0.36267771237194535,0.15600682826442644
1789031896088188200,32.324188232421875,-0.332118323457241,-0.08514204297363757,0.2049691764898598
1789031896098191400,32.33419140625,-0.2088204450905323,0.2922591912776232,0.253516970831342
1789031896108194300,32.3441943359375,-0.08923428072333335,0.628878333285451,0.3370934084560722
1789031896118197200,32.354197265625,-0.03918400939702987,0.7695937949210405,0.4396388600427657
1789031896128200200,32.3642001953125,-0.0734989514529705,0.5394681114733219,0.5219522189291194
1789031896138203400,32.37420336914062,0.0010721592761576174,0.13758067074120045,0.3860694746796042
1789031896148207000,32.38420703125,0.0001930383540689945,-0.1885340283870697,0.4049778079628944
1789031896158210300,32.394210205078124,-0.13680150306224823,-0.2889338462471962,0.5176122900286689
1789031896168213200,32.40421313476563,-0.39721988731250163,-0.30832243732810016,0.37232393098697064
1789031896178216200,32.41421630859375,-0.5719416634462774,-0.2649637725949287,0.2139012554861605
1789031896188219400,32.424219482421876,-0.7202816286109387,-0.2993172930955887,0.0026711463048588483
1789031896198222000,32.43422216796875,-0.8305297635294496,-0.31952713743150235,-0.26232275656685233
1789031896208225300,32.44422534179687,-0.8579729201197623,-0.3033165918648243,-0.5133764425572007
1789031896218229200,32.45422924804687,-0.9436087379597127,-0.23661212285757063,-0.5827364675745368
1789031896228232400,32.464232421875,-1.0419244430221617,-0.12576514526307583,-0.5907098576065153
1789031896238235100,32.474235107421876,-1.0986790342926978,0.09699556237459182,-0.6531438827529549
1789031896248238300,32.48423828125,-1.0637000753700732,0.411978042113781,-0.8236809205479919
1789031896258241300,32.4942412109375,-0.8389419103048741,0.6243921277821064,-0.9572504559516907
1789031896268244200,32.504244140625,-0.5514378045998514,0.6149848324894904,-0.8702410116709768
1789031896278247400,32.51424731445312,-0.2513677934408188,0.5951379762470722,-0.38031975204646584
1789031896288251100,32.52425122070313,-0.06333996101021766,0.5871101526141166,0.0766755904613994
1789031896298254300,32.53425439453125,0.013896423405408859,0.45586336106956005,0.2904993785308674
1789031896308257300,32.54425732421875,0.09389978831633924,0.24365035093128679,0.5166437737900763
1789031896318260200,32.55426025390625,0.30202830561995503,0.07266776132583617,0.6828573223628104
1789031896328263200,32.56426318359375,0.5263185609124601,-0.039383915883302686,0.6100136930134147
1789031896338266400,32.57426635742188,0.7712732724405824,-0.11472235772311687,0.5305023128705099
1789031896348269300,32.58426928710937,1.0157879851162432,-0.08165010920464992,0.5571998021926731
1789031896358273300,32.59427319335938,1.0325133483372628,0.10280570995807647,0.6618658261299133
1789031896368276500,32.6042763671875,0.7130943474553525,0.35148996340334415,0.7659924824934452
1789031896378279200,32.614279052734375,0.39701062847599383,0.4832306759446859,0.6267758811134845
1789031896388282400,32.62428247070312,0.3664963938772678,0.2593547005414963,0.3949102221306413
1789031896398285300,32.634285400390624,0.445473484480381,-0.19888240392208098,-0.09764609870519489
1789031896408288300,32.644288330078126,0.39899347285628317,-0.602234656509757,-0.6518212558470666
1789031896418291500,32.65429150390625,0.3314322408892214,-0.5839116488337517,-0.6627728579722344
1789031896428295400,32.66429541015625,0.2505200905703008,-0.2329272968649864,-0.54095772897657
1789031896438298000,32.67429809570312,0.22324410724043844,-0.043969490107893944,-0.6853130449518561
1789031896448301300,32.68430126953125,0.24625308077558875,-0.003009118688106537,-0.7283943540483713
1789031896458304300,32.69430419921875,0.1873952336154878,-0.03953004635572433,-0.658728551017493
1789031896468307200,32.70430712890625,0.11905074231624603,-0.2648275789946318,-0.6910966698545962
1789031896478310400,32.714310302734376,0.1368153854571283,-0.6357271762669086,-0.8397155250258743
1789031896488313000,32.72431298828125,0.017581249397993087,-0.9084247579842806,-0.9034197893038391
1789031896498317300,32.7343173828125,-0.13114581538811326,-0.8868535621672868,-0.8731638403151184
1789031896508320300,32.7443203125,-0.21875746334567664,-0.6058446637004613,-0.6797399940598756
1789031896518323500,32.754323486328126,-0.31419892814606426,-0.16974807937443256,-0.36962884668409823
1789031896528326400,32.76432641601563,-0.4367325441420078,0.1729571045488119,-0.14547726920992135
1789031896538329300,32.77432934570312,-0.5894751281797885,0.3924228622943163,-0.06287928469590842
1789031896548332300,32.784332275390625,-0.7006031146727502,0.3132423580735922,0.01891140202321112
1789031896558335200,32.79433520507813,-0.7207341946840286,-0.001720247921347618,0.00671396455541253
1789031896568339500,32.80433935546875,-0.6925403658568858,-0.30007541798651216,-0.2311430437967181
1789031896578342400,32.81434228515625,-0.5491008860848844,-0.4912994161099195,-0.35792503795214
1789031896588345300,32.824345458984375,-0.37995676395297046,-0.31763504007458687,-0.43276254453249274
1789031896598348300,32.83434838867188,-0.28696985269784925,0.10835106912553309,-0.5958834608521312
1789031896608351200,32.84435131835937,-0.16364274823665617,0.45640930451452727,-0.6159305889070034
1789031896618354400,32.8543544921875,0.0618752952851355,0.47994332483708857,-0.3774694771818816
1789031896628357400,32.864357421875,0.25869082980528474,0.1756885753393173,-0.2349774343278259
1789031896638361000,32.874361083984375,0.3783060741364956,-0.3535188388824463,-0.23138021355345845
1789031896648364300,32.8843642578125,0.2412213702186942,-0.7472937003076076,-0.3039583238344639
1789031896658367500,32.894367431640624,0.005505903939902782,-0.8917366580337286,-0.41097215300686657
1789031896668370200,32.9043701171875,-0.13643588462024928,-0.6926058323085308,-0.4522437092676759
1789031896678373400,32.91437329101562,-0.22190891311392186,-0.2747013227552175,-0.435331079846248
1789031896688376300,32.924376220703124,-0.2265361345231533,0.06766191586256026,-0.17001593653038144
1789031896698379300,32.934379150390626,-0.09228899211883544,0.007529810982942581,0.06873838598765432
1789031896708383200,32.94438330078125,-0.06909501740559935,-0.29150866517126556,0.13557590679004788
1789031896718386400,32.95438647460937,-0.14536328744143245,-0.6664835490584373,0.07709836418442427
1789031896728389400,32.964389404296874,-0.2729914500974119,-0.9222522078067064,-0.06166318690441548
1789031896738392300,32.974392333984376,-0.36258389660865065,-0.9644663786798715,-0.2181575612237677
1789031896748395300,32.98439526367188,-0.4663245493292808,-0.47963352823555466,-0.43875330937989054
1789031896758398200,32.99439819335937,-0.3172960173785686,0.18643501028120515,-0.3504634698998183
1789031896768401400,33.0044013671875,0.23572160375863313,0.47770752860903737,0.025603520072996613
1789031896778405400,33.0144052734375,0.6083782738313078,0.17127192794084548,0.3681518329340964
1789031896788408300,33.024408203125,0.7246642276093364,-0.557560233002901,0.31820556997153904
1789031896798411300,33.03441137695312,0.20309359187632797,-1.0969546947181223,-0.1136113642739132
1789031896808414200,33.044414306640626,-0.33487814355939627,-1.0031576361238956,-0.4363148667192086
1789031896818417400,33.05441748046875,-0.6218617325216531,-0.293643339112401,-0.47741303917448963
1789031896828420400,33.06442041015625,-0.4828443069756031,0.2745879255086183,-0.07012410472501068
1789031896838423300,33.07442333984375,0.04430091401934624,0.16355799256265163,0.4429620131161064
1789031896848427300,33.08442724609375,0.4612333636701107,-0.27123978412449357,0.49455005193632096
1789031896858430500,33.09443041992188,0.4603492743119597,-0.05721534065008163,0.266434721930325
1789031896868433200,33.10443310546875,0.10790975509881973,0.9206132084280252,0.22763803135044872
1789031896878436400,33.114436279296875,-0.0776034641623497,1.9160989947497844,0.5075107288615778
1789031896888439300,33.12443920898438,0.2969029254302382,1.7762983098715543,0.9011413229778409
1789031896898442200,33.13444213867187,0.7298094815433025,0.6026917526274919,0.5132197176255285
1789031896908445400,33.144445556640626,0.47229397912770504,-0.0988876597315073,0.14526620200881735
1789031896918449400,33.154449462890625,-0.2806266211509704,0.40416239992678166,0.30514526859670876
1789031896928452400,33.16445239257813,-0.2982698298692703,0.8605500771313905,0.3249445593703538
1789031896938455300,33.17445532226562,0.0360828285112977,0.9659463881045579,0.22104860649015753
1789031896948458500,33.18445849609375,0.3661260992601514,0.653033700376749,-0.10413947931248695
1789031896958461200,33.19446118164063,0.7909522247701883,-0.06185936706364154,-0.603012728210166
1789031896968464400,33.20446435546875,0.7141656299486756,-0.5599152716964483,-0.8477151454776525
1789031896978467300,33.21446728515625,0.13120236788094042,-0.0054787236720323556,-0.6696054074060172
1789031896988471300,33.22447119140625,-0.029302082329988478,0.9246165988504886,-0.2505958592202514
1789031896998474200,33.23447412109375,0.3273474557936191,0.9927478857904672,0.1083999406354036
1789031897008477200,33.24447729492187,1.3421616274416446,-0.2399514964133501,-0.18327711250586434
1789031897018480400,33.25448046875,1.5357789504423736,-1.2067939565747976,-0.7498441154427826
1789031897028483300,33.2644833984375,0.027019524350762367,0.11245382826924323,-0.4682728338528424
1789031897038486300,33.274486328125,-0.9579349310845137,2.031079126626253,0.40225601831618696
1789031897048489200,33.2844892578125,-0.3049631900280714,2.4982418803453443,0.7599770946614444
1789031897058493400,33.294493408203124,1.3366229902759195,0.8199626306772232,0.5251726057477295
1789031897068496100,33.30449609375,2.2031284686803816,-1.3911848938077687,0.039707069723331365
1789031897078499300,33.31449926757813,1.1614242442801594,-2.1888971142321823,-0.7816012627746909
1789031897088502500,33.32450244140625,-0.6429249788165092,-1.3166180208623408,-0.9393294532053172
1789031897098505200,33.334505126953125,-1.212059914278984,0.06992284653186798,-0.20211944961454717
1789031897108508400,33.34450830078125,-0.4262403762221336,0.5367150133728981,0.5854142354164272
1789031897118511400,33.354511474609374,0.7797723668470978,-0.2680769361793995,0.8682184198021888
1789031897128515300,33.36451538085937,1.447975579304993,-1.374367614519596,0.4136999705355614
1789031897138518300,33.374518310546875,0.9648246905982494,-1.3901479519754647,-0.38671098745353516
1789031897148521500,33.384521484375,-0.0686687548175454,-0.39786534560918807,-0.6628866936102509
1789031897158524200,33.39452416992187,-0.6611535862073302,0.4413251326292753,0.026994791768305004
1789031897168527400,33.40452734375,-0.605491027957201,0.5641577315717935,0.7388903944257647
1789031897178530300,33.4145302734375,-0.3767578217811882,0.256636089232564,1.1026283564403652
1789031897188533200,33.424533203125,-0.31906156574636696,0.054016836869716645,0.9292657398305832
1789031897198537500,33.43453735351562,-0.2622631353341043,0.09986205772161483,0.6170834122039377
1789031897208540400,33.44454052734375,-0.19514964713454244,0.19558511594235897,0.5523456036271527
1789031897218543400,33.45454345703125,-0.1528454598903656,0.10828735623955726,0.5120177579572424
1789031897228546300,33.46454638671875,-0.025011983920633793,-0.0923562121361494,0.45577502519898117
1789031897238549200,33.47454931640625,0.12240019887462257,-0.31792320936620233,0.19987978092897682
1789031897248552400,33.48455249023438,0.18953852925449607,-0.4246428778976202,0.14966237287484108
1789031897258555400,33.49455541992187,0.17635989872962235,-0.3922159415453672,0.2218105673059821
1789031897268559000,33.50455908203125,0.16584756480455398,-0.32578152165114876,0.1446941742745228
1789031897278562300,33.514562255859374,0.23334902940839528,-0.2415495792597532,0.13033473646724597
1789031897288565500,33.5245654296875,0.3421545643031597,-0.17592706027030944,0.29835540752718226
1789031897298568200,33.53456811523437,0.2895217291377485,-0.1329343062400818,0.3973932711180299
1789031897308571400,33.5445712890625,0.13721402938589453,-0.2467091539800167,0.3818969747679308
1789031897318574300,33.55457421875,-0.013527005571126937,-0.35712650798559187,0.43152467330060895
1789031897328577300,33.56457739257812,-0.1240225393794477,-0.5032254162251949,0.3768692097337916
1789031897338581200,33.57458129882812,-0.28079978576079007,-0.6775836197435855,0.27498830473674457
1789031897348584400,33.58458447265625,-0.4574246190369129,-0.9107207599669694,0.18739090450024232
1789031897358587400,33.59458740234375,-0.5983261047638953,-1.103928625383973,0.11696381650697439
1789031897368590300,33.60459033203125,-0.767221366701275,-1.001940661549568,0.15177010401012375
1789031897378593300,33.61459326171875,-0.8581656662128865,-0.6413935314655304,0.19782924160733817
1789031897388596200,33.62459619140625,-0.8839432276785373,-0.1544704307436943,0.05663988798283971
1789031897398599400,33.63459936523437,-0.9690602823413907,0.4619698612511158,-0.1715163676885888
1789031897408603400,33.64460327148438,-1.0725286939918994,0.9677712654441595,-0.1582314637776464
1789031897418606300,33.6546064453125,-1.0241313044391571,1.335657652375102,-0.12639059281819498
1789031897428609300,33.664609375,-0.8133224620103836,1.41682611554265,-0.2898432527096942
1789031897438612200,33.6746123046875,-0.40738603814840313,1.1491267805039882,-0.5244798011779784
1789031897448615400,33.684615478515624,-0.07399009597077966,0.6807949830055237,-0.5625537304412573
1789031897458618400,33.69461840820313,0.01436886322274804,0.405767497035861,-0.4434136658737436
1789031897468621300,33.70462133789062,-0.12516937132701278,0.44478316412866115,0.014126770695718004
1789031897478625300,33.71462524414063,-0.27299159622788427,0.5502560474693775,0.4038468677042052
1789031897488628500,33.72462841796875,-0.09332929495200515,0.43055940846502777,0.7025928271852433
1789031897498631200,33.734631103515625,0.3521231467403471,0.000011690437793731688,1.0445715234648436
1789031897508635100,33.74463525390625,0.7967069889046251,-0.5018681563973426,0.9399855790264904
1789031897518638000,33.75463818359375,0.9653051675915717,-0.8434913903027772,0.3812923234056681
1789031897528641000,33.76464111328125,0.6930662894271313,-0.7199141104727983,0.2756637380465865
1789031897538644000,33.77464404296875,0.1774586537517607,-0.11947685877382755,0.8210061483807861
1789031897548647000,33.78464697265625,-0.13188771979659794,0.41578737126886844,1.2104375737741588
1789031897558651000,33.79465087890625,0.09513809793964027,0.4903980833560228,0.895063902760297
1789031897568654000,33.80465405273438,0.5755681833803653,0.07742810759544372,0.2637433456881903
1789031897578657000,33.81465698242187,0.5708863091744483,-0.276865807312727,-0.19076752306018024
1789031897588660000,33.824659912109375,0.44850934504494067,-0.27044834148585795,-0.38238099542520937
1789031897598663200,33.8346630859375,0.3845381003938615,-0.2166582991093397,-0.44542540755495424
1789031897608665900,33.84466577148437,0.17708105261102317,-0.22916239137351513,-0.37341161662582306
1789031897618669000,33.8546689453125,-0.03339022842645645,-0.271994401884079,-0.3382587989736348
1789031897628673000,33.864673095703125,-0.1670386742852628,-0.4140840744823217,-0.13775887685231863
1789031897638676000,33.87467602539063,-0.14347338204160331,-0.6691296796530485,-0.05805719830170274
1789031897648679000,33.88467895507812,-0.1518903511226177,-0.7406494399875402,-0.23420886110812425
1789031897658682000,33.89468212890625,-0.0890624312877655,-0.5492810649573803,-0.19494820627830922
1789031897668685000,33.90468505859375,-0.034509149453788995,-0.2658914088338613,-0.21156097597032783
1789031897678688000,33.91468798828125,-0.06048734805807471,0.11453121906518936,-0.13887706722728907
1789031897688691200,33.924691162109376,-0.19469123584255574,0.5713298151582479,-0.16444785407446325
1789031897698695000,33.93469482421875,-0.1940402245879173,0.8890063562870025,-0.21166348649673164
1789031897708698000,33.94469799804688,-0.05044409294947982,0.9585095161020755,-0.2751099400887266
1789031897718701000,33.954701171875,0.11415712505578994,0.8196043187588453,-0.5106021190056577
1789031897728704000,33.9647041015625,0.1789667202271521,0.5708545988619327,-0.7155185058623552
1789031897738707000,33.97470703125,0.13646262649670243,0.253195008867979,-0.8810372771039605
1789031897748710000,33.9847099609375,0.1437770411632955,-0.28315292475819587,-0.9913150034431367
1789031897758713000,33.994713134765625,0.3064728639386594,-1.0149626402080059,-1.0431624603845178
1789031897768717000,34.004717041015624,0.4377519503176212,-1.5835831964075564,-0.8961162613574415
1789031897778720300,34.01472021484375,0.18693229227885602,-1.4983236645340918,-0.8796673039250076
1789031897788723000,34.02472290039063,-0.30824411139488217,-0.8865238918215036,-0.6878307268612086
1789031897798726100,34.03472607421875,-0.6605586890541016,-0.28369360750615596,-0.3141675466271117
1789031897808728800,34.044728759765626,-0.6659902125835419,-0.1391600488871336,-0.02577124132271856
1789031897818732000,34.05473193359375,-0.4382607766225934,-0.3279261324644089,0.007920198540017008
1789031897828735200,34.0647353515625,-0.4004384109675884,-0.660967415985465,-0.13534476491529493
1789031897838739000,34.07473901367187,-0.4555586790345609,-1.0186281769782304,-0.4642100413933396
1789031897848742000,34.084741943359376,-0.3060021776869893,-1.415627261146903,-0.4644207980671897
1789031897858745000,34.0947451171875,-0.13159677402600645,-1.725570577675104,-0.5937893381170928
1789031897868748000,34.104748046875,-0.2813745169088244,-1.875198244562745,-0.6727214935999363
1789031897878751000,34.1147509765625,-0.5895695284649729,-1.8198814310103655,-0.5443745151501148
1789031897888754200,34.12475415039062,-0.9031485711470246,-1.2901520387411116,-0.2723481106925756
1789031897898756900,34.1347568359375,-0.9745032040476799,-0.33872809698581696,0.05307352813761681
1789031897908761000,34.14476098632812,-0.9744497202947735,0.8759528134465218,0.1491236994208768
1789031897918764000,34.154763916015625,-0.8481237262785434,1.9699708701908587,0.6732509973667562
1789031897928767000,34.16476708984375,-0.45801820101588964,2.6076597019195553,1.193873246333748
1789031897938770200,34.174770263671874,0.06101444067209959,2.679084769707918,1.124840042117983
1789031897948773000,34.184773193359376,0.5767816508233546,2.156463163617253,0.8322527148645371
1789031897958776000,34.19477612304688,0.7158791558682918,1.2510457707554101,0.3495088360561058
1789031897968779000,34.204779052734374,0.6817252495929599,0.2448714171588421,-0.19305758849242702
1789031897978783200,34.214783203125,0.5057879601895809,-0.4399164348751306,-0.44510074217785145
1789031897988786000,34.224785888671875,0.11705752267241477,-0.4662158282577991,-0.6659170012168586
1789031897998789000,34.2347890625,-0.15321166285425425,-0.059141340276598925,-0.48103155846521256
1789031898008791800,34.24479174804687,0.27588001114577054,0.26219898405671116,-0.15904195817662403
1789031898018795000,34.254794921875,0.8117071357682347,0.3254050895541906,-0.19699852640423923
1789031898028798200,34.26479809570313,0.9299933234527706,0.5956272210687399,-0.17633065436882897
1789031898038801000,34.27480078125,0.9779846164226531,1.0748089138835668,0.051818778836168346
1789031898048805000,34.28480517578125,1.0342264358654618,0.7440975346148013,-0.05711061990028247
1789031898058808000,34.29480810546875,0.6067866207256912,-0.26280980943143367,-0.23619281973326578
1789031898068811000,34.30481103515625,-0.21626023970246314,-1.1407838995724915,-0.4470122018223628
1789031898078814000,34.31481396484375,-0.686885408835113,-1.5475748944371939,-0.37647104072906074
1789031898088817200,34.324817138671875,-0.690227412739396,-1.449723592016101,-0.03169973632255569
1789031898098820000,34.33482006835938,-0.5169894454225897,-0.7752695024698972,0.19881965915048494
1789031898108823000,34.34482299804687,-0.680712273158133,0.4749567685961723,0.39599670219309624
1789031898118826000,34.354825927734375,-0.43159401220977306,1.287844346320629,0.7693152702406049
1789031898128830000,34.36482983398437,0.2997019084990024,0.9018716830790042,0.8406922611035406
1789031898138833200,34.37483325195313,0.7486836933612823,-0.4585036464452743,0.4232390755143016
1789031898148836000,34.38483618164062,0.6797086490735411,-1.1038298411846161,0.001511719737201929
1789031898158839000,34.394839111328125,0.3034919484317303,-0.24148002115488051,-0.07038651852086186
1789031898168842000,34.40484204101563,0.43461394455283875,0.616233371245861,0.13310111417435108
1789031898178845000,34.41484497070312,0.6254065655216574,1.1503478467315436,0.26434618868585674
1789031898188848000,34.42484814453125,1.1662860050976276,0.8455962536275387,0.27881818348951637
1789031898198852000,34.43485205078125,1.9693372484624385,-0.2635264332681894,-0.31239706635586917
1789031898208855000,34.44485498046875,1.4529729492008685,-0.2394932312518358,-0.8922099746339023
1789031898218858000,34.45485791015625,0.33361090010255573,0.9153279615014791,-0.6588253624554723
1789031898228861200,34.464861083984374,-0.020120997008681297,1.718119677147269,-0.07194963051858358
1789031898238864000,34.47486376953125,0.46268677734881636,1.1989543489903212,0.22925670032715423
1789031898248867000,34.4848671875,1.2645406276226043,-0.3380722634255886,-0.042997667667362835
1789031898258870000,34.4948701171875,1.1652715673580765,-1.1920488073855637,-0.7797934827003628
1789031898268874000,34.5048740234375,0.20613982770442962,-0.7137684473246335,-1.133045122013986
1789031898278877000,34.514876953125,-0.585873012034595,0.3232756763100624,-0.7457761353515088
1789031898288880000,34.52488012695313,-0.5282163573577999,0.6257125627309084,-0.13173338775141163
1789031898298883000,34.53488305664062,-0.06962561715096235,0.27917525329887866,0.12855006327386945
1789031898308886000,34.544885986328126,0.25021745436191556,-0.23942191958129405,-0.1092668139972724
1789031898318889200,34.55488916015625,0.08338789278268814,-0.31660978868007655,-0.41181280508209017
1789031898328892000,34.56489184570312,-0.2991191401749849,0.006594575959444046,-0.5063476764315739
1789031898338896100,34.574896240234374,-0.5331199114903807,0.30530104368031025,-0.2541649864112958
1789031898348899000,34.584899169921876,-0.5637210937201976,0.10830722998380661,0.11026072040544822
1789031898358902000,34.59490209960938,-0.5287707763701677,-0.2518377490401268,0.08219219845840707
1789031898368905000,34.60490502929687,-0.6238321558117866,-0.4446954858452081,-0.0864784974754788
1789031898378908000,34.614907958984375,-0.5880825047776103,-0.4695142852813005,0.09113755706138908
1789031898388911000,34.6249111328125,-0.38489129774570463,-0.33263445628583427,0.2651842469451949
1789031898398914000,34.6349140625,-0.01110913077443838,-0.10898819798529147,0.31256584705151613
1789031898408918000,34.64491796875,0.3294716083407402,0.06085398941338062,0.30796434460543093
1789031898418921000,34.6549208984375,0.4005471320390701,0.20480419518649576,0.11894909030636772
1789031898428924200,34.66492407226563,0.35042408773750067,0.3744879771530628,0.13793679070249198
1789031898438926800,34.6749267578125,0.1629671870626509,0.3796335233479738,0.2456934923977591
1789031898448930000,34.684929931640625,0.11197101318836211,0.24606968703269957,0.009006313276290893
1789031898458933000,34.69493310546875,0.25210896719694137,-0.02770166139602661,-0.2430397264859639
1789031898468936000,34.70493603515625,0.2574680100120604,-0.29643033948242664,-0.3875454289836809
1789031898478939100,34.714939208984376,0.11681173121780157,-0.45245559845268724,-0.48930729244463145
1789031898488943000,34.724943115234375,-0.2319894314929843,-0.3785667708992958,-0.20939959668535738
1789031898498946000,34.73494604492188,-0.6324936011731624,-0.22156302228569982,0.31374121097382157
1789031898508948700,34.74494873046875,-0.8543746033668518,-0.0981073230087757,0.48223655034080143
1789031898518952000,34.754951904296874,-0.7103355502665043,-0.1706476585626602,0.31665202038660645
1789031898528955000,34.764954833984376,-0.6580828004598617,-0.2986141132622957,0.14933037357465362
1789031898538957800,34.77495776367188,-0.8226818265080451,-0.29605390738546844,0.22482478229431435
1789031898548961000,34.7849609375,-1.1259506337083875,-0.14349778583049774,0.2041309538337402
1789031898558965000,34.794965087890624,-1.2586249738380313,-0.0073047700554132455,0.015962032432015983
1789031898568968000,34.804968017578126,-1.1410964726530015,-0.021149755534529684,-0.3214062657089904
1789031898578971000,34.81497094726563,-1.039110408514738,-0.16413082401454449,-0.6489282378192991
1789031898588974000,34.82497412109375,-1.0429062936663627,-0.33693770643770693,-0.6831125392328947
1789031898598976800,34.834976806640626,-1.1191817240953446,-0.25061083759367464,-0.5941589751470834
1789031898608980000,34.84497998046875,-1.2012217094004154,0.06413841791152954,-0.6813892956368625
1789031898618983000,34.85498291015625,-1.1386975948177278,0.23373919776976107,-0.8241197503566742
1789031898628987000,34.86498681640625,-0.9481424358665943,0.2300263147264719,-0.9236172856148331
1789031898638989800,34.87498974609375,-0.8460428283512592,0.22440672127902506,-0.9382130163960158
1789031898648993000,34.88499291992188,-0.6460032172180712,0.2829495111405849,-0.7528346755608916
1789031898658996000,34.89499584960937,-0.312721402939409,0.4763637127846479,-0.3083529055316001
1789031898668999000,34.9049990234375,0.12777999221682548,0.7630050641804933,0.306020791055914
1789031898679001900,34.915001953125,0.23587694045081734,0.9524415943652391,0.6951652344677597
1789031898689004800,34.9250048828125,0.2646693196929991,0.8816869731843471,0.7377588331125676
1789031898699008000,34.935008056640626,0.38079964451789855,0.44536710149645803,0.5218895654890686
1789031898709011700,34.94501171875,0.469506832627207,-0.07009878762066364,0.394943393747881
1789031898719015000,34.95501489257813,0.46016938770040866,-0.3699117552787065,0.29666718044560403
1789031898729017900,34.96501782226562,0.3568811549223959,-0.4212205022335052,0.15472783957086503
1789031898739020800,34.975020751953124,0.21760098678693174,-0.5605991623073816,-0.3155377755343914
1789031898749024000,34.98502392578125,0.1501005450963974,-0.7713111202329397,-0.645745296934247
1789031898759027000,34.99502685546875,0.1623439405977726,-0.7920458652257919,-0.6578682809263467
1789031898769030000,35.00502978515625,0.2823113593675196,-0.48414428365826606,-0.6274275499552487
1789031898779033900,35.015033935546874,0.3415497302778065,-0.2473316697925329,-0.6851036399848759
1789031898789037000,35.025037109375,0.30636092799678444,-0.16595920848548412,-0.8196346408318728
1789031898799039700,35.03503979492187,0.15595993864908814,-0.07789806319475173,-0.8745037836819887
1789031898809043000,35.04504296875,0.03197700062766671,0.18751111508011817,-0.6087615009952336
1789031898819046100,35.05504614257813,-0.2158488824225962,0.38773558126091956,-0.4820341596364975
1789031898829048800,35.065048828125,-0.21915362305641173,0.42717502672374247,-0.6510678801964968
1789031898839052000,35.075052001953125,-0.3465114443384111,0.1668318996667862,-1.016119262897223
1789031898849056000,35.085055908203124,-0.4888286420822143,-0.17871464516222477,-1.2110037562895566
1789031898859059000,35.095058837890626,-0.5695101985156535,-0.5710545053482056,-1.1184356549683958
1789031898869062000,35.10506176757813,-0.6662801354408264,-0.840267167559266,-1.044212627024576
1789031898879064800,35.11506494140625,-0.7044131744801998,-1.0013689991414547,-0.9375913773663341
1789031898889067800,35.12506787109375,-0.6215152571715414,-1.020857543465495,-0.837501867564395
1789031898899071000,35.13507104492187,-0.5483410076282919,-0.8857219277888536,-0.802774033858627
1789031898909074000,35.145073974609375,-0.7329306823037565,-0.4969809688776731,-0.6800055861935019
1789031898919076900,35.15507690429688,-0.9743209793485701,-0.022795769175887107,-0.5075383109882473
1789031898929081000,35.1650810546875,-1.0363713389396667,0.12873977715969084,-0.396161245105043
1789031898939083800,35.17508374023438,-0.8496129419229924,-0.18236264627575874,-0.6467556430205702
1789031898949087000,35.1850869140625,-0.48288405446410176,-0.7251426587760448,-0.6298682941708713
1789031898959090000,35.19508984375,-0.3062660893201828,-0.9502572360634803,-0.7923884681183845
1789031898969092900,35.2050927734375,-0.2687305777825415,-0.7870844434261322,-1.0223049657948315
1789031898979095800,35.215095703125,-0.3821874456144869,-0.5333464137226342,-1.1275088960010557
1789031898989098800,35.2250986328125,-0.347519598467648,-0.3873357682883739,-1.1443626348420977
1789031898999102700,35.235102783203125,-0.09384308969303964,-0.385606752538681,-1.124489328984171
1789031899009106000,35.24510595703125,0.05083382291942835,-0.2813689639508724,-1.1564591692186892
1789031899019109000,35.255109130859374,-0.0646478287383914,0.11526362499296665,-1.1142528163257985
1789031899029111800,35.26511181640625,-0.2518509007826447,0.7790776625812054,-1.1223013904858379
1789031899039115000,35.27511499023438,-0.562049361115694,1.241000762081146,-1.086885647581145
1789031899049117700,35.28511767578125,-0.4745262682244181,1.1685264775007962,-1.0197501667454838
1789031899059121000,35.295120849609376,-0.02239917107373476,0.48215574018955226,-0.9460061544902623
1789031899069124900,35.305124755859374,0.11592705733776092,-0.37845162008702754,-1.015245475737378
1789031899079127800,35.3151279296875,-0.16449965732693672,-0.8466735274702311,-1.1388802579082549
1789031899089130800,35.325130859375,-0.695774963863939,-0.7024491809308528,-0.9563459813926368
1789031899099134000,35.335134033203126,-0.9492264317110181,-0.24372283164560793,-1.0111651476211845
1789031899109137000,35.34513696289063,-0.565161209525913,-0.09777356100976467,-0.735831006855145
1789031899119139800,35.35513989257812,-0.23234715888947247,-0.34778701723217964,-0.500504832154885
1789031899129143000,35.36514306640625,-0.407576592284441,-0.5474702161431312,-0.7026763407502323
1789031899139146800,35.375146728515624,-0.8132666401699185,-0.4074947592198849,-0.6781045748777688
1789031899149150000,35.38514990234375,-0.6349614525914192,-0.009326631271839142,-0.24018252869024873
1789031899159153000,35.39515283203125,-0.03887976575344801,0.2973299186706543,-0.005216930930688977
1789031899169155800,35.40515576171875,0.27843057241141794,0.08085106778144836,-0.06617328474000096
1789031899179159000,35.41515893554688,0.10152852962911128,-0.43574119501709935,-0.4164885783407837
1789031899189162000,35.42516186523437,-0.5986167582735419,-0.5478478172838688,-0.8295115994628518
1789031899199165000,35.4351650390625,-1.249149289484322,0.11492343325316905,-0.7484939429428428
1789031899209168000,35.44516796875,-0.8288914948031306,0.9809341138780117,-0.24652846365086734
1789031899219172000,35.45517211914063,0.5238999554634094,1.0606184759676456,0.6417482631873339
1789031899229174800,35.4651748046875,1.3442746740728615,0.507854245069623,0.9564753799259662
1789031899239178000,35.475177978515624,1.2832207781732081,0.0562754294514656,0.49783791450057174
1789031899249180700,35.4851806640625,0.6222776198461651,0.3087240038663149,-0.03746087539885193
1789031899259183900,35.49518383789062,-0.2325949961706996,0.9696329676628113,-0.2265531587231904
1789031899269187000,35.50518701171875,-0.5547837540268897,1.4004419669747352,0.04040244527608156
1789031899279189800,35.515189697265626,-0.25855741268396376,1.3280197048425673,0.2767747680284083
1789031899289194000,35.52519409179688,0.19200258128046988,0.7557160762161016,0.06268620980922132
1789031899299197000,35.53519702148437,0.11956541384011507,0.24539865590333937,-0.3616436200838536
1789031899309200000,35.545199951171874,-0.30305092666596173,-0.08713234000802039,-0.7513264629550278
1789031899319202800,35.555202880859376,-0.45099750859886406,-0.11992051088809966,-1.0509558907397092
1789031899329206000,35.5652060546875,-0.4795370821237564,0.15338731168210507,-1.058381876021996
1789031899339209000,35.575208984375,-0.061412207818031306,0.3811977039247751,-1.0582352340929209
1789031899349212000,35.5852119140625,0.28629209956675766,0.46865036192834375,-0.8109256300017237
1789031899359215900,35.5952158203125,0.15186346311569213,0.24537702859342098,-0.5592874951869249
1789031899369218800,35.60521875,-0.03178717714399099,-0.24176409879326818,-0.42684820592217143
1789031899379222000,35.61522192382812,0.08288988013267516,-0.6243026959329843,-0.5461248294161632
1789031899389225000,35.625224853515626,0.03283347132652998,-0.34182430943548675,-0.5743926002623513
1789031899399228000,35.63522778320313,-0.15771248140484093,0.037758360508084295,-0.5358334082327783
1789031899409230800,35.64523095703125,-0.08968582388311624,0.0791197139441967,-0.49004937951620664
1789031899419233800,35.65523388671875,0.22654548687338827,0.023032500541210175,-0.45552116003576665
1789031899429237000,35.66523706054687,0.6786860280275344,-0.13166764730513095,-0.28572308577345684
1789031899439241000,35.67524096679688,1.0132190114110708,-0.18903321008086205,-0.25852002154933285
1789031899449244000,35.68524389648437,1.1150526614665985,-0.23986089552044867,-0.32756979330740865
1789031899459246800,35.695246826171875,0.6630582507848739,-0.2315378883332014,-0.25637060669679196
1789031899469250000,35.70525,0.1540133346259594,-0.14576222363114355,0.1906227808272466
1789031899479252700,35.71525268554687,0.29975334642529483,-0.23114684318900108,0.7168143178265541
1789031899489256000,35.725255859375,0.7453145091891288,-0.3474602694958448,0.7015543509829789
1789031899499259000,35.7352587890625,1.1281865760669112,-0.3065127575576305,0.4272128379834816
1789031899509261000,35.74526098632813,0.7916685563459992,0.23901216973662376,0.053220197466155514
1789031899519265300,35.75526538085938,0.0314490312308073,0.9000298546046018,0.21458803217392414
1789031899529268200,35.76526831054687,-0.4795967033565044,1.1285773289501666,0.5233776486223564
1789031899539271200,35.775271240234375,-0.2403120002888143,0.6626788960784673,0.6416532783802599
1789031899549274000,35.78527416992188,0.11664952639341354,-0.13138006253540516,0.5301878766264766
1789031899559277000,35.79527709960937,0.42538492843657727,-0.5613175397098064,0.38634599006604403
1789031899569280300,35.8052802734375,0.2643910872735083,-0.4660726203948259,0.1452228743237443
1789031899579283200,35.815283203125,-0.23968787704110145,-0.09332827203869819,0.07388542088675312
1789031899589287200,35.825287109375,-0.6657805153556168,0.2256388934224844,0.20361071108561007
1789031899599290000,35.8352900390625,-0.9640697805777192,0.3599579320192337,0.07915608216552063
1789031899609293300,35.845293212890624,-1.0242673519089818,0.24640520259737966,-0.11076772007951512
1789031899619296000,35.8552958984375,-0.8318938914895058,-0.09376432536840439,-0.32096389223635197
1789031899629299200,35.86529931640625,-0.5188870957374573,-0.37927871856093404,-0.6556289775669575
1789031899639302100,35.87530224609375,-0.2778185779929161,-0.469489150840044,-0.8134072176843881
1789031899649305000,35.88530517578125,-0.1290405136719346,-0.34776188279092307,-0.7622547572698444
1789031899659309000,35.89530908203125,-0.07991919375881552,-0.01915536684691906,-0.6548053131591528
1789031899669312300,35.90531225585938,-0.025755203503370284,0.2864578115224838,-0.4966251046447083
1789031899679315200,35.91531518554687,0.009320786052942275,0.4268646456003189,-0.2905024838034063
1789031899689318100,35.925318115234376,-0.14185878645181654,0.2693476867675781,-0.1447296657130122
1789031899699321300,35.9353212890625,-0.22197437956556676,-0.10014964249134063,-0.21378354739062486
1789031899709324000,35.94532397460937,-0.2833493241131306,-0.6415127739310265,-0.6868964416857808
1789031899719327200,35.9553271484375,-0.38692864879220723,-1.1908873623907565,-0.6994131742358207
1789031899729330200,35.965330078125,-0.6189174957633018,-1.5142998168230055,-0.40590515194088217
1789031899739334100,35.97533422851563,-0.8172337902352214,-1.4364748188644647,-0.12100045161191374
1789031899749337000,35.98533715820312,-1.0587364616133272,-1.095832997211814,0.11351261660717427
1789031899759340000,35.995340087890625,-1.2194203600443898,-0.558410712352395,0.2176324048385024
1789031899769343200,36.00534326171875,-1.005089919360727,0.003914543095231056,0.22606508294530211
1789031899779346200,36.01534619140625,-0.778393771970272,0.48728667333722114,0.27436781648453323
1789031899789349000,36.02534912109375,-0.7322798171795905,1.0225339522451162,0.25515827176496386
1789031899799352000,36.03535205078125,-0.778361184874922,1.374464645153284,0.12933701240047812
1789031899809356300,36.04535620117188,-0.7355904030323028,1.5448574521720408,0.2541451857322827
1789031899819359000,36.05535888671875,-0.3381890216730535,1.6222890668988228,0.6630165305349975
1789031899829362200,36.065362060546875,0.03594692717194557,1.58628076492846,0.8678616422537714
1789031899839365000,36.075365234375,0.2792870431102812,1.558671457991004,0.6676714436687529
1789031899849368000,36.0853681640625,0.4623543305240571,1.4570055657178163,0.4916373428273946
1789031899859371300,36.095371337890626,0.6614870559453964,1.2992296636879443,0.4560405442673713
1789031899869374000,36.1053740234375,0.7979166569553315,0.9234118992358445,0.5013386160979048
1789031899879377200,36.11537719726562,0.8359678629301488,0.41080256859362124,0.6239810627631843
1789031899889381000,36.12538110351562,0.7242286126710474,0.019909400084614753,0.6108670219071209
1789031899899384300,36.13538427734375,0.4835938101686537,-0.2223971350222826,0.634549656920135
1789031899909387000,36.145386962890626,0.393432331597805,-0.5138467634826899,0.7464844297513366
1789031899919390200,36.15539013671875,0.25724574556350704,-0.9031932870715856,0.7815598347857594
1789031899929393200,36.16539306640625,0.1843148032568395,-1.3650181868940592,0.7004857719033956
1789031899939396000,36.17539599609375,0.24467267971634862,-1.7183815429538487,0.5992581979822367
1789031899949399300,36.1853994140625,0.3812367207609117,-1.7354425678700207,0.6448971556723118
1789031899959403000,36.19540307617188,0.2435011517189443,-1.4293424827665089,0.717563236497715
1789031899969406200,36.20540625,0.10669409569874405,-1.2093331196635961,0.8060613849662244
1789031899979409200,36.2154091796875,0.19681319643259046,-1.4171867655485868,0.6496297371521592
1789031899989412000,36.225412109375,0.29325010201111434,-1.8802818314373493,0.22798121876493094
1789031899999415000,36.2354150390625,0.14849544798731804,-2.0290823998510836,-0.15277159093655646
1789031900009418200,36.24541821289063,-0.15287687794193625,-1.4828466939389704,-0.2621516012510285
1789031900019421200,36.25542114257812,-0.11275777965188026,-0.6677917090475559,-0.20072664354927836
1789031900029424000,36.265424072265624,0.4436509452283382,0.001723170530796051,0.16304986037742344
1789031900039428400,36.275428466796875,0.7451518659733235,0.5113602073639631,0.10279727092329412
1789031900049431000,36.28543115234375,0.4990903622470796,0.8708037601202726,-0.16096666089519857
1789031900059434200,36.29543432617187,-0.0016869301736354826,1.1458119568675755,-0.40002223138213155
1789031900069437200,36.305437255859374,-0.14082988179549574,1.261551382678747,-0.4401735879739746
1789031900079440100,36.315440185546876,0.13291340958252548,1.161652500078082,-0.3901856778267771
1789031900089443300,36.325443359375,0.4466517344795167,0.9619798225611448,-0.430618043317087
1789031900099446000,36.33544604492187,0.469097521173954,0.8532745331704616,-0.5908398406617343
1789031900109450000,36.34544995117187,0.10371887928023933,0.9000210867762565,-0.7361692988988011
1789031900119453200,36.355453125,-0.35195714252367616,0.9861907192319631,-0.7416501414626836
1789031900129456000,36.3654560546875,-0.6120939333535731,0.9879939692616462,-0.6568119768064469
1789031900139459000,36.375458984375,-0.5099130772955716,0.6532353604286909,-0.36519440790060903
1789031900149462300,36.385462158203126,-0.46783495389223095,0.02892915736436844,-0.16694290402689949
1789031900159465000,36.39546484375,-0.49190468852669,-0.7617085946291685,-0.02265274397600442
1789031900169468200,36.40546826171875,-0.5359609801352023,-1.468829859024286,0.044049807068798685
1789031900179471400,36.41547143554688,-0.5203592141166329,-1.8128098851889372,0.05856628033500164
1789031900189475000,36.42547509765625,-0.5099722601369023,-1.7770470824122429,0.25260151822054755
1789031900199478300,36.43547827148438,-0.4818751696825027,-1.3494576296687126,0.5953318548513576
1789031900209481200,36.44548120117187,-0.3320208544321358,-0.7919073335379362,0.9413920848235487
1789031900219484200,36.455484130859375,-0.06541267563104629,-0.6571417202174663,1.2418427658632396
1789031900229487000,36.46548706054688,0.08406009295582771,-0.9342582874208688,1.3205011459060012
1789031900239490300,36.475490234375,-0.1435784498512745,-1.2107967624753713,1.0189353432312607
1789031900249493200,36.4854931640625,-0.18856266995966434,-1.1379945611149072,0.44074769806750114
1789031900259497200,36.495497314453125,0.2082771319940686,-1.1543465609788894,0.45725108910091217
1789031900269500200,36.50550024414063,0.43016427166759963,-1.0390238992750644,0.42302521356791256
1789031900279503000,36.51550317382812,0.36028175714612004,-0.6143155549257994,0.23752841571858152
1789031900289506300,36.52550634765625,0.18519757744073867,0.018106734576821326,0.053166101791895924
1789031900299509000,36.53550903320313,0.3894040989950299,0.3071054627537727,0.24204587487671522
1789031900309512200,36.54551220703125,0.6258928877338766,0.16535189024209976,0.4379936135863885
1789031900319515100,36.55551513671875,0.6961132559075951,0.0088578447163105,0.37219409406222403
1789031900329519400,36.565519287109375,0.53319589933604,0.2686293093651533,0.11758236853042617
1789031900339522000,36.57552197265625,0.18371610671132801,1.1355319703936577,0.16110177678326143
1789031900349525200,36.58552514648437,-0.019060966561734675,2.065218712115288,0.25860541654415425
1789031900359528200,36.595528076171874,0.325518194539845,2.2347873432695864,0.4218063758300617
1789031900369531100,36.60553125,0.8192334396198392,1.8012269994229078,0.4587935693025589
1789031900379534300,36.61553442382812,1.1208812214896082,1.1832739647775887,0.4726638353534043
1789031900389537000,36.625537109375,1.3385869838252662,0.28808044428825375,0.36415677194856105
1789031900399540200,36.63554028320313,1.3043129583016038,-0.31368542566597457,-0.0629827268040739
1789031900409544200,36.645544189453126,0.7181953238561749,-0.20721943963468073,-0.24539958748510107
1789031900419547100,36.65554711914063,0.1292135321512818,0.241572375613451,-0.11584045676654205
1789031900429550000,36.66555004882812,-0.16759090134054422,0.8205833929240703,0.054492217562813305
1789031900439553300,36.67555322265625,0.183065241587162,1.1850053186148404,0.40596510196719315
1789031900449556200,36.68555615234375,0.8282190023690461,0.777287856554985,0.39737595465704795
1789031900459559200,36.69555908203125,1.0241676909267903,-0.3999181864857673,0.09917566462634131
1789031900469562000,36.70556201171875,0.5602960877075791,-1.0646621984004974,-0.45405890546347943
1789031900479565000,36.71556494140625,-0.2376373742520809,-0.5697253025710582,-0.5679368847843259
1789031900489569300,36.7255693359375,-0.7297735334470867,0.5425117169529199,-0.06297945713475346
1789031900499572000,36.73557202148437,-0.17612492092996834,0.4947516023904085,-0.10359941761903464
1789031900509575700,36.74557568359375,0.2883338345274329,-0.38397126029133793,-0.40546350912060586
1789031900519578600,36.75557861328125,0.11033668998479843,-0.7595803504288197,-0.4015901382859796
1789031900529581800,36.765581787109376,-0.4545689373448491,-0.24908523546159267,-0.042188159649074075
1789031900539584500,36.77558447265625,-0.709039957498014,0.5237316131591797,0.2536882357450202
1789031900549587700,36.78558764648437,-0.27857378027439117,0.8676911810576915,0.5069129090989009
1789031900559591700,36.795591796875,0.5743298737570643,0.40789515671432014,0.5194337333021685
1789031900569594600,36.8055947265625,0.962831763215363,-0.33732699801623817,0.3255664906609803
1789031900579597800,36.81559790039063,0.7992197023779153,-0.7371493229120969,0.2334693678524345
1789031900589600800,36.82560083007812,0.2864876221388578,-0.4765209491729736,0.0789738757327199
1789031900599603700,36.835603759765625,0.11958382627964019,0.1351075586259365,0.13187909809872508
1789031900609606700,36.84560668945313,0.42462095832675695,0.3943775034934282,0.3425587977224961
1789031900619609600,36.85560961914062,0.5892386890754103,0.520502714240551,0.3429513772366568
1789031900629612800,36.86561279296875,0.4975102534487843,1.0305138450831175,0.24325915965661404
1789031900639616800,36.87561669921875,0.5679138692349195,1.4157733916193247,0.32639497737437484
1789031900649619500,36.885619384765626,0.9342480582877993,0.8457897303730249,0.47722405594103035
1789031900659622700,36.89562255859375,1.0566370051160454,-0.18471476235985754,0.3470234124485403
1789031900669625900,36.9056259765625,0.44641018080860373,-0.7137766306310892,-0.06362732658423483
1789031900679628500,36.91562866210938,-0.2807385570928454,-0.6936766764104366,-0.3800635853283107
1789031900689631700,36.9256318359375,-0.36255057886093855,-0.558263412836194,-0.3052952715266496
1789031900699634700,36.935634765625,-0.07686550527662038,-0.568075197276473,0.07376198630332946
1789031900709638700,36.945638671875,0.3003472206652164,-0.7428349673330783,0.3962237158820033
1789031900719641600,36.9556416015625,0.38355624974966046,-0.8461006960183381,0.5137909781748429
1789031900729644800,36.96564477539062,0.03505757711678743,-0.7947212219148874,0.2507637631330639
1789031900739647700,36.975647705078124,-0.3727504858359694,-0.5850415296465158,0.26170729154963046
1789031900749650700,36.985650634765626,-0.704120036752522,-0.4461567905694246,0.52723140144106
1789031900759654000,36.99565380859375,-0.8148448492720722,-0.5185065719872712,0.8193412839084864
1789031900769656600,37.005656494140624,-0.88627868488878,-0.738607705026865,0.6768087629135697
1789031900779659800,37.01565966796875,-0.9817851777493953,-0.9745955585062503,0.16064455280136317
1789031900789663700,37.02566381835938,-1.0763552665427327,-1.1316793866187334,-0.15870043299626557
1789031900799666700,37.03566674804687,-1.0721673133336007,-1.095925936192274,-0.02163881769310683
1789031900809669600,37.045669677734374,-0.88275401789397,-0.7501666253954171,0.19296499657183885
1789031900819672600,37.055672607421876,-0.5378934095025062,-0.18071897072196005,0.19779318391326814
1789031900829675800,37.06567578125,-0.21121946905627845,0.3796773624897003,0.27341343836914744
1789031900839678700,37.0756787109375,-0.12689590285867453,0.6610176848679781,0.3670964055970311
1789031900849681700,37.085681640625,-0.0825121328614652,0.6220698223143816,0.341947424358502
1789031900859685600,37.095685546875,-0.04769800911173224,0.37807986416518685,0.16017099873917176
1789031900869688800,37.10568872070313,-0.057139206673949956,0.10650397995412349,0.020117097151698543
1789031900879691500,37.11569140625,-0.26879823619127274,-0.10472235723435878,-0.0055920935191679745
1789031900889694700,37.12569482421875,-0.45375864387527104,-0.2232937916010618,-0.18682064859792588
1789031900899697700,37.13569775390625,-0.5086345817923545,-0.23327391834557054,-0.41777722991183397
1789031900909700600,37.14570068359375,-0.6511597231984139,-0.09895195713937283,-0.37353783682137726
1789031900919703800,37.15570385742188,-0.7184570435322821,0.207618083563447,-0.2708231296150014
1789031900929706800,37.16570678710937,-0.8700665318869054,0.6467892530292272,-0.03910751009471714
1789031900939710700,37.17571069335938,-0.9521591241620481,0.9629051207125187,0.2639613358204253
1789031900949713700,37.18571362304687,-0.6960439900636672,0.9337462462455034,0.2501484259800054
1789031900959716900,37.195716796875,-0.2901695255219936,0.5432376931399107,0.10407492617629467
1789031900969719600,37.20571948242188,0.09928104296326637,0.09626724810004234,-0.016984744809567926
1789031900979722800,37.21572265625,0.14553323718085884,-0.10649696569144725,0.06478832862104754
1789031900989725700,37.2257255859375,-0.09412439085245132,-0.2054910084068775,0.24838304200898856
1789031900999728600,37.23572875976563,-0.11106252004131674,-0.34495851580798625,0.48839481724221256
1789031901009731800,37.24573193359375,0.1917934685744345,-0.42514673576653,0.7218604222349823
1789031901019735800,37.25573583984375,0.4282559538282454,-0.5176964246481657,0.66576984783113
1789031901029738800,37.26573876953125,0.4196588058747351,-0.5693126301169396,0.4980281398430466
1789031901039741700,37.27574169921875,0.37604528959766026,-0.42337504991888997,0.5146848948072642
1789031901049744600,37.28574462890625,0.25810513887181874,-0.10203297201991081,0.599434687060304
1789031901059747600,37.29574755859375,0.2514882049500942,0.17955518763959408,0.6422739675618708
1789031901069750800,37.30575073242188,0.18812135593295096,0.2795791579246521,0.5072046951197088
1789031901079753700,37.31575366210937,0.09361132676377892,0.31365152339637276,0.40476460360363126
1789031901089757700,37.3257578125,0.02082096197158098,0.31198914314210413,0.3311455329023301
1789031901099761000,37.335760986328125,0.07231602527871728,0.2909492777228355,0.38054862889889624
1789031901109763600,37.345763671875,0.08068740165233612,0.24080314480662343,0.27484140707934274
1789031901119766800,37.35576684570312,-0.010590221466869115,0.3226736187636852,0.04236645709173754
1789031901129769700,37.365769775390625,-0.05945055235624313,0.4267816434919834,-0.09498895352622494
1789031901139772700,37.37577270507813,-0.029957769759744405,0.3333785526514053,-0.11201799413524567
1789031901149775600,37.38577563476562,0.07752177722826599,0.02421732641160488,-0.3652743778016418
1789031901159778600,37.395778564453124,0.0633341157913208,-0.26051906814575193,-0.4529480581447482
1789031901169782500,37.40578247070312,0.040701428222656245,-0.48052726220488545,-0.4868490856375545
1789031901179785700,37.41578564453125,0.02535071435570717,-0.6634048722654581,-0.3715929863639176
1789031901189788700,37.42578857421875,0.07103446103557944,-0.782707543516159,-0.37559765542801465
1789031901199791600,37.43579150390625,0.05815159858688712,-0.8444932608217001,-0.33276933471187947
1789031901209794800,37.445794921875,-0.04585121220126748,-0.8607523217052221,-0.26129282899722456
1789031901219797500,37.45579760742187,0.015596066930145024,-0.8367009995102882,-0.2186090130520053
1789031901229800700,37.46580078125,0.13370952839627862,-0.8075935629695653,-0.2837831124205142
1789031901239804000,37.47580395507813,0.23604966666921973,-0.706357878807187,-0.29392564491881057
1789031901249807600,37.4858076171875,0.20521058403030037,-0.39184067849218845,-0.21288542950712144
1789031901259810600,37.495810546875,0.0542832327209413,0.019476269364356993,-0.13969815608551725
1789031901269813800,37.505813720703124,-0.13605097695589063,0.30254736105799673,-0.05555769136985764
1789031901279816700,37.515816650390626,-0.2807341731786728,0.41509821996092794,-0.10839271631017326
1789031901289819600,37.52581958007813,-0.30842429026737805,0.3632634033054113,-0.2656369956813753
1789031901299822800,37.53582275390625,-0.3093256230212748,0.2403343582510948,-0.38193573587574065
1789031901309825500,37.545825439453125,-0.28788258362859487,0.1921113023519516,-0.6226288444366306
1789031901319829800,37.555829833984376,-0.29631767288818955,0.12374503761231899,-0.6805258106753229
1789031901329832700,37.56583276367188,-0.3531381690017879,0.05832184058725833,-0.6452458229795098
1789031901339835600,37.57583569335937,-0.29025837284922595,-0.05351590161025524,-0.4145631632361561
1789031901349838800,37.5858388671875,-0.24346520362272858,-0.1396346806615591,-0.29150075585944574
1789031901359841500,37.59584155273438,-0.22899726393967865,-0.2638578571796417,-0.034667792347911744
1789031901369844700,37.6058447265625,-0.11933160508424043,-0.33231822994351384,0.10205797859700395
1789031901379847700,37.61584765625,0.055231765617430206,-0.3496446277976036,0.005725684170424938
1789031901389850600,37.6258505859375,0.07900748574137688,-0.40568683301508424,0.11786072881408036
1789031901399854600,37.6358544921875,0.06564589986503123,-0.5448375295519828,0.2192204046823084
1789031901409857800,37.64585791015625,0.13914572810083628,-0.672394234406948,0.27864943932648745
1789031901419860500,37.655860595703125,0.33956688589751716,-0.6005389585077763,-0.014424502400122581
1789031901429863700,37.66586376953125,0.3199775115475058,-0.3269593332588672,0.02421184651888907
1789031901439867000,37.675866943359374,0.27582535834908484,-0.029168811339139938,0.139103350263834
1789031901449869600,37.68586962890625,0.7923053929448127,-0.1497697057068348,0.7637146737545728
1789031901459872800,37.69587280273438,1.1916907877281306,-0.4379746531575918,0.6974237539842725
1789031901469876700,37.70587670898438,1.0144038372814654,-0.57762979208529,0.15259681889154017
1789031901479879700,37.71587963867187,0.4039969802320003,-0.1541337461352348,0.03475461211483925
1789031901489882600,37.725882568359374,-0.14648235459923745,0.6622533641427755,0.25824889472406354
1789031901499885800,37.7358857421875,-0.19530425317436456,1.1844266419440508,0.4784110372358933
1789031901509888800,37.745888671875,0.09794248783588409,0.919043182632327,0.5695650705080479
1789031901519892000,37.75589208984375,0.3383914123773575,0.06307108094096184,0.2411720146516338
1789031901529895000,37.76589501953125,0.02522913380265236,-0.15841887610852717,-0.17399832069743423
1789031901539897900,37.77589794921875,-0.7246598436951637,0.9443331067115068,-0.5604640281530097
1789031901549902000,37.78590209960937,-0.928890330646932,2.089707841205597,-0.12591379648614673
1789031901559904800,37.79590478515625,0.16821809332817791,1.848665042424202,0.542903711945191
1789031901569908000,37.80590795898438,1.052122742561996,0.366080214291811,0.24458317480199038
1789031901579911000,37.81591088867187,0.5756012088671326,-0.5247837525606155,-0.4654159465843811
1789031901589913900,37.825913818359375,-0.37374797244071956,-0.021846505627036092,-0.3894033318100497
1789031901599917000,37.8359169921875,-0.3892129603371024,0.512091444247961,0.45926396329328417
1789031901609919700,37.84591967773437,0.35274639320522544,0.08501111007034778,0.975383201752603
1789031901619923000,37.8559228515625,0.5718912484332919,-0.4711708203166723,0.852126824440062
1789031901629927000,37.865927001953125,0.15850100143402815,-0.1726391246408224,0.583851114285551
1789031901639930000,37.87593017578125,0.009741641813516616,0.6526847408086061,0.5423896614758298
1789031901649932800,37.88593286132812,0.17992898938804863,1.1000836403936147,0.4586262864442542
1789031901659936000,37.89593603515625,0.3838903040096164,0.8571762167841196,0.25006931459549814
1789031901669938700,37.905938720703126,0.6502969688892364,0.1503051277577877,-0.07193151947315782
1789031901679942000,37.91594189453125,0.4921323598027229,-0.1880231562554836,-0.29402386286258697
1789031901689945000,37.925945068359376,0.21350684934109448,0.3312608298450708,-0.3532361494835466
1789031901699947800,37.93594775390625,0.3756970606818795,1.0562117654412984,-0.20303068270795047
1789031901709952000,37.94595190429688,0.6321452261269093,1.2197218272089958,0.026842633413895964
1789031901719955000,37.95595483398437,0.9027660015702247,0.21835458163321017,-0.06736022950224578
1789031901729958000,37.9659580078125,1.013942064988613,-1.1124018546968697,-0.6675938483878969
1789031901739960800,37.9759609375,0.5328866872563958,-1.3548451679259539,-1.0949671010974793
1789031901749964000,37.98596411132812,-0.20229571949690578,-0.08490589613020419,-0.9031939446587115
1789031901759967000,37.995967041015625,-0.28503157811164853,1.394030346366763,-0.1833265959370881
1789031901769970000,38.00596997070313,0.41597061888128517,1.7817858013719319,0.3899520882666111
1789031901779972900,38.01597290039062,0.949824982126057,1.0733517008125781,0.287803965434432
1789031901789976800,38.02597680664063,0.5484837770998477,0.07824526919722556,-0.291577784884721
1789031901799980000,38.03597998046875,-0.2657435247957706,-0.6320400121867656,-0.6928332113236189
1789031901809983000,38.04598291015625,-0.9299746187523007,-1.1352706891089677,-0.709210126433149
1789031901819986000,38.05598583984375,-0.9612634909853338,-1.6464508637309074,-0.6468806576397269
1789031901829988900,38.06598876953125,-0.7074073878601193,-1.6866326519936323,-0.6830847744431346
1789031901839991800,38.07599169921875,-0.5466437021911144,-0.9987737219512463,-0.5454713704761117
1789031901849995000,38.0859951171875,-0.1902028383821249,-0.20003040491342544,-0.053268210459500545
1789031901859999000,38.0959990234375,0.23006109377890824,0.20867080748677252,0.577187601275742
1789031901870002000,38.106001953125,0.37465047423839565,0.2717354586869478,0.9007426059838384
1789031901880004900,38.1160048828125,0.30703575851842757,0.27495442073345183,0.7458761616598815
1789031901890008000,38.12600805664062,-0.07361381000429391,0.203020818901062,0.5341726719463243
1789031901900010800,38.1360107421875,-0.5835759871385992,0.18069149819314478,0.3733362498346716
1789031901910014000,38.146013916015626,-1.1978582243166864,0.13606851261258124,0.17791271766219288
1789031901920017000,38.15601684570313,-1.485777778954804,0.09579261632561684,0.3615256562599912
1789031901930019800,38.16601977539062,-1.3688206479169427,-0.01387888774871826,0.3939386006195098
1789031901940023800,38.17602392578125,-0.9134253427505492,-0.14673077640235424,-0.012964037926122546
1789031901950027000,38.186027099609376,-0.6042752224266529,-0.31846623020172116,-0.6672796678721904
1789031901960030000,38.19603002929688,-0.32837036910057066,-0.5073702609449625,-0.9997602487705647
1789031901970033000,38.20603295898437,-0.1650828640423715,-0.42421851500570773,-0.8841252331819385
1789031901980036000,38.2160361328125,-0.18259645503163335,-0.11445698478519915,-0.4970433665893972
1789031901990038800,38.22603881835938,-0.14442133041620253,0.14460779289901254,-0.08476155575606971
1789031902000042000,38.2360419921875,-0.03688698450103402,0.23305939881205556,0.049423426398541775
1789031902010045000,38.246044921875,0.14213336560949683,0.0779781426936388,0.07377464485550299
1789031902020049000,38.256048828125,-0.10871654143705964,-0.10398235252201557,0.13436736211734823
1789031902030051800,38.2660517578125,-0.3548175003908574,-0.2129723040729761,0.08129980706279166
1789031902040054800,38.2760546875,-0.5410802228450775,-0.26211422838270665,-0.32991781773827966
1789031902050058000,38.28605810546875,-0.772224435685575,-0.4208171821296215,-0.7615934438169002
1789031902060061000,38.29606103515625,-0.8799322384715079,-0.6613672289580106,-0.967226271847263
1789031902070063900,38.30606396484375,-0.7872912180446088,-0.6956213807374239,-0.6753954620495438
1789031902080066800,38.31606689453125,-0.5768960709832608,-0.43341479789614673,-0.27684958683028815
1789031902090070000,38.32607006835938,-0.29548750567436216,-0.03850421043932438,-0.1613825847523287
1789031902100073700,38.33607373046875,-0.24156200034990905,0.2143266412913799,-0.18098847184572367
1789031902110077000,38.34607690429687,-0.39197453400492666,0.3307593100637197,-0.019173961949534715
1789031902120080000,38.356079833984374,-0.4344903181731701,0.3153635880112648,0.09940578358778729
1789031902130082800,38.366082763671876,-0.20105229530707,0.27306349242031575,0.09624324616994709
1789031902140086000,38.3760859375,-0.19349325822964308,0.22546645946502683,0.06615647973567247
1789031902150088700,38.386088623046874,-0.3964496335923671,0.1498082841515541,0.044665947939455504
1789031902160092000,38.396091796875,-0.45927397323064506,0.21867373058497905,0.009326211146730929
1789031902170094800,38.4060947265625,-0.5296015281058848,0.4357856186807155,0.12676716191247106
1789031902180099000,38.41609912109375,-0.47674204457774755,0.7560574369996785,0.48701519945207983
1789031902190101800,38.426101806640624,-0.4193009323477745,0.9767062670499086,0.8470271632134914
1789031902200105000,38.43610498046875,-0.039344168394804,0.8953805674940347,0.856066648107022
1789031902210108000,38.44610791015625,0.4417207078181207,0.512345126748085,0.23223588053472338
1789031902220110800,38.45611083984375,0.4680781880635768,0.08464519936740397,-0.47934802582506086
1789031902230114000,38.46611401367188,0.10948226511254906,-0.11512100165188312,-0.7947226101543754
1789031902240116700,38.47611669921875,-0.12314122650027275,-0.0581622661113739,-0.7189049334302544
1789031902250120000,38.486119873046874,-0.0748666596096009,-0.030163083073496817,-0.44973581809997554
1789031902260124000,38.4961240234375,0.09978848102875053,-0.3036959465712309,-0.22163678164165465
1789031902270126800,38.506126953125,0.16996851719208061,-0.4867734631180763,-0.16838033468518404
1789031902280129800,38.5161298828125,0.22672917287722227,-0.38903146629035473,-0.3074440835909918
1789031902290133000,38.526133056640624,0.20005619694180785,-0.20880758560895918,-0.5245955365121364
1789031902300136000,38.53613598632813,0.05945522853136062,-0.13863748631775377,-0.6411407257482409
1789031902310139000,38.54613891601562,-0.05210559642091393,-0.3679308105945587,-0.4781776303388178
1789031902320141800,38.556141845703124,-0.02929521419778466,-0.7375187407463789,-0.23874350886307655
1789031902330144800,38.566144775390626,0.07238835986256599,-0.9611585693061351,-0.1841310807203874
1789031902340149000,38.57614892578125,-0.07300926823988556,-0.7777040361404418,-0.33974282698631286
1789031902350152000,38.58615185546875,-0.4500386004388332,-0.22983166893720625,-0.38847255376596
1789031902360155000,38.59615478515625,-0.6810216313682497,0.354478039303422,-0.12473171056210994
1789031902370158000,38.606157958984376,-0.5219957292772829,0.5832108070880174,0.21522545329462736
1789031902380160800,38.61616088867188,-0.24436887446418404,0.37543198000490663,0.30393139929492025
1789031902390164000,38.6261640625,-0.0325332462709397,0.0090104049295187,0.10077760166395455
1789031902400167000,38.6361669921875,-0.03648834057226777,-0.1574468162059784,-0.33636410780083387
1789031902410171000,38.6461708984375,-0.14990180765390396,0.005650573107600212,-0.7833328358076512
1789031902420173800,38.656173828125,-0.06652443626523018,0.20054478417634963,-0.9582399784456938
1789031902430177000,38.66617700195312,0.10219430006146431,0.1687356874614954,-0.955484103866294
1789031902440179700,38.6761796875,0.10578560255169868,0.08354805178046226,-0.9268018339350819
1789031902450183000,38.68618286132813,-0.13581936015710233,0.05490706370770931,-0.8293244793929159
1789031902460186000,38.69618603515625,-0.3554126898050308,0.0488905798971653,-0.6849303292445839
1789031902470188800,38.706188720703125,-0.394939229029417,0.015534253740310668,-0.6198785958804189
1789031902480192000,38.71619189453125,-0.23926716741099952,-0.28008067770600314,-0.4877656890258193
1789031902490196000,38.72619604492188,-0.2079929082252085,-0.6516688417643308,-0.4613199094424024
1789031902500199000,38.73619897460937,-0.47575756358504295,-0.8484177407890557,-0.32974962156452237
1789031902510201600,38.74620166015625,-0.7750994065999984,-0.5500409434139728,-0.3584090220768004
1789031902520204500,38.75620458984375,-0.8170156174398958,-0.054306759727001185,-0.44278424539640543
1789031902530207700,38.76620776367187,-0.499648142260313,0.24565759910047053,-0.4047821027277037
1789031902540210700,38.776210693359374,-0.0567068066060543,0.07624503529071808,-0.2561656952418387
1789031902550213600,38.786213623046876,0.19281024440154432,-0.48656128167212004,-0.22653005184223873
1789031902560216600,38.79621655273438,-0.03686842593103647,-1.0190011019438505,-0.16345725386822596
1789031902570220800,38.806220703125,-0.20228344453722238,-1.1752835505455732,-0.05290060098981485
1789031902580223500,38.81622338867187,-0.12054741061478852,-0.9620002808272838,-0.04769152457201853
1789031902590226700,38.826226806640626,0.2517231827497482,-0.7288613870382309,0.16581649381285532
1789031902600229600,38.83622973632812,0.16773907763957976,-0.3335626770466566,0.31350773101150986
1789031902610232600,38.846232666015624,-0.23851649517416953,0.3025309944450855,0.31190153792388736
1789031902620235800,38.85623583984375,0.13263152390122412,0.5365075081020594,0.5500956692758947
1789031902630238700,38.86623876953125,0.7964940768063068,0.026836568999290464,0.6173098413709551
1789031902640241700,38.87624169921875,0.4638528985187411,-0.3246580705791712,0.07429413868496194
1789031902650245600,38.88624560546875,-0.29510932001173495,0.3817395557165146,-0.4312417647060007
1789031902660248800,38.896248779296876,-0.494873767465353,1.6673475212872026,-0.1497341138036456
1789031902670251500,38.90625146484375,0.2893693150550127,2.075253783917427,0.4580995591564104
1789031902680254700,38.91625463867187,1.3830536098003388,0.6605699411004782,0.5598802003830671
1789031902690257700,38.926257568359375,1.5321782956019043,-1.6493804874420166,-0.1876298278226517
1789031902700260600,38.93626049804688,0.48930210481286046,-2.3768851991742848,-1.1791478247582912
1789031902710263800,38.946263916015624,-0.9393483040362596,-0.8529863638788461,-1.2808587252169847
1789031902720266500,38.9562666015625,-1.2221169056519865,1.3025608539372682,-0.48006044841073453
1789031902730270700,38.966270751953125,-0.673121671898663,2.6221137592077253,0.27064782784702257
1789031902740273700,38.97627368164063,0.10592004258632659,2.862684848824143,0.7963802411682903
1789031902750276600,38.98627661132812,0.6199181972384452,2.029454155772924,0.5994522592496127
1789031902760279600,38.996279541015625,0.7676938065186143,0.08841478103399276,-0.07234117798628285
1789031902770282800,39.00628271484375,0.4355751908004284,-1.7474328653931617,-0.9243950650542974
1789031902780285700,39.01628564453125,-0.14952449877411125,-1.8578660014897583,-1.2240763691566883
1789031902790288600,39.02628857421875,-0.6270832665622234,-0.41562955035865307,-0.5160140245191752
1789031902800291600,39.03629150390625,-0.3192898215442896,0.9243442116498947,0.09025808907942846
1789031902810295600,39.04629565429688,0.5390563158020377,1.1913315990269184,0.0639481377701275
1789031902820298800,39.056298828125,0.8900278082892298,1.0165519552260636,0.00479306122912094
1789031902830301700,39.0663017578125,0.5774433296024799,0.8839198468029499,0.15031290920544416
1789031902840304600,39.0763046875,0.4199982669621706,0.7552823609739542,0.2949326117379591
1789031902850307600,39.0863076171875,0.409674733607471,0.6239964064627885,0.41644035528488454
1789031902860310500,39.096310546875,0.7197381693840026,0.3669984981805086,0.26999351039044556
1789031902870313700,39.10631372070313,0.8786682098850608,0.12476911996304989,0.07260163728706538
1789031902880316700,39.11631665039062,0.3923576881036162,0.22410569250583648,-0.21342574692890046
1789031902890320600,39.12632055664063,-0.18563801468461752,0.6929834334492683,-0.2261399382798001
1789031902900323600,39.13632348632812,0.04039280066490173,0.7157517300963402,0.05007825531177222
1789031902910326800,39.14632690429688,0.8612889127999543,-0.21912556600570676,0.15837909208741038
1789031902920329500,39.15632958984375,1.2487068064138294,-1.3581354416429996,-0.2822866998502985
1789031902930332700,39.166332763671875,0.630185616491735,-1.334303315156698,-0.867856308491528
1789031902940335900,39.1763359375,-0.2168129051491618,-0.2017711111009121,-0.9386740580365062
1789031902950338600,39.18633862304687,-0.3958031523823738,0.9668886373907327,-0.40774245037063955
1789031902960341800,39.196341796875,-0.05046177473664284,1.381421040162444,0.022199849109351633
1789031902970345700,39.206345703125,0.16763240239471197,0.871608646762371,0.2402423691187054
1789031902980348700,39.2163486328125,-0.04882394440174102,-0.17111936772763728,0.1530040845181793
1789031902990351600,39.2263515625,-0.46699791854619976,-0.919403248116374,-0.06400536611638963
1789031903000354800,39.236354736328124,-0.5855810433506965,-1.0016133292913436,-0.29907793138176203
1789031903010357500,39.246357421875,-0.3277951995611191,-0.9311001156508922,-0.11978402502685785
1789031903020360700,39.25636059570313,-0.024856208837032316,-1.0461983209490775,0.31579620727486907
1789031903030363600,39.26636376953125,-0.11522986885383725,-1.033849126985669,0.7887446317233144
1789031903040366600,39.27636669921875,-0.28712562778145073,-0.7942571115344762,1.0567829894579945
1789031903050370800,39.286370849609376,-0.4311927379325032,-0.5984218202233315,1.0218195203654468
1789031903060373500,39.29637353515625,-0.365582201641798,-0.5310065725982189,1.0862729955755173
1789031903070376700,39.306376708984374,-0.1574292805492878,-0.49654316198229786,0.9475584254335612
1789031903080379600,39.316379638671876,-0.23780571655631064,-0.5020522807925939,0.699821170514822
1789031903090382600,39.32638256835938,-0.5152291577517986,-0.40508652903437614,0.542905794304423
1789031903100385800,39.3363857421875,-0.7341570092283188,-0.2731388957440853,0.4457004251040518
1789031903110388700,39.346388671875,-0.708900987418741,-0.30012860947847364,0.16949110893867908
1789031903120391700,39.3563916015625,-0.5286977111339569,-0.38962534053027625,-0.07312463824786246
1789031903130395600,39.36639575195313,-0.4662824637532234,-0.3815326349675655,-0.2705884075436741
1789031903140398800,39.37639892578125,-0.48554377519264813,-0.1156710367500782,-0.4369398302171379
1789031903150401500,39.386401611328125,-0.46577524488344785,0.18510873011350631,-0.5041567057259381
1789031903160404700,39.39640478515625,-0.31162250178679823,0.3109522013098001,-0.5275750637795776
1789031903170407700,39.40640771484375,-0.11243395452499388,0.13985679897964,-0.5121997999932617
1789031903180410600,39.41641064453125,-0.011247370201349258,-0.19775544571876524,-0.3274597570616752
1789031903190413800,39.42641381835937,0.019961714793741703,-0.456654219186306,-0.21306776380408554
1789031903200416500,39.43641650390625,-0.10382847713455558,-0.5125625688910485,-0.3364096639756113
1789031903210420700,39.44642065429687,-0.43370939692854876,-0.25671909134089943,-0.38846002307794986
1789031903220423700,39.456423583984375,-0.8096878318350762,0.2550304076015949,-0.5348621155152097
1789031903230426600,39.46642651367188,-0.8894083612166345,0.7913210580825806,-0.33348741985335945
1789031903240429600,39.4764296875,-0.9313970527708529,1.1278396623253821,-0.3136667940307408
1789031903250432800,39.486432861328126,-0.811286133877188,1.0783177987873553,-0.1956765205528587
1789031903260435500,39.496435546875,-0.45694428817406296,0.7427233236521482,-0.15034558763233943
1789031903270438700,39.50643872070312,-0.14272519402280448,0.24712124191224574,-0.2381823861152865
1789031903280441900,39.51644189453125,-0.2821593836762011,-0.15815993291139602,-0.18341971758063882
1789031903290445600,39.526445556640624,-0.6266610956273972,-0.2732119609802961,0.33890995635874566
1789031903300448800,39.53644873046875,-0.7180558423202484,-0.06854805104732513,0.8611205704957247
1789031903310451700,39.54645166015625,-0.4986730866830796,0.09844926831424236,0.7448766292285174
1789031903320454700,39.55645458984375,-0.17307342440485954,0.14879939936995507,0.47260907295886423
1789031903330457600,39.56645751953125,0.22449483795389533,0.2227887646883726,0.5616292725400999
1789031903340460500,39.57646044921875,0.45857846524715423,0.252732652053237,0.6136709003467112
1789031903350463700,39.586463623046875,0.42890930317044257,0.057657239198684686,0.6041826487723737
1789031903360466700,39.596466796875,0.30982473164983093,-0.270175954285264,0.5522702368360013
1789031903370470700,39.606470703125,0.3353660001415759,-0.2680354351252317,0.43436866455487905
1789031903380473600,39.6164736328125,0.31290866913981735,0.18581366351246834,0.46739597795307636
1789031903390476800,39.626476806640625,0.19053075516223905,0.7001426575541496,0.4854239847378805
1789031903400479500,39.6364794921875,0.22297062406130133,0.8645739258199929,0.6151067053034901
1789031903410482700,39.64648266601562,0.13271693716235458,0.4470639685422182,0.6876819660402834
1789031903420485600,39.656485595703124,0.012866349705308675,-0.3400146296650171,0.6210073076494038
1789031903430488600,39.666488525390626,0.017355477818101643,-0.8016068897753953,0.6727654788721352
1789031903440491800,39.67649169921875,-0.08546060740351677,-0.4907698392778635,0.7106807104423641
1789031903450494700,39.68649462890625,-0.2250948496736586,0.20488076755404472,0.6789695942092686
1789031903460498700,39.696498779296874,-0.11121946416869759,0.7706482724100351,0.4212554639490321
1789031903470501600,39.706501708984376,0.16238602617383002,0.7305395493835211,0.2941958766949363
1789031903480504800,39.7165048828125,0.1914626291848719,0.15640578272044658,0.15569522329829633
1789031903490507500,39.726507568359374,0.2111819135248661,-0.6377461148738861,-0.09160804238365963
1789031903500510700,39.7365107421875,0.28359350813254713,-1.0251613781392575,-0.31036903112698344
1789031903510513700,39.746513671875,0.2912871313750744,-0.8531646430552006,-0.43316973709389567
1789031903520516900,39.756516845703125,0.18525025747604668,-0.3925421047598123,-0.28138266368266196
1789031903530519800,39.76651977539063,-0.07641922281384468,0.031739538609981535,-0.05303194945163559
1789031903540523800,39.776523681640626,-0.10582535004019737,0.010181202274560928,0.2792406101526692
1789031903550527000,39.78652685546875,0.044569794088602066,-0.3058253598153591,0.37903387695439156
1789031903560529700,39.79652978515625,0.1603119963787496,-0.650930006095767,0.06177554297139868
1789031903570532900,39.80653295898438,-0.016698475214093924,-0.7556991250813007,-0.42269017292726785
1789031903580535800,39.81653588867187,-0.21574337622150777,-0.5510124187946319,-0.778628019117564
1789031903590538800,39.826538818359374,-0.2552735687077045,-0.3215110047250986,-0.6749632811773568
1789031903600542000,39.8365419921875,-0.2443767655096948,-0.1781201864004135,-0.5209670803492888
1789031903610544600,39.84654467773437,-0.23629750395044682,0.003300210589170456,-0.35546255682874467
1789031903620548600,39.85654858398438,-0.19869535691738127,0.18762626589238643,-0.03876438661231659
1789031903630551800,39.8665517578125,-0.24969269983544945,0.33345980119407176,0.06770359957981854
1789031903640554800,39.8765546875,-0.3135582921549678,0.3688935181468725,-0.2124909502968192
1789031903650557700,39.8865576171875,-0.49125776892527934,0.12228665549755095,-0.2729579131539911
1789031903660561000,39.896560791015624,-0.7336893917165697,-0.2773006915986538,-0.5997813450735062
1789031903670563600,39.9065634765625,-0.8572985279895364,-0.5589338594436645,-0.7931694624282419
1789031903680566800,39.91656689453125,-0.8682887085594236,-0.5893330893605947,-0.8484707861505448
1789031903690570000,39.926570068359375,-0.7169559913195669,-0.3698217389076948,-0.5986063099447637
1789031903700573700,39.93657373046875,-0.4782081716075539,-0.055063715574145314,-0.2626891604601405
1789031903710577000,39.946576904296876,-0.12233546307533978,0.3350006008952856,-0.08138968643648549
1789031903720579800,39.95657983398438,0.11480725952759384,0.6005763679087162,0.17436759240124375
1789031903730582800,39.96658276367187,0.3444588957227766,0.6080325291335582,0.2739143188296817
1789031903740585700,39.976585693359375,0.6817141436770559,0.2224789680868387,0.5772703476557508
1789031903750589000,39.9865888671875,0.7009454983696342,-0.6017880817860365,0.32901414689682423
1789031903760592000,39.996591796875,0.5347507275626063,-1.4191244556128977,-0.2492670217692852
1789031903770594800,40.0065947265625,0.09900134923905134,-1.4377712884157896,-0.682299907675758
1789031903780598800,40.016598876953125,-0.13949059601575137,-0.5494096597731113,-0.6462193441867828
1789031903790601700,40.02660180664063,0.208449858212471,0.16619418628513813,0.2060317642200738
1789031903800605000,40.03660498046875,0.6432569872498511,0.20031565159559248,0.6497508793137967
1789031903810607600,40.046607666015625,0.5629895645752548,0.034849195063114166,0.2644904742610641
1789031903820610800,40.05661083984375,0.30042320851087567,0.12069500239193438,-0.03402238885015249
1789031903830613800,40.06661376953125,-0.008998714491724968,0.43916590876877304,-0.19829890494570135
1789031903840616700,40.07661669921875,-0.30464345655441283,0.6840285580992699,-0.14948623085664584
1789031903850620000,40.08661987304688,-0.3206675396382809,0.6745423523515462,-0.08613421408245339
1789031903860624000,40.09662377929688,0.07336305011361836,0.37584114532768725,-0.04711788026937283
1789031903870626800,40.10662670898437,0.22888737382441757,0.062115972173213956,-0.11856242907634004
1789031903880629800,40.116629638671874,-0.20780542282909154,0.3695031744778156,-0.2822826812623069
1789031903890633000,40.12663305664063,-0.3347486719608307,0.9031798430681228,0.038308706133533266
1789031903900635600,40.1366357421875,0.08690320742726325,0.6200152278721333,0.652809463166818
1789031903910638800,40.146638916015625,0.38042788859605786,-0.5620592979878187,0.5100870821556076
1789031903920641500,40.1566416015625,-0.043425592489540574,-0.9422183065146207,-0.01761485027349554
1789031903930644700,40.16664477539062,-0.8175079310014843,0.5658639509677886,0.10185455584623851
1789031903940648700,40.17664868164063,-0.663134530891478,1.8431290356069803,0.5265645350301638
1789031903950652000,40.18665185546875,0.21069442226886748,1.2730851686060427,0.6531396449692547
1789031903960654800,40.19665478515625,0.204443837441504,0.16214578767716883,0.32969149816911664
1789031903970657800,40.20665771484375,-0.05454027622193098,-0.41265901011526585,0.09277304930873215
1789031903980660700,40.21666064453125,-0.03570727319717407,-0.951979237550497,-0.07253281440113205
1789031903990663700,40.22666357421875,-0.3869678117588162,-0.5806400798171758,-0.3315744623715058
1789031904000667000,40.2366669921875,-0.6585232377037405,0.30358430289030075,-0.281594096209947
1789031904010669800,40.246669921875,0.220115453825891,0.19332535431683062,-0.20632351370826363
1789031904020673800,40.256673828125,1.2486372483089565,-0.64546005025208,-0.4958661029709503
1789031904030676700,40.2666767578125,1.3971350343838334,-1.173937396633625,-0.9732730046655982
1789031904040679700,40.2766796875,0.5838999583959579,-0.6201221953779459,-1.2698675217337905
1789031904050683000,40.286682861328124,-0.7782046791389584,0.9599760815232992,-1.2866453457944094
1789031904060685800,40.296685791015626,-1.2675637748360633,2.8067192159742116,-0.8051593946252018
1789031904070688800,40.30668872070312,-0.24921061540693043,3.5926416298836465,-0.19230976579980924
1789031904080691700,40.316691650390624,1.5676377315178514,2.5140742402493954,0.21875985623216254
1789031904090694700,40.326694580078126,2.405717910426855,0.771819654276967,-0.10149822582239285
1789031904100698600,40.33669873046875,1.6783315643772483,-0.06308335590064525,-0.6071965897660702
1789031904110701800,40.34670190429687,0.5965662554845214,-0.03967383874058723,-0.9573520166300237
1789031904120704800,40.356704833984374,-0.22616204051375388,0.2545598674803972,-0.8980675415556877
1789031904130707700,40.366707763671876,-0.29673984382301566,0.1353600720822811,-0.45025772308222944
1789031904140711000,40.3767109375,0.1745367749556899,-0.6505985821843147,-0.018402137326821683
1789031904150713600,40.38671362304687,0.7080497774168849,-1.839744653865695,0.005171849679946899
1789031904160716800,40.396716796875,0.48317836123555896,-2.39173965395689,-0.7390824829317629
1789031904170719700,40.4067197265625,-0.5062168531261384,-1.9236358199954031,-1.4925440582193434
1789031904180722700,40.41672265625,-1.0450057501636445,-1.0760960310846566,-1.0914764094375073
1789031904190726700,40.4267265625,-0.7420625216558575,-0.6311649829179048,-0.050713922866806385
1789031904200729900,40.436729736328125,-0.07441314368844032,-1.1851526181310414,0.8372397825621068
1789031904210732800,40.44673291015625,-0.1114402673125267,-2.2834043669223782,0.43097756081186234
1789031904220735700,40.45673583984375,-1.1510269150368868,-3.038954438921809,-0.29367859308887273
1789031904230739000,40.46673901367188,-2.177155823034048,-3.311101401019096,-0.3397749026250094
1789031904240741600,40.47674169921875,-2.3567174404144287,-3.492624673861265,0.33209055866748094
1789031904250744800,40.486744873046874,-1.9808979223966596,-3.298613675367832,1.1374622078038752
1789031904260747800,40.496747802734376,-1.6101133298061787,-2.3650521380394696,1.5562280103616415
1789031904270751700,40.506751708984375,-1.6788870063029229,-0.5954004265755415,1.579249843378365
1789031904280754700,40.51675463867188,-1.8296179582573473,1.6608856317967176,1.576975322575122
1789031904290758000,40.5267578125,-1.545852162297815,3.7349008138298987,1.4469647948272526
1789031904300760800,40.5367607421875,-0.9402360466562211,5.16065842384696,1.15975609187223
1789031904310763800,40.546763671875,-0.2541115391910076,6.035055240023135,0.7751079552326351
1789031904320766700,40.5567666015625,0.42238253175020213,6.35622020778954,0.41846901156827804
1789031904330769700,40.566769775390625,0.9729543671704828,6.1452586590170855,0.11726133814882486
1789031904340772900,40.57677294921875,1.440803203457594,5.4421355243474245,-0.3882381239555776
1789031904350776600,40.586776611328126,1.8951335097409783,4.056688297408819,-0.826906823791936
1789031904360779800,40.59677978515625,2.1905027958631513,2.215791550898552,-0.9034846712335943
1789031904370783000,40.606782958984375,2.0722553327538074,0.46270285170078274,-1.0339864896297455
1789031904380785700,40.61678564453125,1.1553894941605627,-1.0494412483930586,-1.7604184575639663
1789031904390788900,40.62678881835937,-0.423018783827126,-2.025118172395229,-1.77147118197605
1789031904400791800,40.636791748046875,-1.8517440114781258,-2.5613299124211073,-1.1175183209277688
1789031904410794800,40.64679467773438,-2.2148221213445067,-2.928324318948388,-0.6128538848754018
1789031904420798000,40.6567978515625,-1.8205683903612195,-3.489674591884017,-0.9578918225951493
1789031904430802000,40.66680200195312,-1.6485433059655128,-3.8731291348248718,-1.0051685375548898
1789031904440804600,40.6768046875,-1.545359994866699,-3.501895191031694,0.13066197739392518
1789031904450807800,40.68680786132813,-0.9800291278623043,-2.7104139739513395,1.3116099834419785
1789031904460810800,40.69681079101562,0.017203648257255552,-2.5582629260659218,1.6004909304581583
1789031904470813700,40.706813720703124,0.6424655446112155,-3.206927909839153,1.0469601721670478
1789031904480817000,40.71681689453125,0.31882395759820936,-3.5760663426578043,0.33165936417598274
1789031904490819600,40.72681958007813,-0.8647266321636736,-2.841574840778112,-0.1983151071618311
1789031904500822800,40.73682275390625,-1.490746945669502,-1.0212713849633932,0.3457149601984769
1789031904510826800,40.74682666015625,-0.9540051173549144,0.5918307513952255,1.0217536155223845
1789031904520829400,40.756829345703125,-0.11122282516956329,1.3588251774728297,1.453880127173662
1789031904530832400,40.76683227539063,0.4322748340807855,1.9958616827726363,1.4715915788225828
1789031904540835300,40.77683544921875,0.8735818465314805,2.721308292931318,0.7891308545619249
1789031904550838300,40.78683837890625,0.6382569870054722,3.7918858528554438,0.6279350610859692
1789031904560841200,40.79684130859375,0.6759576259769499,4.659100648573041,0.228977280597575
1789031904570844400,40.80684448242187,0.6652772420085966,5.011953132501244,-0.3029719248793088
1789031904580847400,40.816847412109375,0.7168332417227328,4.323731214365363,-0.9424446626164018
1789031904590851300,40.826851318359374,0.8443173197329044,2.88160173074007,-0.5578428493365645
1789031904600854300,40.836854248046876,0.7641068879425525,1.5990817943125961,-0.6048618997408077
1789031904610857200,40.84685717773438,0.19114435701593754,0.4658949257403612,-1.2461895628958939
1789031904620860400,40.8568603515625,-0.21484306638091802,-0.24712124191224574,-1.2542343376636504
1789031904630863400,40.86686328125,-0.1161969603203237,-0.7777157265782356,-0.8701517259523271
1789031904640866300,40.8768662109375,0.23749928095564246,-1.3661942449361084,-0.5879307117493823
1789031904650869200,40.886869140625,0.391177538408339,-1.9631904162704943,-0.1422316748848185
1789031904660872200,40.8968720703125,0.2795334190867841,-2.627692436122894,0.2640405202701688
1789031904670876200,40.906876220703126,-0.001938274586200714,-3.0977514958053827,0.3572476866798475
1789031904680879400,40.91687939453125,-0.16756839724779127,-3.362131915554404,0.19653616958949713
1789031904690882300,40.92688232421875,-0.22939561560750008,-3.249146756887436,-0.12626370590236038
1789031904700885200,40.93688525390625,-0.3292470788698643,-2.904064322438836,-0.004113645863905549
1789031904710888400,40.94688842773437,-0.5875590654253959,-2.251148110961914,0.12141348939221351
1789031904720891100,40.95689111328125,-0.7037993534307927,-1.5161913296580314,0.14524097623601556
1789031904730894300,40.966894287109376,-0.47731699492149054,-0.9348562533140182,0.19854882458616047
1789031904740897500,40.9768974609375,-0.0792155755341053,-0.5651847365319729,0.27749807733427734
1789031904750901200,40.9869013671875,0.045034927382320164,-0.2387351063609123,0.14387710400428622
1789031904760904200,40.996904296875,-0.12362287253737449,0.14149287574887276,-0.10092457238659262
1789031904770907400,41.006907470703126,-0.40878085350766774,0.6115554425626993,-0.34415180253498256
1789031904780910300,41.01691040039063,-0.5428885874412953,1.0969149472296238,-0.46242001617141065
1789031904790913300,41.02691333007812,-0.5269513058580458,1.5320307038247585,-0.527384253915213
1789031904800916500,41.03691650390625,-0.44568844240531325,1.8517980797529219,-0.530591050599888
1789031904810919200,41.04691918945313,-0.32795302047133446,1.967090930840373,-0.47560829130746424
1789031904820922400,41.05692236328125,-0.2958031474947929,1.8963579369693992,-0.3503114211432636
1789031904830925300,41.06692529296875,-0.2857319814659655,1.5986983479529617,-0.2873134237048216
1789031904840929300,41.07692919921875,-0.11998583120927214,1.0501561186641455,-0.29705645375782624
1789031904850932500,41.08693237304688,0.13041618593931198,0.22790508478879928,-0.27233344284640626
1789031904860935200,41.09693505859375,0.23170827646404504,-0.7818997342646121,-0.3626198447048664
1789031904870938400,41.1069384765625,0.03846738556027412,-1.4576713361501692,-0.20238716064002363
1789031904880941300,41.11694140625,-0.3799580791272223,-1.381178463578224,-0.08371193710528313
1789031904890944300,41.1269443359375,-0.646317836125195,-0.7372720725089311,-0.1209871354726143
1789031904900947500,41.136947509765626,-0.21622516838908193,-0.16605623911917208,0.1015262828730978
1789031904910950400,41.14695043945313,0.1964791421726346,-0.07561550521552562,0.3367101812921464
1789031904920954000,41.1569541015625,0.24136808521300554,-0.4954869309276342,0.7565015275053679
1789031904930957300,41.16695727539062,0.18144187816902993,-1.030384081223607,0.6078660499928519
1789031904940960500,41.17696044921875,0.216251179613173,-1.3834469930320978,-0.011192361211637034
1789031904950963200,41.18696313476563,0.45737449628487226,-1.6670780566960572,-0.01820661475472152
1789031904960966400,41.19696630859375,0.5502116238057613,-1.6389906108528374,-0.012008372035948558
1789031904970969300,41.20696923828125,0.22106559415757654,-1.1124567997545003,-0.33501408143136646
1789031904980972300,41.21697216796875,-0.1482955415010452,-0.20411387483477592,-0.15002515090578236
1789031904990975500,41.2269755859375,-0.2858981318131089,0.6659913816273212,0.13756404839996247
1789031905000979500,41.2369794921875,-0.1370773973941803,1.1752888112425803,0.16907007051501421
1789031905010982400,41.246982421875,0.028202012133598325,1.3093635196894406,-0.054559241217304946
1789031905020985300,41.2569853515625,0.2629626619055867,1.1334171701967715,-0.07665405448302626
1789031905030988300,41.26698828125,0.6674643767893313,0.4160714489072561,0.16402150015486403
1789031905040991200,41.2769912109375,0.7870283293247222,-0.3644301089972257,-0.11280867872205562
1789031905050994400,41.28699438476563,0.39257659155130387,-0.31663375407755373,-0.4645066862523555
1789031905060997000,41.2969970703125,-0.46597354393452406,0.9331710767060518,-0.1904758101046085
1789031905071000300,41.307000244140625,-0.5528451871797442,1.884856884267926,0.4006828507153317
1789031905081004300,41.31700439453125,0.32893267915844915,1.3362129481703042,0.7028639722768217
1789031905091007200,41.32700732421875,1.062290500833094,-0.09425649279952049,0.13410687541710212
1789031905101010400,41.33701049804687,0.6467348924934864,-0.34603520512878894,-0.4027013143982738
1789031905111013400,41.347013427734375,-0.4461851398810744,1.4275965158820152,-0.22267087392974644
1789031905121016300,41.35701635742188,-0.5068038592338562,2.9512329008489844,0.42449948737155646
1789031905131019300,41.36701928710937,0.7915595430135727,2.3273878855556247,0.7899570031877606
1789031905141022200,41.377022216796874,1.672576654112339,-0.03825695767998695,0.23434916462795807
1789031905151025400,41.387025390625,1.1698808147192001,-1.5875176132470368,-0.2854736958559602
1789031905161029400,41.397029296875,0.23941665888428687,-1.2162871765851975,-0.4161709637589752
1789031905171032300,41.4070322265625,0.023967735564708707,-0.41036651526391504,-0.3126896560942754
1789031905181035300,41.41703515625,0.4826891164138913,-0.07152034485638141,-0.27146897150417787
1789031905191038500,41.42703857421875,1.078629933476448,-0.1452981132507324,-0.2542113097710535
1789031905201041200,41.43704125976563,0.8934905159637332,0.14998890141546725,-0.2356356425082311
1789031905211044400,41.44704443359375,0.09423165061920881,0.7446686125010251,-0.00477084939731285
1789031905221047300,41.45704736328125,-0.1605705011844635,0.9343208312630653,0.2995159209402278
1789031905231050200,41.46705029296875,0.035468788266181946,0.5625947200387716,0.2657866880840622
1789031905241054200,41.47705419921875,0.7096545822650194,-0.2554261289209127,0.1564389178050682
1789031905251057400,41.48705737304687,1.3104454697072505,-1.2925748819738625,-0.08685808964390307
1789031905261060400,41.497060302734376,0.6802972626164555,-1.4271797517746687,-0.4032459061363712
1789031905271063300,41.50706323242188,-0.6056582012176513,-0.2821621601551771,-0.6114858479252084
1789031905281066500,41.51706640625,-0.803569422020018,1.0354764359265565,-0.38476379890851675
1789031905291069200,41.527069091796875,0.01230301673412323,1.382448629644513,0.05955510870926082
1789031905301072400,41.537072265625,0.7403837747886777,0.9980623588114976,0.2046538269303739
1789031905311075300,41.547075439453124,0.9501087675034999,0.6364864702016115,0.03210515705198049
1789031905321079300,41.55707934570312,0.7957493959188461,0.47728550380468365,-0.34769952161181716
1789031905331082200,41.567082275390625,0.5208955129504204,0.34303543879091736,-0.5005126501351594
1789031905341085400,41.57708544921875,0.2059878520131111,0.15969547191560268,-0.35723354855664075
1789031905351088400,41.58708837890625,-0.052157180477678776,0.008837970972061156,-0.2710003128128126
1789031905361091300,41.59709130859375,-0.2885936545073986,0.056037529042363164,-0.14393058775719256
1789031905371094300,41.60709423828125,-0.31924583627209063,0.2765764689773321,-0.07094524838216602
1789031905381097200,41.61709716796875,-0.13896627988070248,0.33907997916340826,0.2062456261664629
1789031905391100400,41.627100341796876,0.2171139339223504,0.11309680234789847,0.43733219053559
1789031905401103400,41.63710327148438,0.51883536555022,-0.18881576793789862,0.4343292823925614
1789031905411107300,41.647107421875,0.48438276858925816,-0.28519290615320203,0.08679072349611669
1789031905421110300,41.6571103515625,0.15784166074246167,-0.23931612111926076,0.008292137124948203
1789031905431113200,41.66711328125,-0.2762850848153233,-0.25252631582617757,0.10240637190956622
1789031905441116400,41.67711645507813,-0.49828138395175336,-0.44798926669359207,0.17279340188708156
1789031905451119400,41.68711938476562,-0.6146890644133091,-0.827068663290143,0.2221157607976347
1789031905461122300,41.697122314453125,-0.5351731907583773,-1.2394202148914337,0.14789390189759433
1789031905471125200,41.70712524414063,-0.470622100392729,-1.5022358695417641,-0.07681337323058396
1789031905481128200,41.71712817382812,-0.5530732968471944,-1.4902344661027191,-0.15353026381675153
1789031905491132200,41.72713208007813,-0.6124620360136032,-1.2798176917314528,-0.053105530711077154
1789031905501135400,41.73713525390625,-0.6623297903798521,-1.0885334878534079,0.3381980452297255
1789031905511138600,41.747138671875,-0.6550163986265659,-0.9676344873219728,0.6368577877320348
1789031905521141800,41.757141845703124,-0.5554338884986937,-0.8930699524641037,0.5636639932380989
1789031905531144700,41.767144775390626,-0.47750513790473337,-0.659568655103445,0.5281967393418774
1789031905541147600,41.77714770507812,-0.5938914833173156,-0.2604600314348936,0.36039040515236553
1789031905551150800,41.78715087890625,-0.8398938042022287,0.12182196059525012,0.14879632149687969
1789031905561153500,41.797153564453126,-1.039014400794357,0.36103403681814666,0.08032641371968202
1789031905571157800,41.80715771484375,-1.0640166670385747,0.504381600522995,0.03917495844089426
1789031905581160700,41.81716064453125,-0.9342847370363772,0.5387421352863312,-0.10744838466476649
1789031905591163600,41.82716357421875,-0.6401882473289966,0.43548517442941664,-0.5007367046819999
1789031905601166800,41.837166748046876,-0.4236871846079826,0.32138182538747784,-0.7795317630242556
1789031905611169500,41.84716943359375,-0.4826749417580664,0.3530255024075508,-0.841429197075963
1789031905621172700,41.8571728515625,-0.844925076367706,0.6670826839953661,-0.6413901704646646
1789031905631175700,41.86717578125,-0.9934627560615539,0.9350123206585645,-0.35763065811544653
1789031905641178600,41.8771787109375,-0.46381797333583236,0.9743044666051864,0.221213733923994
1789031905651182600,41.8871826171875,0.11300101382322608,0.776515703138709,0.5375787905953824
1789031905661185800,41.89718579101562,0.23832016888447105,0.543930936101079,0.27547716596592214
1789031905671188500,41.9071884765625,0.2459761635303497,0.31087855155169963,0.2201500684815459
1789031905681191700,41.91719165039063,0.306729176787287,0.1945160254061222,0.4799743775624782
1789031905691195000,41.92719482421875,0.5170400065660476,0.11146890888512134,0.5788610509132966
1789031905701197600,41.937197509765625,0.7777309241473674,-0.20016192233860491,0.40566681314036246
1789031905711200800,41.94720068359375,0.9304138869524001,-0.6686369277000427,0.17222690884442998
1789031905721203700,41.95720361328125,0.7924365450438111,-1.0872633217871188,0.020993213265947996
1789031905731207700,41.96720776367187,0.5490555125731974,-1.3690139785319566,0.06017214462906122
1789031905741210600,41.977210693359375,0.2524351304113865,-1.2881564810097217,0.24493770559439434
1789031905751213800,41.9872138671875,-0.11929624150991439,-0.8212222753494978,0.5566769473623484
1789031905761216800,41.997216796875,-0.18461407846435904,-0.39573184071183204,0.7081611288368701
1789031905771219700,42.0072197265625,-0.04153612548112869,-0.3236041776120662,0.49206908530816434
1789031905781222700,42.01722265625,-0.0018155249893665312,-0.36063539288938046,0.05989562924262136
1789031905791225600,42.0272255859375,-0.0840694453060627,-0.037595278900861735,-0.10709694087859242
1789031905801228800,42.037228759765625,-0.2194787633575499,0.435193498006463,-0.12241762493345885
1789031905811232800,42.047232666015624,-0.09343246306553482,0.5376829816222191,-0.13137118510920553
1789031905821235700,42.057235595703126,0.12354337756037712,0.08194704632461071,-0.3767071875724941
1789031905831238700,42.06723876953125,0.248029004406929,-0.44885085195899005,-0.6615987726915628
1789031905841241600,42.07724169921875,0.1266400284014642,-0.38796763645112514,-0.7976418586019426
1789031905851244800,42.08724487304688,0.019471885450184342,0.20607260768711566,-0.5874223969010636
1789031905861247700,42.09724780273437,-0.09108955320119858,0.8756248966664075,-0.42177707667034114
1789031905871250700,42.107250732421875,0.013082768934965133,1.149080603274703,-0.1873965853223577
1789031905881253600,42.11725366210938,0.23013211318850516,0.9128858290463685,0.008618154208920896
1789031905891256800,42.1272568359375,0.26055764659047126,0.3772837453514337,-0.045589675188250835
1789031905901260500,42.13726049804688,0.018371815253794194,0.0023719898283481597,-0.21581300739161668
1789031905911263700,42.147263671875,-0.29619229294285176,-0.20139818613529203,-0.3803869355311617
1789031905921266700,42.1572666015625,-0.41501521785259243,-0.36044717684090133,-0.46339072436708956
1789031905931269600,42.16726953125,-0.3411141153395176,-0.6205909819334745,-0.5035031371880322
1789031905941272800,42.17727294921875,-0.3061716890349984,-0.8657511529058217,-0.46851822344865646
1789031905951275500,42.187275634765626,-0.3405059203132987,-0.9931658189415931,-0.4685367454860359
1789031905961278700,42.19727880859375,-0.2238917574942112,-1.0497194808125496,-0.3708126131085679
1789031905971281700,42.20728173828125,-0.029009529124200344,-1.0197072043865918,-0.28766258420236407
1789031905981286000,42.217285888671874,-0.08960720568895339,-0.8831599683463572,-0.2181098861571401
1789031905991288600,42.22728857421875,-0.5035258604764938,-0.5358820696800947,-0.23959124826621264
1789031906001291800,42.23729174804687,-0.7846785513281822,-0.26674773340225216,-0.4270915131587535
1789031906011294700,42.247294677734374,-0.6434710683919489,-0.35923546296358105,-0.3935444867353886
1789031906021297700,42.257297607421876,-0.14149638288021088,-0.703019674295187,-0.26364081689547747
1789031906031300900,42.26730078125,0.07245645666271448,-0.9947422744780778,-0.00984793346589431
1789031906041303600,42.27730346679687,-0.1194765665128827,-0.7971084093123674,0.24562342283623292
1789031906051306800,42.287306640625,-0.4062576186403632,-0.23408055855333804,0.4676523638669401
1789031906061310700,42.297310791015626,-0.3786937582798302,0.29922318507134915,0.581260476737842
1789031906071313700,42.30731372070313,-0.006604220570623875,0.45400984215736384,0.6221133691951632
1789031906081316600,42.31731665039062,0.2199278222993016,0.09512450780570507,0.6868543561097235
1789031906091319800,42.32731982421875,0.09281652312427759,-0.34090894815623757,0.6422014868475496
1789031906101322800,42.33732275390625,-0.2746422860443592,-0.45598727971017355,0.3185270935434848
1789031906111325700,42.34732568359375,-0.6215469674840569,-0.05131809930503368,-0.351398412662372
1789031906121328600,42.35732861328125,-0.4041550934031605,0.36887130631506443,-0.1117982413041871
1789031906131331600,42.36733154296875,0.4153682690739631,0.13404548235237598,0.7517419849533588
1789031906141335800,42.37733569335938,1.195528758455813,-0.74956456784904,0.7021680259019136
1789031906151338500,42.38733837890625,1.2155629539638757,-1.8287439519017934,0.10771887216921895
1789031906161341700,42.397341796875,0.5394973375678062,-1.9747528437703847,-0.3530371928453445
1789031906171344600,42.4073447265625,-0.1905006522849202,-0.6986006888091564,-0.5839994732476771
1789031906181347600,42.41734765625,-0.1490764627456665,0.8661918824106455,-0.11467486531957984
1789031906191350800,42.427350830078126,0.44206250699311495,1.572485463809967,0.6117410282626747
1789031906201353700,42.43735375976563,0.4382698367118835,1.9238199443906545,0.9212803670998663
1789031906211356700,42.44735668945312,0.33192806158214805,2.312862516596913,0.8338862343505025
1789031906221360600,42.45736059570312,0.4952127901613712,2.4427263293504713,0.6755722068559378
1789031906231363800,42.46736376953125,0.7761343026056885,1.6424825446218252,0.8360315758161246
1789031906241366500,42.477366455078126,0.4901321258962154,0.5185580099135637,0.45179698841348287
1789031906251369700,42.48736962890625,0.2503971948429942,-0.4421609989315271,-0.21764961170163005
1789031906261373000,42.497373046875,0.3984942911624908,-0.8818909713238477,-0.4762151711594313
1789031906271375600,42.50737573242188,0.3314130977973342,-0.3715548463106155,-0.24174259934751316
1789031906281378800,42.51737890625,0.14344634790420532,0.41104689874351025,0.36168603445347397
1789031906291381500,42.527381591796875,0.37466158015429973,0.710904874587059,0.39935788572188463
1789031906301385700,42.5373857421875,0.9677204120397567,0.22773206630945203,0.25276794256232676
1789031906311388700,42.547388671875,0.9382850587189197,-0.2522486679285765,0.19412841432802377
1789031906321391600,42.5573916015625,0.2923921700075269,-0.07071195108294487,0.1191052855150774
1789031906331394600,42.56739453125,0.13338175774663685,0.5867231991231441,0.2649232944540679
1789031906341397800,42.57739770507813,0.4851040686011314,0.9101122726798057,0.5254212102139368
1789031906351400700,42.58740063476562,0.5399710925593972,0.557616347104311,0.6326880277667194
1789031906361403600,42.597403564453124,0.4812395021274686,-0.19248773444890974,0.43477158279996364
1789031906371406800,42.60740673828125,0.27853432504683734,-0.5492524233847856,0.13592694871742278
1789031906381410600,42.61741064453125,0.14622633401155471,-0.10790800153315067,0.04071940227076411
1789031906391413800,42.62741381835937,0.47142158020734787,0.45778351547718044,0.28340134656131266
1789031906401416700,42.637416748046874,0.8167334394976496,0.7388964588403701,0.26215704461112616
1789031906411419600,42.647419677734376,0.8173860581874847,0.6873100639879703,0.24039069154821335
1789031906421422600,42.65742260742188,0.6491536440730095,0.4869096567183733,0.17284662991166114
1789031906431425800,42.66742578125,0.5761351696133613,0.16441607069671152,0.18946546401828526
1789031906441428700,42.6774287109375,0.7737205194622278,-0.2403729366958141,0.16377894183695316
1789031906451431700,42.687431640625,1.0877660106122493,-0.7733090160518884,0.07725486992038785
1789031906461434600,42.6974345703125,0.8676210384309291,-0.7880313688874244,-0.20936711918786166
1789031906471438600,42.7074384765625,0.44392333242893217,-0.32303017711639403,-0.23459311118535697
1789031906481441800,42.71744189453125,0.1449833482131362,0.14174480468332767,-0.07879523123018443
1789031906491444500,42.72744458007813,0.07698474774211644,0.390077175951004,0.12907068961448967
1789031906501447700,42.73744775390625,0.1411725577533245,0.3704132750600576,0.3136568571586162
1789031906511451000,42.74745092773438,0.2775482366189361,0.14984218642115593,0.45760808584503826
1789031906521453000,42.757453125,0.596656271855533,-0.3412900564283132,0.469731069837138
1789031906531456000,42.7674560546875,0.6580895224615931,-0.8469166885763406,0.32696437476016577
1789031906541459200,42.777459228515625,0.15364859296679495,-0.8675473886728287,-0.15806290227770806
1789031906551463200,42.78746313476562,-0.3827110310971737,-0.6886667392939329,-0.19074783197902143
1789031906561465900,42.7974658203125,-0.6823601864956319,-0.4939104753911495,0.261460367583856
1789031906571469000,42.80746899414063,-0.6624971097707748,-0.36479543517827984,0.6125842010885477
1789031906581472000,42.81747192382812,-0.6047627136826514,-0.36736382436156273,0.6934734819885343
1789031906591475000,42.827474853515625,-0.43738954674601555,-0.274694893014431,0.7801104396950453
1789031906601478100,42.83747802734375,-0.40683454174548384,-0.08314180906713009,0.6690456546314061
1789031906611480800,42.84748071289062,-0.41363457714915275,0.1469318519324064,0.4853996174816042
1789031906621484000,42.857484130859376,-0.3743441847681999,0.31841537679731846,0.41828868656530976
1789031906631488000,42.867488037109375,-0.18459318180680273,0.4076736229181289,0.3726674106623977
1789031906641491000,42.87749096679688,-0.09562193593382835,0.3370160323709249,0.3894271145444363
1789031906651494100,42.887494140625,-0.005797288101911545,0.06797814220488071,0.46278621913529927
1789031906661497000,42.8974970703125,0.007441109786182641,-0.2514063718855381,0.39505496436357496
1789031906671500000,42.9075,-0.16989099497646093,-0.44130701245069504,0.040539442593976856
1789031906681503000,42.9175029296875,-0.401650563236326,-0.4853250178754329,-0.16142346475198863
1789031906691506200,42.927506103515626,-0.5021966576993465,-0.4195645517200231,-0.24119353236369787
1789031906701509000,42.93750903320313,-0.5711093042753637,-0.3355319312930107,-0.1586309844892472
1789031906711513000,42.94751318359375,-0.6271358735322952,-0.2887672575086355,0.053608767525479196
1789031906721516000,42.95751611328125,-0.4997640237249434,-0.27166414701640607,0.10521269803456962
1789031906731519000,42.96751904296875,-0.37151992112770676,-0.353560339936614,-0.20410521660428493
1789031906741522200,42.97752221679688,-0.35300548253282904,-0.5088467632383108,-0.5345970348382368
1789031906751524900,42.98752490234375,-0.7724304796516895,-0.5323965656518936,-0.5357699145425111
1789031906761528000,42.997528076171875,-1.2386650126099585,-0.22892039931118488,0.008649791456200182
1789031906771531000,43.00753100585938,-1.2355717227697371,0.33660452896058557,0.48604288382120425
1789031906781534000,43.01753393554687,-0.7302033031664789,0.6367337229609489,0.7602645333006978
1789031906791538000,43.02753784179688,-0.16876783616542815,0.5718728359937667,0.9976721904501318
1789031906801541000,43.037541015625,0.023237083202600477,0.48798634603917596,1.0626586034931242
1789031906811544000,43.0475439453125,-0.041415860102325674,0.6168477037519217,0.9391337114375085
1789031906821547000,43.05754711914062,-0.10608838489055633,0.9124345781475305,0.9766678347356617
1789031906831550200,43.06755029296875,0.04174421527385711,0.8789794677913189,1.0912705116018653
1789031906841553000,43.07755297851563,0.4755038810849189,0.4240063335597515,1.2386299412965773
1789031906851556000,43.08755615234375,1.0741795299388468,-0.16645079139471053,1.2306211146250365
1789031906861559000,43.09755908203125,1.2897183234989642,-0.513167549046874,0.6890855492278933
1789031906871563000,43.10756298828125,0.925377792481333,-0.5977443593531847,0.31962917303387073
1789031906881566000,43.11756591796875,0.33936288775801654,-0.46890345990657806,0.22478512613736093
1789031906891569200,43.12756909179687,0.03954188292399049,-0.224766786763072,0.2641598905998282
1789031906901572000,43.137572021484374,0.005695435162633657,0.00663490796983242,0.2785809406675398
1789031906911575000,43.147574951171876,0.06468553040027618,-0.08429623979926108,-0.008235694229975343
1789031906921578000,43.15757788085938,0.1788740735076368,-0.4198340163111686,-0.48672520352955906
1789031906931581000,43.16758081054687,0.2199871512711048,-0.8228788103848695,-0.8351808042056859
1789031906941584100,43.17758422851563,0.12144611302018164,-1.0667618010282516,-0.9211436620429158
1789031906951587000,43.18758715820312,-0.09985022115334868,-0.9353729706645011,-0.8947687922712415
1789031906961591000,43.19759106445313,-0.3101053752221167,-0.40816052965223787,-0.7801939532600343
1789031906971594000,43.20759399414062,-0.25480492828264834,0.06921791313290596,-0.6512916059497743
1789031906981597000,43.217596923828125,-0.11232494119256735,0.20657471199035643,-0.6437874408647417
1789031906991600000,43.22760009765625,-0.09550488542541861,0.10655249527096748,-0.5436502925287932
1789031907001603000,43.23760302734375,-0.10993921509981154,0.01632628090083599,-0.4032860920162871
1789031907011606000,43.24760595703125,-0.05491261666566133,0.02611000829041004,-0.3346057198261842
1789031907021609000,43.25760888671875,0.09815525380373001,-0.04597206210196018,-0.3052769138860516
1789031907031612000,43.26761181640625,0.22142726707682012,-0.30870763725340367,-0.14903689792025834
1789031907041616000,43.27761596679687,0.17135273809209464,-0.556402295139432,-0.10391421918924898
1789031907051619000,43.287619140625,0.15500614505559204,-0.5586000974446534,0.0006912245340179652
1789031907061622000,43.2976220703125,0.0963878057397902,-0.32649288479089733,0.1868187123691663
1789031907071625000,43.307625,-0.0003929448403418064,-0.07136486203372477,0.3192266201149672
1789031907081628200,43.317628173828126,0.022494594272226096,0.018141221368312834,0.3409869818285107
1789031907091630800,43.327630859375,0.04660042313337326,-0.1346118840634823,0.406228100284934
1789031907101634000,43.33763403320312,0.08560790691971779,-0.4757184006184339,0.321043971735239
1789031907111637000,43.347636962890626,-0.048682636234909295,-0.8017594499886035,0.14438277023779228
1789031907121641000,43.357640869140624,-0.3426654364347458,-0.9931348392814398,-0.03240092512816191
1789031907131644000,43.36764379882813,-0.5702044643901288,-0.8804986401826143,-0.42710598007552325
1789031907141647000,43.37764721679687,-0.692313425233215,-0.6560451571524143,-0.4868309654589742
1789031907151650000,43.387650146484376,-0.6210510006606579,-0.471484708571434,-0.45105676450543103
1789031907161653000,43.39765307617188,-0.42544075027704237,-0.28737200375795363,-0.4437453089809045
1789031907171656200,43.40765625,-0.3687628775045275,-0.07911445324718952,-0.49189058693610127
1789031907181659000,43.417658935546875,-0.4108393934726715,0.26633973712325093,-0.41335108403265475
1789031907191662000,43.427662109375,-0.3190498753085732,0.7811556378990411,-0.3268846605874598
1789031907201666000,43.437666015625,-0.02970101851969957,1.2339590268760918,-0.3024882878145203
1789031907211669000,43.4476689453125,0.3527843871280551,1.1652864726662635,0.059507214446924625
1789031907221672000,43.457671875,0.5165685896620154,0.8399638006985187,0.22551029860675334
1789031907231675100,43.46767504882813,0.4498784414410591,0.49089784957170485,0.2615004073332995
1789031907241678000,43.47767797851562,0.38659152579233047,0.14871873534917832,0.1479943665973842
1789031907251681000,43.487680908203124,0.24251667072623967,-0.09126490976810454,-0.1065722228847444
1789031907261684000,43.49768408203125,-0.0466837175026536,-0.17399989160001278,-0.010044131891429423
1789031907271687000,43.50768701171875,-0.15868746391683816,-0.08282850533425808,0.25307978499047457
1789031907281691100,43.51769116210937,0.0671726710408926,0.1127384904295206,0.36024854899626224
1789031907291693800,43.52769384765625,0.2954790301069617,0.09112579355835915,0.9637035776138305
1789031907301697000,43.53769702148438,0.32700872535854575,-0.01661035853922367,1.1646667333327234
1789031907311700200,43.5477001953125,0.4347159436225891,-0.3519832998782396,0.9811075707487762
1789031907321703000,43.557702880859374,0.6759221162721515,-0.8633481834173202,0.8043254280190915
1789031907331706000,43.5677060546875,0.7888046913474798,-1.1019447580903767,0.5531354388305917
1789031907341709000,43.577708984375,0.872410610795021,-0.8744038304388523,0.43341476136352863
1789031907351712000,43.5877119140625,0.5891396126151085,-0.2980138092815876,0.34099644377660004
1789031907361716000,43.597716064453124,-0.19217121584564445,0.6246218448847531,0.42015133863203225
1789031907371719200,43.60771923828125,-0.7163046878039836,1.2658271603018045,0.7453862592510878
1789031907381721900,43.61772192382813,-0.08209288453608751,0.7314151631742716,0.8910684033833444
1789031907391725000,43.62772509765625,0.6514248038753867,-0.630066081765294,0.602188552345708
1789031907401728000,43.63772802734375,0.35423663176298137,-1.4027970056682824,0.2647132318999618
1789031907411731000,43.64773095703125,-0.5701964272141457,-0.778296741336584,0.3686533527154475
1789031907421734100,43.657734130859374,-1.0163462035208939,0.7510439927518368,0.6091760000802576
1789031907431736800,43.66773681640625,-0.42444004880189895,1.7759253849059342,0.7803909371368587
1789031907441741000,43.677740966796875,0.7245625208005309,1.373466866287589,0.8285522529114038
1789031907451744000,43.68774389648438,1.174304476380348,0.23662381329536436,0.37879217715300617
1789031907461747000,43.69774682617187,0.5482289255559444,-0.035876200023293496,0.08515329502001404
1789031907471750100,43.70775024414063,0.14484686235189437,0.7753203558742999,0.1464410727407783
1789031907481753000,43.71775317382812,0.7284849549412727,1.2513719339698552,0.2045322463773191
1789031907491756000,43.727756103515624,1.3138976559877396,0.8782844712644815,0.15799422095566987
1789031907501759000,43.737759033203126,1.3368860251262784,0.08585515967905522,-0.0007508183673024177
1789031907511762200,43.74776220703125,1.0006944608807564,-0.581906154230237,-0.2977279050122946
1789031907521766400,43.75776635742187,0.5835255721256136,-0.5902040269762278,-0.37938407863155005
1789031907531769600,43.76776953125,0.3576020165428519,0.02510579968392849,0.06155154322348535
1789031907541772300,43.777772216796876,0.4285770024761557,0.8635890064358711,0.5504664753496646
1789031907551775500,43.787775390625,0.7613125810489058,1.3269675654411315,0.898788183980435
1789031907561778400,43.7977783203125,1.147269754460454,0.9943062211483716,0.9885247882027178
1789031907571781400,43.80778149414063,1.2471078467845915,0.3162736885935068,0.5925593579307198
1789031907581784600,43.81778466796875,1.0806173079013823,-0.35989363461136814,0.1808413549926132
1789031907591787300,43.827787353515625,0.8688698694482445,-1.1186071390777825,-0.13362586870081722
1789031907601791500,43.83779150390625,0.4304965723618865,-1.6488503260880707,-0.38807029310800134
1789031907611794400,43.84779443359375,-0.0645344314917922,-1.4362883563816546,-0.379938936035335
1789031907621797400,43.85779736328125,-0.13703911121040582,-0.9189818078339099,-0.1521149536587298
1789031907631800300,43.86780029296875,0.2059831758379936,-0.39970366695225235,0.27715828745327886
1789031907641803500,43.87780346679688,0.5666676685661077,0.01962941409945488,0.6865938785426319
1789031907651806500,43.88780639648437,0.6881093976721168,0.2254804879903793,0.9137010178867727
1789031907661809400,43.897809326171874,0.6976911727488041,0.2273071188956499,0.9989755281336605
1789031907671812400,43.907812255859376,0.4477317848011851,0.08435703007578849,0.8216280796714126
1789031907681816300,43.91781640625,0.09414163424819708,-0.12657879973351954,0.7203684301115572
1789031907691819500,43.92781958007812,-0.25803353494033215,-0.270636557534337,0.6192807030525058
1789031907701822500,43.937822509765624,-0.512589456897974,-0.4178390431016683,0.5439405807122588
1789031907711825400,43.947825439453126,-0.38589068404659627,-0.616975714045763,0.4422109755530953
1789031907721828400,43.95782836914063,-0.2533830787859857,-0.8278864094138145,0.13607581913620231
1789031907731831300,43.96783129882812,-0.03848170634657144,-0.7013736606538296,0.20814524924270808
1789031907741834500,43.97783447265625,0.10535554057136177,-0.33748715701401233,0.4301542617302388
1789031907751837400,43.98783740234375,0.32475919286608695,-0.1144073004245758,0.5595351132724434
1789031907761841400,43.99784130859375,0.5650234084904193,-0.09948562562465667,0.6791089296147227
1789031907771844400,44.00784423828125,0.6685086251452564,-0.17610826205611227,0.6679042295113206
1789031907781847600,44.01784765625,0.5908817801073193,-0.2232593048095703,0.53101599801369
1789031907791850200,44.02785034179688,0.39150253257900475,-0.18355214832127092,0.5690560250073671
1789031907801853400,44.037853515625,0.031248540222644804,-0.08923720333278179,0.7062164975751191
1789031907811856400,44.0478564453125,-0.2676537423312664,-0.08569383163750172,0.8123946796409786
1789031907821859300,44.057859375,-0.33464798806533214,-0.23587153362333774,0.6246077432941645
1789031907831862500,44.067862548828124,-0.31443770533800125,-0.485503881573677,0.3542807631656527
1789031907841866500,44.07786645507812,-0.3825577402316034,-0.6226537596821785,0.24570297261215746
1789031907851869400,44.087869384765625,-0.6382300989985465,-0.4808960955172777,0.4726870700985193
1789031907861872400,44.09787231445313,-0.9000058892071247,-0.13556816187500953,0.43994419966489073
1789031907871875300,44.10787524414062,-0.9398971700906753,0.02854863361418247,0.1750618948083371
1789031907881878300,44.117878173828124,-0.9321335503518581,-0.055843467774987214,0.0913172975424677
1789031907891881500,44.12788159179688,-0.9817604816995561,-0.028965982243418693,0.20220095388554035
1789031907901884400,44.137884521484374,-0.8862412754878402,0.24363164623081682,0.41456140967048705
1789031907911887400,44.147887451171876,-0.7338603643693029,0.6847048499256372,0.5161164619803429
1789031907921891300,44.157891357421875,-0.6291663564465939,0.9555816459566354,0.6567449029196053
1789031907931894300,44.16789428710938,-0.46621012916937465,0.9856623114436864,0.8460740272071212
1789031907941897500,44.1778974609375,-0.024110505036264655,0.8779518783092498,1.180527807874605
1789031907951900400,44.187900390625,0.4386277102388441,0.906892726111412,1.2928791256174443
1789031907961903400,44.1979033203125,0.8127708194769918,0.9195148917973041,1.1445819036159663
1789031907971906300,44.20790625,0.956445130918175,0.6968938848912716,1.0037168774418532
1789031907981909500,44.217909423828125,0.959692880667746,0.3885644333004951,0.9053199969019741
1789031907991912400,44.22791235351563,0.8998702801287174,0.1435515618443489,1.043139298704639
1789031908001916400,44.23791650390625,0.6637212447382509,0.07613222256600856,1.1113547567967326
1789031908011919600,44.24791967773437,0.5383342851378023,-0.11502630910575389,1.0797690205089747
1789031908021922300,44.25792236328125,0.6178090961299836,-0.6245820973962545,1.0946632227800785
1789031908031925500,44.26792553710938,0.9136638276815414,-1.1767390100508928,0.7848055387087166
1789031908041928200,44.27792822265625,0.9152489049158989,-1.3996522779017686,0.11268226673025637
1789031908051931400,44.287931396484375,0.436297659856081,-1.1949550502210855,-0.21407858481444417
1789031908061934600,44.2979345703125,0.091984894605726,-0.8142039210200309,0.02491557434145361
1789031908071937300,44.30793725585937,0.1737618450604379,-0.5865361521184445,0.4777757715396583
1789031908081941200,44.31794116210938,0.3117747697390616,-0.7064560784846544,0.48854544122666116
1789031908091944400,44.3279443359375,0.3356115724004805,-1.106474218213558,0.30146431506164373
1789031908101947400,44.33794750976563,0.26583602538481355,-1.2576011837482453,0.03969484499599785
1789031908111950300,44.34795043945312,0.028857845693826673,-0.8338362577289342,-0.1563553677074611
1789031908121953500,44.35795361328125,-0.26840207648053765,0.04345452632308006,-0.0227039261739701
1789031908131956200,44.367956298828126,-0.4147812629662454,0.8078507526010275,0.3508157904688269
1789031908141959400,44.37795947265625,-0.0810802003622055,0.9127385295301675,0.7117232052326202
1789031908151962600,44.387962646484375,0.4963724815905094,0.46491059087812897,0.6580873305045067
1789031908161966300,44.39796630859375,0.46207142192944883,-0.16716507714390755,0.15154007638022302
1789031908171969500,44.407969482421876,-0.17217895978316664,-0.374131418800354,-0.36228999169599263
1789031908181972500,44.41797241210938,-0.4332243898905813,-0.016153262421488762,-0.17560769212283192
1789031908191975400,44.42797534179687,-0.24973580832481382,0.47917643211781974,0.11747074311580508
1789031908201978400,44.437978271484376,0.13218027300238608,0.6814426332592963,0.16958539962600916
1789031908211981300,44.44798120117188,0.2719805194891989,0.6272299815565348,0.1719109382304363
1789031908221984500,44.457984619140625,0.2159318845309317,0.4830360301554203,0.22720511982589958
1789031908231987500,44.46798754882813,0.19757307488918302,0.2324567567437887,0.25404864828893914
1789031908241991400,44.477991455078126,0.28322292125448584,-0.21298691712021828,0.10586264984328299
1789031908251994400,44.48799438476563,0.22562194228768348,-0.6344178472340106,-0.10337463241983204
1789031908261997600,44.49799755859375,-0.21933014866709707,-0.7264543258965015,-0.05489650578107685
1789031908272000300,44.508000244140625,-0.6329508434213698,-0.4468319133520126,0.08955912876352667
1789031908282003500,44.51800341796875,-0.6427507912933826,-0.18156126676499842,0.3915957638204097
1789031908292006400,44.52800634765625,-0.305923413362354,-0.2647784791558981,0.5948113746412098
1789031908302009300,44.53800927734375,0.043544542694091797,-0.6613660599142313,0.70102309365049
1789031908312012500,44.54801245117188,0.08501286363601684,-1.1460820059806107,0.809462498646602
1789031908322016500,44.5580166015625,-0.25129677403122186,-1.2273282105594874,0.6698347591824829
1789031908332019500,44.56801953125,-0.6101005675792693,-0.814518978318572,0.36935974741913374
1789031908342022400,44.5780224609375,-0.3739756437167525,-0.4260287792980671,0.4059920995719731
1789031908352025600,44.58802563476563,0.15706453889012337,-0.4853524904042482,0.5225521210510283
1789031908362028300,44.5980283203125,0.42864509927630423,-1.0573229415535925,0.42222120370864863
1789031908372031500,44.608031494140626,0.2687177183009684,-1.7574048088312149,0.5251792546842247
1789031908382034200,44.6180341796875,-0.04614887997359037,-1.9255080436080694,0.3972977748543024
1789031908392037400,44.62803735351562,-0.17777210361510515,-1.3734130902737378,0.18329934260398148
1789031908402041300,44.63804125976562,-0.05149199456721544,-0.5201929176390171,0.11166771939285099
1789031908412044300,44.648044189453124,0.33040362849384547,0.05610591810345649,0.6301927768848836
1789031908422047500,44.65804760742188,0.6659200699567794,0.0996674119323492,0.8852847784806043
1789031908432050400,44.66805053710937,0.811635824097693,-0.1878150664627552,0.8267251836147159
1789031908442053400,44.678053466796875,0.7986933404162526,-0.4266010262280702,0.6716798025272787
1789031908452056300,44.68805639648438,0.5544391783729196,-0.35083705245256425,0.23668314226716755
1789031908462059500,44.6980595703125,0.3078209175467491,0.39904198817312714,0.13951090815141795
1789031908472062500,44.7080625,0.27194851691573857,1.486734349027276,0.5458817779079079
1789031908482065400,44.7180654296875,0.7524225876286625,2.1386837612986564,1.0539102105006575
1789031908492069400,44.7280693359375,1.2025740007922052,1.9907962160766124,1.3390113467171787
1789031908502072300,44.738072265625,1.3748168195918202,1.4192542194724083,1.265551850491762
1789031908512075500,44.748075439453125,1.3259867377102375,0.7022416756600142,0.9548528202254325
1789031908522078000,44.758077880859375,1.0888295481905341,0.10454407805800438,0.6770117381397635
1789031908532081200,44.7680810546875,0.624573621828854,-0.2590168468892574,0.6510033635929227
1789031908542084000,44.778083984375,0.21126608467698096,-0.30912147875130175,0.7683991052437573
1789031908552087000,44.788087158203126,0.13959464091211557,0.17423603844344615,1.1627063930451869
1789031908562091000,44.798091064453125,0.7096051901653408,0.41040684727430343,1.4017764304488896
1789031908572094000,44.80809399414063,1.3310942899823188,0.08821545906960963,1.267349839824438
1789031908582097200,44.81809716796875,1.2958183939397334,-0.26018472162485123,1.0172672638885676
1789031908592100000,44.82810009765625,0.6935577262058854,0.18193477625250815,0.8745134282931685
1789031908602103000,44.83810302734375,0.6150839089497924,0.8246183475285768,1.0649388233847916
1789031908612106000,44.84810595703125,1.310591892440617,0.19466507848799228,0.8334333029512315
1789031908622109200,44.858109130859376,1.4764298126339912,-0.8726701385140418,0.34526648577861485
1789031908632112000,44.86811206054688,0.7182721884846687,-0.8721306248098611,0.13400200853683053
1789031908642116000,44.8781162109375,0.12864537687450647,-0.0728407798051834,0.23690379928052424
1789031908652119000,44.888119140625,0.5215922630429267,0.3041448593825102,0.6038914838060736
1789031908662122000,44.8981220703125,1.1722583575055003,-0.1223632278650999,0.6749300364948809
1789031908672125200,44.90812524414063,1.3275623164638877,-0.609405571052432,0.430865844065696
1789031908682128000,44.9181279296875,0.7285270405173301,-0.37624621899724003,0.3055244041074067
1789031908692131000,44.928131103515625,0.015649696813523767,0.3011281419098377,0.5340908023491502
1789031908702134000,44.93813403320313,-0.08429594753831625,0.745565853601694,0.8238988741476089
1789031908712137000,44.94813696289062,0.47297436260730025,0.6145177994996309,0.7801289251998067
1789031908722140200,44.95814013671875,1.036501102799177,0.09814531693160533,0.5200793742619455
1789031908732144000,44.96814404296875,1.228692192389071,-0.3245721458613872,0.13325330906137822
1789031908742147000,44.97814697265625,0.7762634819433093,-0.2481301266938448,-0.33334406585991383
1789031908752150000,44.98814990234375,0.27890695775151253,0.17562018627822398,-0.5307024750851095
1789031908762153200,44.9981533203125,0.059876376552879806,0.39628012224435805,-0.008176438323408365
1789031908772156000,45.00815600585938,0.49394876157492396,0.14234218605458734,0.5688160787716507
1789031908782159000,45.0181591796875,0.9341489818274974,-0.3342909913212061,0.6590786796294152
1789031908792162300,45.028162353515626,0.8636629484549164,-0.43488896210193634,0.20303426290452478
1789031908802166000,45.038166015625,0.49725043346881864,-0.23558687146306037,-0.07749810409173369
1789031908812169000,45.0481689453125,0.27394612047374245,-0.02054945155382156,0.1928445850625634
1789031908822172200,45.05817211914062,0.24952333461791276,-0.005018704944849014,0.8058768221795558
1789031908832175000,45.068175048828124,0.34563100824207066,-0.14013795400857926,1.1259412813581526
1789031908842178000,45.078177978515626,0.3969407781101763,-0.29558453630805015,1.2027772682793438
1789031908852181000,45.08818090820313,0.20269231759905815,-0.4392857357561588,0.9144249482471495
1789031908862184000,45.09818383789062,-0.06778218124136329,-0.6420803446859121,0.5356791675191372
1789031908872187100,45.10818725585938,-0.3331868294715881,-0.8692612068533897,0.3739843384798616
1789031908882191000,45.118191162109376,-0.4504200009718537,-0.9887930106848478,0.36599282826930285
1789031908892194000,45.12819409179688,-0.3350862333521247,-0.9812766437053679,0.5000527775384486
1789031908902197200,45.138197265625,-0.11892404719665646,-0.9159241738289594,0.5550675394043326
1789031908912200000,45.148199951171875,0.043133916066586966,-0.9287176044285297,0.5811923068724573
1789031908922203100,45.158203125,0.08321838143467902,-0.9669196170508861,0.6238786253020167
1789031908932206000,45.1682060546875,-0.010586714335530996,-1.0056494529396296,0.6952324544850736
1789031908942209000,45.178208984375,-0.12969722401499748,-0.8532733641266822,0.7952013335820287
1789031908952212000,45.1882119140625,-0.3901251067459583,-0.436903809055686,0.9252963247429579
1789031908962216200,45.19821630859375,-0.5195606110848486,0.048638650962710375,1.1509469816684723
1789031908972219000,45.20821899414062,-0.43015901097059245,0.4166729219317436,1.2652047906197608
1789031908982222000,45.21822216796875,-0.4470109231807291,0.7112696162462234,1.1930107842855155
1789031908992225300,45.22822534179687,-0.46675592648386954,0.8477437870502471,1.0129064383305608
1789031909002228000,45.23822802734375,-0.4406147924028337,0.7915209645688533,0.6816555453576147
1789031909012231200,45.248231201171876,-0.44714916260764,0.6359177304029464,0.34546485789492726
1789031909022233900,45.25823388671875,-0.4767794539786875,0.2946586536347866,0.057998819177970284
1789031909032237000,45.26823706054687,-0.5258769546248019,0.029083471143245696,0.09896773923039436
1789031909042240300,45.278240234375,-0.5161996102191507,-0.11320786150693893,0.1708143934316933
1789031909052244200,45.288244140625,-0.6374585301041603,-0.0016740706920623778,0.20041611629538236
1789031909062247000,45.29824682617188,-0.728108668974787,0.32694588925540446,0.27120113261453804
1789031909072250000,45.30825,-0.5930123623952269,0.6172901868224143,0.3444237513441592
1789031909082253000,45.318253173828126,-0.1886893650792539,0.6953641911059617,0.37923911720290776
1789031909092256000,45.32825610351563,0.2120892376281321,0.6971954981863498,0.39829197352342305
1789031909102259200,45.33825927734375,0.3897616802610457,0.6484037024885415,0.5017915840297937
1789031909112262000,45.348261962890625,0.4738767182745039,0.529797781330347,0.6640573448248207
1789031909122266000,45.35826611328125,0.697000121744722,0.31600656208992,0.8060671571198851
1789031909132269000,45.36826904296875,0.912382409568876,0.04757423660159111,1.0152813507683573
1789031909142272000,45.37827197265625,1.1316880083166063,-0.30333997274041175,1.1831230850648133
1789031909152275200,45.388275146484375,1.1312404106795788,-0.6611141309797763,1.0048715273696929
1789031909162278100,45.39827807617188,0.7640859912849962,-0.828280961689353,0.8356398730847984
1789031909172281000,45.40828100585937,0.2979216009534895,-0.7693909658253193,0.9534729832395911
1789031909182284000,45.418283935546874,0.29891499590501186,-0.6535188535451889,0.9649293930817395
1789031909192287000,45.42828686523438,0.6177705176852644,-0.7543003641992807,0.5868946832325309
1789031909202290200,45.43829028320312,0.8059313288457691,-0.8901666322380304,0.2788591000217944
1789031909212294100,45.44829418945312,0.7026945339940488,-0.6018009412676095,0.2693610577058047
1789031909222296800,45.458296875,0.461392207493633,-0.038299627777934074,0.3241092775899917
1789031909232300000,45.46830004882813,0.3465980997085571,0.3719751175493002,0.41763526415787633
1789031909242303200,45.47830322265625,0.4158043224036693,0.35210780304074285,0.4860533321499824
1789031909252306000,45.488305908203124,0.4289993195414543,0.005308043280243873,0.31421270094309
1789031909262309000,45.49830908203125,0.34380627703294153,-0.2841273227483034,0.00256155758369714
1789031909272312000,45.50831201171875,0.20782573496475815,-0.25681319936513897,-0.19648964530033988
1789031909282315000,45.51831494140625,0.09348375486135482,0.002899228572845459,-0.253711397424899
1789031909292319000,45.528319091796874,-0.013770312807708978,0.23906126957535742,-0.19401826848443596
1789031909302322200,45.538322265625,-0.09172302879914641,0.3347124316036701,-0.04017941364254802
1789031909312325000,45.5483251953125,-0.1203447276495397,0.16770985154509543,0.1065263744490221
1789031909322328000,45.558328125,0.00783595432266593,-0.2122311303168535,0.07877150329472497
1789031909332331300,45.56833129882813,0.08606485690698028,-0.620205782008171,-0.13121919115157799
1789031909342334000,45.578333984375,-0.1566752473115921,-0.749465783649683,-0.3260691794861108
1789031909352337200,45.588337158203124,-0.5843268055059015,-0.5264046317607164,-0.2858350582479499
1789031909362340000,45.59834008789063,-0.7843088412329554,-0.19736264700889586,-0.12218792609712108
1789031909372344000,45.608343994140625,-0.5837865611493587,-0.1586322265982628,0.10975110864918679
1789031909382347000,45.61834692382813,-0.2401310907639563,-0.4626964219599962,0.18183474994413554
1789031909392350000,45.62834985351562,-0.07746200986504555,-0.9489028988450765,0.1832924196728505
1789031909402353200,45.63835327148438,-0.23392931351438162,-1.2052654318332672,0.08944870892530307
1789031909412356000,45.64835620117187,-0.5206700336314738,-1.030852283257246,0.028723369126580654
1789031909422359000,45.658359130859374,-0.6495522880017757,-0.5166980612605809,-0.08059588744398206
1789031909432362000,45.668362060546876,-0.502732956533134,-0.011817863565683364,-0.12747870771531014
1789031909442365200,45.678365234375,-0.16171251082643864,0.15645429803729055,0.13562179175838826
1789031909452369000,45.68836889648438,0.0725578712105751,0.11997896307706832,0.35622729412354526
1789031909462372000,45.6983720703125,0.10446925925612449,-0.121544312697649,0.3901418752176687
1789031909472375000,45.708375,-0.07159881692007183,-0.29805531033575533,0.17701050812546162
1789031909482378000,45.7183779296875,-0.18167744049057363,-0.40050153933167454,0.004486534296907484
1789031909492381200,45.72838110351562,-0.004915536831319332,-0.5398252543479204,0.024146964589133856
1789031909502384000,45.738384033203126,0.1925980629555881,-0.6974971114814281,0.13041399398222564
1789031909512387000,45.74838696289063,0.3156403591260314,-1.0238859513759613,0.5332988847864791
1789031909522390800,45.75839086914063,0.3478077677592635,-1.253681379956007,0.7367848735138773
1789031909532395000,45.76839501953125,0.3407321302846074,-1.1907850710600614,0.7686836943387985
1789031909542398000,45.77839794921875,0.45199265711605546,-0.5086293210953474,0.40456506244353946
1789031909552401000,45.78840087890625,0.7525342313095926,0.32642800286114215,0.3789361887335777
1789031909562403800,45.79840380859375,1.0123112489163875,0.9530272852987051,0.6754065679654478
1789031909572407000,45.80840698242187,0.9415537051260471,0.9988386038810014,0.996250267888233
1789031909582410000,45.818409912109374,0.850043588425219,0.8359978196769953,0.9285363295774907
1789031909592413000,45.828412841796876,0.8238871106445789,0.6392313849955796,0.8492859749909489
1789031909602416000,45.838416015625,0.7518564781785011,0.26745851202011106,0.5496043055623769
1789031909612419800,45.848419921875,0.7008592813909054,-0.16280395932495592,0.5068520092245191
1789031909622423000,45.858423095703124,0.6078761695280671,-0.4028273519307375,0.49266011000387366
1789031909632426000,45.868426025390626,0.45275078200697894,-0.04857727616429328,0.4580131595145911
1789031909642429000,45.87842895507813,-0.01790185965448618,0.8786252475261688,0.5643571266014129
1789031909652432000,45.88843188476562,0.0000023380875587463378,1.530994346514344,1.027155401500687
1789031909662435000,45.89843505859375,0.6746843911707401,1.3121388296216725,1.2868681947648524
1789031909672438000,45.90843798828125,1.2311211731016636,0.41263679828345773,1.0411712865673004
1789031909682441000,45.91844091796875,1.0826505672946571,-0.2691378434091806,0.6062804247692227
1789031909692445000,45.92844482421875,0.5315048775091767,-0.14167583110034465,0.37892172181680794
1789031909702447900,45.93844775390625,0.1529345994785428,0.3105921358257532,0.4936559891734272
1789031909712451000,45.948451171875,0.1719067187130451,0.48752106661498545,0.5325285214684903
1789031909722453800,45.95845385742187,0.2610802091598511,0.38550738381743427,0.5347427634518593
1789031909732457000,45.96845703125,0.6503939995229244,-0.10212240386903286,0.4935348470117896
1789031909742460000,45.9784599609375,1.0190458178684114,-0.722380208325386,0.4105681022506207
1789031909752462800,45.988462890625,0.7246209729894996,-0.8057727772831916,0.25035759348496794
1789031909762466000,45.998466064453126,-0.033706747029721734,-0.046265492090582845,0.32074513491913675
1789031909772470000,46.008469970703125,-0.4044660590484738,0.8407850539535283,0.5159973656453192
1789031909782473000,46.01847290039063,0.08528700440227985,0.9887982713818549,0.5876422867294401
1789031909792476000,46.02847583007812,1.0074366286173462,0.16041911001503467,0.4896569095999002
1789031909802479000,46.03847900390625,1.3029697269991038,-0.8340022619456052,0.2846267967030406
1789031909812481800,46.048481689453126,0.5080822086066007,-0.9454156412512064,0.23680311538502571
1789031909822485000,46.05848510742187,-0.2111170315951109,-0.338151758402586,0.3844626240048557
1789031909832488000,46.068488037109375,-0.1606792222559452,0.3690717973232269,0.6787129890996962
1789031909842491000,46.07849096679688,0.33457682252526283,0.49784196962118143,0.8789911582291126
1789031909852494800,46.088494873046876,0.8155246482297778,0.048052375507354736,0.7077279981166124
1789031909862498000,46.098498046875,0.8495274555966258,-0.48161914909482,0.5130445802543312
1789031909872501000,46.1085009765625,0.4978104054391384,-0.5866869587659835,0.4315467390019446
1789031909882504000,46.11850390625,0.21128245128989218,-0.3892272811233997,0.46500089951008555
1789031909892507000,46.1285068359375,0.07150105563402176,-0.03035948242843151,0.5433974137462675
1789031909902509800,46.138509765625,0.017931670270860196,0.5264391185522079,0.6565107288375497
1789031909912513000,46.14851293945313,0.26567747382223605,0.7672668132781982,0.82780377263166
1789031909922516000,46.15851586914062,0.5068450680270791,0.6227841080635785,1.0398237444158642
1789031909932519000,46.168518798828124,0.6193102944731712,0.14919219807982445,0.9664657358035444
1789031909942523000,46.17852294921875,0.45517537880539893,-0.34287118813991546,0.8062143835708498
1789031909952525800,46.18852587890625,0.35848069907352326,-0.7455202608942985,0.5655759278066456
1789031909962529000,46.19852905273437,0.3358431891992688,-1.0083289012819527,0.452506817183271
1789031909972532000,46.208531982421874,0.17223171288371086,-1.0137199466705322,0.47137985995747145
1789031909982535000,46.21853491210938,0.27210224617272616,-0.9386819490820169,0.9737534816589206
1789031909992537900,46.22853784179687,0.2209586266517639,-0.6697375824183225,1.178409208285436
1789031910002540800,46.238540771484374,0.19425152925103903,-0.3825830208033323,1.4863031180031596
1789031910012544000,46.2485439453125,0.08470920451432466,-0.19818974548280238,1.602099973089993
1789031910022548000,46.2585478515625,-0.07191694295853376,-0.09496493332982063,1.377918584999442
1789031910032551200,46.26855126953125,-0.25124139058217404,-0.07860825729072093,1.1098991511609404
1789031910042553900,46.278553955078124,-0.4950568689472973,-0.04830488896369934,0.9134769998725503
1789031910052557000,46.28855712890625,-0.6272483939960598,-0.025914193457365033,0.6354109499245881
1789031910062559700,46.29855981445313,-0.5867948030546307,-0.11338614068329333,0.3889895268447697
1789031910072563000,46.30856298828125,-0.35620851635783907,-0.3503144898831844,0.1698766741901636
1789031910082566100,46.31856616210938,-0.0811652482971549,-0.5536632255643605,0.10341251674480735
1789031910092568800,46.32856884765625,-0.004970774149894714,-0.5903372979670762,0.091350323029235
1789031910102572800,46.33857275390625,-0.032263124092668294,-0.4594067327648401,0.2566851160060614
1789031910112576000,46.34857592773437,-0.1378722010336816,-0.23886253213286399,0.4699200165379792
1789031910122579000,46.358578857421875,-0.37560675204992294,0.06539221736490726,0.5448625909280032
1789031910132582000,46.36858178710938,-0.5431823096908629,0.3138625357985496,0.5911954491663723
1789031910142585000,46.378585205078124,-0.544368012344092,0.35425592098534103,0.684519702617079
1789031910152587800,46.388587890625,-0.4175846299491823,0.34891046830415723,0.7094732343487441
1789031910162591000,46.39859106445312,-0.28371523481607436,0.36559272303581236,0.7331089614801108
1789031910172594000,46.408593994140624,-0.15408113916516303,0.44432197635769843,0.9036324091412127
1789031910182598000,46.41859790039062,0.012159224349260329,0.47727322884500023,1.0262930125176906
1789031910192601000,46.42860107421875,0.06590002075657247,0.5319476528406143,1.1031554490543902
1789031910202604000,46.43860400390625,0.05007949742078781,0.49144203945100307,1.2495824202045798
1789031910212607000,46.44860693359375,0.2312752918742597,0.22706863396465776,1.3470067293852568
1789031910222610000,46.45860986328125,0.613753975520283,-0.38457331783771515,1.1444069123752414
1789031910232612900,46.46861279296875,1.0605085858523846,-0.929451763921976,0.8505529992520808
1789031910242616000,46.47861596679687,1.0582301195263861,-0.9922551338374614,0.5500972767110913
1789031910252619000,46.488618896484375,0.7463442906282842,-0.7410895849704742,0.5204940925426781
1789031910262622700,46.498622802734374,0.4921064947091043,-0.3597568564891815,0.9307865196570754
1789031910272626000,46.5086259765625,0.39870924908742306,-0.3376087375670671,1.0779423896037041
1789031910282629000,46.51862915039062,0.6929670668363571,-0.6278910758137702,0.9897584947161376
1789031910292631800,46.5286318359375,0.8898888382099568,-0.6981979532271623,0.6664765347957611
1789031910302635000,46.53863500976563,0.5365069235801696,-0.3832254103600979,0.49519817711412906
1789031910312638000,46.54863793945312,0.22828853114843367,0.16139643061459064,0.6049046794366091
1789031910322641000,46.558640869140625,0.34543738536611196,0.43083062662184235,0.7941559892475605
1789031910332644000,46.56864404296875,0.4791454524576664,0.15354454807043075,0.7914370856776833
1789031910342648000,46.57864794921875,0.5215501774668693,-0.27803426657021046,0.7800970687568187
1789031910352651000,46.58865112304687,0.3669080434180796,-0.3870142812490463,0.7810716128773987
1789031910362654000,46.598654052734375,0.12556012421026824,-0.049828737530112265,0.6459540443141013
1789031910372657200,46.6086572265625,0.09232187147513031,0.4795101941168308,0.7153506019495427
1789031910382659800,46.61865991210937,0.22693360940814017,0.957428735128045,0.7281845106899738
1789031910392663000,46.6286630859375,0.4041151997841894,1.0466671075046061,0.8076317030228674
1789031910402665700,46.638665771484376,0.5748223334491253,0.6728770494878291,0.6427047601945698
1789031910412669000,46.6486689453125,0.6285248436726629,0.03948270008265972,0.3918875863738358
1789031910422673000,46.6586728515625,0.49502691220045086,-0.5403069003850222,0.03146072166860103
1789031910432675800,46.66867578125,0.3455822006642818,-0.905171309146285,-0.15432207178156823
1789031910442679000,46.67867895507813,0.18678996119871735,-0.9857558349460362,-0.10511427916139364
1789031910452682000,46.68868188476562,0.05414309359788894,-0.9612573535054921,0.14452888244390485
1789031910462685000,46.698684814453124,0.03320902664065361,-0.8986211568504572,0.41258908668421207
1789031910472687900,46.70868798828125,-0.09824161691293119,-0.663375061649084,0.6036897141562775
1789031910482691000,46.71869116210937,-0.21613266780003904,-0.22870821786522863,0.7844310063078999
1789031910492694000,46.728694091796875,-0.1286509298324585,0.1685661761134863,1.0410098123952747
1789031910502697000,46.73869702148438,0.019251666828244925,0.39790100144445895,1.1559179019488393
1789031910512701000,46.748700927734376,0.03864727217182517,0.42546880732774733,1.0179496201295406
1789031910522703400,46.758703369140626,-0.22023396563902495,0.32782617922127244,0.618686755747348
1789031910532706600,46.76870654296875,-0.44669440457746384,0.017661913418769836,0.36761049259901046
1789031910542709200,46.77870922851562,-0.42815059375762937,-0.4493763371378183,0.2070759760433808
1789031910552712400,46.78871240234375,-0.3058874652661383,-0.9734434658616781,0.06556556463781744
1789031910562715600,46.79871557617187,-0.24206907308921216,-1.2860481105536221,-0.06324150560442358
1789031910572718300,46.80871826171875,-0.28904592831954357,-1.244755146178603,-0.06718721102289855
1789031910582721500,46.81872143554688,-0.24666239222884176,-0.8005348766297101,-0.06386537312380969
1789031910592725500,46.8287255859375,-0.10354688371419905,-0.25683716476261614,0.17562804079111666
1789031910602728400,46.838728515625,0.14421820905953645,0.06390227106809615,0.417950175325945
1789031910612731400,46.8487314453125,0.2741442733943462,0.09582184242010117,0.6306159707330167
1789031910622734600,46.85873461914063,0.32306539456024763,-0.1113397295475006,0.7368081813242287
1789031910632737300,46.8687373046875,0.3044283524990082,-0.33961832382380963,0.6247416718721389
1789031910642740500,46.878740478515624,0.43470556835904717,-0.5199532636642455,0.26088914356715975
1789031910652743400,46.888743408203126,0.605140314823389,-0.7143541382580996,0.27710516902655363
1789031910662746400,46.89874633789063,0.6687918260008097,-0.8035907570689916,0.3396135745834559
1789031910672750600,46.90875048828125,0.4704807922258973,-0.5637649328619241,0.30854484790712594
1789031910682753500,46.91875341796875,0.36224633521735666,0.046154432931542394,0.08659874458797276
1789031910692756500,46.928756591796876,0.777304515428841,0.2645335644841194,0.6038873921528458
1789031910702759400,46.93875952148438,1.2706558956325054,-0.40913142051100726,1.0321801708601415
1789031910712762400,46.94876245117187,1.4172075160756705,-1.2901415173470974,0.5453399991814046
1789031910722765600,46.958765625,0.8769920933663845,-1.3837895228594541,-0.02475713237673044
1789031910732768500,46.9687685546875,0.03771364458352327,-0.3380500515937805,-0.07852993135750293
1789031910742771500,46.978771484375,-0.041673195864260194,0.7595148839771747,0.3743087481286376
1789031910752775400,46.988775390625,0.6654466072261334,0.8887339690864086,1.0227345163185149
1789031910762778600,46.998778564453126,1.1121017027065156,0.3072907561928034,1.047025054096803
1789031910772781300,47.00878125,0.85946929615736,0.1207861878067255,0.711451767880097
1789031910782784500,47.01878442382812,0.5390823270261287,0.47433483730554576,0.6333871159467845
1789031910792787500,47.028787353515625,0.3664136840298772,0.8097370047390461,0.7207280572041869
1789031910802790400,47.03879028320313,0.3098655751168728,0.8579115453213453,0.8207370491158217
1789031910812793600,47.048793701171874,0.3516287873521447,0.794013365906477,0.7339929777730256
1789031910822796300,47.05879638671875,0.5627659849524498,0.5045236393421888,0.6271097161777317
1789031910832800500,47.068800537109375,0.5938797928795219,0.12673662064373492,0.7863226652733981
1789031910842803500,47.07880346679688,0.495754057431221,0.08604863642454147,0.7291990945599973
1789031910852806400,47.08880639648437,0.5650231162294745,0.553518848657608,0.695280750606209
1789031910862809300,47.098809326171875,0.6776990628167986,1.1305430760651827,0.6206675543010235
1789031910872812500,47.1088125,0.7824734424993396,1.1167530356436968,0.48203467109315096
1789031910882815500,47.1188154296875,0.8961828237876296,0.4228039720326662,0.15506686226688324
1789031910892818400,47.128818359375,1.0384992908790707,-0.3510381279826164,-0.09077559188120067
1789031910902821600,47.13882153320313,0.945988764964044,-0.5704430954515933,-0.14722221318110823
1789031910912824300,47.14882421875,0.48166006562709807,0.04508943404853344,0.17703144131563603
1789031910922828500,47.15882861328125,0.3354831237152219,0.667724489030242,0.61124170043841
1789031910932831500,47.16883154296875,0.6416401997029781,0.5713081878483295,0.6085613753132522
1789031910942834400,47.17883447265625,0.7888716191038488,0.1829214492022991,0.4575610318329185
1789031910952837400,47.18883740234375,0.60123132468611,-0.03450140453875065,0.46053515227288006
1789031910962840600,47.198840576171875,0.6671273999199271,-0.3257014421522617,0.4695869121260941
1789031910972843500,47.20884350585938,0.9692565355658531,-0.8967997866421937,0.36888913423269987
1789031910982846500,47.21884643554687,0.7082184119820595,-1.2721791596770287,0.220957969064638
1789031910992849400,47.228849365234375,0.1217746143221855,-1.0641448965281248,0.0397917660318315
1789031911002853400,47.23885327148437,-0.13917670776098967,-0.4161673104971647,0.28598106085620817
1789031911012856600,47.24885668945313,0.03782353469878435,-0.14153554584681988,0.6530047665432095
1789031911022859300,47.258859375,0.32268034076541663,-0.45871582789123055,0.8141496335495263
1789031911032862500,47.268862548828125,0.4912263508737087,-0.9133177907228469,0.7538217138368636
1789031911042865400,47.27886547851563,0.2868158311799168,-0.8343903844803571,0.40380737594403326
1789031911052868400,47.28886840820312,-0.1483434722959995,-0.20896657556295395,0.33286643841080366
1789031911062871600,47.29887158203125,-0.17531331228613853,0.47571664705276484,0.6983470063090323
1789031911072874500,47.30887451171875,0.12367372594177722,0.7321598440617323,1.097722610350698
1789031911082878500,47.31887841796875,0.3731587743759155,0.6567489215075969,1.2514531825125217
1789031911092881400,47.32888134765625,0.3686018417239189,0.5361597175776958,1.076361988544464
1789031911102884600,47.338884521484374,0.16215601681023836,0.3830494692713022,0.9020745852399616
1789031911112887300,47.34888720703125,0.07406622994691132,0.1275304013699293,0.8407689796015619
1789031911122890500,47.35889038085938,0.22905396256297825,-0.20812135691046713,0.7804800767250358
1789031911132893400,47.3688935546875,0.2751391296505928,-0.48982116025090217,0.621595190539956
1789031911142896400,47.378896484375,0.26571459096223116,-0.6128221014976502,0.7965848238296807
1789031911152899600,47.38889965820312,0.1405351366326213,-0.4714730181336403,0.7807242607444524
1789031911162903600,47.39890356445313,0.10429404881969094,-0.261009482011199,0.6689561497170478
1789031911172906500,47.40890649414062,0.2456906245872378,-0.2573632344633341,0.6541858660865575
1789031911182909400,47.418909423828126,0.41636122563406824,-0.5349404049158096,0.7864520638067275
1789031911192912400,47.42891235351563,0.3367430606484413,-0.7785644523620605,0.7359551446914673
1789031911202915300,47.43891528320312,-0.0298652691707015,-0.8136877881914377,0.47121641302406786
1789031911212918500,47.44891845703125,-0.3832067056596279,-0.7532575771480798,0.17782639108560977
1789031911222921500,47.45892138671875,-0.46930794905424117,-0.6617120968729258,0.13365509479530155
1789031911232924400,47.46892431640625,-0.48141091317161916,-0.6021580841422081,0.3456823731031269
1789031911242927600,47.478927734375,-0.6151857618890703,-0.5826397292017936,0.5032622411042451
1789031911252931300,47.488931396484375,-0.5938787699662149,-0.5134861134767532,0.5990774345878511
1789031911262934500,47.4989345703125,-0.42816710650101303,-0.3349520855784416,0.40211028970256446
1789031911272937500,47.5089375,-0.3940297129690647,-0.09198562525808811,0.1199261369112879
1789031911282940400,47.5189404296875,-0.35708573758378626,0.06549333965182304,0.15679105571098625
1789031911292943400,47.528943359375,-0.10314926269873977,0.07681669769883155,0.4200148527707904
1789031911302946300,47.5389462890625,0.2711545900590718,0.0264472774207592,0.7524724911849945
1789031911312949500,47.548949462890626,0.5718633375130593,0.10566460652053355,0.8030033125698566
1789031911322952400,47.55895239257813,0.6242590029217302,0.27698738786578175,0.8729973977070301
1789031911332956700,47.56895678710937,0.5212874348774552,0.4326034815132618,0.8208727312594651
1789031911342959400,47.57895947265625,0.395801837208122,0.4786322422385215,0.7627133877575397
1789031911352962600,47.588962646484376,0.24615268914103505,0.40302492032945153,0.632513913308829
1789031911362965200,47.59896533203125,0.2309587732709944,0.09102642483711242,0.4810262247029692
1789031911372968400,47.60896850585937,0.31933366068601604,-0.3078980744361877,0.2782921868540347
1789031911382971600,47.6189716796875,0.44699221848025916,-0.43712125119864936,0.0840532978888601
1789031911392974300,47.62897436523438,0.24153029003739357,-0.26905893295407296,-0.0417279217261821
1789031911402977500,47.6389775390625,0.0758792707182467,-0.03652618836462498,0.3707843003295362
1789031911412981500,47.6489814453125,-0.017124299410730598,0.1591588808208704,0.8444475950490683
1789031911422984400,47.658984375,-0.09409282667040825,0.18115210144221783,0.9484422955960035
1789031911432987400,47.6689873046875,-0.023822628005594013,0.18001403732299803,1.0769116583164782
1789031911442990600,47.67899047851562,0.05192775563597679,0.11275427252054214,1.2183909439314156
1789031911452993300,47.6889931640625,0.1771884585082531,-0.20197218663096428,1.0729352289661764
1789031911462996500,47.69899658203125,0.43297070739045734,-0.4347989457309246,0.7917899177033454
1789031911472999400,47.70899951171875,0.5743231517553329,-0.2664601486325264,0.6527328177340328
1789031911483002400,47.71900244140625,0.6393304614558816,0.06010404782891273,0.5072117824476212
1789031911493005600,47.72900561523438,0.8217081591702997,0.2918126165539026,0.6204125566266476
1789031911503009500,47.73900952148438,0.7247898998156189,0.13733517154753208,0.5369778290275484
1789031911513012500,47.74901245117187,0.5490240214563906,-0.20678630891442298,0.3418360729385167
1789031911523015200,47.75901513671875,0.3829601835526526,-0.324438290348649,0.23061697409600018
1789031911533018400,47.769018310546876,0.2170540204286575,-0.1526969913303852,0.16902268770933151
1789031911543021300,47.77902124023438,0.20617504514828322,0.1236006607055664,0.11910488365627825
1789031911553024300,47.78902416992187,0.3051907151736319,0.14882161120176315,0.2387952025176957
1789031911563027500,47.79902734375,0.3753729432940483,-0.08074526931941509,0.3180816878635436
1789031911573030100,47.80903002929688,0.21352102399691938,-0.3251169202625751,0.13498963133469224
1789031911583034400,47.81903442382813,-0.06477320868372917,-0.34050913518369197,-0.06602901743110269
1789031911593037300,47.82903735351562,-0.12333309581056237,-0.30973639577925205,-0.06141673786267638
1789031911603040300,47.839040283203126,0.015446429326385258,-0.33549452189207074,0.07339307992570102
1789031911613043200,47.84904321289063,0.19413009482845664,-0.4204278905510902,0.17194577208179979
1789031911623046100,47.85904614257812,0.2064192291676998,-0.4220891017615795,0.12114705700837075
1789031911633049300,47.86904931640625,0.09023834319934249,-0.2365963407665491,-0.06838829390835016
1789031911643052300,47.87905224609375,-0.05322656327486038,-0.05692191066145896,-0.09035674541462212
1789031911653055200,47.88905517578125,-0.03244914818406105,-0.05324702154099941,0.029334157968685028
1789031911663059200,47.89905908203125,0.025393822845071554,-0.3372913421809673,0.15984920117259024
1789031911673062400,47.9090625,-0.03602145371288061,-0.6997112803995609,0.26503625330924985
1789031911683065000,47.91906518554688,-0.22093962969034908,-0.7589537429630756,0.147962071762979
1789031911693068300,47.929068359375,-0.4122524751409888,-0.48960605619549746,0.0612515008309856
1789031911703071200,47.9390712890625,-0.48405412115678187,-0.027110125243663786,0.10149440816380083
1789031911713074200,47.94907421875,-0.3193266464233398,0.3688186993449926,0.3433558663843199
1789031911723077400,47.95907739257812,-0.026197978834807872,0.5076812265902757,0.558179533945024
1789031911733080300,47.969080322265626,0.2885809411562979,0.38353228435218334,0.5110162892971187
1789031911743083300,47.97908325195313,0.5607926390528678,-0.015618424892425537,0.23356785979084668
1789031911753087200,47.98908715820313,0.5954248303644358,-0.522380783072114,-0.101330888165161
1789031911763090400,47.99909033203125,0.33850130249261856,-0.6710083330065012,-0.440683181463927
1789031911773093000,48.009093017578124,0.20387100598961114,-0.6007020401149988,-0.3569337618924677
1789031911783096300,48.01909643554688,0.22168270314261315,-0.5437912353694438,-0.3277396699815988
1789031911793099300,48.02909936523437,0.3791597683563828,-0.6954144599884748,-0.09066204850412905
1789031911803102200,48.039102294921875,0.14832140659466386,-0.8541179982572793,0.17796937975287436
1789031911813105400,48.04910546875,-0.04420476016849279,-0.7214525720864534,0.25977942875958976
1789031911823108000,48.05910815429687,-0.033227439080178736,-0.49710956369340414,0.5841751951407641
1789031911833112300,48.0691123046875,-0.03626607612371444,-0.3398521325796842,0.4937098382525146
1789031911843115300,48.079115234375,0.017978724282979964,-0.5512947428673506,0.5238249174658208
1789031911853118200,48.0891181640625,0.21313070950508117,-1.118525890535116,0.6517085892528295
1789031911863121200,48.09912109375,0.2730421573713422,-1.2767448601573705,0.30421248125862327
1789031911873124400,48.109124267578125,0.13719225594550372,-0.5910626896321773,0.025637605005688964
1789031911883127300,48.11912719726563,-0.06405161641091107,0.515982021945715,0.34997104674037544
1789031911893130200,48.12913012695312,-0.007251286302506923,1.3050707909315824,0.7949164522260427
1789031911903133400,48.139133544921876,0.08083119403719902,1.6450895122498272,0.9403321274418384
1789031911913136000,48.14913623046875,0.46522886304706335,1.4173743970751762,0.9902708281524479
1789031911923140400,48.15914038085938,0.7149696398079395,0.8588385970383882,0.75507573248595
1789031911933143300,48.16914331054687,0.5765253379747272,0.4181371492654085,0.5129720264747738
1789031911943146200,48.179146240234374,0.2786091438487172,0.4390928435325622,0.2749786418592557
1789031911953149400,48.1891494140625,0.24661183108538387,0.7765741553276777,0.23316570873074233
1789031911963152100,48.19915209960938,0.47753392560780045,0.933482042351365,0.1883503789158538
1789031911973155300,48.2091552734375,0.6891875482976436,0.7137386367082595,-0.02726717896889895
1789031911983158300,48.219158203125,0.7762260725423693,0.37063071720302104,-0.37769210695661604
1789031911993161200,48.2291611328125,0.5885682424679398,0.3693430154800415,-0.49772762252651154
1789031912003165200,48.23916528320313,0.5003036835595965,0.8081921133846044,-0.4440397618828341
1789031912013168400,48.24916845703125,0.5877534189537167,1.2507850739926099,-0.19988811036590487
1789031912023171000,48.259171142578126,0.7449068051710724,0.980562357956171,-0.07498305253088473
1789031912033174300,48.26917431640625,1.1221584018185735,-0.10197510435283183,-0.22474402694199233
1789031912043177500,48.279177490234375,0.8325584928780794,-0.7950017924219369,-0.3166604959540069
1789031912053180200,48.28918017578125,-0.022811551266908644,-0.7331541157960891,-0.2408641542788595
1789031912063183400,48.29918334960937,-0.4793406827688217,-0.38623569809198377,0.03229541892707348
1789031912073186300,48.309186279296874,-0.3024892011299729,-0.319225524136424,0.2452192442158237
1789031912083189200,48.319189208984376,-0.015321195511519907,-0.4630068030834198,0.2289179881583899
1789031912093193200,48.329193115234375,0.06045709905028343,-0.4616454516023397,0.26533655143007634
1789031912103196400,48.33919653320312,0.042274961149692536,-0.29832477492690085,0.30928843281604346
1789031912113199400,48.349199462890624,0.007146364623308182,-0.054524786391854284,0.4533813349954784
1789031912123202300,48.359202392578126,-0.1279576868712902,0.028777766194939613,0.4789548983216285
1789031912133205200,48.36920532226563,-0.3289060834124684,-0.027210078486800193,0.4321681588359177
1789031912143208200,48.37920825195312,-0.2029755184546113,-0.3128010440468788,0.2557345372829586
1789031912153211400,48.38921142578125,-0.02231470766067505,-0.586639612492919,0.007834785278886557
1789031912163214000,48.39921411132813,-0.08305120817422866,-0.5781389106512069,-0.12074556353539227
1789031912173218300,48.40921826171875,-0.20850421874821184,-0.07806289836764335,-0.18302279068492353
1789031912183221200,48.41922119140625,-0.21972207059413193,0.6273772810727357,-0.11352730271965264
1789031912193224200,48.42922412109375,-0.0594800707116723,1.1735761621057987,0.23871844748705623
1789031912203227400,48.43922729492188,0.20627163739055393,1.2963438791185617,0.48905616722777484
1789031912213230300,48.44923022460937,0.494605179657042,0.8744616981059312,0.5613150554917753
1789031912223233300,48.4592333984375,0.6452598515048623,0.13497837928831577,0.30382081505991515
1789031912233236200,48.469236328125,0.49716655457764863,-0.4846645081400871,-0.03215542593449354
1789031912243239200,48.4792392578125,0.049356005451828236,-0.6511965480774641,-0.47362398562245067
1789031912253242400,48.489242431640626,-0.43020927985310553,-0.3830564835339784,-0.5660936680704355
1789031912263246300,48.499246337890625,-0.6355202555179595,0.0010696750581264496,-0.11434417206048965
1789031912273249300,48.50924926757813,-0.28656404837593435,-0.025983167040348053,0.3227080324899405
1789031912283252200,48.51925219726562,0.17969284254461526,-0.23624153597950934,0.4512190423950553
1789031912293255400,48.52925537109375,0.33741204595118757,-0.39862639310956,0.2923530801061541
1789031912303258000,48.53925805664063,0.1789139671266079,-0.34850422559082506,0.055069853053987025
1789031912313261300,48.54926123046875,-0.14550839500054716,-0.19048399341106415,-0.025313304954767225
1789031912323264300,48.55926416015625,-0.3673556410551071,-0.1824468174278736,0.10645597609393298
1789031912333267200,48.56926708984375,-0.3463736433029175,-0.379385101544857,0.22390388632342217
1789031912343271200,48.57927124023438,-0.22519173417687416,-0.6050210723578929,0.37860644532255827
1789031912353274400,48.5892744140625,-0.17749007180333137,-0.6904758345425128,0.342126945643872
1789031912363277300,48.59927734375,-0.3144271839439869,-0.48518064096868035,0.08244527817033231
1789031912373280300,48.6092802734375,-0.5214508087456226,-0.0741828420639038,0.058790627142786975
1789031912383283500,48.61928344726562,-0.6230230313859879,0.3482499585688114,0.28014059119969603
1789031912393286100,48.6292861328125,-0.5021170165918767,0.562851325148344,0.45131556157208974
1789031912403289300,48.63928930664063,-0.2706149302244186,0.5237807129979133,0.4035098177695647
1789031912413292300,48.64929223632812,-0.2886005226396024,0.42810032487511634,0.20762520742397755
1789031912423295200,48.659295166015625,-0.35412089642882344,0.31051088728308673,0.21044285866059362
1789031912433299200,48.66929931640625,-0.4124396682761609,0.2186404128372669,0.18203692145273087
1789031912443302400,48.67930249023438,-0.5991957272052765,0.12727554982602596,0.15153569246605036
1789031912453305300,48.68930541992187,-0.701198450217396,-0.028216040658950805,0.2811398313701153
1789031912463308300,48.699308349609375,-0.829527600749582,-0.22930852184593675,0.23128983185626564
1789031912473311200,48.70931127929688,-0.9071288729548453,-0.2270113508194685,0.42082587689273054
1789031912483314200,48.71931420898437,-0.8369374386146664,0.08136310895681381,0.6153709822628647
1789031912493317400,48.7293173828125,-0.698835520478338,0.5170435136973858,0.5832544635666534
1789031912503320300,48.7393203125,-0.4039418890438974,0.6058762278825044,0.4648645597793162
1789031912513324300,48.74932421875,0.026201924357563255,0.3464502156704664,0.23590169129958374
1789031912523327000,48.75932690429688,0.412785924430564,0.04165887507796287,0.052039929039869454
1789031912533330000,48.76932983398437,0.6569391833826899,-0.11919511922299861,0.13257955625196918
1789031912543333000,48.7793330078125,0.6991747623700648,0.021954057654738426,0.12741610907418652
1789031912553335800,48.78933569335938,0.4504011501409113,0.1259668053150177,-0.016852989922370762
1789031912563339000,48.79933911132812,0.5617627992592752,0.008141220879554748,0.04512790289539843
1789031912573342000,48.809342041015626,0.5132207405388355,-0.26108839246630666,0.09586860417127609
1789031912583345000,48.81934497070313,0.17114216408133506,-0.34754210256040097,-0.054054794259928166
1789031912593348000,48.82934814453125,-0.1400222186744213,-0.18981062419414518,-0.09006075814273208
1789031912603351800,48.83935180664062,-0.11890928801894188,0.07206395021378993,-0.04233301147986203
1789031912613355000,48.84935498046875,0.12615626347251235,0.2588987734675407,-0.12880732597056777
1789031912623358000,48.85935791015625,0.24425533108711242,0.2744377033829689,-0.04908100616903975
1789031912633361000,48.86936083984375,0.2731308585681021,0.16776245851516722,0.36165574891306457
1789031912643363800,48.87936376953125,0.36148711434789,-0.09992577060759067,0.5244299341542646
1789031912653367000,48.88936694335938,0.3927954219337553,-0.3080301763832569,0.23364828634960574
1789031912663370000,48.89936987304687,0.30879948025532067,-0.2336947741061449,0.042356552185653706
1789031912673373000,48.909373046875,0.20013576498404145,0.18753508047759532,0.14723962097363547
1789031912683375900,48.9193759765625,0.17201646269783377,0.5659703339517116,0.3361391034059226
1789031912693379800,48.9293798828125,0.1251216597277671,0.3498977257758379,0.30696912302300333
1789031912703383000,48.93938305664062,0.12365560576319694,-0.3152174575388431,0.1748804007615894
1789031912713386000,48.949385986328124,0.0968083692394197,-0.8407581659466028,0.10787830051463097
1789031912723389000,48.95938891601563,-0.04630107486061751,-0.8829729213416576,-0.05057829552209005
1789031912733392100,48.96939208984375,-0.23275676260367034,-0.42877953931093216,-0.2901023420372978
1789031912743394800,48.979394775390624,-0.271045138335228,0.1458861422717571,-0.32767318061664696
1789031912753398000,48.98939794921875,-0.14899791761673986,0.46303369109034537,-0.035941273749293755
1789031912763401000,48.99940087890625,0.15644728377461434,0.39441900454759593,0.07758382788011804
1789031912773405000,49.00940502929687,0.5426492257274687,0.06468611492216586,0.029799021834344602
1789031912783407900,49.019407958984374,0.6402082672037184,-0.35796003620028494,-0.22667187146572396
1789031912793411000,49.0294111328125,0.3676898414455354,-0.6521165855318307,-0.5564908867383376
1789031912803413800,49.03941381835938,-0.06280702317729592,-0.6603180121660233,-0.7751291441511362
1789031912813417000,49.0494169921875,-0.363258434869349,-0.527391889232397,-0.7400804809931665
1789031912823420200,49.05942016601563,-0.5345113658487797,-0.43299978735446926,-0.48085912450775503
1789031912833422800,49.0694228515625,-0.39959567653313277,-0.4311334089607,-0.22660152790956198
1789031912843426000,49.079426025390624,-0.25705387625321746,-0.5684253258883952,0.016045920456340537
1789031912853428700,49.0894287109375,-0.3774184776470065,-0.6466080512434244,0.20370394232701508
1789031912863433000,49.099432861328125,-0.6210942552804947,-0.4495645531862974,0.16907523988047612
1789031912873436000,49.10943579101563,-0.7114275832869112,-0.13941957660615442,-0.036246869099745525
1789031912883439000,49.119439208984375,-0.6709737000845373,-0.017840777117013932,-0.33387714982330796
1789031912893441800,49.12944189453125,-0.5221123413942754,-0.1955219875782728,-0.252277272968553
1789031912903445000,49.13944506835937,-0.4751053832866251,-0.3016881138801574,-0.2576267442377284
1789031912913448000,49.149447998046874,-0.3739198218762874,-0.3407429439395666,-0.26374751040665434
1789031912923451000,49.159450927734376,-0.24307328169569373,-0.35181671113967894,-0.12213584885001182
1789031912933454000,49.1694541015625,0.08393500527143478,-0.4320072691857815,0.12780393934799358
1789031912943456800,49.17945678710937,0.14516966456547378,-0.36291327469348905,0.22404811709970235
1789031912953461000,49.1894609375,-0.0724174398265779,0.0750806676864624,0.2638332341950387
1789031912963464000,49.1994638671875,-0.19687661705762147,0.7631114471644163,0.37954295898769047
1789031912973467000,49.209466796875,0.34552696334570643,1.286492347189784,0.23760078683504834
1789031912983470000,49.21946997070312,1.0353609928533434,1.05348613986969,0.7676176725424826
1789031912993473000,49.22947314453125,1.2237304783284664,0.3502075223773718,0.8592419171422719
1789031913003476000,49.23947607421875,0.8155359002761542,-0.2782610610634088,0.2684192468110472
1789031913013479000,49.24947900390625,0.34965982536673545,-0.6255009658068418,-0.03958393196742981
1789031913023481900,49.25948193359375,0.41926206164211033,-0.6723340286523103,-0.08102448811959474
1789031913033485800,49.26948583984375,0.7856547028839588,-0.5355418779402971,-0.030268808470293878
1789031913043489000,49.27948901367188,0.8692115224927663,-0.2647130127042532,0.17467684101350606
1789031913053491700,49.28949169921875,0.8761693788066506,0.07490005042254924,0.5042778478875756
1789031913063495000,49.299494873046875,0.7999442172601818,0.49564124470651144,0.6444400595545768
1789031913073498000,49.309498046875,0.8611723006829619,0.6519581800997257,0.9018903877794742
1789031913083500800,49.31950073242187,1.019408221440017,0.23987024787068364,0.7096087703619152
1789031913093504000,49.32950390625,0.7150611174836754,-0.430792048177123,0.13454831730797887
1789031913103507000,49.3395068359375,-0.18067016314417123,-0.4753577506124973,-0.3889814166035503
1789031913113510000,49.34951000976562,-0.8012254892423748,0.06561082855165004,-0.2931568342370912
1789031913123513900,49.35951391601562,-0.454908544562757,0.06843640736639499,0.16970942786447704
1789031913133517000,49.36951708984375,0.40704117023348807,-0.7986100460469723,-0.004713328790105879
1789031913143520000,49.37952001953125,0.3320256767377257,-1.173642797601223,-0.5927066209143027
1789031913153523000,49.38952294921875,-0.6649412880524993,0.31814941933751106,-0.42425716651566325
1789031913163526100,49.399526123046876,-1.0925602591514587,2.4014608375042674,0.4153395544361323
1789031913173528800,49.40952880859375,0.2731774741888046,2.9016140066772698,1.1782384548284113
1789031913183532000,49.41953198242187,1.9356644037023185,1.3169658113867044,0.8111937794186175
1789031913193535000,49.429534912109375,1.7076318931415677,-0.7027917107582092,0.13440671688020228
1789031913203539000,49.4395390625,0.26545535550415517,-1.1119938584178686,-0.31151389031317084
1789031913213542000,49.4495419921875,-0.6350818641006947,-0.23151450745761393,-0.07452581028267741
1789031913223544800,49.459544921875,-0.3168035576865077,0.972266823297739,0.5682613674983382
1789031913233548000,49.469548095703125,0.5665522254928946,1.4997376229852437,0.9078852442800999
1789031913243551000,49.47955102539063,1.104883441890776,1.2839455853164194,0.6617613428421318
1789031913253554000,49.48955395507812,1.1495604957461356,0.8340390868246554,0.3913347017314285
1789031913263556900,49.499556884765624,0.9685238373771309,0.3249930016219616,0.38903975919466466
1789031913273560000,49.50956005859375,0.6319923736527562,-0.020088263782858846,0.2658482272792607
1789031913283563000,49.51956298828125,0.5197074722096323,-0.07152092937827109,0.17735731226913629
1789031913293567000,49.52956689453125,0.6663616762444377,-0.0680091218650341,0.2195329046975821
1789031913303570000,49.53956982421875,0.67352820687294,-0.14451134678721428,0.2699158420443535
1789031913313572900,49.54957275390625,0.8133747767195105,-0.35866146246790886,0.21518077390268445
1789031913323576000,49.559576171875,0.9309379108265041,-0.5357862080901861,0.14000037216879427
1789031913333579000,49.5695791015625,0.8531012224301695,-0.5709937150716782,0.0073993164710700506
1789031913343582000,49.57958203125,0.7019651968061924,-0.47209670298993583,0.1009763756390661
1789031913353585000,49.5895849609375,0.6715598294094205,-0.5370663110285997,0.29993608258105814
1789031913363587800,49.599587890625,0.6358478800371289,-0.8056161254167556,0.3225552530810237
1789031913373591000,49.60959106445313,0.31641163575947284,-0.9737193601936102,0.20201821772977707
1789031913383595000,49.619594970703126,-0.2292985849738121,-0.7560463310837745,0.12432685608826577
1789031913393598000,49.62959790039063,-0.3711667237758636,-0.5460007281124591,0.25927235602028664
1789031913403601000,49.63960083007812,-0.3318878757022321,-0.49894028625190256,0.5584493638623506
1789031913413604000,49.64960400390625,-0.2327786821745336,-0.5574217013150453,0.6623547056253999
1789031913423606800,49.65960668945313,-0.11631254952400923,-0.5427864422410726,0.5550156630866229
1789031913433610000,49.66960986328125,-0.015197569131851196,-0.3540536764115095,0.4207915362317115
1789031913443613000,49.67961303710938,-0.1677846703469753,-0.06605857231914997,0.531467906499654
1789031913453615900,49.68961596679687,-0.30901684933304785,0.202541510951519,0.6759790340911597
1789031913463619000,49.699619140625,-0.31359044085890053,0.2732429406404495,0.763823906282708
1789031913473623000,49.709623046875,-0.2666930806055665,0.3048784343540668,0.6288099442243575
1789031913483626000,49.7196259765625,-0.26413492055535315,0.30839784065186976,0.28427622969970107
1789031913493629000,49.72962890625,-0.2770984470248222,0.2819955714166164,0.19263306120373308
1789031913503632000,49.7396318359375,-0.32791327298283574,0.2754863356530666,0.2127826267197728
1789031913513634800,49.749634765625,-0.3223870569072664,0.2635363701403141,0.10755275835469365
1789031913523638800,49.759638671875,-0.1605003585577011,0.21906652929484843,0.04745565172322094
1789031913533641500,49.769641357421875,0.08247121632918715,0.18039631463885306,0.10863748485147952
1789031913543644700,49.77964477539062,0.19467837636098265,0.06802607299983501,0.29347243952490387
1789031913553648600,49.78964868164063,0.2356513150013983,-0.1679693792641163,0.33291078900918364
1789031913563651600,49.79965161132812,0.1528502821959555,-0.6064706866443157,0.2551072722300887
1789031913573654500,49.809654541015625,-0.03025470687970519,-1.070841763818264,0.19005670790970325
1789031913583657700,49.81965771484375,-0.33284882968887686,-1.230314532893896,0.10791055881641805
1789031913593660700,49.82966064453125,-0.6608392595611512,-1.0697259115308522,0.2927138031773269
1789031913603663600,49.83966357421875,-0.6294165318153798,-0.75497314889431,0.68063153607212
1789031913613666800,49.84966674804687,-0.3219114022195339,-0.6452227343648672,0.7983300600618124
1789031913623669500,49.85966943359375,-0.19738821984156965,-0.6032850423455238,0.7936084383673966
1789031913633672700,49.869672607421876,-0.1912871264874935,-0.19979075093865392,0.8143103770691901
1789031913643676700,49.8796767578125,-0.2849858392737806,0.42876960243880746,0.9574763005968183
1789031913653679600,49.8896796875,-0.3569067277550697,1.0930360599696636,0.9549145603500306
1789031913663682800,49.899682861328124,-0.3887489960871637,1.3369722421050072,0.7396378517922013
1789031913673685500,49.909685546875,-0.24873963689431547,1.0755009878009556,0.5131334275815636
1789031913683688700,49.91968872070313,0.12055647070407867,0.35720541844069953,0.20537388483323155
1789031913693691600,49.92969165039062,0.5876841531097888,-0.36832068669497964,-0.05960888472311198
1789031913703694600,49.939694580078125,0.34946810218691826,-0.5307049593031407,-0.35109310957286505
1789031913713697800,49.94969775390625,0.01976180830746889,-0.12772446263730525,-0.13382928231842814
1789031913723700700,49.95970068359375,0.23491715550795197,0.30660452749431133,0.40691546149458735
1789031913733704400,49.96970434570313,0.6413093603134155,0.374963193449378,0.6180100985947996
1789031913743707600,49.979707763671875,0.9073954880017787,0.09191723619699478,0.5874836255690082
1789031913753710800,49.9897109375,0.8828595971602946,-0.06484861200749874,0.4735216577591374
1789031913763713500,49.99971362304687,0.7804057693798094,-0.06378361312448978,0.3477960773214698
1789031913773716700,50.009716796875,0.661441536303237,-0.020498013627529142,0.29520993084199726
1789031913783719400,50.01971948242188,0.4877110362291336,0.051063832283020014,0.23865316369850187
1789031913793722600,50.02972265625,0.3678139792818576,0.16152093377709387,0.2955871666565537
1789031913803725800,50.039725830078126,0.391604166322574,0.1727922693759203,0.3222556125473231
1789031913813729800,50.049729736328125,0.4834405193030834,0.0036409868508577347,0.21085947663746774
1789031913823732700,50.05973266601563,0.5601929195940494,-0.1296750121831894,0.05732804377693682
1789031913833735700,50.06973559570312,0.554479875709489,-0.13622808708846568,0.04068164580995217
1789031913843738600,50.079738525390624,0.4785702829182148,-0.22755846330821514,-0.050069323086645454
1789031913853741600,50.089741455078126,0.3502363100804388,-0.5035299521297216,-0.06488140003224835
1789031913863744800,50.09974487304687,0.17515673348493874,-0.7446405554503202,0.07877701972005888
1789031913873747700,50.109747802734375,0.0117323772393167,-0.8194231169730425,0.2658840840439312
1789031913883750700,50.11975073242188,-0.06287599676027894,-0.7815168724268674,0.22871176152918488
1789031913893753900,50.12975390625,-0.06235358032137155,-0.7614543276071548,0.1381227691281121
1789031913903757600,50.13975756835937,-0.13039382797703147,-0.7121364622086286,0.20210823410078882
1789031913913760800,50.1497607421875,-0.273385563981533,-0.4725818561583757,0.23899920065719632
1789031913923763700,50.159763671875,-0.3446189085900783,-0.030094694012403486,0.08895600263806991
1789031913933766700,50.1697666015625,-0.1279847210086882,0.31258593999147416,0.17563341108597813
1789031913943769600,50.17976953125,0.24514628857746718,0.30389585305750366,0.28768828489920123
1789031913953772500,50.1897724609375,0.42508068479299543,0.05940086799561977,0.19221103639937936
1789031913963775700,50.19977563476562,0.31755686027184127,-0.1894751086294651,0.03933729112944565
1789031913973778700,50.20977880859375,-0.0333224238872528,-0.22619185113012788,-0.25189252970097586
1789031913983781600,50.21978173828125,-0.31367417361959815,-0.07574000837802887,-0.3270413124538958
1789031913993785600,50.22978564453125,-0.3360159154176712,0.06180617557168006,-0.21165351309198885
1789031914003788800,50.23978881835937,-0.3599145312689245,0.15294365956783293,0.07327290587844326
1789031914013791500,50.24979150390625,-0.5233667253695428,0.2831336355358362,0.304242200543452
1789031914023794700,50.25979467773438,-0.8192715796731412,0.5084124634742736,0.37562034218385815
1789031914033797600,50.26979760742187,-0.8057238235749303,0.6491372774600982,0.24499582898980005
1789031914043800600,50.279800537109374,-0.2759644745588302,0.2625584650188684,0.36596330991387366
1789031914053803800,50.2898037109375,0.12868366305828094,-0.4910498252630233,0.4503557766292244
1789031914063806700,50.299806640625,0.00682137045264244,-1.1413584845900535,0.4647432714872062
1789031914073809700,50.3098095703125,-0.4944669402301311,-1.279037939530611,0.0042689277571626005
1789031914083813600,50.319813720703124,-0.8342305177435279,-1.0115946250796317,-0.24644610086334867
1789031914093816800,50.32981689453125,-0.5780544472381473,-0.6118968033462763,-0.1935837495246902
1789031914103819500,50.33981958007813,0.12305705534815788,-0.45949090391695496,0.14368136223647743
1789031914113822700,50.34982275390625,0.49130350776314735,-0.5673661722242832,0.7241236179266125
1789031914123825700,50.35982568359375,0.39913726524114607,-0.678662647151947,0.9923864320669322
1789031914133828600,50.36982861328125,0.09099953683018684,-0.6472936954200268,0.8142780822347849
1789031914143831800,50.379831787109374,0.03420505194067955,-0.5390741437196731,0.39096860836539415
1789031914153834500,50.38983447265625,0.45212680488973855,-0.7659639139860868,0.2217983288789168
1789031914163837700,50.39983764648437,0.8559539815127849,-1.2988801195979118,0.04913918436337262
1789031914173841700,50.40984155273438,0.49872269797846674,-1.5211001444876193,-0.19193280397988854
1789031914183844600,50.4198447265625,0.3220763835228979,-0.8798983362019062,-0.5200963253967463
1789031914193847600,50.42984765625,0.2954837062820792,0.634066549578309,-0.44314946197960525
1789031914203850800,50.43985083007812,0.5448308075502515,2.3492910898059605,-0.2490328476872295
1789031914213853700,50.449853759765624,1.10075437926203,3.216997468432784,0.3558010315354913
1789031914223856600,50.459856689453126,1.5653285777926444,2.6033050138413905,0.719413540539518
1789031914233859600,50.46985961914063,1.5490359069004653,0.8886702562004327,0.3659731006555259
1789031914243862500,50.47986254882812,1.2452025976851582,-0.5872808330059052,-0.21388456007968634
1789031914253866800,50.48986669921875,0.7728373068869113,-1.1895482227414846,-0.31218561556227503
1789031914263869700,50.49986962890625,0.03602496084421873,-0.7370131293118,0.10531740051805973
1789031914273872600,50.50987255859375,-0.49429976696968075,-0.043346389773488044,0.7722022238537669
1789031914283875600,50.51987548828125,-0.2876341618254781,0.06240297242105007,1.080403372889757
1789031914293878500,50.52987841796875,0.2817176312580705,-0.2091594677865505,0.9584428806066513
1789031914303881700,50.5398818359375,0.5474103026494384,-0.2372849075525999,0.7296257955394685
1789031914313884700,50.549884765625,0.3927610082075,0.10862462536990641,0.5678777750082313
1789031914323887600,50.5598876953125,0.05375964723825454,0.2659808406829834,0.3756009798962623
1789031914333890600,50.569890625,-0.08506225573569536,0.2704512640953064,0.23262466065660117
1789031914343894800,50.57989477539063,0.2614078336790204,0.12729483904838562,0.28944530290067194
1789031914353897500,50.5898974609375,0.8234414127036929,-0.6020429333299399,0.3286173295989632
1789031914363900700,50.599900634765625,1.0210530660375952,-1.456666543021798,0.2047767226576805
1789031914373904000,50.60990380859375,0.5234235701233149,-1.684255401468277,0.10405592921487987
1789031914383906600,50.61990649414062,-0.23102438585311172,-0.7504331673771143,0.2639955851498991
1789031914393909800,50.62990966796875,-0.510862486974895,1.0166063157618046,0.5402112579908221
1789031914403912400,50.639912353515626,-0.35811055058687924,2.809775096413493,0.9899110549293458
1789031914413915600,50.64991552734375,-0.03289689195156097,3.9366684177994724,1.4865494939796626
1789031914423918800,50.6599189453125,0.6093295832067728,3.961746744954586,1.6790511108234523
1789031914433922800,50.6699228515625,1.2035922379240394,2.910767034947872,1.4724252531677484
1789031914443925500,50.679925537109376,1.3634005225643515,1.5597072307795286,0.7386122350715101
1789031914453928700,50.6899287109375,0.9428644954636692,0.8492758189231157,0.050748774984478946
1789031914463931600,50.699931640625,0.2691302446246147,0.5729933644562959,-0.3243638368729502
1789031914473934600,50.7099345703125,0.13830167849212885,0.14024492151439188,-0.3557678599182516
1789031914483937800,50.71993774414062,0.6263289410635828,-0.6040490124553441,-0.45361967379599805
1789031914493940500,50.7299404296875,1.1081333835974334,-1.0789666180849076,-0.6835636440012604
1789031914503943700,50.73994360351563,1.33232295499444,-1.2711182524472475,-0.5491302583098411
1789031914513947000,50.74994677734375,1.4575851191714406,-1.4159008173912764,-0.19640593080595134
1789031914523951000,50.759951171875,1.5251894596278666,-1.7098925315499305,0.019868629682809114
1789031914533953800,50.769953857421875,1.295905195440352,-1.9540975937545297,0.07537073667421937
1789031914543957000,50.77995703125,0.7791644640818238,-1.8893167862862348,0.04248027446344495
1789031914553960000,50.7899599609375,0.2962073443815112,-1.5556757833063601,0.1657788104172796
1789031914563963000,50.799962890625,0.19505743880644438,-1.3703899430602788,0.5030850579064339
1789031914573966000,50.80996606445313,0.2213616544947028,-1.2870768690794705,0.9675825379390269
1789031914583968800,50.81996875,0.17302783169746397,-1.3142092061549424,1.3079445928022264
1789031914593972000,50.829971923828126,-0.2283683183863759,-1.2898445802271366,1.2984383671797812
1789031914603975200,50.83997509765625,-0.9669048578731715,-1.1294085190773009,1.367431677776575
1789031914613979000,50.84997875976563,-1.5962133992694318,-0.8622329156517982,1.6051596529215573
1789031914623982000,50.85998217773437,-1.9091008064255117,-0.5416746816068887,1.4122126303978264
1789031914633985000,50.869985107421876,-1.9927252844430505,-0.2996253361314535,0.8784330128896981
1789031914643988000,50.87998803710938,-1.6698096736170351,-0.20507892047464846,0.4081575339775532
1789031914653991000,50.88999096679687,-1.087922516348213,-0.11243687713444232,0.16363357854951172
1789031914663993900,50.899993896484375,-0.46576925353407855,0.13771861790716647,0.25714582885298876
1789031914673996800,50.90999682617188,0.07491232538223266,0.6260141760259866,0.448411364563182
1789031914684000000,50.92,0.3878128842808306,1.2509890721321104,0.5722619083765894
1789031914694003000,50.9300029296875,0.5558280023828148,1.7368045038729905,0.5589082500783726
1789031914704007000,50.9400068359375,0.6615582214854657,1.8403958112508056,0.516590655363351
1789031914714010000,50.95001000976563,0.6852595611989498,1.5594903731584548,0.45011783968750385
1789031914724012800,50.9600126953125,0.5722362624786794,0.9790443546086549,0.4644031528126448
1789031914734016000,50.97001611328125,0.44095410735979673,0.19674948354661465,0.4152290432663634
1789031914744019000,50.98001904296875,0.31632337295413016,-0.5348100565344095,0.31995858765132723
1789031914754022000,50.99002197265625,0.012777794639021157,-0.9865542918473481,0.1303766211139038
1789031914764025000,51.000025146484376,-0.511794434062764,-1.1246364823698998,-0.24091877054292707
1789031914774028000,51.01002807617188,-0.994249522525072,-0.9687737204849719,-0.34545572474040087
1789031914784031700,51.02003173828125,-1.2092542092084884,-0.8000245890200137,-0.12790460497718303
1789031914794035000,51.03003491210937,-0.9769792387723922,-0.5462374594777822,0.12514756135400384
1789031914804038100,51.0400380859375,-0.6777062962751835,-0.23733751452267168,0.24278942325301467
1789031914814040800,51.050040771484376,-0.38003150968961413,-0.13662322388589382,0.45587172703910617
1789031914824044000,51.0600439453125,-0.19633023522123694,-0.1258709437251091,0.5055441049637273
1789031914834046700,51.07004663085937,-0.10684358717203139,-0.10365677382946013,0.4663963724564761
1789031914844050000,51.0800498046875,-0.06769464908838271,-0.07022445982694625,0.5272330088762566
1789031914854053000,51.09005322265625,0.0769837248288095,-0.09441723631918429,0.5855201069436967
1789031914864055800,51.100055908203124,0.3441349975306541,-0.19568623822927475,0.6249782571069896
1789031914874059000,51.11005908203125,0.5041442846357822,-0.3108084089249372,0.4438617019021883
1789031914884063000,51.12006298828125,0.8153063293039798,-0.2887590742021799,0.4174796717373654
1789031914894066000,51.13006591796875,0.9771138249374925,-0.006536123770475387,0.504617966562137
1789031914904068900,51.14006884765625,0.8950362841010093,0.3228706026405096,0.700724695225805
1789031914914072000,51.15007202148438,0.6892775646686553,0.5479904406249523,0.8079752557635307
1789031914924075000,51.16007495117187,0.5622785667616874,0.6245142928570508,0.7870695381179451
1789031914934078000,51.170077880859374,0.4973321204029023,0.7672761656284331,0.7727063739836215
1789031914944081000,51.180080810546876,0.4989898244820535,0.8658113586604594,0.6864493555054069
1789031914954083800,51.19008374023438,0.5212707760035992,0.6687766284316777,0.5734890390187501
1789031914964088000,51.20008813476562,0.47575975554212924,0.2741319984346628,0.6075106972165405
1789031914974091000,51.210091064453124,0.23916882160305974,0.10169570288956165,0.6073984690137207
1789031914984094000,51.220093994140626,-0.026352731005102395,0.17991466860175132,0.6159535313911736
1789031914994097000,51.23009692382813,-0.09324855786599218,0.2547387311786413,0.48429165623970327
1789031915004099800,51.24009985351562,-0.006360767203569412,0.07514788770377635,0.12231166207464411
1789031915014103000,51.25010302734375,0.03788753984570503,-0.3660059800118208,-0.10005217346623539
1789031915024106000,51.26010595703125,0.04021276792287826,-0.7886205669522285,-0.22118564034067092
1789031915034109000,51.27010888671875,0.08300912259817123,-1.0404846194773911,-0.3832358952214941
1789031915044112000,51.28011181640625,0.034228505881503224,-1.094902438363433,-0.6957998791094869
1789031915054116000,51.2901162109375,0.015479308682680128,-0.9902747736752032,-0.5847318791754543
1789031915064118800,51.30011889648438,-0.08606967921257018,-0.6736094554156065,-0.45516051002983
1789031915074122000,51.3101220703125,-0.054328825428336856,-0.25918986536860467,-0.2610727382394485
1789031915084125000,51.320125,0.18635843791365622,0.05141922159194946,-0.07059195969877764
1789031915094127900,51.3301279296875,0.33948578348532316,0.19202128598093984,0.006975556367356329
1789031915104131000,51.340131103515624,0.335778453399986,0.24371640190482138,-0.011017854028102009
1789031915114133800,51.3501337890625,0.21360665645375845,0.3190238640844822,-0.1819978680839762
1789031915124137000,51.36013696289063,0.1181796585701406,0.24383038367331025,-0.3207041818542406
1789031915134140000,51.37013989257812,0.08149389572963119,0.0020107553005218504,-0.32436632109098135
1789031915144144100,51.38014404296875,0.07100202007070183,-0.30134967570602894,-0.33013540601171554
1789031915154146800,51.390146728515624,0.006384001948684453,-0.43232174196243284,-0.2585732495739125
1789031915164150000,51.40014990234375,-0.18913038684502242,-0.25870997289717196,-0.17648326938096434
1789031915174153000,51.41015307617187,-0.3601648527681827,0.07987257813811302,0.15421731449915096
1789031915184156000,51.420156005859376,-0.3854851719856262,0.38233226091265676,0.4523511151649058
1789031915194159000,51.4301591796875,-0.3410254141427576,0.3528466387093067,0.4765781957855448
1789031915204161800,51.44016186523437,-0.16904241532310843,-0.06169102475941181,0.5949413576964289
1789031915214165000,51.4501650390625,-0.22414178673252463,-0.6943313409268855,0.6272044817890972
1789031915224168000,51.46016796875,-0.3569406300246715,-1.1347551408022643,0.48019992994666094
1789031915234171000,51.4701708984375,-0.3837504571475088,-1.178905832695961,0.11086904329583049
1789031915244174800,51.4801748046875,-0.33484920972585674,-0.8897142122954129,-0.024899280793778598
1789031915254178000,51.490177978515625,-0.3303916457951069,-0.4364063809275627,0.025560265453159807
1789031915264181000,51.50018090820313,-0.34149273939356206,-0.05598316850662231,0.1067382271014154
1789031915274184000,51.51018383789062,-0.12055749361738562,0.0863917507737875,0.35758148521147665
1789031915284187000,51.520186767578124,0.19417817175388336,-0.15112988814413547,0.48002618081495163
1789031915294189800,51.53018994140625,0.0744575673520565,-0.4649135134875774,0.2813329245231114
1789031915304193000,51.54019311523437,-0.07267477558851242,-0.2031470756292343,-0.1794944156293757
1789031915314196000,51.550196044921876,-0.04617722928524017,0.06490881776213646,-0.20034374517891554
1789031915324200000,51.560199951171874,0.41648704397082326,-0.2920171992152929,0.29636918387971817
1789031915334203000,51.57020288085938,0.7082279104627669,-1.0797592297673224,0.3270560716316104
1789031915344205800,51.58020581054687,0.5660249867483973,-1.5674971540033817,-0.21006686495505272
1789031915354209000,51.590208984375,0.47962680623382326,-1.1399088703036309,-0.35148879435956476
1789031915364212000,51.6002119140625,0.628566783118248,-0.1411158591300249,-0.14074329949058592
1789031915374215000,51.61021484375,0.5053156665027141,0.8353074993252754,0.0734368460021913
1789031915384217900,51.6202177734375,0.32308366086930035,1.5174726016402245,0.3508443589761853
1789031915394220800,51.630220703125,0.4181359802216291,1.68120945790112,0.7126563944295048
1789031915404224000,51.64022412109375,0.44517099440246816,1.3313380356103182,0.5939542098226025
1789031915414228000,51.65022802734375,0.4215650778874755,0.6741787797361611,0.19296642134394495
1789031915424231200,51.660231201171875,0.38013124373704194,-0.04314999041855335,-0.07725437673004344
1789031915434233900,51.67023388671875,0.21949849097132682,-0.32601240779757495,-0.31724026860333976
1789031915444237000,51.68023706054687,-0.07904723322987556,-0.053504211172461506,-0.1197888290661387
1789031915454239700,51.69023974609375,-0.38129765716791153,0.5467939243167639,0.09705900126593187
1789031915464243000,51.70024291992188,-0.28406828603744505,1.2077204237699508,0.22615856991503386
1789031915474246100,51.71024609375,0.28326895235329863,1.5180296510010958,0.3928405031844973
1789031915484248800,51.720248779296874,1.1086603300809859,0.8678706292778253,0.48839339247010644
1789031915494252000,51.730251953125,1.1667732040926813,-0.35894787819385526,-0.09727366692991926
1789031915504255000,51.7402548828125,0.5265019546553492,-0.6021393794417381,-0.3981743750257417
1789031915514259000,51.75025903320312,0.025084464634954926,0.09529518819749355,-0.24252887262068687
1789031915524261000,51.76026123046875,0.40264615014493466,0.49759062520861624,-0.24063918641656637
1789031915534264300,51.770264404296874,0.6654632660999894,0.5717945100605487,-0.2772176164250821
1789031915544267300,51.780267333984376,0.3145622085005045,0.8139718658298254,-0.18240045753549783
1789031915554270200,51.79027026367187,0.08068447904288768,0.9386661669909954,0.22606811515260486
1789031915564273400,51.8002734375,0.5969517476707696,0.2371013676792383,0.38374048374276604
1789031915574276000,51.810276123046876,1.1470888449355958,-1.0016291113823652,0.10314268682748079
1789031915584279300,51.820279296875,0.5780909798562527,-1.3899743489742278,-0.3631511020373553
1789031915594282500,51.830282470703125,-0.4663292255043983,-0.8400649229854344,-0.23807971119210122
1789031915604286200,51.8402861328125,-0.91258480027318,0.03453004611134529,-0.027700711547955868
1789031915614289400,51.850289306640626,-0.5288622540459037,0.6588380027413367,0.28581217056270686
1789031915624292400,51.86029223632813,0.11808072824031114,0.8696756328731775,0.3263955618962645
1789031915634295300,51.87029541015625,0.5852522497877478,0.7636275799930096,0.292401924216561
1789031915644298200,51.88029833984375,0.8142834159970282,0.5811790089994668,0.15212339269351213
1789031915654301200,51.89030126953125,0.8488084936723113,0.4370552002251148,-0.11960874152518808
1789031915664304400,51.900304443359374,0.541457823985815,0.4692097493767738,-0.3565650747105479
1789031915674307300,51.91030737304688,0.2544531922355294,0.38472003283202644,-0.11461107936836779
1789031915684310300,51.92031030273437,0.3643821782022714,0.015934651234745977,0.019494024216756223
1789031915694314200,51.93031420898438,0.59280617229864,-0.4381266288489103,-0.029106194431707262
1789031915704317400,51.9403173828125,0.40806875971555706,-0.6265121886759996,-0.18380824197418988
1789031915714320100,51.950320068359375,0.10745032089352607,-0.5824930142074823,-0.31150917760543523
1789031915724323300,51.9603232421875,-0.050293140171468256,-0.40246494835913177,-0.13227072776481508
1789031915734326300,51.970326171875,-0.11881781034320592,-0.19358137490451335,0.257869211224094
1789031915744329200,51.9803291015625,-0.07795417729616165,-0.07135141803026199,0.5823580627162009
1789031915754332400,51.99033251953125,0.05084872822761535,-0.13268588443696497,0.7536951648477465
1789031915764335400,52.00033544921875,0.0315023688532412,-0.3087567370921373,0.8650683582734316
1789031915774338300,52.01033837890625,-0.2499989893056452,-0.5208008204042911,0.7184357815485447
1789031915784342300,52.02034228515625,-0.6073182433843612,-0.6203337923020124,0.42473658406306053
1789031915794345500,52.03034545898438,-0.8844342260658741,-0.7639099040657281,0.10292783850040287
1789031915804348200,52.04034814453125,-0.8309282613277434,-1.0353256292790174,-0.1525301833961159
1789031915814351400,52.050351318359375,-0.6532429592132568,-1.347226509615779,-0.14041611336283386
1789031915824354000,52.06035400390625,-0.4706779222331941,-1.458895324987173,-0.039640849786438045
1789031915834357200,52.07035717773437,-0.3971488679029047,-1.2371686365723609,0.06005038141291588
1789031915844360400,52.0803603515625,-0.34829774323329327,-0.7205185061067342,0.2769496496712789
1789031915854363100,52.09036303710938,-0.36718130740150806,-0.1623094538062811,0.6031378524271771
1789031915864366300,52.100366455078124,-0.3692703886352479,0.28458675695359703,0.7959047326110303
1789031915874370300,52.11037036132812,-0.37694413813352584,0.5533008219927549,0.6854496769435703
1789031915884373200,52.120373291015625,-0.34035789014473555,0.6589572452068329,0.4879103947261348
1789031915894376200,52.13037622070313,-0.2802326533973217,0.6398211675822735,0.28867103059254584
1789031915904379400,52.14037939453125,-0.32149507650360465,0.5046060569286346,0.1600398649064824
1789031915914382300,52.15038232421875,-0.38306276714429255,0.34597441485226155,-0.04764752103351056
1789031915924385300,52.16038525390625,-0.5404862755399197,0.07594634460508823,-0.15990812828559428
1789031915934388200,52.17038818359375,-0.6545335104804486,-0.11818097374439239,-0.07332648096289485
1789031915944391200,52.18039111328125,-0.6939654302239417,0.056657122245430944,-0.1255145680354908
1789031915954394400,52.19039428710938,-0.7193639292441308,0.41335400664210314,-0.26367972413375973
1789031915964397300,52.20039721679687,-0.774111564606428,0.6022983693957329,-0.5440663990490138
1789031915974401300,52.2104013671875,-0.8926866522349417,0.743128397321701,-0.27879242799375203
1789031915984404200,52.220404296875,-0.9025123190701008,0.8598995042681693,0.20533421040996908
1789031915994407200,52.2304072265625,-0.4777401887696236,0.7209598201334476,0.44407801153399046
1789031916004410400,52.24041040039062,0.1332382576227188,0.21892215238809584,0.23813220856431871
1789031916014413300,52.250413330078125,0.6829834329605102,-0.4217927491635084,-0.2622862239487469
1789031916024416300,52.26041625976563,0.694433047735691,-0.8344716330230235,-0.6403011331189423
1789031916034419200,52.27041918945312,0.3005623977858573,-0.7151970188230276,-0.3370766765169799
1789031916044422400,52.28042236328125,0.131408777173236,-0.3214893774151802,0.2950484018710442
1789031916054425300,52.29042529296875,0.4793091916520148,-0.3486766595482826,0.7110347845770418
1789031916064429300,52.30042919921875,0.8858885895926505,-0.893942059123516,0.6142514767136424
1789031916074432300,52.31043237304687,1.0133915184337645,-1.4016782307714224,0.17110632558297365
1789031916084435200,52.320435302734374,0.5977975508451462,-1.1357926671564578,0.3983624084111303
1789031916094438400,52.3304384765625,0.010150880201533437,-0.0032388357907533645,0.8458489862795918
1789031916104441000,52.34044116210937,-0.16989238321594893,0.8486457043260336,1.118277030340582
1789031916114444300,52.3504443359375,0.15513459374085067,0.9522188915252685,1.3043781324923038
1789031916124447200,52.360447265625,0.6036637394648044,0.4729308157265186,1.1600559516016393
1789031916134450200,52.3704501953125,0.580417303911969,-0.041562428966164584,0.76218118057698
1789031916144453400,52.380453369140625,0.33384843518547713,-0.11585749923288821,0.4260162120774388
1789031916154457300,52.390457275390624,0.10750409690737724,0.23767069199979304,0.19413966637440025
1789031916164460300,52.400460205078126,0.018104907945916057,0.48818216087222094,0.021361516855377703
1789031916174463200,52.41046313476563,-0.048477907443046565,0.40319443167746066,-0.22995164205506444
1789031916184466400,52.420466552734375,-0.018594737289473414,0.16953940505981444,-0.4009440954674035
1789031916194469000,52.43046923828125,0.17830613742657006,-0.07042144370377064,-0.38359460899867115
1789031916204472300,52.44047241210937,0.3939034562408924,-0.2403963175714016,-0.16180064576761796
1789031916214475500,52.4504755859375,0.4577110347628593,-0.10117021771073341,-0.10702836002125404
1789031916224478200,52.46047827148438,0.3189420310199261,0.31782676325440407,-0.2037992924602702
1789031916234481400,52.4704814453125,0.15968911524005233,0.7183639584213495,-0.11434170610876754
1789031916244485400,52.4804853515625,0.18538243248835204,0.7701812394201755,0.09482610024786554
1789031916254488300,52.49048828125,0.2584955994941294,0.4304039256423712,0.07847861216221935
1789031916264491300,52.5004912109375,0.15526888764500618,0.016450784063339233,-0.2736817704491317
1789031916274494200,52.510494140625,0.11579027921557426,-0.26817396681308747,-0.508193523493968
1789031916284497200,52.5204970703125,0.21612594579830766,-0.4252010963022709,-0.6148063341174275
1789031916294500400,52.530500244140626,0.2598106276154518,-0.5805956561535597,-0.6395611284065992
1789031916304503300,52.54050341796875,0.09185301185436547,-0.804472216078639,-0.5090307780357077
1789031916314506200,52.55050634765625,-0.21462840071693062,-1.0958020175516605,-0.31331918616946786
1789031916324509400,52.56050952148438,-0.5797393315851688,-1.2085790864259003,-0.27244168899385257
1789031916334512000,52.57051220703125,-0.8760158687453716,-0.8556827633559704,-0.21735720462631433
1789031916344516400,52.58051635742188,-0.9808218856751918,-0.3101139969199896,-0.012016445744549855
1789031916354519300,52.59051928710937,-0.8657729263462126,0.13929741153120995,0.203797137035802
1789031916364522200,52.600522216796875,-0.8239432247459888,0.36677521081864833,0.3642326867289841
1789031916374525200,52.61052514648438,-0.9427567973054944,0.2993681464999914,0.49592225360497827
1789031916384528100,52.62052807617187,-1.0571101755857466,-0.03906652049720287,0.43054435702636834
1789031916394531300,52.63053125,-0.9417748005308211,-0.42722412656247616,0.16462147534200922
1789031916404534300,52.6405341796875,-0.7255074004352092,-0.6827566384673118,-0.006040650137420743
1789031916414537200,52.650537109375,-0.6218449275173247,-0.7602180638104676,-0.17947921806024386
1789031916424540200,52.6605400390625,-0.4883810444451868,-0.5858031616687774,-0.016824001289904116
1789031916434544400,52.67054443359375,-0.08931991318017243,-0.2725222251504659,-0.0074695686956867575
1789031916444547000,52.68054711914063,0.135738842266798,-0.14236439788639543,0.08906542696245014
1789031916454550300,52.69055029296875,0.19632365934997795,-0.17316344077587126,0.27420570299169045
1789031916464553500,52.700553466796876,0.2967792990505695,-0.027086159846186637,0.23905286707319318
1789031916474556200,52.71055615234375,0.36204832842722534,0.3084486940562725,0.22078710600975898
1789031916484559400,52.72055932617187,0.8393594050645827,0.5682511383652686,0.4181966974329203
1789031916494562300,52.730562255859375,1.3664797838792204,0.4742600185036659,0.4859643752248958
1789031916504565200,52.74056518554688,1.6691630462765692,0.14614274738132954,0.6022081703616305
1789031916514568400,52.750568359375,1.6441718128830194,0.13748539367318152,0.3142639562062919
1789031916524571400,52.7605712890625,1.2706462510213254,0.5055979905754328,-0.04194971125070005
1789031916534575400,52.770575439453125,0.9987295905485749,0.490375287002325,0.24543781886994837
1789031916544578600,52.78057861328125,1.0460571589127183,-0.28721535189151765,0.5254615056917071
1789031916554581500,52.79058154296875,0.882060190410912,-1.0154045387566089,0.09006853959038853
1789031916564584400,52.80058447265625,0.347881417517364,-0.538074611288309,-0.3019234204733744
1789031916574587400,52.81058740234375,-0.41353082451373335,1.1757681191921234,-0.1171089971313253
1789031916584590300,52.82059033203125,-0.654227294075489,2.778648721265793,0.48271633321437984
1789031916594593500,52.830593505859376,-0.020306290447711945,2.912816953215003,1.0356493813406675
1789031916604596500,52.84059643554688,1.1361682224705814,1.3350807292699813,0.9073635584935545
1789031916614599400,52.85059936523437,1.5482126078188418,-1.1030477508962153,0.21319555490221828
1789031916624603400,52.86060327148437,1.1243164566352963,-2.8389801481097936,-0.4307525564169511
1789031916634606300,52.8706064453125,0.02973550531119108,-2.6509984929084776,-0.632119507163763
1789031916644609500,52.88060961914063,-1.121786353635788,-0.49059565175473685,0.013141659515351057
1789031916654612500,52.89061254882812,-1.026570368154347,1.1736691010862588,0.8351195755377412
1789031916664615400,52.900615478515626,-0.15938012235611676,1.1580460000187158,0.9905275793924927
1789031916674618400,52.91061840820313,0.74731737344414,0.3429039213657379,0.5098976239981129
1789031916684621300,52.92062133789062,0.8179241105869411,-0.20729425843656063,0.21373338810596615
1789031916694624500,52.93062451171875,0.16134470042735338,-0.21465514259338378,0.36938407814279195
1789031916704627500,52.94062744140625,-0.4069038075894117,0.20261632975339888,0.18196250450965015
1789031916714630400,52.95063037109375,-0.5214516855284571,0.8859428770631551,0.10051639344450086
1789031916724634400,52.96063427734375,-0.12850479936003684,1.0011024571597575,0.311959295993112
1789031916734637600,52.970637451171875,0.5865373211622238,0.22437106544375418,0.25486235755831
1789031916744640300,52.98064013671875,0.8601353588506578,-0.3992442327469587,-0.10264058252424
1789031916754643500,52.9906435546875,0.5960246959537268,-0.29103578696250915,-0.4757026550600305
1789031916764646700,53.000646728515626,0.24780279443562028,0.09324293184280395,-0.5033167112378403
1789031916774649300,53.0106494140625,-0.0033493104279041287,0.4076140016853809,-0.37499143316317346
1789031916784652500,53.02065258789062,-0.1686824959695339,0.609530658736825,-0.11663688610754906
1789031916794655500,53.030655517578126,-0.2042117822512984,0.6979758349090814,0.171132446404919
1789031916804658400,53.04065844726563,-0.09817162041664124,0.5891770220160484,0.3015852014949545
1789031916814662400,53.05066235351563,0.11021394038796424,0.3107452805608511,0.42517260086014863
1789031916824665600,53.06066552734375,0.2551233465820551,-0.04068038543462753,0.4875724680086598
1789031916834668300,53.070668212890624,0.2707598916530609,-0.4780424596518278,0.4477575768295675
1789031916844671500,53.08067138671875,0.13501286607980728,-0.8457417995780706,0.3618462299838662
1789031916854674400,53.09067431640625,-0.2166650211110711,-0.8436918813109398,0.15492551756743342
1789031916864677400,53.100677490234375,-0.5179658892393112,-0.4554799147099256,0.08542301533948629
1789031916874680600,53.1106806640625,-0.38992549252063036,0.1832569647669792,0.29422650929521765
1789031916884683300,53.12068334960937,0.0546045736297965,0.6258329742401838,0.5105911957528442
1789031916894686500,53.1306865234375,0.5258128033474088,0.5069277778744697,0.710202717667073
1789031916904689700,53.14068969726563,0.5919581771671771,0.03734393448829651,0.6210261584803461
1789031916914693400,53.150693359375,0.350895212380588,-0.4396878868162632,0.30344536934364585
1789031916924696300,53.1606962890625,-0.021953473132848737,-0.8314648524224758,0.01574603332746774
1789031916934699500,53.170699462890624,-0.38898996523618695,-1.0437398218810559,-0.1845652343539521
1789031916944702500,53.18070239257813,-0.5022863818094134,-1.042944872111082,-0.18904296428989617
1789031916954705400,53.19070532226562,-0.383273633415997,-0.8351391570210457,-0.09291731661763042
1789031916964708400,53.200708251953124,-0.1094987778559327,-0.5866945575505494,0.18888623935822396
1789031916974711300,53.210711181640626,0.05718494551181793,-0.4566179788291454,0.457722359874472
1789031916984714500,53.22071459960937,-0.04381137693673372,-0.3247393191218376,0.5000965070823207
1789031916994717400,53.230717529296875,-0.2849577822230756,-0.1761380726724863,0.5109702581983059
1789031917004720400,53.24072045898438,-0.4129061167441308,-0.17443068423271177,0.5790133919307962
1789031917014724600,53.250724609375,-0.34084143587797877,-0.2477192078053951,0.42725740777757015
1789031917024727300,53.26072729492188,-0.25093510111197825,-0.2254337262392044,0.016933160752803086
1789031917034730500,53.27073046875,-0.1278052727885544,-0.19725509498119354,-0.1311744204280898
1789031917044733400,53.2807333984375,-0.14582973590940237,-0.17438801413476465,-0.16653324551377444
1789031917054736400,53.290736328125,-0.1598679058730602,-0.17040099032521247,-0.260404026931338
1789031917064739600,53.300739501953124,-0.0059039633467793465,-0.1425941149890423,-0.2124261779649183
1789031917074742500,53.31074243164063,0.06565817482471466,0.13995032248198985,-0.24117270877137778
1789031917084745500,53.32074536132812,0.08568740189671516,0.49801323453485963,-0.1044146064594388
1789031917094748400,53.33074853515625,0.08059636236801743,0.8026134364694356,0.010574950832501054
1789031917104752600,53.340752685546875,0.1221593758560717,0.960578723591566,0.07389394211992621
1789031917114755300,53.35075537109375,0.1303873982362449,0.7811784342527389,0.030211744520813225
1789031917124758500,53.36075854492187,0.122828361158818,0.29706688382029534,0.04220445319674909
1789031917134761200,53.37076123046875,-0.04873860420584678,-0.2336380754828453,-0.15437705337181687
1789031917144764400,53.380764404296876,-0.27302403719276186,-0.5988280629366636,-0.16519553063660858
1789031917154767600,53.390767578125,-0.5102864406526089,-0.5564087248802184,-0.1266811641294509
1789031917164770300,53.40077026367187,-0.5388400427028537,-0.2667962487190962,0.10037300291843712
1789031917174773500,53.4107734375,-0.3802303201973438,-0.08768179058432579,0.27391367950886486
1789031917184776400,53.4207763671875,-0.25565438471883534,-0.03554652967751026,0.4604227779395878
1789031917194779400,53.430779296875,-0.48010129187777634,0.10938684191405773,0.512902395304665
1789031917204783400,53.44078344726562,-0.6119020640432834,0.38298692542910573,0.5456581982851028
1789031917214786600,53.45078662109375,-0.611841273766756,0.44770752714276313,0.24784714503400027
1789031917224789500,53.46078955078125,-0.6502779719278216,0.1680114648401737,0.053747153082862494
1789031917234792400,53.47079248046875,-0.718993488496542,-0.15705109488666058,0.18145605282485483
1789031917244795600,53.48079565429688,-0.6637956251487136,-0.2731839039295912,0.20172149980552492
1789031917254798300,53.49079833984375,-0.42127457050830125,-0.1867816317617893,0.14207564407289028
1789031917264801500,53.500801513671874,-0.03146247523427009,0.019722353079915045,0.06855893776752055
1789031917274804500,53.510804443359376,0.43189854811429973,0.07476561038792133,0.014732143577188252
1789031917284807400,53.52080737304688,0.7819220922268927,0.07660042459964751,-0.11007139011211693
1789031917294810600,53.530810546875,0.9549290272668004,0.18513386455476283,-0.2397517360575497
1789031917304814300,53.540814453125,1.0069836241528392,0.530344309297204,-0.199234870621562
1789031917314817500,53.550817626953126,0.9148540603794157,0.8401093466490507,-0.08710457521826029
1789031917324820500,53.56082055664063,0.8859599743284284,0.7518804435759783,-0.024746757113188505
1789031917334823400,53.57082348632812,0.8793788423724472,0.42507425505220886,0.025208164079859853
1789031917344826400,53.580826416015626,0.7392132697045802,0.22657003679275511,0.007170695346966386
1789031917354829600,53.59082958984375,0.4804723171472549,0.10529109703302383,0.021055647510290144
1789031917364832500,53.60083251953125,0.2829562331423163,-0.05407002836167812,0.10193254385273903
1789031917374835500,53.61083544921875,-0.016088088230788708,-0.31213176648318763,0.014717384399473666
1789031917384838400,53.62083837890625,-0.3724667004585266,-0.4658458259016275,-0.05208137529511005
1789031917394841300,53.63084130859375,-0.625567893563211,-0.4154191224783659,-0.10479575126413256
1789031917404845600,53.64084545898437,-0.7365079562686383,-0.22220891897380352,-0.11088961115982383
1789031917414848300,53.65084814453125,-0.7146575051188468,-0.24823709419965742,-0.05122830212973058
1789031917424851500,53.6608515625,-0.7071618886664509,-0.5103337869256734,-0.06972768928594887
1789031917434854400,53.6708544921875,-0.7292170686081051,-0.7797112843096256,-0.30668752960264684
1789031917444857300,53.680857421875,-0.7584452089190483,-0.8255553361177443,-0.5305719440406188
1789031917454860500,53.69086059570313,-0.7142294889651238,-0.6670721626013517,-0.529635211179778
1789031917464863500,53.70086352539062,-0.7502642405509948,-0.45337855851650233,-0.33888153398185966
1789031917474866400,53.710866455078126,-0.8270110878840088,-0.23047172040641306,0.08597491360120475
1789031917484869400,53.72086938476563,-0.768227767264843,0.15120295338034628,0.4626814801191911
1789031917494873600,53.73087353515625,-0.6994847781673074,0.7146300325900315,0.4884558632470667
1789031917504876300,53.74087622070312,-0.7800374475240707,1.1642588831841945,0.26934580533774566
1789031917514879500,53.75087939453125,-0.7503741306662559,1.3489794907629489,0.20496093838447704
1789031917524882400,53.76088232421875,-0.31218028180003166,1.1341109976798296,0.2896714763393625
1789031917534885600,53.7708857421875,0.2941299535855651,0.5277198060125112,0.40350718742106106
1789031917544888600,53.780888671875,0.6496493186354637,-0.29107085827589035,0.4540938671790063
1789031917554891500,53.7908916015625,0.5383285860493778,-0.975426164111495,0.18954715095236896
1789031917564894500,53.80089453125,0.1687938473895192,-1.0919371588170528,-0.24046717258421701
1789031917574897400,53.8108974609375,-0.1425052676618099,-0.5718260742425918,-0.38028669002708043
1789031917584900600,53.82090063476563,-0.3344096492648124,-0.03188099290728569,-0.22392112971916794
1789031917594904300,53.830904296875,-0.18836451703906057,0.01473638136088848,0.05991002309415489
1789031917604907500,53.84090747070312,0.08303571834415197,-0.3978811277002096,0.24587105918806046
1789031917614910700,53.85091064453125,0.1636705130264163,-0.9786392809391021,0.10206154052726923
1789031917624913400,53.86091333007813,-0.11677578312158583,-1.1528612908571958,-0.3956098582999781
1789031917634916600,53.87091650390625,-0.6498425031200051,-0.5545458536177873,-0.7229480713412165
1789031917644919600,53.88091943359375,-0.9476645892217754,0.1815185966670513,-0.6350209276936948
1789031917654922500,53.89092260742188,-0.8069745542883873,0.4640729710102081,-0.23832610543491317
1789031917664925700,53.90092578125,-0.4478150791704654,0.3772545192569494,0.27229415201563384
1789031917674928400,53.910928466796875,-0.3242603034332394,0.2714472893953323,0.5395826777637005
1789031917684931600,53.920931640625,-0.49623248859792946,0.4494447261989116,0.3537412859940901
1789031917694935600,53.930935546875,-0.6606954671762884,0.7806155396729707,-0.08452954623163678
1789031917704938500,53.9409384765625,-0.4871627546966076,0.9545797754377127,-0.29543327300278466
1789031917714941400,53.95094140625,-0.1968362850472331,0.7849088529527187,-0.1603449488002807
1789031917724944600,53.96094458007813,0.14227058212310076,0.41040041753351686,-0.03422618149367627
1789031917734947300,53.970947265625,0.4322960229992866,0.11756956384778022,-0.09114458959037437
1789031917744950500,53.980950439453125,0.6077031510487199,-0.029523616126179694,-0.12805193189284764
1789031917754953700,53.99095361328125,0.6613868104413151,-0.12225333774983882,-0.22919300570748746
1789031917764956400,54.00095629882812,0.5945864798441529,-0.12433657376468181,-0.28514968806598334
1789031917774959600,54.010959716796876,0.39403818853646516,-0.0741436790972948,-0.16199361105645074
1789031917784962300,54.02096240234375,0.36863369816690683,-0.07980068194568157,-0.004499900668556801
1789031917794966500,54.03096655273438,0.27564883273839946,-0.019505495458841324,0.0683810102176154
1789031917804969500,54.04096948242187,0.1670864589497447,0.15144552996456623,0.16804103799453005
1789031917814972700,54.05097265625,-0.008025485545396805,0.35677111867666245,0.21548267945870755
1789031917824975600,54.0609755859375,-0.06810352215021848,0.36680560595691203,0.4136351982036605
1789031917834978600,54.070978515625,-0.07858896806836128,0.20520576172471044,0.4513671090962365
1789031917844981500,54.0809814453125,0.002481587682664394,-0.0492693500816822,0.2878425256128423
1789031917854984400,54.090984375,-0.002748714186251163,-0.20405951429903507,0.11704543037582188
1789031917864987600,54.10098754882812,-0.1726271419420838,-0.1332300743162632,0.02328655750066973
1789031917874990300,54.110990234375,-0.24550123949497937,0.1488543444275856,-0.01600699495174922
1789031917884993500,54.12099365234375,-0.07804886984229087,0.3729290572732687,-0.021623122367053292
1789031917894997500,54.13099755859375,0.247260650382936,0.19270693015754223,-0.1534231684467755
1789031917905000400,54.14100048828125,0.4144634291887283,-0.1382096162945032,-0.2578831849505193
1789031917915003600,54.151003662109375,0.38518238964676854,-0.414708343860507,-0.2143217824531719
1789031917925006600,54.16100659179688,0.3712967798963189,-0.45299218954741954,-0.17871906560901551
1789031917935009500,54.17100952148437,0.22682751868516204,-0.18304127618968485,-0.19163961145328356
1789031917945012500,54.181012451171874,-0.14128098656386137,0.17459785749316215,-0.0717151824418921
1789031917955015400,54.191015380859376,-0.36448067014068364,0.22817162677049635,0.14390483226142822
1789031917965018600,54.2010185546875,-0.38243893615752456,0.09128595255613327,0.23156192679591475
1789031917975021600,54.211021484375,-0.24186025264412164,0.09878419935703277,0.16559908820251001
1789031917985024500,54.2210244140625,-0.08374532791823149,0.3036030075907707,0.2066469187100418
1789031917995028500,54.231028564453126,0.08422259004116057,0.49134617786109447,0.3184820488253608
1789031918005031700,54.24103173828125,0.06441314319968224,0.6747077720463276,0.22122765285149215
1789031918015034400,54.25103442382812,0.09577858780026435,0.7974684747964144,0.030129715093434786
1789031918025037600,54.26103759765625,0.01792582505196333,0.7767214548438787,-0.015464672802551649
1789031918035040500,54.27104052734375,0.16590572473257778,0.31673312279880045,0.13491305896714328
1789031918045043500,54.28104345703125,0.4627212641403079,-0.4675760106950998,0.22132543240385127
1789031918055046700,54.29104663085938,0.5042287480488419,-1.0888169809699058,0.15839887450011447
1789031918065049300,54.30104931640625,0.45198184346109627,-1.110260166493058,0.19518479151315987
1789031918075052500,54.311052490234374,0.16422288621217013,-0.42668227477073667,0.12109773797392845
1789031918085055500,54.321055419921876,-0.3313113909885287,0.5048877964794636,0.25932468899572264
1789031918095059700,54.33105981445313,-0.25584289302825924,0.8363263209789991,0.5665327901400625
1789031918105062400,54.3410625,0.12285013459920882,0.27919161991178987,0.5797774716384708
1789031918115065600,54.351065673828124,0.44073681134730575,-0.7409457925856113,0.36781774214152246
1789031918125068500,54.361068603515626,0.2285635486975312,-1.1843676052331924,0.23151242509838194
1789031918135071500,54.37107153320313,-0.34493221232295035,-0.8459206632763147,0.1332892388912849
1789031918145074700,54.38107470703125,-0.5642191063702107,-0.12030045011639594,0.38676052568368613
1789031918155077400,54.391077392578126,-0.4457119694113731,0.47666707964539523,0.7678143641583621
1789031918165080600,54.40108056640625,-0.22530162429213524,0.6101069973200559,0.9595669162005186
1789031918175083500,54.41108349609375,0.025853110919892786,0.3845388310462236,0.8746396119561046
1789031918185086500,54.42108642578125,0.24161329214572905,0.02627250537574291,0.7075300643917173
1789031918195090400,54.43109033203125,0.30241525911092754,-0.28393793765604497,0.446090374269709
1789031918205093600,54.44109375,0.20062924758940934,-0.2908545851767063,0.08799680221709422
1789031918215096600,54.4510966796875,0.05378419715762138,0.10673311253488063,-0.06442026706021278
1789031918225099500,54.461099609375,0.09417845912724733,0.44471243698000906,0.28169545595888046
1789031918235102500,54.4711025390625,0.4331041245117783,0.3435679382324219,0.702558778785169
1789031918245105400,54.48110546875,0.7988584678500891,-0.0947527518838644,0.9216650555685162
1789031918255108600,54.491108642578126,0.8013634364083408,-0.4409983848929405,0.7213146979857236
1789031918265111600,54.50111157226563,0.5384606879964471,-0.4727262330651283,0.38245413372665643
1789031918275114500,54.511114501953124,0.2612602419018745,-0.18883622620403764,0.14488220765991136
1789031918285117700,54.52111767578125,0.19692454785257577,-0.015108137282729148,0.1550582223027013
1789031918295120400,54.53112036132813,0.28646833291649815,-0.29076515332758424,0.31587778461109844
1789031918305124600,54.54112451171875,0.3805088448777795,-0.7176999415546655,0.3629733708502725
1789031918315127600,54.55112744140625,0.31703298252820966,-0.9454548042178154,0.2438559747722931
1789031918325130500,54.561130615234376,0.11844634668231009,-0.8270581418961286,0.10416949085826054
1789031918335133400,54.57113354492188,-0.07704261540919542,-0.22730361176431177,0.12865096636507659
1789031918345136600,54.58113671875,-0.05431991146951914,0.33889117859303947,0.293108574648574
1789031918355139600,54.5911396484375,0.09674217213541268,0.5293892005294561,0.506677639038302
1789031918365142500,54.601142578125,0.2167372095644474,0.22200082918107508,0.5369436344970018
1789031918375145500,54.6111455078125,0.044207682777941223,-0.13888883073031902,0.11751505718156695
1789031918385148400,54.6211484375,-0.10406477010846138,-0.27010055096149443,-0.12574921704158187
1789031918395152600,54.631152587890625,0.04533668680787086,-0.3131663702279329,-0.11415306993518023
1789031918405155300,54.6411552734375,0.30226182211488484,-0.40629181317090984,-0.07752422491367907
1789031918415158500,54.65115844726562,0.40184477063417434,-0.40723698506653305,-0.03579286912139505
1789031918425161700,54.66116162109375,0.1711971091389656,-0.11283727462887763,-0.07196301058996468
1789031918435164400,54.67116430664063,-0.11709990050941706,0.5628676917612553,-0.026460319565422833
1789031918445167600,54.681167724609374,-0.18825228883624076,1.269071256789565,0.0023068887028843163
1789031918455170600,54.691170654296876,-0.08941782059669494,1.497629837051034,0.16751206395067272
1789031918465173500,54.70117358398438,0.027115678201615808,1.0606652377188206,0.22640187715161592
1789031918475176400,54.71117651367187,0.08877835364937782,0.3343167102843523,-0.08802804673872888
1789031918485179400,54.721179443359375,-0.07418196528106927,-0.11423135933578013,-0.33942645451352
1789031918495182600,54.7311826171875,-0.3207841517552733,-0.19189853638410567,-0.19280849083587526
1789031918505186600,54.7411865234375,-0.4313946902453899,0.026465397599339482,0.24168460381627083
1789031918515189800,54.75118969726562,-0.3075488226071,0.2188455800205469,0.6948265770979225
1789031918525191700,54.76119165039062,-0.1284869714424014,0.043023733690381046,0.8100642639320343
1789031918535195000,54.77119482421875,0.08746230261474847,-0.4876923315286636,0.7910963824812323
1789031918545197800,54.78119775390625,0.2540016490757465,-1.1044897663980722,0.613877748030424
1789031918555200800,54.79120068359375,0.4237599575832486,-1.1904472174078224,0.4551408554812893
1789031918565203700,54.80120361328125,0.47533875365108247,-0.6576636982649564,0.32045404301807284
1789031918575206700,54.81120654296875,0.5183396909877658,0.018752046743035315,0.5817410998616367
1789031918585209900,54.8212099609375,0.47157034102827305,0.39137306098043917,0.8114245194345712
1789031918595212800,54.831212890625,0.4306362730935216,0.17776830422282217,0.782730047608912
1789031918605216800,54.841216796875,0.39886166317015886,-0.5328355415910482,0.6137070676386356
1789031918615219700,54.8512197265625,0.45637043380886316,-1.3348784846961497,0.3360564300911501
1789031918625222700,54.86122265625,0.4942252404287457,-1.6847347094178198,0.0680543857788667
1789031918635225900,54.871225830078124,0.0923109116896987,-1.188301437550783,-0.06428811031421647
1789031918645228800,54.88122875976563,-0.36707857767939567,-0.034388591814041136,0.41868897446189074
1789031918655231700,54.89123168945312,-0.30808278335332867,0.8349310672283172,0.8436009150918573
1789031918665234700,54.901234619140624,0.02220861693769693,1.1664929258465766,0.8684554434284567
1789031918675238000,54.91123779296875,0.3353340706333518,1.1317653113365174,0.5770659111248329
1789031918685240800,54.92124072265625,0.6032222062423825,0.6762748752325772,0.23021917041745035
1789031918695243800,54.931243896484375,0.8614788824141025,-0.3144575790822506,-0.23143976172097025
1789031918705246700,54.94124682617188,0.5626669084921478,-0.9669371527075767,-0.6988343514345586
1789031918715250700,54.951250732421876,-0.12624240738600492,-0.677166855636239,-0.6527809677246957
1789031918725254000,54.96125390625,-0.39152357536703347,-0.31239772394299503,-0.0199124322919175
1789031918735256600,54.97125659179687,0.021847674670815467,-0.5243506218403577,0.3759690825562924
1789031918745259800,54.981259765625,0.21032354312986135,-0.6418178943574429,0.3573424157585948
1789031918755263000,54.99126293945312,0.07460223651975392,-0.3395195396244526,0.3278109816521406
1789031918765265700,55.001265625,-0.02385404605716467,0.22284838592112063,0.46598461331781
1789031918775268900,55.01126879882813,-0.017130875281989574,0.5416881256103515,0.7208271336644887
1789031918785271800,55.02127172851562,-0.043154958854615684,0.4923655840367078,0.8141660732276738
1789031918795274800,55.031274658203124,0.10881138011366129,-0.1770347292512655,0.6770049430727958
1789031918805278000,55.04127783203125,0.2036237532302737,-0.8218027055859565,0.4236583603722974
1789031918815282000,55.05128198242188,-0.010381401021778583,-0.6471335364222526,0.4286380119483918
1789031918825284600,55.06128466796875,-0.3225552530810237,0.27320494671761986,0.7024777494382113
1789031918835287800,55.071287841796874,0.07096300323456525,0.7819044104397297,0.9216404325839131
1789031918845290800,55.081290771484376,0.8776815369352697,0.13422609961628912,0.7561788714222609
1789031918855293700,55.09129370117188,1.0672618595048784,-0.8059779444664716,0.12868541662395
1789031918865297000,55.101296875,0.5295613422259688,-0.8303717964887618,-0.3579913446540013
1789031918875299600,55.111299560546875,-0.33996611434817314,0.233942611387372,-0.39774131737072016
1789031918885302800,55.121302734375,-0.34887042855471373,1.1813368592351674,0.09266370718274265
1789031918895306000,55.131305908203124,0.18068828332275153,1.3095096501618624,0.6405712552972137
1789031918905308700,55.14130859375,0.7631982486650347,0.5778542484909296,0.5654133576560765
1789031918915312600,55.151312744140625,0.9183040547028183,-0.40463644717931746,-0.1373218736745417
1789031918925315800,55.16131591796875,0.6209320504561067,-0.7115677224099636,-0.6002914865527301
1789031918935318800,55.17131884765625,0.16892799516320228,-0.30783553059399127,-0.5930515984270721
1789031918945321700,55.18132177734375,-0.10505290436297654,0.3945043447434902,-0.24460231789387762
1789031918955325000,55.19132495117187,0.029222587352991103,0.8844938472986221,0.3496665108358487
1789031918965327600,55.20132763671875,0.23780980820953845,1.037719246417284,0.8448881053581834
1789031918975330800,55.211330810546876,0.4023915908619761,0.7579074487805366,1.0512141032844782
1789031918985333800,55.22133374023438,0.5107672099068761,0.2546253339320421,0.8452424717538058
1789031918995336700,55.23133666992187,0.40101270372420544,-0.06358078402876853,0.372243997618556
1789031919005340000,55.24133984375,0.08695376857072114,-0.21650924602746963,-0.10802728053126484
1789031919015342600,55.25134252929688,-0.236700970184803,-0.25011867016255857,-0.2316827218976803
1789031919025346800,55.26134692382813,-0.39437458088397975,-0.23527765938341616,-0.1047950754106976
1789031919035349800,55.27134985351562,-0.18355390188693999,-0.42000002052783963,0.1845899121374823
1789031919045352700,55.281352783203126,0.17001082196384668,-0.7714584197491406,0.5174694109592587
1789031919055356000,55.29135595703125,0.4577963749587536,-1.0398679488837719,0.5641420225460082
1789031919065358800,55.30135888671875,0.33676761056780813,-0.8147142086297273,0.22703226574333382
1789031919075361800,55.31136181640625,-0.07843143941909074,-0.2490402272760868,0.043538533078413454
1789031919085364700,55.32136474609375,-0.48149786080271,0.23434417792558668,0.26088276862530035
1789031919095367700,55.33136767578125,-0.4868295772194862,0.2585229258924723,0.6445322678826749
1789031919105371000,55.341370849609376,-0.14118424819111824,-0.06614741964638232,0.7446475697129964
1789031919115373800,55.35137377929688,0.23479104491025207,-0.588293809440732,0.31493264924809333
1789031919125376800,55.36137670898437,0.3135287737995386,-0.9191758691012859,-0.1981750228377059
1789031919135380700,55.37138061523437,0.0697299543082714,-0.7207347792059182,-0.5004560976423322
1789031919145384000,55.381384033203126,-0.2564776838004589,-0.1699205133318901,-0.5324804810756817
1789031919155386600,55.39138671875,-0.35831104159504173,0.3514092993825674,-0.37143290043137966
1789031919165389800,55.40138989257812,-0.3493573352888226,0.7531067705005406,-0.21698482764996588
1789031919175392800,55.411392822265626,-0.32446810096502304,0.9859615866512059,-0.021101167152449488
1789031919185395700,55.42139575195313,-0.19141689034700393,0.990689199694991,0.19088254600828514
1789031919195399000,55.43139892578125,-0.08939093258976936,0.8213771736502647,0.34085064209774135
1789031919205401900,55.44140185546875,-0.055468496982753274,0.2733791342407465,0.09938313336456193
1789031919215404800,55.45140478515625,-0.24156886848211287,-0.05087620075643062,-0.03989827687991783
1789031919225407700,55.46140771484375,-0.39900691685974593,0.21526947509944439,0.11849306276771239
1789031919235410700,55.47141064453125,-0.3642927463531494,0.5556400785952806,0.3475959516394883
1789031919245414700,55.48141455078125,-0.10253682988882064,0.42719782307744025,0.5578233409184962
1789031919255417900,55.49141796875,0.23313158726543187,-0.1880412764340639,0.4044262019621208
1789031919265420800,55.5014208984375,0.3780672969445586,-0.756989164891839,0.10477026976300403
1789031919275423700,55.511423828125,0.3755611593425274,-0.9222972159922123,-0.03522500610556453
1789031919285427000,55.52142700195313,0.3005959347292781,-0.781053346568346,-0.043922828821418805
1789031919295429600,55.5314296875,0.22491963923722505,-0.46971711437702174,0.0723376251891721
1789031919305432800,55.541432861328126,0.20455957277566195,-0.0676601622968912,0.2031055563087575
1789031919315435800,55.55143579101563,0.18155454476326702,0.21855507264137267,0.393612547002919
1789031919325438700,55.56143872070312,0.1110419156447053,0.15244973857104777,0.4381076318874955
1789031919335442000,55.57144189453125,0.0696516283750534,-0.14817279190421104,0.28973836756311355
1789031919345446000,55.58144580078125,0.23211568822115658,-0.48073535199761386,0.10200670506749301
1789031919355448800,55.59144873046875,0.11971037526875733,-0.5842459953546524,-0.16851660135071725
1789031919365451800,55.60145166015625,-0.39709757610708474,-0.3016735008329153,-0.2382115391445346
1789031919375454700,55.611454833984375,-0.8452657064989209,0.2623077051281929,0.23668084071222692
1789031919385457700,55.62145776367188,-0.7518611543536186,0.44565936244130133,0.6390656730398535
1789031919395460900,55.6314609375,-0.2559606741890311,-0.1133791264206171,0.6781206492297351
1789031919405463800,55.6414638671875,0.4303454734534025,-1.1803794123798608,0.06567730878344737
1789031919415466800,55.651466796875,0.5465227061599492,-1.6943121005803345,-0.5664728035811335
1789031919425470000,55.66146997070312,0.06208440799117088,-1.3452841433763503,-0.8732562678389251
1789031919435472600,55.67147265625,-0.4611033075496554,-0.46971769889891146,-0.5150767071364447
1789031919445475800,55.68147583007813,-0.5505678898975253,0.16523440134227274,0.13396788707152008
1789031919455479800,55.69147973632813,-0.2932444029226899,-0.1778466301560402,0.3154978819154203
1789031919465482800,55.70148266601562,-0.41485388981103893,-0.668822805660963,0.09613406844073906
1789031919475485700,55.711485595703124,-0.6569067424178123,-0.5978139174580573,0.07610843983162194
1789031919485489000,55.72148901367188,-0.5602072403803467,-0.16997545838952063,0.1285827599670738
1789031919495491800,55.73149194335937,-0.43681057781428095,0.050747021418809886,0.2960043691553175
1789031919505494800,55.741494873046875,-0.4686588374957442,-0.0684060122281313,0.483333296068944
1789031919515497700,55.75149780273438,-0.4336860160529613,-0.35035306832790375,0.48724276113025844
1789031919525500700,55.76150073242187,-0.1070151443466544,-0.47442426915466784,0.4049546097503975
1789031919535505000,55.7715048828125,0.22999767315387726,-0.22324060010910032,0.39133243670910595
1789031919545507600,55.78150756835937,0.34008448003083463,0.305225055834651,0.4392250185448676
1789031919555510800,55.7915107421875,0.419173214314878,0.8875719395697116,0.601820157424733
1789031919565514800,55.8015146484375,0.4882756843745708,1.4154671021491287,0.7266016984779388
1789031919575518000,55.81151806640625,0.6397837581813335,1.7535855428040026,0.4561649378320202
1789031919585520600,55.82152075195312,0.7428796832576393,2.104293415918946,-0.2109409078432247
1789031919595523800,55.83152392578125,0.8670154737532139,2.4430326188206672,-0.470828655815497
1789031919605526800,55.84152685546875,1.0041717816025018,2.2619465683519837,-0.00007500146497040987
1789031919615529700,55.85152978515625,1.2398033689901231,0.814558141285181,0.5632410916509106
1789031919625533000,55.86153295898438,1.31974375166744,-1.3193389702588318,0.4601533864136785
1789031919635535600,55.87153564453125,0.7180071078076958,-2.92253872128427,0.08656009307801724
1789031919645538800,55.881538818359374,-0.44762131016403434,-3.2475165253370997,-0.011291830397583543
1789031919655542000,55.8915419921875,-1.2297826179742812,-2.056941297635436,0.5939780656222253
1789031919665545700,55.901545654296875,-1.0562699253693222,-0.4339823686510324,1.4924346064954994
1789031919675548700,55.91154858398438,-0.3007014409303665,0.2775339158326387,2.1729298759020863
1789031919685551900,55.9215517578125,0.04805792846530676,-0.47738253443837164,1.5381483099222182
1789031919695554800,55.931554931640626,-0.37337650877982376,-1.5941273867756127,0.16633012415710835
1789031919705557800,55.94155786132813,-0.38721097286492584,-1.9558155035883187,-0.4411024297893047
1789031919715560700,55.95156079101562,-0.19743366641849278,-1.239673312869668,-1.3142751109980046
1789031919725563600,55.961563720703126,-0.5423857524856924,0.44237844107449054,-1.9472429055541753
1789031919735566800,55.97156689453125,-1.1361556552499532,1.4085393487125635,0.14217209018468857
1789031919745569800,55.98156982421875,-0.7662173042252659,0.5077729965269565,3.217876004832983
1789031919755572700,55.99157275390625,0.6843018220826983,-1.5727333010911941,3.84211732596755
1789031919765576000,56.00157592773437,1.0935086459174752,-2.906516391766071,1.5830775849729775
1789031919775579600,56.01157958984375,0.18354571858048438,-2.191637352851033,-0.6500894636183977
1789031919785582800,56.02158276367187,-0.7709858338013291,0.5383645341455936,-1.3892638626173137
1789031919795585800,56.031585693359375,-1.4534338447108863,3.64478156696558,-0.5901483877988531
1789031919805588700,56.04158862304688,-1.6458339008763432,5.250137034720182,0.4803729118933901
1789031919815592000,56.051592041015624,0.0003542202651500702,5.368589811143279,2.295015017478168
1789031919825594600,56.0615947265625,2.6120143899977206,4.211587182697653,3.609418869422376
1789031919835597800,56.07159790039063,2.988332797448337,2.478141341602802,2.4603791826799513
1789031919845600800,56.08160083007812,1.6317209121108054,1.427117207932472,0.2949881413174793
1789031919855603700,56.091603759765626,0.6158046244397759,0.912713395088911,-1.3465524097464978
1789031919865607000,56.10160693359375,0.20013444980978964,0.5113917715460061,-1.8356680520765483
1789031919875609900,56.11160986328125,0.3217944978415966,-0.4122475067049265,-1.025960492627695
1789031919885612800,56.12161279296875,0.7667968576788902,-2.3985721303254364,0.1807367255743593
1789031919895616800,56.13161669921875,1.5783049637436866,-5.137172334319353,0.7097348078943788
1789031919905620000,56.14161987304688,2.007145001070201,-7.332870360738038,0.44413525814656163
1789031919915622700,56.15162255859375,1.142465276788175,-6.389200101849436,-0.8236309439264238
1789031919925625900,56.1616259765625,-0.28967297417670484,-2.2264257576376196,-0.7053175759740173
1789031919935628800,56.17162890625,-1.1757879929363726,0.7965741563051939,1.1199633759923278
1789031919945631700,56.1816318359375,-1.9093430907487867,2.0067899040222166,2.5962515881985424
1789031919955635000,56.191635009765626,-1.7066601254999636,2.3805916524767876,3.426048799669742
1789031919965637600,56.2016376953125,-0.2380930090650916,1.782290828284621,2.9450761317849157
1789031919975640800,56.21164086914062,1.3933373956665396,-0.9955033219784498,2.3634029095277187
1789031919985643800,56.221643798828126,1.3170833002865314,-4.559671721571684,-0.036086993229761714
1789031919995646700,56.23164672851563,-1.873698945915699,-5.417865006443858,-3.5912528058737516
1789031920005650700,56.24165063476563,-4.668627770853043,-2.753746919721365,-3.5742420498400924
1789031920015654000,56.25165380859375,-2.3691160264775157,0.13640052104592323,-0.015602935062348841
1789031920025656600,56.261656494140624,0.36139819395542144,1.6952146023780106,2.650563608622551
1789031920035659800,56.27165966796875,1.3205363633498548,2.1528683539956806,3.0225021935537457
1789031920045663000,56.2816630859375,0.9978118911817669,2.0258418104946614,2.107398980718851
1789031920055665700,56.291665771484375,0.4065431575834751,1.5645932492554186,0.6012175884217024
1789031920065668900,56.3016689453125,-0.24567718058377502,0.9261901317775248,-0.5778936306532472
1789031920075671600,56.31167163085937,-0.7289607557594776,0.8724936129033565,0.00018178630769252776
1789031920085674800,56.3216748046875,0.4332324270665645,0.895008811572194,0.7338762925907969
1789031920095678000,56.33167797851563,1.742060816965997,0.22212007164657116,0.8204545789126306
1789031920105682000,56.34168188476563,1.829777971124649,0.2586667182773352,0.6116461165208369
1789031920115684900,56.35168481445312,1.51256641715914,0.9028092561900615,0.3457162753727287
1789031920125687800,56.361687744140625,1.0632935403957962,0.8962053278803824,0.7013643813688307
1789031920135690800,56.37169067382813,0.5110664851143956,-0.1545049175351858,1.2485343724563718
1789031920145693700,56.38169360351562,0.2975534982934594,-1.5856711085975168,1.1973865882169454
1789031920155697000,56.39169677734375,0.5607517225205898,-2.4687094963908196,0.6130274148114025
1789031920165699800,56.40169995117188,0.6964294822499155,-1.9052543601304293,-0.13186748072616755
1789031920175702800,56.41170288085937,0.011846212877333163,0.28426117826104164,0.1391883981987834
1789031920185705700,56.421705810546875,-0.5042532979682087,1.9453928937733171,1.4771815077841282
1789031920195708700,56.43170874023438,0.08379150514751672,1.7429945906847715,2.228036699965596
1789031920205712000,56.4417119140625,0.8937795620381832,-0.21070552818477153,1.307315062727034
1789031920215714800,56.45171484375,0.5237383351609111,-2.0746932274252177,-0.27348763611651955
1789031920225718800,56.46171875,-0.6443044504761696,-2.4612884064793583,-1.2836850346840918
1789031920235721700,56.4717216796875,-1.5175304693073033,-0.9723036481767893,-1.052220211587101
1789031920245724700,56.481724609375,-1.080752040196955,0.8673317000955343,0.2727676512788981
1789031920255727900,56.491727783203125,-0.09391279392838478,1.506538535171747,0.9269064633533358
1789031920265730800,56.50173071289063,0.7634016622826456,0.7721171759188175,0.7660326683733611
1789031920275733800,56.51173364257812,0.6881167041957378,-0.3125350865870714,0.15803111889995633
1789031920285736700,56.52173681640625,0.05237579166442156,-0.6843851164519786,-0.35836182193420824
1789031920295740000,56.53173999023438,-0.5594415167048573,0.15085750094354153,-0.3188438313424587
1789031920305742800,56.54174291992187,-0.6050429919287562,1.4445815529525279,0.41623146177455783
1789031920315745800,56.551745849609375,0.2152317734375596,1.6360609871417282,1.0990616038694978
1789031920325748700,56.56174877929688,0.7428443196833133,0.7301467506736516,1.1255793161779641
1789031920335752700,56.571752685546876,0.4981719322279095,-0.007542670464515686,0.5318789349859581
1789031920345756000,56.581755859375,-0.03190758865326643,0.08066518982052802,-0.25180676937997337
1789031920355758600,56.59175854492187,-0.35070495050549505,0.5385176788806915,-0.3364411185598001
1789031920365761800,56.60176171875,0.00876987417191267,0.6220014332532883,0.1699294638233259
1789031920375764700,56.6117646484375,0.5605845492601395,0.23219021476209162,0.30624153940081594
1789031920385767700,56.621767578125,0.7126978954836726,-0.20807401063740252,-0.06518748857304453
1789031920395771000,56.63177099609375,0.39043987178355455,-0.20512275961637497,-0.8144260393381119
1789031920405773800,56.64177392578125,0.07744681229591369,0.2511860071331262,-1.0916404408928007
1789031920415776800,56.65177685546875,0.09119476714134216,0.70506550090909,-0.5336675354357808
1789031920425779700,56.66177978515625,0.384931629756093,0.8716115693718195,0.011779248588345944
1789031920435782700,56.67178271484375,0.5934226967617869,0.687543872743845,0.23459999758386982
1789031920445786600,56.68178662109375,0.4059396387323737,0.5260545031487941,0.2793907226804644
1789031920455789800,56.691789794921874,-0.0643710576236248,0.517177369210124,0.1498591558222659
1789031920465792800,56.701792724609376,-0.593223082536459,0.512609915164113,0.12791865176884457
1789031920475795700,56.71179565429688,-0.9829328864797949,0.5052314953505993,0.3104074634412303
1789031920485799000,56.721798828125,-1.2066872813299299,0.6037766252547502,0.5209750809926539
1789031920495801600,56.731801513671876,-1.303441436164081,0.7847206369042397,0.7035016125932335
1789031920505804800,56.7418046875,-1.339829385101795,0.9305833983004093,0.9908242973167448
1789031920515807700,56.751807861328125,-1.4443842768147588,0.9796633632898331,1.323654495370388
1789031920525810700,56.76181079101563,-1.431145732796192,0.8142232102423906,1.482345758679509
1789031920535812900,56.771812744140625,-1.0797966391682625,0.004652794241905212,1.344391578450799
1789031920545816000,56.78181616210937,-0.8357225098669528,-1.2810972101479767,0.8150123147934675
1789031920555818800,56.79181884765625,-0.7673705659136175,-1.8703963972389697,0.23972278395770116
1789031920565822700,56.80182275390625,-0.5043707868680357,-1.5256512319207192,-0.18714752419842406
1789031920575826000,56.811825927734375,-0.14376345102936028,-0.4937433021306991,-0.20281857432723044
1789031920585829000,56.8218291015625,0.09073270258754491,0.7073971587270498,0.19176062575075775
1789031920595831800,56.83183178710937,-0.1137315931200981,1.1582394767642021,0.4976807146448642
1789031920605835000,56.8418349609375,-0.4550242798969149,0.7039256832242011,0.30008751028310504
1789031920615837700,56.85183764648438,-0.6799284293040633,0.05254091909825802,-0.20624263049177824
1789031920625841000,56.8618408203125,-1.310321551066637,0.031069092002511022,-0.8172023721836507
1789031920635844000,56.871843994140626,-2.139521673427522,0.6742173581808805,-0.8377109802704304
1789031920645846800,56.8818466796875,-2.3078528717413542,1.2337567823022604,-0.16263927028253675
1789031920655850000,56.89185009765625,-2.047504483987391,1.065580482289195,0.6046215516462922
1789031920665852700,56.901852783203125,-1.475614989119768,0.006011223113536834,0.7166513092845678
1789031920675857000,56.91185693359375,-0.9743246326103806,-1.0188929653942584,-0.006984196331538259
1789031920685859800,56.92185986328125,-0.8618558990329503,-0.9480342993170022,-0.27520609393958
1789031920695863000,56.93186303710937,-1.0442433874890207,0.179309103924036,0.019285422967374323
1789031920705866000,56.941865966796875,-0.8335840365335345,1.4166133495748041,0.3727005822796374
1789031920715869000,56.95186889648438,-0.513395220322907,2.1241268281579018,0.34849078158736224
1789031920725871900,56.96187182617187,-0.21421821248084305,2.0151099886000154,0.33673524266816673
1789031920735874800,56.971874755859375,0.10358195502758026,0.8284031267642974,0.024208120191842316
1789031920745878000,56.9818779296875,0.12901187209933995,-0.6915256358563899,-0.5714217312254011
1789031920755881000,56.991880859375,-0.3055938891470432,-1.52400814088881,-0.8351304622579365
1789031920765884000,57.0018837890625,-1.2394167077600955,-1.2576695728093386,-0.3907178119421005
1789031920775887000,57.01188720703125,-1.7908356615290044,-0.30530864246487616,0.3340674847636372
1789031920785889800,57.02188989257812,-1.6476137700304387,0.18036708854436873,0.5562938663288951
1789031920795894000,57.03189404296875,-1.5346560838922858,-0.07058101817965508,0.4275211367476731
1789031920805897000,57.04189697265625,-1.7369930121824144,-0.621623247590661,0.25855178666077555
1789031920815900000,57.05189990234375,-1.974138803525269,-0.6736801825642585,0.21360336851812897
1789031920825902800,57.06190283203125,-1.7162743415415287,-0.09395195689499378,0.2038113847568631
1789031920835905800,57.07190576171875,-1.381741650418937,0.8656839328885078,0.3240298556782305
1789031920845909000,57.08190893554688,-1.0693690609171986,1.5274854616105555,0.6829790490463375
1789031920855912000,57.09191186523437,-0.6738739515706896,1.8202111013561486,0.8684175956360995
1789031920865915000,57.101914794921875,-0.3355848305240273,1.7475041770637034,0.6421665616646408
1789031920875917800,57.11191772460938,-0.17246318355202675,1.3891864134669303,0.0987715956037864
1789031920885921000,57.121921142578124,-0.07332271810322999,0.8263473632782697,-0.21657642951216546
1789031920895924700,57.1319248046875,0.1406654850140214,0.15562895312905312,-0.43189036480784415
1789031920905928000,57.141927978515625,0.5195841380909085,-0.7190040098905562,-0.5635280553661286
1789031920915931000,57.15193090820313,0.4900961777999997,-1.7680980522811411,-0.6789166219130158
1789031920925933800,57.16193383789062,-0.08436725920885801,-2.5002257476389405,-0.7788878390975296
1789031920935937000,57.17193701171875,-0.8801844596669077,-2.238064757505059,-0.8764039182148873
1789031920945940000,57.18193994140625,-1.699592963592708,-0.6311059462070465,-0.8250174298487604
1789031920955943000,57.19194287109375,-1.7389739568665623,1.0036614939928055,-0.19709278055895119
1789031920965945900,57.20194580078125,-1.7369272534698248,1.934855717667937,0.5160790525794029
1789031920975948800,57.21194873046875,-1.3449401522442697,2.1290730523884296,1.061681209828332
1789031920985952000,57.22195190429687,-0.8751762761160731,1.458363994589448,1.1064552943173795
1789031920995955000,57.231954833984375,-0.8339300734922289,0.5009790986031294,0.160320106619969
1789031921005958000,57.2419580078125,-1.0871961017698049,0.11389876638054847,-0.619291151381284
1789031921015960800,57.2519609375,-1.0744713524922729,0.33711540109217164,-0.5457997621802613
1789031921025965000,57.26196508789062,-0.439164155203104,0.49036476560831066,-0.10784001433085649
1789031921035967700,57.2719677734375,0.11680647052079439,0.34377135185003277,0.1546850233424455
1789031921045971000,57.28197094726563,0.3576642681241035,0.021633739659190177,0.006396569169312715
1789031921055974000,57.29197387695312,-0.04892009825259447,0.1495037482470274,-0.28738833383824675
1789031921065976800,57.301976806640624,-0.7642600326776504,0.816827839782834,-0.1768402295924723
1789031921075980000,57.31197998046875,-1.0994953191116452,1.278299103862047,0.23877573063224553
1789031921085982700,57.32198266601562,-1.047478716148436,0.7944821524620056,0.42942254992220547
1789031921095986000,57.33198583984375,-0.7943614486917853,-0.5491986473709345,0.1326346291737631
1789031921105988900,57.34198876953125,-0.9028066258415579,-1.8534861789703367,-0.11974511778857558
1789031921115991800,57.35199169921875,-1.2016796823009848,-2.275870464286208,-0.027145160024426875
1789031921125995000,57.3619951171875,-1.7021861949563026,-1.560079571223259,0.23047519100513308
1789031921135998000,57.371998046875,-1.8305100847914815,0.018334113591909406,0.5280328905496746
1789031921146002000,57.382001953125,-1.2735796741247176,1.2532161005318163,0.7620565312840044
1789031921156004900,57.3920048828125,-1.3825357234060764,1.7076877149820326,0.8359241699188947
1789031921166008000,57.402008056640625,-1.579341028793156,1.1809937448859213,0.9114021663598716
1789031921176010800,57.4120107421875,-1.316246557201445,-0.25790391721129413,0.6939112158186733
1789031921186014000,57.42201391601562,-0.6998138639912009,-1.5824264275878668,0.09919581236522644
1789031921196017000,57.432016845703124,-0.7194900398418307,-1.685562392413616,-0.09810045487657189
1789031921206019800,57.44201977539063,-1.4609996037900448,-0.4582996483057737,0.4555713558530435
1789031921216023000,57.45202294921875,-1.6381433463737367,0.7879664869576692,1.0192807956680654
1789031921226025700,57.462025634765624,-1.5263453516647218,1.3507090910345314,1.1405756636492907
1789031921236029000,57.47202880859375,-1.2450459458187222,1.4661889891266822,0.9933020125418901
1789031921246032000,57.48203198242187,-1.1248211912870407,1.4297107315570114,0.5253446378463879
1789031921256035800,57.49203588867187,-1.2586504005402326,1.2803642196983098,0.27002182316947726
1789031921266038800,57.502038818359374,-1.444534498940408,1.1146885043293238,0.21185429636109618
1789031921276042000,57.5120419921875,-1.279099606589973,0.8697831849008798,0.4040907229300588
1789031921286045000,57.522044921875,-1.0260308544501662,0.7197709026098251,0.5702607611546292
1789031921296047900,57.5320478515625,-0.9314879459246993,0.8969523468554019,0.5689646934621035
1789031921306051000,57.54205102539063,-1.0766542494893074,1.2109832249581813,0.6487675673648715
1789031921316053800,57.5520537109375,-1.558001888166368,1.6045944202542304,0.7602250780731439
1789031921326057000,57.562056884765624,-1.7434022947028278,1.623616516110301,0.9817586550686508
1789031921336060000,57.57205981445313,-1.3106792784631252,0.7831745765060186,1.0637337584439663
1789031921346062800,57.58206274414062,-0.9605378070592879,-0.4791694178551435,0.963994523384422
1789031921356066000,57.592066162109376,-1.1394491438373922,-1.1184820513933897,0.722768038599193
1789031921366068700,57.60206884765625,-1.6217711805045605,-0.8399509412169456,0.6957867273669689
1789031921376073000,57.61207299804688,-1.830520313924551,-0.3812491418510675,1.1671893836781382
1789031921386076000,57.62207592773437,-1.5633280516251922,-0.2998305033147335,1.6186131548650562
1789031921396078800,57.632078857421874,-1.2926441478177904,-0.6443593955338001,1.5909307826913892
1789031921406081800,57.642081787109376,-1.2642878219053149,-1.013100937989354,1.0391494253508746
1789031921416085000,57.6520849609375,-1.7011802327841519,-0.7285849081844091,0.3480060302777216
1789031921426088000,57.662087890625,-2.109626009118557,0.19272212772667408,0.7108518292255699
1789031921436091000,57.6720908203125,-1.9076739884927867,0.9856050282984972,1.531994463467598
1789031921446093800,57.68209375,-1.4657128960475325,1.1613292594730853,1.8612226184412837
1789031921456096800,57.6920966796875,-1.3158636953637004,1.160347262698412,1.8398308708444238
1789031921466100000,57.70209985351563,-1.606117392037809,1.0813257484316825,1.7009328338943421
1789031921476103000,57.71210302734375,-1.7037343011811374,0.6833908447176218,1.5189622556760907
1789031921486105900,57.72210595703125,-1.4499100544989107,0.212528651958704,0.9434749555122107
1789031921496110000,57.732110107421875,-1.2315174789428711,0.12880875074267387,0.48459842063393443
1789031921506112800,57.74211279296875,-1.0998758428618312,0.5628858119398356,0.24139738437272606
1789031921516116000,57.75211596679687,-1.0024681925550103,0.6239607506275177,0.6993192123420536
1789031921526119000,57.762118896484374,-1.083137474028766,-0.28541911612451076,1.4240034598261118
1789031921536122400,57.77212231445313,-1.3209934594675898,-0.9571931728065013,0.9875853884607553
1789031921546125300,57.78212524414062,-1.358986797775328,-0.80241879068017,0.5514108435276895
1789031921556128500,57.79212841796875,-1.379867380979657,0.05584288325309753,0.41491000391244887
1789031921566131500,57.80213134765625,-1.5393725910201668,1.2006295887261629,0.4127474921163171
1789031921576134400,57.812134521484374,-1.5998694375589488,1.5774194130808115,0.9322562999486923
1789031921586137300,57.822137451171876,-1.5174293470203875,1.0559463925033807,1.3178174597799777
1789031921596140300,57.83214038085937,-1.2211851777598262,0.46632279576361174,0.8468792791754007
1789031921606143500,57.8421435546875,-0.8950780774161219,0.16545242800712584,0.5472624186113476
1789031921616147500,57.8521474609375,-1.114609593874216,0.11733458604812622,0.6582598375272005
1789031921626150400,57.862150390625,-1.579223539893329,0.5747814169168471,0.922106515725702
1789031921636153300,57.8721533203125,-1.4353072363898158,0.7592366515576839,0.8529211166229098
1789031921646156300,57.88215625,-1.0558964158818125,0.6291285086542368,0.6889458484962582
1789031921656159500,57.892159423828126,-0.8185293830037117,0.6420651471167802,0.6852768776599317
1789031921666162400,57.90216235351563,-0.7061983043313026,0.4434299959540367,0.7168069382376968
1789031921676165400,57.91216528320312,-0.9305661549046635,0.35094694256782527,0.7133345128867775
1789031921686168300,57.922168212890625,-1.241605449976027,0.8307160798817873,0.9564452770486473
1789031921696171500,57.93217163085937,-1.125365088905394,1.2933441127806902,1.544279067762196
1789031921706174500,57.942174560546874,-0.9493865907087922,1.455855226638913,1.8540458586797117
1789031921716177400,57.95217749023438,-0.8407333237662911,1.3760025222450494,1.904618692575395
1789031921726180400,57.96218041992187,-0.9050824618190526,1.0852309391766786,1.7617580356046556
1789031921736184300,57.97218432617188,-0.9952721435710787,0.8271481582671404,1.4187933239623904
1789031921746187500,57.9821875,-1.0887710960015653,0.7895347591876983,1.1185614733051508
1789031921756190200,57.992190185546875,-1.1560922356024383,0.9353156875193118,1.0044415384545922
1789031921766193400,58.002193359375,-1.0370084677994251,1.0966098268032074,1.1757757910419255
1789031921776196400,58.0121962890625,-0.978861399257183,0.9247674054980277,1.4503390935659408
1789031921786199300,58.02219921875,-1.0111620788812636,0.6664958240181207,1.5177818137198686
1789031921796202500,58.03220239257813,-0.932258638036251,0.5930442188382148,1.2713567373782395
1789031921806205400,58.04220532226562,-1.0149579640328883,0.8510790689527988,0.8511083681125193
1789031921816208400,58.05220849609375,-1.075867775286734,1.1195248384445906,0.8345870030310004
1789031921826211300,58.06221142578125,-0.7576669180229306,0.7058534364163875,1.2446321043208242
1789031921836214300,58.07221435546875,-0.5962330780074,0.04352174634039402,1.4900599863186477
1789031921846217500,58.08221752929688,-0.7303831897780299,-0.17337620674371718,1.2501707414865493
1789031921856221400,58.092221435546875,-0.9877169058859347,0.15162731627225876,0.7487186185441911
1789031921866224400,58.10222436523438,-0.9773290751233696,0.4487152428805828,0.6088453433537855
1789031921876227300,58.11222729492187,-0.9400231345579028,0.4991039523810148,0.7590878176715224
1789031921886230500,58.12223046875,-1.1322612781599164,0.6377192268669605,0.7551694021187723
1789031921896233200,58.13223315429688,-1.1878007945522666,0.5864069727808237,0.9676075993150473
1789031921906236400,58.142236328125,-1.092595038203895,0.37023791849315163,1.1797243825372308
1789031921916239600,58.152239501953126,-1.1406307548373937,0.3260948253840208,0.9935187240324914
1789031921926242300,58.1622421875,-1.2189058346509933,0.35775954519212244,0.8820587291061878
1789031921936245500,58.17224560546875,-1.1782993912354112,0.5071048880070448,0.93377349957861
1789031921946248200,58.182248291015625,-0.9544248771369457,0.4609942942172289,1.2679926677726208
1789031921956251400,58.19225146484375,-0.9277169029533863,0.4503875600069761,1.3066691660389302
1789031921966254600,58.202254638671874,-1.0625064816713332,0.6700619920670986,1.0054747539598494
1789031921976258600,58.21225854492187,-1.0576517351165413,0.6624889264643192,0.9602683424681424
1789031921986261200,58.22226123046875,-1.0161062572851776,0.3321592399895191,0.9060213501043617
1789031921996264400,58.23226440429688,-1.0561775709107517,0.11987316461503505,0.7427475813105702
1789031922006267400,58.24226733398437,-0.930205212637782,-0.07364625096917152,0.6348499550409614
1789031922016270300,58.252270263671875,-0.92054832649827,-0.28821663788855073,0.7185403379015625
1789031922026273500,58.2622734375,-1.1267390076071024,-0.29812837557196614,0.851596224694699
1789031922036276200,58.27227612304687,-1.3649898375824092,-0.03940203606188297,1.0073058418445289
1789031922046279400,58.282279541015626,-1.408890646368265,0.21714462132155893,1.325018623330444
1789031922056282600,58.29228271484375,-1.508885828950256,0.3534907818317413,1.582113562246412
1789031922066285300,58.30228540039062,-1.6735530979290603,0.49920624371170996,1.6171360680498181
1789031922076288500,58.31228857421875,-1.9096201541244981,0.5645101982712746,1.688069114537537
1789031922086291200,58.32229125976563,-2.1295584978178144,0.42147652282118797,1.8599509910702705
1789031922096294400,58.33229443359375,-2.1249789149425924,0.2008288618147373,1.85379232231006
1789031922106298400,58.34229833984375,-2.022179196333885,0.0828401957720518,1.6502693991057573
1789031922116301300,58.35230126953125,-2.0198378939047457,0.163333536157012,1.406598736038804
1789031922126304500,58.36230444335938,-1.8920071944139896,0.386945892187953,1.3247130645126104
1789031922136307500,58.37230737304687,-1.8462156034454702,0.5542477474540471,1.3524848685353994
1789031922146310400,58.382310302734375,-1.7227827005222438,0.645167204785347,1.3285355454102157
1789031922156313300,58.39231323242188,-1.5281030089870093,0.755424399793148,1.3411572727046905
1789031922166316500,58.402316650390624,-1.4235940022423863,0.8326011629760265,1.26868415716812
1789031922176319500,58.412319580078126,-1.5769193546041846,0.7924719816833734,1.1619355548031627
1789031922186322400,58.42232250976563,-1.6814720543600619,0.6673749449402093,1.262087827643007
1789031922196325400,58.43232543945312,-1.7379541122995317,0.42468847060501574,1.3362826524056493
1789031922206328300,58.442328369140625,-1.723875464195013,0.12987901032269,1.2745159320615231
1789031922216331500,58.45233154296875,-1.7886790680170057,-0.09082768739461898,1.1140673767562954
1789031922226334200,58.46233422851562,-1.8653274234116077,-0.21861995457112787,1.0156437543399632
1789031922236338400,58.47233837890625,-1.8963994380235671,-0.40763913612663744,0.9614734074089676
1789031922246341400,58.48234130859375,-1.8511318709291518,-0.5109253230780363,0.9241700971920043
1789031922256344300,58.49234423828125,-1.8527742313086986,-0.36401977463066576,0.949248935803771
1789031922266347500,58.50234741210937,-1.8432501777686177,-0.1358311967253685,1.1127541022006422
1789031922276350500,58.5123505859375,-1.7817700192809103,0.01899929950237274,1.429651987107098
1789031922286353400,58.522353515625,-1.7739527696587145,0.17773966265022753,1.6821730422362684
1789031922296356400,58.5323564453125,-1.8386147730529308,0.458894107067585,1.783242137660086
1789031922306359300,58.542359375,-1.9254690267719328,0.7381424256026744,1.7377186961084603
1789031922316362500,58.55236254882813,-1.9585211092852055,0.8185258758723736,1.4754624289065599
1789031922326365400,58.56236547851562,-1.8899239583991467,0.6485159306913614,1.2183370948523282
1789031922336368400,58.572368408203126,-1.6903144092462956,0.4469797973901033,1.07172556091547
1789031922346371300,58.58237133789063,-1.5506383736610412,0.25217092651724815,0.9718532740607857
1789031922356375600,58.59237548828125,-1.5019149670243261,-0.0009738134682178497,1.0001477137181907
1789031922366378200,58.60237817382812,-1.5025507807098328,-0.11103168651163578,1.0804472850967197
1789031922376381400,58.61238134765625,-1.6137408726535736,0.017677110987901687,1.1370754735086113
1789031922386384400,58.62238427734375,-1.744364125472307,0.36155835295319555,1.1884214106686413
1789031922396387300,58.63238720703125,-1.7559307907558976,0.6175988143801688,1.2852189662531017
1789031922406390500,58.642390625,-1.7328560585081576,0.4741816925704479,1.3976263250321148
1789031922416393500,58.6523935546875,-1.6505824105776845,0.06753332104682921,1.5645176998011767
1789031922426396400,58.662396484375,-1.6707178745031357,-0.12188508895933628,1.5128288674876094
1789031922436399400,58.6723994140625,-1.783487198462337,0.09246025703251361,1.288105335344374
1789031922446402300,58.68240234375,-1.9391198048532008,0.5568769269138574,1.2179361128360033
1789031922456405500,58.69240551757812,-1.9309119484782218,0.799746356600523,1.2983876599058508
1789031922466408400,58.702408447265626,-1.809023936909437,0.4758253681242466,1.400803786024451
1789031922476411400,58.71241137695313,-1.7269909658670424,0.11116495750248431,1.3198513036951423
1789031922486414300,58.72241430664062,-1.7930115442633627,0.10355448249876499,1.0727969895392655
1789031922496418600,58.73241845703125,-1.921172644752264,0.3265823166400194,0.9466931138411163
1789031922506421200,58.742421142578124,-1.9129976677335798,0.45932723778784273,0.9609675037134439
1789031922516424400,58.75242456054688,-1.8017980773091316,0.302222366887331,1.022439990351349
1789031922526427400,58.76242749023437,-1.735127656701952,0.046137481796741486,1.0923013890195636
1789031922536430000,58.77243017578125,-1.7193195544563233,-0.08105740400850772,1.1214289185002446
1789031922546433300,58.78243334960938,-1.7655916224181651,0.023106150299310683,1.0897321961186826
1789031922556436000,58.79243603515625,-1.8665736240804194,0.22053075662851332,1.0419704741209745
1789031922566439200,58.802439208984374,-1.8661831634581088,0.2808662751257419,1.12432120587565
1789031922576442400,58.8124423828125,-1.8220692964434622,0.17642858005166054,1.1385440847564487
1789031922586445000,58.82244506835937,-1.791005611268431,0.046966918358206745,1.0659832909364253
1789031922596448300,58.8324482421875,-1.7905602055884897,0.02174479881823063,1.0345262225296348
1789031922606451200,58.842451171875,-1.788989010749012,0.08545242409706115,0.9973046723119914
1789031922616454100,58.8524541015625,-1.785348608420044,0.18520517622530458,1.0841315996326506
1789031922626458000,58.8624580078125,-1.825665275108814,0.11931786881983279,1.1159931571871042
1789031922636461300,58.87246142578125,-1.8916390917539596,-0.06700023708343505,1.1249094540923834
1789031922646464000,58.882464111328126,-1.9229729721724986,-0.024302082085609435,1.0848320760522037
1789031922656467200,58.89246728515625,-1.8937433705568312,0.31611177603006363,1.1220493884861469
1789031922666470100,58.90247021484375,-1.757439880144596,0.676208239737153,1.21000890003331
1789031922676473000,58.91247314453125,-1.5149860455214976,0.7554992185950279,1.1031837253008037
1789031922686476300,58.92247631835937,-1.3120225097656248,0.7064367892622947,0.8895792608041315
1789031922696479000,58.93247900390625,-1.2271207052886486,0.5612859755277634,0.6951138696067035
1789031922706482200,58.94248217773438,-1.1692460239470004,0.38359249010682106,0.5016673000629991
1789031922716485400,58.9524853515625,-1.0062732839263975,0.2773901234477758,0.3588184796605259
1789031922726488000,58.962488037109374,-0.839766378430277,0.2933013938069343,0.24061836282424628
1789031922736491300,58.9724912109375,-0.6820446908056735,0.4174631955265999,0.10610555522106588
1789031922746494000,58.98249389648438,-0.41146950806975363,0.43267479318380353,-0.1272975424621254
1789031922756498200,58.99249829101562,-0.1935796213388443,0.20821780302226542,-0.3375174060218036
1789031922766501000,59.002501220703124,-0.06209843651652336,-0.21177637228667734,-0.5069354497242718
1789031922776504000,59.012504150390626,0.0493827473282814,-0.5158890829652547,-0.6090150373648852
1789031922786507000,59.02250708007813,0.045907107106968756,-0.6053074880838394,-0.6081944416970014
1789031922796510200,59.03251025390625,0.023937340426445006,-0.5301251135885715,-0.328341727527976
1789031922806513200,59.04251318359375,-0.047426937085390086,-0.5377139612823725,-0.060065250188484784
1789031922816516000,59.05251611328125,-0.12641454908251762,-0.7800152356922626,0.17533369748704133
1789031922826519300,59.062519287109374,-0.16217910542488098,-1.06504915189147,0.5178449662733823
1789031922836522000,59.07252197265625,-0.08666581847481429,-1.255831835988164,0.7611047835171222
1789031922846525200,59.08252514648437,-0.14496150170750915,-1.2613649201959372,0.6485262328896672
1789031922856528100,59.092528076171874,-0.29485044987984,-1.1281938825905322,0.3909647724404931
1789031922866531000,59.102531005859376,-0.33391872394271194,-0.8959183276325464,0.21140454329960046
1789031922876534300,59.1125341796875,-0.263273298757337,-0.7836310881018638,0.30886151264086364
1789031922886538200,59.12253833007812,-0.07360997407939285,-0.6899006650030612,0.41585159561149776
1789031922896541200,59.132541259765624,0.17191727663967757,-0.6338099444687366,0.4325362614959478
1789031922906544000,59.142544189453126,0.23568857827186582,-0.5808224506467581,0.49156281628645954
1789031922916547000,59.15254711914063,0.12205171423051506,-0.46729660923182964,0.4422379366252571
1789031922926550300,59.16255029296875,-0.050473446908127516,-0.1331377198576927,0.38438583244159813
1789031922936553200,59.17255322265625,-0.16210545566678047,0.3468132037639618,0.23654782544970512
1789031922946556200,59.18255615234375,-0.15167641611099242,0.799395643466711,0.13775748861283063
1789031922956559000,59.19255908203125,-0.09564765489697456,1.1885165416061878,0.13935506000258027
1789031922966562300,59.20256225585938,-0.009208553283545189,1.4629109903693198,0.20437208737954496
1789031922976565200,59.21256518554687,-0.04252981269359588,1.5044652360290287,0.17393837067112325
1789031922986568200,59.222568115234374,-0.17420155165195464,1.3977391377568245,0.14466668347939848
1789031922996571100,59.232571044921876,-0.29941257016360756,1.1746692180395126,0.11011727508045732
1789031923006574000,59.24257397460938,-0.3443506130427122,0.8841519019931554,0.07276888361275195
1789031923016577300,59.252577392578125,-0.32424481360316276,0.6278618497192859,0.06800773362554609
1789031923026581000,59.2625810546875,-0.38410102415084835,0.34026363599002357,0.14188655124157667
1789031923036584200,59.272584228515626,-0.5610930833041667,0.07946750446856021,0.166039580245316
1789031923046587100,59.28258715820313,-0.7587392234295606,-0.13181611586511136,0.10472812938801944
1789031923056590000,59.29259008789062,-0.7718938885569572,-0.31911621854305267,0.08715374812223017
1789031923066593300,59.30259326171875,-0.6592524287611246,-0.46224634010493754,0.03989471494965255
1789031923076596200,59.31259619140625,-0.46097208238542076,-0.49393444078862664,0.02077288504615426
1789031923086599200,59.32259912109375,-0.3675648998916149,-0.32526071264743806,0.11280410301163792
1789031923096602000,59.33260205078125,-0.4230781127989292,-0.07893968120217323,0.12730879450850188
1789031923106605000,59.34260498046875,-0.3503033839672804,0.1458867267936468,0.037665859919041395
1789031923116608300,59.352608154296874,-0.1567617565512657,0.23969781391322612,-0.02359517592526972
1789031923126611200,59.362611083984376,-0.03379997827112675,0.26336744331419465,-0.032801468753069635
1789031923136614100,59.3726142578125,0.015524901390075682,0.31459318816065784,-0.02986161590889096
1789031923146617000,59.3826171875,0.013970064030354841,0.4544540787935257,-0.06989785822108388
1789031923156620300,59.39262036132813,0.003663198682665825,0.5292991841584443,-0.09600797610934823
1789031923166624000,59.4026240234375,-0.0051256724506616586,0.5259533808618784,-0.11583280318304896
1789031923176627200,59.41262719726563,-0.004237180912028998,0.479987163978815,-0.10150295679643749
1789031923186630100,59.42263012695312,-0.004454047666257247,0.41454935390651226,-0.06066489658206701
1789031923196633000,59.432633056640626,-0.021218729117512703,0.27591128306686874,-0.03486804589405656
1789031923206636300,59.44263623046875,-0.021696868023276326,0.237180278134346,-0.004578559961915016
1789031923216639000,59.45263891601562,0.0008294456946197897,0.19105448677539824,0.0115143140418455
1789031923226642200,59.46264208984375,-0.00476443792283535,0.08696575126945973,0.0034247137516736983
1789031923236645000,59.47264501953125,-0.02015139671352226,-0.09525251809954642,-0.06556213057171553
1789031923246648000,59.48264794921875,-0.05386135404706001,-0.3068471040785313,-0.08344550472144037
1789031923256651300,59.4926513671875,-0.08280921611189841,-0.4333066613465547,-0.16873327630870044
1789031923266654200,59.502654296875,-0.05615326437652111,-0.4280190763324499,-0.33596287005618214
1789031923276657200,59.5126572265625,-0.0015828875605599022,-0.406921927767992,-0.4768273482410237
1789031923286660000,59.52266015625,-0.020631286901666317,-0.3069242609679699,-0.5063088422585278
1789031923296663000,59.5326630859375,-0.0469295089572668,-0.18288345527946948,-0.47864126579519356
1789031923306667000,59.5426669921875,-0.056603930753469464,-0.1344014561831951,-0.33024840139951556
1789031923316670200,59.55267016601562,0.016260814449191092,-0.1251128188341856,-0.1742167492210865
1789031923326673200,59.562673095703126,0.15664251408576965,-0.11868658517897128,-0.14217625490315258
1789031923336676000,59.57267602539063,0.195370596408844,-0.09392156175673007,-0.16890713503826407
1789031923346679300,59.58267919921875,0.13178513620495796,0.0069242463052272794,-0.09970573464874177
1789031923356682000,59.592681884765625,0.04853402154445648,0.08693126447796821,0.04685264432877302
1789031923366685200,59.60268530273437,0.016108254235982895,0.12955752328336237,0.23394381696376948
1789031923376688000,59.612688232421874,0.05043254864215851,0.0775420893639326,0.24029968879651276
1789031923386691000,59.622691162109376,0.05147767834749538,-0.03592646890580654,0.09568853489663451
1789031923396694300,59.6326943359375,0.018266313619283027,-0.08628653683364391,-0.012888890330679715
1789031923406697000,59.64269702148437,0.0040869724861113356,0.08608779939115047,-0.06560768674649298
1789031923416700200,59.6527001953125,0.04374094661560375,0.3626116613984108,-0.15859763020891696
1789031923426703000,59.662703125,0.020239645819133147,0.35834406708180905,-0.1327232207726687
1789031923436707300,59.67270727539063,-0.10102408723831176,0.12382511711120604,-0.11061568958926946
1789031923446710000,59.6827099609375,-0.21696634214520452,-0.155537767714262,-0.11622582108862697
1789031923456713200,59.692713134765626,-0.2374199321091175,-0.31820728700459,-0.22624880548175422
1789031923466716200,59.70271606445313,-0.13547930541462264,-0.3410948261171579,-0.21299531962238252
1789031923476719000,59.71271899414062,-0.04919802927798591,-0.26655367213487624,-0.15256280702408404
1789031923486722300,59.72272241210938,-0.08952185635990463,-0.10359422998726367,-0.0752778707589954
1789031923496725000,59.73272509765625,-0.11883679817146621,-0.003191489517688751,-0.11243972667865454
1789031923506728200,59.742728271484374,-0.18436403095973655,0.016990882289409637,-0.208328898713924
1789031923516731100,59.752731201171876,-0.22801614394783973,0.04087269313633442,-0.23309958469197153
1789031923526734000,59.76273413085938,-0.12875031682001425,0.07369009011089801,-0.2319457384817302
1789031923536737500,59.772737548828125,-0.014037868569558486,0.06862286984920501,-0.24373656791001558
1789031923546740500,59.78274047851563,-0.00014728124989196658,-0.0017056348741054533,-0.21104498927220702
1789031923556743400,59.79274340820312,-0.024933383992779997,0.010870938104391097,-0.20120167718250304
1789031923566746400,59.802746337890625,-0.0552910945892334,0.054608373022079465,-0.1664586459076032
1789031923576750600,59.81275048828125,-0.01828499548686668,0.0620183570176363,-0.08438234718013554
1789031923586753300,59.822753173828126,0.03321255203830078,-0.06328267786502838,-0.026586576293595135
1789031923596756500,59.83275659179687,0.11341480052219703,-0.1904845779329538,-0.07861519848816097
1789031923606759400,59.842759521484375,0.19187984994994475,-0.193570853510499,-0.17808073117285966
1789031923616762400,59.85276245117188,0.18658521414054557,-0.08380231880247592,-0.18731723647583276
1789031923626765600,59.862765625,0.21178630915880203,0.0009475099831819534,-0.12584588234908878
1789031923636768300,59.872768310546874,0.24774726485610007,-0.016087795969843863,-0.17698577554300426
1789031923646771500,59.882771484375,0.26893969048857685,-0.08191782023012638,-0.21800123815089462
1789031923656774400,59.8927744140625,0.2784334950208664,-0.1278489657998085,-0.23150910063013433
1789031923666777300,59.90277734375,0.18813653523577376,-0.10900807172954081,-0.2522670073028654
1789031923676780500,59.91278051757813,0.02396189947896637,-0.030057869133353232,-0.21155699391495436
1789031923686783500,59.92278344726562,-0.04225274931788444,0.03998246629834175,-0.1357679222308099
1789031923696786400,59.932786376953125,-0.03084990542703308,-0.02128770270049572,-0.0328423852853477
1789031923706789400,59.94278930664063,-0.09991114842719398,-0.1446662450879812,-0.09166439394708722
1789031923716792300,59.95279223632812,-0.138937346047163,-0.1741641422510147,-0.21553992607127873
1789031923726796300,59.96279638671875,-0.18435118974447248,-0.11546411600112914,-0.2763514280498028
1789031923736799500,59.972799560546875,-0.2351893965780735,0.018058803781867028,-0.2577126689555123
1789031923746802400,59.98280249023438,-0.29886019697785376,0.11278875931203365,-0.2446723509227857
1789031923756805400,59.99280541992187,-0.31929040606617926,0.16944763512313366,-0.26346235505603255
1789031923766808600,60.00280859375,-0.22969956699013708,0.09916764571666717,-0.34154509063530714
1789031923776811300,60.012811279296876,-0.12524901243448255,0.03323649916946888,-0.5088115457944572
1789031923786814500,60.022814453125,-0.08691606690883635,0.04319792121350765,-0.5770895842613653
1789031923796817700,60.032817626953126,-0.004588496834039688,0.13244330785274505,-0.5617375186875462
1789031923806820400,60.0428203125,0.07398176653385162,0.21805647546947002,-0.5947825138729065
1789031923816823600,60.05282348632812,-0.0046259062349796294,0.13095628416538238,-0.5393421104734764
1789031923826826200,60.062826171875,0.009415478599071502,-0.00836859989464283,-0.4853470105115324
1789031923836829400,60.07282934570313,0.044622985580563546,-0.11997019524872302,-0.47167215743493285
1789031923846832600,60.08283251953125,0.06890635839912575,-0.0628939708083868,-0.4699920953935012
1789031923856835300,60.09283544921875,0.0994102223008871,-0.0008586626559495925,-0.4939840520840138
1789031923866839300,60.10283935546875,0.08664835588335991,-0.1003992333382368,-0.5314812043726443
1789031923876842500,60.11284252929688,0.045604982355237,-0.21157412771284578,-0.6010035803448408
1789031923886845400,60.12284545898437,0.051271912942593915,-0.24756547854840755,-0.6461065314620733
1789031923896848400,60.132848388671874,0.10399638104736804,-0.14971359160542488,-0.6976365199521184
1789031923906851600,60.1428515625,0.13700609485679305,-0.04226677784323692,-0.6372812007758766
1789031923916854300,60.15285424804687,0.14876024553650058,-0.007412906605005264,-0.6403225412331521
1789031923926857500,60.162857421875,0.18549277926133945,0.024576222851872442,-0.6146958594802767
1789031923936860700,60.17286059570313,0.12565116349458694,0.03529167813360691,-0.5766779347205534
1789031923946863400,60.18286328125,0.04049626103937626,0.08580547531843184,-0.5148325961822644
1789031923956866600,60.192866455078125,-0.005157821154594421,0.1278057111799717,-0.4662050146028399
1789031923966869200,60.202869140625,0.0036562026862986385,0.14895955836772917,-0.3746763027993962
1789031923976872400,60.21287255859375,0.004713018262851983,-0.14527823950648308,-0.022332206784747538
1789031923986875600,60.222875732421876,-0.16567396180331706,-0.6253261937618255,0.41724513232912863
1789031923996878300,60.23287841796875,-0.32177462409734725,-0.832831464600563,0.497629715109989
1789031924006882300,60.24288232421875,-0.3089449896732345,-0.7603384753197431,0.46470904042404143
1789031924016885500,60.25288549804687,-0.33248306511640546,-0.6290396613270044,0.28936025496572254
1789031924026888400,60.262888427734374,-0.5125140535742044,-0.6811649853616952,0.3529782291997224
1789031924036891400,60.27289135742188,-0.5440443333476781,-0.6984773546904325,0.5048606892768294
1789031924046894600,60.28289453125,-0.3615647826939821,-0.6345172159552573,0.5876110513409599
1789031924056897300,60.292897216796874,-0.3480938912242651,-0.6250619898676872,0.6260240398328751
1789031924066900500,60.302900390625,-0.404853925854899,-0.5540946027189493,0.6236654209427536
1789031924076903400,60.3129033203125,-0.4243927025288343,-0.3569552430719137,0.43101193800549953
1789031924086906400,60.32290625,-0.37303080061469224,-0.01706687013506889,0.22490871598441153
1789031924096909600,60.33290966796875,-0.3425017337730154,0.32882804974019525,0.21910631331596522
1789031924106912300,60.34291235351562,-0.24581721010897306,0.605431406724453,0.17609339328054338
1789031924116915500,60.35291552734375,-0.12985625050161034,0.7839291942656039,0.13634922925010323
1789031924126918700,60.36291870117188,-0.10434829975757748,0.8773124113619327,0.13667086241990328
1789031924136921300,60.37292138671875,-0.12465166759584098,0.9273135828495025,0.1846543739421293
1789031924146925600,60.38292553710937,-0.1715050425769761,0.9070172292739153,0.2299129540124908
1789031924156928500,60.392928466796874,-0.23815237456951288,0.8480027302473783,0.37013836710881437
1789031924166931500,60.40293139648438,-0.2763058718750253,0.7843634940296411,0.463542334732227
1789031924176934400,60.41293432617187,-0.36118656049873676,0.6493436136871575,0.6427153546538203
1789031924186937300,60.422937255859374,-0.41446521928701546,0.528085716715455,0.7929869454681873
1789031924196940500,60.4329404296875,-0.36596743809971954,0.5447545274436474,0.8245862718898802
1789031924206943500,60.44294360351562,-0.3535170853167772,0.4773883796572685,0.8551214762113988
1789031924216946400,60.452946533203125,-0.37825869133081286,0.2642448106706142,1.0125968609247356
1789031924226949400,60.46294946289063,-0.4156353955775499,0.03290975143313408,1.1287390953831373
1789031924236952600,60.47295263671875,-0.4708780113825574,-0.07619476640820502,1.1326526886302977
1789031924246955500,60.48295556640625,-0.47128600766155865,-0.05626315449178219,1.089004539431259
1789031924256958500,60.49295849609375,-0.44040746979508544,-0.09292027575969695,1.0237962272658943
1789031924266961400,60.50296142578125,-0.3578045168450102,-0.13452186769247054,0.9378763317875564
1789031924276964400,60.51296435546875,-0.23377547465953974,-0.29332594372630116,0.8222650624006986
1789031924286967600,60.52296752929688,-0.15066928489506243,-0.4492676160663366,0.7913833096638322
1789031924296971500,60.53297143554688,-0.13884206897914408,-0.5549900902539492,0.8914943006452173
1789031924306974500,60.54297436523437,-0.1306675303518772,-0.6022679742574691,0.9731884681873023
1789031924316977400,60.552977294921874,-0.15269585881922393,-0.6155331140220165,1.0356153329405933
1789031924326980400,60.56298046875,-0.1067956929096952,-0.571734304305911,1.0451925779726357
1789031924336983600,60.57298364257812,-0.06651161331627517,-0.5238333199679851,0.9951924293983727
1789031924346986500,60.582986572265625,-0.006061491996049881,-0.4065595241963863,0.9319473070647567
1789031924356989400,60.59298950195313,0.06612871494591235,-0.17283669303953647,0.8655290345877409
1789031924366992400,60.60299243164062,0.12910163274202496,0.14311550851464272,0.8406914573859423
1789031924376995600,60.61299560546875,0.1644798201153055,0.4379185390561819,0.7023899980895221
1789031924386998500,60.62299853515625,0.19616320809125898,0.6653916621685028,0.5370137040585279
1789031924397001500,60.63300146484375,0.17085571182277054,0.7728489973247051,0.48860813119933005
1789031924407004400,60.64300439453125,0.12220423791110514,0.8453799805283546,0.33529264264442027
1789031924417007400,60.65300732421875,0.17076222485303877,0.7965560361266135,0.2776409564036876
1789031924427010600,60.66301049804687,0.1993956141412258,0.6659311758726835,0.2833687594659626
1789031924437014300,60.67301416015625,0.21554014526698737,0.5259048655450344,0.22140732026733456
1789031924447017500,60.683017578125,0.1710048379698768,0.4098410300850868,0.24553704146072267
1789031924457020400,60.6930205078125,0.1018541083216667,0.3145633775442839,0.3084636724296957
1789031924467023400,60.7030234375,0.067996262383461,0.21284487830102441,0.37588922225311394
1789031924477026600,60.713026611328125,0.12016074938476085,0.04155658374726772,0.3780653241831809
1789031924487029500,60.72302954101563,0.09959142408668994,-0.21871347807347774,0.3279053088720888
1789031924497032400,60.73303247070312,-0.05853749263193458,-0.4501683642983436,0.2883285007651895
1789031924507035400,60.743035400390625,-0.18727204562723634,-0.5426017333239317,0.15109657039642332
1789031924517038300,60.75303833007813,-0.21216157221198081,-0.5082113879442215,-0.06313464769646525
1789031924527041500,60.76304150390625,-0.19296589162098243,-0.4107166438758373,-0.21041385176181793
1789031924537044500,60.77304443359375,-0.19002342669460923,-0.356231020450592,-0.24746844791471956
1789031924547047400,60.78304736328125,-0.22725569923566652,-0.3217588420063257,-0.34027488803640005
1789031924557050400,60.79305029296875,-0.24759233002271502,-0.24894027403295038,-0.4099774428810924
1789031924567053600,60.803053466796875,-0.23789575119363143,-0.23181261362135408,-0.45891346935518085
1789031924577057300,60.813057373046874,-0.19052315637767314,-0.285131531354785,-0.44791305965222417
1789031924587060500,60.823060546875,-0.09538169743716716,-0.15751929692029953,-0.4501270093746483
1789031924597063400,60.8330634765625,-0.11798983508646488,-0.05974865851998329,-0.39827246510535474
1789031924607066400,60.84306640625,-0.20360650983452797,-0.17565058141648768,-0.17500863025113939
1789031924617069600,60.85306958007813,-0.1915139209806919,-0.2892594249397516,0.04793305997662246
1789031924627072300,60.863072265625,-0.08452475132551043,-0.281024680557847,-0.005021408358588815
1789031924637075500,60.873075439453125,0.04411035988330841,-0.1314747550815344,0.0692917820867151
1789031924647078400,60.88307836914063,0.023155798127315937,-0.032600539353489874,0.2650743933625519
1789031924657081300,60.89308129882812,-0.07318802234027534,-0.05929974570870399,0.3845321090444922
1789031924667084500,60.90308447265625,-0.13204407940208912,-0.18152561092972755,0.31836408500149843
1789031924677087500,60.91308740234375,-0.2079874648651108,-0.34747955871820446,0.1452722481571138
1789031924687090400,60.92309033203125,-0.27911738563179966,-0.37944355373382566,0.11922098431661725
1789031924697093400,60.93309326171875,-0.3281973506212234,-0.23349019144475458,0.059379167620465155
1789031924707096300,60.94309643554688,-0.4331078873714432,0.03197977710664272,-0.03469787695892155
1789031924717099500,60.953099609375,-0.5926894505837932,0.2609896082669496,-0.00883380625359714
1789031924727103500,60.963103515625,-0.7330851422131062,0.3055173167794943,-0.059889747491106385
1789031924737106700,60.973106689453125,-0.8363362578511238,0.1846042877227068,-0.19429872939363121
1789031924747109400,60.983109375,-0.9110229577839374,0.06731295629441737,-0.2734174934897572
1789031924757112600,60.99311254882812,-0.9430337145507335,0.07135901681482791,-0.3918735578484833
1789031924767115300,61.003115234375,-0.9527864622801542,0.1702823323816061,-0.3779605486344546
1789031924777118500,61.01311840820313,-0.9992881012141704,0.2360124033987522,-0.28014928596280514
1789031924787121400,61.02312133789062,-1.0641595095753669,0.255571090349555,-0.06945391384586691
1789031924797124400,61.033124267578124,-1.1531658267617224,0.21256430779397487,0.009642126961797476
1789031924807127600,61.04312744140625,-1.186841301870346,0.17510639153718946,0.02623604582287371
1789031924817130200,61.05313012695313,-1.2062819153994322,0.17175298945605755,0.11849340069442987
1789031924827133400,61.063133544921875,-1.2203916892945765,0.25435294673144815,0.2537653561018407
1789031924837136400,61.07313647460938,-1.247976446312666,0.33627076696157454,0.24386823146566747
1789031924847139300,61.08313940429687,-1.1963818681538105,0.3437392031461,0.29533611450493336
1789031924857142500,61.093142578125,-1.0169137742757797,0.2913040825098753,0.2959669597543776
1789031924867146500,61.103146484375,-0.787431649428606,0.2648556360453367,0.20908033813573418
1789031924877149400,61.1131494140625,-0.6116986504256725,0.2837263407319784,0.12457293980382382
1789031924887152400,61.12315234375,-0.5350456188559531,0.3142302000671625,0.06815949012115598
1789031924897155600,61.133155517578125,-0.5787620109856129,0.3355050432860851,0.03353855085596442
1789031924907158300,61.143158203125,-0.6941629986226558,0.3327425928354263,-0.03723101216573268
1789031924917161500,61.15316137695312,-0.802506468963623,0.2809872711569071,-0.09519355445392429
1789031924927164700,61.16316455078125,-0.8232359532594681,0.1823638153195381,-0.11894896244220435
1789031924937167400,61.17316748046875,-0.799668030667305,0.09844634570479392,-0.1624129141807556
1789031924947170600,61.18317065429687,-0.8236136274654418,0.07566635861992836,-0.22229498982205986
1789031924957173200,61.19317333984375,-0.8618050456285477,0.16191782414019107,-0.25677578996419903
1789031924967176400,61.20317651367188,-0.8847042751789093,0.12313187415003776,-0.1885704148747027
1789031924977179600,61.2131796875,-0.8138719125866889,-0.05955459725260734,-0.057382148584350944
1789031924987182300,61.223182373046875,-0.7441980723798275,-0.04814706805348396,-0.05347710396982729
1789031924997185500,61.233185546875,-0.8170003468055278,-0.022590601992607116,-0.059819312603399157
1789031925007189500,61.243189453125,-0.9063502897977829,-0.05886310785710811,0.02444273266531527
1789031925017192400,61.2531923828125,-0.8480535836517811,-0.0453349332422018,0.11752404420562088
1789031925027195400,61.2631953125,-0.669372110106796,0.04424947609305382,0.0951727308616042
1789031925037198600,61.27319848632813,-0.5027858557641506,0.14026947143375873,0.027208397986367344
1789031925047201300,61.283201171875,-0.39176410612463947,0.15180617997050286,-0.042371115000545974
1789031925057204500,61.29320458984375,-0.315282923990488,0.012151625564694403,-0.24750804927274583
1789031925067207400,61.30320751953125,-0.25661789598874746,-0.09930734644830226,-0.43755650081075725
1789031925077210400,61.31321044921875,-0.23698621686697005,0.011012976923584937,-0.5281157465275377
1789031925087213600,61.323213623046875,-0.24787593273706732,0.12339724708795546,-0.6106458534371108
1789031925097216300,61.33321630859375,-0.25218378599882124,0.15850304726064204,-0.6228934867221861
1789031925107219500,61.34321948242187,-0.2682218245428055,0.1366980426877737,-0.5817012062426656
1789031925117222700,61.35322265625,-0.2722316447060555,0.07439911516308784,-0.5716267522782087
1789031925127225300,61.36322534179688,-0.32570852948017415,0.02150339127779007,-0.5598442522868514
1789031925137228500,61.373228515625,-0.3988965152878314,-0.015562310791015624,-0.4509869141396135
1789031925147231200,61.383231201171874,-0.43749234953336413,-0.00008709376156330108,-0.36544432754106815
1789031925157235500,61.3932353515625,-0.4693745114844292,-0.03080605715215206,-0.3200813372481614
1789031925167238400,61.40323828125,-0.4606839130938053,-0.08316460542082786,-0.2778003116838634
1789031925177241600,61.41324169921875,-0.47245033873319625,-0.14475743050277232,-0.25870726948343215
1789031925187244300,61.423244384765624,-0.481296493011713,-0.23222762416303155,-0.2611153535384685
1789031925197247500,61.43324755859375,-0.41453583683781325,-0.3227507756531238,-0.32290552782341836
1789031925207250400,61.44325048828125,-0.2984708323340863,-0.38823125582337376,-0.4295386140499264
1789031925217253400,61.45325341796875,-0.25144137013368306,-0.39263738182783126,-0.47980048230029637
1789031925227256600,61.46325659179688,-0.23171843253187835,-0.4072223720192909,-0.39776963014975186
1789031925237259300,61.47325927734375,-0.16626608247756958,-0.4379688079386949,-0.46694253509715195
1789031925247262500,61.483262451171875,-0.11699782837443053,-0.4509709128528833,-0.5854779483024031
1789031925257265400,61.49326538085938,-0.09235913474559783,-0.40168636520206924,-0.55558513353765
1789031925267268400,61.50326831054687,-0.10300561644434929,-0.36755379397571086,-0.5242212233070284
1789031925277271600,61.513271484375,-0.13226780515536665,-0.345538946044445,-0.47465742032341657
1789031925287274200,61.523274169921876,-0.15705752462744713,-0.283577872171998,-0.5030114081483334
1789031925297278500,61.53327856445313,-0.15514730709195135,-0.21968319988846777,-0.4742731702461838
1789031925307281400,61.54328149414062,-0.18623795333914459,-0.18011106795668602,-0.4049158486425876
1789031925317284400,61.553284423828124,-0.15207038386464117,-0.14298223752379416,-0.4208794337108731
1789031925327287600,61.56328759765625,-0.06328852308392524,-0.07183364858925342,-0.3669202453125268
1789031925337290500,61.57329052734375,-0.035270050823688504,-0.028460370808839796,-0.3128358230993151
1789031925347293400,61.58329345703125,-0.018628785689547657,0.05399462503790855,-0.30633265175037083
1789031925357296400,61.59329638671875,-0.0016927753925323485,0.1807423515975475,-0.2603950764399022
1789031925367299600,61.60329956054687,0.01684131775088608,0.21475568035840986,-0.25112784720510245
1789031925377302500,61.613302490234375,0.10659465391226113,0.1972340521931648,-0.13599639722444115
1789031925387305500,61.62330541992188,0.09580898293852806,0.2030477069079876,-0.151662752911821
1789031925397308400,61.63330834960937,0.04028057246208191,0.1600035149514675,-0.14150025533773003
1789031925407311400,61.643311279296874,-0.010212766456604003,0.011001871007680892,-0.0891866421893239
1789031925417314600,61.653314453125,0.00229834007024765,-0.13904548259675503,-0.09464636889994144
1789031925427317500,61.6633173828125,0.07722578995637595,-0.2456236968308687,-0.16031046200878918
1789031925437321500,61.67332153320312,0.12394092551060021,-0.33732465992867944,-0.17470877052173017
1789031925447324400,61.683324462890624,0.12475457998104393,-0.3498702532470226,-0.1553892260890454
1789031925457327400,61.69332739257813,0.14730196388643235,-0.3081178546667099,-0.18248561506830155
1789031925467330600,61.70333056640625,0.20920626607034354,-0.25035715509355067,-0.20757680170498788
1789031925477333500,61.71333349609375,0.23808044184446334,-0.21700550511181355,-0.19371749543957412
1789031925487336400,61.72333642578125,0.2790915936034173,-0.1868564505636692,-0.17709288917928934
1789031925497339400,61.73333935546875,0.29661797100901605,-0.15449322709739208,-0.22832323713563382
1789031925507342300,61.74334228515625,0.33075872554183006,-0.0898468596637249,-0.24047376672178505
1789031925517345500,61.75334545898438,0.33388832880444824,-0.03844166659712791,-0.22179354310594498
1789031925527348500,61.76334838867187,0.3304898820051923,-0.03876841433346271,-0.21527605097070335
1789031925537351200,61.77335107421875,0.3589432385513559,-0.03680558982789516,-0.21951493064947425
1789031925547353900,61.783353759765625,0.3560393338033929,-0.01848082858622074,-0.18437237866297362
1789031925557357000,61.79335717773437,0.32445056530833244,-0.010148469048738479,-0.1803405293310061
1789031925567360300,61.8033603515625,0.2831283383062109,-0.004904138654470444,-0.14232749994210897
1789031925577363000,61.813363037109376,0.23994857380390167,-0.04179857580959797,-0.1312980102751404
1789031925587367200,61.8233671875,0.2387830371558666,-0.08472586338818072,-0.11010978589374572
1789031925597370000,61.8333701171875,0.22101824788451194,-0.1338140116840601,-0.13521613356694578
1789031925607373000,61.843373046875,0.20634795402977615,-0.15027531714141368,-0.16392244196087122
1789031925617376000,61.8533759765625,0.1913058311879635,-0.0944604909390211,-0.16328757812343536
1789031925627379200,61.86337915039063,0.16522216291520744,-0.05035831436216831,-0.15483469747882336
1789031925637382100,61.87338208007812,0.14822773696184158,-0.019154782325029374,-0.1655615874700248
1789031925647385000,61.883385009765625,0.12491466591358184,-0.0062456163913011545,-0.19685243246443568
1789031925657388000,61.89338793945313,0.09749008615957573,0.02696224120557308,-0.1960916041597724
1789031925667391000,61.90339086914062,0.08028989023473114,0.03364098831713199,-0.17492263246811926
1789031925677394200,61.91339428710938,0.07626373999118805,0.03834463596343994,-0.19760007249396294
1789031925687397000,61.92339721679687,0.0851239593276754,0.06726268741190433,-0.21387118914145975
1789031925697400000,61.933400146484374,0.11681204174505545,0.09706161334812641,-0.22517902082577346
1789031925707403300,61.9434033203125,0.1448679051399231,0.12685294049978255,-0.2606809076439589
1789031925717406000,61.95340600585938,0.11990648236274719,0.15049100571870802,-0.29997517248243094
1789031925727409200,61.9634091796875,0.09606496699359267,0.11843640981018543,-0.3476818398246541
1789031925737413000,61.9734130859375,0.12038228318095207,0.10100947419106959,-0.3521837908864021
1789031925747416000,61.983416015625,0.07482230901122093,0.15279577552974224,-0.3877154883209616
1789031925757419000,61.9934189453125,0.010637165881134569,0.16854045715034008,-0.33042974931579083
1789031925767422000,62.003421875,0.06837733412291855,0.0999631800085306,-0.2587446058191359
1789031925777425200,62.013425048828125,0.1691244310507551,0.06896832228600978,-0.26804559119306504
1789031925787428000,62.02342797851563,0.08765377006623894,0.0573211391121149,-0.3074377269154414
1789031925797431000,62.03343115234375,-0.0055050271570682525,0.10122340920269489,-0.28891853908021004
1789031925807434000,62.04343408203125,0.0300421235749498,0.10654665005207062,-0.24270843043867496
1789031925817437200,62.05343725585937,0.13753679506685584,0.08136018634736537,-0.26354221535921096
1789031925827440000,62.063440185546874,0.24873978302478789,-0.013225392276048659,-0.3088915424529463
1789031925837443000,62.073443115234376,0.23776945793284102,-0.14323124384880065,-0.35443880327157673
1789031925847446000,62.08344604492188,0.20833998636351897,-0.19089666586518286,-0.3361943772571161
1789031925857449000,62.09344897460937,0.21815177080379797,-0.15214929431974886,-0.37693339754380284
1789031925867452200,62.1034521484375,0.19965981803536414,-0.07533084305524826,-0.3861690625965595
1789031925877455000,62.113455078125,0.19594929134594274,-0.023631050956249237,-0.3445768960792571
