time,seconds_elapsed,z,y,x
1789324207724830000,0.135829833984375,8.749533653259277,4.390594959259033,-0.5820034742355347
1789324207743680000,0.154679931640625,8.758105278015137,4.364471435546875,-0.6460446119308472
1789324207762530000,0.173530029296875,8.745933532714844,4.383850574493408,-0.6788779497146606
1789324207781380400,0.19238037109375,8.723321914672852,4.4193596839904785,-0.737087607383728
1789324207800230400,0.21123046875,8.709831237792969,4.431723594665527,-0.817948579788208
1789324207819080700,0.230080810546875,8.70925521850586,4.42360258102417,-0.8666068315505981
1789324207837931000,0.248930908203125,8.710954666137695,4.416452884674072,-0.8857830762863159
1789324207875631000,0.286631103515625,8.742688179016113,4.3721513748168945,-0.7874584197998047
1789324207894481400,0.3054814453125,8.76099681854248,4.359170436859131,-0.642625093460083
1789324207913331500,0.32433154296875,8.763930320739746,4.367358684539795,-0.5386054515838623
1789324207932181800,0.343181640625,8.75017261505127,4.399784564971924,-0.4967554807662964
1789324207951031800,0.36203173828125,8.755305290222168,4.392514228820801,-0.46994614601135254
1789324207969882000,0.380882080078125,8.770232200622559,4.36488151550293,-0.44859546422958374
1789324207988732200,0.399732177734375,8.781755447387695,4.344848155975342,-0.41649284958839417
1789324208007582500,0.41858251953125,8.789872169494629,4.334986686706543,-0.3411988615989685
1789324208026432800,0.437432861328125,8.790594100952148,4.342929840087891,-0.1865818202495575
1789324208045282800,0.45628271484375,8.777853965759277,4.37245512008667,-0.03622635826468468
1789324208064133000,0.475133056640625,8.756176948547363,4.415545463562012,0.052224401384592056
1789324208082983200,0.493983154296875,8.742937088012695,4.440436363220215,0.11811552941799164
1789324208101833500,0.51283349609375,8.737886428833008,4.448583602905273,0.17274047434329987
1789324208120683500,0.53168359375,8.735777854919434,4.448338508605957,0.26238712668418884
1789324208139533600,0.550533447265625,8.718002319335938,4.475711345672607,0.36719706654548645
1789324208158383900,0.5693837890625,8.686068534851074,4.529353618621826,0.4555867612361908
1789324208177234200,0.588234130859375,8.661478042602539,4.565883636474609,0.549440324306488
1789324208196084200,0.607084228515625,8.662912368774414,4.554996490478516,0.6134670376777649
1789324208214934500,0.6259345703125,8.677837371826172,4.5190863609313965,0.6658737063407898
1789324208233784600,0.64478466796875,8.69615364074707,4.471141338348389,0.7457823753356934
1789324208252635000,0.663634765625,8.71601390838623,4.422540187835693,0.8016449809074402
1789324208271485000,0.68248486328125,8.747270584106445,4.360409259796143,0.8015418648719788
1789324208290335200,0.701335205078125,8.775849342346191,4.310417652130127,0.758392870426178
1789324208309185300,0.720185302734375,8.777665138244629,4.334733009338379,0.5771242380142212
1789324208328035600,0.73903564453125,8.734642028808594,4.444048881530762,0.35616886615753174
1789324208346885600,0.7578857421875,8.67611312866211,4.5704216957092285,0.08188056945800781
1789324208365736000,0.77673583984375,8.626206398010254,4.652287483215332,-0.3393782675266266
1789324208384586000,0.7955859375,8.579852104187012,4.694197654724121,-0.7218202948570251
1789324208403436300,0.814436279296875,8.541288375854492,4.723653793334961,-0.9507169723510742
1789324208422286300,0.833286376953125,8.497608184814453,4.775827407836914,-1.0735505819320679
1789324208441136600,0.85213671875,8.442803382873535,4.871542930603027,-1.0758881568908691
1789324208459987000,0.870987060546875,8.366705894470215,5.02501916885376,-0.958024799823761
1789324208478837000,0.8898369140625,8.258997917175293,5.224903583526611,-0.8122249245643616
1789324208497687300,0.908687255859375,8.161822319030762,5.390251636505127,-0.7072746157646179
1789324208516537300,0.927537353515625,8.137489318847656,5.419074535369873,-0.7650391459465027
1789324208535387600,0.9463876953125,8.221952438354492,5.217373371124268,-1.1614282131195068
1789324208554237700,0.96523779296875,8.393848419189453,4.721415996551514,-1.8498458862304688
1789324208573088000,0.984087890625,8.515742301940918,3.9971864223480225,-2.770378351211548
1789324208591938000,1.00293798828125,8.511482238769531,3.178267478942871,-3.691023588180542
1789324208610788400,1.021788330078125,8.517606735229492,2.441115140914917,-4.2025861740112305
1789324208629638700,1.040638671875,8.641149520874023,1.8797032833099365,-4.238824844360352
1789324208648488700,1.05948876953125,8.837947845458984,1.400325894355774,-4.012497901916504
1789324208667339000,1.078339111328125,9.048952102661133,0.851383626461029,-3.6826610565185547
1789324208686189000,1.09718896484375,9.185556411743164,0.1343473196029663,-3.431894540786743
1789324208705039400,1.116039306640625,9.202055931091309,-0.738201379776001,-3.3087170124053955
1789324208723889400,1.134889404296875,9.074785232543945,-1.7036442756652832,-3.303978443145752
1789324208742739700,1.15373974609375,8.799223899841309,-2.692715883255005,-3.390181064605713
1789324208761590000,1.172590087890625,8.404776573181152,-3.634439706802368,-3.5101218223571777
1789324208780440000,1.191440185546875,7.940659999847412,-4.486254692077637,-3.604140520095825
1789324208799290400,1.210290283203125,7.443663597106934,-5.210481643676758,-3.6895997524261475
1789324208818140400,1.229140380859375,6.8906707763671875,-5.877030372619629,-3.7615883350372314
1789324208836990700,1.24799072265625,6.198233127593994,-6.553342819213867,-3.847855567932129
1789324208855840800,1.2668408203125,5.430589199066162,-7.144309997558594,-3.9544825553894043
1789324208874691000,1.285691162109375,4.749983787536621,-7.551670074462891,-4.071895122528076
1789324208893541400,1.304541259765625,4.210045337677002,-7.7243971824646,-4.333542346954346
1789324208912391400,1.323391357421875,3.741523265838623,-7.794346809387207,-4.6281256675720215
1789324208931241700,1.34224169921875,3.2621426582336426,-7.769553184509277,-5.0162577629089355
1789324208950092000,1.361092041015625,2.8513476848602295,-7.621547698974609,-5.4728617668151855
1789324208968942000,1.379942138671875,2.464681386947632,-7.4708428382873535,-5.855103492736816
1789324208987792400,1.39879248046875,2.1140332221984863,-7.3430609703063965,-6.14660120010376
1789324209006642400,1.417642333984375,1.8755598068237305,-7.251112461090088,-6.330403804779053
1789324209025492700,1.43649267578125,1.846142053604126,-7.1123857498168945,-6.494315147399902
1789324209044342800,1.4553427734375,2.008664608001709,-6.8946685791015625,-6.6782636642456055
1789324209063193000,1.474193115234375,2.28243088722229,-6.593685150146484,-6.890879154205322
1789324209082043400,1.49304345703125,2.6175286769866943,-6.237498760223389,-7.100179195404053
1789324209100893400,1.5118935546875,2.92146372795105,-5.8929243087768555,-7.273850440979004
1789324209119743700,1.53074365234375,3.2512004375457764,-5.566118240356445,-7.3904266357421875
1789324209138594000,1.549593994140625,3.721784830093384,-5.165248870849609,-7.459150314331055
1789324209157444000,1.568444091796875,4.257248401641846,-4.752917289733887,-7.4468793869018555
1789324209176294400,1.58729443359375,4.864437580108643,-4.413288116455078,-7.282205581665039
1789324209195144700,1.606144775390625,5.453747749328613,-4.135689735412598,-7.023040294647217
1789324209223420000,1.634419921875,6.287135601043701,-4.014524459838867,-6.365996360778809
1789324209242270200,1.653270263671875,6.683297634124756,-3.9809861183166504,-5.971236228942871
1789324209261120300,1.672120361328125,6.958540916442871,-3.9144439697265625,-5.694403648376465
1789324209279970600,1.690970458984375,7.15169095993042,-3.7565407752990723,-5.559865951538086
1789324209298820900,1.70982080078125,7.2928242683410645,-3.551924467086792,-5.510801792144775
1789324209317671000,1.7286708984375,7.403153896331787,-3.361494541168213,-5.483070373535156
1789324209336521200,1.747521240234375,7.465698719024658,-3.23119854927063,-5.476595878601074
1789324209355371500,1.76637158203125,7.507280349731445,-3.11431884765625,-5.487452983856201
1789324209374221600,1.7852216796875,7.562377452850342,-2.977170705795288,-5.487922668457031
1789324209393071900,1.80407177734375,7.618650913238525,-2.8260204792022705,-5.490005970001221
1789324209421347000,1.83234716796875,7.642321586608887,-2.6721808910369873,-5.533964157104492
1789324209440197400,1.851197265625,7.641340255737305,-2.6405508518218994,-5.550477981567383
1789324209459047700,1.870047607421875,7.657781600952148,-2.633389711380005,-5.531186580657959
1789324209477897700,1.888897705078125,7.68049955368042,-2.6389217376708984,-5.496943950653076
1789324209496748000,1.907748046875,7.678615570068359,-2.632706642150879,-5.502554893493652
1789324209515598300,1.926598388671875,7.60588264465332,-2.6275174617767334,-5.605095386505127
1789324209534448400,1.945448486328125,7.501787185668945,-2.6368021965026855,-5.739412307739258
1789324209553298700,1.964298583984375,7.412084102630615,-2.6845970153808594,-5.833038806915283
1789324209572149000,1.98314892578125,7.313722610473633,-2.764050006866455,-5.9194488525390625
1789324209590999000,2.0019990234375,7.207361698150635,-2.8868520259857178,-5.990860939025879
1789324209609849300,2.020849365234375,7.071513652801514,-3.066038131713867,-6.063291072845459
1789324209628699600,2.03969970703125,6.901564598083496,-3.2007172107696533,-6.188230991363525
1789324209647549700,2.0585498046875,6.726085662841797,-3.2995424270629883,-6.327967166900635
1789324209666400000,2.07739990234375,6.589371204376221,-3.3933467864990234,-6.421509742736816
1789324209685250300,2.096250244140625,6.414400577545166,-3.419182538986206,-6.582936763763428
1789324209704100400,2.115100341796875,6.083970546722412,-3.3217973709106445,-6.936956405639648
1789324209722950700,2.13395068359375,5.789709091186523,-3.1455016136169434,-7.263296127319336
1789324209741801000,2.152801025390625,5.5588555335998535,-3.1442184448242188,-7.442002296447754
1789324209760651000,2.171651123046875,5.413828372955322,-3.6602694988250732,-7.311858654022217
1789324209779501300,2.190501220703125,5.135795593261719,-4.298739910125732,-7.1634368896484375
1789324209798351600,2.2093515625,4.891676425933838,-4.7429728507995605,-7.0530900955200195
1789324209817201700,2.22820166015625,4.802618980407715,-4.989749908447266,-6.943172454833984
1789324209836052000,2.247052001953125,4.77500057220459,-5.237785816192627,-6.777563095092773
1789324209854902300,2.26590234375,4.589874744415283,-5.573469638824463,-6.63625431060791
1789324209873752300,2.28475244140625,4.340216636657715,-5.957776069641113,-6.468214988708496
1789324209892602600,2.3036025390625,4.046841621398926,-6.312507629394531,-6.320261001586914
1789324209911453000,2.322452880859375,3.8248701095581055,-6.665478229522705,-6.091974258422852
1789324209930303200,2.34130322265625,3.6650030612945557,-7.0188889503479,-5.785613536834717
1789324209949153300,2.3601533203125,3.485177755355835,-7.292923927307129,-5.553123474121094
1789324209968003600,2.379003662109375,3.3489208221435547,-7.524853706359863,-5.322751998901367
1789324209986854000,2.39785400390625,3.2561850547790527,-7.670767307281494,-5.169814586639404
1789324210005704000,2.416703857421875,3.140594005584717,-7.733315467834473,-5.14809513092041
1789324210033979600,2.444979736328125,2.8993332386016846,-7.762243270874023,-5.24517297744751
1789324210052829700,2.46382958984375,2.8791933059692383,-7.720129489898682,-5.317917823791504
1789324210071680000,2.482679931640625,3.0505261421203613,-7.645419597625732,-5.330312252044678
1789324210090530300,2.5015302734375,3.262807607650757,-7.598518371582031,-5.271336555480957
1789324210109380600,2.520380615234375,3.495302200317383,-7.576827526092529,-5.1521782875061035
1789324210128230700,2.539230712890625,3.757453203201294,-7.611606121063232,-4.910740852355957
1789324210147081000,2.5580810546875,4.023233413696289,-7.716907978057861,-4.520320892333984
1789324210165931300,2.57693115234375,4.2949724197387695,-7.809495449066162,-4.090889930725098
1789324210184781600,2.595781494140625,4.530905723571777,-7.753657817840576,-3.939805746078491
1789324210203631600,2.614631591796875,4.842189311981201,-7.532808780670166,-3.997547149658203
1789324210222482000,2.63348193359375,5.165283679962158,-7.31845760345459,-3.991292715072632
1789324210241332200,2.652332275390625,5.413331985473633,-7.178995609283447,-3.9151296615600586
1789324210260182500,2.6711826171875,5.72804594039917,-7.011424541473389,-3.768261194229126
1789324210279032600,2.690032470703125,6.141385078430176,-6.775469779968262,-3.542144536972046
1789324210297883000,2.7088828125,6.640371322631836,-6.447198390960693,-3.2418324947357178
1789324210316733200,2.727733154296875,7.22426700592041,-6.0337605476379395,-2.752107620239258
1789324210335583500,2.74658349609375,7.751090049743652,-5.59728479385376,-2.182060480117798
1789324210354433800,2.765433837890625,8.145440101623535,-5.203135967254639,-1.6581792831420898
1789324210373283800,2.784283935546875,8.402884483337402,-4.86613130569458,-1.3721076250076294
1789324210392134100,2.803134033203125,8.601357460021973,-4.5316853523254395,-1.2848581075668335
1789324210410984400,2.821984375,8.737935066223145,-4.269769668579102,-1.2601380348205566
1789324210429834800,2.840834716796875,8.80510425567627,-4.097118854522705,-1.3616694211959839
1789324210448684800,2.859684814453125,8.908495903015137,-3.854825735092163,-1.3962056636810303
1789324210467535000,2.87853515625,9.015467643737793,-3.5762276649475098,-1.4499363899230957
1789324210486385400,2.897385498046875,9.097806930541992,-3.2876620292663574,-1.6098402738571167
1789324210505235700,2.916235595703125,9.136287689208984,-3.054206371307373,-1.8358802795410156
1789324210524086000,2.9350859375,9.127010345458984,-2.91813325881958,-2.0862786769866943
1789324210542936000,2.95393603515625,9.100970268249512,-2.846031665802002,-2.2897253036499023
1789324210561786400,2.972786376953125,9.082716941833496,-2.822143316268921,-2.3895926475524902
1789324210580636700,2.99163671875,9.082647323608398,-2.8424177169799805,-2.365703821182251
1789324210599487000,3.010487060546875,9.1046142578125,-2.8496620655059814,-2.270639419555664
1789324210618337300,3.029337158203125,9.115301132202148,-2.888857841491699,-2.176274061203003
1789324210637187300,3.048187255859375,9.100143432617188,-2.978914499282837,-2.1175119876861572
1789324210656037600,3.06703759765625,9.044260025024414,-3.1179251670837402,-2.156451940536499
1789324210674888000,3.085887939453125,8.951106071472168,-3.2832376956939697,-2.295306444168091
1789324210693738200,3.10473828125,8.84080696105957,-3.4660518169403076,-2.4488790035247803
1789324210712588300,3.12358837890625,8.724809646606445,-3.674734115600586,-2.558206558227539
1789324210731438600,3.1424384765625,8.601597785949707,-3.9073219299316406,-2.629776954650879
1789324210750289000,3.161288818359375,8.438872337341309,-4.209474086761475,-2.690009832382202
1789324210769139200,3.18013916015625,8.24872875213623,-4.567949295043945,-2.694938898086548
1789324210787989500,3.198989501953125,8.115683555603027,-4.87898588180542,-2.549818754196167
1789324210806839600,3.217839599609375,8.014925003051758,-5.146797180175781,-2.332777738571167
1789324210825689900,3.23668994140625,7.90062952041626,-5.389595031738281,-2.168571710586548
1789324210844540200,3.2555400390625,7.774623394012451,-5.623642444610596,-2.0249085426330566
1789324210863390500,3.274390380859375,7.663389682769775,-5.857612609863281,-1.7695263624191284
1789324210882240800,3.29324072265625,7.532474517822266,-6.107381820678711,-1.4601759910583496
1789324210901091000,3.312091064453125,7.2798871994018555,-6.472805500030518,-1.1297838687896729
1789324210919941000,3.330941162109375,6.891523361206055,-6.925149440765381,-0.8482913970947266
1789324210938791400,3.34979150390625,6.382330894470215,-7.413057804107666,-0.6948487162590027
1789324210957641700,3.368641845703125,5.851151466369629,-7.8450751304626465,-0.6238598823547363
1789324210976492000,3.387491943359375,5.43007755279541,-8.142586708068848,-0.6188154816627502
1789324210995342300,3.40634228515625,5.2151312828063965,-8.283312797546387,-0.5996100306510925
1789324211023617500,3.434617431640625,4.993386268615723,-8.415581703186035,-0.643775463104248
1789324211042467800,3.4534677734375,4.876115322113037,-8.477827072143555,-0.7213510274887085
1789324211061318100,3.472318115234375,4.781876087188721,-8.520654678344727,-0.838151216506958
1789324211080168400,3.49116845703125,4.7259521484375,-8.537022590637207,-0.9772419333457947
1789324211099018800,3.510018798828125,4.712093830108643,-8.527478218078613,-1.117449402809143
1789324211117869000,3.528869140625,4.758884906768799,-8.485462188720703,-1.2330135107040405
1789324211136719000,3.547718994140625,4.858591556549072,-8.415725708007812,-1.3191065788269043
1789324211155569400,3.5665693359375,5.006367206573486,-8.317965507507324,-1.3849650621414185
1789324211174419700,3.585419677734375,5.239981174468994,-8.164234161376953,-1.4346632957458496
1789324211193270000,3.60427001953125,5.523414611816406,-7.972901344299316,-1.44745671749115
1789324211212120300,3.623120361328125,5.78482723236084,-7.786966800689697,-1.4385100603103638
1789324211230970400,3.641970458984375,5.9917826652526855,-7.6287736892700195,-1.439002513885498
1789324211249820700,3.660820556640625,6.173566818237305,-7.472744941711426,-1.4884662628173828
1789324211268671000,3.6796708984375,6.3676838874816895,-7.29062032699585,-1.5715725421905518
1789324211287521300,3.698521240234375,6.575234413146973,-7.095226287841797,-1.6107268333435059
1789324211306371600,3.71737158203125,6.79210901260376,-6.885303020477295,-1.6218034029006958
1789324211325222000,3.736221923828125,7.018695831298828,-6.656732082366943,-1.6112793684005737
1789324211344072200,3.755072265625,7.250096321105957,-6.412686824798584,-1.5760523080825806
1789324211362922500,3.773922607421875,7.475851535797119,-6.155876636505127,-1.545061469078064
1789324211381772500,3.7927724609375,7.691692352294922,-5.891252040863037,-1.51703941822052
1789324211400622800,3.811622802734375,7.907816410064697,-5.611106872558594,-1.467071294784546
1789324211419473200,3.83047314453125,8.131205558776855,-5.298474311828613,-1.407137155532837
1789324211438323500,3.849323486328125,8.368093490600586,-4.939414978027344,-1.3219629526138306
1789324211457173800,3.868173828125,8.600532531738281,-4.573550701141357,-1.1330732107162476
1789324211476024000,3.887024169921875,8.80519962310791,-4.2223801612854,-0.9001956582069397
1789324211494874400,3.905874267578125,8.96260929107666,-3.9270706176757812,-0.6481760740280151
1789324211513724700,3.924724609375,9.08838939666748,-3.6561028957366943,-0.45218679308891296
1789324211532574700,3.94357470703125,9.203948974609375,-3.365131139755249,-0.36550015211105347
1789324211551425000,3.962425048828125,9.303994178771973,-3.0774617195129395,-0.3678429126739502
1789324211570275300,3.981275390625,9.38138198852539,-2.8295223712921143,-0.39224734902381897
1789324211589125600,4.000125732421875,9.432243347167969,-2.6486849784851074,-0.43318289518356323
1789324211607976000,4.018975830078125,9.462392807006836,-2.5363125801086426,-0.4479137063026428
1789324211626826200,4.037826171875,9.473671913146973,-2.4928970336914062,-0.45318788290023804
1789324211645676500,4.056676513671875,9.471112251281738,-2.4942736625671387,-0.49701645970344543
1789324211664526800,4.07552685546875,9.453577995300293,-2.547420024871826,-0.5575807690620422
1789324211683377200,4.094377197265625,9.416488647460938,-2.6627650260925293,-0.6401626467704773
1789324211702227200,4.113227294921875,9.362980842590332,-2.8270301818847656,-0.7161509394645691
1789324211721077500,4.132077392578125,9.293885231018066,-3.0324692726135254,-0.7734403610229492
1789324211739927800,4.150927734375,9.210755348205566,-3.262439727783203,-0.8299756050109863
1789324211758778000,4.169778076171875,9.104108810424805,-3.527367115020752,-0.9182949662208557
1789324211777628400,4.18862841796875,8.953523635864258,-3.856346845626831,-1.0646051168441772
1789324211796478700,4.207478759765625,8.763263702392578,-4.233744144439697,-1.2045737504959106
1789324211815329000,4.2263291015625,8.548532485961914,-4.616487503051758,-1.334552526473999
1789324211834179300,4.245179443359375,8.311555862426758,-5.0044264793396,-1.4297364950180054
1789324211853029600,4.264029541015625,8.045559883117676,-5.407703399658203,-1.4819228649139404
1789324211890730200,4.301730224609375,7.447172164916992,-6.224800109863281,-1.4006677865982056
1789324211909580300,4.320580322265625,7.142002105712891,-6.599032402038574,-1.2708115577697754
1789324211928430600,4.3394306640625,6.828659534454346,-6.946714401245117,-1.132673740386963
1789324211947281000,4.358281005859375,6.520257949829102,-7.25721549987793,-0.994712769985199
1789324211966131200,4.377131103515625,6.223733901977539,-7.528173446655273,-0.8729943633079529
1789324211984981500,4.3959814453125,5.941036224365234,-7.762595176696777,-0.78523188829422
1789324212003831800,4.414831787109375,5.655984401702881,-7.976614952087402,-0.7441977858543396
1789324212022682000,4.43368212890625,5.376437187194824,-8.168169975280762,-0.7384587526321411
1789324212041532400,4.452532470703125,5.126706123352051,-8.324484825134277,-0.7682546973228455
1789324212060382700,4.4713828125,4.912832260131836,-8.444584846496582,-0.8505573272705078
1789324212079233000,4.49023291015625,4.7346038818359375,-8.533873558044434,-0.9627617597579956
1789324212098083300,4.509083251953125,4.6246018409729,-8.583410263061523,-1.052854061126709
1789324212116933600,4.52793359375,4.6233978271484375,-8.577336311340332,-1.1062908172607422
1789324212135784000,4.546783935546875,4.697364330291748,-8.531420707702637,-1.1489182710647583
1789324212154634000,4.565634033203125,4.820132732391357,-8.459314346313477,-1.1733318567276
1789324212173484300,4.584484375,4.963975429534912,-8.372295379638672,-1.1974987983703613
1789324212192334600,4.60333447265625,5.11964225769043,-8.273992538452148,-1.2250257730484009
1789324212211185000,4.622184814453125,5.294140338897705,-8.160229682922363,-1.2462419271469116
1789324212230035200,4.64103515625,5.498249530792236,-8.024334907531738,-1.2448668479919434
1789324212248885500,4.659885498046875,5.722076416015625,-7.871213912963867,-1.2133501768112183
1789324212267735800,4.67873583984375,5.942788600921631,-7.713337421417236,-1.1653740406036377
1789324212286586000,4.697586181640625,6.163579940795898,-7.545980930328369,-1.1130307912826538
1789324212305436400,4.7164365234375,6.394718170166016,-7.358226299285889,-1.0651171207427979
1789324212324286700,4.73528662109375,6.630448818206787,-7.149916172027588,-1.0422205924987793
1789324212343137000,4.754136962890625,6.8641486167907715,-6.9260640144348145,-1.040907621383667
1789324212361987300,4.7729873046875,7.100931167602539,-6.680516242980957,-1.0572996139526367
1789324212380837600,4.791837646484375,7.342226505279541,-6.406491756439209,-1.1040666103363037
1789324212399688000,4.81068798828125,7.587176322937012,-6.103278636932373,-1.1640994548797607
1789324212418538200,4.829538330078125,7.83173942565918,-5.776730060577393,-1.209807276725769
1789324212437388300,4.84838818359375,8.0681791305542,-5.441457748413086,-1.2105426788330078
1789324212456238800,4.86723876953125,8.285430908203125,-5.108454704284668,-1.194038987159729
1789324212484514000,4.89551416015625,8.567859649658203,-4.630213260650635,-1.1503429412841797
1789324212503364400,4.9143642578125,8.742968559265137,-4.313940525054932,-1.0586822032928467
1789324212522214700,4.933214599609375,8.91034984588623,-4.004902362823486,-0.858371913433075
1789324212541065000,4.95206494140625,9.05355453491211,-3.710615873336792,-0.659436821937561
1789324212559915300,4.970915283203125,9.177565574645996,-3.410599946975708,-0.5572100877761841
1789324212578765600,4.989765625,9.278458595275879,-3.138794183731079,-0.4780782163143158
1789324212597615900,5.008615966796875,9.350335121154785,-2.926435708999634,-0.4214203357696533
1789324212616466200,5.027466064453125,9.397850036621094,-2.7715866565704346,-0.411220520734787
1789324212635316500,5.04631640625,9.427382469177246,-2.6662871837615967,-0.4309816062450409
1789324212654166800,5.065166748046875,9.443075180053711,-2.6007838249206543,-0.484403520822525
1789324212673017000,5.08401708984375,9.448830604553223,-2.562035322189331,-0.5709471106529236
1789324212691867400,5.102867431640625,9.43984603881836,-2.572456121444702,-0.6649545431137085
1789324212710717700,5.1217177734375,9.40916633605957,-2.6528422832489014,-0.7748503684997559
1789324212729568000,5.140568115234375,9.351244926452637,-2.8050696849823,-0.9253110885620117
1789324212748418300,5.159418212890625,9.265352249145508,-3.0173580646514893,-1.104161024093628
1789324212767268600,5.1782685546875,9.147921562194824,-3.2874269485473633,-1.295662760734558
1789324212786119000,5.197118896484375,8.99476432800293,-3.612184524536133,-1.4888720512390137
1789324212804969200,5.21596923828125,8.802125930786133,-3.9823830127716064,-1.683326244354248
1789324212823819500,5.234819580078125,8.574366569519043,-4.382466793060303,-1.8559677600860596
1789324212842669800,5.253669921875,8.328219413757324,-4.784623146057129,-1.9795254468917847
1789324212861520100,5.27252001953125,8.073542594909668,-5.186666965484619,-2.0215799808502197
1789324212880370400,5.291370361328125,7.807587623596191,-5.582989692687988,-2.010521411895752
1789324212899220700,5.310220703125,7.527826309204102,-5.979082107543945,-1.9372165203094482
1789324212918071000,5.329071044921875,7.225586891174316,-6.3756866455078125,-1.8198637962341309
1789324212936921300,5.34792138671875,6.905038833618164,-6.757986068725586,-1.679418921470642
1789324212955771600,5.366771728515625,6.55900239944458,-7.126096725463867,-1.5390323400497437
1789324212974622000,5.3856220703125,6.1983513832092285,-7.463284492492676,-1.4318546056747437
1789324212993472300,5.40447216796875,5.8447113037109375,-7.757076263427734,-1.3555477857589722
1789324213012322600,5.423322509765625,5.513495445251465,-8.005478858947754,-1.2977172136306763
1789324213031172900,5.4421728515625,5.211898326873779,-8.209956169128418,-1.2661396265029907
1789324213050023200,5.461023193359375,4.964602947235107,-8.359217643737793,-1.2831926345825195
1789324213068873500,5.47987353515625,4.786617755889893,-8.452958106994629,-1.3439408540725708
1789324213087723800,5.498723876953125,4.6641035079956055,-8.508194923400879,-1.4237781763076782
1789324213106574000,5.517573974609375,4.585202217102051,-8.537896156311035,-1.5002058744430542
1789324213134849500,5.545849609375,4.588339328765869,-8.523494720458984,-1.5708484649658203
1789324213153699800,5.564699951171875,4.678901195526123,-8.466367721557617,-1.61210298538208
1789324213172550100,5.583550048828125,4.814483642578125,-8.38098430633545,-1.6583856344223022
1789324213191400400,5.602400390625,4.972548484802246,-8.279536247253418,-1.7010074853897095
1789324213210250800,5.621250732421875,5.142637729644775,-8.168832778930664,-1.7302695512771606
1789324213229101000,5.64010107421875,5.32211446762085,-8.050508499145508,-1.742065191268921
1789324213247951400,5.658951416015625,5.510942459106445,-7.923536777496338,-1.7370887994766235
1789324213266801700,5.6778017578125,5.701723575592041,-7.790407657623291,-1.7234538793563843
1789324213285652000,5.69665185546875,5.896536827087402,-7.647277355194092,-1.7089165449142456
1789324213304502300,5.715502197265625,6.107921600341797,-7.482382774353027,-1.6963602304458618
1789324213323352600,5.7343525390625,6.344970226287842,-7.282063007354736,-1.6980301141738892
1789324213342203000,5.753202880859375,6.596250534057617,-7.051572799682617,-1.7132378816604614
1789324213370478300,5.781478271484375,6.963381290435791,-6.676877975463867,-1.7609690427780151
1789324213389328600,5.80032861328125,7.209292411804199,-6.403660774230957,-1.7859535217285156
1789324213408179000,5.819178955078125,7.462281227111816,-6.105482578277588,-1.7910430431365967
1789324213427029200,5.838029296875,7.711399555206299,-5.790199279785156,-1.782778263092041
1789324213445879600,5.856879638671875,7.953995704650879,-5.4542975425720215,-1.7762242555618286
1789324213464729900,5.875729736328125,8.196226119995117,-5.093698024749756,-1.7454266548156738
1789324213483580200,5.894580078125,8.43000602722168,-4.727537631988525,-1.6600515842437744
1789324213502430500,5.913430419921875,8.646201133728027,-4.370899200439453,-1.5194865465164185
1789324213540131000,5.951131103515625,9.017498016357422,-3.688551425933838,-1.1179122924804688
1789324213558981400,5.9699814453125,9.144184112548828,-3.4045777320861816,-0.9813914895057678
1789324213577831700,5.988831787109375,9.23785400390625,-3.1582820415496826,-0.9261206388473511
1789324213596682000,6.007681884765625,9.308823585510254,-2.94779634475708,-0.9092145562171936
1789324213615532300,6.0265322265625,9.35524845123291,-2.7965357303619385,-0.9105424284934998
1789324213634382600,6.045382568359375,9.384234428405762,-2.6935391426086426,-0.9227051734924316
1789324213653233000,6.06423291015625,9.405137062072754,-2.6165544986724854,-0.9313634037971497
1789324213672083200,6.083083251953125,9.413200378417969,-2.5837953090667725,-0.9412990808486938
1789324213690933500,6.10193359375,9.402921676635742,-2.6095356941223145,-0.9725062251091003
1789324213709783800,6.12078369140625,9.374695777893066,-2.6900644302368164,-1.0242198705673218
1789324213728634400,6.13963427734375,9.323639869689941,-2.830793619155884,-1.1075860261917114
1789324213747484700,6.158484619140625,9.244110107421875,-3.0372679233551025,-1.2213958501815796
1789324213766335000,6.1773349609375,9.129720687866211,-3.3097331523895264,-1.365377426147461
1789324213785185300,6.196185302734375,8.981300354003906,-3.629085063934326,-1.5285192728042603
1789324213804035600,6.21503564453125,8.803095817565918,-3.9796197414398193,-1.684791922569275
1789324213822886000,6.233885986328125,8.588553428649902,-4.358259677886963,-1.8473553657531738
1789324213841736200,6.252736083984375,8.342742919921875,-4.756520748138428,-1.9860872030258179
1789324213860586500,6.27158642578125,8.082295417785645,-5.1594133377075195,-2.056051731109619
1789324213879436800,6.290436767578125,7.807076930999756,-5.564316272735596,-2.063570261001587
1789324213898287000,6.309287109375,7.516478061676025,-5.968719005584717,-2.0117995738983154
1789324213917137400,6.328137451171875,7.205743312835693,-6.37212610244751,-1.9088356494903564
1789324213935987700,6.34698779296875,6.87689733505249,-6.7625861167907715,-1.7737221717834473
1789324213954838000,6.365838134765625,6.536752700805664,-7.125371932983398,-1.63411545753479
1789324213983113500,6.394113525390625,6.030933856964111,-7.593998432159424,-1.4592469930648804
1789324214001963800,6.4129638671875,5.700960159301758,-7.859553337097168,-1.3772670030593872
1789324214020814000,6.43181396484375,5.397094249725342,-8.082951545715332,-1.3067727088928223
1789324214039664400,6.450664306640625,5.123257637023926,-8.266692161560059,-1.25873863697052
1789324214058514700,6.4695146484375,4.897855281829834,-8.40102481842041,-1.2665636539459229
1789324214077365000,6.488364990234375,4.7463698387146,-8.478860855102539,-1.3233553171157837
1789324214096215300,6.50721533203125,4.660674571990967,-8.515592575073242,-1.3903942108154297
1789324214115065600,6.526065673828125,4.628283500671387,-8.524261474609375,-1.4444235563278198
1789324214133916000,6.544916015625,4.648406982421875,-8.508533477783203,-1.4722611904144287
1789324214152766200,6.56376611328125,4.716924667358398,-8.468053817749023,-1.4876368045806885
1789324214171616500,6.582616455078125,4.81984806060791,-8.406478881835938,-1.5068403482437134
1789324214190467000,6.601467041015625,4.9510650634765625,-8.325663566589355,-1.529922604560852
1789324214209317400,6.6203173828125,5.104137897491455,-8.22909164428711,-1.549262285232544
1789324214228167700,6.639167724609375,5.277502059936523,-8.119513511657715,-1.5465645790100098
1789324214247018000,6.65801806640625,5.464714527130127,-7.999101638793945,-1.5236999988555908
1789324214265868300,6.676868408203125,5.661423683166504,-7.867900371551514,-1.4882287979125977
1789324214284718600,6.695718505859375,5.860864162445068,-7.724977016448975,-1.4647130966186523
1789324214303569000,6.71456884765625,6.062384605407715,-7.568264484405518,-1.4626227617263794
1789324214322419200,6.733419189453125,6.272937297821045,-7.39167594909668,-1.4777612686157227
1789324214350694700,6.761694580078125,6.612429141998291,-7.080476760864258,-1.5208615064620972
1789324214369545000,6.780544921875,6.861215591430664,-6.836406230926514,-1.5354650020599365
1789324214388395300,6.799395263671875,7.122603416442871,-6.556958198547363,-1.5637166500091553
1789324214407245600,6.81824560546875,7.37870454788208,-6.255810260772705,-1.6093302965164185
1789324214426095900,6.837095947265625,7.63261604309082,-5.934232234954834,-1.6426949501037598
1789324214444946400,6.855946533203125,7.8857855796813965,-5.594021320343018,-1.6406395435333252
1789324214463796700,6.874796630859375,8.115314483642578,-5.258640289306641,-1.630570411682129
1789324214482647000,6.89364697265625,8.327589988708496,-4.925399303436279,-1.6006495952606201
1789324214510922500,6.921922607421875,8.64816665649414,-4.396968841552734,-1.4304745197296143
1789324214529772800,6.940772705078125,8.84696102142334,-4.048148155212402,-1.2305171489715576
1789324214548623000,6.959623046875,9.0198392868042,-3.7081215381622314,-1.0308867692947388
1789324214567473400,6.978473388671875,9.160810470581055,-3.3832671642303467,-0.8963626623153687
1789324214586323700,6.99732373046875,9.265892028808594,-3.1075026988983154,-0.8105940818786621
1789324214605174000,7.016174072265625,9.332538604736328,-2.9180753231048584,-0.7476333379745483
1789324214624024300,7.0350244140625,9.37252140045166,-2.7922685146331787,-0.7276363372802734
1789324214642874600,7.05387451171875,9.396343231201172,-2.7056658267974854,-0.7473339438438416
1789324214661725000,7.072724853515625,9.409078598022461,-2.6496381759643555,-0.7867789268493652
1789324214680575200,7.0915751953125,9.402420997619629,-2.6595849990844727,-0.8315480351448059
1789324214699425800,7.11042578125,9.373100280761719,-2.7420761585235596,-0.8924146294593811
1789324214718276000,7.129276123046875,9.324190139770508,-2.876929759979248,-0.9762898087501526
1789324214737126400,7.14812646484375,9.256576538085938,-3.0471503734588623,-1.0959299802780151
1789324214755976700,7.166976806640625,9.165499687194824,-3.2642171382904053,-1.228371024131775
1789324214774827000,7.185826904296875,9.036369323730469,-3.546051025390625,-1.3928166627883911
1789324214793677300,7.20467724609375,8.869964599609375,-3.877770185470581,-1.5674893856048584
1789324214812527600,7.223527587890625,8.670099258422852,-4.246201038360596,-1.7232328653335571
1789324214831378000,7.2423779296875,8.43677043914795,-4.644720077514648,-1.8487440347671509
1789324214850228200,7.261228271484375,8.185919761657715,-5.04555082321167,-1.924457311630249
1789324214869078500,7.28007861328125,7.918511867523193,-5.444716453552246,-1.9551554918289185
1789324214887928800,7.2989287109375,7.643851280212402,-5.833260536193848,-1.9274324178695679
1789324214906779100,7.317779052734375,7.341411590576172,-6.235958099365234,-1.840346336364746
1789324214925629400,7.33662939453125,6.987622261047363,-6.657480239868164,-1.738235592842102
1789324214944480000,7.35547998046875,6.595880508422852,-7.074152946472168,-1.6189825534820557
1789324214982180600,7.3931806640625,5.8379130363464355,-7.746119499206543,-1.4445749521255493
1789324215001031000,7.412031005859375,5.503605365753174,-7.9991021156311035,-1.3766188621520996
1789324215019881200,7.430881103515625,5.206325054168701,-8.203409194946289,-1.3299072980880737
1789324215038731500,7.4497314453125,4.9713897705078125,-8.346481323242188,-1.338624358177185
1789324215057581800,7.468581787109375,4.782734394073486,-8.446611404418945,-1.3966304063796997
1789324215076432100,7.48743212890625,4.640976428985596,-8.514298439025879,-1.4623452425003052
1789324215095282400,7.506282470703125,4.557711124420166,-8.549851417541504,-1.5158134698867798
1789324215114132700,7.5251328125,4.543886184692383,-8.551013946533203,-1.5503708124160767
1789324215142408200,7.553408203125,4.602419376373291,-8.51228141784668,-1.5903428792953491
1789324215161258500,7.572258544921875,4.677948474884033,-8.463568687438965,-1.6294742822647095
1789324215180109000,7.591109130859375,4.803679943084717,-8.39017105102539,-1.643188714981079
1789324215198959400,7.60995947265625,4.95964241027832,-8.295845985412598,-1.6586956977844238
1789324215217809700,7.6288095703125,5.129761219024658,-8.1887845993042,-1.6732410192489624
1789324215236660000,7.647659912109375,5.31818151473999,-8.067449569702148,-1.6743929386138916
1789324215255510300,7.66651025390625,5.523635387420654,-7.928461074829102,-1.6731255054473877
1789324215274360600,7.685360595703125,5.719423770904541,-7.784902095794678,-1.689342737197876
1789324215293211000,7.7042109375,5.899924278259277,-7.6439008712768555,-1.712326169013977
1789324215312061200,7.723061279296875,6.095067501068115,-7.486433982849121,-1.7244868278503418
1789324215330911500,7.741911376953125,6.319009780883789,-7.299274444580078,-1.7207860946655273
1789324215349761800,7.76076171875,6.556962966918945,-7.085449695587158,-1.7242484092712402
1789324215368612000,7.779612060546875,6.791680335998535,-6.857264041900635,-1.7382158041000366
1789324215387462400,7.79846240234375,7.026669979095459,-6.6117682456970215,-1.7552220821380615
1789324215406313000,7.81731298828125,7.278697967529297,-6.329681873321533,-1.768065333366394
1789324215425163300,7.836163330078125,7.536218643188477,-6.018636703491211,-1.7753289937973022
1789324215444013600,7.855013671875,7.786088466644287,-5.6913628578186035,-1.7764030694961548
1789324215462864000,7.87386376953125,8.025445938110352,-5.349340915679932,-1.7740246057510376
1789324215481714200,7.892714111328125,8.251567840576172,-5.004411220550537,-1.7429556846618652
1789324215500564500,7.911564453125,8.468546867370605,-4.665881633758545,-1.6381793022155762
1789324215519414800,7.930414794921875,8.670798301696777,-4.337582111358643,-1.4741212129592896
1789324215538265000,7.94926513671875,8.845771789550781,-4.024937152862549,-1.3124760389328003
1789324215557115400,7.968115478515625,8.995835304260254,-3.714930772781372,-1.20192289352417
1789324215575965700,7.986965576171875,9.122252464294434,-3.424984931945801,-1.106515884399414
1789324215594816000,8.00581591796875,9.22055435180664,-3.177945137023926,-1.0258824825286865
1789324215613666300,8.024666259765626,9.291462898254395,-2.9781653881073,-0.9846888780593872
1789324215632516900,8.043516845703126,9.33922290802002,-2.824044942855835,-0.9869542717933655
1789324215651367200,8.0623671875,9.365192413330078,-2.7279694080352783,-1.0108091831207275
1789324215670217500,8.081217529296875,9.368168830871582,-2.703129529953003,-1.0492275953292847
1789324215689067800,8.10006787109375,9.348447799682617,-2.7470712661743164,-1.109273910522461
1789324215707918000,8.11891796875,9.308119773864746,-2.845231294631958,-1.1974804401397705
1789324215726768400,8.137768310546875,9.245709419250488,-2.9951772689819336,-1.3100206851959229
1789324215745618700,8.15661865234375,9.149473190307617,-3.216179370880127,-1.453863501548767
1789324215764469000,8.175468994140624,9.014155387878418,-3.5082523822784424,-1.614791989326477
1789324215783319300,8.1943193359375,8.842255592346191,-3.846558094024658,-1.7857474088668823
1789324215802169600,8.213169677734374,8.638440132141113,-4.212685585021973,-1.9496201276779175
1789324215821020000,8.23202001953125,8.404603004455566,-4.601570129394531,-2.0877227783203125
1789324215839870500,8.250870361328126,8.154824256896973,-4.99068021774292,-2.1822783946990967
1789324215858720800,8.269720703125,7.887086868286133,-5.3834228515625,-2.2322633266448975
1789324215877571000,8.288571044921875,7.600235462188721,-5.780336856842041,-2.2348389625549316
1789324215896421400,8.30742138671875,7.304009914398193,-6.180670261383057,-2.1496851444244385
1789324215915271700,8.326271728515625,6.97962760925293,-6.583747386932373,-2.0271804332733154
1789324215934122000,8.3451220703125,6.643011093139648,-6.960766792297363,-1.8943363428115845
1789324215952972300,8.36397216796875,6.299722671508789,-7.301493167877197,-1.781031608581543
1789324215981247700,8.392247802734374,5.759438514709473,-7.760370254516602,-1.6661099195480347
1789324216000098000,8.41109814453125,5.410675525665283,-8.01978588104248,-1.6056201457977295
1789324216018948400,8.4299482421875,5.094630241394043,-8.229737281799316,-1.5768839120864868
1789324216037798700,8.448798583984376,4.822288513183594,-8.387091636657715,-1.6039400100708008
1789324216056649000,8.46764892578125,4.616702079772949,-8.491524696350098,-1.6584492921829224
1789324216075499500,8.48649951171875,4.48425817489624,-8.554875373840332,-1.6958552598953247
1789324216094349800,8.505349853515625,4.42116117477417,-8.584244728088379,-1.7130333185195923
1789324216113200000,8.5242001953125,4.425537586212158,-8.57698917388916,-1.73788583278656
1789324216132050400,8.543050537109375,4.4717116355896,-8.544841766357422,-1.7776013612747192
1789324216150900700,8.561900634765625,4.551364898681641,-8.495038032531738,-1.813778042793274
1789324216169751000,8.5807509765625,4.672072410583496,-8.425309181213379,-1.8320215940475464
1789324216188601300,8.599601318359374,4.827628135681152,-8.335892677307129,-1.8377361297607422
1789324216207451600,8.61845166015625,5.000205039978027,-8.233370780944824,-1.838460922241211
1789324216226302000,8.637302001953126,5.18464469909668,-8.122868537902832,-1.8190245628356934
1789324216245152300,8.65615234375,5.379593372344971,-8.00236988067627,-1.7867395877838135
1789324216264002600,8.67500244140625,5.57883882522583,-7.870542526245117,-1.7611119747161865
1789324216282852900,8.693852783203125,5.782222270965576,-7.727379322052002,-1.7389358282089233
1789324216301703200,8.712703125,5.995359897613525,-7.564549922943115,-1.733092188835144
1789324216320553500,8.731553466796875,6.217012405395508,-7.381382942199707,-1.741932988166809
1789324216339403800,8.75040380859375,6.455275535583496,-7.171548366546631,-1.7517739534378052
1789324216358254000,8.769254150390625,6.70406436920166,-6.935610294342041,-1.7672672271728516
1789324216377104400,8.7881044921875,6.947131633758545,-6.686718940734863,-1.7876073122024536
1789324216395954700,8.80695458984375,7.190437316894531,-6.4195170402526855,-1.8049336671829224
1789324216414805200,8.82580517578125,7.450484275817871,-6.114667892456055,-1.8087314367294312
1789324216433655600,8.844655517578126,7.719186305999756,-5.7769904136657715,-1.7919079065322876
1789324216452505900,8.863505859375,7.982157230377197,-5.4216814041137695,-1.7495487928390503
1789324216480781300,8.89178125,8.325920104980469,-4.908257961273193,-1.6608576774597168
1789324216499631600,8.910631591796875,8.53548812866211,-4.584603786468506,-1.5156675577163696
1789324216518482000,8.92948193359375,8.72856616973877,-4.274354457855225,-1.3085952997207642
1789324216537332200,8.948332275390625,8.888524055480957,-3.975844144821167,-1.1649835109710693
1789324216556182500,8.9671826171875,9.02906608581543,-3.666001081466675,-1.098540186882019
1789324216575032800,8.98603271484375,9.148942947387695,-3.3795993328094482,-1.0225125551223755
1789324216593883100,9.004883056640624,9.241844177246094,-3.141399383544922,-0.9435573220252991
1789324216612733400,9.0237333984375,9.31006145477295,-2.942366600036621,-0.9141268134117126
1789324216631583700,9.042583740234376,9.353440284729004,-2.8016810417175293,-0.9133021235466003
1789324216650434000,9.06143408203125,9.373177528381348,-2.7244222164154053,-0.9441678524017334
1789324216669284600,9.08028466796875,9.371368408203125,-2.7189738750457764,-0.9772516489028931
1789324216688135000,9.099135009765625,9.348335266113281,-2.7797608375549316,-1.025640845298767
1789324216706985200,9.117985107421875,9.31095027923584,-2.8823792934417725,-1.080962061882019
1789324216725835500,9.13683544921875,9.256528854370117,-3.024535655975342,-1.1572598218917847
1789324216744685800,9.155685791015625,9.177443504333496,-3.2202858924865723,-1.2548589706420898
1789324216763536100,9.1745361328125,9.06933879852295,-3.474276304244995,-1.359001874923706
1789324216782386400,9.193386474609374,8.924519538879395,-3.7869813442230225,-1.4771958589553833
1789324216801236700,9.21223681640625,8.740553855895996,-4.140926361083984,-1.620440125465393
1789324216820087000,9.231087158203126,8.514796257019043,-4.526913166046143,-1.7820454835891724
1789324216838937300,9.249937255859376,8.255901336669922,-4.931471824645996,-1.9212154150009155
1789324216857787600,9.26878759765625,7.9797043800354,-5.348422050476074,-1.9720793962478638
1789324216876638000,9.287637939453125,7.697347164154053,-5.761412620544434,-1.9306367635726929
1789324216895488300,9.30648828125,7.398773670196533,-6.1773858070373535,-1.8078830242156982
1789324216914338600,9.325338623046875,7.0747389793396,-6.585729122161865,-1.6572940349578857
1789324216933188900,9.34418896484375,6.736125946044922,-6.967353820800781,-1.5003269910812378
1789324216952039200,9.3630390625,6.389698505401611,-7.3119330406188965,-1.370316743850708
1789324216970889500,9.381889404296874,6.047749042510986,-7.61332368850708,-1.2776615619659424
1789324216989739800,9.40073974609375,5.709547519683838,-7.881977558135986,-1.2024482488632202
1789324217008590000,9.419590087890626,5.384335517883301,-8.11239242553711,-1.1697920560836792
1789324217027440400,9.4384404296875,5.099845886230469,-8.291875839233398,-1.1860677003860474
1789324217046290700,9.457290771484375,4.869205474853516,-8.421964645385742,-1.23762845993042
1789324217065141000,9.47614111328125,4.690311908721924,-8.512782096862793,-1.3053317070007324
1789324217083991600,9.494991455078125,4.568942070007324,-8.570395469665527,-1.357744812965393
1789324217102841900,9.513841796875,4.521485805511475,-8.590522766113281,-1.3890552520751953
1789324217121692200,9.532692138671875,4.546512603759766,-8.570623397827148,-1.4296964406967163
1789324217140542500,9.55154248046875,4.6120100021362305,-8.524120330810547,-1.4963730573654175
1789324217159392800,9.570392822265624,4.711646556854248,-8.457433700561523,-1.562874674797058
1789324217178243000,9.5892431640625,4.855737686157227,-8.364944458007812,-1.6186156272888184
1789324217197093400,9.60809326171875,5.04425048828125,-8.24752140045166,-1.6444793939590454
1789324217215943700,9.626943603515626,5.250246047973633,-8.115948677062988,-1.6542915105819702
1789324217234794000,9.6457939453125,5.445773601531982,-7.987524032592773,-1.6472424268722534
1789324217253644300,9.664644287109375,5.62928581237793,-7.8621625900268555,-1.633374810218811
1789324217272494600,9.68349462890625,5.812306880950928,-7.727088451385498,-1.6369432210922241
1789324217291345000,9.702344970703125,5.9990410804748535,-7.580437660217285,-1.6488969326019287
1789324217310195200,9.7211953125,6.184327602386475,-7.423039436340332,-1.6801669597625732
1789324217329045500,9.74004541015625,6.3862385749816895,-7.245352268218994,-1.7003531455993652
1789324217347895800,9.758895751953125,6.620914936065674,-7.033471584320068,-1.6923774480819702
1789324217366746000,9.77774609375,6.884615421295166,-6.775636196136475,-1.6921004056930542
1789324217395021600,9.806021484375,7.278853416442871,-6.328702926635742,-1.7709283828735352
1789324217413871900,9.824871826171876,7.5257439613342285,-6.012689590454102,-1.8387857675552368
1789324217432722200,9.84372216796875,7.761858940124512,-5.697576522827148,-1.8605247735977173
1789324217451572500,9.862572509765625,7.983639717102051,-5.387269020080566,-1.8464045524597168
1789324217470422800,9.8814228515625,8.193653106689453,-5.075965404510498,-1.8080368041992188
1789324217489273000,9.900273193359375,8.402169227600098,-4.766356945037842,-1.6899116039276123
1789324217508123400,9.919123291015625,8.599867820739746,-4.45443058013916,-1.5397089719772339
1789324217526973700,9.9379736328125,8.775903701782227,-4.135629177093506,-1.4319555759429932
1789324217545824000,9.956823974609375,8.942026138305664,-3.797896146774292,-1.336613655090332
1789324217564674300,9.97567431640625,9.088088035583496,-3.4779551029205322,-1.21690833568573
1789324217583524600,9.994524658203124,9.190455436706543,-3.229459047317505,-1.1298235654830933
1789324217602375000,10.013375,9.252232551574707,-3.054877281188965,-1.1109883785247803
1789324217621225200,10.03222509765625,9.290072441101074,-2.922478199005127,-1.150675892829895
1789324217640075500,10.051075439453125,9.30678653717041,-2.8424224853515625,-1.2143950462341309
1789324217658925800,10.06992578125,9.302799224853516,-2.827740430831909,-1.2775717973709106
1789324217677776100,10.088776123046875,9.275934219360352,-2.877683401107788,-1.3588086366653442
1789324217696626400,10.10762646484375,9.228017807006836,-2.9774205684661865,-1.465954065322876
1789324217715476700,10.126476806640625,9.159261703491211,-3.1267664432525635,-1.5816527605056763
1789324217734327000,10.1453271484375,9.062165260314941,-3.3358190059661865,-1.7087599039077759
1789324217753177300,10.16417724609375,8.932326316833496,-3.6007168292999268,-1.8489904403686523
1789324217772027600,10.183027587890624,8.76615047454834,-3.9112329483032227,-2.006800413131714
1789324217790878000,10.2018779296875,8.560243606567383,-4.253042221069336,-2.1918585300445557
1789324217809728300,10.220728271484376,8.321786880493164,-4.622800827026367,-2.355412006378174
1789324217828578600,10.23957861328125,8.062667846679688,-5.009306907653809,-2.4638631343841553
1789324217847428900,10.258428955078125,7.795938491821289,-5.404542446136475,-2.486898183822632
1789324217866279200,10.277279052734375,7.516133785247803,-5.802204132080078,-2.4520492553710938
1789324217885129500,10.29612939453125,7.215972423553467,-6.203514099121094,-2.3699231147766113
1789324217903979800,10.314979736328125,6.898736953735352,-6.597169399261475,-2.248373508453369
1789324217922830000,10.333830078125,6.564772605895996,-6.977490425109863,-2.0949416160583496
1789324217941680400,10.352680419921874,6.195087432861328,-7.347688674926758,-1.950064778327942
1789324217960530700,10.37153076171875,5.801539897918701,-7.686794757843018,-1.8508696556091309
1789324217979381000,10.390381103515624,5.434844493865967,-7.966207981109619,-1.7811177968978882
1789324217998231300,10.409231201171876,5.124650001525879,-8.18462085723877,-1.7088967561721802
1789324218017081600,10.42808154296875,4.873814105987549,-8.347503662109375,-1.6539344787597656
1789324218035932000,10.446931884765625,4.664941310882568,-8.466170310974121,-1.6530808210372925
1789324218054782200,10.4657822265625,4.498719215393066,-8.548901557922363,-1.6876591444015503
1789324218073632300,10.48463232421875,4.39372444152832,-8.595752716064453,-1.7258704900741577
1789324218092482600,10.503482666015625,4.358754634857178,-8.60751724243164,-1.7556462287902832
1789324218111332900,10.522332763671875,4.38022518157959,-8.589601516723633,-1.789623737335205
1789324218130183200,10.54118310546875,4.445026874542236,-8.545689582824707,-1.8393785953521729
1789324218149033500,10.560033447265624,4.547603130340576,-8.478419303894043,-1.8989723920822144
1789324218167883800,10.5788837890625,4.691197395324707,-8.388298034667969,-1.9492356777191162
1789324218186734000,10.597734130859376,4.877983570098877,-8.274213790893555,-1.978147029876709
1789324218205584400,10.61658447265625,5.095484256744385,-8.139762878417969,-1.9876340627670288
1789324218224434700,10.6354345703125,5.3100666999816895,-7.999924659729004,-1.9936845302581787
1789324218243285000,10.654284912109375,5.515767574310303,-7.858325004577637,-1.9983553886413574
1789324218262135300,10.67313525390625,5.720237731933594,-7.705447673797607,-2.018751621246338
1789324218280985600,10.691985595703125,5.924964427947998,-7.54307746887207,-2.0413625240325928
1789324218299836000,10.7108359375,6.137424945831299,-7.365542411804199,-2.061842918395996
1789324218318686200,10.729686279296875,6.369824409484863,-7.160109996795654,-2.0805165767669678
1789324218337536500,10.74853662109375,6.615643501281738,-6.930393218994141,-2.091243267059326
1789324218356386800,10.76738671875,6.861554145812988,-6.68239164352417,-2.105970621109009
1789324218375237000,10.786237060546876,7.108789920806885,-6.413952350616455,-2.1205432415008545
1789324218394087400,10.80508740234375,7.351381301879883,-6.1296586990356445,-2.134211301803589
1789324218412937500,10.8239375,7.5890116691589355,-5.829731464385986,-2.142781972885132
1789324218431787800,10.842787841796875,7.825043678283691,-5.5104546546936035,-2.138686180114746
1789324218450638000,10.86163818359375,8.053786277770996,-5.178463459014893,-2.119063138961792
1789324218469488400,10.88048828125,8.273307800292969,-4.850307464599609,-2.0487241744995117
1789324218488338700,10.899338623046875,8.484305381774902,-4.5357537269592285,-1.9010270833969116
1789324218507189000,10.91818896484375,8.676497459411621,-4.237265110015869,-1.7129961252212524
1789324218526039300,10.937039306640624,8.834566116333008,-3.952387571334839,-1.5809656381607056
1789324218544889600,10.9558896484375,8.970105171203613,-3.6647164821624756,-1.5091221332550049
1789324218563740000,10.974739990234376,9.080986022949219,-3.408169984817505,-1.4458492994308472
1789324218582590200,10.993590087890626,9.165253639221191,-3.1955220699310303,-1.3989782333374023
1789324218601440500,11.0124404296875,9.227823257446289,-3.019757032394409,-1.377950668334961
1789324218620290800,11.031290771484375,9.269744873046875,-2.8872878551483154,-1.3805022239685059
1789324218639140900,11.050140869140625,9.291625022888184,-2.808950424194336,-1.3949503898620605
1789324218657991200,11.0689912109375,9.293892860412598,-2.790553569793701,-1.416600227355957
1789324218676841500,11.087841552734375,9.278501510620117,-2.8219621181488037,-1.4547597169876099
1789324218695691800,11.10669189453125,9.242931365966797,-2.899717330932617,-1.5265109539031982
1789324218714542000,11.1255419921875,9.183098793029785,-3.0276975631713867,-1.635276198387146
1789324218733392400,11.144392333984374,9.093276977539062,-3.2152698040008545,-1.7733427286148071
1789324218752242700,11.16324267578125,8.972042083740234,-3.4579055309295654,-1.9276241064071655
1789324218771093000,11.182093017578126,8.816046714782715,-3.75474214553833,-2.0855729579925537
1789324218789943300,11.200943359375,8.622503280639648,-4.098580837249756,-2.241527795791626
1789324218808793600,11.219793701171875,8.395583152770996,-4.475100517272949,-2.378661632537842
1789324218827643600,11.2386435546875,8.147514343261719,-4.86622953414917,-2.4714765548706055
1789324218846494000,11.257493896484375,7.892978668212891,-5.263653755187988,-2.4829862117767334
1789324218865344300,11.27634423828125,7.63291072845459,-5.6552324295043945,-2.434626817703247
1789324218884194600,11.295194580078125,7.365548133850098,-6.042820453643799,-2.3245224952697754
1789324218903044900,11.314044921875,7.070251941680908,-6.434414386749268,-2.1863763332366943
1789324218921895200,11.332895263671874,6.755001544952393,-6.811986446380615,-2.034003257751465
1789324218940745500,11.351745361328126,6.424019813537598,-7.169062614440918,-1.8726696968078613
1789324218959595800,11.370595703125,6.078816890716553,-7.498607635498047,-1.728948712348938
1789324218978445800,11.38944580078125,5.726314067840576,-7.793911933898926,-1.623161792755127
1789324218997296000,11.408296142578125,5.386691570281982,-8.046280860900879,-1.5528379678726196
1789324219016146400,11.427146484375,5.088171482086182,-8.248141288757324,-1.499690055847168
1789324219034996700,11.445996826171875,4.8410234451293945,-8.398425102233887,-1.483691930770874
1789324219063272200,11.474272216796875,4.575109004974365,-8.53780460357666,-1.531225323677063
1789324219082122200,11.493122314453124,4.475445747375488,-8.580666542053223,-1.5852267742156982
1789324219100972800,11.511972900390624,4.440725326538086,-8.59074592590332,-1.627709984779358
1789324219119822800,11.53082275390625,4.460407733917236,-8.573859214782715,-1.6625571250915527
1789324219138673200,11.549673095703126,4.525327682495117,-8.531972885131836,-1.702126383781433
1789324219157523500,11.5685234375,4.639306545257568,-8.466048240661621,-1.7243075370788574
1789324219176373800,11.587373779296875,4.789637565612793,-8.378874778747559,-1.7390285730361938
1789324219195224000,11.60622412109375,4.96920919418335,-8.274674415588379,-1.7341058254241943
1789324219214074400,11.625074462890625,5.164184093475342,-8.156970977783203,-1.7220419645309448
1789324219232924400,11.64392431640625,5.363636016845703,-8.029316902160645,-1.712273359298706
1789324219251774700,11.662774658203125,5.561239242553711,-7.895126819610596,-1.7058652639389038
1789324219270625000,11.681625,5.765354156494141,-7.749677658081055,-1.695165753364563
1789324219289475300,11.700475341796874,5.977969169616699,-7.590304851531982,-1.6797484159469604
1789324219308325600,11.71932568359375,6.2000956535339355,-7.41361141204834,-1.6635955572128296
1789324219327175700,11.73817578125,6.434716701507568,-7.213200569152832,-1.6536433696746826
1789324219346026000,11.75702587890625,6.673553466796875,-6.990632057189941,-1.6628670692443848
1789324219364876300,11.775876220703125,6.910181522369385,-6.750852584838867,-1.6869381666183472
1789324219383726600,11.7947265625,7.152599811553955,-6.486538887023926,-1.7133383750915527
1789324219402577000,11.813576904296875,7.405979633331299,-6.19148588180542,-1.728395700454712
1789324219421427000,11.832427001953125,7.661513805389404,-5.875912666320801,-1.7161674499511719
1789324219440277200,11.85127734375,7.907595634460449,-5.551175594329834,-1.6807018518447876
1789324219459127600,11.87012744140625,8.135903358459473,-5.221435546875,-1.647443413734436
1789324219477977900,11.888977783203124,8.35473918914795,-4.8782243728637695,-1.603636622428894
1789324219496828200,11.907828125,8.569218635559082,-4.527626991271973,-1.4964832067489624
1789324219515678200,11.92667822265625,8.771790504455566,-4.1845550537109375,-1.3098020553588867
1789324219534528500,11.945528564453125,8.945438385009766,-3.861762285232544,-1.111892819404602
1789324219553378800,11.96437890625,9.085278511047363,-3.558263063430786,-0.9832961559295654
1789324219572229000,11.98322900390625,9.197157859802246,-3.279597520828247,-0.9093496203422546
1789324219591079200,12.0020791015625,9.277956008911133,-3.061631202697754,-0.8463605642318726
1789324219609929500,12.020929443359375,9.33008098602295,-2.9054079055786133,-0.8237556219100952
1789324219638205000,12.049204833984374,9.376114845275879,-2.7415664196014404,-0.8617902994155884
1789324219657055200,12.06805517578125,9.387561798095703,-2.6901421546936035,-0.8984375
1789324219675905500,12.086905517578124,9.383319854736328,-2.693403482437134,-0.9323450922966003
1789324219694755600,12.105755615234376,9.365182876586914,-2.738719940185547,-0.9814009666442871
1789324219713606000,12.12460595703125,9.327609062194824,-2.8371784687042236,-1.056654453277588
1789324219741881300,12.15288134765625,9.212333679199219,-3.124466896057129,-1.2413660287857056
1789324219760731600,12.171731689453125,9.089924812316895,-3.3985331058502197,-1.4119564294815063
1789324219779581700,12.190581787109375,8.93492603302002,-3.716082811355591,-1.5900317430496216
1789324219798432000,12.209431884765625,8.743706703186035,-4.072548866271973,-1.769837498664856
1789324219817282300,12.2282822265625,8.520981788635254,-4.4497504234313965,-1.9398388862609863
1789324219836132400,12.24713232421875,8.277708053588867,-4.826701641082764,-2.0863630771636963
1789324219854982700,12.265982666015624,8.01043701171875,-5.214905738830566,-2.19272780418396
1789324219873833000,12.2848330078125,7.723513126373291,-5.61492919921875,-2.233900308609009
1789324219892683300,12.303683349609376,7.426242351531982,-6.020822525024414,-2.1842589378356934
1789324219911533600,12.322533447265625,7.102063179016113,-6.435611724853516,-2.0770158767700195
1789324219930383600,12.341383544921875,6.762214660644531,-6.828436851501465,-1.9532750844955444
1789324219949234000,12.36023388671875,6.41313362121582,-7.183351993560791,-1.855142593383789
1789324219968084200,12.379084228515625,6.063812732696533,-7.496537685394287,-1.789546012878418
1789324219986934300,12.397934326171875,5.721402645111084,-7.773968696594238,-1.7324386835098267
1789324220005784600,12.41678466796875,5.383920669555664,-8.022772789001465,-1.6789602041244507
1789324220024635000,12.435634765625,5.060652256011963,-8.237863540649414,-1.6424942016601562
1789324220043485200,12.454485107421876,4.786435127258301,-8.400615692138672,-1.640148401260376
1789324220062335200,12.473335205078126,4.591015815734863,-8.503721237182617,-1.6672415733337402
1789324220090610700,12.501610595703125,4.446412563323975,-8.56976318359375,-1.7201600074768066
1789324220109460700,12.520460693359375,4.41847038269043,-8.58008098602295,-1.740610122680664
1789324220128311000,12.53931103515625,4.430777072906494,-8.566415786743164,-1.7762694358825684
1789324220147161300,12.558161376953125,4.492373466491699,-8.523187637329102,-1.8287262916564941
1789324220166011600,12.57701171875,4.59240198135376,-8.457818984985352,-1.8829553127288818
1789324220184861700,12.59586181640625,4.720785140991211,-8.376215934753418,-1.9296613931655884
1789324220203712000,12.6147119140625,4.883161544799805,-8.276987075805664,-1.9536153078079224
1789324220222562300,12.633562255859376,5.06837272644043,-8.162212371826172,-1.9647585153579712
1789324220241412400,12.652412353515626,5.256261825561523,-8.040214538574219,-1.974092721939087
1789324220260262700,12.6712626953125,5.4425458908081055,-7.9146342277526855,-1.976777195930481
1789324220279113000,12.690113037109375,5.6249189376831055,-7.784369468688965,-1.9834954738616943
1789324220297963000,12.708962890625,5.817662239074707,-7.6408915519714355,-1.9854403734207153
1789324220316813300,12.727813232421875,6.035128593444824,-7.47025203704834,-1.9856843948364258
1789324220335663600,12.74666357421875,6.2641472816467285,-7.268462657928467,-2.0249195098876953
1789324220354513700,12.765513671875,6.483757495880127,-7.0528130531311035,-2.0950160026550293
1789324220373364000,12.784364013671874,6.704195976257324,-6.825572967529297,-2.1530635356903076
1789324220392214000,12.803214111328124,6.944564342498779,-6.571369647979736,-2.181861400604248
1789324220411064300,12.822064208984376,7.1937456130981445,-6.291504859924316,-2.1994051933288574
1789324220429914600,12.84091455078125,7.442662715911865,-5.9914469718933105,-2.209009885787964
1789324220448765000,12.859764892578125,7.687188625335693,-5.675732135772705,-2.205353021621704
1789324220467615000,12.878614990234375,7.923969745635986,-5.346004009246826,-2.191197395324707
1789324220486465300,12.89746533203125,8.155974388122559,-5.01229190826416,-2.1277706623077393
1789324220505315300,12.9163154296875,8.380946159362793,-4.6862640380859375,-1.9922500848770142
1789324220524165600,12.93516552734375,8.581555366516113,-4.373317718505859,-1.8442827463150024
1789324220543016000,12.954015869140624,8.751447677612305,-4.067399024963379,-1.7432185411453247
1789324220561866000,12.972865966796874,8.904764175415039,-3.765305519104004,-1.6425689458847046
1789324220580716300,12.99171630859375,9.030166625976562,-3.4969348907470703,-1.548521876335144
1789324220599566600,13.010566650390626,9.122065544128418,-3.272534132003784,-1.499609112739563
1789324220618416600,13.029416748046875,9.184536933898926,-3.1001360416412354,-1.484527349472046
1789324220637267000,13.048266845703125,9.222740173339844,-2.9888203144073486,-1.4759459495544434
1789324220656117000,13.067116943359375,9.239042282104492,-2.9352900981903076,-1.4814093112945557
1789324220674967300,13.08596728515625,9.235407829284668,-2.928676128387451,-1.5167381763458252
1789324220693817600,13.104817626953125,9.209844589233398,-2.976114511489868,-1.5785688161849976
1789324220712667600,13.123667724609374,9.159088134765625,-3.081023693084717,-1.6699639558792114
1789324220731518000,13.14251806640625,9.086604118347168,-3.232787609100342,-1.775696873664856
1789324220750368000,13.161367919921876,8.988341331481934,-3.4380578994750977,-1.886763095855713
1789324220769218300,13.18021826171875,8.856863975524902,-3.6998329162597656,-2.00937557220459
1789324220788068600,13.199068603515625,8.692203521728516,-4.005125999450684,-2.1389098167419434
1789324220806918700,13.217918701171875,8.499765396118164,-4.3403706550598145,-2.255120038986206
1789324220825769000,13.23676904296875,8.27798080444336,-4.697702407836914,-2.361567735671997
1789324220844619000,13.255618896484375,8.035253524780273,-5.0640645027160645,-2.4413797855377197
1789324220863469300,13.27446923828125,7.7733049392700195,-5.45145845413208,-2.4551401138305664
1789324220882319600,13.293319580078125,7.504007339477539,-5.837123394012451,-2.4058806896209717
1789324220901169700,13.312169677734374,7.214744567871094,-6.221735954284668,-2.3254799842834473
1789324220920020000,13.33102001953125,6.89528751373291,-6.605555534362793,-2.234286069869995
1789324220938870000,13.3498701171875,6.558292388916016,-6.977358818054199,-2.115572929382324
1789324220957720300,13.36872021484375,6.208113193511963,-7.325687885284424,-1.9909777641296387
1789324220976570400,13.3875703125,5.8575968742370605,-7.6351542472839355,-1.8876899480819702
1789324220995420700,13.406420654296875,5.520956516265869,-7.898306846618652,-1.8182871341705322
1789324221014270700,13.425270751953125,5.20622444152832,-8.119096755981445,-1.7736672163009644
1789324221033121000,13.44412109375,4.929817199707031,-8.295209884643555,-1.7483627796173096
1789324221051971000,13.46297119140625,4.70922327041626,-8.421480178833008,-1.7527949810028076
1789324221070821400,13.4818212890625,4.55017614364624,-8.501688957214355,-1.785375714302063
1789324221089671400,13.50067138671875,4.444077014923096,-8.544478416442871,-1.8472791910171509
1789324221108521700,13.519521728515626,4.391617298126221,-8.557637214660645,-1.9107422828674316
1789324221127371800,13.538371826171876,4.393022537231445,-8.545618057250977,-1.960654377937317
1789324221146222000,13.55722216796875,4.452898025512695,-8.50795841217041,-1.989152193069458
1789324221165072400,13.576072265625,4.560310363769531,-8.446146965026855,-2.009119987487793
1789324221183922400,13.59492236328125,4.698686599731445,-8.367618560791016,-2.018836736679077
1789324221202772700,13.613772705078125,4.860872745513916,-8.2748384475708,-2.0172629356384277
1789324221221622800,13.632622802734375,5.048484802246094,-8.164203643798828,-2.007230043411255
1789324221240473000,13.65147314453125,5.2437520027160645,-8.043679237365723,-1.9931589365005493
1789324221259323100,13.6703232421875,5.428856372833252,-7.9234442710876465,-1.979123830795288
1789324221278173400,13.68917333984375,5.608906269073486,-7.799943447113037,-1.9675984382629395
1789324221297023500,13.7080234375,5.7996506690979,-7.660742282867432,-1.9614973068237305
1789324221315873800,13.726873779296875,6.00956392288208,-7.499273300170898,-1.9535704851150513
1789324221334723800,13.745723876953125,6.24041748046875,-7.30841064453125,-1.9531267881393433
1789324221353574100,13.76457421875,6.480811595916748,-7.090841770172119,-1.9721635580062866
1789324221372424200,13.783424072265625,6.718979358673096,-6.8553876876831055,-2.0073251724243164
1789324221391274500,13.8022744140625,6.966534614562988,-6.592261791229248,-2.0444748401641846
1789324221410124500,13.82112451171875,7.235517978668213,-6.291049003601074,-2.059215784072876
1789324221428974600,13.839974609375,7.51023530960083,-5.961632251739502,-2.055647134780884
1789324221447825000,13.858824951171876,7.7679443359375,-5.625164985656738,-2.04620099067688
1789324221466675000,13.877675048828126,8.006601333618164,-5.290415287017822,-2.0189690589904785
1789324221485525200,13.896525146484375,8.234234809875488,-4.960317611694336,-1.9398493766784668
1789324221504375300,13.915375244140625,8.446188926696777,-4.643418788909912,-1.8085753917694092
1789324221532650800,13.943650634765625,8.715537071228027,-4.185794353485107,-1.6397897005081177
1789324221551500800,13.962500732421875,8.868217468261719,-3.881472587585449,-1.5682121515274048
1789324221570350800,13.981350830078124,9.005748748779297,-3.588162660598755,-1.4805275201797485
1789324221589201200,14.000201171875,9.114191055297852,-3.339374303817749,-1.3966068029403687
1789324221608051200,14.01905126953125,9.187393188476562,-3.1575098037719727,-1.3387761116027832
1789324221626901500,14.037901611328126,9.229264259338379,-3.0436365604400635,-1.3142865896224976
1789324221645751600,14.05675146484375,9.251737594604492,-2.985170841217041,-1.2901546955108643
1789324221664601900,14.075601806640625,9.26268482208252,-2.9633283615112305,-1.2616400718688965
1789324221683452000,14.094451904296875,9.255969047546387,-2.987832546234131,-1.253113865852356
1789324221702302000,14.113302001953125,9.226646423339844,-3.06683087348938,-1.2782549858093262
1789324221721152300,14.13215234375,9.173261642456055,-3.1968817710876465,-1.3422390222549438
1789324221740002300,14.151002197265624,9.095168113708496,-3.3669846057891846,-1.453175663948059
1789324221758852600,14.1698525390625,8.984682083129883,-3.587104558944702,-1.6057913303375244
1789324221777702700,14.18870263671875,8.83795166015625,-3.859494209289551,-1.7791324853897095
1789324221796553000,14.207552978515626,8.65781307220459,-4.178344249725342,-1.937552809715271
1789324221815403000,14.226403076171875,8.446288108825684,-4.530893802642822,-2.0740301609039307
1789324221834253000,14.245253173828125,8.21898078918457,-4.8973388671875,-2.1528632640838623
1789324221853103400,14.264103271484375,7.97146463394165,-5.283454418182373,-2.170539140701294
1789324221871953400,14.282953369140625,7.702950954437256,-5.677461624145508,-2.145081043243408
1789324221890803500,14.301803466796875,7.426878929138184,-6.058578968048096,-2.0749661922454834
1789324221909653800,14.32065380859375,7.129469871520996,-6.431410789489746,-1.9944908618927002
1789324221928503800,14.33950390625,6.801451206207275,-6.799528121948242,-1.9175642728805542
1789324221947353900,14.358353759765626,6.440631866455078,-7.161135673522949,-1.8457484245300293
1789324221966204200,14.3772041015625,6.059717655181885,-7.497506141662598,-1.7993396520614624
1789324221985054200,14.39605419921875,5.699511528015137,-7.777696132659912,-1.7870104312896729
1789324222003904500,14.414904541015625,5.365932464599609,-8.012134552001953,-1.7840534448623657
1789324222022754600,14.433754638671875,5.0579938888549805,-8.219110488891602,-1.7416415214538574
1789324222041604600,14.4526044921875,4.770709991455078,-8.39459228515625,-1.715088963508606
1789324222060455000,14.471454833984374,4.512876033782959,-8.530689239501953,-1.7411699295043945
1789324222079305000,14.490304931640624,4.32747220993042,-8.617708206176758,-1.782828450202942
1789324222098155000,14.509155029296876,4.229545593261719,-8.659083366394043,-1.8170300722122192
1789324222117005300,14.52800537109375,4.2289581298828125,-8.656309127807617,-1.8315595388412476
1789324222135855400,14.54685546875,4.3115668296813965,-8.613741874694824,-1.8396286964416504
1789324222154705400,14.565705322265625,4.450133800506592,-8.537130355834961,-1.8665721416473389
1789324222173555700,14.5845556640625,4.624056339263916,-8.435822486877441,-1.9040464162826538
1789324222192405800,14.60340576171875,4.8174567222595215,-8.318392753601074,-1.9408358335494995
1789324222211255800,14.622255859375,5.022847652435303,-8.189669609069824,-1.9674073457717896
1789324222230106000,14.641106201171874,5.2383952140808105,-8.051827430725098,-1.9742525815963745
1789324222248956200,14.6599560546875,5.467652797698975,-7.902501583099365,-1.9559189081192017
1789324222267806200,14.67880615234375,5.69735050201416,-7.743977069854736,-1.9342683553695679
1789324222286656300,14.69765625,5.9277567863464355,-7.573991775512695,-1.9148709774017334
1789324222305506600,14.716506591796875,6.148721218109131,-7.3942084312438965,-1.9207537174224854
1789324222324356600,14.735356689453125,6.339681148529053,-7.22599983215332,-1.940041184425354
1789324222343206700,14.75420654296875,6.533605575561523,-7.0413970947265625,-1.9751229286193848
1789324222362057000,14.773056884765625,6.757561683654785,-6.812901496887207,-2.0224034786224365
1789324222380907000,14.791906982421875,6.981325626373291,-6.56730318069458,-2.074124813079834
1789324222399757000,14.810757080078124,7.198328018188477,-6.322597503662109,-2.0926566123962402
1789324222418607000,14.829607177734376,7.421752452850342,-6.068727016448975,-2.063621759414673
1789324222437457400,14.84845751953125,7.655210018157959,-5.7892255783081055,-2.013209581375122
1789324222456307500,14.867307373046875,7.898314952850342,-5.47396183013916,-1.9551873207092285
1789324222475157500,14.886157470703125,8.144858360290527,-5.131416320800781,-1.8708925247192383
1789324222494007800,14.9050078125,8.390522003173828,-4.776504993438721,-1.7188713550567627
1789324222512857900,14.92385791015625,8.611791610717773,-4.439296245574951,-1.5165992975234985
1789324222531708000,14.9427080078125,8.788915634155273,-4.114998817443848,-1.4114280939102173
1789324222550558000,14.961557861328124,8.93570613861084,-3.7906992435455322,-1.3979060649871826
1789324222569408300,14.980408203125,9.059003829956055,-3.491239070892334,-1.3842289447784424
1789324222588258300,14.99925830078125,9.153858184814453,-3.2476112842559814,-1.3528861999511719
1789324222607108400,15.0181083984375,9.22397232055664,-3.051563262939453,-1.3329226970672607
1789324222635383600,15.046383544921875,9.286225318908691,-2.8562848567962646,-1.333432912826538
1789324222654233600,15.065233642578125,9.302780151367188,-2.799795150756836,-1.337837815284729
1789324222673083600,15.084083740234375,9.291946411132812,-2.8193535804748535,-1.3716226816177368
1789324222691934000,15.102933837890625,9.255841255187988,-2.9054923057556152,-1.4345370531082153
1789324222710784000,15.121783935546874,9.191926956176758,-3.051964044570923,-1.5376513004302979
1789324222729634000,15.140634033203124,9.100964546203613,-3.256077527999878,-1.655534029006958
1789324222748484000,15.159484130859376,8.975776672363281,-3.5136499404907227,-1.805571436882019
1789324222767334100,15.178334228515626,8.818950653076172,-3.8145692348480225,-1.9610098600387573
1789324222786184400,15.197184326171875,8.625207901000977,-4.156007766723633,-2.122206687927246
1789324222805034500,15.216034423828125,8.401448249816895,-4.532924652099609,-2.2446939945220947
1789324222823884500,15.234884521484375,8.162175178527832,-4.914486885070801,-2.3231658935546875
1789324222842734600,15.253734619140625,7.896142482757568,-5.311141014099121,-2.3692002296447754
1789324222861584600,15.272584716796874,7.602546215057373,-5.7183966636657715,-2.38151216506958
1789324222880434700,15.2914345703125,7.292612075805664,-6.129525184631348,-2.3274707794189453
1789324222899285000,15.310284912109376,6.961618423461914,-6.541832447052002,-2.21600604057312
1789324222918135000,15.329135009765626,6.613966941833496,-6.932744026184082,-2.088754653930664
1789324222936985000,15.347985107421875,6.263742446899414,-7.280282020568848,-1.9832814931869507
1789324222955835100,15.366835205078125,5.935169219970703,-7.5684709548950195,-1.913740873336792
1789324222984110300,15.3951103515625,5.480257034301758,-7.924241542816162,-1.8285431861877441
1789324223002960400,15.41396044921875,5.1896209716796875,-8.128290176391602,-1.7801973819732666
1789324223021810400,15.432810546875,4.924989700317383,-8.288813591003418,-1.7917652130126953
1789324223040660500,15.451660400390624,4.722985744476318,-8.395951271057129,-1.8362419605255127
1789324223059510500,15.470510498046876,4.5901055335998535,-8.459556579589844,-1.8807532787322998
1789324223078360800,15.48936083984375,4.5165696144104,-8.490229606628418,-1.9201481342315674
1789324223097211000,15.5082109375,4.496358871459961,-8.48878002166748,-1.9732599258422852
1789324223116061000,15.52706103515625,4.5205912590026855,-8.46058464050293,-2.0379300117492676
1789324223134911000,15.545910888671875,4.600329399108887,-8.405011177062988,-2.088815212249756
1789324223153761000,15.564760986328125,4.737051010131836,-8.326029777526855,-2.0995171070098877
1789324223172611000,15.583611083984374,4.90083122253418,-8.229394912719727,-2.104588508605957
1789324223191461000,15.602461181640624,5.068333148956299,-8.123712539672852,-2.1184146404266357
1789324223210311200,15.621311279296876,5.230199337005615,-8.01402473449707,-2.142616033554077
1789324223229161500,15.640161376953126,5.389218807220459,-7.902096271514893,-2.164159059524536
1789324223248011500,15.659011474609375,5.554628372192383,-7.786075115203857,-2.166454792022705
1789324223266861600,15.677861572265625,5.744159698486328,-7.648781776428223,-2.1612837314605713
1789324223285711600,15.696711669921875,5.963834762573242,-7.476197719573975,-2.1701443195343018
1789324223304561700,15.715561767578125,6.2079596519470215,-7.266582489013672,-2.19736385345459
1789324223323411700,15.73441162109375,6.454870223999023,-7.034421443939209,-2.2409744262695312
1789324223342261800,15.75326171875,6.703202247619629,-6.787744522094727,-2.2724432945251465
1789324223361111800,15.77211181640625,6.947099208831787,-6.525400638580322,-2.308105707168579
1789324223379961900,15.7909619140625,7.196934223175049,-6.237941741943359,-2.337221384048462
1789324223398812000,15.80981201171875,7.454439640045166,-5.919817924499512,-2.3574271202087402
1789324223417662000,15.828661865234375,7.714387893676758,-5.579615592956543,-2.3508503437042236
1789324223436512000,15.847511962890625,7.963594913482666,-5.241052150726318,-2.29845929145813
1789324223455362000,15.866362060546875,8.194595336914062,-4.915337085723877,-2.204190492630005
1789324223483637200,15.89463720703125,8.51446533203125,-4.447033405303955,-1.974373459815979
1789324223502487300,15.9134873046875,8.703301429748535,-4.129429340362549,-1.8359586000442505
1789324223521337300,15.93233740234375,8.871262550354004,-3.792360782623291,-1.7575796842575073
1789324223540187400,15.9511875,9.0123291015625,-3.489551305770874,-1.6647390127182007
1789324223559037400,15.970037353515625,9.117321014404297,-3.236332654953003,-1.6034350395202637
1789324223577887500,15.988887451171875,9.189676284790039,-3.0318033695220947,-1.5900967121124268
1789324223596737500,16.007737548828125,9.232955932617188,-2.8939547538757324,-1.5962278842926025
1789324223615587600,16.026587646484376,9.253323554992676,-2.8231639862060547,-1.6050374507904053
1789324223634437600,16.045437744140624,9.257261276245117,-2.798523187637329,-1.625348687171936
1789324223653287700,16.06428759765625,9.236230850219727,-2.843158483505249,-1.6670018434524536
1789324223672137700,16.0831376953125,9.19579792022705,-2.9359192848205566,-1.7286012172698975
1789324223690987800,16.10198779296875,9.134197235107422,-3.0769801139831543,-1.8080471754074097
1789324223709837800,16.120837890625,9.050926208496094,-3.259636640548706,-1.9041765928268433
1789324223728687900,16.13968798828125,8.93983268737793,-3.488666534423828,-2.0196518898010254
1789324223747538000,16.158537841796875,8.7919282913208,-3.770023822784424,-2.158543825149536
1789324223766388200,16.17738818359375,8.611992835998535,-4.092039585113525,-2.2932915687561035
1789324223785238300,16.19623828125,8.3955659866333,-4.446925640106201,-2.430988073348999
1789324223804088300,16.21508837890625,8.16224193572998,-4.819063186645508,-2.514922618865967
1789324223822938400,16.2339384765625,7.918947696685791,-5.198809623718262,-2.5363450050354004
1789324223841788200,16.2527880859375,7.649790287017822,-5.590648174285889,-2.5289814472198486
1789324223860638200,16.27163818359375,7.365562915802002,-5.980163097381592,-2.4812324047088623
1789324223879488300,16.29048828125,7.060384750366211,-6.3745527267456055,-2.384624481201172
1789324223898338300,16.30933837890625,6.736352443695068,-6.758812427520752,-2.260622501373291
1789324223917188400,16.328188232421876,6.40551233291626,-7.107156276702881,-2.151310682296753
1789324223936038400,16.347038330078124,6.084035873413086,-7.406519412994385,-2.073249340057373
1789324223954888400,16.365888427734376,5.778295516967773,-7.661252021789551,-2.0216104984283447
1789324223983163600,16.39416357421875,5.359670639038086,-7.982125759124756,-1.931319236755371
1789324224002013400,16.413013427734374,5.106764793395996,-8.153328895568848,-1.901199221611023
1789324224020863700,16.43186376953125,4.8810505867004395,-8.284566879272461,-1.926572561264038
1789324224039713500,16.450713623046877,4.696486949920654,-8.37743091583252,-1.9829360246658325
1789324224058563600,16.4695634765625,4.579994201660156,-8.43362045288086,-2.016951560974121
1789324224077413600,16.48841357421875,4.545486927032471,-8.451922416687012,-2.0183982849121094
1789324224096263700,16.507263671875,4.58057165145874,-8.431394577026367,-2.0249292850494385
1789324224115113700,16.52611376953125,4.662289619445801,-8.379493713378906,-2.053663730621338
1789324224133963800,16.5449638671875,4.7797627449035645,-8.307441711425781,-2.076216459274292
1789324224152813800,16.563813720703124,4.925002574920654,-8.218061447143555,-2.0924174785614014
1789324224171664000,16.582663818359375,5.090102672576904,-8.111985206604004,-2.1111462116241455
1789324224190514000,16.601513916015627,5.260895252227783,-7.997957706451416,-2.127450942993164
1789324224209364000,16.620364013671875,5.42943811416626,-7.8848772048950195,-2.1261003017425537
1789324224228213800,16.6392138671875,5.6116533279418945,-7.761558532714844,-2.106640577316284
1789324224247063800,16.658063720703126,5.806772232055664,-7.623015403747559,-2.0836052894592285
1789324224265913900,16.676913818359374,6.014791011810303,-7.468917369842529,-2.051330327987671
1789324224284764000,16.695763916015625,6.233521461486816,-7.292758941650391,-2.0320587158203125
1789324224303614000,16.714614013671873,6.4768900871276855,-7.079994201660156,-2.023353338241577
1789324224322464000,16.733464111328125,6.730438709259033,-6.83608865737915,-2.0345723628997803
1789324224341314000,16.75231396484375,6.980853080749512,-6.572680473327637,-2.058628797531128
1789324224360164000,16.7711640625,7.215202331542969,-6.303061485290527,-2.093482732772827
1789324224379014000,16.790013916015624,7.436264514923096,-6.032414436340332,-2.1171514987945557
1789324224397864000,16.808864013671876,7.666957378387451,-5.74602746963501,-2.0907692909240723
1789324224416714000,16.8277138671875,7.907299995422363,-5.439026832580566,-2.0154361724853516
1789324224435564000,16.84656396484375,8.12976360321045,-5.128676891326904,-1.9426828622817993
1789324224454414000,16.8654140625,8.336423873901367,-4.831165313720703,-1.825998306274414
1789324224482689000,16.89368896484375,8.620147705078125,-4.426871299743652,-1.5054062604904175
1789324224501539000,16.9125390625,8.772956848144531,-4.177298069000244,-1.3250651359558105
1789324224520389000,16.93138916015625,8.907769203186035,-3.9182918071746826,-1.2120347023010254
1789324224539239000,16.950239013671876,9.032702445983887,-3.658285617828369,-1.0943500995635986
1789324224558089000,16.9690888671875,9.131889343261719,-3.4340529441833496,-0.993116557598114
1789324224576939000,16.98793896484375,9.2005615234375,-3.2658939361572266,-0.9241111874580383
1789324224595789000,17.0067890625,9.24459457397461,-3.143664836883545,-0.908418595790863
1789324224614639000,17.02563916015625,9.27079963684082,-3.0582380294799805,-0.9326581954956055
1789324224633489200,17.0444892578125,9.28121280670166,-3.008399486541748,-0.9894424080848694
1789324224652339000,17.0633388671875,9.272656440734863,-3.008427619934082,-1.066575050354004
1789324224671189000,17.08218896484375,9.24467945098877,-3.0612614154815674,-1.155407428741455
1789324224690039000,17.1010390625,9.190394401550293,-3.1884729862213135,-1.2412421703338623
1789324224708889000,17.11988916015625,9.10350513458252,-3.3822503089904785,-1.3627040386199951
1789324224727739100,17.1387392578125,8.987894058227539,-3.6245439052581787,-1.5002793073654175
1789324224746589000,17.1575888671875,8.837080955505371,-3.911151170730591,-1.6671202182769775
1789324224765439000,17.17643896484375,8.657419204711914,-4.222012519836426,-1.8423047065734863
1789324224784289000,17.1952890625,8.445272445678711,-4.566226005554199,-1.9993354082107544
1789324224803139000,17.21413916015625,8.214598655700684,-4.929544448852539,-2.09531831741333
1789324224821988900,17.23298876953125,7.959956645965576,-5.306823253631592,-2.155715227127075
1789324224840839000,17.2518388671875,7.670520782470703,-5.705477237701416,-2.1865577697753906
1789324224859689000,17.27068896484375,7.369885444641113,-6.098479270935059,-2.159562587738037
1789324224878539000,17.2895390625,7.04641580581665,-6.492870807647705,-2.0883095264434814
1789324224897389000,17.30838916015625,6.697078704833984,-6.8725128173828125,-2.0219054222106934
1789324224916238800,17.32723876953125,6.333245754241943,-7.228592872619629,-1.9513671398162842
1789324224935089000,17.3460888671875,5.958674430847168,-7.555469989776611,-1.8919463157653809
1789324224953939000,17.36493896484375,5.595531940460205,-7.835752487182617,-1.8604791164398193
1789324224982214000,17.3932138671875,5.119487762451172,-8.16062068939209,-1.8345354795455933
1789324225001064000,17.41206396484375,4.8588480949401855,-8.319446563720703,-1.829972267150879
1789324225038763800,17.449763671875,4.496345043182373,-8.50492000579834,-1.9025238752365112
1789324225057613800,17.46861376953125,4.403602600097656,-8.53945541381836,-1.9637682437896729
1789324225076463600,17.487463623046875,4.381550312042236,-8.539320945739746,-2.0130600929260254
1789324225095313700,17.506313720703126,4.4248738288879395,-8.509994506835938,-2.04227352142334
1789324225114163700,17.525163818359374,4.5032267570495605,-8.46369457244873,-2.0633046627044678
1789324225133013500,17.544013427734374,4.622808456420898,-8.397417068481445,-2.0696420669555664
1789324225151863600,17.562863525390625,4.778837203979492,-8.310394287109375,-2.0665056705474854
1789324225170713600,17.581713623046873,4.9633307456970215,-8.198997497558594,-2.0765767097473145
1789324225189563400,17.6005634765625,5.145653247833252,-8.084360122680664,-2.082251787185669
1789324225208413400,17.619413330078125,5.333390712738037,-7.962060928344727,-2.081085681915283
1789324225227263500,17.638263427734376,5.561275959014893,-7.807010173797607,-2.0720038414001465
1789324225246113500,17.657113525390624,5.804012298583984,-7.630931854248047,-2.0622096061706543
1789324225264963300,17.67596337890625,6.020438194274902,-7.458874225616455,-2.0712082386016846
1789324225283813400,17.6948134765625,6.220200538635254,-7.288730144500732,-2.0866024494171143
1789324225302663200,17.7136630859375,6.425455093383789,-7.100943088531494,-2.1119942665100098
1789324225321513200,17.73251318359375,6.644958019256592,-6.889311790466309,-2.133615493774414
1789324225340363300,17.75136328125,6.879433631896973,-6.646635055541992,-2.160097360610962
1789324225359213000,17.770213134765626,7.130458831787109,-6.3772969245910645,-2.158015251159668
1789324225378063000,17.78906298828125,7.38532829284668,-6.085257053375244,-2.144054889678955
1789324225396913200,17.8079130859375,7.645491123199463,-5.7674031257629395,-2.110429286956787
1789324225415763000,17.826762939453126,7.912842273712158,-5.411738395690918,-2.0664947032928467
1789324225434613000,17.845613037109374,8.164865493774414,-5.0452880859375,-2.012568712234497
1789324225453462800,17.864462890625,8.413861274719238,-4.6813178062438965,-1.8608052730560303
1789324225481737700,17.89273779296875,8.731951713562012,-4.185705661773682,-1.5502550601959229
1789324225500587800,17.911587890625,8.882760047912598,-3.895413875579834,-1.4466224908828735
1789324225519437800,17.930437744140626,9.007901191711426,-3.6323752403259277,-1.3542366027832031
1789324225538287600,17.94928759765625,9.103134155273438,-3.430995225906372,-1.237578272819519
1789324225557137700,17.9681376953125,9.168891906738281,-3.2857916355133057,-1.1425366401672363
1789324225575987500,17.986987548828125,9.216079711914062,-3.1778805255889893,-1.0655282735824585
1789324225594837500,18.00583740234375,9.249716758728027,-3.1026322841644287,-0.9933832883834839
1789324225613687600,18.0246875,9.263969421386719,-3.071153402328491,-0.9577429890632629
1789324225632537300,18.043537353515624,9.264792442321777,-3.0639235973358154,-0.9728251099586487
1789324225651387400,18.062387451171876,9.249770164489746,-3.0934956073760986,-1.0209943056106567
1789324225670237400,18.081237548828124,9.216598510742188,-3.1611833572387695,-1.1097811460494995
1789324225689087200,18.100087158203124,9.154772758483887,-3.2885351181030273,-1.2434070110321045
1789324225707937300,18.118937255859375,9.069589614868164,-3.454033851623535,-1.408042311668396
1789324225726787000,18.137787109375,8.953849792480469,-3.6679224967956543,-1.5954029560089111
1789324225745637000,18.15663720703125,8.794751167297363,-3.93861985206604,-1.8193424940109253
1789324225764487000,18.17548681640625,8.588746070861816,-4.275033950805664,-2.0317277908325195
1789324225783337000,18.1943369140625,8.357603073120117,-4.6518731117248535,-2.1635448932647705
1789324225802186800,18.213186767578126,8.122614860534668,-5.044189453125,-2.1793713569641113
1789324225821036800,18.232036865234374,7.8689093589782715,-5.446621894836426,-2.1412501335144043
1789324225839886800,18.250886962890625,7.599121570587158,-5.849910736083984,-2.049948215484619
1789324225858736600,18.269736572265625,7.299561023712158,-6.25631046295166,-1.9352953433990479
1789324225877586700,18.288586669921877,6.974846363067627,-6.65018367767334,-1.81575345993042
1789324225896436500,18.3074365234375,6.641864776611328,-7.007956504821777,-1.715976595878601
1789324225915286500,18.32628662109375,6.306311130523682,-7.3255510330200195,-1.6544300317764282
1789324225934136300,18.34513623046875,5.962378978729248,-7.610778331756592,-1.642096996307373
1789324225952986400,18.363986328125,5.625659465789795,-7.860387325286865,-1.6542836427688599
1789324225981261000,18.392260986328125,5.157968044281006,-8.173318862915039,-1.6621143817901611
1789324226000111000,18.411111083984373,4.890843391418457,-8.335411071777344,-1.6646156311035156
1789324226018961000,18.4299609375,4.689662456512451,-8.443158149719238,-1.7001579999923706
1789324226037811000,18.44881103515625,4.576018810272217,-8.495223999023438,-1.7497501373291016
1789324226056660700,18.46766064453125,4.534789562225342,-8.505895614624023,-1.8043873310089111
1789324226075510800,18.4865107421875,4.549502372741699,-8.487303733825684,-1.8542108535766602
1789324226094360600,18.505360595703124,4.622945785522461,-8.436568260192871,-1.9034366607666016
1789324226113210600,18.524210693359375,4.749898433685303,-8.355942726135254,-1.9460439682006836
1789324226132060400,18.543060302734375,4.90073299407959,-8.261896133422852,-1.9733885526657104
1789324226150910500,18.561910400390627,5.058724880218506,-8.161499977111816,-1.992387294769287
1789324226169760300,18.58076025390625,5.2311272621154785,-8.053479194641113,-1.9867490530014038
1789324226188610300,18.5996103515625,5.417367935180664,-7.931976795196533,-1.9764255285263062
1789324226207460000,18.618460205078126,5.613900184631348,-7.798314094543457,-1.9597967863082886
1789324226226310100,18.63731005859375,5.814304828643799,-7.653512477874756,-1.9462783336639404
1789324226245160000,18.656159912109374,6.02739143371582,-7.486335754394531,-1.9482606649398804
1789324226264010000,18.675010009765625,6.254169940948486,-7.2892608642578125,-1.980509638786316
1789324226282859800,18.69385986328125,6.485126495361328,-7.065322399139404,-2.048105239868164
1789324226301709600,18.71270947265625,6.7271528244018555,-6.818787097930908,-2.1023664474487305
1789324226320559600,18.7315595703125,6.991661071777344,-6.543862342834473,-2.113034963607788
1789324226339409400,18.750409423828124,7.248197078704834,-6.254173755645752,-2.1258742809295654
1789324226358259500,18.769259521484376,7.4810333251953125,-5.9727630615234375,-2.1285276412963867
1789324226377109200,18.788109130859375,7.696924209594727,-5.6962809562683105,-2.1166319847106934
1789324226395959300,18.806959228515623,7.906925678253174,-5.419302463531494,-2.0693166255950928
1789324226414809000,18.82580908203125,8.118188858032227,-5.131972312927246,-1.9819824695587158
1789324226433659000,18.844658935546875,8.346382141113281,-4.82396936416626,-1.7993383407592773
1789324226452509000,18.863509033203126,8.558320999145508,-4.5253071784973145,-1.5643268823623657
1789324226480783600,18.89178369140625,8.808403015136719,-4.080320358276367,-1.3904703855514526
1789324226499633700,18.910633544921875,8.960335731506348,-3.7656710147857666,-1.3047924041748047
1789324226518483500,18.9294833984375,9.095544815063477,-3.469609260559082,-1.1845905780792236
1789324226537333500,18.94833349609375,9.187566757202148,-3.2438759803771973,-1.1118711233139038
1789324226556183300,18.967183349609375,9.246780395507812,-3.078228235244751,-1.09176766872406
1789324226575033000,18.986033203125,9.276708602905273,-2.9837586879730225,-1.1001144647598267
1789324226593883100,19.004883056640626,9.277043342590332,-2.964284658432007,-1.1488593816757202
1789324226612733000,19.02373291015625,9.261239051818848,-2.9868409633636475,-1.2159852981567383
1789324226631582700,19.042582763671874,9.232295989990234,-3.0484912395477295,-1.2813315391540527
1789324226650432800,19.061432861328125,9.180051803588867,-3.1654157638549805,-1.3700997829437256
1789324226669282600,19.080282470703125,9.099135398864746,-3.350956439971924,-1.4653408527374268
1789324226688132600,19.099132568359376,8.977726936340332,-3.610909938812256,-1.5912656784057617
1789324226706982400,19.117982421875,8.82055950164795,-3.9202194213867188,-1.7320517301559448
1789324226725832200,19.136832275390624,8.62753963470459,-4.2654619216918945,-1.881959080696106
1789324226744682200,19.15568212890625,8.40640926361084,-4.623519420623779,-2.0311927795410156
1789324226763532000,19.174531982421875,8.16555118560791,-4.986205577850342,-2.1521899700164795
1789324226782381800,19.1933818359375,7.879337787628174,-5.383571624755859,-2.2591114044189453
1789324226801232000,19.21223193359375,7.574647426605225,-5.8007659912109375,-2.2685232162475586
1789324226820081700,19.23108154296875,7.239044189453125,-6.235275745391846,-2.210871696472168
1789324226838931500,19.249931396484374,6.884349822998047,-6.656739234924316,-2.1128013134002686
1789324226857781500,19.268781494140626,6.529772758483887,-7.031344413757324,-2.023029088973999
1789324226876631300,19.28763134765625,6.175459384918213,-7.355449199676514,-1.9827896356582642
1789324226895481000,19.306481201171874,5.831958770751953,-7.638270854949951,-1.953318476676941
1789324226914331100,19.3253310546875,5.507214069366455,-7.879239082336426,-1.9387061595916748
1789324226933181000,19.344180908203125,5.206552028656006,-8.081881523132324,-1.9353042840957642
1789324226952030700,19.36303076171875,4.94243049621582,-8.244902610778809,-1.9401935338974
1789324226970880800,19.381880859375,4.737560272216797,-8.359078407287598,-1.9625824689865112
1789324226989730600,19.40073046875,4.59957218170166,-8.426502227783203,-2.002089738845825
1789324227008580400,19.419580322265624,4.530582904815674,-8.456355094909668,-2.033285617828369
1789324227027430100,19.43843017578125,4.522342681884766,-8.455342292785645,-2.055722951889038
1789324227046280200,19.4572802734375,4.569244384765625,-8.427321434020996,-2.0670430660247803
1789324227065130000,19.4761298828125,4.6642746925354,-8.369532585144043,-2.089466094970703
1789324227083979800,19.494979736328126,4.807181358337402,-8.278521537780762,-2.1277904510498047
1789324227102829800,19.513829833984374,4.991924285888672,-8.157822608947754,-2.168181896209717
1789324227121679600,19.5326796875,5.204858303070068,-8.017204284667969,-2.1918652057647705
1789324227140529400,19.551529296875,5.414013862609863,-7.870028018951416,-2.218446969985962
1789324227159379200,19.570379150390625,5.617187023162842,-7.720640182495117,-2.238145351409912
1789324227178229200,19.589229248046873,5.813191890716553,-7.570056915283203,-2.251983880996704
1789324227197079000,19.6080791015625,6.011906147003174,-7.412915229797363,-2.2530128955841064
1789324227215928800,19.6269287109375,6.218374729156494,-7.241436004638672,-2.2502923011779785
1789324227234778600,19.645778564453124,6.4332098960876465,-7.04457950592041,-2.2711455821990967
1789324227253628700,19.664628662109376,6.658755302429199,-6.816375732421875,-2.3169779777526855
1789324227272478500,19.683478515625,6.899226188659668,-6.558605194091797,-2.3570659160614014
1789324227291328300,19.702328369140623,7.1525444984436035,-6.272045612335205,-2.3817944526672363
1789324227310178000,19.721177978515627,7.411664009094238,-5.9628801345825195,-2.3836255073547363
1789324227329027800,19.74002783203125,7.663240432739258,-5.6415815353393555,-2.3701682090759277
1789324227347878000,19.7588779296875,7.907956123352051,-5.3083815574646,-2.335747480392456
1789324227366727700,19.777727783203126,8.153542518615723,-4.968489170074463,-2.237020969390869
1789324227385577500,19.796577392578126,8.401935577392578,-4.628236293792725,-2.038944721221924
1789324227404427300,19.81542724609375,8.625709533691406,-4.302470684051514,-1.8045156002044678
1789324227423277000,19.834277099609373,8.811932563781738,-3.9891583919525146,-1.6145738363265991
1789324227442127000,19.853127197265625,8.972307205200195,-3.6763038635253906,-1.4672694206237793
1789324227460977000,19.871976806640625,9.101359367370605,-3.396477222442627,-1.3414888381958008
1789324227489251600,19.90025146484375,9.229187965393066,-3.06727933883667,-1.2586764097213745
1789324227508101400,19.919101318359374,9.27901840209961,-2.9148452281951904,-1.2545489072799683
1789324227526951400,19.937951416015625,9.307358741760254,-2.818218946456909,-1.265339970588684
1789324227545801200,19.95680126953125,9.316657066345215,-2.7789039611816406,-1.2837426662445068
1789324227564651000,19.975651123046877,9.31184196472168,-2.7863690853118896,-1.302361011505127
1789324227583500800,19.994500732421876,9.287252426147461,-2.851874589920044,-1.3357218503952026
1789324227602350600,20.0133505859375,9.23575496673584,-2.983611583709717,-1.4033124446868896
1789324227621200400,20.032200439453124,9.152466773986816,-3.1773557662963867,-1.5189261436462402
1789324227640050400,20.051050537109376,9.033419609069824,-3.426931142807007,-1.6804360151290894
1789324227658900200,20.069900146484375,8.88407039642334,-3.7175941467285156,-1.8501811027526855
1789324227677750000,20.08875,8.698369026184082,-4.055504322052002,-2.015352964401245
1789324227696599800,20.107599853515627,8.483992576599121,-4.423617362976074,-2.1503210067749023
1789324227715449600,20.12644970703125,8.256543159484863,-4.803376197814941,-2.219789743423462
1789324227734299400,20.14529931640625,7.997692108154297,-5.208945274353027,-2.2525999546051025
1789324227753149400,20.1641494140625,7.715635299682617,-5.621474266052246,-2.2446348667144775
1789324227771999200,20.182999267578126,7.428773403167725,-6.019500255584717,-2.179297924041748
1789324227790849000,20.20184912109375,7.119632244110107,-6.41013240814209,-2.0955724716186523
1789324227809698800,20.22069873046875,6.774439334869385,-6.802011489868164,-2.002497911453247
1789324227828548600,20.239548583984377,6.409068584442139,-7.174468994140625,-1.9029524326324463
1789324227847398400,20.2583984375,6.030281066894531,-7.507262229919434,-1.856641411781311
1789324227866248200,20.277248291015624,5.657660484313965,-7.794668674468994,-1.8451027870178223
1789324227885098000,20.296097900390624,5.325660228729248,-8.0254487991333,-1.8438843488693237
1789324227903947800,20.31494775390625,5.055986404418945,-8.200362205505371,-1.8334218263626099
1789324227922797800,20.3337978515625,4.836455821990967,-8.333354949951172,-1.8260037899017334
1789324227941647600,20.352647705078127,4.680487632751465,-8.417744636535645,-1.8452690839767456
1789324227960497400,20.371497314453126,4.601988315582275,-8.449991226196289,-1.8946620225906372
1789324227979347200,20.39034716796875,4.57701301574707,-8.447864532470703,-1.9633980989456177
1789324227998197000,20.409197021484374,4.5982255935668945,-8.420827865600586,-2.0288827419281006
1789324228017046800,20.428046875,4.661349296569824,-8.37295150756836,-2.082284688949585
1789324228035896600,20.446896484375,4.775169372558594,-8.30014419555664,-2.1155989170074463
1789324228054746400,20.465746337890625,4.931565284729004,-8.20620059967041,-2.123279571533203
1789324228073596200,20.48459619140625,5.127252578735352,-8.087915420532227,-2.113593578338623
1789324228092446000,20.503446044921876,5.32529878616333,-7.96230936050415,-2.100764036178589
1789324228111295700,20.522295654296876,5.511726379394531,-7.831430912017822,-2.111861228942871
1789324228130145500,20.5411455078125,5.698581218719482,-7.687504768371582,-2.14448881149292
1789324228148995300,20.559995361328124,5.904430866241455,-7.520302772521973,-2.1801674365997314
1789324228167845400,20.578845458984375,6.135930061340332,-7.32645845413208,-2.2008538246154785
1789324228186695200,20.597695068359375,6.3745436668396,-7.112066745758057,-2.225778579711914
1789324228205545000,20.616544921875,6.612802028656006,-6.881075382232666,-2.2565526962280273
1789324228224394800,20.635394775390626,6.861317157745361,-6.628771781921387,-2.2698209285736084
1789324228243244500,20.65424462890625,7.123358726501465,-6.347235679626465,-2.2673184871673584
1789324228262094300,20.67309423828125,7.389364719390869,-6.0356059074401855,-2.2669661045074463
1789324228280944000,20.691944091796874,7.6449151039123535,-5.70839262008667,-2.267138957977295
1789324228299794000,20.7107939453125,7.890122413635254,-5.373444557189941,-2.2455413341522217
1789324228318643700,20.729643798828125,8.126838684082031,-5.025655746459961,-2.2062766551971436
1789324228337493500,20.748493408203124,8.358694076538086,-4.669074535369873,-2.1218788623809814
1789324228356343300,20.76734326171875,8.578864097595215,-4.322562217712402,-1.972038745880127
1789324228375193000,20.786193115234376,8.767139434814453,-4.005784511566162,-1.8059186935424805
1789324228394043000,20.80504296875,8.915979385375977,-3.7129507064819336,-1.699908971786499
1789324228412892700,20.823892578125,9.042558670043945,-3.426485776901245,-1.6314747333526611
1789324228431742500,20.842742431640627,9.147941589355469,-3.171661138534546,-1.5575984716415405
1789324228450592300,20.86159228515625,9.222891807556152,-2.983900785446167,-1.4849203824996948
1789324228478867000,20.889866943359376,9.281097412109375,-2.8242781162261963,-1.4335511922836304
1789324228497716700,20.908716796875,9.29446029663086,-2.7779557704925537,-1.43748939037323
1789324228516566500,20.92756640625,9.289097785949707,-2.783351421356201,-1.461508870124817
1789324228535416300,20.946416259765623,9.262948989868164,-2.8397157192230225,-1.5179569721221924
1789324228554266000,20.96526611328125,9.212455749511719,-2.949195146560669,-1.613472580909729
1789324228573116000,20.984115966796875,9.131104469299316,-3.116072416305542,-1.755963921546936
1789324228591965700,21.002965576171874,9.010324478149414,-3.3435862064361572,-1.9506081342697144
1789324228610815500,21.0218154296875,8.854724884033203,-3.6224660873413086,-2.1545231342315674
1789324228629665300,21.040665283203126,8.66055679321289,-3.9521644115448,-2.3548970222473145
1789324228648515000,21.05951513671875,8.428707122802734,-4.323011875152588,-2.5374884605407715
1789324228667364900,21.07836474609375,8.180503845214844,-4.7035698890686035,-2.669489622116089
1789324228686214700,21.097214599609377,7.923096656799316,-5.089653491973877,-2.736849546432495
1789324228705064400,21.116064453125,7.637331008911133,-5.498892784118652,-2.7574853897094727
1789324228723914200,21.134914306640624,7.344996929168701,-5.9000654220581055,-2.722248077392578
1789324228742764000,21.153763916015624,7.026044845581055,-6.308835983276367,-2.6464431285858154
1789324228761613600,21.172613525390624,6.681370258331299,-6.712288856506348,-2.54457426071167
1789324228780463400,21.19146337890625,6.3279547691345215,-7.08543586730957,-2.4339208602905273
1789324228799313200,21.210313232421875,5.974174499511719,-7.414424419403076,-2.346473217010498
1789324228818163000,21.229162841796875,5.6335577964782715,-7.695129871368408,-2.284379005432129
1789324228837012700,21.2480126953125,5.325299263000488,-7.92600154876709,-2.2338461875915527
1789324228855862500,21.266862548828126,5.062098979949951,-8.105225563049316,-2.2024664878845215
1789324228874712300,21.28571240234375,4.8328142166137695,-8.24132251739502,-2.2124412059783936
1789324228893562000,21.30456201171875,4.643660545349121,-8.338443756103516,-2.253253698348999
1789324228912412000,21.323411865234377,4.515113830566406,-8.398736953735352,-2.2902746200561523
1789324228931261700,21.34226171875,4.439722537994385,-8.428449630737305,-2.3281946182250977
1789324228950111500,21.361111572265624,4.412908554077148,-8.430826187133789,-2.3701884746551514
1789324228968961300,21.379961181640624,4.434168338775635,-8.409262657165527,-2.4068357944488525
1789324228987810800,21.398810791015624,4.496666431427002,-8.364913940429688,-2.445115804672241
1789324229006660600,21.41766064453125,4.602243900299072,-8.296313285827637,-2.482123851776123
1789324229025510400,21.436510498046875,4.745632171630859,-8.20418643951416,-2.518073558807373
1789324229044360200,21.455360107421875,4.913973808288574,-8.096150398254395,-2.5447185039520264
1789324229063210000,21.4742099609375,5.093574047088623,-7.981924533843994,-2.5524044036865234
1789324229082059800,21.493059814453126,5.2835917472839355,-7.855982780456543,-2.556868553161621
1789324229100909600,21.51190966796875,5.494202136993408,-7.707404136657715,-2.565159559249878
1789324229119759400,21.53075927734375,5.720087051391602,-7.535126686096191,-2.5831832885742188
1789324229138609200,21.549609130859373,5.955028533935547,-7.341127395629883,-2.6107237339019775
1789324229176308500,21.58730859375,6.450653553009033,-6.890249729156494,-2.661560297012329
1789324229195158300,21.606158203125,6.70565128326416,-6.6346940994262695,-2.6805708408355713
1789324229214008000,21.625008056640624,6.959138870239258,-6.359938621520996,-2.7003633975982666
1789324229232857900,21.64385791015625,7.217470169067383,-6.064436435699463,-2.702056407928467
1789324229251707600,21.662707763671875,7.477458477020264,-5.7509050369262695,-2.680504322052002
1789324229270557200,21.68155712890625,7.732794761657715,-5.420503616333008,-2.644317388534546
1789324229289407000,21.700406982421875,7.978385925292969,-5.087125778198242,-2.5762178897857666
1789324229308256800,21.7192568359375,8.21838665008545,-4.763777256011963,-2.4361727237701416
1789324229327106600,21.7381064453125,8.435111045837402,-4.45170259475708,-2.280709743499756
1789324229345956400,21.756956298828126,8.62218189239502,-4.14337682723999,-2.1588869094848633
1789324229364806000,21.775805908203125,8.788532257080078,-3.8388023376464844,-2.0483360290527344
1789324229383655700,21.79465576171875,8.93114948272705,-3.5602519512176514,-1.9312106370925903
1789324229402505500,21.81350537109375,9.03821849822998,-3.3272414207458496,-1.8467376232147217
1789324229421355300,21.832355224609376,9.10831356048584,-3.1547701358795166,-1.8045570850372314
1789324229440205000,21.851205078125,9.156295776367188,-3.032517433166504,-1.7710071802139282
1789324229459054800,21.870054931640624,9.19157886505127,-2.9388129711151123,-1.7460403442382812
1789324229477904400,21.888904296875,9.209988594055176,-2.8871395587921143,-1.73519766330719
1789324229506179000,21.917178955078125,9.185482025146484,-2.947878837585449,-1.7627588510513306
1789324229525028900,21.93602880859375,9.133176803588867,-3.0689401626586914,-1.8267642259597778
1789324229553303600,21.964303466796874,9.004302024841309,-3.3350141048431396,-1.9926385879516602
1789324229572153000,21.983153076171874,8.873201370239258,-3.584012985229492,-2.142786979675293
1789324229591003000,22.0020029296875,8.701861381530762,-3.8899011611938477,-2.305790424346924
1789324229609852700,22.020852783203125,8.492661476135254,-4.235925197601318,-2.470226287841797
1789324229628702500,22.039702392578125,8.257145881652832,-4.606030464172363,-2.6027724742889404
1789324229666401800,22.07740185546875,7.738582611083984,-5.388646602630615,-2.6920645236968994
1789324229685251600,22.09625146484375,7.4539289474487305,-5.80195951461792,-2.6356406211853027
1789324229704101400,22.115101318359375,7.159500598907471,-6.20642614364624,-2.528282403945923
1789324229722951200,22.133951171875,6.839929580688477,-6.5994873046875,-2.4150588512420654
1789324229741800700,22.15280078125,6.5074543952941895,-6.967014312744141,-2.2987239360809326
1789324229760650500,22.171650390625,6.159013271331787,-7.310020446777344,-2.1910128593444824
1789324229779500300,22.190500244140626,5.803715229034424,-7.619810104370117,-2.1037509441375732
1789324229798350000,22.20935009765625,5.461966037750244,-7.884882926940918,-2.041059970855713
1789324229817199600,22.22819970703125,5.164316654205322,-8.096174240112305,-1.988008737564087
1789324229836049400,22.24704931640625,4.9310479164123535,-8.250504493713379,-1.9453374147415161
1789324229854899200,22.265899169921877,4.76332950592041,-8.35230541229248,-1.9287512302398682
1789324229873749000,22.2847490234375,4.658004283905029,-8.40674114227295,-1.9493786096572876
1789324229892598500,22.3035986328125,4.608729839324951,-8.424776077270508,-1.9882501363754272
1789324229911448300,22.3224482421875,4.6131978034973145,-8.410614967346191,-2.037240982055664
1789324229930298000,22.341298095703124,4.658659934997559,-8.373315811157227,-2.0868260860443115
1789324229949147600,22.360147705078123,4.742422103881836,-8.315876960754395,-2.127443313598633
1789324229967997400,22.37899755859375,4.859883785247803,-8.235529899597168,-2.1743907928466797
1789324229986847200,22.39784716796875,5.017320156097412,-8.130233764648438,-2.2127339839935303
1789324230005696800,22.41669677734375,5.208540439605713,-8.005788803100586,-2.2246017456054688
1789324230024546600,22.435546630859374,5.410253047943115,-7.8743486404418945,-2.2122766971588135
1789324230043396400,22.454396240234374,5.6122145652771,-7.737703800201416,-2.1912057399749756
1789324230062246000,22.473245849609373,5.812203884124756,-7.588138580322266,-2.192901611328125
1789324230081095700,22.492095703125,6.021787166595459,-7.417158603668213,-2.2122914791107178
1789324230099945500,22.510945556640625,6.238166809082031,-7.228793144226074,-2.2361156940460205
1789324230118795000,22.529794921875,6.454927921295166,-7.03019380569458,-2.2540345191955566
1789324230137644800,22.548644775390624,6.67885684967041,-6.811285018920898,-2.273686170578003
1789324230156494600,22.56749462890625,6.929737091064453,-6.551754951477051,-2.2855284214019775
1789324230175344000,22.58634423828125,7.199695110321045,-6.246064186096191,-2.3068301677703857
1789324230194194000,22.60519384765625,7.471720218658447,-5.911020755767822,-2.324570655822754
1789324230213043700,22.624043701171875,7.734512805938721,-5.5670976638793945,-2.3141136169433594
1789324230231893200,22.642893310546874,7.985513687133789,-5.2171549797058105,-2.2766754627227783
1789324230250743000,22.661742919921874,8.226112365722656,-4.861840724945068,-2.2054409980773926
1789324230269592800,22.6805927734375,8.460068702697754,-4.513816833496094,-2.055013656616211
1789324230288442400,22.6994423828125,8.67092514038086,-4.193883895874023,-1.8430347442626953
1789324230307292200,22.718292236328125,8.836650848388672,-3.9073452949523926,-1.6782853603363037
1789324230326142000,22.737141845703125,8.977506637573242,-3.6215312480926514,-1.5682016611099243
1789324230344991500,22.755991455078124,9.108522415161133,-3.3336410522460938,-1.4463863372802734
1789324230363841300,22.77484130859375,9.212523460388184,-3.076918840408325,-1.3536509275436401
1789324230382691000,22.793691162109376,9.28243350982666,-2.8780908584594727,-1.3127855062484741
1789324230401540600,22.81254052734375,9.328761100769043,-2.7280263900756836,-1.3047943115234375
1789324230420390400,22.831390380859375,9.353073120117188,-2.639289379119873,-1.3132232427597046
1789324230439240200,22.850240234375,9.350762367248535,-2.6308133602142334,-1.3462733030319214
1789324230458089700,22.86908984375,9.322566032409668,-2.693326950073242,-1.4163832664489746
1789324230486364400,22.897364501953124,9.230810165405273,-2.901916980743408,-1.5941866636276245
1789324230505214000,22.9162138671875,9.139041900634766,-3.103147268295288,-1.7374639511108398
1789324230524063700,22.935063720703123,9.018540382385254,-3.3483521938323975,-1.9039033651351929
1789324230542913500,22.95391357421875,8.869206428527832,-3.628544569015503,-2.0835626125335693
1789324230561763000,22.97276318359375,8.686514854431152,-3.9512598514556885,-2.2588486671447754
1789324230580612900,22.99161279296875,8.465216636657715,-4.313694477081299,-2.429513692855835
1789324230599462400,23.01046240234375,8.217991828918457,-4.6947407722473145,-2.567957639694214
1789324230618312200,23.029312255859374,7.956274509429932,-5.084655284881592,-2.6484649181365967
1789324230637161700,23.04816162109375,7.6603899002075195,-5.504916667938232,-2.6804275512695312
1789324230656011500,23.067011474609377,7.34829568862915,-5.9271416664123535,-2.6536645889282227
1789324230674861300,23.085861328125,7.018545627593994,-6.347761631011963,-2.572221040725708
1789324230693710800,23.1047109375,6.668182373046875,-6.757401943206787,-2.458303451538086
1789324230712560600,23.123560546875,6.293499946594238,-7.146337032318115,-2.3435285091400146
1789324230731410200,23.14241015625,5.897359848022461,-7.499262809753418,-2.269927740097046
1789324230750260000,23.161260009765623,5.504541873931885,-7.798863410949707,-2.2468035221099854
1789324230769109500,23.180109619140627,5.15142297744751,-8.041031837463379,-2.2304763793945312
1789324230787959300,23.198959228515626,4.8658366203308105,-8.22024154663086,-2.2184815406799316
1789324230806809000,23.21780908203125,4.639139652252197,-8.341334342956543,-2.2518668174743652
1789324230825658600,23.23665869140625,4.46019983291626,-8.42088508605957,-2.3163998126983643
1789324230844508400,23.25550830078125,4.335526943206787,-8.470191955566406,-2.372645616531372
1789324230863358000,23.27435791015625,4.271019458770752,-8.493380546569824,-2.4065046310424805
1789324230882207700,23.293207763671877,4.273135185241699,-8.48754596710205,-2.42327880859375
1789324230901057300,23.312057373046876,4.337362289428711,-8.44778060913086,-2.4479947090148926
1789324230919907000,23.330906982421876,4.457016468048096,-8.374947547912598,-2.4830710887908936
1789324230938756600,23.349756591796876,4.612402439117432,-8.278401374816895,-2.522735595703125
1789324230957606400,23.3686064453125,4.786510467529297,-8.165549278259277,-2.565835475921631
1789324230985880800,23.396880859375,5.0866875648498535,-7.973513603210449,-2.59211802482605
1789324231004730600,23.415730712890625,5.32318639755249,-7.825735092163086,-2.567477226257324
1789324231023580200,23.434580078125,5.5694708824157715,-7.663619041442871,-2.533832311630249
1789324231042430000,23.453429931640624,5.801130294799805,-7.494290828704834,-2.5204901695251465
1789324231061279500,23.472279541015624,6.020212173461914,-7.311978340148926,-2.542127847671509
1789324231080129300,23.49112939453125,6.241557598114014,-7.108738422393799,-2.58441162109375
1789324231098978800,23.509978759765627,6.478760719299316,-6.880368232727051,-2.6185061931610107
1789324231117828600,23.52882861328125,6.7309160232543945,-6.623998165130615,-2.643446922302246
1789324231136678100,23.54767822265625,6.989774703979492,-6.332752704620361,-2.6850833892822266
1789324231155528000,23.56652783203125,7.251611709594727,-6.0061798095703125,-2.740497589111328
1789324231174377500,23.58537744140625,7.512844562530518,-5.665027618408203,-2.7631516456604004
1789324231193227300,23.604227294921873,7.773187160491943,-5.320528984069824,-2.7276227474212646
1789324231212076800,23.623076904296877,8.01630973815918,-4.979480266571045,-2.6671953201293945
1789324231230926600,23.641926513671876,8.239655494689941,-4.641363143920898,-2.5954229831695557
1789324231249776000,23.660776123046876,8.45637035369873,-4.298496246337891,-2.486588478088379
1789324231268626000,23.6796259765625,8.656267166137695,-3.9650590419769287,-2.3489842414855957
1789324231287475500,23.698475341796875,8.829136848449707,-3.663130760192871,-2.190481424331665
1789324231306325000,23.717324951171875,8.970263481140137,-3.3933351039886475,-2.0469624996185303
1789324231325174800,23.7361748046875,9.0683012008667,-3.174525499343872,-1.9643548727035522
1789324231344024300,23.7550244140625,9.131874084472656,-3.0110414028167725,-1.926885962486267
1789324231362874000,23.7738740234375,9.1715087890625,-2.898648500442505,-1.9109333753585815
1789324231381723600,23.7927236328125,9.194334983825684,-2.8209259510040283,-1.9175434112548828
1789324231400573400,23.811573486328125,9.203958511352539,-2.7830536365509033,-1.9266951084136963
1789324231419423000,23.830423095703125,9.194815635681152,-2.800680637359619,-1.9447157382965088
1789324231438272800,23.849272705078125,9.158809661865234,-2.8848519325256348,-1.9910389184951782
1789324231457122300,23.868122314453124,9.09497356414795,-3.024320602416992,-2.0749292373657227
1789324231485396700,23.896396728515626,8.947646141052246,-3.3254599571228027,-2.24751877784729
1789324231504246500,23.91524658203125,8.803991317749023,-3.58664608001709,-2.4075071811676025
1789324231523096000,23.934095947265625,8.619803428649902,-3.8950765132904053,-2.588001012802124
1789324231541945900,23.95294580078125,8.399426460266113,-4.240616798400879,-2.7635436058044434
1789324231560795400,23.97179541015625,8.159417152404785,-4.606372356414795,-2.8940680027008057
1789324231579645000,23.99064501953125,7.911153793334961,-4.981021404266357,-2.9620022773742676
1789324231598494700,24.00949462890625,7.623122692108154,-5.397226333618164,-2.9880313873291016
1789324231617344300,24.02834423828125,7.324183940887451,-5.818731784820557,-2.944329023361206
1789324231636194000,24.047194091796875,7.01725435256958,-6.238583087921143,-2.829951524734497
1789324231655043600,24.066043701171875,6.689937114715576,-6.647833824157715,-2.687272310256958
1789324231673893000,24.08489306640625,6.3479485511779785,-7.028770923614502,-2.543680191040039
1789324231692743000,24.103742919921874,5.9869608879089355,-7.3778300285339355,-2.427818775177002
1789324231711592400,24.122592529296874,5.6223015785217285,-7.686108589172363,-2.3417646884918213
1789324231730442000,24.14144189453125,5.281676292419434,-7.9418463706970215,-2.280649423599243
1789324231758716700,24.169716552734375,4.868898868560791,-8.21955394744873,-2.214303731918335
1789324231777566200,24.188566162109375,4.654468536376953,-8.343904495239258,-2.2103307247161865
1789324231796415700,24.207415771484374,4.494863986968994,-8.42509937286377,-2.2325499057769775
1789324231815265500,24.226265625,4.394843578338623,-8.47125244140625,-2.2569055557250977
1789324231834115000,24.245114990234374,4.363026142120361,-8.483078002929688,-2.274155855178833
1789324231852964600,24.263964599609373,4.394559383392334,-8.460636138916016,-2.2969279289245605
1789324231871814400,24.282814453125,4.474597454071045,-8.409859657287598,-2.328653573989868
1789324231890664000,24.301663818359376,4.594865322113037,-8.33358097076416,-2.3683390617370605
1789324231909513700,24.320513671875,4.7594523429870605,-8.233121871948242,-2.3945155143737793
1789324231928363300,24.33936328125,4.958388805389404,-8.111116409301758,-2.4071898460388184
1789324231947212800,24.358212890625,5.173333644866943,-7.977823734283447,-2.4002773761749268
1789324231966062600,24.3770625,5.38337516784668,-7.845707416534424,-2.3737175464630127
1789324231984912100,24.395912109375,5.591386318206787,-7.710701942443848,-2.3349215984344482
1789324232003761700,24.41476171875,5.8046040534973145,-7.560120105743408,-2.306847333908081
1789324232022611200,24.433611083984374,6.024542331695557,-7.385210990905762,-2.3095314502716064
1789324232041461000,24.4524609375,6.251637935638428,-7.182205677032471,-2.3459174633026123
1789324232060310500,24.471310546875,6.491876125335693,-6.949402809143066,-2.394106149673462
1789324232079160000,24.49016015625,6.747912883758545,-6.68968391418457,-2.425734519958496
1789324232098009900,24.509009765625,7.018853187561035,-6.402385711669922,-2.432187795639038
1789324232116859400,24.527859375,7.294382572174072,-6.08842134475708,-2.4276533126831055
1789324232135709200,24.546709228515624,7.567584991455078,-5.7552666664123535,-2.4039435386657715
1789324232154558700,24.565558837890624,7.837080955505371,-5.407364845275879,-2.3475425243377686
1789324232173408300,24.584408203125,8.093377113342285,-5.051048278808594,-2.2703628540039062
1789324232192257800,24.6032578125,8.333158493041992,-4.687953948974609,-2.1798934936523438
1789324232211107600,24.622107666015626,8.568289756774902,-4.3252482414245605,-2.01172137260437
1789324232229957000,24.64095703125,8.787221908569336,-3.9772932529449463,-1.7709462642669678
1789324232248806700,24.659806640625,8.967533111572266,-3.6558291912078857,-1.5455282926559448
1789324232267656400,24.678656494140625,9.112303733825684,-3.3478455543518066,-1.388607144355774
1789324232286506000,24.697506103515625,9.236217498779297,-3.0406689643859863,-1.2716175317764282
1789324232305355500,24.71635546875,9.324527740478516,-2.7964694499969482,-1.1846225261688232
1789324232324205000,24.735205078125,9.3792085647583,-2.6297335624694824,-1.1337223052978516
1789324232343054800,24.754054931640624,9.406983375549316,-2.5302488803863525,-1.1299983263015747
1789324232361904400,24.772904296875,9.414488792419434,-2.489182472229004,-1.158341407775879
1789324232380754000,24.79175390625,9.403879165649414,-2.5078718662261963,-1.2033401727676392
1789324232399603700,24.810603759765623,9.373719215393066,-2.584510326385498,-1.2743927240371704
1789324232418453200,24.829453369140627,9.324553489685059,-2.70831561088562,-1.3740864992141724
1789324232437302800,24.848302734375,9.252013206481934,-2.8845603466033936,-1.499982237815857
1789324232456152600,24.867152587890626,9.148801803588867,-3.1182456016540527,-1.6572157144546509
1789324232484426800,24.8954267578125,8.93454360961914,-3.5654072761535645,-1.9058321714401245
1789324232503276500,24.914276611328123,8.752710342407227,-3.917501211166382,-2.0527119636535645
1789324232522126000,24.9331259765625,8.539593696594238,-4.292509078979492,-2.1954734325408936
1789324232540975600,24.9519755859375,8.304479598999023,-4.675239086151123,-2.3126087188720703
1789324232559825400,24.970825439453126,8.048360824584961,-5.071292877197266,-2.382491111755371
1789324232578675000,24.989675048828126,7.757754802703857,-5.4997172355651855,-2.395984411239624
1789324232597524500,25.0085244140625,7.449741840362549,-5.9279093742370605,-2.351940155029297
1789324232616374000,25.0273740234375,7.1269755363464355,-6.348522663116455,-2.2523000240325928
1789324232635223600,25.0462236328125,6.776134967803955,-6.758370399475098,-2.139812469482422
1789324232654073300,25.0650732421875,6.38801383972168,-7.155421257019043,-2.0404951572418213
1789324232672923000,25.0839228515625,5.976165771484375,-7.5188069343566895,-1.9807476997375488
1789324232691772400,25.1027724609375,5.57859468460083,-7.822232246398926,-1.965284824371338
1789324232710622000,25.1216220703125,5.250545024871826,-8.051251411437988,-1.9440981149673462
1789324232729471700,25.1404716796875,5.004185676574707,-8.210932731628418,-1.9259018898010254
1789324232748321300,25.1593212890625,4.8029656410217285,-8.324169158935547,-1.951956033706665
1789324232767170800,25.1781708984375,4.6500678062438965,-8.397469520568848,-2.0074260234832764
1789324232786020400,25.197020263671874,4.556156635284424,-8.435670852661133,-2.061864137649536
1789324232804870000,25.215869873046874,4.5275421142578125,-8.441426277160645,-2.1009716987609863
1789324232823719700,25.2347197265625,4.557736396789551,-8.418341636657715,-2.1281304359436035
1789324232842569200,25.2535693359375,4.634852886199951,-8.368258476257324,-2.158881902694702
1789324232861418800,25.272418701171876,4.754777908325195,-8.292733192443848,-2.1893057823181152
1789324232880268300,25.291268310546876,4.900542736053467,-8.19929313659668,-2.219604969024658
1789324232899117800,25.310117919921876,5.075669288635254,-8.085845947265625,-2.242112159729004
1789324232917967600,25.328967529296875,5.265930652618408,-7.9562177658081055,-2.266925811767578
1789324232936817200,25.347817138671875,5.4607954025268555,-7.8206634521484375,-2.2775681018829346
1789324232955666700,25.366666748046875,5.656923770904541,-7.67706298828125,-2.287426233291626
1789324232983941000,25.394941162109376,5.953453063964844,-7.443752288818359,-2.3059349060058594
1789324233002790700,25.413790771484376,6.152785778045654,-7.2726731300354,-2.3284828662872314
1789324233021640200,25.43264013671875,6.371829986572266,-7.074840068817139,-2.348790168762207
1789324233040489700,25.45148974609375,6.609561920166016,-6.844155788421631,-2.3752081394195557
1789324233059339300,25.47033935546875,6.858321666717529,-6.584229469299316,-2.4045217037200928
1789324233078189000,25.48918896484375,7.117544651031494,-6.291584491729736,-2.4345245361328125
1789324233097038600,25.50803857421875,7.378438949584961,-5.975234031677246,-2.4547119140625
1789324233115888000,25.52688818359375,7.6295976638793945,-5.654871940612793,-2.4458258152008057
1789324233134737700,25.545737548828125,7.863444805145264,-5.336029529571533,-2.4214468002319336
1789324233153587200,25.564587158203125,8.086319923400879,-5.006837368011475,-2.390270948410034
1789324233172436700,25.583436767578124,8.305305480957031,-4.675527572631836,-2.3090503215789795
1789324233191286300,25.602286376953124,8.518228530883789,-4.353586196899414,-2.157881021499634
1789324233210136000,25.621135986328124,8.705647468566895,-4.040836811065674,-2.0133848190307617
1789324233228985600,25.639985595703124,8.86698055267334,-3.736022472381592,-1.894518256187439
1789324233247835100,25.658835205078127,9.012628555297852,-3.4407379627227783,-1.7618865966796875
1789324233266684700,25.6776845703125,9.12517261505127,-3.1895663738250732,-1.651750087738037
1789324233285534200,25.6965341796875,9.192427635192871,-3.0168356895446777,-1.6026124954223633
1789324233304383700,25.7153837890625,9.228951454162598,-2.9193689823150635,-1.5729368925094604
1789324233323233300,25.7342333984375,9.24662971496582,-2.867347240447998,-1.5647883415222168
1789324233342082800,25.753082763671873,9.247852325439453,-2.8419411182403564,-1.603428602218628
1789324233360932600,25.7719326171875,9.23068904876709,-2.8553333282470703,-1.6768536567687988
1789324233379782100,25.7907822265625,9.193721771240234,-2.9141149520874023,-1.7758922576904297
1789324233398631700,25.809631591796876,9.133119583129883,-3.020272731781006,-1.9064255952835083
1789324233417481200,25.828481201171876,9.043404579162598,-3.1761951446533203,-2.0734033584594727
1789324233436330800,25.847330810546875,8.917738914489746,-3.3878374099731445,-2.273078441619873
1789324233455180300,25.86618017578125,8.754956245422363,-3.653674602508545,-2.4843060970306396
1789324233483454700,25.894454833984376,8.443961143493652,-4.148318767547607,-2.767916679382324
1789324233502304300,25.91330419921875,8.206293106079102,-4.522387981414795,-2.8939852714538574
1789324233521153800,25.93215380859375,7.963399887084961,-4.899692058563232,-2.957648515701294
1789324233540003300,25.95100341796875,7.706127166748047,-5.2841973304748535,-2.9771223068237305
1789324233558852900,25.969852783203127,7.418368816375732,-5.68084716796875,-2.9776108264923096
1789324233577702400,25.988702392578126,7.1277594566345215,-6.069991588592529,-2.919011116027832
1789324233596552000,26.007552001953126,6.812193870544434,-6.46827507019043,-2.8152825832366943
1789324233615401500,26.0264013671875,6.465304851531982,-6.863840579986572,-2.694051742553711
1789324233634251300,26.045251220703125,6.09906005859375,-7.234495639801025,-2.5756418704986572
1789324233653100800,26.064100830078125,5.724087238311768,-7.564938068389893,-2.485342025756836
1789324233671950300,26.082950439453125,5.366231441497803,-7.843147277832031,-2.4205355644226074
1789324233690799900,26.1017998046875,5.0531792640686035,-8.066813468933105,-2.3584461212158203
1789324233709649400,26.1206494140625,4.786952495574951,-8.239545822143555,-2.3163259029388428
1789324233728499000,26.1394990234375,4.549699306488037,-8.37074089050293,-2.3240761756896973
1789324233747348500,26.158348388671875,4.36447286605835,-8.459329605102539,-2.3582823276519775
1789324233766198000,26.177197998046875,4.26082181930542,-8.505255699157715,-2.3825230598449707
1789324233785047600,26.196047607421875,4.231513977050781,-8.516523361206055,-2.3944759368896484
1789324233803897000,26.21489697265625,4.262331962585449,-8.498022079467773,-2.405519962310791
1789324233822746600,26.23374658203125,4.343247890472412,-8.452001571655273,-2.422860622406006
1789324233841596200,26.25259619140625,4.458545207977295,-8.384428977966309,-2.4480812549591064
1789324233860445700,26.27144580078125,4.604434013366699,-8.296500205993652,-2.477428436279297
1789324233879295200,26.290295166015625,4.779521942138672,-8.188026428222656,-2.506549835205078
1789324233898144800,26.309144775390624,4.976790904998779,-8.066457748413086,-2.5167813301086426
1789324233916994300,26.327994384765624,5.188019275665283,-7.934993743896484,-2.508131742477417
1789324233935843800,26.34684375,5.411561012268066,-7.789743900299072,-2.491041421890259
1789324233954693400,26.365693359375,5.6341872215271,-7.635684967041016,-2.4743969440460205
1789324233982967800,26.3939677734375,5.965564250946045,-7.3777174949646,-2.4802653789520264
1789324234001817300,26.4128173828125,6.201284885406494,-7.1719818115234375,-2.5054187774658203
1789324234020667000,26.4316669921875,6.453927993774414,-6.935586452484131,-2.5327534675598145
1789324234039516400,26.450516357421876,6.717548847198486,-6.673714637756348,-2.5507736206054688
1789324234058366000,26.469365966796875,6.987658977508545,-6.389530658721924,-2.5528228282928467
1789324234077215500,26.488215576171875,7.263396739959717,-6.08385705947876,-2.529848098754883
1789324234096065000,26.50706494140625,7.539083480834961,-5.756345748901367,-2.4893958568573
1789324234114914600,26.52591455078125,7.802394390106201,-5.416350841522217,-2.440528631210327
1789324234133764000,26.54476416015625,8.04250431060791,-5.077536582946777,-2.3889598846435547
1789324234152613600,26.563613525390625,8.27234935760498,-4.732664585113525,-2.310953378677368
1789324234171463200,26.582463134765625,8.50109577178955,-4.378458499908447,-2.1750526428222656
1789324234190312700,26.601312744140625,8.7131929397583,-4.039638519287109,-1.9829206466674805
1789324234209162200,26.620162353515624,8.881438255310059,-3.7501254081726074,-1.7963885068893433
1789324234228011800,26.63901171875,9.01515007019043,-3.4845192432403564,-1.6599947214126587
1789324234246861300,26.657861328125,9.12108039855957,-3.2335526943206787,-1.5875813961029053
1789324234265710800,26.6767109375,9.195446014404297,-3.0356099605560303,-1.5489399433135986
1789324234284560400,26.695560302734375,9.246759414672852,-2.891308307647705,-1.5192668437957764
1789324234303410000,26.714409912109375,9.275452613830566,-2.8004629611968994,-1.5145186185836792
1789324234322259500,26.733259521484374,9.282862663269043,-2.7609612941741943,-1.541411280632019
1789324234341109000,26.75210888671875,9.272378921508789,-2.7751715183258057,-1.5785446166992188
1789324234359958500,26.77095849609375,9.242115020751953,-2.844785451889038,-1.6312289237976074
1789324234378808000,26.78980810546875,9.189775466918945,-2.9608235359191895,-1.7181189060211182
1789324234397657600,26.80865771484375,9.111116409301758,-3.1293351650238037,-1.8344509601593018
1789324234416507000,26.8275068359375,8.998771667480469,-3.356327772140503,-1.9818052053451538
1789324234435356400,26.8463564453125,8.858146667480469,-3.630570411682129,-2.1266379356384277
1789324234454206000,26.8652060546875,8.692049980163574,-3.9390785694122314,-2.2588350772857666
1789324234473055500,26.884055419921875,8.495109558105469,-4.2748637199401855,-2.3935422897338867
1789324234491905000,26.902905029296875,8.271624565124512,-4.627562999725342,-2.5171961784362793
1789324234510754600,26.921754638671874,8.022480010986328,-4.9924092292785645,-2.6241321563720703
1789324234529604000,26.94060400390625,7.741231441497803,-5.388307571411133,-2.6851205825805664
1789324234548453600,26.95945361328125,7.431731700897217,-5.807101249694824,-2.686509132385254
1789324234567303200,26.97830322265625,7.1045026779174805,-6.233189582824707,-2.616060256958008
1789324234586152700,26.997152587890625,6.755483627319336,-6.656915187835693,-2.4938530921936035
1789324234605002200,27.016002197265625,6.390629291534424,-7.052435874938965,-2.365036725997925
1789324234623851800,27.034851806640624,6.003805160522461,-7.412700176239014,-2.2752132415771484
1789324234642701300,27.053701416015624,5.618412494659424,-7.721873760223389,-2.230804204940796
1789324234661550800,27.07255078125,5.2649383544921875,-7.973372459411621,-2.208198070526123
1789324234680400100,27.091400146484375,4.973632335662842,-8.162590980529785,-2.192141056060791
1789324234699249700,27.110249755859375,4.723254203796387,-8.303740501403809,-2.2156620025634766
1789324234718099200,27.12909912109375,4.513969421386719,-8.403604507446289,-2.274622917175293
1789324234736948700,27.14794873046875,4.37340784072876,-8.461193084716797,-2.3349311351776123
1789324234755798300,27.16679833984375,4.297652721405029,-8.489072799682617,-2.37406849861145
1789324234774647800,27.185647705078125,4.273259162902832,-8.496252059936523,-2.3923513889312744
1789324234793497300,27.204497314453125,4.296658992767334,-8.478527069091797,-2.413228988647461
1789324234812347000,27.223346923828124,4.371196746826172,-8.430575370788574,-2.447124719619751
1789324234831196400,27.242196533203124,4.491168022155762,-8.357048034667969,-2.481840133666992
1789324234850046000,27.2610458984375,4.6587910652160645,-8.258450508117676,-2.5028085708618164
1789324234868895200,27.279895263671875,4.865650653839111,-8.135459899902344,-2.5119965076446533
1789324234887744800,27.298744873046875,5.0876946449279785,-7.996624946594238,-2.5178849697113037
1789324234906594300,27.31759423828125,5.298139572143555,-7.858134746551514,-2.519885301589966
1789324234925443800,27.33644384765625,5.497892379760742,-7.715217113494873,-2.533573865890503
1789324234944293400,27.35529345703125,5.698194980621338,-7.562054634094238,-2.552701234817505
1789324234963143000,27.374142822265625,5.9155778884887695,-7.389937877655029,-2.56225323677063
1789324234981992400,27.392992431640625,6.155536651611328,-7.19142484664917,-2.561868667602539
1789324235000841700,27.411841796875,6.423978328704834,-6.955982685089111,-2.5528805255889893
1789324235019691300,27.430691162109376,6.708829879760742,-6.685197353363037,-2.543642044067383
1789324235038540800,27.449540771484376,6.9969964027404785,-6.385972499847412,-2.5360970497131348
1789324235057390300,27.468390380859375,7.286520481109619,-6.060383319854736,-2.5196728706359863
1789324235076240000,27.487239990234375,7.565577030181885,-5.723474502563477,-2.4848082065582275
1789324235095089400,27.50608935546875,7.8220906257629395,-5.3892011642456055,-2.437582492828369
1789324235113939000,27.52493896484375,8.054691314697266,-5.059680461883545,-2.385782241821289
1789324235132788500,27.54378857421875,8.27238655090332,-4.729697227478027,-2.3168883323669434
1789324235151637800,27.5626376953125,8.486452102661133,-4.397265434265137,-2.1942124366760254
1789324235170487300,27.5814873046875,8.69536304473877,-4.080410480499268,-1.9776973724365234
1789324235189336800,27.6003369140625,8.874966621398926,-3.792440891265869,-1.7386077642440796
1789324235208186400,27.619186279296876,9.017770767211914,-3.517298936843872,-1.5744225978851318
1789324235227036000,27.638035888671876,9.14457893371582,-3.22652530670166,-1.4617081880569458
1789324235245885200,27.65688525390625,9.2411470413208,-2.9835195541381836,-1.3675541877746582
1789324235264734700,27.675734619140623,9.299347877502441,-2.828127861022949,-1.301618218421936
1789324235283584300,27.694584228515627,9.32855224609375,-2.733854055404663,-1.2940421104431152
1789324235302433800,27.713433837890626,9.334733009338379,-2.687256097793579,-1.3460280895233154
1789324235321283300,27.732283447265626,9.317449569702148,-2.7108187675476074,-1.4166765213012695
1789324235340132900,27.7511328125,9.277997016906738,-2.799494504928589,-1.5006577968597412
1789324235358982100,27.769982177734374,9.217434883117676,-2.928694486618042,-1.6223564147949219
1789324235377831700,27.788831787109373,9.13420581817627,-3.102586030960083,-1.7636961936950684
1789324235396681200,27.80768115234375,9.022165298461914,-3.333672046661377,-1.9124780893325806
1789324235415530800,27.82653076171875,8.877655029296875,-3.6118361949920654,-2.076599597930908
1789324235434380300,27.84538037109375,8.698952674865723,-3.926449775695801,-2.254240036010742
1789324235453229800,27.864229736328124,8.490519523620605,-4.267940044403076,-2.4220144748687744
1789324235481504000,27.89250390625,8.133838653564453,-4.810904026031494,-2.620356559753418
1789324235500353500,27.911353515625,7.877469539642334,-5.1886515617370605,-2.6821155548095703
1789324235519202800,27.930202880859376,7.590083599090576,-5.595178127288818,-2.693512201309204
1789324235538052400,27.94905224609375,7.286672592163086,-6.003540515899658,-2.6518478393554688
1789324235556902000,27.96790185546875,6.958303451538086,-6.421225070953369,-2.553480863571167
1789324235575751400,27.98675146484375,6.608189582824707,-6.833207607269287,-2.4102895259857178
1789324235594600700,28.0056005859375,6.233555793762207,-7.2220540046691895,-2.2704851627349854
1789324235613450200,28.0244501953125,5.833906650543213,-7.5728583335876465,-2.1880900859832764
1789324235632299800,28.0432998046875,5.4586992263793945,-7.857677936553955,-2.151715040206909
1789324235651149300,28.0621494140625,5.157700538635254,-8.067666053771973,-2.1169023513793945
1789324235669998600,28.08099853515625,4.9257683753967285,-8.215734481811523,-2.0997397899627686
1789324235688848100,28.09984814453125,4.74931526184082,-8.317151069641113,-2.1069841384887695
1789324235707697700,28.11869775390625,4.635004997253418,-8.374464988708496,-2.1343517303466797
1789324235726547200,28.137547119140624,4.574789047241211,-8.4014310836792,-2.158158779144287
1789324235745396500,28.156396484375,4.555119037628174,-8.410553932189941,-2.1642231941223145
1789324235764246000,28.17524609375,4.576271057128906,-8.398536682128906,-2.1662678718566895
1789324235783095600,28.194095458984375,4.6251420974731445,-8.364424705505371,-2.1942782402038574
1789324235801945000,28.212945068359375,4.711601734161377,-8.307008743286133,-2.2281854152679443
1789324235820794400,28.23179443359375,4.8360819816589355,-8.228034973144531,-2.254359722137451
1789324235839644000,28.250643798828126,4.99277925491333,-8.127238273620605,-2.2782745361328125
1789324235858493400,28.269493408203125,5.159399032592773,-8.014098167419434,-2.307640552520752
1789324235877343000,28.288343017578125,5.324374198913574,-7.897670269012451,-2.334146022796631
1789324235896192300,28.307192138671876,5.506762981414795,-7.766293525695801,-2.351729154586792
1789324235915041800,28.326041748046876,5.704442501068115,-7.614011287689209,-2.3783509731292725
1789324235933891300,28.344891357421876,5.905932903289795,-7.447773456573486,-2.412680149078369
1789324235952740600,28.36374072265625,6.124721050262451,-7.262157917022705,-2.432950258255005
1789324235981015000,28.39201513671875,6.490718841552734,-6.928159713745117,-2.4579579830169678
1789324235999864300,28.4108642578125,6.734802722930908,-6.681883811950684,-2.48298978805542
1789324236018713900,28.4297138671875,6.982542991638184,-6.414929389953613,-2.502629518508911
1789324236037563400,28.4485634765625,7.240567207336426,-6.118802070617676,-2.5109429359436035
1789324236056412700,28.46741259765625,7.497071266174316,-5.803369522094727,-2.5070319175720215
1789324236075262200,28.48626220703125,7.750746726989746,-5.470292568206787,-2.4843955039978027
1789324236094111700,28.50511181640625,7.996309757232666,-5.12507438659668,-2.441929578781128
1789324236112961300,28.523961181640626,8.224885940551758,-4.786752223968506,-2.3682587146759033
1789324236131810600,28.542810546875,8.4431734085083,-4.460697650909424,-2.232797622680664
1789324236150660000,28.56166015625,8.648569107055664,-4.141888618469238,-2.0536258220672607
1789324236169509400,28.58050927734375,8.821297645568848,-3.8445122241973877,-1.8907181024551392
1789324236188359000,28.59935888671875,8.962440490722656,-3.5634663105010986,-1.7739101648330688
1789324236207208400,28.61820849609375,9.092597961425781,-3.280261993408203,-1.653760552406311
1789324236226058000,28.63705810546875,9.192090034484863,-3.0391533374786377,-1.5618646144866943
1789324236244907300,28.6559072265625,9.25444507598877,-2.8662002086639404,-1.5200390815734863
1789324236263756800,28.6747568359375,9.29023551940918,-2.752399444580078,-1.5120216608047485
1789324236282606300,28.6936064453125,9.307510375976562,-2.693013906478882,-1.5127183198928833
1789324236301455600,28.71245556640625,9.304859161376953,-2.6925137042999268,-1.5298253297805786
1789324236320305200,28.73130517578125,9.2791109085083,-2.75059175491333,-1.5820022821426392
1789324236339154700,28.75015478515625,9.229405403137207,-2.8602077960968018,-1.6756088733673096
1789324236358004000,28.76900390625,9.155243873596191,-3.0145108699798584,-1.8068281412124634
1789324236376853500,28.787853515625,9.052854537963867,-3.2202112674713135,-1.9612338542938232
1789324236395703000,28.806703125,8.919877052307129,-3.478619337081909,-2.122588872909546
1789324236414552300,28.82555224609375,8.75696086883545,-3.7806472778320312,-2.278756618499756
1789324236433401900,28.84440185546875,8.562856674194336,-4.116579532623291,-2.429328680038452
1789324236452251400,28.86325146484375,8.351784706115723,-4.462306499481201,-2.5506653785705566
1789324236471100700,28.8821005859375,8.130254745483398,-4.815279960632324,-2.623434066772461
1789324236489950200,28.9009501953125,7.883627891540527,-5.198916912078857,-2.6438724994659424
1789324236508799700,28.9197998046875,7.611639499664307,-5.6019463539123535,-2.6175427436828613
1789324236527649000,28.93864892578125,7.323304176330566,-6.002000331878662,-2.552565813064575
1789324236546498600,28.95749853515625,6.997333526611328,-6.412424564361572,-2.4674923419952393
1789324236565348000,28.97634814453125,6.638608455657959,-6.822588920593262,-2.356168031692505
1789324236584197400,28.995197265625,6.243297100067139,-7.220217704772949,-2.2494611740112305
1789324236603047000,29.014046875,5.826794624328613,-7.578654766082764,-2.1869733333587646
1789324236621896400,29.032896484375,5.4402289390563965,-7.8690505027771,-2.1569302082061768
1789324236650170400,29.06117041015625,5.00470495223999,-8.161206245422363,-2.125563621520996
1789324236669020000,29.08002001953125,4.76226282119751,-8.295716285705566,-2.1615545749664307
1789324236687869400,29.098869384765624,4.557661533355713,-8.392271995544434,-2.2288732528686523
1789324236706718700,29.11771875,4.41546106338501,-8.453385353088379,-2.2834978103637695
1789324236725568300,29.136568359375,4.337728023529053,-8.482621192932129,-2.323711633682251
1789324236744417500,29.15541748046875,4.320612907409668,-8.483476638793945,-2.352299451828003
1789324236763267000,29.17426708984375,4.357537269592285,-8.45813274383545,-2.3753409385681152
1789324236782116600,29.19311669921875,4.441246509552002,-8.407135009765625,-2.401207685470581
1789324236800966000,29.2119658203125,4.563460826873779,-8.33188247680664,-2.4341180324554443
1789324236819815400,29.2308154296875,4.724812030792236,-8.233497619628906,-2.4609060287475586
1789324236838664700,29.249664794921873,4.915524482727051,-8.113944053649902,-2.4843342304229736
1789324236857514200,29.26851416015625,5.129908084869385,-7.977641582489014,-2.4923205375671387
1789324236876363800,29.28736376953125,5.356179714202881,-7.829444408416748,-2.486266851425171
1789324236895213000,29.306213134765624,5.586391448974609,-7.672092914581299,-2.470141649246216
1789324236914062600,29.3250625,5.813456058502197,-7.5054755210876465,-2.4580399990081787
1789324236932911900,29.343911865234375,6.040151119232178,-7.3240838050842285,-2.4586126804351807
1789324236951761400,29.362761474609375,6.2693305015563965,-7.1262407302856445,-2.466287612915039
1789324236970610700,29.381610595703126,6.496771812438965,-6.913938522338867,-2.481891632080078
1789324236989460200,29.400460205078126,6.721410751342773,-6.685957908630371,-2.508183717727661
1789324237008309800,29.419309814453126,6.955107688903809,-6.434177875518799,-2.5294687747955322
1789324237027159000,29.438158935546873,7.204935073852539,-6.152645587921143,-2.530661106109619
1789324237046008600,29.457008544921877,7.465769290924072,-5.8447265625,-2.504366397857666
1789324237064857900,29.47585791015625,7.722169399261475,-5.520411491394043,-2.4624264240264893
1789324237083707400,29.494707275390624,7.958669185638428,-5.191018581390381,-2.425551414489746
1789324237102556700,29.513556640625,8.174544334411621,-4.864076614379883,-2.384946584701538
1789324237121406200,29.53240625,8.382495880126953,-4.53622579574585,-2.3079888820648193
1789324237140255700,29.551255859375,8.592482566833496,-4.206770420074463,-2.1546974182128906
1789324237159105000,29.57010498046875,8.77818775177002,-3.9060869216918945,-1.9637439250946045
1789324237177954600,29.58895458984375,8.91837215423584,-3.6431872844696045,-1.8330857753753662
1789324237196803800,29.607803955078126,9.037280082702637,-3.3730010986328125,-1.7665846347808838
1789324237215653400,29.6266533203125,9.134211540222168,-3.1319124698638916,-1.711053729057312
1789324237234503000,29.6455029296875,9.19912052154541,-2.955115795135498,-1.6774574518203735
1789324237253352200,29.664352294921876,9.235587120056152,-2.838168144226074,-1.6790204048156738
1789324237272201500,29.683201416015624,9.250042915344238,-2.774951457977295,-1.7049150466918945
1789324237291051000,29.702051025390624,9.246301651000977,-2.7660622596740723,-1.73930823802948
1789324237309900500,29.720900634765623,9.224894523620605,-2.803544044494629,-1.7921655178070068
1789324237328749800,29.739749755859375,9.18307113647461,-2.885312557220459,-1.8752492666244507
1789324237347599400,29.758599365234375,9.118634223937988,-3.0137484073638916,-1.9844945669174194
1789324237366448600,29.77744873046875,9.026610374450684,-3.1881470680236816,-2.1275341510772705
1789324237385298200,29.796298095703126,8.906725883483887,-3.4097585678100586,-2.283454418182373
1789324237404147500,29.8151474609375,8.759592056274414,-3.6779050827026367,-2.431657314300537
1789324237422997000,29.8339970703125,8.589947700500488,-3.9789161682128906,-2.559575080871582
1789324237441846300,29.85284619140625,8.400641441345215,-4.300881862640381,-2.66496205329895
1789324237470120400,29.881120361328126,8.082924842834473,-4.806121826171875,-2.7817094326019287
1789324237488970000,29.899969970703125,7.841940879821777,-5.17393684387207,-2.811537504196167
1789324237507819300,29.9188193359375,7.572453498840332,-5.568158149719238,-2.797132730484009
1789324237526668800,29.937668701171877,7.294954299926758,-5.961289405822754,-2.7234301567077637
1789324237545518000,29.95651806640625,6.986335754394531,-6.365408897399902,-2.6159255504608154
1789324237564367600,29.97536767578125,6.648703575134277,-6.769181251525879,-2.4785709381103516
1789324237583217000,29.994216796875,6.2867817878723145,-7.150413513183594,-2.3491156101226807
1789324237602066400,30.01306640625,5.909890651702881,-7.489386081695557,-2.269951820373535
1789324237620915700,30.031915771484375,5.54160737991333,-7.7780656814575195,-2.22770619392395
1789324237639765200,30.05076513671875,5.208603382110596,-8.014711380004883,-2.192084312438965
1789324237658614500,30.069614501953126,4.91281270980835,-8.20065975189209,-2.187201499938965
1789324237677463800,30.0884638671875,4.664033889770508,-8.33249568939209,-2.2330918312072754
1789324237696313300,30.107313232421873,4.49144172668457,-8.411460876464844,-2.2901251316070557
1789324237715162600,30.12616259765625,4.39815092086792,-8.448436737060547,-2.334642171859741
1789324237734012200,30.14501220703125,4.363884925842285,-8.458938598632812,-2.360774278640747
1789324237752861400,30.163861328125,4.372671127319336,-8.446572303771973,-2.38862943649292
1789324237771711000,30.1827109375,4.409954071044922,-8.412599563598633,-2.439438581466675
1789324237790560300,30.201560302734375,4.482961654663086,-8.355806350708008,-2.5007894039154053
1789324237809409800,30.220409912109375,4.598333835601807,-8.275367736816406,-2.5581274032592773
1789324237828259000,30.239259033203126,4.749283790588379,-8.173744201660156,-2.60856294631958
1789324237847108600,30.258108642578126,4.922592639923096,-8.057453155517578,-2.64875864982605
1789324237865958000,30.2769580078125,5.1008758544921875,-7.93931770324707,-2.6680891513824463
1789324237884807400,30.295807373046873,5.275043964385986,-7.823861122131348,-2.6704864501953125
1789324237903656700,30.31465673828125,5.443735599517822,-7.704952716827393,-2.6776552200317383
1789324237922506200,30.33350634765625,5.614924907684326,-7.576061725616455,-2.6918935775756836
1789324237941355500,30.35235546875,5.808304786682129,-7.421604156494141,-2.7117834091186523
1789324237960204800,30.371204833984375,6.034708023071289,-7.230921745300293,-2.732482671737671
1789324237979054300,30.390054443359375,6.283044815063477,-7.00649356842041,-2.757312059402466
1789324237997903600,30.408903564453126,6.544693470001221,-6.756532669067383,-2.772479295730591
1789324238016753200,30.427753173828126,6.810994625091553,-6.485356330871582,-2.7786478996276855
1789324238035602400,30.4466025390625,7.079181671142578,-6.191524505615234,-2.7785937786102295
1789324238054452000,30.465451904296874,7.350961685180664,-5.879915237426758,-2.749607801437378
1789324238073301200,30.48430126953125,7.614218711853027,-5.5578694343566895,-2.7026169300079346
1789324238092150500,30.503150634765625,7.860722541809082,-5.226568222045898,-2.657519817352295
1789324238111000000,30.522,8.100920677185059,-4.888733386993408,-2.577936887741089
1789324238129849300,30.540849365234376,8.342376708984375,-4.55117654800415,-2.421140193939209
1789324238148699000,30.559698974609375,8.562695503234863,-4.231528282165527,-2.22369122505188
1789324238167548200,30.578548095703123,8.736471176147461,-3.9488935470581055,-2.061720371246338
1789324238186397700,30.597397705078127,8.868915557861328,-3.7035374641418457,-1.948472261428833
1789324238205247000,30.6162470703125,8.993470191955566,-3.4633262157440186,-1.8147332668304443
1789324238224096300,30.63509619140625,9.089534759521484,-3.260467290878296,-1.7088268995285034
1789324238242945800,30.65394580078125,9.153064727783203,-3.0983963012695312,-1.6708475351333618
1789324238261795000,30.672795166015625,9.192875862121582,-2.9756951332092285,-1.6753036975860596
1789324238280644600,30.69164453125,9.21115493774414,-2.904646873474121,-1.6994268894195557
1789324238299494000,30.710493896484376,9.210253715515137,-2.885195255279541,-1.7370316982269287
1789324238318343200,30.72934326171875,9.19040584564209,-2.913743019104004,-1.793579339981079
1789324238337192700,30.748192626953124,9.148469924926758,-2.992098331451416,-1.877029299736023
1789324238356042000,30.7670419921875,9.080376625061035,-3.1242847442626953,-1.9889711141586304
1789324238374891500,30.7858916015625,8.983597755432129,-3.306265115737915,-2.1293129920959473
1789324238393740800,30.80474072265625,8.859302520751953,-3.532564640045166,-2.2812554836273193
1789324238412590000,30.823590087890626,8.708407402038574,-3.8021371364593506,-2.4244158267974854
1789324238431439600,30.842439697265625,8.53041934967041,-4.1064958572387695,-2.557155132293701
1789324238450289000,30.861288818359377,8.324161529541016,-4.435890197753906,-2.683580160140991
1789324238469138400,30.880138427734376,8.100322723388672,-4.778103828430176,-2.7793684005737305
1789324238487987700,30.89898779296875,7.861047744750977,-5.1344499588012695,-2.8304991722106934
1789324238506837000,30.9178369140625,7.5821356773376465,-5.530592441558838,-2.8450207710266113
1789324238525686500,30.9366865234375,7.282678127288818,-5.936766147613525,-2.808523178100586
1789324238544535800,30.955535888671875,6.952484130859375,-6.354369640350342,-2.7304470539093018
1789324238563385000,30.974385009765626,6.606129169464111,-6.75670051574707,-2.6222984790802
1789324238582234600,30.993234619140626,6.244502067565918,-7.131070137023926,-2.5148377418518066
1789324238601084000,31.012083984375,5.872086048126221,-7.46702766418457,-2.435670852661133
1789324238619933200,31.03093310546875,5.511659622192383,-7.751471519470215,-2.3888678550720215
1789324238638782700,31.04978271484375,5.197999000549316,-7.979650497436523,-2.3401639461517334
1789324238657632000,31.068632080078125,4.942461967468262,-8.154989242553711,-2.2888028621673584
1789324238676481300,31.087481201171876,4.710434913635254,-8.293259620666504,-2.2812318801879883
1789324238695330800,31.106330810546876,4.524394512176514,-8.390178680419922,-2.303288221359253
1789324238714180000,31.12518017578125,4.417810440063477,-8.441267967224121,-2.323432445526123
1789324238733029400,31.144029296875,4.378690242767334,-8.458047866821289,-2.336422920227051
1789324238751879000,31.16287890625,4.383009910583496,-8.452162742614746,-2.3495845794677734
1789324238770728200,31.181728271484374,4.417428016662598,-8.428770065307617,-2.3690834045410156
1789324238789577500,31.200577392578126,4.483049392700195,-8.383798599243164,-2.4051125049591064
1789324238808427000,31.219427001953125,4.581361770629883,-8.315787315368652,-2.4554405212402344
1789324238827276300,31.2382763671875,4.709823131561279,-8.231710433959961,-2.495374917984009
1789324238846125800,31.257125732421876,4.86755895614624,-8.13241958618164,-2.5181350708007812
1789324238864975000,31.27597509765625,5.05387544631958,-8.014372825622559,-2.529536247253418
1789324238883824400,31.294824462890624,5.2524189949035645,-7.884602069854736,-2.532890796661377
1789324238902673700,31.313673583984375,5.4429707527160645,-7.754316329956055,-2.532792091369629
1789324238921523200,31.332523193359375,5.629244327545166,-7.618163108825684,-2.5388123989105225
1789324238940372500,31.35137255859375,5.818461894989014,-7.466878414154053,-2.5615644454956055
1789324238959221800,31.3702216796875,6.016381740570068,-7.294882774353027,-2.599660634994507
1789324238978071300,31.3890712890625,6.233190059661865,-7.096674919128418,-2.6372179985046387
1789324238996920600,31.407920654296873,6.471147537231445,-6.873228549957275,-2.6558213233947754
1789324239015769900,31.426769775390625,6.7197465896606445,-6.629565715789795,-2.657866954803467
1789324239034619400,31.445619384765624,6.972293853759766,-6.364381313323975,-2.6555891036987305
1789324239053468700,31.46446875,7.230363845825195,-6.073481559753418,-2.6467041969299316
1789324239072318000,31.48331787109375,7.494484901428223,-5.757065773010254,-2.6190216541290283
1789324239091167500,31.50216748046875,7.759901523590088,-5.414365768432617,-2.5766170024871826
1789324239110016800,31.521016845703127,8.01583480834961,-5.05551290512085,-2.5216217041015625
1789324239128866000,31.539865966796874,8.24687385559082,-4.709171772003174,-2.4460484981536865
1789324239147715300,31.55871533203125,8.461877822875977,-4.383667469024658,-2.313109874725342
1789324239166564900,31.57756494140625,8.652329444885254,-4.0840163230896,-2.1513707637786865
1789324239185414100,31.5964140625,8.79867172241211,-3.817762613296509,-2.0441277027130127
1789324239204263400,31.615263427734376,8.91919231414795,-3.561363935470581,-1.983703851699829
1789324239223113000,31.634113037109376,9.03544807434082,-3.2970852851867676,-1.9131919145584106
1789324239241962200,31.652962158203124,9.123393058776855,-3.090945243835449,-1.8385181427001953
1789324239260811500,31.6718115234375,9.175958633422852,-2.962611198425293,-1.787482738494873
1789324239279660800,31.690660888671875,9.196450233459473,-2.9026894569396973,-1.7804745435714722
1789324239298510300,31.70951025390625,9.194077491760254,-2.895681142807007,-1.8039820194244385
1789324239317359600,31.728359619140626,9.172450065612793,-2.9341936111450195,-1.8512324094772339
1789324239336209000,31.747208984375,9.13114070892334,-3.0172576904296875,-1.9206260442733765
1789324239355058400,31.766058349609374,9.075770378112793,-3.1280243396759033,-2.0040571689605713
1789324239373907700,31.78490771484375,9.004169464111328,-3.2770261764526367,-2.0872066020965576
1789324239392757000,31.803757080078125,8.904684066772461,-3.476895809173584,-2.1881887912750244
1789324239411606300,31.822606201171876,8.771971702575684,-3.7243216037750244,-2.3135106563568115
1789324239430455800,31.841455810546876,8.604805946350098,-4.009722709655762,-2.4596383571624756
1789324239449305000,31.86030517578125,8.409673690795898,-4.32695198059082,-2.5933127403259277
1789324239468154400,31.879154296875,8.192693710327148,-4.6675262451171875,-2.695244312286377
1789324239487003600,31.898003662109375,7.960185527801514,-5.019229888916016,-2.759197473526001
1789324239505853000,31.91685302734375,7.7062811851501465,-5.391018390655518,-2.778585910797119
1789324239524702500,31.935702392578126,7.4385504722595215,-5.772665977478027,-2.741292715072632
1789324239543551700,31.9545517578125,7.160310745239258,-6.159203052520752,-2.6390457153320312
1789324239562401000,31.973401123046877,6.849792957305908,-6.551422119140625,-2.5158674716949463
1789324239581250600,31.99225048828125,6.520205020904541,-6.921517848968506,-2.397897720336914
1789324239600099800,32.011099853515624,6.17874813079834,-7.258690357208252,-2.303231954574585
1789324239618949000,32.02994921875,5.83569860458374,-7.55885648727417,-2.2312982082366943
1789324239637798400,32.04879833984375,5.49540376663208,-7.823457717895508,-2.1827585697174072
1789324239666072300,32.077072265625,5.017155170440674,-8.143440246582031,-2.1640076637268066
1789324239694346500,32.10534643554688,4.631845474243164,-8.353606224060059,-2.221181869506836
1789324239713195800,32.12419580078125,4.465336322784424,-8.433713912963867,-2.2591240406036377
1789324239732045000,32.143045166015625,4.391119003295898,-8.469565391540527,-2.2704479694366455
1789324239750894300,32.16189428710938,4.383951663970947,-8.468778610229492,-2.287168502807617
1789324239769744000,32.18074389648437,4.417872905731201,-8.44162368774414,-2.3220174312591553
1789324239788593200,32.19959326171875,4.4847187995910645,-8.392885208129883,-2.3700525760650635
1789324239807442400,32.2184423828125,4.602345943450928,-8.317368507385254,-2.4104340076446533
1789324239826291700,32.23729174804687,4.776714324951172,-8.212103843688965,-2.4320240020751953
1789324239845141000,32.25614111328125,4.976038455963135,-8.087172508239746,-2.4509313106536865
1789324239863990500,32.274990478515626,5.171496868133545,-7.9592671394348145,-2.4649696350097656
1789324239882839800,32.29383984375,5.3566060066223145,-7.837306022644043,-2.4604458808898926
1789324239901689000,32.312689208984374,5.54011869430542,-7.716441631317139,-2.4359819889068604
1789324239920538400,32.331538330078125,5.726984024047852,-7.589437484741211,-2.402599811553955
1789324239939387600,32.3503876953125,5.932464122772217,-7.444296836853027,-2.3576881885528564
1789324239958237200,32.3692373046875,6.1598734855651855,-7.265966415405273,-2.330678701400757
1789324239986511000,32.39751098632812,6.5231032371521,-6.933923244476318,-2.353767156600952
1789324240005360400,32.4163603515625,6.764220237731934,-6.687709808349609,-2.3854212760925293
1789324240024209700,32.43520971679688,7.000980377197266,-6.431439399719238,-2.4069159030914307
1789324240043059000,32.45405883789063,7.249761581420898,-6.14654541015625,-2.414815902709961
1789324240061908500,32.472908447265624,7.512624263763428,-5.825824737548828,-2.406373977661133
1789324240080757800,32.4917578125,7.776090621948242,-5.478736400604248,-2.3845880031585693
1789324240099607000,32.51060693359375,8.022375106811523,-5.126383304595947,-2.3520376682281494
1789324240118456300,32.52945629882812,8.251913070678711,-4.7829179763793945,-2.2803525924682617
1789324240137305600,32.5483056640625,8.471550941467285,-4.461335182189941,-2.121246814727783
1789324240156155000,32.56715478515625,8.66914176940918,-4.160905838012695,-1.9243786334991455
1789324240175004400,32.58600439453125,8.831572532653809,-3.8751113414764404,-1.7768585681915283
1789324240193853700,32.604853759765625,8.958375930786133,-3.611480951309204,-1.6956075429916382
1789324240212703000,32.623702880859376,9.068679809570312,-3.364866018295288,-1.6146576404571533
1789324240231552300,32.64255224609375,9.167234420776367,-3.1304025650024414,-1.527347445487976
1789324240250401500,32.661401611328124,9.235087394714355,-2.940666913986206,-1.4953362941741943
1789324240269250800,32.680250732421875,9.271576881408691,-2.807817220687866,-1.5246013402938843
1789324240288100400,32.69910034179688,9.28174114227295,-2.741123914718628,-1.5830084085464478
1789324240306949600,32.71794970703125,9.270106315612793,-2.738983392715454,-1.6533252000808716
1789324240325799000,32.736798828125,9.241289138793945,-2.7868850231170654,-1.7326979637145996
1789324240344648200,32.75564819335938,9.194051742553711,-2.8826301097869873,-1.8248910903930664
1789324240363497500,32.77449755859375,9.12123966217041,-3.0359253883361816,-1.9381778240203857
1789324240382346800,32.7933466796875,9.017255783081055,-3.240907669067383,-2.087104320526123
1789324240401196000,32.812196044921876,8.881197929382324,-3.493837833404541,-2.255615234375
1789324240420045600,32.83104565429687,8.712793350219727,-3.7907826900482178,-2.426435708999634
1789324240438894800,32.849894775390624,8.513589859008789,-4.123050212860107,-2.586432456970215
1789324240457744100,32.868744140625,8.297743797302246,-4.464221000671387,-2.7181880474090576
1789324240476593400,32.88759350585938,8.061612129211426,-4.821021556854248,-2.817542552947998
1789324240495442700,32.90644262695312,7.7956037521362305,-5.2128825187683105,-2.8678925037384033
1789324240514292000,32.9252919921875,7.510303974151611,-5.619863033294678,-2.860570192337036
1789324240533141200,32.94414135742188,7.211806297302246,-6.026912212371826,-2.799386501312256
1789324240551990500,32.96299047851563,6.889449119567871,-6.428594589233398,-2.716439962387085
1789324240570839800,32.98183984375,6.556644439697266,-6.803243637084961,-2.626152753829956
1789324240589689300,33.000689453125,6.208187580108643,-7.145964622497559,-2.562026262283325
1789324240608538600,33.01953857421875,5.851578235626221,-7.456501483917236,-2.5159478187561035
1789324240627388000,33.03838793945312,5.497056484222412,-7.732931613922119,-2.480833053588867
1789324240646237200,33.0572373046875,5.157631874084473,-7.968174457550049,-2.4652411937713623
1789324240665086500,33.07608642578125,4.855406761169434,-8.152877807617188,-2.475074529647827
1789324240683935700,33.09493579101562,4.61350679397583,-8.283952713012695,-2.5024094581604004
1789324240702785000,33.113784912109374,4.44026517868042,-8.36460018157959,-2.5471351146698
1789324240721634300,33.13263427734375,4.326707363128662,-8.406195640563965,-2.6049654483795166
1789324240740483600,33.15148364257813,4.257713794708252,-8.420746803283691,-2.6708180904388428
1789324240759333000,33.1703330078125,4.232149600982666,-8.413832664489746,-2.7325291633605957
1789324240778182100,33.18918212890625,4.24498987197876,-8.389474868774414,-2.786959171295166
1789324240797031700,33.20803173828125,4.308858394622803,-8.345040321350098,-2.822131872177124
1789324240815881000,33.226880859375,4.418445587158203,-8.279252052307129,-2.8463521003723145
1789324240834730200,33.245730224609375,4.56777811050415,-8.191627502441406,-2.8640918731689453
1789324240853579500,33.26457958984375,4.738226413726807,-8.08843994140625,-2.8804047107696533
1789324240872428800,33.2834287109375,4.917023658752441,-7.977445602416992,-2.8902652263641357
1789324240891278000,33.30227807617187,5.101955413818359,-7.861224174499512,-2.888181209564209
1789324240910127400,33.32112744140625,5.2995734214782715,-7.733055114746094,-2.8783276081085205
1789324240928976600,33.3399765625,5.514022350311279,-7.585736274719238,-2.8675005435943604
1789324240947826000,33.35882592773437,5.7396626472473145,-7.4136576652526855,-2.8747737407684326
1789324240966675200,33.37767529296875,5.967439651489258,-7.218751430511475,-2.9068331718444824
1789324240985524500,33.3965244140625,6.193709850311279,-7.00532341003418,-2.9552969932556152
1789324241004373800,33.41537377929688,6.43194055557251,-6.771255016326904,-2.9917609691619873
1789324241023223000,33.43422314453125,6.698299407958984,-6.502642631530762,-3.003133773803711
1789324241042072300,33.453072265625,6.9883809089660645,-6.195531368255615,-2.991372585296631
1789324241070346500,33.481346435546875,7.410265922546387,-5.688455581665039,-2.983257532119751
1789324241089195800,33.50019580078125,7.67020320892334,-5.347801685333252,-2.9562461376190186
1789324241108045000,33.51904516601562,7.919930458068848,-5.014648914337158,-2.880692958831787
1789324241126894300,33.537894287109374,8.165138244628906,-4.685336589813232,-2.747457504272461
1789324241145743600,33.55674365234375,8.402689933776855,-4.353919982910156,-2.5707149505615234
1789324241164593000,33.57559301757812,8.613811492919922,-4.031184673309326,-2.39210844039917
1789324241183442200,33.59444213867187,8.78536605834961,-3.7200636863708496,-2.2691094875335693
1789324241202291500,33.61329150390625,8.922722816467285,-3.4395439624786377,-2.1736936569213867
1789324241230565400,33.6415654296875,9.076631546020508,-3.0934457778930664,-2.0532240867614746
1789324241249414700,33.66041455078125,9.129776000976562,-2.95170259475708,-2.0260870456695557
1789324241277688600,33.6886884765625,9.168126106262207,-2.8327748775482178,-2.0226821899414062
1789324241296537900,33.70753784179688,9.170324325561523,-2.804135322570801,-2.0523998737335205
1789324241315387100,33.72638720703125,9.152310371398926,-2.8221006393432617,-2.1074492931365967
1789324241334236400,33.745236328125,9.110501289367676,-2.89068603515625,-2.1938793659210205
1789324241353085700,33.76408569335938,9.042850494384766,-3.0001413822174072,-2.3230159282684326
1789324241371935000,33.78293505859375,8.949446678161621,-3.152653217315674,-2.4776148796081543
1789324241390784300,33.8017841796875,8.830434799194336,-3.350929021835327,-2.639145612716675
1789324241409633500,33.820633544921876,8.679204940795898,-3.597705841064453,-2.810393810272217
1789324241428482800,33.83948291015625,8.496866226196289,-3.8839213848114014,-2.9814095497131348
1789324241447332000,33.85833203125,8.292797088623047,-4.202948093414307,-3.120115280151367
1789324241466181400,33.877181396484374,8.076822280883789,-4.552567005157471,-3.1952250003814697
1789324241485030700,33.89603076171875,7.850906848907471,-4.926999568939209,-3.202861785888672
1789324241503880000,33.9148798828125,7.604466438293457,-5.316554069519043,-3.1743884086608887
1789324241522729200,33.93372924804687,7.341752529144287,-5.708736896514893,-3.1111719608306885
1789324241541578500,33.95257861328125,7.059956073760986,-6.101916313171387,-3.0156311988830566
1789324241560427800,33.971427734375,6.74547004699707,-6.49881649017334,-2.904204845428467
1789324241579277000,33.99027709960937,6.41644287109375,-6.879348278045654,-2.7702391147613525
1789324241598126300,34.00912622070312,6.07241678237915,-7.236766815185547,-2.631605863571167
1789324241616975600,34.0279755859375,5.715281963348389,-7.560049057006836,-2.5202362537384033
1789324241635825000,34.04682495117188,5.373263359069824,-7.832947254180908,-2.437899589538574
1789324241654674200,34.06567407226562,5.07063627243042,-8.04985237121582,-2.378844976425171
1789324241673523500,34.0845234375,4.821390151977539,-8.212874412536621,-2.3395016193389893
1789324241692372700,34.10337280273438,4.638840675354004,-8.32339859008789,-2.317882776260376
1789324241711222000,34.12222192382813,4.519202709197998,-8.390256881713867,-2.313176155090332
1789324241730071300,34.1410712890625,4.455819606781006,-8.422042846679688,-2.320615768432617
1789324241748920600,34.159920654296876,4.4525370597839355,-8.422750473022461,-2.324347496032715
1789324241767769900,34.17876977539063,4.49627161026001,-8.397409439086914,-2.331834554672241
1789324241786619100,34.197619140625,4.584249973297119,-8.34661865234375,-2.342860221862793
1789324241805468400,34.216468505859375,4.718132019042969,-8.269537925720215,-2.350391387939453
1789324241824317700,34.235317626953126,4.901083946228027,-8.16329574584961,-2.3474156856536865
1789324241843167000,34.2541669921875,5.12101411819458,-8.029352188110352,-2.339897632598877
1789324241862016300,34.273016357421874,5.353222370147705,-7.878454685211182,-2.3331005573272705
1789324241880865500,34.291865478515625,5.576707363128662,-7.727671146392822,-2.313833475112915
1789324241899714800,34.31071484375,5.798624038696289,-7.571844577789307,-2.283313035964966
1789324241918564000,34.32956420898437,6.029702186584473,-7.397791862487793,-2.255162000656128
1789324241937413400,34.348413330078124,6.258380889892578,-7.209856986999512,-2.2407641410827637
1789324241956262700,34.3672626953125,6.4757981300354,-7.01554536819458,-2.239764451980591
1789324241984536600,34.39553662109375,6.797849178314209,-6.6972174644470215,-2.2598459720611572
1789324242003385900,34.4143857421875,7.028274059295654,-6.45211124420166,-2.2680442333221436
1789324242022235100,34.43323510742187,7.273532390594482,-6.172117710113525,-2.273998737335205
1789324242041084400,34.45208447265625,7.521884441375732,-5.869154453277588,-2.268186330795288
1789324242059933400,34.470933349609375,7.765904426574707,-5.555885314941406,-2.234557628631592
1789324242078782700,34.48978271484375,7.997061252593994,-5.240445613861084,-2.180629253387451
1789324242097632000,34.50863208007812,8.205676078796387,-4.93074893951416,-2.127197504043579
1789324242116481300,34.527481201171874,8.407673835754395,-4.617608547210693,-2.039384126663208
1789324242135330600,34.54633056640625,8.610630989074707,-4.304534912109375,-1.8703978061676025
1789324242154179800,34.56517993164063,8.79340934753418,-4.013420104980469,-1.6549290418624878
1789324242173029000,34.58402905273437,8.934041023254395,-3.7564616203308105,-1.4974285364151
1789324242191878400,34.60287841796875,9.04371166229248,-3.5187978744506836,-1.4141193628311157
1789324242210727700,34.62172778320313,9.148362159729004,-3.2696850299835205,-1.3367924690246582
1789324242229577000,34.64057690429688,9.237027168273926,-3.0404319763183594,-1.2662886381149292
1789324242248426200,34.65942626953125,9.293989181518555,-2.872586488723755,-1.2411212921142578
1789324242267275500,34.678275634765626,9.327189445495605,-2.7544891834259033,-1.2596547603607178
1789324242286124800,34.69712475585938,9.337090492248535,-2.7027781009674072,-1.2977374792099
1789324242304974000,34.71597412109375,9.329977035522461,-2.7005813121795654,-1.3523133993148804
1789324242323823400,34.7348232421875,9.30667781829834,-2.7388134002685547,-1.4335417747497559
1789324242342672600,34.753672607421876,9.264598846435547,-2.8168411254882812,-1.5501641035079956
1789324242361522000,34.77252197265625,9.199015617370605,-2.9456820487976074,-1.6945394277572632
1789324242380371000,34.79137084960937,9.10486888885498,-3.131422519683838,-1.8617080450057983
1789324242399220200,34.81022021484375,8.97757625579834,-3.3757922649383545,-2.0439062118530273
1789324242418069500,34.82906958007813,8.81242561340332,-3.673806667327881,-2.239347457885742
1789324242436918800,34.84791870117188,8.615482330322266,-4.006988525390625,-2.426499605178833
1789324242455768000,34.86676806640625,8.394794464111328,-4.360408306121826,-2.5854692459106445
1789324242493466600,34.90446655273438,7.890305995941162,-5.134180068969727,-2.748389959335327
1789324242521740500,34.932740478515626,7.4626264572143555,-5.7390666007995605,-2.7463998794555664
1789324242550014500,34.961014404296876,6.9824323654174805,-6.345656871795654,-2.6736972332000732
1789324242568863500,34.97986352539063,6.650944709777832,-6.722712516784668,-2.5962369441986084
1789324242587712800,34.99871264648438,6.315049171447754,-7.071277618408203,-2.507502794265747
1789324242606562000,35.01756201171875,5.957845687866211,-7.396548748016357,-2.44244384765625
1789324242625411300,35.036411376953126,5.58255672454834,-7.697269439697266,-2.3994791507720947
1789324242644260600,35.05526049804688,5.207093715667725,-7.961005210876465,-2.3830575942993164
1789324242663110000,35.07410986328125,4.873087406158447,-8.16636848449707,-2.3945395946502686
1789324242681959200,35.092959228515625,4.604428768157959,-8.310989379882812,-2.428389549255371
1789324242700808400,35.111808349609376,4.404649257659912,-8.40750503540039,-2.466437578201294
1789324242719657500,35.13065747070313,4.2801337242126465,-8.464569091796875,-2.4903652667999268
1789324242738506800,35.1495068359375,4.215607643127441,-8.488993644714355,-2.51714825630188
1789324242757356000,35.16835595703125,4.190410614013672,-8.488828659057617,-2.5594215393066406
1789324242776205300,35.187205322265626,4.196305274963379,-8.470718383789062,-2.609279155731201
1789324242795054600,35.2060546875,4.2481279373168945,-8.431198120117188,-2.6530518531799316
1789324242813904000,35.22490380859375,4.349935054779053,-8.365620613098145,-2.6953377723693848
1789324242832753200,35.243753173828125,4.495646953582764,-8.278824806213379,-2.724080801010132
1789324242851602400,35.2626025390625,4.675232887268066,-8.174393653869629,-2.737126350402832
1789324242870451500,35.28145141601563,4.871485233306885,-8.05604076385498,-2.7457690238952637
1789324242889300700,35.30030078125,5.067030906677246,-7.932577610015869,-2.751328229904175
1789324242908150000,35.31914990234375,5.266909599304199,-7.801591396331787,-2.750494956970215
1789324242926999300,35.33799926757813,5.477644443511963,-7.654276371002197,-2.752791166305542
1789324242945848600,35.3568486328125,5.693749904632568,-7.49417781829834,-2.7547967433929443
1789324242964697900,35.37569775390625,5.9049553871154785,-7.32255220413208,-2.771663188934326
1789324242983547000,35.394546875,6.1291351318359375,-7.126461982727051,-2.7960031032562256
1789324243002396200,35.41339624023438,6.370663166046143,-6.9026198387146,-2.8176000118255615
1789324243021245400,35.43224536132813,6.622385025024414,-6.654533863067627,-2.8340067863464355
1789324243040094700,35.4510947265625,6.882441520690918,-6.380906105041504,-2.8436648845672607
1789324243058944000,35.469944091796876,7.151463508605957,-6.07982873916626,-2.8394787311553955
1789324243077793300,35.48879321289063,7.415631294250488,-5.759310245513916,-2.830044984817505
1789324243096642600,35.507642578125,7.670051574707031,-5.427069187164307,-2.80849027633667
1789324243115491600,35.52649169921875,7.914641857147217,-5.090580463409424,-2.759493350982666
1789324243134340900,35.5453408203125,8.151199340820312,-4.766818523406982,-2.6468420028686523
1789324243153190100,35.56419018554688,8.37585163116455,-4.456711292266846,-2.480571985244751
1789324243172039400,35.58303930664062,8.576725006103516,-4.156332492828369,-2.309777021408081
1789324243190888700,35.601888671875,8.743592262268066,-3.8768131732940674,-2.1657097339630127
1789324243209738000,35.620738037109376,8.881756782531738,-3.6144473552703857,-2.054399251937866
1789324243228587000,35.6395869140625,9.006095886230469,-3.357576608657837,-1.9461015462875366
1789324243247436300,35.65843627929687,9.097064971923828,-3.142791986465454,-1.8806029558181763
1789324243266285600,35.67728564453125,9.147612571716309,-2.9960904121398926,-1.8748384714126587
1789324243285134800,35.696134765625,9.172282218933105,-2.9023332595825195,-1.901600956916809
1789324243303984000,35.71498413085938,9.1784029006958,-2.862748861312866,-1.931833267211914
1789324243322833400,35.73383349609375,9.169095039367676,-2.870856523513794,-1.9637386798858643
1789324243341682400,35.75268237304687,9.142766952514648,-2.9261202812194824,-2.004498243331909
1789324243360531700,35.77153173828125,9.092307090759277,-3.0305678844451904,-2.0774972438812256
1789324243379381000,35.79038110351563,9.011713027954102,-3.184417486190796,-2.1952011585235596
1789324243398230300,35.80923022460937,8.90063190460205,-3.381298542022705,-2.348606586456299
1789324243417079600,35.82807958984375,8.762805938720703,-3.617799758911133,-2.509014844894409
1789324243435928800,35.8469287109375,8.596817970275879,-3.893665075302124,-2.665419816970825
1789324243454777900,35.86577783203125,8.401222229003906,-4.206849575042725,-2.8093178272247314
1789324243483051800,35.8940517578125,8.072856903076172,-4.711219787597656,-2.9671146869659424
1789324243501901000,35.91290112304687,7.8316969871521,-5.074530124664307,-3.0139756202697754
1789324243520750300,35.93175024414062,7.557331085205078,-5.467289447784424,-3.027522563934326
1789324243539599600,35.950599609375,7.265004634857178,-5.863433361053467,-3.001706123352051
1789324243558448600,35.96944873046875,6.956657886505127,-6.25819730758667,-2.9343245029449463
1789324243577298000,35.9882978515625,6.635540008544922,-6.6381635665893555,-2.8416154384613037
1789324243596147200,36.007147216796874,6.302541255950928,-6.996371269226074,-2.738456964492798
1789324243614996500,36.02599658203125,5.9518513679504395,-7.331814289093018,-2.6439266204833984
1789324243633845500,36.044845458984376,5.58674430847168,-7.634178638458252,-2.5841822624206543
1789324243652694800,36.06369482421875,5.227483749389648,-7.892465114593506,-2.559843063354492
1789324243671544000,36.0825439453125,4.91933012008667,-8.095205307006836,-2.5373635292053223
1789324243690393300,36.101393310546875,4.6712327003479,-8.242902755737305,-2.5307154655456543
1789324243709242600,36.12024267578125,4.483996391296387,-8.344146728515625,-2.537590265274048
1789324243728091600,36.13909155273438,4.352505207061768,-8.405097961425781,-2.5652337074279785
1789324243746941000,36.15794091796875,4.259695529937744,-8.437166213989258,-2.6152663230895996
1789324243765790200,36.176790283203125,4.221828460693359,-8.447322845458984,-2.643723487854004
1789324243784639500,36.19563940429688,4.236948490142822,-8.435196876525879,-2.658217668533325
1789324243803488500,36.21448852539063,4.292605876922607,-8.398717880249023,-2.6842963695526123
1789324243822337800,36.233337890625,4.384766578674316,-8.345687866210938,-2.7006843090057373
1789324243841187000,36.25218701171875,4.50805139541626,-8.278277397155762,-2.705179214477539
1789324243860036400,36.27103637695313,4.657329559326172,-8.194503784179688,-2.70735502243042
1789324243878885600,36.2898857421875,4.837522983551025,-8.090130805969238,-2.70527720451355
1789324243897734700,36.30873461914062,5.039407730102539,-7.96793794631958,-2.699394941329956
1789324243916584000,36.327583984375,5.254669666290283,-7.830913543701172,-2.689913034439087
1789324243935433200,36.34643310546875,5.469442367553711,-7.683303356170654,-2.6874585151672363
1789324243954282500,36.36528247070312,5.684139728546143,-7.525382995605469,-2.688784122467041
1789324243982556200,36.39355615234375,6.017444133758545,-7.256938457489014,-2.7014100551605225
1789324244001405400,36.41240551757812,6.251816749572754,-7.047240257263184,-2.724259614944458
1789324244020254700,36.431254638671874,6.49780797958374,-6.816371440887451,-2.7360472679138184
1789324244039104000,36.45010400390625,6.767733573913574,-6.554007530212402,-2.722710132598877
1789324244057953000,36.468953125,7.048519134521484,-6.258319854736328,-2.7059555053710938
1789324244076802300,36.48780224609375,7.3234686851501465,-5.949893474578857,-2.6713223457336426
1789324244095651600,36.506651611328124,7.597413063049316,-5.62767219543457,-2.6036536693573
1789324244114500900,36.5255009765625,7.86474084854126,-5.288844585418701,-2.5188000202178955
1789324244133350000,36.54434985351563,8.11197280883789,-4.945749282836914,-2.430194616317749
1789324244152199200,36.56319921875,8.351081848144531,-4.609213352203369,-2.277053117752075
1789324244171048400,36.58204833984375,8.576515197753906,-4.292780876159668,-2.0459237098693848
1789324244189897700,36.600897705078125,8.759060859680176,-4.010283470153809,-1.8349002599716187
1789324244208746800,36.61974682617188,8.898451805114746,-3.7438321113586426,-1.7238517999649048
1789324244227596000,36.63859594726563,9.026618003845215,-3.4668142795562744,-1.634547233581543
1789324244246445300,36.6574453125,9.145922660827637,-3.1953041553497314,-1.520696759223938
1789324244265294300,36.67629443359375,9.228282928466797,-2.9921562671661377,-1.433936595916748
1789324244284143600,36.6951435546875,9.275097846984863,-2.8630905151367188,-1.3948726654052734
1789324244302993000,36.71399291992188,9.296850204467773,-2.7969818115234375,-1.3841440677642822
1789324244321842200,36.73284228515625,9.297358512878418,-2.78633189201355,-1.4020986557006836
1789324244340691200,36.751691162109374,9.282731056213379,-2.8130109310150146,-1.4450839757919312
1789324244359540500,36.77054052734375,9.250773429870605,-2.8844945430755615,-1.5077393054962158
1789324244378389800,36.7893896484375,9.19625186920166,-3.0053882598876953,-1.6021769046783447
1789324244397239000,36.80823901367187,9.116451263427734,-3.168910026550293,-1.737441897392273
1789324244416088000,36.827088134765624,9.015756607055664,-3.364973306655884,-1.8877190351486206
1789324244434937300,36.845937255859376,8.8928861618042,-3.597456693649292,-2.0359935760498047
1789324244453786600,36.86478662109375,8.73823356628418,-3.873854875564575,-2.1924657821655273
1789324244482060300,36.893060302734376,8.441762924194336,-4.3633809089660645,-2.4223835468292236
1789324244500909600,36.91190966796875,8.217538833618164,-4.713213920593262,-2.5353598594665527
1789324244519758800,36.9307587890625,7.982273101806641,-5.071286201477051,-2.595331907272339
1789324244538608000,36.949608154296875,7.710688591003418,-5.459027290344238,-2.6295809745788574
1789324244557457200,36.96845703125,7.4122724533081055,-5.860987663269043,-2.622485399246216
1789324244576306400,36.98730639648438,7.087054252624512,-6.275690078735352,-2.5612034797668457
1789324244595155700,37.00615576171875,6.7379350662231445,-6.682102680206299,-2.473886013031006
1789324244614005000,37.0250048828125,6.378934383392334,-7.054898738861084,-2.389136552810669
1789324244632854000,37.04385400390625,6.013662815093994,-7.38754415512085,-2.3303306102752686
1789324244651703300,37.06270336914063,5.659709453582764,-7.668700218200684,-2.308488607406616
1789324244670552600,37.08155249023437,5.340022563934326,-7.893327713012695,-2.3129899501800537
1789324244689401600,37.100401611328124,5.069371223449707,-8.065492630004883,-2.3280203342437744
1789324244708251000,37.1192509765625,4.839774131774902,-8.197479248046875,-2.3554863929748535
1789324244727100200,37.13810009765625,4.655867099761963,-8.292899131774902,-2.3918871879577637
1789324244745949200,37.15694921875,4.537972927093506,-8.350574493408203,-2.417665719985962
1789324244764798500,37.175798583984374,4.474189281463623,-8.376847267150879,-2.4454946517944336
1789324244783647700,37.194647705078125,4.443699359893799,-8.3826904296875,-2.4808123111724854
1789324244802496800,37.21349682617188,4.447903156280518,-8.3699312210083,-2.516108512878418
1789324244821346000,37.23234594726563,4.503444671630859,-8.330047607421875,-2.5494468212127686
1789324244840195300,37.2511953125,4.607856273651123,-8.262872695922852,-2.5812783241271973
1789324244859044400,37.27004443359375,4.749648094177246,-8.172075271606445,-2.613121509552002
1789324244877893600,37.2888935546875,4.911988735198975,-8.063297271728516,-2.65065860748291
1789324244896743000,37.30774291992188,5.0845160484313965,-7.942521572113037,-2.6896891593933105
1789324244915592000,37.32659204101562,5.263744831085205,-7.814510822296143,-2.7197060585021973
1789324244934441200,37.345441162109374,5.442266464233398,-7.682577133178711,-2.744107723236084
1789324244953290500,37.36429052734375,5.612549781799316,-7.55239725112915,-2.762418746948242
1789324244981564200,37.392564208984375,5.882078647613525,-7.333049297332764,-2.792475461959839
1789324245000413400,37.411413330078126,6.10041618347168,-7.144026279449463,-2.8139278888702393
1789324245019262700,37.4302626953125,6.344887733459473,-6.9219279289245605,-2.8283743858337402
1789324245038111700,37.44911181640625,6.605282783508301,-6.676948547363281,-2.821167469024658
1789324245056961000,37.4679609375,6.869007587432861,-6.407390117645264,-2.8164637088775635
1789324245075810300,37.486810302734376,7.127902030944824,-6.114450931549072,-2.824340581893921
1789324245094659300,37.50565942382813,7.385647773742676,-5.807394504547119,-2.810117244720459
1789324245113508600,37.52450854492187,7.641109943389893,-5.494781494140625,-2.755215883255005
1789324245132358000,37.54335791015625,7.87919282913208,-5.180390357971191,-2.6930012702941895
1789324245151207000,37.56220703125,8.106820106506348,-4.85882568359375,-2.6156601905822754
1789324245170056200,37.58105615234375,8.334005355834961,-4.5301289558410645,-2.4885077476501465
1789324245188905500,37.59990551757812,8.557600021362305,-4.198756217956543,-2.3039774894714355
1789324245207754500,37.61875439453125,8.758957862854004,-3.875096559524536,-2.105863332748413
1789324245226603800,37.637603759765625,8.917017936706543,-3.5703697204589844,-1.9772796630859375
1789324245245453000,37.656453125,9.048432350158691,-3.2795233726501465,-1.8817508220672607
1789324245264302000,37.67530200195313,9.158662796020508,-3.016381025314331,-1.7862625122070312
1789324245283151400,37.6941513671875,9.222234725952148,-2.840390920639038,-1.7472727298736572
1789324245302000600,37.713000732421875,9.250975608825684,-2.751535177230835,-1.737496018409729
1789324245320849700,37.731849609375,9.259900093078613,-2.7223846912384033,-1.7358781099319458
1789324245339699000,37.75069897460938,9.254133224487305,-2.7283341884613037,-1.7571606636047363
1789324245358548200,37.76954833984375,9.2291898727417,-2.767441511154175,-1.8258477449417114
1789324245377397200,37.788397216796874,9.179195404052734,-2.8628599643707275,-1.927896499633789
1789324245396246500,37.80724658203125,9.102118492126465,-3.01651930809021,-2.054858684539795
1789324245415095800,37.826095703125,9.002604484558105,-3.2020015716552734,-2.2069647312164307
1789324245433944800,37.84494482421875,8.882051467895508,-3.42816162109375,-2.3510117530822754
1789324245452794000,37.863794189453124,8.73526382446289,-3.715825080871582,-2.4613380432128906
1789324245481067800,37.89206787109375,8.460114479064941,-4.234363079071045,-2.582059860229492
1789324245499917000,37.9109169921875,8.253360748291016,-4.603071212768555,-2.6199557781219482
1789324245518766300,37.929766357421876,8.037190437316895,-4.954217910766602,-2.651352882385254
1789324245537615400,37.94861547851563,7.787554740905762,-5.313066005706787,-2.7010574340820312
1789324245556464600,37.96746459960937,7.524167060852051,-5.688675403594971,-2.6825857162475586
1789324245575313700,37.98631372070312,7.235040187835693,-6.09187126159668,-2.5910773277282715
1789324245594163000,38.005162841796874,6.922979831695557,-6.545076847076416,-2.324803352355957
1789324245613012200,38.02401220703125,6.607464790344238,-6.9714226722717285,-1.9776427745819092
1789324245631861200,38.042861328125,6.26038932800293,-7.3461127281188965,-1.7356657981872559
1789324245650710500,38.06171044921875,5.8910908699035645,-7.655240058898926,-1.6919595003128052
1789324245669559800,38.080559814453125,5.5015549659729,-7.929268836975098,-1.740679383277893
1789324245688408800,38.099408935546876,5.102447986602783,-8.186639785766602,-1.7647510766983032
1789324245707258000,38.11825805664063,4.776300430297852,-8.374279022216797,-1.796885371208191
1789324245726107100,38.13710717773437,4.534845352172852,-8.493378639221191,-1.8622796535491943
1789324245744956400,38.15595629882812,4.35051965713501,-8.570387840270996,-1.9472569227218628
1789324245763805700,38.1748056640625,4.222414493560791,-8.62060546875,-2.00667667388916
1789324245782654700,38.19365478515625,4.103936672210693,-8.6785249710083,-2.0028228759765625
1789324245801504000,38.21250390625,4.041286468505859,-8.704583168029785,-2.017082929611206
1789324245820353000,38.23135302734375,4.065138339996338,-8.673903465270996,-2.0996267795562744
1789324245839202300,38.250202392578124,4.19734525680542,-8.59146499633789,-2.177018404006958
1789324245858051600,38.269051513671876,4.3169426918029785,-8.526817321777344,-2.197220802307129
1789324245876900600,38.28790063476563,4.443584442138672,-8.44183349609375,-2.271650791168213
1789324245895750000,38.30675,4.55336332321167,-8.373822212219238,-2.305724620819092
1789324245914599000,38.32559887695312,4.739081382751465,-8.234511375427246,-2.4298810958862305
1789324245933448200,38.3444482421875,4.989538192749023,-8.078879356384277,-2.4508345127105713
1789324245952297500,38.36329736328125,5.150062084197998,-7.954413414001465,-2.524785041809082
1789324245971146500,38.382146484375,5.286102294921875,-7.831756114959717,-2.6250929832458496
1789324245989995800,38.40099584960937,5.429617881774902,-7.6951375007629395,-2.7339510917663574
1789324246008844800,38.4198447265625,5.604910373687744,-7.538278579711914,-2.8159778118133545
1789324246027694000,38.438694091796876,5.786211013793945,-7.368349552154541,-2.8978569507598877
1789324246046543400,38.45754345703125,5.975024223327637,-7.179086208343506,-2.9883453845977783
1789324246065392400,38.47639233398438,6.1759209632873535,-6.963272571563721,-3.088886260986328
1789324246084241700,38.49524169921875,6.39854097366333,-6.719748020172119,-3.173961639404297
1789324246103090700,38.514090576171874,6.650556564331055,-6.447719573974609,-3.2198445796966553
1789324246121940000,38.53293994140625,6.9488396644592285,-6.112356662750244,-3.243934392929077
1789324246140789200,38.55178930664062,7.313472747802734,-5.661957740783691,-3.2597129344940186
1789324246159638300,38.57063818359375,7.664510250091553,-5.156365871429443,-3.292043447494507
1789324246178487600,38.589487548828124,7.903083324432373,-4.708322048187256,-3.397552490234375
1789324246197336600,38.608336669921876,7.955168724060059,-4.317774295806885,-3.7739241123199463
1789324246216185900,38.62718579101563,7.959404945373535,-3.9327940940856934,-4.165498733520508
1789324246235035100,38.64603515625,8.019782066345215,-3.5134341716766357,-4.416928768157959
1789324246253884200,38.66488427734375,8.115073204040527,-3.0144519805908203,-4.607499122619629
1789324246272733400,38.6837333984375,8.189470291137695,-2.553225517272949,-4.752263069152832
1789324246291582500,38.70258251953125,8.221991539001465,-2.2522196769714355,-4.847345352172852
1789324246310431700,38.721431640625,8.24609088897705,-2.089229106903076,-4.8792924880981445
1789324246329280800,38.74028076171875,8.226628303527832,-1.983169674873352,-4.955804824829102
1789324246348130000,38.759130126953124,8.195019721984863,-1.8667144775390625,-5.052467346191406
1789324246366979000,38.77797900390625,8.173008918762207,-1.8176778554916382,-5.105719089508057
1789324246385828400,38.79682836914063,8.069096565246582,-1.7895104885101318,-5.278040885925293
1789324246404677600,38.815677734375,7.950597286224365,-1.760776400566101,-5.464252471923828
1789324246423526700,38.83452661132812,7.8946332931518555,-1.756348729133606,-5.546205520629883
1789324246442376000,38.8533759765625,7.794201850891113,-1.8033543825149536,-5.67174768447876
1789324246461225000,38.872224853515625,7.537107944488525,-1.9510226249694824,-5.962876796722412
1789324246480074200,38.89107421875,7.297665596008301,-2.1267998218536377,-6.196061611175537
1789324246498923300,38.90992333984375,7.103185176849365,-2.299438238143921,-6.358280658721924
1789324246517772500,38.9287724609375,6.888393878936768,-2.5366709232330322,-6.502747535705566
1789324246536621600,38.94762158203125,6.641234874725342,-2.8403878211975098,-6.632992744445801
1789324246555470800,38.96647094726563,6.44551944732666,-3.1647512912750244,-6.679072856903076
1789324246574319900,38.98531982421875,6.289562225341797,-3.5171115398406982,-6.651445388793945
1789324246593169200,39.00416918945312,6.030395030975342,-3.98323130607605,-6.6286187171936035
1789324246612018400,39.023018310546874,5.729036808013916,-4.512584686279297,-6.556302547454834
1789324246630867500,39.041867431640625,5.4600749015808105,-5.028204917907715,-6.408987522125244
1789324246649716700,39.060716796875,5.200790882110596,-5.546389102935791,-6.193521976470947
1789324246668565800,39.07956567382813,4.936219215393066,-6.058945655822754,-5.923960208892822
1789324246687415000,39.0984150390625,4.661470413208008,-6.575704097747803,-5.585803031921387
1789324246706264000,39.11726416015625,4.391226291656494,-7.007443904876709,-5.270981788635254
1789324246725113300,39.13611328125,4.002067565917969,-7.255261421203613,-5.245476722717285
1789324246743962400,39.15496240234375,3.5784060955047607,-7.337689399719238,-5.4335737228393555
1789324246762811600,39.17381176757812,3.097250461578369,-7.409058094024658,-5.628789901733398
1789324246781660700,39.19266064453125,2.511715888977051,-7.462538719177246,-5.845698356628418
1789324246800510000,39.211510009765625,1.9956847429275513,-7.474991798400879,-6.025953769683838
1789324246819359000,39.23035888671875,1.5732704401016235,-7.440915107727051,-6.1909613609313965
1789324246838208300,39.24920825195313,1.162742257118225,-7.370670318603516,-6.363302707672119
1789324246857057500,39.2680576171875,0.8015817403793335,-7.246438980102539,-6.558732509613037
1789324246875906600,39.286906494140624,0.5287706255912781,-7.069224834442139,-6.776197910308838
1789324246894755600,39.305755615234375,0.3474019169807434,-6.83272647857666,-7.025920391082764
1789324246913604900,39.32460498046875,0.20551982522010803,-6.554654121398926,-7.291410446166992
1789324246932454100,39.3434541015625,0.09406805038452148,-6.280703067779541,-7.530890941619873
1789324246951303200,39.36230322265625,0.1139160618185997,-6.043910503387451,-7.721952438354492
1789324246970152200,39.38115209960937,0.2130226343870163,-5.850331783294678,-7.867568016052246
1789324246989001500,39.40000146484375,0.3729960024356842,-5.621205806732178,-8.0270357131958
1789324247026699800,39.43769970703125,0.9033231139183044,-4.9987664222717285,-8.388487815856934
1789324247045549000,39.456549072265624,1.3200408220291138,-4.618037700653076,-8.549947738647461
1789324247064398000,39.475398193359375,1.6721762418746948,-4.204466342926025,-8.700383186340332
1789324247083247400,39.494247314453126,2.032320737838745,-3.7961394786834717,-8.81075382232666
1789324247102096400,39.51309643554688,2.499772548675537,-3.4068377017974854,-8.84957504272461
1789324247120945700,39.53194555664062,2.9430935382843018,-2.9848735332489014,-8.86561393737793
1789324247139794700,39.55079467773437,3.2768893241882324,-2.4740686416625977,-8.905693054199219
1789324247158644000,39.56964404296875,3.648622512817383,-1.9143702983856201,-8.899052619934082
1789324247177493000,39.588492919921876,4.219983100891113,-1.277428150177002,-8.759583473205566
1789324247196342300,39.60734228515625,4.735513210296631,-0.6994802951812744,-8.558974266052246
1789324247224616000,39.63561596679688,5.40284538269043,0.1143990159034729,-8.183310508728027
1789324247243465000,39.65446484375,5.952975273132324,0.6652123332023621,-7.764662265777588
1789324247262314200,39.67331420898437,6.4946112632751465,1.1799803972244263,-7.252451419830322
1789324247281163300,39.692163330078124,6.926398277282715,1.6505587100982666,-6.743221282958984
1789324247300012500,39.711012451171875,7.250679016113281,2.134523630142212,-6.24834680557251
1789324247318861600,39.72986157226563,7.6339592933654785,2.662729501724243,-5.550037860870361
1789324247337710800,39.7487109375,7.963415622711182,3.0725491046905518,-4.828441143035889
1789324247356560000,39.76755981445312,8.194060325622559,3.2403721809387207,-4.304386138916016
1789324247375409200,39.7864091796875,8.43225383758545,3.2176268100738525,-3.835928201675415
1789324247394258200,39.805258056640625,8.698064804077148,3.071488380432129,-3.3286654949188232
1789324247422531800,39.83353173828125,8.92832088470459,2.867661476135254,-2.8691463470458984
1789324247441381000,39.852381103515626,8.991646766662598,2.8761610984802246,-2.6548807621002197
1789324247460230100,39.87123022460938,9.096320152282715,3.0012919902801514,-2.1022775173187256
1789324247479079400,39.89007934570313,9.138252258300781,3.1816580295562744,-1.593670129776001
1789324247497928400,39.90892846679687,9.122389793395996,3.3305294513702393,-1.3638041019439697
1789324247516777700,39.92777783203125,9.093685150146484,3.4295852184295654,-1.3088995218276978
1789324247535626800,39.946626708984375,9.063475608825684,3.559399366378784,-1.163819670677185
1789324247554476000,39.96547607421875,9.013713836669922,3.7328450679779053,-0.9945954084396362
1789324247573325000,39.98432495117188,8.958009719848633,3.882323980331421,-0.9230449199676514
1789324247592174300,40.00317431640625,8.911705017089844,3.995049238204956,-0.8896491527557373
1789324247611023400,40.0220234375,8.862226486206055,4.120236396789551,-0.8093141317367554
1789324247629872600,40.04087255859375,8.81070613861084,4.249749660491943,-0.6938875913619995
1789324247648721700,40.0597216796875,8.765396118164062,4.352229118347168,-0.6295301914215088
1789324247705269200,40.116269287109375,8.576448440551758,4.676248073577881,-0.8646522760391235
1789324247724118300,40.1351181640625,8.572651863098145,4.660030364990234,-0.9819057583808899
1789324247742967300,40.15396728515625,8.616455078125,4.581770420074463,-0.9666892290115356
1789324247761816600,40.17281665039062,8.685009956359863,4.469937801361084,-0.8721438050270081
1789324247780665600,40.19166552734375,8.735625267028809,4.383426666259766,-0.8030024170875549
1789324247799515000,40.210514892578125,8.763982772827148,4.343757152557373,-0.7033931612968445
1789324247818364000,40.229364013671876,8.768187522888184,4.353737831115723,-0.5781323909759521
1789324247837213200,40.24821313476563,8.749041557312012,4.402751922607422,-0.49036648869514465
1789324247856062200,40.26706225585937,8.726659774780273,4.451195240020752,-0.45018425583839417
1789324247874911500,40.28591137695312,8.71035385131836,4.4860615730285645,-0.4187794625759125
1789324247893760500,40.304760498046875,8.700971603393555,4.504333972930908,-0.4176821708679199
1789324247912609500,40.323609619140626,8.702007293701172,4.500613689422607,-0.435800164937973
1789324247931458800,40.34245874023438,8.707391738891602,4.48546028137207,-0.48203712701797485
1789324247950307800,40.36130786132812,8.712118148803711,4.470107078552246,-0.5362251996994019
1789324247969157000,40.3801572265625,8.717079162597656,4.454514503479004,-0.5832897424697876
1789324247988006100,40.399006103515624,8.72852611541748,4.4272027015686035,-0.6189494729042053
1789324248006855400,40.41785546875,8.745817184448242,4.393219470977783,-0.6169958710670471
1789324248025704400,40.43670434570313,8.752460479736328,4.3809123039245605,-0.6102749109268188
1789324248044553700,40.4555537109375,8.74691104888916,4.391451835632324,-0.6140841841697693
1789324248063402800,40.47440283203125,8.740361213684082,4.404899597167969,-0.6110064387321472
1789324248082252000,40.493251953125,8.736783027648926,4.412776947021484,-0.6053093075752258
1789324248101101000,40.51210107421875,8.735429763793945,4.410787105560303,-0.6384443640708923
1789324248119950300,40.53095043945312,8.736820220947266,4.404170036315918,-0.6645581722259521
1789324248138799400,40.54979931640625,8.752912521362305,4.365073204040527,-0.7092563509941101
1789324248157648600,40.568648681640624,8.792851448059082,4.261378765106201,-0.8347476124763489
1789324248176497700,40.58749755859375,8.857778549194336,4.067543983459473,-1.0794576406478882
1789324248195346700,40.6063466796875,8.957979202270508,3.771707057952881,-1.3035492897033691
1789324248214196000,40.62519604492188,9.064793586730957,3.4305105209350586,-1.493817687034607
1789324248233045000,40.644044921875,9.153487205505371,3.1304874420166016,-1.6075190305709839
1789324248251894300,40.662894287109374,9.2084379196167,2.965947151184082,-1.6056849956512451
1789324248270743300,40.681743408203126,9.216253280639648,2.9949092864990234,-1.5038576126098633
1789324248289592600,40.70059252929688,9.165996551513672,3.200377941131592,-1.3829188346862793
1789324248308441600,40.71944165039063,9.091998100280762,3.4581735134124756,-1.243787407875061
1789324248327291000,40.73829077148437,9.028465270996094,3.6465344429016113,-1.1661876440048218
1789324248346140000,40.757139892578124,8.972187995910645,3.782113790512085,-1.1686996221542358
1789324248364989000,40.775989013671875,8.917926788330078,3.888547658920288,-1.2329432964324951
1789324248383838200,40.79483813476563,8.870084762573242,3.9696247577667236,-1.3168361186981201
1789324248402687200,40.81368725585938,8.833608627319336,4.029375076293945,-1.3790931701660156
1789324248421536500,40.83253662109375,8.801568984985352,4.083944320678711,-1.422732949256897
1789324248440385500,40.851385498046874,8.763958930969238,4.147606372833252,-1.4699513912200928
1789324248459234800,40.87023486328125,8.719982147216797,4.226015567779541,-1.5076813697814941
1789324248478083800,40.889083740234376,8.666504859924316,4.32231330871582,-1.542628526687622
1789324248496933000,40.90793310546875,8.610535621643066,4.418498516082764,-1.5830098390579224
1789324248515782100,40.9267822265625,8.562533378601074,4.500068664550781,-1.6133191585540771
1789324248534631400,40.94563134765625,8.524879455566406,4.57107400894165,-1.6131001710891724
1789324248553480400,40.96448046875,8.48828411102295,4.640011787414551,-1.6092585325241089
1789324248572329700,40.98332983398438,8.456329345703125,4.6902031898498535,-1.6318306922912598
1789324248591178800,41.0021787109375,8.432305335998535,4.720016956329346,-1.66974937915802
1789324248610027800,41.02102783203125,8.407282829284668,4.752294063568115,-1.704018473625183
1789324248628877000,41.039876953125,8.36970329284668,4.798855304718018,-1.7576841115951538
1789324248647726000,41.05872607421875,8.326578140258789,4.831818580627441,-1.86869215965271
1789324248666575400,41.07757543945313,8.284945487976074,4.8404340744018555,-2.0249123573303223
1789324248685424400,41.09642431640625,8.240565299987793,4.863365650177002,-2.1473569869995117
1789324248713698000,41.12469799804688,8.187005043029785,4.98863410949707,-2.0632169246673584
1789324248751396400,41.16239624023437,8.16597843170166,5.0709052085876465,-1.942447304725647
1789324248770245600,41.18124560546875,8.168277740478516,5.046388149261475,-1.9958924055099487
1789324248789094700,41.2000947265625,8.18400764465332,5.00935173034668,-2.024553060531616
1789324248807944000,41.21894384765625,8.214771270751953,4.9968647956848145,-1.9285385608673096
1789324248826793000,41.23779296875,8.250988006591797,5.011996269226074,-1.7237961292266846
1789324248845642000,41.25664208984375,8.28293514251709,5.032292366027832,-1.4964655637741089
1789324248864491300,41.2754912109375,8.306855201721191,5.028675079345703,-1.3707550764083862
1789324248883340300,41.29434033203125,8.3313627243042,4.9890923500061035,-1.3666540384292603
1789324248902189600,41.313189453125,8.344549179077148,4.956684112548828,-1.4036297798156738
1789324248921038600,41.33203857421875,8.33980941772461,4.956368446350098,-1.4326106309890747
1789324248939887900,41.35088793945312,8.331021308898926,4.978137969970703,-1.4080530405044556
1789324248958737000,41.36973681640625,8.325438499450684,5.002638339996338,-1.3531675338745117
1789324248977586200,41.388586181640626,8.321130752563477,5.022315502166748,-1.3059548139572144
1789324248996435200,41.40743530273438,8.31598949432373,5.035437107086182,-1.28805410861969
1789324249015284500,41.42628442382812,8.312666893005371,5.037408828735352,-1.3017164468765259
1789324249034133500,41.44513354492187,8.305307388305664,5.04331111907959,-1.3256255388259888
1789324249052982800,41.463982666015625,8.30371379852295,5.05220890045166,-1.301505208015442
1789324249071831800,41.482831787109376,8.304011344909668,5.059093952178955,-1.2725356817245483
1789324249100105500,41.51110546875,8.306378364562988,5.063037872314453,-1.2410129308700562
1789324249118954800,41.52995483398438,8.308799743652344,5.054636478424072,-1.258923053741455
1789324249137803800,41.5488037109375,8.311012268066406,5.041378021240234,-1.2969090938568115
1789324249156653000,41.56765307617187,8.314515113830566,5.031767845153809,-1.3116918802261353
1789324249175502000,41.586502197265624,8.310968399047852,5.0313215255737305,-1.3356544971466064
1789324249194351000,41.60535107421875,8.303910255432129,5.030449867248535,-1.3820366859436035
1789324249213200400,41.624200439453126,8.293445587158203,5.030927658081055,-1.4418458938598633
1789324249232049400,41.64304931640625,8.279472351074219,5.028163433074951,-1.5291476249694824
1789324249250898700,41.66189868164062,8.273942947387695,5.005836486816406,-1.6290688514709473
1789324249269747700,41.68074780273437,8.28477668762207,4.969709873199463,-1.6836999654769897
1789324249288597000,41.699596923828125,8.304121971130371,4.938488006591797,-1.6802610158920288
1789324249307446000,41.718446044921876,8.315228462219238,4.9269700050354,-1.6590157747268677
1789324249326295300,41.73729541015625,8.306918144226074,4.940122127532959,-1.6615312099456787
1789324249345144300,41.75614428710937,8.28125,4.971856594085693,-1.6946772336959839
1789324249363993600,41.77499365234375,8.258018493652344,4.998317241668701,-1.7298386096954346
1789324249382842600,41.793842529296874,8.253634452819824,5.000101566314697,-1.7455400228500366
1789324249401692000,41.81269189453125,8.264670372009277,4.978826522827148,-1.7541130781173706
1789324249420541000,41.831541015625,8.273775100708008,4.9583330154418945,-1.7691683769226074
1789324249439390000,41.85038989257812,8.263703346252441,4.954483509063721,-1.8261125087738037
1789324249458239200,41.8692392578125,8.248771667480469,4.945370197296143,-1.9161049127578735
1789324249477088300,41.888088134765624,8.256087303161621,4.91063928604126,-1.9730744361877441
1789324249495937500,41.9069375,8.277356147766113,4.871546268463135,-1.9808588027954102
1789324249514786600,41.92578662109375,8.291268348693848,4.8486528396606445,-1.9788442850112915
1789324249533635800,41.9446357421875,8.296344757080078,4.835854530334473,-1.9888612031936646
1789324249552484900,41.96348486328125,8.309137344360352,4.816534519195557,-1.9823306798934937
1789324249571334100,41.982334228515626,8.330330848693848,4.795498847961426,-1.9440089464187622
1789324249590183200,42.00118310546875,8.337713241577148,4.7929887771606445,-1.9183820486068726
1789324249609032400,42.02003247070313,8.32015609741211,4.813131809234619,-1.9440017938613892
1789324249627881500,42.03888159179687,8.290090560913086,4.848745822906494,-1.983542561531067
1789324249646730800,42.057730712890624,8.259293556213379,4.895617485046387,-1.9968446493148804
1789324249665579800,42.076579833984376,8.23199462890625,4.945631504058838,-1.9862982034683228
1789324249684429000,42.09542895507813,8.204974174499512,4.99055290222168,-1.9857369661331177
1789324249703278000,42.11427807617188,8.172035217285156,5.0294270515441895,-2.0231399536132812
1789324249722127400,42.13312744140625,8.130772590637207,5.0666890144348145,-2.0951335430145264
1789324249740976400,42.151976318359374,8.091861724853516,5.09848690032959,-2.1673965454101562
1789324249759825700,42.17082568359375,8.068171501159668,5.120375156402588,-2.2038044929504395
1789324249778674700,42.1896748046875,8.05815315246582,5.135739326477051,-2.204711437225342
1789324249797523700,42.20852368164063,8.054611206054688,5.148360729217529,-2.1881508827209473
1789324249816373000,42.227373046875,8.056549072265625,5.149486064910889,-2.1783485412597656
1789324249835222300,42.24622216796875,8.072102546691895,5.12330961227417,-2.1824846267700195
1789324249854071300,42.2650712890625,8.094365119934082,5.072955131530762,-2.217376708984375
1789324249872920300,42.28392041015625,8.109646797180176,5.020312786102295,-2.2804548740386963
1789324249891769600,42.30276953125,8.122468948364258,4.97985315322876,-2.3231329917907715
1789324249910618600,42.32161865234375,8.132736206054688,4.961423873901367,-2.3266425132751465
1789324249929468000,42.340468017578125,8.12964153289795,4.971065521240234,-2.316859245300293
1789324249948317000,42.35931689453125,8.119696617126465,4.992030620574951,-2.3066303730010986
1789324249967166200,42.37816625976563,8.108567237854004,5.016770362854004,-2.2920613288879395
1789324249986015200,42.39701513671875,8.081649780273438,5.069427490234375,-2.2711734771728516
1789324250004864500,42.41586450195312,8.033065795898438,5.150579929351807,-2.26092267036438
1789324250023713500,42.434713623046875,7.980655670166016,5.231752395629883,-2.260152578353882
1789324250042562800,42.453562744140626,7.949257850646973,5.282083988189697,-2.2537248134613037
1789324250061411800,42.47241186523438,7.9665045738220215,5.2991814613342285,-2.150315761566162
1789324250080261000,42.49126123046875,8.003758430480957,5.272709369659424,-2.0757596492767334
1789324250099110100,42.51011010742187,8.039546012878418,5.224535942077637,-2.059201717376709
1789324250117959400,42.52895947265625,8.073850631713867,5.170023441314697,-2.062563180923462
1789324250136808400,42.547808349609376,8.11037826538086,5.1306304931640625,-2.017119884490967
1789324250155657700,42.56665771484375,8.144659042358398,5.122936725616455,-1.8948498964309692
1789324250174506800,42.5855068359375,8.186789512634277,5.108613014221191,-1.7461252212524414
1789324250193356000,42.60435595703125,8.245105743408203,5.044367790222168,-1.6561894416809082
1789324250212205000,42.623205078125,8.309165000915527,4.937407970428467,-1.658364176750183
1789324250231054300,42.64205444335938,8.362635612487793,4.830389022827148,-1.704128623008728
1789324250249903400,42.6609033203125,8.40326976776123,4.748082637786865,-1.7352689504623413
1789324250268752600,42.67975268554687,8.432537078857422,4.695633888244629,-1.7360097169876099
1789324250287601700,42.6986015625,8.441987037658691,4.667913436889648,-1.7646032571792603
1789324250306451000,42.717450927734376,8.433442115783691,4.649953842163086,-1.850780725479126
1789324250325300000,42.73630004882813,8.413780212402344,4.633035182952881,-1.9782986640930176
1789324250344149200,42.75514916992187,8.396535873413086,4.607038497924805,-2.1080198287963867
1789324250362998500,42.77399853515625,8.386409759521484,4.582954406738281,-2.198873519897461
1789324250381847600,42.79284765625,8.381003379821777,4.570267200469971,-2.2454025745391846
1789324250400696800,42.81169677734375,8.380838394165039,4.575200080871582,-2.2359490394592285
1789324250419545900,42.8305458984375,8.385528564453125,4.581629753112793,-2.2049849033355713
1789324250438395100,42.84939501953125,8.387828826904297,4.5735554695129395,-2.2129876613616943
1789324250457244200,42.868244140625,8.390700340270996,4.548266887664795,-2.2538418769836426
1789324250476093400,42.887093505859376,8.41097640991211,4.491498947143555,-2.2917895317077637
1789324250494942500,42.9059423828125,8.442832946777344,4.4015655517578125,-2.348442316055298
1789324250513791700,42.92479174804687,8.47520637512207,4.312480926513672,-2.3966195583343506
1789324250532640800,42.94364086914062,8.525634765625,4.236321926116943,-2.353193759918213
1789324250551490000,42.962489990234374,8.573601722717285,4.197598934173584,-2.245864152908325
1789324250570339000,42.981339111328126,8.600960731506348,4.208123683929443,-2.1179115772247314
1789324250589188400,43.00018823242188,8.608532905578613,4.252921104431152,-1.9940434694290161
1789324250608037400,43.01903735351563,8.60538387298584,4.3066840171813965,-1.88950514793396
1789324250626886700,43.03788671875,8.599281311035156,4.355532169342041,-1.803354024887085
1789324250645735700,43.056735595703124,8.597701072692871,4.395205020904541,-1.7123405933380127
1789324250683434200,43.09443432617188,8.6245698928833,4.436268329620361,-1.4514507055282593
1789324250702283300,43.113283203125,8.639971733093262,4.451159477233887,-1.3070783615112305
1789324250721132500,43.132132568359374,8.633381843566895,4.49916410446167,-1.1800928115844727
1789324250739981600,43.150981689453126,8.593616485595703,4.593047142028809,-1.1063719987869263
1789324250758830800,43.16983081054688,8.53779411315918,4.698663234710693,-1.0950028896331787
1789324250777680000,43.18867993164063,8.498152732849121,4.773465156555176,-1.0797268152236938
1789324250796529200,43.20752905273437,8.486756324768066,4.8042683601379395,-1.0316720008850098
1789324250815378400,43.22637841796875,8.503506660461426,4.784778118133545,-0.9831790924072266
1789324250834227500,43.2452275390625,8.534756660461426,4.731957912445068,-0.967934250831604
1789324250853076700,43.26407666015625,8.559170722961426,4.683431148529053,-0.9881691932678223
1789324250871925800,43.28292578125,8.569737434387207,4.660399436950684,-1.00531804561615
1789324250890775000,43.301775146484374,8.570272445678711,4.6601643562316895,-1.0018346309661865
1789324250909624000,43.3206240234375,8.568657875061035,4.6634345054626465,-1.000424861907959
1789324250928473300,43.33947338867188,8.566692352294922,4.663910388946533,-1.0149486064910889
1789324250947322600,43.35832250976563,8.559985160827637,4.6725945472717285,-1.031455159187317
1789324250966171600,43.37717163085937,8.546109199523926,4.692372798919678,-1.0564358234405518
1789324250994445600,43.40544555664062,8.52139949798584,4.728091716766357,-1.0960376262664795
1789324251013294600,43.42429467773437,8.50581169128418,4.755082130432129,-1.1003297567367554
1789324251032144000,43.443143798828125,8.48393440246582,4.796247959136963,-1.0905314683914185
1789324251050993000,43.461992919921876,8.461252212524414,4.835935115814209,-1.0914831161499023
1789324251069842200,43.48084228515625,8.444901466369629,4.861772060394287,-1.1032617092132568
1789324251088691200,43.49969116210937,8.443562507629395,4.858059883117676,-1.129554271697998
1789324251107540500,43.51854052734375,8.453591346740723,4.831613063812256,-1.1673482656478882
1789324251126389800,43.5373896484375,8.47160816192627,4.789803981781006,-1.2083091735839844
1789324251145238800,43.55623876953125,8.501604080200195,4.726935386657715,-1.2446664571762085
1789324251164088000,43.57508813476562,8.529915809631348,4.67133092880249,-1.2607841491699219
1789324251182937300,43.59393725585937,8.5651216506958,4.629117965698242,-1.1748838424682617
1789324251201786400,43.612786376953125,8.610893249511719,4.566941261291504,-1.0798012018203735
1789324251220635600,43.6316357421875,8.649578094482422,4.496325969696045,-1.066890001296997
1789324251239485000,43.65048486328125,8.672281265258789,4.439734935760498,-1.1183406114578247
1789324251258334000,43.669333984375,8.67264175415039,4.425431728363037,-1.1709998846054077
1789324251277183200,43.688183349609375,8.652626991271973,4.460527420043945,-1.1858057975769043
1789324251296032300,43.7070322265625,8.627384185791016,4.516522407531738,-1.1574320793151855
1789324251314881500,43.72588159179688,8.610234260559082,4.56257438659668,-1.1032484769821167
1789324251333730800,43.74473071289062,8.594158172607422,4.5931396484375,-1.1017730236053467
1789324251352579800,43.76357983398437,8.577522277832031,4.609490394592285,-1.161503791809082
1789324251371429000,43.78242919921875,8.56002426147461,4.6213250160217285,-1.2408539056777954
1789324251390278400,43.8012783203125,8.538301467895508,4.645008087158203,-1.3006541728973389
1789324251409127400,43.82012744140625,8.512626647949219,4.689456939697266,-1.3094168901443481
1789324251427976700,43.83897680664062,8.480456352233887,4.7469048500061035,-1.3111555576324463
1789324251446826000,43.857825927734375,8.450297355651855,4.790593147277832,-1.3465038537979126
1789324251465675000,43.876675048828126,8.432514190673828,4.798900127410889,-1.426059603691101
1789324251493949000,43.904948974609376,8.43089485168457,4.751197814941406,-1.5863524675369263
1789324251512798000,43.9237978515625,8.433234214782715,4.725986480712891,-1.648032784461975
1789324251531647200,43.94264721679688,8.406074523925781,4.7565717697143555,-1.6980355978012085
1789324251550496500,43.96149658203125,8.349082946777344,4.831152439117432,-1.7672492265701294
1789324251569345500,43.980345458984374,8.29348373413086,4.900939464569092,-1.8355660438537598
1789324251588194800,43.99919482421875,8.251741409301758,4.954567909240723,-1.879204273223877
1789324251607044000,44.01804418945313,8.208043098449707,5.006237030029297,-1.9328752756118774
1789324251625893000,44.03689306640625,8.154041290283203,5.054093360900879,-2.034241199493408
1789324251644742400,44.055742431640624,8.103940963745117,5.074217319488525,-2.1791865825653076
1789324251663591700,44.074591796875,8.067484855651855,5.069028854370117,-2.3218581676483154
1789324251682440700,44.09344067382813,8.049403190612793,5.052990436553955,-2.417597770690918
1789324251701290000,44.1122900390625,8.044065475463867,5.053304195404053,-2.434648275375366
1789324251720139300,44.13113916015625,8.06030559539795,5.07420539855957,-2.3354432582855225
1789324251738988300,44.14998828125,8.076629638671875,5.092630863189697,-2.236860990524292
1789324251757837600,44.16883764648438,8.07450008392334,5.110047340393066,-2.204599380493164
1789324251776686800,44.18768676757813,8.078660011291504,5.107021808624268,-2.1963489055633545
1789324251795536100,44.2065361328125,8.113975524902344,5.067870616912842,-2.1564931869506836
1789324251814385200,44.22538525390625,8.184866905212402,4.997990608215332,-2.0490059852600098
1789324251833234400,44.244234375,8.267263412475586,4.9169769287109375,-1.909473180770874
1789324251852083700,44.26308374023437,8.340873718261719,4.834146499633789,-1.7975667715072632
1789324251870933000,44.28193310546875,8.402182579040527,4.750931262969971,-1.7327324151992798
1789324251889782000,44.300781982421874,8.44996166229248,4.684228897094727,-1.6812314987182617
1789324251908631300,44.31963134765625,8.482569694519043,4.657656192779541,-1.5882772207260132
1789324251927480600,44.33848046875,8.490340232849121,4.681737422943115,-1.4716801643371582
1789324251946329600,44.35732958984375,8.477731704711914,4.741841793060303,-1.3466235399246216
1789324251965179000,44.376178955078124,8.451257705688477,4.817439079284668,-1.2405303716659546
1789324251984028200,44.395028076171876,8.42363166809082,4.8805694580078125,-1.1802005767822266
1789324252002877400,44.41387744140625,8.40270709991455,4.920137405395508,-1.1649671792984009
1789324252021726500,44.4327265625,8.393031120300293,4.92818546295166,-1.2001675367355347
1789324252040575700,44.45157568359375,8.388009071350098,4.922121047973633,-1.258739948272705
1789324252059425000,44.470425048828126,8.377604484558105,4.923107147216797,-1.322553277015686
1789324252078274300,44.4892744140625,8.360374450683594,4.94133186340332,-1.3629937171936035
1789324252097123300,44.50812329101562,8.334811210632324,4.981768608093262,-1.372328519821167
1789324252115972600,44.52697265625,8.308566093444824,5.031113147735596,-1.351300835609436
1789324252134822000,44.54582177734375,8.287044525146484,5.075605392456055,-1.3166313171386719
1789324252153671200,44.56467114257813,8.28139877319336,5.099884986877441,-1.256973147392273
1789324252172520200,44.58352026367187,8.28731632232666,5.1083807945251465,-1.1811951398849487
1789324252191369500,44.60236938476562,8.298001289367676,5.109803676605225,-1.0970265865325928
1789324252210218800,44.62121875,8.310613632202148,5.1014204025268555,-1.0390437841415405
1789324252229068000,44.64006811523438,8.3138427734375,5.093308448791504,-1.0529106855392456
1789324252247917300,44.65891723632812,8.317892074584961,5.093935012817383,-1.0172892808914185
1789324252266766300,44.67776635742187,8.314032554626465,5.11223030090332,-0.9551700949668884
1789324252285615600,44.69661572265625,8.295307159423828,5.143559455871582,-0.9497697949409485
1789324252304465000,44.71546484375,8.274051666259766,5.168740749359131,-0.9972831606864929
1789324252323314200,44.73431420898437,8.264494895935059,5.177462100982666,-1.0307296514511108
1789324252342163200,44.7531630859375,8.267590522766113,5.171062469482422,-1.0380003452301025
1789324252361012500,44.772012451171875,8.278488159179688,5.154398441314697,-1.0340254306793213
1789324252379861800,44.79086181640625,8.288453102111816,5.141092777252197,-1.0203484296798706
1789324252398711000,44.8097109375,8.290268898010254,5.139789581298828,-1.0121210813522339
1789324252417560300,44.828560302734374,8.291730880737305,5.136384963989258,-1.0174131393432617
1789324252436409600,44.84740966796875,8.307808876037598,5.109102249145508,-1.0236115455627441
1789324252455258600,44.86625854492188,8.335762977600098,5.064718723297119,-1.0168936252593994
1789324252474108000,44.88510791015625,8.359522819519043,5.0269455909729,-1.009251356124878
1789324252492957200,44.903957275390624,8.372587203979492,5.0041680335998535,-1.0141446590423584
1789324252511806500,44.922806396484376,8.375787734985352,4.993886947631836,-1.0381019115447998
1789324252530655700,44.94165576171875,8.375205993652344,4.98974084854126,-1.0624538660049438
1789324252549505000,44.96050512695312,8.38143539428711,4.9814558029174805,-1.052147388458252
1789324252568354000,44.97935400390625,8.388717651367188,4.974867343902588,-1.0249354839324951
1789324252587203300,44.998203369140626,8.382847785949707,4.988891124725342,-1.0045959949493408
1789324252606052600,45.01705249023438,8.374970436096191,5.009120464324951,-0.9690036177635193
1789324252624902000,45.03590185546875,8.38725471496582,4.999630928039551,-0.9099633097648621
1789324252643751200,45.054751220703125,8.426775932312012,4.940156936645508,-0.8687123656272888
1789324252681449700,45.09244970703125,8.595422744750977,4.646207332611084,-0.8377716541290283
1789324252700298800,45.111298828125,8.697437286376953,4.451416492462158,-0.8425331115722656
1789324252719148000,45.13014794921875,8.781991958618164,4.284379482269287,-0.8313193917274475
1789324252737997300,45.148997314453126,8.827197074890137,4.195958137512207,-0.8030670285224915
1789324252756846600,45.1678466796875,8.830669403076172,4.200743675231934,-0.7371652126312256
1789324252775696000,45.18669580078125,8.809638977050781,4.2583723068237305,-0.6533742547035217
1789324252794545200,45.205545166015625,8.77619457244873,4.333424091339111,-0.6084716320037842
1789324252813394400,45.22439453125,8.743200302124023,4.393382549285889,-0.6519350409507751
1789324252832243500,45.24324340820313,8.738609313964844,4.404613018035889,-0.6375736594200134
1789324252851092700,45.2620927734375,8.752052307128906,4.385149002075195,-0.5851787328720093
1789324252869942000,45.28094189453125,8.76700496673584,4.361956596374512,-0.5323038697242737
1789324252888791300,45.29979125976563,8.767255783081055,4.358606338500977,-0.5551350116729736
1789324252907640600,45.318640625,8.741802215576172,4.399112224578857,-0.6317488551139832
1789324252926489900,45.33748974609375,8.698838233947754,4.4830217361450195,-0.6349180340766907
1789324252945339100,45.356339111328126,8.6364164352417,4.610442161560059,-0.5714113116264343
1789324252964188400,45.3751884765625,8.561939239501953,4.750205993652344,-0.5469173789024353
1789324252992462300,45.40346240234375,8.472783088684082,4.887045383453369,-0.7064904570579529
1789324253011311600,45.4223115234375,8.439591407775879,4.92195463180542,-0.8473826050758362
1789324253030161000,45.441160888671874,8.411336898803711,4.944760799407959,-0.984438955783844
1789324253049010000,45.460010009765625,8.394203186035156,4.957584381103516,-1.063064694404602
1789324253067859200,45.47885913085938,8.383859634399414,4.972541809082031,-1.0747517347335815
1789324253086708500,45.49770849609375,8.363081932067871,5.0129075050354,-1.0488172769546509
1789324253105557800,45.516557861328124,8.340410232543945,5.062022686004639,-0.9919117093086243
1789324253124407000,45.535406982421875,8.330009460449219,5.08797550201416,-0.945423424243927
1789324253143256300,45.55425634765625,8.333333969116211,5.090855598449707,-0.8995118141174316
1789324253162105600,45.57310571289062,8.33729362487793,5.0900559425354,-0.8667388558387756
1789324253180955000,45.591954833984374,8.331016540527344,5.1030964851379395,-0.8502718806266785
1789324253199804200,45.61080419921875,8.312542915344238,5.132527828216553,-0.8539227843284607
1789324253218653400,45.6296533203125,8.292685508728027,5.165196895599365,-0.8499922752380371
1789324253237502700,45.64850268554687,8.294327735900879,5.172330856323242,-0.7883679866790771
1789324253256352000,45.66735205078125,8.313294410705566,5.146700859069824,-0.755647599697113
1789324253275201300,45.686201171875,8.328899383544922,5.117707252502441,-0.7803266644477844
1789324253294050600,45.70505053710937,8.317514419555664,5.1243510246276855,-0.8546204566955566
1789324253312899800,45.72389990234375,8.294316291809082,5.165278434753418,-0.8334352374076843
1789324253331749000,45.7427490234375,8.276174545288086,5.212731838226318,-0.7090449333190918
1789324253350598400,45.76159838867188,8.27110767364502,5.2364301681518555,-0.5822140574455261
1789324253369447700,45.78044775390625,8.291374206542969,5.212215900421143,-0.506261944770813
1789324253388297000,45.799296875,8.336545944213867,5.13861608505249,-0.5167449712753296
1789324253407146200,45.81814624023438,8.387054443359375,5.0525031089782715,-0.5476530194282532
1789324253425995500,45.83699560546875,8.423582077026367,4.98970365524292,-0.5625908970832825
1789324253444844800,45.8558447265625,8.442057609558105,4.961109638214111,-0.5379922986030579
1789324253473118700,45.88411865234375,8.468345642089844,4.928018093109131,-0.41490688920021057
1789324253491968000,45.902968017578125,8.507468223571777,4.868188381195068,-0.30676186084747314
1789324253510817300,45.9218173828125,8.558907508850098,4.781983852386475,-0.21929886937141418
1789324253529666600,45.94066650390625,8.620695114135742,4.671392917633057,-0.17911970615386963
1789324253548515800,45.959515869140624,8.693395614624023,4.535641670227051,-0.15239447355270386
1789324253567365000,45.978365234375,8.768141746520996,4.3901262283325195,-0.12987235188484192
1789324253586214400,45.99721435546875,8.846907615661621,4.229898452758789,-0.10282789915800095
1789324253605063700,46.01606372070312,8.93054485321045,4.050973415374756,-0.07326694577932358
1789324253623913200,46.034913330078126,9.015073776245117,3.8592751026153564,-0.06954294443130493
1789324253642762200,46.05376220703125,9.080291748046875,3.6997714042663574,-0.17430420219898224
1789324253661611800,46.07261181640625,9.100685119628906,3.6386098861694336,-0.32928594946861267
1789324253680461000,46.0914609375,9.084939956665039,3.671105146408081,-0.3965270519256592
1789324253699310300,46.110310302734376,9.053694725036621,3.7419707775115967,-0.4457169771194458
1789324253718159600,46.12915966796875,9.024772644042969,3.805103302001953,-0.49502938985824585
1789324253737009000,46.1480087890625,9.000044822692871,3.8501155376434326,-0.5883908271789551
1789324253755858200,46.166858154296875,8.98190975189209,3.883472204208374,-0.6436725854873657
1789324253774707500,46.18570751953125,8.971356391906738,3.9136757850646973,-0.606868326663971
1789324253793556700,46.204556640625,8.969362258911133,3.9230544567108154,-0.5749403834342957
1789324253812406000,46.223406005859374,8.97547435760498,3.902651786804199,-0.6168880462646484
1789324253831255300,46.24225537109375,8.978187561035156,3.8815178871154785,-0.7045180201530457
1789324253850104800,46.26110473632812,8.965935707092285,3.895641803741455,-0.7786908745765686
1789324253868954000,46.2799541015625,8.940814018249512,3.943955421447754,-0.8230696320533752
1789324253887803400,46.298803466796876,8.925978660583496,3.9739906787872314,-0.8394634127616882
1789324253906652700,46.31765258789063,8.933821678161621,3.9571969509124756,-0.8353472352027893
1789324253925502000,46.336501953125,8.961026191711426,3.9051640033721924,-0.7874533534049988
1789324253944351200,46.355351318359375,8.988310813903809,3.856907844543457,-0.710584282875061
1789324253963200500,46.374200439453126,8.98554801940918,3.868537664413452,-0.6817207932472229
1789324253982049800,46.3930498046875,8.949355125427246,3.9424471855163574,-0.7324942946434021
1789324254000899300,46.4118994140625,8.898801803588867,4.039498329162598,-0.8149630427360535
1789324254019748600,46.43074853515625,8.849388122558594,4.13590145111084,-0.8677842617034912
1789324254038598000,46.44959790039063,8.805654525756836,4.228212833404541,-0.8677834868431091
1789324254057447200,46.468447265625,8.765774726867676,4.312752723693848,-0.8554263710975647
1789324254076296400,46.48729638671875,8.735395431518555,4.374824523925781,-0.8509699702262878
1789324254095145700,46.50614575195313,8.717684745788574,4.410189628601074,-0.8500523567199707
1789324254123420000,46.534419921875,8.707792282104492,4.4317731857299805,-0.8391304612159729
1789324254142269200,46.55326928710937,8.710129737854004,4.432625770568848,-0.809848427772522
1789324254161118500,46.572118408203124,8.71728229522705,4.426262855529785,-0.7665342092514038
1789324254179967700,46.5909677734375,8.714290618896484,4.435877323150635,-0.7446626424789429
1789324254198817000,46.60981713867187,8.693438529968262,4.473114967346191,-0.7653500437736511
1789324254217666300,46.62866625976562,8.674199104309082,4.510641574859619,-0.7633917927742004
1789324254236515800,46.647515869140626,8.668962478637695,4.530642032623291,-0.7019761800765991
1789324254255365000,46.666365234375,8.668492317199707,4.541544437408447,-0.6340426206588745
1789324254293063700,46.704063720703125,8.645423889160156,4.57051420211792,-0.73309725522995
1789324254311913200,46.72291333007813,8.626448631286621,4.592232704162598,-0.8161952495574951
1789324254330762500,46.74176245117187,8.613814353942871,4.608841419219971,-0.8550872802734375
1789324254349611800,46.76061181640625,8.618715286254883,4.603110313415527,-0.8363679647445679
1789324254377885700,46.7888857421875,8.636550903320312,4.581894397735596,-0.7659099102020264
1789324254406160000,46.817159912109375,8.626408576965332,4.606087684631348,-0.7344503998756409
1789324254425009200,46.836009033203126,8.622637748718262,4.611596584320068,-0.7440932989120483
1789324254462707700,46.873707763671874,8.680310249328613,4.501944065093994,-0.7450488209724426
1789324254481557200,46.89255712890625,8.721930503845215,4.42289924621582,-0.7323091626167297
1789324254500406500,46.91140649414063,8.755478858947754,4.358526229858398,-0.7178052067756653
1789324254519255800,46.930255859375,8.773673057556152,4.3229451179504395,-0.7107806205749512
1789324254538105000,46.94910498046875,8.775510787963867,4.319731712341309,-0.707616925239563
1789324254556954600,46.96795458984375,8.767927169799805,4.337080955505371,-0.6953930258750916
1789324254575804000,46.98680395507812,8.756204605102539,4.362640857696533,-0.6831076145172119
1789324254594653200,47.005653076171875,8.746996879577637,4.380031585693359,-0.6897502541542053
1789324254613502500,47.02450244140625,8.744901657104492,4.378232479095459,-0.726751446723938
1789324254632352000,47.04335205078125,8.74702262878418,4.3662943840026855,-0.7716518044471741
1789324254651201300,47.062201171875,8.742051124572754,4.366656303405762,-0.8241586685180664
1789324254670050600,47.08105053710938,8.729079246520996,4.382911205291748,-0.8738741874694824
1789324254688900000,47.09990014648437,8.71707534790039,4.398455619812012,-0.9146445989608765
1789324254707749400,47.118749267578124,8.716915130615234,4.391966819763184,-0.9467869997024536
1789324254726598700,47.1375986328125,8.733165740966797,4.355043411254883,-0.9673643112182617
1789324254745448200,47.1564482421875,8.757226943969727,4.303839206695557,-0.9789482951164246
1789324254764297500,47.17529736328125,8.777154922485352,4.25650691986084,-1.0070255994796753
1789324254783146800,47.194146728515626,8.788105010986328,4.221027374267578,-1.0594909191131592
1789324254801996300,47.21299633789062,8.796897888183594,4.18380880355835,-1.131693959236145
1789324254820845600,47.231845458984374,8.813482284545898,4.126119613647461,-1.2116365432739258
1789324254839694800,47.25069482421875,8.83311653137207,4.0581488609313965,-1.2953283786773682
1789324254858544000,47.26954418945313,8.833535194396973,4.037240982055664,-1.3563642501831055
1789324254877393700,47.2883935546875,8.83969783782959,4.0304718017578125,-1.3361947536468506
1789324254905667600,47.31666748046875,8.835012435913086,4.037539482116699,-1.345814824104309
