time,seconds_elapsed,z,y,x
1789030855572205300,0.017205322265625,0.2333835161998868,-0.17049334478378295,0.2617589852042496
1789030855582209300,0.027209228515625,0.23687632675170897,-0.15767594878673552,0.20425401395782827
1789030855592214300,0.03721435546875,0.27643443015813823,-0.14725976871252058,0.18566300299540162
1789030855602218500,0.047218505859375,0.2755839508086443,-0.17115677712857721,0.15081190823614596
1789030855612223500,0.057223388671875,0.2660159119963646,-0.13684417316019534,0.10501242622211575
1789030855622227500,0.0672275390625,0.29259879849553105,-0.07689151650071144,0.16258812461718916
1789030855632232400,0.077232421875,0.2881158078625798,-0.018244097220897672,0.22520853918120265
1789030855642236200,0.087236083984375,0.2559519063606858,0.024670330876111982,0.2351280217796564
1789030855652241200,0.0972412109375,0.25232787064462897,-0.028568507358431815,0.23953341713175177
1789030855662245400,0.107245361328125,0.2656616917312145,-0.1527449221253395,0.30772476369589563
1789030855672249300,0.117249267578125,0.24198124867528675,-0.2346142270386219,0.33405966678336263
1789030855682254300,0.12725439453125,0.19493834247142075,-0.2056003140002489,0.3824558872923255
1789030855692258300,0.13725830078125,0.11436316902190446,-0.15771102010011673,0.4592927509963512
1789030855702263300,0.14726318359375,-0.015176818604767321,0.0073883566856384275,0.4642248005710542
1789030855712267500,0.157267578125,0.004245967006683349,0.06303133345246315,0.4625276412643492
1789030855722272500,0.1672724609375,-0.008946984304487704,0.07434183201789855,0.5115992768168449
1789030855732276500,0.1772763671875,-0.05366612373590469,0.0026081366717815397,0.5344732257954776
1789030855742281500,0.187281494140625,-0.04489800312966108,-0.15574819559454917,0.6118962188243866
1789030855752285200,0.19728515625,-0.053854047523438926,-0.34781156715154643,0.6385908951349556
1789030855762290200,0.207290283203125,0.09212035755366087,-0.47434360513389107,0.6489594366751611
1789030855772294400,0.21729443359375,0.36990035710185765,-0.49541620377898216,0.6115852531790733
1789030855782299400,0.22729931640625,0.42573768739700313,-0.4603969128459692,0.4813153438426554
1789030855792303400,0.237303466796875,0.44643794559836386,-0.42833121102154254,0.2746842254899442
1789030855802307300,0.247307373046875,1.0622671199575067,-0.39581776542961594,0.24527342208847402
1789030855812312300,0.257312255859375,0.7790884762361645,-0.14034662832319736,0.1588564638081938
1789030855822316300,0.26731640625,0.7103790971472859,-0.12503800003230572,-0.28967158593721687
1789030855832321300,0.2773212890625,0.7224614568680524,-0.00915244374871254,-0.25405571735054255
1789030855842325500,0.287325439453125,0.5394003069341182,0.11336802050471305,-0.2498538086812943
1789030855852330500,0.29733056640625,0.17478168962746857,0.32817981496453286,-0.040617476266250015
1789030855862334200,0.307334228515625,-0.47344840985983605,0.29001988791823385,-0.00439158602245152
1789030855872339200,0.317339111328125,-0.7089888118326664,-0.038410686936974525,0.09822751532234252
1789030855882343200,0.32734326171875,-0.9232838889420032,-0.44356268242299557,0.08364749356694519
1789030855892348400,0.337348388671875,-0.6309209450289607,-0.6930524070322513,0.06199314951114356
1789030855902352400,0.347352294921875,-0.24404577998965976,-0.6938888578563929,0.0038787411294877528
1789030855912356400,0.3573564453125,-0.12487491842508315,-0.6803402249753475,-0.09543101647160947
1789030855922361300,0.367361328125,-0.2800458986535668,-0.7476742240577936,0.11425934332124889
1789030855932365300,0.377365234375,-0.5661863147899509,-0.8033131091713905,0.4476278860352933
1789030855942370300,0.387370361328125,-0.6492749323651195,-0.6292798998236656,0.5876520044058561
1789030855952374300,0.397374267578125,-0.8689312442466616,-0.36734862679243085,0.4561795143466443
1789030855962379500,0.407379638671875,-0.7650047135651111,-0.1216834289073944,0.3376175053954124
1789030855972383200,0.41738330078125,-0.5796162897273898,-0.09133797500431537,0.14494674252979456
1789030855982388200,0.42738818359375,-0.32480127844214435,-0.21359248179793355,-0.045171413243561984
1789030855992392200,0.43739208984375,0.08266630050987005,-0.5499076724231243,-0.24823344093784688
1789030856002397200,0.447397216796875,0.4101543338179588,-0.8659662569612264,-0.3572213831948116
1789030856012401400,0.4574013671875,0.5209516270518303,-0.6253261937618255,-0.15322254957444964
1789030856022405400,0.4674052734375,0.32597850552797314,-0.1219277590572834,0.12480605443995445
1789030856032410400,0.477410400390625,-0.08822919533401727,0.011722586497664451,0.35901747283134605
1789030856042414300,0.487414306640625,-0.21252456030547617,0.06060615213215351,0.39213023602329194
1789030856052419300,0.49741943359375,-0.0035308044746518133,0.19182605566978453,0.23942250410318372
1789030856062423300,0.50742333984375,0.04820084406733512,0.16131225946247577,-0.07191493366453797
1789030856072428300,0.51742822265625,-0.01834668081253767,0.26884850507378577,-0.10173906710725276
1789030856082432300,0.527432373046875,-0.06738251439929008,0.21874796486496925,0.04336461954992264
1789030856092437200,0.537437255859375,0.2490577629327774,-0.49446986283957955,0.24775555776041
1789030856102441200,0.547441162109375,0.3972454601451754,-1.3770154986798762,0.5341025658521801
1789030856112446200,0.5574462890625,0.4005930170074105,-1.9898329240024089,0.80692282410115
1789030856122450400,0.567450439453125,0.6465177426114678,-1.7225573673337697,0.671526730857417
1789030856132454400,0.577454345703125,0.5856956096410751,-0.3776958332836628,0.11463986707143485
1789030856142459400,0.58745947265625,0.37027211302369833,0.5807680901110172,-0.2022133384430781
1789030856152463400,0.59746337890625,-0.11648615252524613,0.9934048883944749,-0.34979375394470985
1789030856162468400,0.60746826171875,-0.2041644359782338,0.24068565590679644,0.26038543182872237
1789030856172472300,0.617472412109375,-0.45450522445887326,0.056067924180626866,0.3694937490623444
1789030856182477300,0.627477294921875,-0.6247682676181197,-0.2546037066221237,0.598258446355164
1789030856192481300,0.637481201171875,-0.5574889213323593,-0.4482511325001716,0.853630945392698
1789030856202486300,0.647486328125,-0.31056349425315855,0.21322774013876913,0.5241780782850459
1789030856212490200,0.657490234375,-0.03778115686178207,-0.6235615221768617,0.5537974098706617
1789030856222494500,0.667494384765625,0.4525196035996079,-5.943312775871157,2.3165647321157157
1789030856232499500,0.67749951171875,3.746711370871961,-8.998176731586456,1.8089128777503967
1789030856242503400,0.68750341796875,-1.0560326094821095,9.281056100100278,-3.053170888061821
1789030856252508400,0.69750830078125,-3.4584698908030984,10.218141719901562,-1.3460090966500342
1789030856262512400,0.707512451171875,-0.9427633731767535,3.5413322984069584,-0.18114472185336053
1789030856272517400,0.717517333984375,-0.3804708509549498,0.7299439215779304,0.21098986155148594
1789030856282521300,0.727521240234375,-0.27579057929664846,0.7329968794077635,0.2633756996858865
1789030856292526300,0.7375263671875,-0.12517448589354752,1.5044775109887123,0.3014505787972361
1789030856302530300,0.7475302734375,-0.2541138772785663,1.665360731384158,0.501567456417717
1789030856312534300,0.7575341796875,-0.9338108359143137,1.3082406531393527,0.7809643531106412
1789030856322539300,0.767539306640625,-1.7683926513135433,0.5550502960085868,1.056851086258143
1789030856332543500,0.77754345703125,-1.2178177471533418,0.806889214092493,0.9707348644901066
1789030856342548500,0.787548583984375,-1.0196019904464482,0.4515764775305986,1.0089023172557354
1789030856352552400,0.797552490234375,-1.0373787624165416,0.1768131954550743,0.9405824489410967
1789030856362557400,0.807557373046875,-0.4284276571333408,0.7061147177010774,0.3119154933840036
1789030856372561400,0.8175615234375,0.7148506896033883,1.6934692200154065,-0.7499538594275712
1789030856382566400,0.82756640625,0.4790399462565779,1.0709434706270695,-0.38527971254140136
1789030856392570400,0.8375703125,-0.08753186071962117,-0.25437925021648405,0.009723229373991489
1789030856402574300,0.84757421875,-0.6237193430870771,-0.6328945831894874,0.2652325065337121
1789030856412579300,0.857579345703125,-0.34288960057944057,-0.9775848034501076,0.35351072864122685
1789030856422583300,0.867583251953125,1.0139750904753804,-0.41096623472273347,-0.24637678022049367
1789030856432588300,0.87758837890625,0.569188711476326,-0.06122749890089035,0.05049721137620508
1789030856442592300,0.88759228515625,-0.07372720725089311,-1.0251812518835066,0.23421594843603669
1789030856452597500,0.897597412109375,0.7998612151518464,-0.9419184467852115,-0.06224690507650375
1789030856462601500,0.9076015625,0.797592101176083,-0.6923305224984884,-0.030961905300989745
1789030856472606500,0.9176064453125,-0.1135506835952401,-0.984340707451105,0.3888680924221873
1789030856482610200,0.927610107421875,-0.23655016353726385,-1.1372720920592545,0.20661475173979996
1789030856492614100,0.9376142578125,-0.21624708795994518,-0.9835656314253807,0.3805251384254545
1789030856502619400,0.947619384765625,-0.731459002315998,-1.3896727356791496,0.8202787839543074
1789030856512623400,0.957623291015625,-0.7345449856325984,-0.7320961311757564,0.3806163238402456
1789030856522628400,0.96762841796875,-0.48217181454151864,0.5569733730256557,-0.21128632374741135
1789030856532632300,0.97763232421875,-0.060224459338188166,1.5212287393033503,-0.6898517112948
1789030856542637300,0.98763720703125,0.12060644732564688,1.6661948441207408,-0.6059639792311936
1789030856552641300,0.997641357421875,-0.4298506756737828,1.6687883677452802,-0.033654724581539626
1789030856562645500,1.0076455078125,-1.3940867527291179,1.4804682743698359,0.2853642075994983
1789030856572650500,1.017650390625,-0.9926210445404052,1.786487110930681,0.5481291549758985
1789030856582654500,1.027654541015625,-0.887328778463602,1.967016112038493,0.7424453834936022
1789030856592659500,1.037659423828125,-1.3643791583381593,0.8810030825734138,0.9417729008346796
1789030856602663400,1.047663330078125,-1.300705289198458,-0.3989870431154966,1.1083872122280298
1789030856612668400,1.05766845703125,-1.027726260191202,-1.3190765199303627,1.3957013483189045
1789030856622672400,1.06767236328125,-0.6501577065490186,-1.759178248244524,1.5071892541654408
1789030856632676400,1.07767626953125,0.08001140208691358,-1.0820300973087549,0.6326318406000733
1789030856642681300,1.087681396484375,0.1954457074716687,0.05124444954693317,-0.00506944875139743
1789030856652685300,1.097685302734375,-0.38743981318473814,0.08909925616681576,-0.16109686314612626
1789030856662690300,1.107690185546875,-0.757891666689515,-0.5263151999115944,-0.12341054496094583
1789030856672694500,1.117694580078125,-0.5989395604871213,-0.8185708840578794,-0.01858027037270367
1789030856682699500,1.127699462890625,-0.5711136881895363,-0.5576198542356491,-0.0027526231763884425
1789030856692703500,1.137703369140625,-0.8219888758078217,0.006910802301764488,-0.15061612993571907
1789030856702707500,1.14770751953125,-0.6244976339831948,0.5037555775791406,-0.03675353084709495
1789030856712712400,1.15771240234375,-0.6466054208949208,0.35938451604545113,0.4620227604821324
1789030856722716400,1.16771630859375,-0.7258499302625656,-0.0747013129800558,0.6722089409679174
1789030856732721400,1.177721435546875,-0.6312453546777367,-0.13624211561381816,0.5939451862659305
1789030856742725400,1.187725341796875,-0.7287712245367467,0.03744797938466072,0.5100809081431478
1789030856752730400,1.19773046875,-0.7333550451956689,0.17812661614120007,0.429325336625427
1789030856762734300,1.207734375,-0.7479775909185409,0.3871411224991083,0.3808194451969117
1789030856772738600,1.217738525390625,-0.9581649404481053,0.6084960549920797,0.5910240381222218
1789030856782743600,1.22774365234375,-1.1243220095932482,0.6303560046225786,0.7732364622723311
1789030856792747500,1.23774755859375,-1.120986873821169,0.5582651664018631,0.7142587150596081
1789030856802752500,1.24775244140625,-0.9965222897626459,0.6978712054908275,0.6107126350630074
1789030856812756500,1.257756591796875,-0.8935293866693973,0.8296358834296464,0.5882727666527032
1789030856822761500,1.267761474609375,-0.9544178628742694,0.6856658039122819,0.6582609335057437
1789030856832765400,1.277765380859375,-0.9345943875074386,0.48574412007033824,0.6792939307928085
1789030856842769400,1.287769287109375,-0.854428087119758,0.31473171984851356,0.6812380505979061
1789030856852774400,1.2977744140625,-0.8716821503899991,0.1844692631661892,0.54821840416193
1789030856862778400,1.3077783203125,-1.0139315435945988,0.16830547935068607,0.4378837600037455
1789030856872783400,1.317783447265625,-1.057076273316145,0.22685469895303248,0.5215797323549166
1789030856882787600,1.32778759765625,-1.1332556960247457,0.1688350561827421,0.6209785930115729
1789030856892791600,1.33779150390625,-1.1440158672310412,0.05833820720016956,0.7344344379302113
1789030856902796500,1.347796630859375,-1.1509621792376041,0.040248423758149146,0.8182099417909979
1789030856912800300,1.35780029296875,-1.2074186643444,-0.0035620763957500455,0.924557123748213
1789030856922805200,1.36780517578125,-1.227637276508659,-0.1691319933027029,0.929196327856183
1789030856932809500,1.3778095703125,-1.1898362459026277,-0.16633154892921448,0.9514042872067541
1789030856942814500,1.387814453125,-1.213743191190809,-0.10603519339859485,1.1086926249153912
1789030856952818400,1.397818359375,-1.2037174717389048,-0.07094049914181232,1.1423804480489343
1789030856962822400,1.407822509765625,-1.1948644493281841,-0.007286649876832961,1.133440258811414
1789030856972827400,1.417827392578125,-1.2535913635849951,0.07579904508888721,1.1239236579254268
1789030856982831400,1.427831298828125,-1.2108419167913496,0.19019757768511772,1.098251456530392
1789030856992836400,1.43783642578125,-1.233779578655958,0.2713929288595915,1.0672184587545692
1789030857002840600,1.447840576171875,-1.3808815264582632,0.2602192084163427,1.09898751571998
1789030857012844300,1.45784423828125,-1.6128057837605476,0.22534487891197202,1.2170840991165488
1789030857022849300,1.467849365234375,-1.7191363068439065,0.27942718223333357,1.2059381434630603
1789030857032853200,1.477853271484375,-1.771844837594032,0.4219178368479013,1.1672220438387244
1789030857042858200,1.487858154296875,-1.8971138699032366,0.46230537681579587,1.0269295568555592
1789030857052862500,1.497862548828125,-1.9488743061482905,0.40471360406875606,0.9137690416216849
1789030857062867500,1.507867431640625,-1.8166253518238662,0.4082382710635662,0.7580253030065447
1789030857072871400,1.517871337890625,-1.786252133131027,0.33633506436944005,0.5745447220841422
1789030857082875400,1.52787548828125,-1.6269373310960829,0.2836304791420698,0.5181973964402452
1789030857092880400,1.53788037109375,-1.2147430158831178,0.3973784388750791,0.4657411234181374
1789030857102884600,1.547884521484375,-0.7753858223259449,0.47244916968941686,0.21728300687894223
1789030857112889600,1.5578896484375,-0.5167511796873062,0.16870763041079043,-0.10004866633489727
1789030857122893300,1.567893310546875,-0.42193478798270223,-0.17615619285106657,-0.20423242318052798
1789030857132898300,1.577898193359375,-0.37544425496459005,-0.07460545139014721,-0.22445253318212924
1789030857142902300,1.58790234375,-0.578843844050169,0.05077975464463234,-0.24599874068833885
1789030857152906500,1.597906494140625,-0.5940555878378451,0.1735837120145559,-0.2436752661768347
1789030857162911500,1.607911376953125,-0.5734487070083618,0.18920622856020927,-0.41998200994711365
1789030857172915500,1.61791552734375,-0.6076094814158975,0.1739122133165598,-0.5152923957137391
1789030857182920400,1.62792041015625,-0.42679684106111526,0.08902326832115649,-0.5145271104296669
1789030857192924400,1.63792431640625,-0.32012152312807735,0.0027852468043565747,-0.5928845712970942
1789030857202928400,1.647928466796875,-0.24786877234391866,0.15985679995715618,-0.5072525528494268
1789030857212933600,1.65793359375,-0.001107084459066391,0.568690698826313,-0.29897085427809506
1789030857222937300,1.667937255859375,0.14107786520719529,0.9424486081391572,-0.04031557071022689
1789030857232942300,1.6779423828125,-0.01874802815504372,1.109441835847497,0.14224573994278908
1789030857242946300,1.6879462890625,-0.08074702288508415,1.2006091304600237,0.5217064640071243
1789030857252950500,1.697950439453125,0.08273205922245978,1.5013701926231384,1.063859065324068
1789030857262955500,1.70795556640625,0.25998824920468033,1.949274119120836,1.4774363593280315
1789030857272959500,1.71795947265625,0.29756723455786704,2.193277521273494,1.6809031684309244
1789030857282964500,1.727964599609375,0.05057049580812454,2.036313520148396,1.736483016833663
1789030857292968400,1.737968505859375,-0.30896650738529857,1.4927005639553068,1.610911202185601
1789030857302972400,1.747972412109375,-0.6789199098486453,0.5811164651572704,1.697402321680635
1789030857312977400,1.757977294921875,-0.7009480556529015,-0.4464046278506517,1.9091228721268474
1789030857322981400,1.7679814453125,-0.47446226307749745,-1.0936942316174507,1.8434452619493007
1789030857332986400,1.777986328125,-0.6620493660032749,-1.5593436581641436,1.4184557625710963
1789030857342990300,1.787990234375,-0.9112672879338264,-1.9797563511461018,0.9901922830235212
1789030857352994600,1.79799462890625,-0.917418796300888,-2.3042273747205733,0.8124223713655024
1789030857362999600,1.80799951171875,-0.6615794104039668,-2.447233577641845,0.7314042033888399
1789030857373003500,1.81800341796875,-0.7541312912426889,-2.3706623791366814,0.6491565666824579
1789030857383008500,1.828008544921875,-0.7986649911046028,-1.9362971486479044,0.7093693355828523
1789030857393012500,1.838012451171875,-0.8018645177982747,-1.4748475118786095,0.9949451766390353
1789030857403017500,1.848017578125,-1.0979996737264097,-1.1470318540513516,1.2895049730092287
1789030857413021400,1.858021484375,-1.6009259608745574,-1.1056418590426444,1.4048241275817155
1789030857423025400,1.868025390625,-1.768780773848295,-1.1366560059875248,1.3663089573569596
1789030857433030400,1.878030517578125,-1.8250712547384202,-0.9334095616370439,1.0266915833812207
1789030857443034400,1.888034423828125,-1.9464613997876643,-0.49676995647549627,0.6011570904061198
1789030857453039400,1.898039306640625,-1.7307342440485953,-0.04486322407722473,0.5672228182308375
1789030857463043300,1.908043212890625,-1.4358463117025793,0.294836932811141,0.4827439153410494
1789030857473047600,1.918047607421875,-0.8167685108110309,0.6793009450554848,0.42321416026875375
1789030857483052500,1.928052490234375,-0.44070510103479027,1.0522855319082736,0.4440511965923011
1789030857493056500,1.938056396484375,-0.7489677709996699,1.2693763772159814,0.7330385265924036
1789030857503061500,1.9480615234375,-1.0837035834789275,1.3140583995074033,1.2089482119992374
1789030857513065200,1.958065185546875,-0.9923775911733508,1.287313015922904,1.4224191132441162
1789030857523069400,1.9680693359375,-0.7690788311362267,1.4451602296233177,1.5329840590268373
1789030857533074400,1.978074462890625,-0.4707354976393282,1.6531062299668788,1.710508909882605
1789030857543078400,1.988078369140625,-0.18775529909953473,1.7585685919135807,1.9533624113477766
1789030857553083400,1.99808349609375,0.12091069096922874,1.5745570093870163,1.8640891137883067
1789030857563087000,2.008087158203125,0.0918565920509398,1.1639385651886462,1.6983249894835053
1789030857573091300,2.01809130859375,-0.08054726252928376,0.8948229336112737,1.6076513236068188
1789030857583096300,2.028096435546875,-0.15752879540100692,0.968932125917077,1.5247069368079305
1789030857593100300,2.038100341796875,-0.7497358327627182,1.438107973024249,1.2464467525273561
1789030857603105300,2.048105224609375,-1.1964869359634815,1.8985475559681653,1.06510526599288
1789030857613109000,2.05810888671875,-1.0820014557361601,2.1878227629989384,1.0198932284779847
1789030857623113200,2.06811328125,-1.0725612810872494,2.2265561060190198,0.9401593281581997
1789030857633118200,2.0781181640625,-0.8091524828493595,2.040312818917632,0.8947865471236407
1789030857643122200,2.0881220703125,-0.8282935289099812,1.688666203647852,1.068706213094294
1789030857653127200,2.098127197265625,-1.044722110916674,1.1280728865593672,1.3227989014543593
1789030857663131100,2.108131103515625,-1.0389804985247553,0.47457916745543477,1.5850295958235858
1789030857673135400,2.11813525390625,-0.774288966999948,-0.05521510674357414,1.6058018963478504
1789030857683140400,2.128140380859375,-0.6493348458588123,-0.2557943777114153,1.3182478140212595
1789030857693144300,2.138144287109375,-0.6524699290141462,-0.33863632704913615,1.0235890142560005
1789030857703149300,2.1481494140625,-0.8406348318278789,-0.48219724124372004,1.0906766373619436
1789030857713153000,2.158153076171875,-1.2645815441548824,-0.9486936400085687,1.009716994639486
1789030857723158000,2.168157958984375,-1.268534081172943,-1.4468132575273513,0.8860334779560566
1789030857733162200,2.178162353515625,-1.2258885331451892,-1.9479881709635256,0.5088672215044499
1789030857743166200,2.188166259765625,-1.0881894967213273,-2.2118945434600112,-0.016935352709889412
1789030857753171200,2.198171142578125,-1.1933726033352314,-2.203973102810979,-0.2591981948055327
1789030857763175200,2.208175048828125,-1.4021230519294738,-1.8777841694027184,-0.06453282405659556
1789030857773179400,2.218179443359375,-1.3932112850688396,-1.3625357224285601,0.15522665593847632
1789030857783184400,2.228184326171875,-1.2695289374291896,-0.8506120359629392,0.2080421541944146
1789030857793188000,2.23818798828125,-1.2113389065280555,-0.3956061685055494,0.18948489937111734
1789030857803193300,2.248193359375,-1.3284054892897605,0.09340718249380588,0.246585527600348
1789030857813197000,2.258197021484375,-1.1228393698200583,0.3163350633919239,0.5171176018469036
1789030857823202000,2.2682021484375,-0.7467641234755515,0.5615934340417384,0.7718506339371204
1789030857833206300,2.278206298828125,-0.34448052303269505,0.8354168049186468,0.6238567057311535
1789030857843210200,2.288210205078125,-0.12704071815684437,1.070921843317151,0.4447742501698434
1789030857853215200,2.29821533203125,0.04721577855274081,1.2728028445333242,0.4704810844868421
1789030857863219200,2.30821923828125,-0.05515899264216423,1.3279238432526588,0.7513887145362794
1789030857873223400,2.318223388671875,-0.29282004003077744,1.0647457850307225,0.6597798136360943
1789030857883228400,2.328228515625,-0.04819412206560373,0.71541621453166,0.3269701469138264
1789030857893232000,2.338232177734375,0.08843114764690399,0.2095703866750002,0.05362286911606788
1789030857903237000,2.348237060546875,0.03826251063793897,-0.38926118339300153,0.0810018744289875
1789030857913241000,2.358240966796875,-0.26405688688308,-0.8878712147772312,0.1684812743090093
1789030857923245300,2.368245361328125,-0.5934976616941392,-1.0824024377524852,0.23048574893176554
1789030857933250300,2.378250244140625,-0.521988130492717,-0.8819465009033679,0.15381620461866258
1789030857943254300,2.388254150390625,-0.2840276617661118,-0.48616380678713317,0.07183525602445005
1789030857953259300,2.39825927734375,-0.3682683719858527,-0.20795418365001678,-0.030844489466398953
1789030857963263200,2.40826318359375,-0.19611045499071478,-0.028102643412351608,-0.08816913570985198
1789030857973267200,2.41826708984375,-0.04798676292523742,0.010579261681437491,-0.14167524657845496
1789030857983272200,2.428272216796875,0.42316754464805123,0.21960136682391165,0.056618397670239205
1789030857993276200,2.438276123046875,0.6310206060111523,0.43605975944697856,0.2202618765592575
1789030858003281200,2.44828125,0.9602491993762552,0.719073567995429,0.08868409949466585
1789030858013285000,2.45828515625,1.1618564982175827,0.8574743229478597,0.13865180710405112
1789030858023289000,2.4682890625,1.1048255742236972,1.4401041152775287,0.752932875238359
1789030858033294000,2.478294189453125,1.0266866880103944,1.6966215465664862,1.1818033077031374
1789030858043298300,2.48829833984375,0.8981377572476863,1.9798358461230992,0.743635762321949
1789030858053303300,2.49830322265625,0.4228381665632128,1.685618506515026,-0.7726210337877273
1789030858063307300,2.508307373046875,0.2610451378464699,1.045214570608735,-2.464562898105383
1789030858073312300,2.518312255859375,0.4673135603666305,0.34430326676964756,-3.2600445829987525
1789030858083316200,2.528316162109375,1.3396060977399349,0.24001813190877436,-2.342210776156187
1789030858093320200,2.5383203125,0.7759259205520153,0.9192647164285183,-0.16068915912806986
1789030858103325200,2.5483251953125,-1.6566040089547633,0.27954116400182244,1.0979814074173568
1789030858113329200,2.5583291015625,-2.14685450053364,-2.677939691326022,0.3981175668045878
1789030858123334100,2.568334228515625,-0.6561724367938936,-4.551294938370585,0.17470979343503712
1789030858133338000,2.578338134765625,0.04292407270818949,-3.4398850173205133,1.0465610167816282
1789030858143342300,2.58834228515625,-0.3176046449363231,-1.7576204974085092,1.0593462640747426
1789030858153347300,2.598347412109375,-0.4366751148663461,-1.021236313650012,1.0419403712436557
1789030858163351300,2.608351318359375,-0.7900926853314042,-0.9777665897578001,1.3755474719539285
1789030858173356300,2.618356201171875,-0.9461479010485112,-0.9302011209845542,1.6653052018046377
1789030858183360000,2.628360107421875,-0.9450564525499939,-0.7900374480128288,1.5810694600209594
1789030858193364200,2.6383642578125,-0.7576628263697027,-0.48676118815839287,0.7067407406449318
1789030858203369200,2.648369140625,-0.5527008102729917,0.07358662973642349,0.48589960289299483
1789030858213373200,2.658373291015625,-0.9732876907780766,0.39956981143951414,1.2053303137630222
1789030858223378200,2.668378173828125,-1.4089330242052673,0.18387246631681917,1.4562354581281542
1789030858233382100,2.678382080078125,-1.334401368703693,0.015723054310679434,0.7852984367921948
1789030858243386400,2.688386474609375,-0.8286088784694671,0.2612093884974718,0.1253565644621849
1789030858253391400,2.698391357421875,-0.5406755875669419,0.7058446685880422,0.5238368270993232
1789030858263395300,2.708395263671875,-0.3631611119747162,1.1050152515769005,1.1709642260417341
1789030858273399000,2.71839892578125,-0.05025017781257629,1.4851666613191365,1.360255210275948
1789030858283404000,2.728404052734375,0.007615151178836822,1.8338591029584406,1.1149046312980353
1789030858293408300,2.738408203125,0.11656667041555047,1.77973763667047,0.6675878570385277
1789030858303413200,2.748413330078125,0.0035961247958242893,1.2426397614598272,0.818436297892779
1789030858313417200,2.758417236328125,-0.3377895009614527,0.4680822066515684,1.3649964134536683
1789030858323422200,2.768422119140625,-0.32907164923772214,-0.10169102671444416,1.5326714859463273
1789030858333426200,2.77842626953125,-0.3716119833253324,-0.4225099575221538,1.1040282863661646
1789030858343430400,2.788430419921875,-0.37850247349143024,-0.8829869498670101,0.3479429384462535
1789030858353435400,2.798435302734375,-0.4106558535993099,-1.4443722941160202,0.2617052091903984
1789030858363439400,2.808439453125,-0.4470351808391511,-1.7018951030552387,0.696610537905246
1789030858373443000,2.818443115234375,-0.28376477304622527,-1.3325982648044823,0.8185903194107115
1789030858383448000,2.828447998046875,-0.38093627650961276,-0.5222416668623685,0.7785654752753675
1789030858393452300,2.838452392578125,-0.677091306181997,0.16710487138926983,0.3954565309017896
1789030858403457300,2.848457275390625,-0.632456337902695,0.3506552661448717,0.27528467560112474
1789030858413461200,2.858461181640625,0.39646249307394027,0.622718057090044,0.7384558754660189
1789030858423465200,2.86846533203125,1.5865269947744904,1.57736622158885,1.310504506418109
1789030858433470200,2.87847021484375,0.6296997326709329,1.9257132107913493,0.9841266263090074
1789030858443474200,2.88847412109375,-0.22209157620444892,1.6120950051426886,0.4977652511231601
1789030858453479200,2.898479248046875,-0.32482816644907,1.1936159105718136,0.722672030878812
1789030858463483100,2.908483154296875,-0.7913586136139928,0.6149567754387855,0.9545800676986574
1789030858473487000,2.918487060546875,-0.7227027182780206,0.2195166111499071,0.803845608612895
1789030858483492000,2.9284921875,-0.8443322250410914,-0.010140285742282866,0.5569112675748765
1789030858493496000,2.93849609375,-0.8137374725520611,-0.4225263241350651,0.18519494709223508
1789030858503501000,2.9485009765625,-0.7630734532415866,-0.5845797573536634,0.2957747981831431
1789030858513505300,2.95850537109375,-0.9728650814518331,-0.37862054691314695,0.7395883866272867
1789030858523509200,2.96850927734375,-1.5056241968058048,-0.16058569875359535,1.5188859755694866
1789030858533514200,2.97851416015625,-1.753195082181692,-0.40462651030719277,1.9160086861178278
1789030858543518200,2.988518310546875,-1.6754324819348752,-0.628449294218421,2.2569290324509144
1789030858553523200,2.998523193359375,-1.6925521051704882,-0.9309978243201971,2.3629459595404563
1789030858563527400,3.00852734375,-1.76846849302873,-0.9892787483751774,2.340182631329447
1789030858573531400,3.018531494140625,-1.8317957406878471,-1.114143145406246,2.3337387158870695
1789030858583536400,3.028536376953125,-1.733157671803236,-1.327285545349121,1.9590178067609667
1789030858593540000,3.0385400390625,-1.4658335998177527,-1.3524322615653275,1.423369691967219
1789030858603545000,3.048545166015625,-1.357047061884403,-1.2281167305886744,1.0678120407335459
1789030858613549300,3.05854931640625,-1.2767090581916272,-0.8854951332956552,1.167450664962828
1789030858623553300,3.06855322265625,-1.4890426259696483,-0.6204828453838824,1.252747021715343
1789030858633558300,3.078558349609375,-1.4765408717930315,-0.5570055217295885,0.9803878781720995
1789030858643562200,3.088562255859375,-1.2486685202300547,-0.7683049241542815,0.8741670990735292
1789030858653567200,3.098567138671875,-1.205321545934677,-0.9876128609895706,0.8378338029325008
1789030858663571500,3.108571533203125,-0.6159000476382672,-0.8545330087989568,0.6949110405109822
1789030858673575400,3.118575439453125,-0.10534604209065437,-0.4482265825808048,0.3460178156025708
1789030858683580400,3.128580322265625,-0.12935834744945168,0.09902385333180427,0.14133826970905064
1789030858693584100,3.138584228515625,-0.7019710420250892,0.18901158277094363,0.10292655985876917
1789030858703588400,3.14858837890625,-0.8547709092080593,0.15460779338777064,0.3528822945445776
1789030858713593300,3.15859326171875,-0.54339273757115,0.5785948377251625,0.6814552004799246
1789030858723597300,3.168597412109375,-0.3966754051722586,1.0739753856688736,0.8644869781889021
1789030858733602300,3.178602294921875,-0.2859293306689709,1.4759551808595657,0.9638666592210531
1789030858743606300,3.188606201171875,-0.2985609217703342,1.5358452936768532,0.9056932871937752
1789030858753610500,3.198610595703125,-0.3814811970412731,1.7482798376113176,0.6392876452274621
1789030858763615500,3.208615478515625,-0.2591746677994728,2.199576913678646,0.43621319644302126
1789030858773619500,3.218619384765625,0.2846505429048091,2.443573301568627,0.46472412839531896
1789030858783624400,3.22862451171875,0.7180653408009559,2.2272096014916896,0.4997416657626629
1789030858793628200,3.238628173828125,0.9947136329054832,2.061903888478875,0.602226327072829
1789030858803632400,3.24863232421875,1.0230687897741795,1.8904647872775793,0.7351653094880283
1789030858813637400,3.258637451171875,1.28444827414155,1.5708973178356884,0.5416822803914547
1789030858823641300,3.268641357421875,1.7035387786090372,1.3026245668232441,0.37561961153149603
1789030858833646300,3.278646240234375,1.6569091293811797,1.421962893909216,0.19750117869675157
1789030858843650300,3.288650390625,1.4433166475832462,1.739567538845539,-0.10986585760265588
1789030858853654300,3.298654296875,0.9961316830098629,1.9873773475438354,-0.33055545805469155
1789030858863659300,3.3086591796875,0.7364905667424202,1.5448539450407028,-0.6473289128638804
1789030858873663200,3.318663330078125,1.1540355953335761,0.9272907864958048,-0.8265180436700582
1789030858883667200,3.328667236328125,1.196860007059574,0.5759954688817263,-0.8780255280673503
1789030858893672200,3.338672119140625,0.43477319023516026,0.27321955976486206,-0.9651371175482869
1789030858903676200,3.34867626953125,-0.3444073116660118,-0.1209077683597803,-0.8124541547432541
1789030858913681200,3.35868115234375,-0.9253647868692875,-0.41472880212664603,-0.3308639394819736
1789030858923685400,3.368685302734375,-1.3145616728544234,-0.8853110089004039,0.17212576829120516
1789030858933689300,3.378689453125,-1.4541887547314165,-0.9160650436043739,0.5108145561799406
1789030858943694300,3.3886943359375,-1.9260580787062644,-0.4924427409261465,0.44689927949979896
1789030858953698300,3.3986982421875,-1.8764952986359595,0.246434428691864,0.09066533643975853
1789030858963703300,3.408703369140625,-1.7295348051309585,0.8318570666104554,0.017288111670315263
1789030858973707300,3.418707275390625,-1.7519255006372927,0.9547814354896544,0.19645649194940923
1789030858983711200,3.428711181640625,-1.8394225823044776,0.6718401076555252,0.5869314350463449
1789030858993716200,3.43871630859375,-1.8732430188417433,-0.00022679449319839477,1.405011759108305
1789030859003720200,3.44872021484375,-1.6733482230067251,-0.5816548098176717,2.2663107549108563
1789030859013725200,3.45872509765625,-1.666618037968874,-0.8006792535364627,2.582893509453535
1789030859023729400,3.4687294921875,-1.3433458687901496,-1.0532494085043669,2.1005168199896813
1789030859033733400,3.4787333984375,-0.6347006827633828,-0.8161743443101644,1.3378661222048103
1789030859043738400,3.48873828125,0.09448094920516013,-0.6732125650525093,0.879243963946402
1789030859053742300,3.498742431640625,0.5347369912981986,-0.6904658976703881,0.4237620034098625
1789030859063746300,3.508746337890625,0.8768142525814473,-0.40552901210486886,-0.1797925035268068
1789030859073751300,3.518751220703125,0.42170229440107937,-0.05529226363301277,-0.0554281649723649
1789030859083755300,3.52875537109375,-0.4751356322944164,-0.4621937331348657,0.20642814312651753
1789030859093760300,3.53876025390625,-0.762788352689892,-1.1444015055477619,0.01660422105938196
1789030859103764200,3.54876416015625,-0.7402503576673567,-1.0529150619834662,0.10175225538238883
1789030859113768400,3.5587685546875,-1.434331377094984,-0.46899581436514853,0.37492753761410713
1789030859123773400,3.5687734375,-1.8816284237407146,0.15759119311273098,0.4602909682534635
1789030859133777400,3.57877734375,-1.6150021247610449,0.837557324078679,0.3848905670933425
1789030859143782400,3.588782470703125,-1.3955704154156148,1.4599164847284554,0.395499639391154
1789030859153786000,3.5987861328125,-1.3973358176529407,1.8884978711187839,0.22346607942804692
1789030859163790300,3.608790283203125,-1.3593708286568522,2.1269155820935963,-0.008848200105130672
1789030859173795300,3.61879541015625,-1.265986442516744,2.3497329883545635,-0.013806991556286811
1789030859183799300,3.62879931640625,-1.435783183338493,2.4193518835037944,0.004732435349375009
1789030859193804300,3.63880419921875,-1.4835399369001387,2.550201784685254,0.1877361560076475
1789030859203808300,3.648808349609375,-0.9892600436747073,2.6142373267441985,0.4055164448842406
1789030859213812200,3.658812255859375,-0.3252314865529537,2.53670692781806,0.5561021431490779
1789030859223817500,3.6688173828125,-0.22365327256321907,2.1636802553892136,0.6032656069926917
1789030859233821400,3.678821533203125,-0.5566458946369588,1.4579811327517032,0.717191699771583
1789030859243825200,3.6888251953125,-0.6138435534998774,0.6748498108655214,0.6231408125467598
1789030859253830100,3.698830078125,-0.7024535648450255,0.05414192455410957,0.5949681726381182
1789030859263834000,3.708834228515625,-0.9069206370316445,-0.5806874260902405,0.475126133813709
1789030859273839400,3.71883935546875,-0.9383164767704903,-1.1812450892984867,0.5971965162120759
1789030859283843300,3.72884326171875,-1.0150222614407538,-1.6757698971956967,1.276929422944039
1789030859293847300,3.738847412109375,-0.8614087397873401,-2.0174954224318267,2.0217313064359126
1789030859303852300,3.748852294921875,-0.7654827063404023,-2.1379057626634834,2.4809365252792834
1789030859313856300,3.758856201171875,-0.742520494556427,-2.1212159091472627,2.452046238620579
1789030859323861200,3.768861328125,-0.5966051261901855,-1.8807015181541442,2.0315283316984774
1789030859333865500,3.778865478515625,-0.47015667483806606,-1.6489911958634853,1.7161811103001237
1789030859343869200,3.788869140625,-0.4364239165842533,-1.538652167791128,1.5050712390981613
1789030859353874200,3.798874267578125,-0.28453341933116316,-1.5511334637016057,1.2517382830642163
1789030859363878100,3.808878173828125,-0.3645053661905229,-1.547884106516838,1.0347628808297216
1789030859373883100,3.818883056640625,-0.5218750255070627,-1.4713520709782837,0.991150095205009
1789030859383887400,3.828887451171875,-0.30066870770454407,-1.3548691333234308,0.7253747139662504
1789030859393891300,3.838891357421875,0.28713804887160654,-1.0597995608001947,-0.015976444549858568
1789030859403896300,3.848896240234375,0.7368984168909489,-0.42486733430325985,-0.8395134265825152
1789030859413900300,3.858900390625,0.4007799178816378,0.6076315471172332,-1.204379881170392
1789030859423904300,3.868904296875,-0.002691138780117035,1.297313016411662,-1.1490683283150196
1789030859433909500,3.878909423828125,-0.19170082185491918,1.2549877863794565,-0.8026952695339917
1789030859443913200,3.888913330078125,-0.35333164574727416,0.8081646408557891,-0.5263014636471868
1789030859453918200,3.898918212890625,-0.3302373320162296,0.13382453307807446,-0.36809389220178124
1789030859463922200,3.908922119140625,-0.03569309854134917,-0.35580256590545173,-0.6167036191061138
1789030859473926400,3.918926513671875,0.2073157396160066,-0.4306283820480108,-0.797836431325972
1789030859483931400,3.928931396484375,0.2595452546775341,-0.13734920007288456,-0.5894798043549061
1789030859493935400,3.938935302734375,0.3211059310555458,0.2614735923916101,-0.36949586795419453
1789030859503940400,3.9489404296875,0.30878406349048015,0.613816373232007,-0.014985387685894965
1789030859513944300,3.9589443359375,0.2647428233206272,0.6723375357836484,-0.0705319183409214
1789030859523948300,3.9689482421875,0.5057547885723411,0.514075896063447,-0.44221477494537825
1789030859533953300,3.978953369140625,0.6714250971138477,0.5214151529103517,-0.40248365305960176
1789030859543957200,3.988957275390625,0.803100489334017,0.546416907697916,-0.42658407509326934
1789030859553961200,3.998961181640625,0.7970984724402427,0.44703824957907196,-0.5566317199811339
1789030859563965400,4.00896533203125,0.4962834881328046,0.17776421256959438,-0.4984957573547959
1789030859573969700,4.0189697265625,0.3097662063956261,-0.11758066976368427,-0.3121808663219213
1789030859583974700,4.028974609375,0.3175136056520045,-0.23253274458944795,-0.13827742083370684
1789030859593978600,4.038978515625,0.23377032356038688,-0.2155342635154724,0.04168780891150236
1789030859603982600,4.048982666015625,0.014706278483569622,-0.4520136999040842,-0.005228548303246498
1789030859613987600,4.058987548828125,-0.3587232756577432,-0.9878829101026058,-0.31889000857174393
1789030859623991600,4.068991455078125,-0.6639676207147538,-1.4192781848698854,-0.3731958915159106
1789030859633996500,4.07899658203125,-0.3591419394612312,-1.3325327983528374,-0.7130816341042518
1789030859644000500,4.08900048828125,-0.16861001525521277,-0.6119271984845399,-0.7094076217666268
1789030859654004500,4.09900439453125,-0.019119711011648177,-0.055142626029253,-0.3846881763890385
1789030859664009500,4.109009521484375,-0.05491320118755102,0.40166473789215085,0.16129384702295063
1789030859674013700,4.119013671875,-0.8879296669661998,0.2278425409466028,0.5534560125544666
1789030859684018700,4.129018798828125,-0.9766273565948009,-0.43464346290826794,0.8750099796384573
1789030859694022700,4.139022705078125,-1.0595990697920321,-0.7294792266756296,1.4836653168454765
1789030859704026600,4.149026611328125,-0.763526165445149,-0.6284206526458262,0.9982529129475355
1789030859714031600,4.159031494140625,-0.4553264777138829,0.14169804293215274,0.5862848077058792
1789030859724035600,4.16903564453125,-0.29890666646808384,0.6040075114011764,0.7138537875205277
1789030859734039600,4.17903955078125,0.12438947299569844,0.6557756925612688,0.7390665547102689
1789030859744044500,4.18904443359375,0.12252981660366058,0.691206486904621,0.7812754648864269
1789030859754048500,4.199048583984375,-0.006064999127388,0.3905710969477892,0.524447067952156
1789030859764053500,4.209053466796875,0.09018953562155366,0.0027361469656229016,0.25759938130676746
1789030859774057700,4.2190576171875,0.33367665881514547,0.0017348609685897826,0.3438949782297015
1789030859784061700,4.229061767578125,0.07363309922665358,0.23828970068097113,0.7203121698796748
1789030859794066700,4.239066650390625,0.03623568098545074,0.3819306943744421,0.7904629799485207
1789030859804070400,4.2490703125,-0.0084298285625875,0.45854164036810396,0.6973880981490016
1789030859814075400,4.259075439453125,-0.5290025392994284,0.398285032325983,0.46011868042647835
1789030859824079600,4.26907958984375,-1.068952589070797,0.17808803769648074,0.37532559702098367
1789030859834083600,4.27908349609375,-1.322691057165712,-0.010909516549110413,0.38660423914343117
1789030859844088600,4.289088623046875,-1.4449965634942055,-0.05822890160679817,0.37491087874025103
1789030859854092500,4.299092529296875,-1.4527417707934975,-0.1316308224260807,0.353174263228476
1789030859864097500,4.30909765625,-1.3444319104611873,-0.2313672079414129,0.4684916642352938
1789030859874101800,4.319101806640625,-1.0507657749950885,-0.2824766329318285,0.43935558612197634
1789030859884105700,4.329105712890625,-1.055811660207808,-0.1824818887412548,0.3928314430952072
1789030859894110700,4.33911083984375,-1.196987140570581,-0.1647615231335163,0.5177484470963478
1789030859904114400,4.349114501953125,-1.0397450531564651,-0.17944763561189173,0.6837631851613521
1789030859914118700,4.35911865234375,-0.8687491656780243,-0.07936229052841663,0.7633715594053267
1789030859924123600,4.36912353515625,-0.8470163495585322,0.08772446068227291,0.8209303066655993
1789030859934127600,4.379127685546875,-0.7664695254206657,0.19076105678677557,0.7705849979154765
1789030859944132600,4.389132568359375,-0.529967584939301,0.22050796027481553,0.6751914639100433
1789030859954136600,4.399136474609375,-0.40025720918178553,0.23665245486795902,0.7711059530496597
1789030859964140500,4.409140625,-0.23383096770644188,0.16933716048598288,0.7651958522230387
1789030859974145500,4.4191455078125,-0.13549553503021597,0.21346622506976126,0.8182776001997292
1789030859984149800,4.429149658203125,-0.11841507476121187,0.40025019491910935,0.9401683882474898
1789030859994154800,4.43915478515625,-0.04757189851403236,0.6540829171687365,0.9835312907643615
1789030860004158500,4.449158447265625,0.03500365497246384,0.8458470135182142,0.7988194510139525
1789030860014162400,4.459162353515625,0.09726590374857187,0.9168395351082086,0.6294461963012814
1789030860024167400,4.46916748046875,0.013978548730909824,0.6023094753116369,0.582108544934541
1789030860034171600,4.479171630859375,-0.07092588609457015,0.2733972544193268,0.691779318356514
1789030860044176600,4.4891767578125,0.07203501638025045,0.026696868267655372,0.45253699312582607
1789030860054180600,4.4991806640625,0.3324804347679019,-0.041838907819986344,0.17398571694418788
1789030860064184600,4.5091845703125,0.32576237855926155,-0.10513678325414658,-0.06705211340114474
1789030860074189600,4.519189453125,0.1716216181613505,-0.5163058470726013,-0.3641214814394712
1789030860084193800,4.52919384765625,0.2336779691018164,-0.664908262565732,-0.39370618010312314
1789030860094198800,4.53919873046875,0.7453621477231382,-0.8262357195973395,-0.49092970601469277
1789030860104202500,4.549202392578125,0.5173483418628573,-0.4221194968998432,-0.48644496181607244
1789030860114206500,4.55920654296875,0.25296003106832504,0.43221068280339237,-0.47307139324098824
1789030860124211500,4.56921142578125,0.24832594152688978,0.5722060134708881,-0.5399877514332533
1789030860134215700,4.579215576171875,0.4443232915319502,0.22307927206754682,-0.5311144168868661
1789030860144219600,4.5892197265625,0.5252241898044944,-0.01938800655901432,-0.2957033403821289
1789030860154224600,4.599224609375,0.649544396956265,-0.3565717967122793,-0.23444836895242332
1789030860164228600,4.609228515625,0.9267162014782429,-0.7764882306098938,-0.1682091793693602
1789030860174233600,4.619233642578125,1.0663749936677516,-1.005016415733099,-0.12157748431488871
1789030860184237600,4.629237548828125,1.0577589948832988,-0.7537871539801358,0.05372749853432178
1789030860194241500,4.639241455078125,0.8022045634075998,0.08253799795508385,0.21813494753316043
1789030860204246500,4.64924658203125,0.2518716513097286,0.7007856316328048,0.4304175157763064
1789030860214250500,4.65925048828125,-0.2326253913089633,0.7341045483887195,0.6540642124682664
1789030860224255500,4.66925537109375,-0.7316358201876282,0.43232057291865345,0.776115744035691
1789030860234259700,4.679259765625,-0.6884194865345955,0.6434902114838361,0.891536167025566
1789030860244263700,4.689263671875,-0.40825215345844623,1.0420534762293099,0.48545624303966756
1789030860254268700,4.6992685546875,-0.330829744951427,1.2822533944457768,0.309462255012989
1789030860264272600,4.709272705078125,-0.5471437606677413,1.190142096981406,0.4749715277738869
1789030860274277600,4.719277587890625,-0.7743968112885952,0.9946025737464428,0.5202143988184631
1789030860284281600,4.729281494140625,-1.0786790333151817,0.8605933317512273,0.6960251392327249
1789030860294285600,4.73928564453125,-0.8670192731454968,0.8043681711822748,0.8918738745473325
1789030860304290600,4.74929052734375,-0.5915932893775403,0.7687433155715465,0.6722811294212937
1789030860314294500,4.75929443359375,-0.4923217448949814,0.7836012774854898,0.422382824011147
1789030860324299500,4.769299560546875,-0.2657648598447442,0.8182932361602783,0.06604308248907327
1789030860334303700,4.7793037109375,-0.2725122882783413,0.7935100925594568,-0.08109452114850282
1789030860344307700,4.7893076171875,-0.6293725465431809,0.4754185408890247,-0.05728343745023012
1789030860354312700,4.799312744140625,-0.740140613682568,0.16549743619263171,-0.1247097909912467
1789030860364316700,4.809316650390625,-0.9109162825390696,-0.17852701363563536,-0.030426702445745465
1789030860374321700,4.81932177734375,-1.0124467118643223,-0.2807154684782028,0.2499266547217965
1789030860384325600,4.82932568359375,-0.93132807918787,-0.015623685589432716,0.48087476046830413
1789030860394329600,4.83932958984375,-0.763868256881088,0.3650023559272289,0.473114647860825
1789030860404334600,4.84933447265625,-0.6424222899913787,0.7162485737025738,0.3939002413704991
1789030860414338600,4.859338623046875,-0.6221322200261056,0.9051870912373066,0.17222177601158617
1789030860424343600,4.869343505859375,-0.7412400993570685,0.9532628476202487,0.04245674745738506
1789030860434347500,4.879347412109375,-0.6937113093324005,0.9179635707020759,0.05138765740990638
1789030860444351700,4.889351806640625,-0.7274288700170815,0.7084446219533681,0.4209218115478754
1789030860454356700,4.899356689453125,-0.77960051741153,0.4338257167845964,0.8509124802142382
1789030860464360400,4.9093603515625,-0.8197793830648065,0.146000124040246,1.0390496182382105
1789030860474364400,4.919364501953125,-0.47706192418187854,-0.22707915535867212,0.7973807965129613
1789030860484369400,4.929369384765625,-0.15512655656486748,-0.5850999818354845,0.47782092585563657
1789030860494373600,4.93937353515625,-0.16547580888271332,-0.874708366343379,0.5166437007248401
1789030860504378600,4.949378662109375,-0.16314239749908446,-0.9754992293477058,0.7521575069516897
1789030860514382600,4.959382568359375,-0.0931777576521039,-0.9057739512145518,0.9678139355421066
1789030860524386600,4.969386474609375,-0.050265375381708145,-0.8373457271546125,0.990661434905231
1789030860534391600,4.9793916015625,0.07945990568399429,-0.8930436489790677,0.8037716665938496
1789030860544395800,4.989395751953125,0.07084288398623466,-0.7923901486188173,0.5337178773835302
1789030860554400800,4.99940087890625,0.016902911745011805,-0.8888742543399334,0.1796180237427354
1789030860564404700,5.00940478515625,0.034289369223266836,-0.8728244522929192,0.18998276589065788
1789030860574408700,5.01940869140625,-0.1842797319434583,-0.8588754219174385,0.486007447181642
1789030860584413700,5.02941357421875,-0.3149376176841557,-1.0047843605428934,0.6749094320982694
1789030860594417700,5.039417724609375,-0.24344196887761352,-1.1909849775463341,0.6264715644046663
1789030860604422700,5.049422607421875,-0.27407296172380446,-1.3749340162307022,0.37464082962721584
1789030860614426600,5.059426513671875,-0.19156331308037042,-1.293005090084672,0.19063801492899654
1789030860624430600,5.0694306640625,-0.17421937956959008,-1.1215443615734577,0.40968291691392655
1789030860634435600,5.079435546875,-0.01426847158819437,-0.9015665626525878,0.758069069083035
1789030860644439800,5.089439697265625,0.23127309991717337,-0.7458926013380288,0.6590320640087127
1789030860654444800,5.09944482421875,0.5395265636622906,-0.2757224824965,0.2378898877084255
1789030860664448800,5.10944873046875,0.7378890353634953,0.24773148276507853,-0.2744882645264268
1789030860674452700,5.11945263671875,0.6800862502142787,0.5223047952264547,-0.6943602747604251
1789030860684457700,5.129457763671875,0.5071253462731838,0.48007075060904025,-0.7788000146836042
1789030860694461700,5.139461669921875,0.643447541385889,0.1892442224830389,-0.756694565859437
1789030860704466700,5.149466796875,0.8997340865284204,-0.05001110835969448,-0.8101771497219801
1789030860714470700,5.159470703125,0.8679799348711967,-0.24095979667305945,-1.0194435850143433
1789030860724474600,5.169474609375,1.0222224020779132,0.008225392031669616,-1.3129872631445527
1789030860734479600,5.179479736328125,0.8484010819151997,0.719601391261816,-1.46195938873291
1789030860744483600,5.189483642578125,0.7129848957315087,1.24425771805048,-1.4639116918444632
1789030860754488800,5.19948876953125,0.6075856621488929,1.3142185585051773,-1.2082114221572875
1789030860764492800,5.209492919921875,0.3246048790872097,1.0728712238192557,-0.6406523577094078
1789030860774496500,5.21949658203125,-0.09139496588855982,0.3268868525445461,-0.3234679840117693
1789030860784501800,5.229501708984375,-0.03660889821201563,-0.7084837849199771,-0.36417642649710175
1789030860794505500,5.23950537109375,0.20311229657679794,-1.2462848399639128,-0.4566638637974858
1789030860804510700,5.2495107421875,0.17931348783820866,-0.9957903222262858,-0.3617024375990033
1789030860814514700,5.2595146484375,0.16327888336032628,-0.41701778984665866,-0.11929478020519017
1789030860824518700,5.2695185546875,0.15194383487552404,0.07572714889645576,0.20601766262948512
1789030860834523600,5.279523681640625,-0.05213935256004333,0.30427170063257214,0.4794534954935312
1789030860844527600,5.289527587890625,-0.3085539079964161,0.16095628563165665,0.5981935644254088
1789030860854532600,5.29953271484375,-0.420275330337882,-0.15189678086340427,0.5430304801300168
1789030860864536800,5.309536865234375,-0.6131731068924069,-0.4362181648790836,0.48064270527809855
1789030860874540500,5.31954052734375,-0.6402750488296151,-0.6746838066488504,0.5065551451697945
1789030860884545500,5.329545654296875,-0.5756102689564228,-0.6692717184722423,0.5135992184624075
1789030860894549500,5.339549560546875,-0.5285267384812236,-0.4183656973242759,0.49678398500084875
1789030860904554500,5.349554443359375,-0.42541357000917196,-0.34411797333061694,0.539380433189869
1789030860914558700,5.359558837890625,-0.29731092170923945,-0.2583078218370676,0.4732292141512036
1789030860924562700,5.369562744140625,-0.5145882294997572,-0.20326631809473036,0.6825707605063915
1789030860934567700,5.379567626953125,-0.4008966761291027,-0.28759879825115203,0.8846957996115088
1789030860944571600,5.389571533203125,-0.2724132118180394,-0.19162322657406328,0.8448021806403994
1789030860954576600,5.39957666015625,-0.14294716621041298,-0.028650924944877622,0.8033610399663448
1789030860964580900,5.409580810546875,0.02317249353379011,0.11388649142086506,0.5508803168475628
1789030860974584600,5.41958447265625,-0.17587679138779638,0.2925666497915983,0.6802215670317411
1789030860984589600,5.429589599609375,-0.19374065711945293,0.1959749920427799,0.8136641150549053
1789030860994593500,5.439593505859375,-0.1924623077467084,0.051426820376515386,0.8378411094561219
1789030861004598500,5.4495986328125,-0.5252630605101585,-0.08158055109977722,0.92394264511168
1789030861014602800,5.459602783203125,-0.27795886324644087,-0.17858429678082466,0.4667576800495386
1789030861024606700,5.469606689453125,-0.27106618112325664,-0.15418343049585817,0.2840799764752388
1789030861034611700,5.47961181640625,-0.1693149486541748,-0.04149345538318157,0.3322504254043102
1789030861044615700,5.48961572265625,0.21026333737522362,0.22565935168862342,0.6234665373697876
1789030861054620700,5.49962060546875,0.5696095672369003,0.39272447558939455,0.8840995872840285
1789030861064625000,5.509625,0.5171940280839801,0.3999152638763189,1.0194035452648997
1789030861074628600,5.519628662109375,0.5381938537538051,0.26368483870029447,1.0351029264390468
1789030861084633600,5.529633544921875,0.6521712383285164,0.08927402821183204,0.8726797831252217
1789030861094637600,5.539637451171875,0.6233075474157929,0.11956804418861865,0.8299991637840867
1789030861104642600,5.549642578125,0.48006812026053663,0.27140754190683364,0.705104663875699
1789030861114646800,5.559646728515625,0.270069571301341,0.4069529074281454,0.6481339456364512
1789030861124650800,5.569650634765625,0.1643827529489994,0.4468471109211445,0.7006015072375535
1789030861134655700,5.57965576171875,0.2845113536298275,0.39784021116793156,0.5152133756607771
1789030861144659700,5.58965966796875,0.25752397798299786,0.2180839479982853,0.3242942057028413
1789030861154664700,5.599664794921875,0.08055997588038444,-0.08124854266643523,0.3547212004095316
1789030861164668700,5.609668701171875,-0.08703618615716695,-0.3597013269096613,0.3679474694684148
1789030861174672600,5.619672607421875,-0.0829448251903057,-0.6326140126824379,0.38548663329035043
1789030861184677600,5.629677734375,-0.3588920563533902,-0.8465607147455215,0.37876024764478206
1789030861194681600,5.639681640625,-0.4395069772914052,-0.9900234292626381,0.07224310617297887
1789030861204686600,5.6496865234375,0.11967851882576942,-1.1878566163927315,0.007173544891178608
1789030861214690600,5.659690673828125,0.253711726218462,-1.2275783859282732,0.2664204011440277
1789030861224694800,5.66969482421875,0.0032590017959475514,-0.6703308721363544,0.2493292733505368
1789030861234699800,5.67969970703125,0.5107599033832549,-0.28155250382423397,-0.4983125097423792
1789030861244703700,5.689703857421875,0.4177288607254624,-0.1682259843736887,-0.8130544587239623
1789030861254708700,5.699708740234375,0.32883681756854055,-0.26410101828575133,-0.8388339198857545
1789030861264712400,5.70971240234375,0.6273927709028124,-0.42124096049964427,-0.925841172209382
1789030861274717700,5.7197177734375,0.8153310253538191,-0.27244389921724793,-0.9563014846637844
1789030861284721700,5.7297216796875,0.6759038499630987,0.24396131657660006,-0.8013330412700772
1789030861294725600,5.7397255859375,0.40380876418352124,0.811896813121438,-0.6718062053859234
1789030861304730600,5.749730712890625,0.15635609835982323,1.2412784099787473,-0.44703181983828544
1789030861314734600,5.759734619140625,-0.07529138782769441,1.4460042792320251,-0.06765811647027731
1789030861324739600,5.769739501953125,-0.3845172037363052,1.6057465128988027,0.41852994797527787
1789030861334743800,5.779743896484375,-0.2953587647281587,1.9026409627616405,0.6293769304573535
1789030861344747800,5.789747802734375,0.12526421000361443,2.2214304335683583,0.7064727373585105
1789030861354752800,5.799752685546875,-0.19786153644174337,2.0722551866233347,1.0120487985879183
1789030861364756500,5.809756591796875,-0.37479426662325854,1.628400243255496,1.2540014056906104
1789030861374761500,5.819761474609375,-0.38826837296336886,1.1824930435329675,1.5318288976423442
1789030861384765700,5.829765625,-0.3104202863901853,0.9180898274302483,1.6506202583700418
1789030861394769700,5.839769775390625,-0.013507131826877593,0.7603209396630525,1.3680027556627987
1789030861404774700,5.849774658203125,-0.025555589278042315,0.6925017874121665,0.9740709501102566
1789030861414778600,5.859778564453125,-0.14779972080811857,0.5007575648069381,0.4978156661361456
1789030861424783600,5.86978369140625,-0.12791194803342223,0.38256314705908295,0.31272096454799175
1789030861434787800,5.879787841796875,-0.440128324060142,0.17164777551591395,0.3340115898579359
1789030861444791600,5.88979150390625,-0.3691933778762817,-0.11827040559351444,0.18624913232028484
1789030861454796800,5.899796875,-0.23772417575269936,-0.24255495691001414,0.1177794072061777
1789030861464800500,5.909800537109375,-0.677170655028522,-0.49744215664863584,0.10219020840823649
1789030861474805500,5.919805419921875,-0.37731238692402835,-0.6724275521546602,-0.09334785352200269
1789030861484809700,5.929809814453125,-0.10818214229941367,-0.5225625693798065,0.02168459306359291
1789030861494813700,5.939813720703125,-0.10487228709906339,-0.3641092064797878,0.07102233220636844
1789030861504818700,5.949818603515625,0.2617310742840171,-0.1798240677088499,0.08335545181781052
1789030861514822700,5.95982275390625,0.09839987621456384,0.07062427279949188,0.40005145747661586
1789030861524827600,5.96982763671875,0.19749737930446862,0.3312877178519964,0.3883919993430376
1789030861534831900,5.979831787109375,0.02035655933022499,0.36443361612856384,0.49978550490438933
1789030861544835600,5.989835693359375,-0.1829376696847379,0.3098468704164028,0.5740256301134824
1789030861554840600,5.999840576171875,-0.08366144902706146,0.18943711470663546,0.44113457849323745
1789030861564845000,6.009844970703125,-0.02835048069357872,0.003558569264411926,0.30072277597934005
1789030861574850000,6.01985009765625,-0.32036694925650955,-0.16876432903409003,0.45497576458007094
1789030861584854000,6.02985400390625,-0.6197950092501938,-0.45375323704779147,0.5221405445754528
1789030861594859000,6.03985888671875,-0.7900304337501526,-0.7601444140523672,0.5185214772954583
1789030861604863200,6.04986328125,-0.7826596127212048,-1.116536178022623,0.3157242380172014
1789030861614867000,6.059866943359375,-0.80472209918648,-1.3485270708203314,0.3022743893355131
1789030861624872200,6.0698720703125,-0.8369359773099422,-1.3361895672947168,0.3245914350837469
1789030861634876000,6.0798759765625,-0.8046344209030271,-1.01008714312613,0.4212085195347666
1789030861644881000,6.089880859375,-0.6564768265679478,-0.414042573428154,0.7042538922652601
1789030861654885000,6.099885009765625,-0.42980975914150477,0.10305939245820045,0.5764353216037154
1789030861664889000,6.10988916015625,-0.1934380209110677,0.587758387389779,0.35049481488615275
1789030861674894000,6.11989404296875,-0.06772592100948095,1.038494906964898,0.2516144616782665
1789030861684898000,6.12989794921875,0.005044716168940067,1.3078361639916896,0.2224357134670019
1789030861694903000,6.139903076171875,0.16057883062139153,1.251674716308713,0.09512100067436695
1789030861704907300,6.1499072265625,0.3003472206652164,0.8714525794178247,-0.09483750755786895
1789030861714911000,6.159910888671875,0.44453240423798557,0.3427408397585153,-0.26918518968224525
1789030861724916000,6.169916015625,0.3687935649037361,-0.2888333084821701,-0.0357581266015768
1789030861734920000,6.179919921875,0.22087679358720777,-1.0001385805636644,0.2330608601167798
1789030861744925000,6.189925048828125,0.4339335610732436,-1.4743465766191481,-0.05266045382469892
1789030861754929200,6.19992919921875,0.5353764582455158,-1.5121528679221867,-0.6429378382980823
1789030861764934100,6.20993408203125,0.5060965877473355,-1.1934241873919964,-1.0486550664514303
1789030861774938000,6.219938232421875,0.5098384046241641,-0.691672935372591,-1.2051172555342315
1789030861784942000,6.229942138671875,0.2711041750460863,-0.13802724546492098,-1.1305179416239262
1789030861794947000,6.239947021484375,0.10964783093780278,0.2576227621823549,-1.0064385574907064
1789030861804951300,6.249951416015625,0.039360535007715226,0.36478140665292735,-0.7790338234394788
1789030861814956300,6.259956298828125,0.18483078995496033,0.13508885392546652,-0.5820812185361981
1789030861824960000,6.2699599609375,0.35878538110852237,-0.2076823809713125,-0.600586012519896
1789030861834964000,6.2799638671875,0.3230994429603219,-0.43772272422313685,-0.32306203355938196
1789030861844969000,6.289968994140625,0.2780105934336781,-0.49901393601000305,-0.019948855312168598
1789030861854973200,6.29997314453125,0.31208237438350916,-0.39124329712092876,0.09657529113590717
1789030861864978200,6.309978271484375,0.4535504079520702,-0.3069751143723726,0.08462211075276135
1789030861874982100,6.319982177734375,0.5840051723361015,-0.01000467666387558,0.03120470108091831
1789030861884986000,6.329986083984375,0.1554857452660799,0.31429157486557957,-0.04970014271438122
1789030861894991000,6.3399912109375,-0.33145839824378487,0.22632979829609393,0.007303308750689029
1789030861904995300,6.349995361328125,-0.4601683647871017,0.04271159900128841,0.11526654760241507
1789030861915000300,6.360000244140625,-0.6006640461921692,-0.13430968624651432,0.057633858323097226
1789030861925004000,6.370004150390625,-0.6594742548182606,-0.31272388715744015,-0.003602700667083263
1789030861935009000,6.380009033203125,-0.6422647613421082,-0.3349053238272667,-0.04538490986377001
1789030861945013000,6.390012939453125,-0.8700295608773827,-0.31261048991084095,0.15022300243228673
1789030861955017200,6.400017333984375,-0.9478897762797772,-0.20259061079025267,0.196883046798408
1789030861965022200,6.410022216796875,-1.0877705406568945,0.027310616251826285,0.21833470788896084
1789030861975026200,6.420026123046875,-1.1768446623824536,0.1993774939626455,0.3603589140355587
1789030861985031200,6.43003125,-1.2196807645462453,0.33526889644265173,0.22259148855060337
1789030861995035100,6.44003515625,-1.3993334212109445,0.2935907321423292,0.3106961807221174
1789030862005039000,6.4500390625,-1.383806473994255,0.016744214051961897,0.20353841303437947
1789030862015044000,6.460044189453125,-1.3624658720627427,-0.31680326542556286,-0.0007256839260458946
1789030862025048000,6.470048095703125,-1.0471309256240724,-0.6161322489589453,0.015934358973801136
1789030862035053000,6.480052978515625,-0.5523717244490981,-0.7110019052207469,0.18891776700764892
1789030862045057000,6.49005712890625,-0.2871463783085346,-0.5674211172819137,0.33785394449979067
1789030862055062000,6.50006201171875,-0.23179683153033256,-0.2869856347888708,0.46241059075593943
1789030862065066000,6.51006591796875,-0.15315584101378918,-0.05701718772947788,0.3524666994810104
1789030862075070200,6.5200703125,-0.19099837267398834,0.15555354980528355,0.3331038273632526
1789030862085075200,6.5300751953125,-0.2952002131655812,0.1359837569385767,0.46997225818186994
1789030862095079200,6.5400791015625,-0.12569938655048607,0.031208792734146118,0.5121662630498409
1789030862105084200,6.550084228515625,0.04778671030849218,0.06359247446656227,0.4462190421506762
1789030862115088000,6.560087890625,0.06410013172775507,0.04614566510319709,0.25602292577028274
1789030862125092000,6.570092041015625,0.1816226415634155,0.15797639303803443,0.3118248924911022
1789030862135097000,6.58009716796875,0.17901830428391693,0.24784429548978804,0.4373375242978334
1789030862145101000,6.59010107421875,0.134892162309587,0.3300502850115299,0.6348676368281245
1789030862155106000,6.60010595703125,-0.14149346027076243,0.3340595206528902,0.8109986952379346
1789030862165110000,6.610110107421875,-0.23190321451425552,0.10860241353809832,0.637742607742548
1789030862175115000,6.620114990234375,-0.12862170373797416,-0.296196530726552,0.5808583987429737
1789030862185119200,6.630119140625,-0.06665040073245763,-0.6737947488546371,0.4717763849943876
1789030862195123200,6.640123291015625,0.14539835875481366,-0.8878735528647899,0.25411884571462867
1789030862205128200,6.650128173828125,0.07598316948413848,-0.6484750141590834,0.266777836279571
1789030862215132000,6.6601318359375,0.02819265978336334,-0.4160936607390642,-0.08895400247722864
1789030862225137000,6.670136962890625,0.10643091471791266,-0.25901041714847084,-0.3861474352866411
1789030862235141000,6.68014111328125,-0.08972294102311133,-0.165075411388278,-0.23207857108116148
1789030862245145000,6.69014501953125,-0.013088321892917155,-0.26189912432730195,-0.3044239685848355
1789030862255150000,6.700150146484375,0.22308131789416075,0.10067512767016887,-0.7500240020543336
1789030862265154000,6.710154052734375,0.3268491508826613,0.6218354290366173,-1.179308568277955
1789030862275159000,6.720158935546875,0.2786179116770625,0.8316179971575737,-1.2347358564674853
1789030862285163300,6.730163330078125,0.09755056590884924,0.43916181711554525,-0.7186088730931282
1789030862295168300,6.740168212890625,0.23489012137055396,-0.1798018558770418,-0.25271599317938087
1789030862305172200,6.750172119140625,0.6672817136988043,-0.5225076243221759,-0.10693564936965703
1789030862315176000,6.760176025390625,0.8372960427939892,-0.46700317924320695,-0.26172698263078925
1789030862325181000,6.770180908203125,0.8321995964378118,-0.14280454286932945,-0.6140154029354453
1789030862335185200,6.78018505859375,0.742216250912845,0.3885661868661642,-0.6597603782832622
1789030862345190100,6.790190185546875,0.48618455731421706,0.7735024927973747,-0.4062961970850825
1789030862355194000,6.800194091796875,0.24873159971833228,0.4470417567104101,-0.08196165937185287
1789030862365198000,6.810197998046875,-0.037269992469251154,-0.19641396798193453,0.19455664967745542
1789030862375203000,6.820203125,-0.13164222060292957,-0.6669879914492368,0.1774848111063242
1789030862385207300,6.830207275390625,-0.14262480238825082,-0.7420891174018382,0.031922493961453434
1789030862395212300,6.84021240234375,-0.09145780199170112,-0.18504209461808205,-0.2616501180022955
1789030862405216000,6.850216064453125,-0.17179478277117013,0.4465671249359846,-0.5327765048801899
1789030862415221000,6.860220947265625,-0.23665566973835228,0.6509720916718245,-0.5580483087807894
1789030862425225000,6.870224853515625,0.12060644732564688,0.8205506596982478,-0.7693637855574488
1789030862435229200,6.880229248046875,0.12078648006767034,1.0625000519305468,-0.9077014121457934
1789030862445234200,6.890234130859375,-0.13367109608203173,0.8752630776166915,-0.7861834029331802
1789030862455238100,6.900238037109375,-0.27491555002778767,0.5003969148010016,-0.42812195218503474
1789030862465243100,6.9102431640625,-0.2362622865065932,0.18297347165048122,0.05281652116924524
1789030862475247000,6.9202470703125,-0.04654255546629429,-0.33057109401524065,0.17553133895099163
1789030862485252000,6.930252197265625,0.054658349643647665,-0.7532289355754852,0.1933338298842311
1789030862495256000,6.940256103515625,0.1308273970887065,-0.8586229084610939,0.02100099471360445
1789030862505260000,6.950260009765625,0.1428083422616124,-0.766077311232686,-0.26754794386923314
1789030862515265000,6.96026513671875,0.021510405540466307,-0.9118599931299686,-0.1981844847857952
1789030862525269000,6.97026904296875,0.11073971782773732,-0.9898691154837608,-0.2351151622980833
1789030862535274000,6.98027392578125,0.16182605420351026,-0.8613140472412109,-0.2947472087010741
1789030862545278000,6.99027783203125,0.15323679729551076,-0.6400847869545221,-0.4990452079311013
1789030862555282200,7.0002822265625,0.17615473154634237,-0.4331248750388622,-0.6505468519970774
1789030862565287200,7.010287109375,0.0684404990196228,-0.2780325130045414,-0.6837628929004073
1789030862575291100,7.020291015625,-0.18481150073260066,-0.370061977404356,-0.6564829640477895
1789030862585296100,7.030296142578125,-0.22960341313928365,-0.48206747738420963,-0.5592459941327571
1789030862595299800,7.0402998046875,-0.11912176172584295,-0.3376221815705299,-0.4467445273295045
1789030862605304000,7.050303955078125,-0.05181552743315696,-0.029694296517968177,-0.44266222645193337
1789030862615309000,7.06030908203125,-0.06932517289966345,0.39540392393171786,-0.4518570480376482
1789030862625313000,7.07031298828125,-0.04794014730453491,0.49705637220144266,-0.5520274410560727
1789030862635318000,7.080318115234375,-0.03577127834409475,0.3818032686024904,-0.5916249996900558
1789030862645322000,7.090322021484375,-0.0430430229127407,0.17727730583548545,-0.4706292607858777
1789030862655327000,7.100326904296875,0.03614771044105291,0.003362169909477234,-0.26118016240298747
1789030862665331200,7.110331298828125,0.1181216447725892,-0.1807990502208471,-0.10458704041689634
1789030862675335000,7.1203349609375,0.38792408957034347,-0.1576157430320978,-0.11904957327246665
1789030862685340200,7.130340087890625,0.49103404317200183,0.28421675459742546,-0.40931817525476216
1789030862695343900,7.14034375,0.3907879545688629,0.08769991076290606,-0.44112171901166436
1789030862705348900,7.150348876953125,0.4333011083886027,-0.17391455140411852,-0.39370530332028864
1789030862715353000,7.16035302734375,0.42949587088674307,-0.32301731763482094,-0.3572171088784933
1789030862725358000,7.170358154296875,0.36094577401280403,-0.3604699731945991,-0.30485359217375513
1789030862735362000,7.180362060546875,0.29081016151309014,-0.33121173000633714,-0.24827625716626642
1789030862745366000,7.190365966796875,0.15103256524950265,-0.11681085443496704,-0.15320026467740536
1789030862755371000,7.20037109375,-0.11232143406122923,-0.35342999155521393,-0.09977467169910668
1789030862765375200,7.210375244140625,-0.25593729331344367,-0.5071037189632653,-0.0270791455835104
1789030862775380200,7.220380126953125,-0.11680968539118766,-0.456919007602334,-0.02095510974526405
1789030862785384000,7.230384033203125,-0.26382629299759863,-0.517723897176981,-0.07024199548363685
1789030862795388000,7.240387939453125,-0.41158582792580123,-0.6796276927918196,-0.14363748656213282
1789030862805393000,7.250392822265625,-0.39634295834749933,-0.6622007571727037,0.025042379058897495
1789030862815397000,7.260397216796875,-0.28270255064219235,-0.4889274262815714,0.039700726747512814
1789030862825402000,7.270402099609375,-0.21827625569999218,-0.2238993562787771,0.011450783818960189
1789030862835406000,7.280406005859375,-0.14776128849387168,-0.07997954564392566,-0.15832359904050827
1789030862845411000,7.2904111328125,-0.13534370546936988,-0.05842179383039474,-0.341288595123589
1789030862855415000,7.3004150390625,-0.3604299334451556,-0.35033845528066154,-0.29906156476885076
1789030862865419300,7.310419189453125,-0.33073914405852556,-0.7039490640997886,-0.13508008609712124
1789030862875424300,7.32042431640625,-0.20748218222409487,-0.7083318092286587,0.0585281768143177
1789030862885428000,7.330427978515625,-0.010170388619601727,-0.33635376906991005,-0.025628654514253137
1789030862895433000,7.340432861328125,0.2777119027480483,0.08919687132239341,-0.2747916313871741
1789030862905437000,7.35043701171875,0.3317477365791797,0.24884967314004897,-0.34944939748644827
1789030862915441200,7.360441162109375,0.3899181859970093,0.05870002624988556,-0.496899135813117
1789030862925446100,7.370446044921875,0.5000628605410457,0.02554360657930374,-0.6943629051089286
1789030862935450000,7.3804501953125,0.5399345599412918,0.24479016861617564,-0.7069593518316746
1789030862945455000,7.390455078125,0.5121583720043301,0.3919248496443033,-0.6890951938390731
1789030862955459000,7.400458984375,0.39062721104919906,0.7490057649224996,-0.6042211541518568
1789030862965464000,7.410464111328125,0.23558570241928098,0.5107236630260944,-0.47601124608516693
1789030862975468000,7.420468017578125,0.2435071430683136,0.35369711805880066,-0.23828853163719177
1789030862985472000,7.430471923828125,0.20070611221790313,0.4960276136755943,-0.18439765923470258
1789030862995477000,7.44047705078125,-0.11831161438673735,0.31807401601374147,0.0017947744622826575
1789030863005481000,7.45048095703125,-0.1835235067486763,-0.08073007175028324,-0.057660454069077965
1789030863015486000,7.46048583984375,-0.0657692339837551,-0.3713344815582037,0.14734130951613186
1789030863025490000,7.470489990234375,0.05150777665823698,-0.1856529199928045,0.14058394421041012
1789030863035495200,7.4804951171875,0.02616319978237152,-0.17454875765442848,-0.03005056260973215
1789030863045499100,7.4904990234375,-0.04538461760282516,-0.13087971179783345,-0.06877835267186165
1789030863055503000,7.500503173828125,0.14586422270089386,0.020918284866213797,-0.2642781284183264
1789030863065508000,7.510508056640625,0.31442016968131065,0.19268705641329287,-0.4109408080205321
1789030863075511800,7.52051171875,0.2894546552509069,0.07666530652940273,-0.2887909306451678
1789030863085517000,7.53051708984375,0.22084026096910236,-0.1159235502064228,-0.22776742988377807
1789030863095521000,7.54052099609375,-0.020807810229063032,-0.3250654823362827,0.08817045088410377
1789030863105525000,7.55052490234375,-0.026329788520932196,-0.6086462771177291,0.3869698575854301
1789030863115530000,7.560530029296875,0.11367197188735008,-0.5374088408559561,0.34612580602169035
1789030863125534000,7.570533935546875,0.09468319377899169,-0.2948679124712944,0.2106365546017885
1789030863135539000,7.5805390625,0.17209405797868965,-0.026848259437084198,0.010821838265657423
1789030863145543200,7.590543212890625,0.20921441284418105,0.2724012291193008,-0.2618389185726642
1789030863155548200,7.600548095703125,0.04065729681998491,0.54762160731256,-0.3714814888134598
1789030863165552000,7.61055224609375,0.020732699166238308,0.605102905422449,-0.4294233901724219
1789030863175555800,7.620555908203125,0.036759120337665076,0.516101264411211,-0.3654316872552037
1789030863185560800,7.630560791015625,-0.05135638548880815,0.30513094781041145,-0.25366847159862516
1789030863195565000,7.64056494140625,0.041567689663171765,0.1706049884647131,-0.2413604864284396
1789030863205570000,7.650570068359375,0.07245762570649385,0.14866086768209932,-0.18568214608728884
1789030863215574000,7.660573974609375,0.03718085288107395,0.035299276918172834,-0.11480331400483847
1789030863225579000,7.6705791015625,0.042296588459610936,-0.0841390034109354,-0.11347498801052569
1789030863235583000,7.6805830078125,0.042103988496959205,-0.14357611176371574,-0.12024784314632415
1789030863245587200,7.690587158203125,0.08824147029370069,-0.21221534822583196,-0.1845227469190955
1789030863255592200,7.70059228515625,0.17387889556884764,-0.15788053144812583,-0.403919238820672
1789030863265596200,7.71059619140625,0.24164105693548915,0.03796411221325397,-0.5428229748591781
1789030863275601200,7.72060107421875,0.43509909772127864,0.2971820346325636,-0.42689474847763775
1789030863285604900,7.73060498046875,0.37842999277710915,0.4240414048731327,-0.14389087680131196
1789030863295609900,7.74060986328125,0.06589841332137585,0.41532384541034695,0.20157032783180473
1789030863305614000,7.750614013671875,-0.012121814948320387,0.3285737827181816,0.4265639090880751
1789030863315618000,7.7606181640625,0.10458733267784118,0.19291501995027063,0.483140951834619
1789030863325623000,7.770623046875,0.2733820568501949,0.004303250151872635,0.5207207409054041
1789030863335627000,7.780626953125,0.3816872410073876,-0.26707272757291795,0.443263407215476
1789030863345632000,7.790632080078125,0.3616647359371185,-0.48709670372307295,0.4528969124794006
1789030863355636200,7.80063623046875,-0.0738236533626914,-0.7489923209190368,0.5686231865480542
1789030863365640200,7.81064013671875,-0.23193682452291248,-1.3441641994357107,-0.31725773119479417
1789030863375645200,7.820645263671875,0.6319008959770203,-1.6318617818862198,-1.0310805390551685
1789030863385649000,7.83064892578125,1.185884731797874,-1.5033873776644466,-1.0934113230228424
1789030863395654000,7.84065380859375,0.7605068176239729,-1.3870727823138236,-1.0530582698464392
1789030863405658000,7.850658203125,0.6021501930966973,-0.9430097491532564,-0.6709536802098155
1789030863415663000,7.8606630859375,-0.8618237503290176,-0.36235973246395586,0.034897418119013306
1789030863425667000,7.8706669921875,-1.5181097304999827,0.03274550078213215,0.7906812988743186
1789030863435671000,7.880671142578125,-1.1351096533283591,-0.09575579144656658,0.8719190278857946
1789030863445676000,7.890676025390625,-0.8832035152271389,-0.4173310935795307,0.8548536190554499
1789030863455680300,7.90068017578125,-0.5627005185008048,-0.5838812536954879,0.8305486143603921
1789030863465685200,7.910685302734375,-0.4008981374338269,-0.44467268949151034,0.9990797191604971
1789030863475689000,7.92068896484375,-0.6740761961445212,-0.149551094520092,1.287404201337695
1789030863485694000,7.93069384765625,-0.5646390853479504,-0.09527765254080295,0.9841986686319112
1789030863495698000,7.940697998046875,0.18186200327724217,-0.048286184263229365,0.23704145418554542
1789030863505702100,7.9507021484375,0.7797744126737117,0.05200315895974636,-0.21149697082340715
1789030863515707100,7.96070703125,1.1636010037973523,0.12087561965584755,-0.6506926902085542
1789030863525711000,7.970711181640625,1.4284572243645786,0.2782417718410492,-1.1022235750317573
1789030863535716000,7.980716064453125,1.3913517748072743,0.49978258229494094,-1.3870911947533489
1789030863545720000,7.990719970703125,1.2049755089759826,0.6139402918726206,-1.6715923192501068
1789030863555724000,8.00072412109375,1.0715431900858878,0.5084083718210458,-1.911550829926133
1789030863565728500,8.010728515625,0.6851496710836887,0.2528711837410927,-1.7656269859924911
1789030863575732500,8.020732421875,0.323561799775064,-0.26679274158775806,-1.2307643224880098
1789030863585737500,8.030737548828125,0.267689982688427,-0.7990262256324291,-0.6167486272916197
1789030863595741400,8.040741455078125,0.14070026406645775,-1.267577218839526,0.10690145483911037
1789030863605746400,8.050746337890626,0.11696662951856851,-1.4095523251473903,0.5144140419766307
1789030863615750400,8.06075048828125,0.28200696959346533,-1.1831231581300496,0.6050555591493845
1789030863625754400,8.07075439453125,0.2100613850623369,-0.7752408608973026,0.8379428162649274
1789030863635759400,8.08075927734375,-0.00429039067029953,-0.46956046251058575,1.0710247191697357
1789030863645763300,8.090763427734375,-0.2082905759975314,-0.31904958304762837,1.2522262127116321
1789030863655768300,8.100768310546876,-0.2700347922489047,-0.3881447465837002,1.2812097306117414
1789030863665772500,8.1107724609375,-0.06836568021774292,-0.3683277009576559,1.0264856124803423
1789030863675776500,8.120776611328125,0.0724950351074338,-0.33466099367737767,0.6753571758657694
1789030863685781500,8.130781494140624,0.4019935314550996,-0.16071195548176764,0.2832937945336103
1789030863695785500,8.140785400390625,0.47568625191450115,0.028099136281013487,0.11454086367636919
1789030863705790500,8.15079052734375,0.36494068886786696,-0.02329845800101757,0.08463263214677572
1789030863715794400,8.16079443359375,0.44040129578262566,-0.16595862396359443,-0.2527276836171746
1789030863725799400,8.17079931640625,0.5467901249244809,-0.22081483426690102,-0.48351183097362516
1789030863735803400,8.180803466796876,0.5742167687714099,0.02731295433938503,-0.3198132608965039
1789030863745807400,8.190807373046875,0.44857992606312036,0.21594635144770144,-0.16918430801182985
1789030863755812400,8.200812255859375,0.24260142640024424,0.35584348243772984,0.020053776991367338
1789030863765816600,8.210816650390624,0.14930910245776174,0.3837397896230221,0.002342471472918987
1789030863775821600,8.220821533203125,0.08102291721701621,0.513762592330575,-0.006527940464019775
1789030863785825500,8.230825439453126,0.006266074657440186,0.6116185709267854,-0.0331941213324666
1789030863795830500,8.24083056640625,0.0025590368330478666,0.5575321759521961,-0.17906623507887123
1789030863805834500,8.25083447265625,0.04695435113757848,0.4396253429740667,-0.19940350518673658
1789030863815838500,8.26083837890625,0.07275690091401338,0.2279863333314657,-0.1842670185923576
1789030863825843500,8.270843505859375,0.20253245086222885,0.18244915551543234,-0.2041407628417015
1789030863835847400,8.280847412109376,0.06598842969238758,0.3180757695794105,-0.15419453641176223
1789030863845852400,8.290852294921875,-0.02195201182812452,0.298641585791111,-0.31093758826255796
1789030863855856400,8.3008564453125,0.19255992290228605,0.32434827397763727,-0.4277423052176833
1789030863865861400,8.310861328125,-0.017997428983449935,0.3458054880261421,-0.1469350668027997
1789030863875865300,8.320865234375,-0.12943857307881115,0.2990677022486925,0.0033262218132615088
1789030863885869600,8.33086962890625,-0.19483283627033232,0.26483050160408017,0.07050736842155456
1789030863895874600,8.34087451171875,-0.34554596030712126,0.11743629285693168,0.26366759530454875
1789030863905878300,8.350878173828125,-0.6136170512676239,-0.3016822686612606,0.5948647122636437
1789030863915883500,8.360883544921874,-0.5853682773828506,-0.7809592385441064,0.7853057433158159
1789030863925887200,8.37088720703125,-0.5305620437011123,-0.9696236153125762,1.0119622893482445
1789030863935891500,8.380891357421875,-0.45586073072105643,-0.8865198001682758,1.1132625631794333
1789030863945896400,8.390896484375,-0.7143968083560467,-0.7270978844970464,1.124274078798294
1789030863955900400,8.400900390625,-1.0883014326632021,-0.7857423811674118,1.0946735980436206
1789030863965905400,8.410905517578126,-0.9573723287656902,-0.9742816702514886,0.91594170948565
1789030863975909400,8.420909423828125,-0.3616504151508212,-0.8292448382854462,0.7183809095561504
1789030863985914400,8.430914306640625,0.07769143470674753,-0.3342448140919208,0.3117471510797739
1789030863995918600,8.440918701171874,0.15050795685350893,0.1989431941986084,0.09337444926798343
1789030864005922300,8.45092236328125,0.09832973358780145,0.5232388612061739,0.027264439022541043
1789030864015927300,8.46092724609375,0.044451136144995684,0.7127391042768955,-0.07784311813712119
1789030864025931300,8.47093115234375,-0.20299597672075032,0.8065589592248201,-0.0072808046579360955
1789030864035936300,8.480936279296875,-0.4009250254407525,0.6643851154744624,0.19302403328269718
1789030864045940500,8.4909404296875,-0.2827346993461251,0.4493330825179815,0.3654614978715777
1789030864055944400,8.5009443359375,-0.1981026517212391,0.41275253361761566,0.4084036907583475
1789030864065949400,8.510949462890625,-0.2760579980611801,0.43191549924910067,0.4309071989893913
1789030864075953400,8.520953369140624,-0.19117343697994946,0.39566403617262835,0.44822307544946666
1789030864085958400,8.53095849609375,-0.2783528310000896,0.25079963816404344,0.5944137536257506
1789030864095962600,8.540962646484376,-0.31717589813023805,-0.0008902268379926681,0.5925184413984418
1789030864105967600,8.550967529296875,-0.32149785298258066,-0.22846914841234683,0.7367562319412827
1789030864115971300,8.560971435546875,-0.2683411400735378,-0.4331652070492506,1.01086134236902
1789030864125975300,8.570975341796874,-0.33713410579264164,-0.4794955810695886,1.1837521036833525
1789030864135980300,8.580980224609375,-0.25142653789073227,-0.3677577921152115,1.019380748911202
1789030864145984500,8.590984619140626,-0.2564639475360513,-0.11631050369739532,0.7320935008272528
1789030864155989500,8.600989501953125,-0.2388862052693963,0.05970131224691867,0.5508280021384359
1789030864165993500,8.610993408203125,-0.12480214544981717,0.18838731339275835,0.5779863504379987
1789030864175997400,8.62099755859375,-0.13383768482059238,0.15141805743575096,0.5949392388045788
1789030864186002400,8.63100244140625,0.027983693207800385,0.0060404492080211635,0.4964814949229359
1789030864196006700,8.641006591796875,0.31702479922175403,-0.13324819449484349,0.22557868766784667
1789030864206011600,8.65101171875,0.4706961885422468,-0.28250410546064375,-0.03824789759069681
1789030864216015400,8.661015380859375,0.6169955877900123,-0.2557669051826,-0.1385322723776102
1789030864226020400,8.671020263671876,0.717126525580883,-0.13480419176518915,-0.22332447900027036
1789030864236024300,8.6810244140625,0.8364414717912674,-0.04169453091323375,-0.1911325204476714
1789030864246028500,8.691028564453125,0.8075473857402801,-0.12141980953514575,-0.2021095492750406
1789030864256033500,8.701033447265624,0.8605354640841484,0.07108838317990303,-0.2926671875566244
1789030864266037500,8.71103759765625,0.9332558323800563,0.3027145343184471,-0.3488958552569151
1789030864276042500,8.72104248046875,0.8661541807487606,0.4269160835266113,-0.380662574134767
1789030864286046500,8.73104638671875,0.556553101786971,0.4896048871517181,-0.5135407662734389
1789030864296050400,8.741050537109375,0.25428105053901673,0.6703326257020235,-0.473954021294415
1789030864306055400,8.751055419921874,0.012903612975776194,0.5540636230587959,-0.5627104553729295
1789030864316059400,8.761059326171875,0.04068272352218628,0.15404899046123027,-0.8435282151818275
1789030864326064400,8.771064453125,0.4457689602956176,0.045448915010690684,-1.017075394578278
1789030864336068400,8.781068359375,0.6932359469056129,0.27245266704559323,-0.9683169166281819
1789030864346073300,8.7910732421875,0.35333763709664345,0.6308166078716516,-0.7251692545220255
1789030864356077300,8.801077392578126,-0.20952888562083244,0.8543775259763002,-0.3582672024533152
1789030864366081500,8.81108154296875,-0.478004757989943,0.745133307403326,-0.08545856157690286
1789030864376086500,8.82108642578125,-0.36704233732223507,0.4861152914702892,-0.08160890041142702
1789030864386090500,8.831090576171874,-0.3205139565117657,0.2494453009456396,-0.0045364743858575815
1789030864396095500,8.841095458984375,-0.04796002104878425,0.26469313896000385,0.018947569315135478
1789030864406099200,8.85109912109375,0.30740356891751286,0.5354086069494486,0.03275309956669807
1789030864416104200,8.861104248046875,0.02639116331934929,0.4894184246689081,0.5332596122220158
1789030864426108400,8.8711083984375,-0.1381657771527767,0.031087796702980994,0.861498463897407
1789030864436112400,8.8811123046875,-0.27664368899464603,-0.37652562046051025,1.0279083387598396
1789030864446117400,8.891117431640625,-0.7153484099924564,-0.67557987870574,1.2919795464292168
1789030864456121300,8.901121337890626,-0.6725041245222091,-0.6804097830802202,0.9726721892282366
1789030864466126300,8.911126220703125,-0.8613216460257768,-0.4169727816611528,0.651411067610979
1789030864476130600,8.921130615234375,-1.2235804023332892,-0.43985096842348576,0.5897767414748668
1789030864486134500,8.931134521484376,-0.6605950755417347,-0.3002782470822334,0.28664953470230103
1789030864496139500,8.941139404296875,-0.28637510167509317,-0.18911095149219034,-0.018863105902075766
1789030864506143200,8.951143310546875,-0.44518575358018275,-0.24256021760702132,0.004264379446208477
1789030864516148200,8.961148193359374,-0.6793667037680745,-0.3140694565474987,0.2065764655560255
1789030864526152400,8.97115234375,-0.7018778107836842,-0.438283865237236,0.4694716151833534
1789030864536157400,8.981157470703126,-0.4809959026299417,-0.48422553220093245,0.6558271304875611
1789030864546161400,8.991161376953125,-0.3928160993956029,-0.3047802346765995,0.8280594278931617
1789030864556165400,9.001165283203125,0.015028057783842086,-0.08360942657887935,0.4649667049795389
1789030864566171400,9.01117138671875,-0.043326223768293856,0.26473113288283345,0.35349311991930005
1789030864576175400,9.02117529296875,-0.5575156632088124,0.4562777870893478,0.3976964187830686
1789030864586180400,9.031180419921874,-0.4232207361400127,0.6171867264479398,0.23066315132528542
1789030864596184600,9.0411845703125,-0.19791443567276,0.8379407704383134,0.11075286957025528
1789030864606188500,9.0511884765625,-0.30802301599010823,0.8076268807172775,0.0894391556456685
1789030864616193500,9.061193603515624,-0.4446012316904962,0.6370967110544443,0.12984335448741913
1789030864626197200,9.071197265625,-0.49301951790079473,0.5373392827510833,0.2564201083943248
1789030864636202200,9.0812021484375,-0.6587167144492269,0.5542617759793996,0.7228399347916244
1789030864646206500,9.09120654296875,-0.5591501325428485,0.4826993455469608,0.8646361774012445
1789030864656211500,9.10121142578125,-0.46480230819806456,0.4091530478209257,0.5452081164300442
1789030864666215400,9.11121533203125,-0.5637015122368931,0.42314533281624317,0.32683570687919855
1789030864676219400,9.121219482421875,-0.5176856109932064,0.4494651844650507,0.24687340463101862
1789030864686224400,9.131224365234376,-0.27358634725064035,0.4886994627445936,0.27377719364762304
1789030864696228600,9.141228515625,-0.2500735158465803,0.4258750500410795,0.2796191976740956
1789030864706233600,9.151233642578125,-0.3338496772944927,0.25815759971141816,0.20625643982142208
1789030864716237300,9.1612373046875,-0.40360418152213096,0.10290624772310257,0.06580342851430178
1789030864726241300,9.1712412109375,-0.4714706800460815,-0.11699907048344611,0.2715396438539028
1789030864736246300,9.181246337890625,-0.49301995629221196,-0.3206342218905687,0.5567293351367115
1789030864746250500,9.19125048828125,-0.5812804235473275,-0.42454350917637346,0.6270683612540364
1789030864756255500,9.20125537109375,-0.6608323914289475,-0.34428806920051575,0.5918342585265636
1789030864766259500,9.211259521484376,-0.8244494207024574,-0.1594891356885433,0.472006978879869
1789030864776264400,9.221264404296875,-0.9593912673726678,-0.05466916329860687,0.2795063849493861
1789030864786268400,9.231268310546875,-0.763128690560162,-0.01104161849617958,0.13533990607708693
1789030864796272600,9.241272705078124,-0.5116460385680198,0.07582651761770248,0.017224106523394584
1789030864806277600,9.251277587890625,-0.3288470467016101,0.14560907889604568,-0.1553817003697157
1789030864816281300,9.26128125,-0.35624767932444806,0.13294132050275803,-0.008812836530804634
1789030864826286300,9.271286376953125,-0.40631197917610407,-0.040648236730694766,0.37934973797053095
1789030864836290300,9.281290283203125,-0.03165069128274917,-0.36077684718668457,0.522792871004343
1789030864846294500,9.29129443359375,0.4186307780012488,-0.5597270556479692,0.00797901605516672
1789030864856299500,9.301299560546875,0.6527937541410327,-0.43359716872572895,-0.370369728179276
1789030864866303500,9.311303466796875,0.42457916501164433,-0.22746260171830654,-0.23914105681329964
1789030864876308500,9.32130859375,0.41778322126120326,-0.2076747821867466,-0.009111527216434477
1789030864886312400,9.3313125,0.5656666748300194,-0.2730260830193758,0.4052335362896323
1789030864896316400,9.34131640625,0.5603960409507155,-0.42157647606432436,0.9530532965227961
1789030864906321400,9.3513212890625,0.7572372944340109,-0.4807008652061224,0.8212213985666632
1789030864916325400,9.361325439453125,0.9097291185811162,-0.09597498715519905,0.2171139339223504
1789030864926330400,9.371330322265624,0.9356912428334355,0.4116624002933502,-0.36799510800242424
1789030864936334300,9.381334228515625,0.7440040111124515,0.47759179327487944,-0.6041627019628882
1789030864946339300,9.39133935546875,0.516841561384499,0.11160334891974925,-0.6723711457923054
1789030864956343300,9.40134326171875,0.30501550473719835,-0.3932049525827169,-0.6557438361182808
1789030864966347500,9.411347412109375,0.3358332523271441,-0.8761562270641327,-0.6516434150621294
1789030864976352500,9.4213525390625,0.3380325159370899,-1.2229220845550297,-0.5541866649165749
1789030864986356500,9.4313564453125,0.3623898353412747,-1.4673252996802328,-0.5713666400372982
1789030864996361500,9.441361572265626,0.4094461855486035,-1.4632400761932134,-0.7984618697479366
1789030865006365400,9.451365478515624,0.4210428075790405,-1.2395540704041719,-0.8864902818128466
1789030865016369400,9.461369384765625,0.49172816291600463,-0.9353595266610384,-0.6540107287153601
1789030865026374400,9.47137451171875,0.47259851503223177,-0.4876064068108797,-0.3689817809522152
1789030865036378400,9.48137841796875,0.2134098187074065,-0.24352643229067325,-0.3713330202534795
1789030865046383400,9.49138330078125,0.1022854854762554,-0.11249065314829348,-0.35565059021413326
1789030865056387300,9.50138720703125,0.29345249271541834,0.24089316117763518,0.04506546865105629
1789030865066391600,9.5113916015625,0.04727963756918907,0.36746319308280945,0.3672758538171649
1789030865076396500,9.521396484375,-0.25276450849622484,-0.027907997623085976,0.5295139959529042
1789030865086400500,9.531400390625,-0.2846080920025706,-0.3708686176121235,0.7211001053869723
1789030865096405500,9.541405517578125,-0.21181202812194824,-0.5167337170958519,0.7954737938478589
1789030865106409200,9.5514091796875,-0.03739887954592704,-0.32841829989552496,0.6284291282132267
1789030865116414200,9.561414306640625,-0.08336275834143161,0.12085633043348788,0.7371703657001256
1789030865126418400,9.57141845703125,-0.17968085984587667,0.47340077132582664,1.0940586810156703
1789030865136422400,9.58142236328125,-0.08030629338026046,0.5854308212250471,1.0748071603178977
1789030865146427400,9.591427490234375,-0.10895634154230356,0.6543114652276039,0.9210545224547385
1789030865156431400,9.601431396484376,0.12939444167613984,0.47130350678563115,0.658404872021079
1789030865166436400,9.611436279296875,0.2392535772770643,0.24669746354222297,0.40702977205663915
1789030865176440600,9.621440673828126,0.23187632650732992,0.10708441019058226,0.3859104116603732
1789030865186444500,9.631444580078124,0.33807343246936794,0.13428630537092684,0.28712504325956106
1789030865196449500,9.641449462890625,0.44500119079351425,0.2635918997198343,0.11824468663036823
1789030865206453200,9.651453369140626,0.5562608408421278,0.40387013898193835,-0.12629822922647
1789030865216458200,9.661458251953125,0.5652060715809464,0.5413181232541799,-0.17231763760149477
1789030865226462500,9.67146240234375,0.36772125949710605,0.5088917714238167,0.015457681372761725
1789030865236466400,9.681466552734374,0.306526786082983,0.2565086634606123,0.0670505059659481
1789030865246471400,9.691471435546875,0.4799532617092132,0.0738911656409502,0.005595043528079986
1789030865256475400,9.701475341796876,0.28045155684500933,-0.04379237997531891,0.11112404097020626
1789030865266480400,9.71148046875,0.2575397600740194,-0.22700375203490256,0.21752631411552428
1789030865276484600,9.721484619140625,0.07263269001245498,-0.4548433703720569,0.36934330774098634
1789030865286489600,9.731489501953124,0.14986585955768822,-0.5859533837944269,0.6200064600437879
1789030865296493600,9.74149365234375,0.36410803743600845,-0.5443284109860659,0.8626479261934756
1789030865306497300,9.751497314453125,0.277663971953094,-0.4407920486658811,1.0090113305881618
1789030865316502300,9.761502197265624,0.06572802519053221,-0.4659299970537424,0.7358259653538465
1789030865326506500,9.771506591796875,-0.15830255625247955,-0.6156073483020067,0.5204150359570979
1789030865336511500,9.781511474609376,0.05259703319966793,-0.6734750153809785,0.41730858948677774
1789030865346515500,9.791515380859375,0.23265754001289604,-0.4448872090250253,0.6095505324810743
1789030865356519400,9.80151953125,0.012736731976270675,-0.24877719242572782,0.9413266183719038
1789030865366524400,9.8115244140625,-0.36408611786514516,-0.26699849329292774,0.9086027448996901
1789030865376528400,9.8215283203125,-0.29441403122395277,-0.2718868498563766,0.5691355199843645
1789030865386533400,9.831533447265626,-0.10971242060661315,-0.2126420492053032,0.39170974558889865
1789030865396537300,9.841537353515625,-0.113263683347404,-0.1871446198552847,0.4414452518776059
1789030865406541300,9.851541259765625,-0.08361556405872106,-0.23543489577174184,0.5145975818499923
1789030865416546300,9.86154638671875,0.16583645888864992,-0.11744622972905636,0.5058674551665783
1789030865426550300,9.87155029296875,0.4486033069387078,0.16532500223517416,0.1839285804182291
1789030865436555300,9.88155517578125,0.38383097503781316,0.5487029728084802,-0.08313421028256415
1789030865446559500,9.8915595703125,0.0021229835033416745,0.7886638215720653,-0.008937339693307875
1789030865456563500,9.9015634765625,-0.029153613770008087,0.7169155131787062,0.3415937155500054
1789030865466568400,9.911568359375,0.09845102187991142,0.5029167886674404,0.5103147899642586
1789030865476572400,9.921572509765625,0.33227789793312545,0.3572077565282583,0.6170481947600841
1789030865486577400,9.931577392578125,0.421830743086338,0.24395839396715163,0.6415668422058224
1789030865496581400,9.941581298828124,0.500058476626873,0.1450070213496685,0.4319090695083141
1789030865506586400,9.95158642578125,0.8656476925313472,0.21978256860971448,0.24323300230205058
1789030865516590300,9.96159033203125,1.1472890436828136,0.1574234353303909,-0.03409837669581175
1789030865526594300,9.97159423828125,1.3655007097139953,0.008946107521653176,-0.29007395619302984
1789030865536599300,9.981599365234375,1.2346610376656055,-0.03469721937179565,-0.36924072414934633
1789030865546603500,9.991603515625,0.7714218871310353,-0.03950608095824718,-0.23405688541680572
1789030865556607500,10.001607421875,0.2883297428742051,-0.14259820664227008,-0.09613368484824895
1789030865566612700,10.01161279296875,0.2004723034620285,-0.41324177843928334,-0.17131722838729618
1789030865576616700,10.02161669921875,0.25871201872378585,-0.7031634666800498,-0.1773877804726362
1789030865586621700,10.03162158203125,0.2032739168792963,-0.8004945446193218,0.030878537866473196
1789030865596625700,10.041625732421876,0.19123364273458718,-0.7298784551262855,0.23033903393745422
1789030865606630700,10.051630615234375,0.16953589792847631,-0.3312409561008215,0.339140184918046
1789030865616634600,10.061634521484375,0.0648632250547409,0.08622691560089588,0.3298433642625809
1789030865626638600,10.071638671875,-0.2897849101185799,0.3810106569200754,0.36711423351466654
1789030865636643600,10.0816435546875,-0.4293924105122685,0.5237473952502012,0.38683717111647126
1789030865646647800,10.091647705078126,0.11496259621977806,0.5883610294580459,0.006245908652245998
1789030865656652800,10.10165283203125,0.27568156596422194,0.6073562373071909,-0.1883949121773243
1789030865666656800,10.11165673828125,0.12363660880178212,0.571163810941577,-0.2260439670920372
1789030865676660700,10.12166064453125,-0.03982318408340216,0.6569780540883541,-0.21094401311576366
1789030865686665700,10.131665771484375,-0.24022213004827497,0.6538204668402672,0.06734422821551561
1789030865696669700,10.141669677734376,0.13181757716983555,0.8006108644753694,0.1168795357570052
1789030865706674700,10.1516748046875,0.44659810459613797,1.1472633247196673,-0.08155687796324491
1789030865716678700,10.1616787109375,0.07782207534909248,1.3685311634510755,0.03928922333717346
1789030865726682600,10.1716826171875,-0.3954346113309264,1.1642179666519163,0.25795564739853144
1789030865736687600,10.1816875,-0.6114461369693279,0.8545593122839927,0.5245207177102565
1789030865746691600,10.191691650390625,-0.6069418112874031,0.6053443129628896,0.8804641533911227
1789030865756696600,10.201696533203124,-0.5197682624861598,0.39024785634279247,0.9077271311089395
1789030865766700800,10.21170068359375,-0.4363467596948147,0.17934651332497595,0.7714309472203255
1789030865776704800,10.221704833984376,-0.4536345791041851,-0.01600830099284649,0.8028753022760152
1789030865786709800,10.231709716796875,-0.6384849505424499,-0.1921370213150978,0.8239569610103964
1789030865796713500,10.24171337890625,-0.4959668233990669,-0.24676351451575754,0.6136553374513983
1789030865806718500,10.251718505859374,-0.5363157849222421,-0.08131342459619045,0.5309869911149144
1789030865816722700,10.26172265625,-0.5834463694095611,0.07817921822369098,0.5056660873755813
1789030865826726700,10.2717265625,-0.4040940108656883,0.061008303192257876,0.3102294399932027
1789030865836731600,10.281731689453125,-0.02020662946552038,-0.015307459247112274,0.047316754709184165
1789030865846735600,10.291735595703125,-0.034896249075233934,-0.1017243444621563,0.13941548495292663
1789030865856740600,10.30174072265625,-0.17850655536949633,-0.2511053431123495,0.16010960567444563
1789030865866744800,10.311744873046875,-0.19778087242096662,-0.39216333457529545,0.2929708466783166
1789030865876748500,10.32174853515625,0.08040478531867265,-0.5140075070023536,0.2637149415776133
1789030865886753500,10.33175341796875,0.5015957691967488,-0.44115679032504557,0.061462476700544354
1789030865896757500,10.341757568359375,0.6611223142862319,-0.127169166842103,-0.12514847466945647
1789030865906762500,10.351762451171876,0.2902504818037152,0.25448797128796574,-0.009866437236964702
1789030865916766700,10.3617666015625,0.013361001354455946,0.2575333303332329,0.14357757306843996
1789030865926770700,10.371770751953125,-0.07702449523061514,0.011452537384629249,0.36906186045110223
1789030865936775700,10.381775634765624,0.04695025948435068,-0.3641583063185215,0.5904360821664333
1789030865946779600,10.391779541015625,0.14215046287477015,-0.6232973182827234,0.47639907635897394
1789030865956784600,10.40178466796875,0.022806875091791152,-0.680374711766839,0.4068523696631193
1789030865966788900,10.411788818359375,-0.23857962353825568,-0.747244600468874,0.5379176671609283
1789030865976792600,10.42179248046875,-0.435482544080913,-0.8161474563032388,0.8563052791684865
1789030865986797600,10.431797607421874,-0.5155199573919177,-0.929901261255145,1.0879805301457643
1789030865996801500,10.441801513671875,-0.5025716284915804,-0.9586100538671016,0.9559715220570564
1789030866006806500,10.451806640625,-0.4725336331024766,-0.6698498106211423,0.5468325027614832
1789030866016810800,10.461810791015624,-0.4663792021259665,-0.27948037372529505,0.19733722030669448
1789030866026814700,10.471814697265625,-0.35501258457154033,-0.1266945350676775,0.11891717906445264
1789030866036819700,10.48181982421875,-0.2894762825608253,-0.2928717702180147,0.19994184984713792
1789030866046823700,10.49182373046875,0.1865060296908021,-0.42277006976306436,0.2273597258657217
1789030866056828700,10.50182861328125,0.5204162050008774,-0.33428339253664013,0.19443886851668357
1789030866066833000,10.5118330078125,0.7869929657503962,-0.19266250649392605,-0.18786475082337856
1789030866076836600,10.521836669921875,0.8134484264776111,-0.03226969996392727,-0.2171139339223504
1789030866086841600,10.531841552734376,1.0030883702799678,0.07916589117348194,-0.3277385009378195
1789030866096845600,10.541845458984374,1.1904860881134867,0.09546411502361297,-0.2904378210693598
1789030866106850600,10.5518505859375,1.1911857608154415,-0.0063625207692384715,-0.3402528223350644
1789030866116854800,10.561854736328126,1.208404314380884,-0.1800023468852043,-0.4049029891610145
1789030866126858800,10.571858642578125,1.3212068099573253,-0.39338381628096103,-0.6747527802318334
1789030866136863700,10.58186376953125,1.3722875933751464,-0.3960328694850206,-1.0669038398474455
1789030866146867700,10.59186767578125,1.1613982330560684,-0.29585692350864407,-0.9336252502143383
1789030866156872700,10.601872802734375,0.7403206464245915,-0.4333949241518974,-0.4132829872325062
1789030866166876700,10.611876708984376,0.5608721340298652,-0.8166700188726186,-0.18315262760967016
1789030866176880600,10.621880615234375,0.4157520076945424,-0.9576660510152578,-0.06941898866295815
1789030866186885600,10.6318857421875,0.22729396715313194,-0.8701116862028837,0.16267653355300427
1789030866196889600,10.6418896484375,0.1032271502405405,-0.7385732182353735,0.2627598328098655
1789030866206894600,10.65189453125,0.18288257849663495,-0.42193478798270223,0.09877192439734934
1789030866216898600,10.661898681640626,0.45206776817888017,0.06583002426028252,-0.18737375243604182
1789030866226902800,10.67190283203125,0.6583037497341633,0.6514449698805809,-0.3361535703226924
1789030866236907800,10.68190771484375,0.5672922302052378,0.937059316316247,-0.2678463422939181
1789030866246911700,10.691911865234376,0.0878708834156394,0.44780455777645106,-0.06174918468743562
1789030866256916700,10.701916748046875,0.044726153694093225,-0.36725393424630165,0.1079743447676301
1789030866266920400,10.71192041015625,-0.025109014554321765,-0.5718541312932968,0.1138037815734744
1789030866276924700,10.721924560546874,-0.08806172981262206,-0.55060559155941,0.01358048932403326
1789030866286929700,10.7319296875,-0.14225421551018952,-0.4805050503730774,0.16582359940707683
1789030866296933600,10.74193359375,-0.10092091912478209,-0.40146892305910586,0.399696944950521
1789030866306938600,10.751938720703125,0.16003274104595183,-0.1937707599967718,0.2325552486822009
1789030866316942600,10.761942626953125,0.2166331646680832,0.08442951079010963,-0.032439795833826064
1789030866326946800,10.77194677734375,0.33239772492051123,0.20208149222433566,-0.06610825667977333
1789030866336951800,10.781951904296875,0.5252440635487436,0.2325917813003063,-0.0023301965132355687
1789030866346955800,10.791955810546876,0.417550581549108,0.39762101545929907,0.04858399816602468
1789030866356960800,10.801960693359375,0.18891835152953862,0.4884586397260427,0.14232406587600707
1789030866366964500,10.811964599609375,0.22433248699903488,0.37704350685477256,0.12189239548295736
1789030866376968700,10.82196875,0.12057868253588676,0.26972879503965375,0.19920126061290502
1789030866386973700,10.8319736328125,0.20689502998590467,0.20535072315335273,0.11406447833627462
1789030866396977700,10.841977783203125,0.29423049135059115,0.23445523708462715,-0.0601119388744235
1789030866406982700,10.851982666015624,-0.05724047509133815,0.30322131479680536,0.0967895184084773
1789030866416986600,10.861986572265625,-0.257428700914979,0.2190899101704359,0.37107320027351376
1789030866426990800,10.871990966796876,-0.14096534474343062,0.03428863857090473,0.4535179669871926
1789030866436995800,10.881995849609375,-0.1003425347149372,0.019511340677738187,0.32712679878026246
1789030866446999800,10.891999755859375,-0.1372752580538392,0.061491118273138995,0.1384796654075384
1789030866457003500,10.90200341796875,-0.2894286440268159,-0.008481997141242027,0.34414427681565285
1789030866467008500,10.912008544921875,-0.5336524109318852,-0.4401870685100555,0.6387035617291927
1789030866477012700,10.9220126953125,-0.45928485995084045,-0.8721540056854485,0.9253767695680261
1789030866487017700,10.932017822265625,-0.3980059231236577,-1.2108727503210306,0.897315919470787
1789030866497021700,10.942021728515625,-0.05407908845096826,-1.1426695671886204,0.5305582443088293
1789030866507025700,10.952025634765626,0.33762451965808865,-0.6855792946726084,0.27269787397831674
1789030866517030700,10.96203076171875,0.3118319067537784,-0.36868075217902657,0.2761062211170792
1789030866527035000,10.972034912109375,-0.023524667972326278,-0.212841955691576,0.8591609608605504
1789030866537040000,10.982039794921874,-0.47291649494022125,-0.3096241675764322,1.1593936152353883
1789030866547043600,10.992043701171875,-0.28517244788706303,-0.4583522552758455,0.6343327992990613
1789030866557047600,11.002047607421876,0.2811070981442928,-0.26562486685216424,-0.1533741599395871
1789030866567052000,11.012052001953125,0.8749813380658626,0.01930208184123039,-0.649324032203853
1789030866577056300,11.02205615234375,0.592810702343285,0.14687047713398932,-0.25177520519793034
1789030866587061200,11.032061279296874,0.309999430629611,0.0348912806391716,0.06030979953408241
1789030866597065200,11.042065185546875,0.3980757734894752,0.022053426375985143,0.18003303428441286
1789030866607069200,11.052069091796875,0.3722583184048533,-0.037682957184314726,0.106122579421103
1789030866617074200,11.06207421875,0.552437190900743,-0.09346563468277454,-0.1118473868086934
1789030866627078400,11.072078369140625,0.7632356580659747,-0.22081483426690102,-0.14378741642683743
1789030866637083400,11.08208349609375,0.8824936133921146,-0.11000292798578738,-0.21765987736731765
1789030866647087000,11.092087158203125,0.7223986207649111,0.0992664299160242,-0.42814942471385
1789030866657091000,11.102091064453125,0.5622188724637032,0.19342355399429798,-0.5122352366328239
1789030866667096000,11.112095947265624,0.22536884430944917,0.088822777312994,-0.22309622320234773
1789030866677100300,11.122100341796875,0.2578609548524022,-0.15288988355398178,-0.19279840783327817
1789030866687104300,11.132104248046875,0.6197934018149972,-0.1344195763617754,-0.39791532223075626
1789030866697109200,11.142109130859374,0.40899756499826906,-0.07956687318980693,-0.4419496942684054
1789030866707113200,11.15211328125,0.21180852099061012,-0.16864333300292492,-0.20347966858446598
1789030866717118200,11.1621181640625,0.08062164293974637,-0.39893326710164545,-0.052691725745797155
1789030866727122400,11.172122314453125,-0.08578209444284439,-0.6201309632062911,0.13204729427248238
1789030866737126100,11.182126220703125,-0.17706541665047407,-0.9938538012057542,0.11152414620369672
1789030866747131100,11.192131103515624,-0.015799626678228377,-1.2553589577794075,-0.13900807319581507
1789030866757135000,11.202135009765625,0.5326742135494947,-0.8949667259961366,-0.5163441332563757
1789030866767140000,11.21214013671875,0.6923498117208481,-0.23475451229214667,-0.9038327540189027
1789030866777144300,11.222144287109375,0.3406935518398881,0.11126081909239291,-0.9994143579423427
1789030866787148300,11.232148193359375,-0.29787440081089733,0.09610533553659915,-0.5844505780160427
1789030866797153300,11.2421533203125,-0.4144675208419561,-0.005619593447446823,-0.2515428577467799
1789030866807157200,11.2521572265625,-0.127223235116899,0.1767044743835926,-0.2275318675622344
1789030866817162200,11.262162353515626,0.10907675305157899,0.5526239456444978,-0.3917769656062126
1789030866827166200,11.272166259765624,-0.0642293110653758,0.7269038232296705,-0.4969631409600377
1789030866837170200,11.282170166015625,-0.2999175970762968,0.6749234606236219,-0.302086173287034
1789030866847175200,11.292175048828126,-0.435667252998054,0.5953904897034168,-0.012589432460069655
1789030866857179100,11.30217919921875,-0.1283282737493515,0.6566226647794247,0.044430385617911815
1789030866867183000,11.31218310546875,-0.016617957323789595,0.8769768957972526,0.0417123588308692
1789030866877188000,11.32218798828125,0.031256723529100416,1.020149102935195,-0.06468319231271744
1789030866887192300,11.3321923828125,-0.011411036330461501,1.0426496885567902,-0.2542567928805947
1789030866897197300,11.342197265625,-0.3238312643662095,0.8123299438416958,-0.13678162931799887
1789030866907201300,11.352201171875,-0.593978284817934,0.43902562351524826,-0.008866904805600642
1789030866917205000,11.362205078125,-0.5403031009927391,0.18996026179790496,-0.015001462037861346
1789030866927210200,11.372210205078124,-0.40079263123273845,0.04044891476631164,-0.15569529636353252
1789030866937214200,11.382214111328125,-0.348252588917315,0.12512275570631026,-0.1784752834483981
1789030866947219200,11.39221923828125,-0.53237523060292,0.1571586469143629,-0.188723705740273
1789030866957223200,11.40222314453125,-0.6802525466918945,0.10907587626874446,-0.24139029704481363
1789030866967227100,11.41222705078125,-0.6824620394349098,0.12229191619455813,-0.2467936173930764
1789030866977232100,11.422232177734376,-0.6452735877692699,0.1511322262316942,-0.26803718869090076
1789030866987236400,11.432236328125,-0.45566257780045266,0.17686171077191828,-0.1304278763771057
1789030866997241300,11.442241455078126,-0.29239713844358917,0.04963233817517757,-0.12336509838402271
1789030867007245300,11.452245361328124,-0.270136791318655,-0.22110358808040617,-0.1660258439809084
1789030867017249000,11.4622490234375,-0.3735828450068831,-0.6506394987165928,-0.017556407217681407
1789030867027254000,11.47225390625,-0.4792065349951386,-1.1177537371188402,0.25130554185956716
1789030867037258200,11.48225830078125,-0.5506254653036594,-1.5167892955511808,0.5292836943283676
1789030867047262200,11.49226220703125,-0.5390004939615726,-1.7442787852764128,0.7315969494819641
1789030867057267200,11.50226708984375,-0.4135971677482128,-1.7356237696558237,0.7816656332477927
1789030867067271200,11.512271240234375,-0.24649755705595014,-1.383681386309862,0.6917214506894349
1789030867077276200,11.522276123046876,-0.2120812004521489,-0.7933879274845123,0.596031710216403
1789030867087280400,11.5322802734375,-0.27022563864588733,-0.29547639975845813,0.48384734653830525
1789030867097284400,11.542284423828125,-0.38058366367965935,0.02651566648185253,0.33781858092546463
1789030867107289300,11.552289306640626,-0.4626587202981114,0.2856616927087307,0.3133540017545223
1789030867117293000,11.56229296875,-0.45711979087144133,0.4301753775835037,0.21601532503068446
1789030867127297300,11.57229736328125,-0.44008740752786396,0.4262783701449632,-0.10773410627096891
1789030867137302300,11.58230224609375,-0.5231818703219294,0.34232056851983067,-0.29843408052027226
1789030867147306200,11.59230615234375,-0.5415843729749321,0.10825403849184513,-0.24208587809354065
1789030867157311200,11.602311279296876,-0.4780392447814345,-0.18584347412884233,-0.023725743502378462
1789030867167315200,11.612315185546874,-0.47343671942204235,-0.5557967304617166,0.36502281419336796
1789030867177319200,11.622319091796875,-0.022694646888971326,-0.9068933106333017,0.28610563708394765
1789030867187324200,11.63232421875,0.367342781573534,-0.9047592212140559,-0.06318447818756102
1789030867197328400,11.642328369140625,0.5348679242014884,-0.4594312826842069,-0.302114230337739
1789030867207333400,11.65233349609375,0.6512567538321018,0.03673603172302246,-0.5267421931520104
1789030867217337000,11.662337158203124,0.6807561122998594,0.3911673092752695,-0.4170370790690183
1789030867227341000,11.672341064453125,0.7829977586343884,0.5268786790132522,-0.04337912299931049
1789030867237346000,11.682345947265626,0.7679357985809445,0.4077946189492941,0.1793061813145876
1789030867247350300,11.692350341796875,0.7752697947308421,0.0709147801786661,-0.1342792911082506
1789030867257354200,11.702354248046875,0.7878104196131229,-0.20683131709992886,-0.6006853812411427
1789030867267359200,11.712359130859374,0.6065268007457256,-0.4866811086595058,-0.8366182896628975
1789030867277363200,11.72236328125,0.6195110777422785,-0.7636907083570956,-0.914373144994676
1789030867287368200,11.7323681640625,0.665715779556334,-0.8254267413020133,-0.8922557134717702
1789030867297372200,11.7423720703125,0.48357174446731804,-0.5140770651072264,-0.8329735034197568
1789030867307376000,11.752376220703125,0.19562427890896797,-0.2799865696817636,-0.9142141550406813
1789030867317381000,11.762381103515626,0.14229893143475056,-0.26934417963623997,-0.9222828952059149
1789030867327385000,11.772385009765625,0.11391425621062516,-0.40414369522631166,-0.7751751021847129
1789030867337390000,11.78239013671875,0.22770780865103005,-0.6125158120274543,-0.5825707556188107
1789030867347394300,11.792394287109374,0.24385581037551163,-0.6644184332221746,-0.35132629727423187
1789030867357398300,11.802398193359375,0.08277005314528942,-0.7449234640449285,-0.18852029212266205
1789030867367403300,11.8124033203125,-0.26622984700798985,-1.0518617535382508,-0.15931787077486514
1789030867377407200,11.8224072265625,-0.19195903439968823,-1.3235656480431557,0.042237259487807745
1789030867387411200,11.8324111328125,-0.12557839051932096,-1.238977731820941,0.40700580665916203
1789030867397416200,11.842416259765624,0.117577454893291,-0.859519565039873,0.3299576382920146
1789030867407420200,11.852420166015625,0.22904724056124687,-0.11894377481043338,0.20657938816547392
1789030867417425200,11.862425048828126,-0.09765461080521344,0.3239379396110773,0.23848902264535426
1789030867427429000,11.87242919921875,0.13350450734347105,0.5596142429232597,0.1854725949898362
1789030867437433300,11.882433349609375,0.23532471339553593,0.8320826920598745,0.1532329979032278
1789030867447438300,11.892438232421876,0.33465076454430814,0.9407932421475649,-0.06370791753977537
1789030867457442300,11.9024423828125,0.26201924357563255,0.982196096637845,-0.16678367661088703
1789030867467446300,11.9124462890625,0.05176496628969907,0.7562059055596589,-0.18360446303039787
1789030867477451300,11.922451171875,0.21647095984369516,0.4686474393188953,-0.32091450013667344
1789030867487455200,11.932455322265625,0.23955139117985963,0.38590076704919335,-0.3623208617582917
1789030867497460200,11.942460205078126,0.25364450620114803,0.32937866936028004,-0.2805316363438964
1789030867507464200,11.952464111328124,0.24826105959713457,0.3111749041497707,-0.09110299720466136
1789030867517468200,11.96246826171875,0.05698883841782808,0.23151392293572423,0.059841597500443454
1789030867527473200,11.97247314453125,0.006268120484054088,0.12692717477977275,0.11382511662244796
1789030867537477400,11.982477294921875,-0.055364159825444216,0.032791678011417386,0.1314540045544505
1789030867547481300,11.9924814453125,-0.16060791058540344,0.0720002373278141,0.2211220005199313
1789030867557486300,12.002486328125,-0.519700750207901,0.0017313538372516631,0.5746177507877349
1789030867567490300,12.012490234375,-0.5384194792032242,-0.35289807663559913,0.7482406257688998
1789030867577495300,12.022495361328126,-0.23419015640765428,-0.6112678577929734,0.6113146195441485
1789030867587499300,12.032499267578125,0.05170680636167526,-0.7874550303041935,0.3862435891374945
1789030867597503500,12.04250341796875,-0.07325462130308151,-0.9634884735584258,0.5934414014622569
1789030867607508500,12.052508544921874,-0.2061141087412834,-1.217224165174365,0.8696724180027842
1789030867617512200,12.06251220703125,-0.2723600203260779,-1.3356085525363683,1.0414610632941126
1789030867627516200,12.07251611328125,-0.1681476584404707,-1.0612240406453608,0.8158458430081605
1789030867637521200,12.082521240234374,0.17212562216073274,-0.36226503991782666,0.3969619670286774
1789030867647525400,12.092525390625,0.14111644365191459,0.17231471499204634,0.32577187703996896
1789030867657530400,12.1025302734375,0.27278964391499755,0.29611645122766495,0.36790099997818465
1789030867667534300,12.112534423828125,0.4066843196198344,0.17587445330023765,0.30049919635653494
1789030867677538300,12.122538330078125,0.5683227422967553,0.1437777718156576,0.24162089093029498
1789030867687543300,12.132543212890624,0.46435237247347827,0.25348610076904293,0.30513708529025313
1789030867697547500,12.142547607421875,0.2801820922538638,0.3407657402932644,0.3428825863167643
1789030867707551200,12.15255126953125,0.10291939946562051,0.45707215233743187,0.4065168540984392
1789030867717556200,12.16255615234375,0.08643120600134134,0.4278630089879036,0.18633564155995844
1789030867727560200,12.172560302734375,0.49542643291205163,0.39405426288843154,-0.06709785223901271
1789030867737565200,12.182565185546874,0.9441001747384666,0.48379415504634377,-0.1684495639964938
1789030867747569400,12.1925693359375,0.9725485628485679,0.587100215741992,-0.2078855023279786
1789030867757573400,12.202573486328125,0.46991818990707396,0.45254269221425053,0.022895137897133825
1789030867767578400,12.212578369140624,-0.026031390096247196,0.1512502996534109,0.39765141059756276
1789030867777582300,12.222582275390625,-0.08077361863106489,-0.29082302099466323,0.49815439657121896
1789030867787586600,12.232586669921876,0.1822328824162483,-0.6432809526473283,0.32415304366648195
1789030867797591600,12.242591552734375,0.4849664136961102,-0.6761246531069278,-0.016217852090299127
1789030867807595300,12.25259521484375,0.8986290478959679,-0.4826519992738962,-0.28957418997734785
1789030867817599200,12.26259912109375,0.985952234300971,-0.17332184620797633,-0.407518724617362
1789030867827604200,12.272604248046875,0.634941286586225,-0.01677110205888748,-0.36859219711273905
1789030867837608400,12.2826083984375,0.3012739801213145,-0.14956979922056196,-0.30964462584257124
1789030867847613400,12.292613525390625,0.10474632263183593,-0.4219681057304144,-0.21999971849173305
1789030867857617400,12.302617431640625,0.4866591890886426,-0.6405354533314704,-0.38516836112141606
1789030867867621400,12.312621337890626,0.7335892923429608,-0.541918427234888,-0.45362756484150885
1789030867877626400,12.32262646484375,0.8652186534643173,-0.22986206407546997,-0.6612672757148742
1789030867887630300,12.33263037109375,0.7141907643899321,0.31910745071470736,-0.3420736080214381
1789030867897634300,12.34263427734375,-0.3597755611896515,0.5129845936954022,0.05732055459022522
1789030867907639300,12.352639404296875,-1.0485530673816799,0.287518718752265,0.2085997880771756
1789030867917643300,12.362643310546876,-0.9106418495118618,-0.060553545162081716,0.15607903498411177
1789030867927648300,12.372648193359375,-0.267881998129189,-0.31241993577480315,-0.18866525355130434
1789030867937652200,12.38265234375,0.2000578774422407,-0.0826098941475153,-0.6015937282577156
1789030867947656400,12.392656494140626,0.06808510971069336,0.45673371416330333,-0.6787734140500425
1789030867957661400,12.402661376953125,-0.05041121359318494,0.8606763338595628,-0.4793310381576419
1789030867967665400,12.41266552734375,-0.10838438687324524,1.0151309825122357,-0.1823044863477349
1789030867977669000,12.422669189453124,-0.19860212567597627,0.9333207143098116,0.14125672890543936
1789030867987674000,12.432674072265625,-0.06836860282719134,0.7085983512103557,0.15724866328537462
1789030867997678300,12.44267822265625,-0.06609422815442084,0.5827683240175247,0.00889788446575403
1789030868007682300,12.452682373046875,-0.08070230696052312,0.453006218072772,0.020031272898614404
1789030868017687300,12.462687255859375,0.14836130021363497,0.5511971277117729,0.08672463598996401
1789030868027691300,12.472691162109374,-0.13642770131379364,0.7251303838163614,0.22235504944622517
1789030868037696300,12.4826962890625,-0.43668549012988805,0.7512573432415723,0.23649755656719207
1789030868047700500,12.492700439453126,-0.48467356822937724,0.73934420260787,0.19339666598737237
1789030868057704400,12.502704345703124,-0.2622875391229987,0.5558996063143015,0.1877835022807121
1789030868067709400,12.51270947265625,0.11805062536299228,0.36607962976992126,-0.040267128458619114
1789030868077713200,12.522713134765626,0.03576777121275663,0.24366964015364645,-0.14258300907313823
1789030868087717400,12.53271728515625,-0.4996738612234592,0.09999240610301494,0.1528980668604374
1789030868097722400,12.542722412109375,-0.7743076717004179,-0.18668460112810134,0.3147027860149741
1789030868107726300,12.552726318359374,-0.4727013908848166,-0.49918461640179157,0.2511196638986468
1789030868117730300,12.562730224609375,-0.17511545162647962,-0.7611094596922398,0.2533019763737917
1789030868127735300,12.5727353515625,-0.041728725443780416,-1.0723609362095594,0.2982414805576205
1789030868137739500,12.582739501953125,0.0967044704735279,-1.2516793924838303,0.37786972854584455
1789030868147744500,12.59274462890625,-0.1329120944082737,-1.2584341274410487,0.5795353334456682
1789030868157748200,12.602748291015626,-0.11945406242012976,-1.1725976724624634,0.5289470097199082
1789030868167752200,12.612752197265625,0.06519289540052414,-0.9034878861039877,0.3007999328687787
1789030868177757200,12.622757080078125,0.3463604915603995,-0.4747305586248636,0.051097442291676995
1789030868187761400,12.632761474609374,0.39005058020502326,-0.09092997872531414,-0.18185732710212468
1789030868197765400,12.642765380859375,0.0557832620203495,0.07060673714280129,0.007566928122937679
1789030868207770400,12.652770263671876,-0.14801906264722348,-0.055987844681739805,0.3031789369598031
1789030868217774300,12.6627744140625,0.0065527826443314546,-0.13651333377063274,0.31777737115472554
1789030868227778600,12.672778564453125,0.08809446303844451,-0.06975742683708668,0.19879443337768316
1789030868237783600,12.682783447265624,0.10668459721803665,0.11876081945896148,-0.13892010265141724
1789030868247787300,12.692787353515625,-0.16141922696828842,0.3024608518183231,-0.3727729899287224
1789030868257792300,12.702792236328126,-0.3898933438166976,0.3086918551623821,-0.12589578590542078
1789030868267796200,12.712796142578124,-0.2933814733058214,0.16665186692476272,0.2940565960884094
1789030868277800400,12.722800537109375,-0.029248306316137312,-0.026718495577573775,0.5552838125035167
1789030868287805400,12.732805419921876,-0.16175708062052727,-0.2130775180131197,0.5172577409699559
1789030868297809400,12.742809326171875,-0.09496464106887578,-0.6206237151592969,0.245695885284245
1789030868307813400,12.7528134765625,0.12360416783690452,-1.1220084719538688,0.0640463557139039
1789030868317818400,12.762818359375,0.20773878733366727,-1.4371832593947649,0.384495284165442
1789030868327822300,12.772822265625,0.2931236991524696,-1.489153100606799,0.8717807884588837
1789030868337826300,12.782826416015626,0.5381596592232585,-1.3264070089489222,0.6523840042963623
1789030868347831300,12.792831298828125,0.6649974021539091,-0.8919085074692964,0.17632950359135866
1789030868357835300,12.802835205078125,0.6707575731158256,-0.5483487525433302,-0.11242021826058625
1789030868367840300,12.81284033203125,0.8900558653399347,-0.30789281373918054,-0.3534779223501682
1789030868377844200,12.82284423828125,1.0909554543033242,0.06649228756129741,-0.8034484259888529
1789030868387848400,12.832848388671875,1.0290259446129202,0.3705371937006712,-1.0521569370925425
1789030868397853400,12.842853515625,0.7921250679418445,0.07292085930407047,-1.1177081444114445
1789030868407857400,12.852857421875,0.7916869687855244,-0.5546206724196672,-1.118300265085697
1789030868417861000,12.862861083984376,0.7018050378084182,-0.9053069182246923,-0.8662509191215038
1789030868427866000,12.8728662109375,0.471876338237524,-0.9470955571621655,-0.6455991664618254
1789030868437870300,12.882870361328125,0.4218985476255417,-0.7320733348220586,-0.5275988099813461
1789030868447874300,12.892874267578126,0.24394904161691663,-0.4757382743626833,-0.24786592279970646
1789030868457879300,12.90287939453125,0.147163907122612,-0.32181846323907376,-0.31950638690441846
1789030868467883300,12.91288330078125,0.2187599475637078,-0.2162391969144344,-0.365787368825078
1789030868477887500,12.922887451171874,0.2963242487594485,0.04794014730453491,-0.12992343398630618
1789030868487892500,12.932892578125,0.342114816814661,0.26399638886749743,0.06409867042303084
1789030868497896400,12.942896484375,0.538112020689249,0.5094774623572826,0.0949552887186408
1789030868507901400,12.9529013671875,0.5215235817208885,0.7734224132984876,0.1513710034236312
1789030868517905200,12.9629052734375,0.2707794731363654,0.77489131680727,0.19451076470911502
1789030868527909400,12.972909423828124,0.044138416934013366,0.5371715249687433,0.3284212225049734
1789030868537914400,12.982914306640625,-0.11764993560761212,0.09760931035876273,0.3977104473084211
1789030868547918300,12.99291845703125,-0.08283727316260338,-0.15020692808032035,0.21383856551349162
1789030868557922300,13.00292236328125,-0.08887567654401063,-0.1535726051211357,0.03049976768195629
1789030868567926500,13.012926513671875,-0.10818594169169664,-0.2874742950886488,0.019029694640636443
1789030868577930800,13.0229306640625,-0.018886194516718385,-0.36751989170610905,0.14342851998656989
1789030868587934700,13.032934814453125,0.21985388028025626,-0.21945815896093845,0.19418050984144208
1789030868597939700,13.042939697265625,0.6119950030237435,0.0024286884516477583,-0.08064999225139617
1789030868607943700,13.052943603515626,0.713470925682783,0.2855868739068508,-0.3946694721773267
1789030868617947600,13.06294775390625,0.3910322847187519,0.43816228468418117,-0.25246961720287797
1789030868627952600,13.07295263671875,0.2244514372035861,0.29887305645942686,-0.0834942757666111
1789030868637956600,13.08295654296875,0.12090338444560765,0.007217091771960258,-0.04540303004235029
1789030868647961600,13.092961669921875,0.06313537834882736,-0.4046399543106556,-0.11138853712528943
1789030868657965600,13.102965576171876,0.08253799795508385,-0.7104717438668012,-0.09500468081831931
1789030868667969800,13.1129697265625,-0.027475159163773057,-0.7502420287191868,0.15216186154037714
1789030868677974800,13.122974853515625,-0.1258425944134593,-0.8006067728221417,0.5261670236125588
1789030868687978800,13.132978759765624,0.11397037031203508,-0.7557856343209743,0.6354816770732402
1789030868697982700,13.142982666015625,0.38184623096138237,-0.43214170922040934,0.46401451882123945
1789030868707987700,13.15298779296875,0.46183892834782597,0.027336335214972494,0.2561106040537357
1789030868717991700,13.16299169921875,0.29629882205724717,0.21113106012046337,0.10123977581560611
1789030868727995600,13.17299560546875,0.052798400990664955,0.23869945052564143,0.30708821935802694
1789030868738000600,13.183000732421876,-0.2155202349901199,0.07066402028799057,0.7098346150070428
1789030868748004600,13.193004638671875,-0.07442337282150983,-0.07643442038297653,1.0267387104585766
1789030868758008800,13.2030087890625,0.4681286761417985,-0.011660627177357673,0.9636623688206076
1789030868768013800,13.213013916015624,0.46946021700650453,0.0703226595044136,0.8327695052802562
1789030868778017800,13.223017822265625,0.21943185547590255,-0.04033376395404339,0.8786006976068019
1789030868788021500,13.233021484375,0.3478431313335895,-0.11968962474167347,0.7197779168725014
1789030868798026500,13.243026611328125,0.5476408965349197,-0.003524666994810104,0.396916082060337
1789030868808030700,13.25303076171875,0.32253684064149857,-0.023906945288181304,0.1285936466872692
1789030868818035700,13.26303564453125,0.15637451079934833,-0.13908932173848151,0.11559563342630863
1789030868828039700,13.273039794921875,0.02869856347888708,-0.14949147328734397,0.09789134217053651
1789030868838043600,13.283043701171875,-0.05900426989346742,-0.20709785908162592,-0.15878595585525035
1789030868848048600,13.293048583984374,-0.044458734929561615,-0.1274357088238001,-0.19456307941824197
1789030868858052600,13.303052490234375,-0.14655834244489668,-0.14933599046468735,-0.21566168928742407
1789030868868056800,13.313056884765626,-0.16800883449167012,-0.36240006447434425,-0.25884938136786223
1789030868878061800,13.323061767578125,-0.17796265775114298,-0.4910515788286924,-0.0695671649619937
1789030868888065500,13.3330654296875,-0.10468903948664665,-0.4691285008341074,0.031627602668106554
1789030868898069500,13.343069580078126,0.04595277287960052,-0.4265858286589384,-0.016709434999525544
1789030868908074500,13.353074462890625,0.2939046203970909,-0.4074585188627243,-0.14580927764326332
1789030868918078700,13.36307861328125,0.4639852927267551,-0.40933424960672854,-0.25681962910592554
1789030868928082700,13.373082763671874,0.7522858095064758,-0.6007698446542025,-0.4153524869829416
1789030868938087700,13.383087646484375,0.8698103651687502,-0.6038397536188364,-0.43546442390233275
1789030868948091600,13.393091552734376,0.5967649929270148,-0.42077860368490216,-0.27310499347448347
1789030868958096000,13.403095947265625,0.41958617902994155,-0.22012159130573272,-0.08858253881633281
1789030868968100900,13.413100830078125,0.6352092898726462,-0.17547464032769203,-0.22075579755604266
1789030868978104600,13.4231044921875,0.7064511100485921,-0.10594517702758312,-0.3617895313605666
1789030868988108500,13.433108642578125,0.516028491435945,0.04792962591052055,-0.4081093839868903
1789030868998113500,13.443113525390626,0.28360651374459267,0.3877466871768236,-0.3531938447117805
1789030869008117800,13.45311767578125,0.18519991552829743,0.6310194369673728,-0.4455673002436757
1789030869018121700,13.463121826171875,-0.055646191637218,0.6282277604222297,-0.41891660920530555
1789030869028126700,13.473126708984376,-0.26552286778241396,0.2231067445963621,-0.23480711926221845
1789030869038130700,13.483130615234375,-0.30093758777379986,-0.227720960393548,-0.17838234446793794
1789030869048134700,13.493134765625,-0.27474399285316464,-0.372009019818902,-0.13036883966624735
1789030869058139600,13.5031396484375,-0.20066051951050756,-0.1921153940051794,0.015349252562224865
1789030869068143600,13.5131435546875,0.21000234835147857,0.44362288817763323,-0.1712465012386441
1789030869078148600,13.523148681640626,0.011977730302512646,1.0247989745676518,-0.1832385523274541
1789030869088152600,13.533152587890624,-0.3659972121834755,0.9969476755678653,-0.018556231909990308
1789030869098156800,13.54315673828125,-0.14174363563954828,0.8865560405254364,0.009134908092021941
1789030869108161800,13.553161865234374,-0.1589253643259406,0.8426876727044582,0.14565671743005512
1789030869118165800,13.563165771484375,0.009635258829593658,0.7517202845782041,0.1224354163184762
1789030869128169700,13.573169677734375,0.12705898446589708,0.8320020280390977,0.1650403400748968
1789030869138174700,13.5831748046875,-0.3361909797236323,0.7284615740656852,0.2809130368769169
1789030869148178700,13.5931787109375,-0.5786909915760159,0.4429454273074865,0.3092079879909754
1789030869158182700,13.6031826171875,-0.6663923636436462,0.1510714359551668,0.33509266309291125
1789030869168187600,13.613187744140625,-0.6441723485291003,-0.08809387851655483,0.5943304592564702
1789030869178191600,13.623191650390625,0.006590192045271396,-0.20378946518599986,0.327491248178482
1789030869188195600,13.633195556640626,0.15379560022205113,-0.2265536701798439,0.016307283939421175
1789030869198200600,13.64320068359375,0.06718903765380382,-0.27463527178168295,-0.06709113023728132
1789030869208204800,13.653204833984375,0.15590923137515783,-0.28414719649255277,-0.10386807849258184
1789030869218208800,13.663208740234374,0.4216448651254177,-0.2220136886626482,-0.12282587694078684
1789030869228213800,13.6732138671875,0.6023161973133683,-0.06288578750193119,-0.3660255614951253
1789030869238217500,13.683217529296876,0.395265684504807,0.1385059688925743,-0.5818178914248943
1789030869248221700,13.6932216796875,0.1140387593731284,0.22213819182515143,-0.7843339756742119
1789030869258226700,13.703226806640625,-0.36804742271155116,0.1272346332937479,-0.754324037335813
1789030869268230700,13.713230712890624,-0.6708543114885688,-0.21739245860278605,-0.632829993520677
1789030869278234600,13.723234619140625,-0.798966604399681,-0.6278717865914106,-0.36662352738827464
1789030869288239600,13.733239501953125,-0.5123498029232025,-1.0457131677806377,0.008279168045520782
1789030869298243800,13.743243896484374,-0.14416618661135433,-1.2139029117971658,0.1448477391347289
1789030869308247600,13.75324755859375,-0.2047524649992585,-0.9976964481085538,0.16717852114737033
1789030869318252500,13.76325244140625,-0.2546867087304592,-0.6321954950094223,0.0841126999258995
1789030869328256500,13.773256591796875,-0.42175826237201686,-0.30326047776341436,0.033088907392323015
1789030869338260700,13.7832607421875,-0.558190639860928,-0.17963526713848113,0.41358343148380516
1789030869348265700,13.793265625,-0.5464870503246784,-0.3223147223234176,0.8295517122775315
1789030869358269700,13.803269775390625,-0.527405040974915,-0.7085340538024902,1.163543720652163
1789030869368273700,13.813273681640625,-0.287261236859858,-1.190737140265107,1.3197674248039721
1789030869378278700,13.823278564453124,0.2733981312021613,-1.4634423207670448,1.0928373225271701
1789030869388283000,13.833282958984375,0.5436512423768639,-1.1504799486786126,0.7255275664404034
1789030869398286600,13.84328662109375,0.5423229163825511,-0.5618301654070615,0.5402963789910078
1789030869408291600,13.85329150390625,0.537418193206191,-0.2709732421427965,0.38531653742045163
1789030869418295600,13.863295654296875,0.7842132719039917,-0.257585352781415,0.16737696632891894
1789030869428300500,13.873300537109374,0.903776347656548,-0.1697632769435644,0.01603489673882723
1789030869438304800,13.8833046875,0.8754165146127343,-0.03390869934260845,-0.346902343352139
1789030869448308700,13.893308837890626,0.7653086649477482,-0.014522446349263191,-0.6586451105177402
1789030869458312700,13.903312744140624,0.637641777716577,-0.2662462136209011,-0.5626604787513614
1789030869468317700,13.913317626953125,0.5527177614077925,-0.7927958068102597,-0.4964516843065619
1789030869478321700,13.92332177734375,0.47382016578167674,-1.0394950239181517,-0.6861623552575707
1789030869488325600,13.93332568359375,0.46332741333991284,-0.9088859457552433,-1.032006713989377
1789030869498330600,13.94333056640625,0.4762880171999335,-0.5059247383117675,-1.0456205210611225
1789030869508334600,13.95333447265625,0.4422261731222272,-0.11547580643892287,-0.8814420585125684
1789030869518339600,13.963339599609375,0.41813305761218067,0.237680044350028,-0.8267676345169543
1789030869528343600,13.973343505859376,0.2577300219491124,0.3375152140647173,-0.6588830109268426
1789030869538347800,13.98334765625,0.30570962448120115,0.108769002276659,-0.2643295663446188
1789030869548352800,13.993352783203125,0.4613780328378081,-0.11179624114334583,-0.01259615446180105
1789030869558356700,14.003356689453126,0.47527241041660306,-0.13945289435386657,-0.16202654521167278
1789030869568360700,14.013360595703125,0.4084826012134552,-0.1939677438735962,-0.5159498732417822
1789030869578366000,14.023365966796876,0.43773821405321356,-0.3546381983011961,-0.47450201056599617
1789030869588370000,14.033369873046874,0.5637555805116892,-0.41216918077170844,-0.05623743552863598
1789030869598374000,14.043373779296875,0.5688347834721207,-0.30137130301594733,-0.10512859994769096
1789030869608379000,14.05337890625,0.4989610367789864,-0.2550742467433214,-0.2090089533999562
1789030869618382800,14.0633828125,0.35186931810975075,-0.20735621775686738,-0.0874395062610507
1789030869628387000,14.073386962890625,0.3238905933380127,-0.15849954012930392,-0.01670972726047039
1789030869638392000,14.08339208984375,0.2078375715330243,-0.05828384666442871,0.2242436396718025
1789030869648396000,14.09339599609375,0.12987608771324158,-0.021089549779891966,0.35792321132123467
1789030869658399700,14.103399658203125,0.012503215481340884,0.02687690100967884,0.2481397713050246
1789030869668404000,14.113404052734374,0.09568535655885935,0.14539222127497195,0.11629209125787018
1789030869678409000,14.123408935546875,0.24480975009948014,0.37548809410631656,0.06320201384425163
1789030869688413000,14.133412841796876,0.0673056497707963,0.5890373212844133,0.06201075823307037
1789030869698418000,14.14341796875,-0.11934738717526197,0.5504512777805328,0.1647223601669073
1789030869708422000,14.153421875,-0.05529226363301277,0.33094577254652974,0.1283458094060421
1789030869718426000,14.163426025390624,-0.06882891381531954,0.09372808501124381,0.15680179630070923
1789030869728430000,14.17343017578125,-0.22777736675590277,-0.21670213825106618,0.2734682738289237
1789030869738435000,14.18343505859375,-0.24382132358402012,-0.5431283875465392,0.2835959923505783
1789030869748438800,14.193438720703124,-0.14804390482753516,-0.6955050608813762,0.19064152206033466
1789030869758442800,14.20344287109375,0.1619660471960902,-0.5853285298943519,-0.14255670558810232
1789030869768448000,14.213447998046876,0.1447849030315876,-0.38596740254461764,-0.38502310743182894
1789030869778452000,14.223451904296875,0.16315671828538178,-0.21210721167623994,-0.3693620124414563
1789030869788456000,14.2334560546875,-0.008256956213712691,-0.06608078415095806,0.042862113387882705
1789030869798461000,14.2434609375,-0.10559241806715726,-0.20440905838906764,0.2821937243372202
1789030869808465000,14.25346484375,0.07297872697114945,-0.3177659729778766,0.28627777878046035
1789030869818468900,14.26346875,0.20292846444249152,-0.32743922573029993,0.11674509572237729
1789030869828473900,14.273473876953124,0.1549903629645705,-0.2884749965637922,0.05750818611681461
1789030869838477800,14.283477783203125,0.23009031987339257,-0.35018589506745335,0.19029957675486803
1789030869848481800,14.293481689453126,0.2316290737479925,-0.3310527400523424,0.3354273018747568
1789030869858486800,14.30348681640625,0.025789398033916947,-0.3387982396125793,0.37431495867371556
1789030869868491000,14.313490966796875,0.16516572002023458,-0.32646190513074397,0.46255789027214045
1789030869878495000,14.323494873046876,0.12500322097986935,-0.27640871119499205,0.7543158540293574
1789030869888500000,14.3335,0.37757980568856,-0.3331079190164804,0.7582680987864733
1789030869898504000,14.34350390625,0.744087013220787,-0.29112171168029305,0.4843000587418675
1789030869908508000,14.3535078125,0.7357496852472424,-0.12330606167316437,0.40573505607098337
1789030869918513000,14.363512939453125,0.5774143957689404,0.09761281749010085,0.37344285201430316
1789030869928516900,14.373516845703126,0.28108839344382286,0.3045750674933195,0.3460720300078392
1789030869938520800,14.383520751953125,0.08173866427093744,0.26359423780739305,0.33761370600312945
1789030869948525800,14.39352587890625,0.23495851043164728,0.10705459957420825,0.3580193651720881
1789030869958530000,14.403530029296874,0.4058861549794674,-0.10231997226774692,0.1872290832683444
1789030869968534000,14.413533935546875,0.5310127100780606,-0.3251999223709106,-0.029161504815518855
1789030869978539000,14.4235390625,0.27053338942080735,-0.5449094257444143,0.08032762842923402
1789030869988543000,14.43354296875,-0.06881430076807737,-0.7283516839504242,0.24395780944526194
1789030869998547000,14.443546875,-0.08963613952249289,-0.640803164356947,0.21669921564161776
1789030870008552000,14.453552001953126,0.08345657410472632,-0.38229309794604777,0.07218582302778959
1789030870018556000,14.463555908203125,0.37119945700168605,-0.17379238632917404,-0.09286270035356282
1789030870028560000,14.473559814453125,0.512967934821546,-0.009001052579283714,-0.22634528812617064
1789030870038564900,14.48356494140625,0.2723424846693873,0.044237201133370395,-0.2346764786198735
1789030870048569000,14.493569091796875,0.14459084176421164,-0.014638766205310821,-0.22952917885929344
1789030870058573000,14.503572998046875,0.3380620342925191,0.004910568395256996,-0.4189122252911329
1789030870068578000,14.513578125,0.32423341542631384,-0.06576221972107887,-0.5308101732432842
1789030870078581800,14.523581787109375,0.13521540291458367,-0.3636398354023695,-0.45164282076507806
1789030870088585700,14.533585693359376,0.18626929832547903,-0.490539537653327,-0.3837143629208207
1789030870098591000,14.543591064453125,0.03217909907102585,-0.35956805591881275,-0.2681365574121475
1789030870108595000,14.553594970703125,-0.3203089354589581,-0.10944120244979857,-0.13337298991829155
1789030870118599000,14.563598876953124,-0.41644437387287614,0.023458616998791693,-0.13139029166847466
1789030870128604000,14.57360400390625,-0.08806523694396018,-0.0059475102275609966,-0.33029315385669467
1789030870138607900,14.58360791015625,0.29557869108915324,0.2548246558964252,-0.6322188758850097
1789030870148612000,14.593612060546874,0.3943012233868241,0.8031482739984989,-0.9132046857371926
1789030870158617000,14.6036171875,-0.09015548722147941,1.1503174515932797,-0.6481821686923503
1789030870168620800,14.613620849609376,-0.053821314297616475,1.2102531571179627,-0.5479539080068468
1789030870178624800,14.623624755859375,0.20256869121938942,1.33290104714334,-0.4948778591185808
1789030870188629000,14.63362890625,0.005280863012373447,1.2148726336121558,-0.24595365943759678
1789030870198634000,14.643634033203124,-0.09434797047525643,0.9508569555222988,0.1689072446361184
1789030870208638000,14.653637939453125,-0.2396983984351158,0.6723842975348234,0.5827692008003592
1789030870218642000,14.663641845703125,-0.05759644892215728,0.4658867424339056,0.6839502321660518
1789030870228647000,14.67364697265625,0.3161196670755744,0.4714478836923837,0.4755968200653791
1789030870238651100,14.683651123046875,0.31167759297490116,0.45280864967405793,0.3748126790627837
1789030870248654800,14.69365478515625,0.010651450134813785,0.3998720092564821,0.42641164113581176
1789030870258659800,14.703659912109375,-0.2109375833749771,0.15582242987453937,0.43336628257930276
1789030870268663800,14.713663818359375,-0.06528875699043274,-0.25560440809726714,0.34314328307956454
1789030870278668000,14.72366796875,0.19475421807616947,-0.6426011536896229,0.14509791450351475
1789030870288673000,14.733673095703125,0.23683628700226544,-0.9112316320985555,0.13482523455321788
1789030870298677000,14.743677001953126,0.12112696406841278,-1.0274643943846224,0.14645868146270513
1789030870308681000,14.753680908203124,-0.06608399902135133,-1.016687564304471,0.27152619985044
1789030870318686000,14.76368603515625,-0.11210633000582455,-0.9158733204245567,0.27632454004287715
1789030870328690000,14.77368994140625,0.024546412235498426,-0.7644394808977842,0.1033621747970581
1789030870338694000,14.78369384765625,0.2142901086732745,-0.6085743809252977,-0.16119038664847612
1789030870348699000,14.793698974609375,0.13916940123736857,-0.4826122517853975,-0.2113236600831151
1789030870358702800,14.803702880859374,0.08730302039980888,-0.506718519037962,-0.15489830076694489
1789030870368706800,14.813706787109375,0.0031879823863506314,-0.5700993965804576,-0.08595745100975036
1789030870378712000,14.823712158203126,0.1640066131129861,-0.4636006773233413,-0.18377894281446933
1789030870388716000,14.833716064453125,0.394127912646532,-0.11192308239340781,-0.411871659129858
1789030870398720000,14.843719970703125,0.43091888942718504,0.32365620006024837,-0.4772302664861083
1789030870408725000,14.85372509765625,0.2361576570883393,0.5161053560644387,-0.25550416259318587
1789030870418728700,14.863728759765625,0.2810416316926479,0.457955949434638,-0.021443477784097192
1789030870428733000,14.87373291015625,0.14096768283098934,0.3475555465638637,0.259254455037415
1789030870438737000,14.88373681640625,-0.0699175858348608,0.11822890453934669,0.530916848488152
1789030870448742000,14.893741943359375,0.005760170961916446,-0.15268062471747398,0.4633610233485698
1789030870458745900,14.903745849609376,0.09557137479037046,-0.3671715166598558,0.16092852084189652
1789030870468750000,14.91375,0.045321196977794166,-0.45974926259219645,0.0514674446478486
1789030870478755000,14.923755126953125,-0.10546031612008809,-0.48130116918683047,0.3480190724223852
1789030870488759000,14.933759033203126,-0.2218327791377902,-0.45067806738615035,0.8027683347702026
1789030870498762800,14.9437626953125,-0.3175055684760213,-0.3465940080553293,0.8284288457274437
1789030870508767700,14.953767822265625,-0.37394758666604755,-0.2255821947991848,0.4340916742444038
1789030870518772000,14.96377197265625,-0.32969138857126234,-0.36912732690274713,0.2756415262147784
1789030870528776000,14.97377587890625,-0.001514203955233097,-0.709976069304347,0.2937386161804199
1789030870538781000,14.983781005859376,0.04956745624542236,-0.8681932853609323,0.3603270575925708
1789030870548785000,14.993784912109374,-0.16216858403086662,-0.9211071294248103,0.25272563779056073
1789030870558789000,15.0037890625,-0.22251754653155803,-1.2026666475117205,0.08696575126945973
1789030870568794400,15.01379443359375,0.15448065987676382,-1.691058651742339,-0.4747063009664416
1789030870578798000,15.023798095703125,0.43408641354739663,-1.6773779169142244,-0.9048051061823964
1789030870588802000,15.033802001953125,0.5607426624312997,-1.1589239518970251,-1.1951222234815357
1789030870598807000,15.04380712890625,0.8128487070187925,-0.6871510740339756,-1.2300436069980263
1789030870608811300,15.053811279296875,0.9212021142318845,-0.27993688532114025,-1.2079898883610962
1789030870618815200,15.063815185546876,0.7269573069825768,0.18364391825795173,-1.1105720089212059
1789030870628819200,15.073819091796874,0.5377060702368617,0.48114743992984293,-1.0164335895434022
1789030870638824200,15.08382421875,0.5087219678148627,0.6107219143480063,-0.7855500734657048
1789030870648828200,15.093828125,0.6290317702814936,0.5879769985765219,-0.6333087169483304
1789030870658832100,15.10383203125,0.6932827086567879,0.5783931776732206,-0.5465650839969516
1789030870668837000,15.113837158203125,0.3567930382475257,0.2299643554061651,-0.21929098570048808
1789030870678841000,15.123841064453124,0.21863515214025972,-0.38095571186244487,0.08380261106342077
1789030870688845000,15.133844970703125,0.2568801271215081,-0.8992886808484792,0.20002426743358373
1789030870698850000,15.14385009765625,0.4289563571825623,-0.7511252412945032,0.07590718163847923
1789030870708854300,15.153854248046875,0.4640498823955655,-0.12193418879806994,-0.23523966546058653
1789030870718858200,15.163858154296875,0.35964199793785806,0.4946884740263223,-0.22472645475268363
1789030870728863200,15.17386328125,0.13467179755717515,0.9071189360827207,0.062458794261515134
1789030870738867200,15.1838671875,-0.15642653324753045,0.6881511909872293,0.32309915069937706
1789030870748871200,15.19387109375,-0.10807137540131807,0.060141457229852674,0.1409726512670517
1789030870758875100,15.203875244140624,-0.044802726061642165,-0.27546587738692757,-0.18091127842366694
1789030870768880000,15.213880126953125,-0.04428454740643501,-0.3100245650708675,-0.3164426154196262
1789030870778884000,15.223884033203126,-0.028502164123952387,-0.160116327676177,-0.14070523250252007
1789030870788888300,15.233888427734374,-0.04687719424813985,-0.15075111795961857,0.20317045650482177
1789030870798893300,15.243893310546875,-0.0022743746727705,-0.3861906899064779,0.1843681408792734
1789030870808897300,15.253897216796876,-0.016641045938432214,-0.4775356791734695,0.08876461738497018
1789030870818901000,15.26390087890625,-0.07344868257045746,-0.620390490925312,0.06401479153186082
1789030870828906000,15.273906005859375,0.1257987552717328,-0.6236667361170053,0.0681926617383957
1789030870838910200,15.28391015625,0.0563821046963334,-0.4386795865565538,0.3149851100876927
1789030870848914200,15.2939140625,0.25662264522910117,-0.4427180482923984,0.4354726072087884
1789030870858919200,15.303919189453126,0.4063645861461758,-0.3319429668903351,0.4821045945242047
1789030870868923100,15.313923095703124,0.4027817592233419,-0.23499065913558004,0.4857555182471871
1789030870878927000,15.323927001953125,0.4253364131197333,-0.12729834617972374,0.24823271028548477
1789030870888932400,15.333932373046874,-0.04516892902553081,-0.0190185887247324,0.27525866437703367
1789030870898936300,15.343936279296875,0.1952943163022399,0.0605932926505804,0.09088672410547732
1789030870908940000,15.35393994140625,0.4422691354811191,0.17152911757230757,-0.04559036930799484
1789030870918944000,15.363944091796874,0.2469561144784093,0.14710545493364333,0.008687748846411705
1789030870928949000,15.373948974609375,-0.06758680479973554,-0.08649404210448265,0.2820014166355133
1789030870938953200,15.383953125,-0.2789326767146587,-0.28353754016160965,0.48046734871119257
1789030870948957200,15.393957275390624,-0.3066378452420235,-0.48084641115665433,0.3580804477095604
1789030870958962200,15.403962158203125,-0.20060937384516,-0.515211622095108,0.19023411030322313
1789030870968966100,15.413966064453126,-0.1505132175505161,-0.5008206931710243,0.19646394460350275
1789030870978970400,15.423970458984375,0.16248685619980097,-0.360574602612853,0.1310731885433197
1789030870988975400,15.433975341796875,0.1569055489361286,-0.19672084197401998,0.17662614845037458
1789030870998979000,15.44397900390625,0.21697569449543952,-0.10338906280398369,0.10476181246191263
1789030871008983000,15.453983154296875,0.18377631246596574,0.03293722396194935,0.019149521628022192
1789030871018987300,15.4639873046875,0.17392507279813288,0.13685761716365813,-0.05477934567481279
1789030871028992300,15.4739921875,0.18773790957331657,0.15323007529377936,-0.1184112753689289
1789030871038996200,15.483996337890625,0.2564353059634566,0.03282908741235733,-0.15258680895417928
1789030871049000200,15.494000244140626,0.3184133309707045,0.04514671719372272,0.015896072790026663
1789030871059005200,15.504005126953125,0.19958236888498065,-0.11340367633998394,-0.05165682974010705
1789030871069009200,15.514009033203125,0.09492255549281835,-0.3608995967835188,-0.2115864026725292
1789030871079013000,15.52401318359375,-0.04100654864907265,-0.46050212678611274,0.10083587118983268
1789030871089018000,15.53401806640625,-0.13488164091557264,-0.6103811380863189,0.29714608653634783
1789030871099022000,15.54402197265625,0.42132133225947616,-0.5445516983479262,0.11480799017995595
1789030871109026300,15.5540263671875,0.8756582144141196,-0.3200157977312803,0.043241760355234145
1789030871119030300,15.5640302734375,0.7642953962519764,-0.07899637982547282,0.20071692587286233
1789030871129035300,15.57403515625,0.5045511118710041,-0.09958324078023433,0.21519144142717123
1789030871139039200,15.584039306640625,0.5807362336680293,-0.24898528221845626,0.00940203459560871
1789030871149043200,15.594043212890625,0.3516214808285236,-0.3535480649769306,-0.10621493387967347
1789030871159048200,15.604048095703124,0.3651724517971277,-0.5136848509192466,-0.1343520640835166
1789030871169052200,15.61405224609375,0.4113058419406414,-0.6618091275066137,-0.14768705421388148
1789030871179056000,15.62405615234375,0.5158186480775475,-0.6224637900680303,-0.3785904440358281
1789030871189061000,15.63406103515625,0.5611129570484161,-0.32121640569269655,-0.6843313404381275
1789030871199065000,15.644065185546875,0.27305238650441166,0.002997428250312805,-0.8044459125936031
1789030871209069300,15.6540693359375,0.1497474938750267,0.16100480094850061,-0.7873945322886109
1789030871219074300,15.66407421875,0.40964375394731756,0.47969548755586144,-0.8374664309248327
1789030871229078000,15.674078125,0.41995208973288534,0.8133785761117934,-0.9031047320052981
1789030871239082000,15.68408203125,0.10208090281486511,0.7969137635231017,-0.844168851172924
1789030871249086200,15.694086181640625,0.1136342702254653,0.6339788712948561,-0.5272592027634382
1789030871259091200,15.70409130859375,0.16782938627153635,0.4630851290166378,-0.2927218403533101
1789030871269095200,15.71409521484375,0.24615911888182163,0.4907511345773935,-0.024520693272352217
1789030871279099100,15.72409912109375,0.25793694269806144,0.47034313732087607,0.05493892015069723
1789030871289104100,15.734104248046876,0.34691491057276724,0.5242775566041469,-0.15950491777956485
1789030871299108400,15.7441083984375,0.02479863343089819,0.5017278711438179,0.01530541342049837
1789030871309112000,15.754112060546875,-0.174299751329422,0.3334878582447767,0.3720534434825182
1789030871319116000,15.764115966796876,0.1253174014955759,0.363331207844615,0.4369257286265492
1789030871329121000,15.77412109375,0.05664134015440941,0.5151946709603071,0.3131649089232087
1789030871339125200,15.784125244140625,0.08770429467707871,0.5070879368722438,-0.014773790761828422
1789030871349129200,15.794129150390624,0.17227993593961,0.42441666792631144,-0.2297004437729716
1789030871359134200,15.80413427734375,-0.15449965683817862,0.243685422244668,0.028864275434613226
1789030871369138200,15.81413818359375,-0.48288259315937754,-0.002776478976011276,0.2725450215041637
1789030871379142400,15.824142333984375,-0.29929478900283574,-0.20587094763517377,0.23801029921770095
1789030871389147400,15.8341474609375,-0.00033610008656978605,-0.3517693648666143,-0.05995908640027046
1789030871399151000,15.844151123046874,0.2591974641531706,-0.3218208013266325,-0.3247238292917609
1789030871409155000,15.854155029296875,-0.009274901084601878,-0.27290099533498285,-0.32998248047232626
1789030871419159300,15.8641591796875,-0.25274492701292034,-0.3573860357046127,-0.08783435079753399
1789030871429164300,15.874164306640624,-0.2806406496763229,-0.5212818819195032,0.1974088242381811
1789030871439168300,15.884168212890625,-0.15625556059479712,-0.7728180176645517,0.23744857368171213
1789030871449172200,15.894172119140626,0.007837269496917725,-0.9510650453150272,0.10399842687398195
1789030871459177200,15.90417724609375,-0.037459962083399294,-1.0098539188921452,-0.1288739249333739
1789030871469181200,15.91418115234375,-0.1116387124940753,-0.9232727830260992,-0.22363924403786659
1789030871479185200,15.92418505859375,-0.10132248566299676,-0.7673276035547256,-0.21617080785334108
1789030871489189000,15.934189208984375,-0.017404723787307737,-0.6169833128303289,-0.08119125952124595
1789030871499194000,15.944194091796875,-0.11163374405801296,-0.4758633620470762,0.1496279591485858
1789030871509198000,15.954197998046874,-0.12163403680771588,-0.31756489744782446,0.15301234088987112
1789030871519202300,15.964202392578125,-0.12140431970506906,-0.023549217891693112,0.10417144535332917
1789030871529207300,15.974207275390626,-0.16190817952901124,0.14877251136302946,0.044972821931540966
1789030871539211300,15.984211181640624,-0.2763090502128005,0.199988319337368,0.27834786256402727
1789030871549215000,15.994215087890625,-0.45160365779846906,0.12017243982255459,0.5195540352135897
1789030871559220000,16.004219970703126,-0.42132776200026273,-0.09282909034490584,0.704910894869268
1789030871569223700,16.0142236328125,-0.15924772814810276,-0.40750703417956824,0.6797846369192004
1789030871579227600,16.0242275390625,0.01671411117464304,-0.5734773485809564,0.36804713045060633
1789030871589231600,16.034231689453126,0.0031263153269886967,-0.5634387696474791,0.018098259009420872
1789030871599236600,16.044236572265625,-0.0008189151674509048,-0.38394203419685363,-0.20245821658223867
1789030871609240800,16.05424072265625,-0.08494155196547508,-0.23754852692484854,-0.09662906714975833
1789030871619244800,16.064244873046874,-0.08767594536542891,-0.30421207939982414,0.08724427594989538
1789030871629249800,16.074249755859373,0.0026774025157094,-0.481911994561553,0.10789923370480536
1789030871639253500,16.08425341796875,0.20059066914469004,-0.592920884719491,-0.0393941450163722
1789030871649257700,16.0942578125,0.21714316001683473,-0.5813584572196007,-0.19624884054809807
1789030871659261700,16.10426171875,0.3282099178418517,-0.5802607251107692,-0.474248620326817
1789030871669266700,16.1142666015625,0.3025567134082317,-0.5963379996865987,-0.5566580234661698
1789030871679270700,16.124270751953127,0.21137626705318688,-0.5127437706768513,-0.508520015501976
1789030871689275000,16.13427490234375,0.3307064108327031,-0.39021395407319065,-0.4181649140551686
1789030871699280000,16.14427978515625,0.646319589690864,-0.3511830894112587,-0.5813137412950397
1789030871709283800,16.154283935546875,0.7231380409553647,-0.17281155859827993,-0.8064125364914536
1789030871719287600,16.16428759765625,0.4786944938197732,-0.03593172960281372,-0.8882540766149759
1789030871729291800,16.174291748046876,0.3804100606784224,-0.21875907078087328,-0.6362710738852619
1789030871739296800,16.184296875,0.692890786729753,-0.4564870459258556,-0.5478150840580464
1789030871749300700,16.19430078125,1.0585060138583182,-0.2332762564331293,-0.8592211666151881
1789030871759304700,16.2043046875,1.139279924750328,0.2685316942095756,-1.019149570503831
1789030871769309700,16.214309814453124,0.7874909784004092,0.22484745078384874,-0.9998235232651234
1789030871779314000,16.22431396484375,0.2734729500040412,-0.3914204072535038,-0.7997229757249354
1789030871789317600,16.234317626953125,0.13584522525072096,-1.0017775799423456,-0.29824177281856534
1789030871799321600,16.244321533203124,0.2783177596867084,-1.1771306397169827,0.10762129354625939
1789030871809326600,16.25432666015625,0.4356339352503419,-0.9931927069485187,0.1635761127412319
1789030871819330800,16.264330810546873,0.5442670361876487,-0.31061902383267875,-0.06166968971043825
1789030871829334800,16.274334716796876,0.3142550422474742,0.43378129312098024,0.017855097903311253
1789030871839339800,16.28433984375,0.2149038566574454,0.7641203319460154,0.39918081212192774
1789030871849343700,16.29434375,-0.04790478373020887,0.6144827281862497,0.6672177085518837
1789030871859347700,16.30434765625,0.0334425431355834,0.31411037307977674,0.41940819211453195
1789030871869351700,16.3143515625,0.06430179177969694,0.2695744812607765,-0.025603227812051772
1789030871879356700,16.324356689453126,0.005957154838740825,0.24459844543635845,-0.1286199501723051
1789030871889360600,16.334360595703124,-0.23549773187488315,0.02392155833542347,0.25572394282370803
1789030871899364600,16.344364501953127,-0.28833266548365355,-0.28171032473444935,0.49196372523754833
1789030871909369600,16.35436962890625,-0.2283770862147212,-0.4548661667257547,0.46870150759369134
1789030871919373800,16.364373779296876,-0.0032756606698036194,-0.4396276810616255,0.27022505412399767
1789030871929377800,16.374377685546875,0.05365910947322845,-0.2595201202362776,0.051664720785617825
1789030871939381500,16.384381591796874,-0.04332739281207323,-0.21391572240293025,0.01996492966413498
1789030871949386500,16.394386474609377,-0.02219166580289602,-0.25279285780787464,0.07443067934513091
1789030871959390700,16.404390625,0.013830080170929432,-0.3713122697263956,0.10367986244410275
1789030871969394700,16.414394775390626,0.06617138504385948,-0.3991922102987766,0.08392068448513745
1789030871979399700,16.424399658203125,0.023000644098222254,-0.35717210069298744,-0.05676087488085031
1789030871989403600,16.434403564453124,-0.015285247415304183,-0.26224282319843767,-0.1999944568172097
1789030871999407900,16.444407958984375,-0.017326397854089737,-0.11976385902166366,-0.17373334961831569
1789030872009411800,16.454411865234373,-0.14297756134867667,-0.07370587220191956,0.12613134822696448
1789030872019416800,16.464416748046876,-0.2439946343243122,-0.23085692033171654,0.4400900378763675
1789030872029420500,16.474420654296875,-0.11976122867316007,-0.4680506424695253,0.4932309686943888
1789030872039424800,16.4844248046875,-0.04495557853579521,-0.5676251154214144,0.427606696139276
1789030872049429800,16.4944296875,0.26883155393898484,-0.4388625419080257,0.300672507096827
1789030872059433700,16.504433837890623,0.5513453040108084,-0.1011053357809782,0.10357377172112464
1789030872069437700,16.514437744140626,0.7890399614080786,0.3893324950635433,-0.029706863738596438
1789030872079441700,16.524441650390624,0.6818187730953097,0.7363871063679456,0.3321390739843249
1789030872089446700,16.53444677734375,0.35141777494996784,0.6350467927873135,0.7823787499532103
1789030872099451000,16.544450927734374,0.19479747269600628,0.14105799146294593,0.8779808121427893
1789030872109454600,16.55445458984375,0.4245253889977932,-0.2735673502892256,0.6220628080517053
1789030872119459600,16.56445947265625,0.6840411253198981,-0.36771804462671276,0.12710340812951326
1789030872129463600,16.574463623046874,0.43512744703292844,-0.2892944962531328,0.07859159841686486
1789030872139467800,16.5844677734375,-0.05429886868149042,-0.24906711528301237,0.42466888912171125
1789030872149471700,16.5944716796875,-0.3375882793009281,-0.32913726181983943,0.5742445335611701
1789030872159476700,16.604476806640626,-0.04444704449176788,-0.4879214641094207,0.5617515472128987
1789030872169480700,16.614480712890625,0.2840679937765002,-0.4698182366639375,0.623008856730163
1789030872179484700,16.624484619140624,0.5955144083440304,-0.2709557064861059,0.5884779338359832
1789030872189488600,16.634488525390626,0.9822510416954755,-0.0433960741341114,0.4677753326594829
1789030872199493600,16.64449365234375,0.948432066462934,-0.15651567283570766,0.5239557773038744
1789030872209497600,16.65449755859375,0.8629016086935997,-0.5208481666773558,0.5284072037547827
1789030872219501800,16.664501708984375,0.9149743257582187,-0.6848784529268741,0.324208865506947
1789030872229506800,16.6745068359375,1.1055749312862753,-0.5541945559620857,-0.1297366792425513
1789030872239510800,16.6845107421875,1.0335168262913823,-0.32666648779213425,-0.5796525300845503
1789030872249514800,16.6945146484375,0.4470388341009617,-0.3966448639035225,-0.8159715152144431
1789030872259518700,16.704518798828126,0.12394202148914336,-0.6955489000231028,-0.6664125296488403
1789030872269523700,16.714523681640625,0.14394289924949408,-0.80060969543159,-0.3194596251532435
1789030872279527700,16.724527587890623,0.29610446852892636,-0.602730915594101,-0.357976695074141
1789030872289531600,16.73453173828125,0.281934781140089,-0.28009821336269375,-0.5887865613937378
1789030872299536000,16.744535888671876,0.20509557934850453,-0.06776771432459354,-0.6177472829401492
1789030872309540900,16.754540771484375,0.30711715319156646,0.1283054773956537,-0.6623243835523724
1789030872319544800,16.764544921875,0.34033903931379317,0.40099429128468034,-0.8034577783390879
1789030872329548500,16.774548583984377,0.3104363607421517,0.7122521975427866,-1.00897742831856
1789030872339553500,16.784553466796876,0.36015140876471996,1.0077624995708465,-0.8598770001754165
1789030872349557800,16.794557861328126,-0.01935439655035734,1.0367524472117424,-0.646541708008945
1789030872359561700,16.804561767578125,0.1575368325769901,1.1332891599029302,-0.5830225910395384
1789030872369565700,16.814565673828124,0.311364581502974,1.3750702098309993,-0.33774873055964705
1789030872379570700,16.82457080078125,0.11502952397614717,1.4867127217173575,0.020728022991120813
1789030872389574700,16.83457470703125,0.2797711733654141,1.6138509088993072,0.10255933398157357
1789030872399579000,16.844578857421876,0.1639575132742524,1.7927058393150568,0.2756985170990228
1789030872409582600,16.85458251953125,-0.11305120964050293,1.6575988652110099,0.5166171049788594
1789030872419587600,16.864587646484374,-0.2422407763943076,1.2374059524595737,0.7444751357555389
1789030872429591600,16.874591552734376,-0.4893243166446686,0.780782712933421,1.07613665535599
1789030872439595800,16.884595703125,-0.22112229278087614,0.3622539340019226,1.074017763505876
1789030872449600800,16.894600830078126,-0.09026303924918175,0.019274609312415123,0.9949348744407296
1789030872459604700,16.904604736328125,-0.051451370295882225,-0.22041911294758318,1.004206852915883
1789030872469608700,16.914608642578123,0.2005710876613855,-0.34033436313867566,0.7139929037302732
1789030872479613000,16.924613037109374,-0.004772036707401275,-0.30356968984305854,0.39705256792157884
1789030872489618000,16.934617919921877,-0.49903264071047304,-0.34437867009341716,0.2787240024000406
1789030872499621600,16.94462158203125,-0.5679039323627948,-0.4935340432941913,0.33733138193041085
1789030872509625600,16.95462548828125,-0.36013913380503654,-0.7576391532331704,0.5008981423214077
1789030872519629800,16.9646298828125,-0.26981618106216193,-0.9626409168183803,0.5770391327157617
1789030872529634800,16.974634765625,-0.1717459751933813,-1.1156927129358052,0.4646671375110745
1789030872539638800,16.984638671875,-0.04921820441633463,-1.1336761133939026,0.3061453855499625
1789030872549642800,16.994642822265625,0.012507599395513535,-1.1045914732068776,0.2915782232761383
1789030872559647700,17.004647705078124,0.04119856408983469,-1.1302303568542003,0.3631546822339296
1789030872569651700,17.014651611328127,0.15657032563239334,-1.2384072384566067,0.539020367705822
1789030872579656200,17.02465625,0.33226708427816626,-1.223634032216668,0.5390475479736924
1789030872589660000,17.034659912109376,0.33179712867885824,-0.8434253393292427,0.20262275949418543
1789030872599665200,17.0446650390625,0.06656009210050105,-0.13392156371176242,-0.17050883461385966
1789030872609668900,17.0546689453125,0.03835866448879242,0.5173433734267949,-0.43111967269629237
1789030872619673000,17.064673095703125,-0.01757803452759981,0.765463563248515,-0.3401867713615298
1789030872629677000,17.074677001953123,0.08525748604685067,0.6505991667062043,0.037626843082904815
1789030872639682000,17.08468212890625,0.10592267293483018,0.4750228195697069,0.2589209852993488
1789030872649686000,17.09468603515625,-0.12212737328261136,0.3838239607751369,0.19336539406627415
1789030872659690200,17.104690185546875,-0.25844050830602644,0.1934007576406002,0.2670624984398484
1789030872669695200,17.1146953125,-0.1475122821688652,-0.22189503071904182,0.3512339428156614
1789030872679699000,17.124698974609377,-0.14452595983445643,-0.6103863987833261,0.5191550990238786
1789030872689703000,17.134702880859376,-0.07923895640969277,-0.7590402522027492,0.7121779632627964
1789030872699707100,17.14470703125,-0.04323123896121978,-0.7413052735477685,0.8183250926032662
1789030872709712100,17.154712158203125,0.1667535737335682,-0.5862076508164406,0.48112347453236576
1789030872719716000,17.164716064453124,0.14412906947135926,-0.4294371264368295,0.27785627965480086
1789030872729720000,17.174719970703126,0.1897378512188792,-0.4534294119209051,0.09133534465581178
1789030872739724000,17.18472412109375,0.36154432442784307,-0.5119038127213716,0.029255612839758395
1789030872749729300,17.194729248046876,0.5035659002259374,-0.5130541518002748,-0.08403554303646087
1789030872759733000,17.20473291015625,0.7529074485361575,-0.5872141975104809,-0.611807663758099
1789030872769737000,17.214737060546874,0.7709139376088976,-0.6773667621225118,-1.1206284157723188
1789030872779741000,17.224740966796876,0.7403036952897906,-0.7560153514236211,-1.1764639925017952
1789030872789746000,17.234745849609375,0.9424225969150661,-0.8376584463655948,-1.1289733425304294
1789030872799750100,17.244750244140626,1.104441543342173,-0.6802221515536307,-1.1409256461307407
1789030872809754000,17.254754150390625,0.9918433381661772,-0.3785708625525236,-1.1013453308925032
1789030872819757800,17.2647578125,0.7832198769524693,-0.1880155574709177,-1.0497586437791586
1789030872829762800,17.2747626953125,0.5794049850642681,-0.10024082790613174,-0.9173857708141208
1789030872839767000,17.28476708984375,0.5063955706939101,-0.16207622957229614,-0.6812725373893975
1789030872849771000,17.29477099609375,0.6923875133827329,-0.24736732562780378,-0.6662114541187882
1789030872859776000,17.30477587890625,0.58094929189682,-0.16469254955053328,-0.3423638231396675
1789030872869780000,17.314780029296877,0.4328337831377983,-0.25635318063795565,-0.10567220530509948
1789030872879784200,17.3247841796875,0.2593167066186666,-0.41565994549691676,0.09281272373199462
1789030872889788200,17.3347880859375,0.18635785339176653,-0.46767888654768464,0.33835078810602426
1789030872899793200,17.344793212890625,0.2609504453003406,-0.14881635050475597,0.48648617060929533
1789030872909796900,17.354796875,0.19230419457554815,0.31103461889624595,0.3755538528189063
1789030872919801000,17.364801025390626,0.1229147242680192,0.4561743267148733,0.1995765236660838
1789030872929805000,17.37480517578125,-0.10402502261996269,0.37923955559432504,0.18046967213600873
1789030872939810000,17.38481005859375,-0.2247755545914173,0.1902069300353527,0.16644874556809663
1789030872949814000,17.39481396484375,-0.1900806733071804,-0.06364917308986187,0.24894290438145397
1789030872959818200,17.404818359375,-0.11554507228285074,-0.31736557548344135,0.28318098180890083
1789030872969822000,17.414822021484376,0.04076806371808052,-0.29817104566991326,0.18818653012365102
1789030872979827200,17.4248271484375,0.1130564703375101,-0.06996200949847697,0.03604483458846807
1789030872989831000,17.434830810546874,0.24441812043339012,0.24051088386178016,-0.3265516292408108
1789030872999835100,17.444835205078125,0.065418813110888,0.48266661232113833,-0.23863252276927233
1789030873009839000,17.454839111328123,0.12757190242409705,0.23797931955754756,-0.0713163467168808
1789030873019844000,17.464843994140626,0.17754384781718252,-0.2128244200348854,0.0935436683550477
1789030873029848000,17.47484814453125,0.1921621557563543,-0.6869049903184176,0.0717342798680067
1789030873039852000,17.48485205078125,0.29696517701148983,-0.841906751459837,-0.14179390452206134
1789030873049856000,17.49485595703125,0.25465280646085736,-0.6857330239295959,-0.13943798904567956
1789030873059861000,17.504861083984373,0.3251180893063545,-0.477432218798995,-0.032308278408646585
1789030873069865000,17.514864990234376,0.1570730144575238,-0.2284709019780159,0.19561668012440203
1789030873079869000,17.524868896484374,-0.10363806912899017,-0.1559381652086973,0.49401627385318275
1789030873089873200,17.534873046875,0.13113047168850897,-0.23238836768269538,0.5059963422432542
1789030873099878100,17.544878173828124,0.2043500216782093,-0.2882271592825651,0.5552531251043081
1789030873109882000,17.554882080078126,0.06458820750564337,-0.3435404657036066,0.6362807184964419
1789030873119886000,17.564885986328125,-0.1866802172139287,-0.43915188024342056,0.8999690643280744
1789030873129890000,17.57489013671875,-0.3099704967960715,-0.6586445259958505,1.116003094059229
1789030873139895000,17.58489501953125,-0.43103579380512236,-0.845325035470724,0.9268918503060937
1789030873149899000,17.59489892578125,-0.30823855843693015,-0.6856985371381044,0.6496221383675933
1789030873159903000,17.604903076171876,-0.23195319113582372,-0.287363820451498,0.5165989848002791
1789030873169907200,17.6149072265625,-0.33187399330735207,0.1284200436860323,0.5722998292341828
1789030873179912200,17.624912109375,-0.34281302821189163,0.33653146372437476,0.6990548623174428
1789030873189916200,17.634916259765625,-0.19540566772222517,0.4028396268904209,0.636668256509304
1789030873199919900,17.644919921875,0.2746718043997884,0.5392705430746079,0.19037147294729947
1789030873209924900,17.6549248046875,0.5052426012665033,0.8106850992441177,-0.02563508425503969
1789030873219929000,17.66492919921875,0.365518781016767,0.9231009335905312,0.014213526530563831
1789030873229933000,17.67493310546875,0.13698942684978246,1.0630746369481086,0.26435762339532376
1789030873239937000,17.68493701171875,-0.3703694359183311,0.9553729716420173,0.5751461585760116
1789030873249942000,17.69494189453125,-0.5176771354258061,0.7041285123199224,0.7041901793792843
1789030873259946000,17.704946044921876,-0.18061346452087162,0.41081133642196654,0.6182005796656013
1789030873269950200,17.7149501953125,0.2917816368937492,0.16956512402296064,0.19341449390500784
1789030873279954000,17.724953857421873,0.4288517277643084,0.02975216418504715,-0.02898819407522678
1789030873289959000,17.734958984375,-0.10522942997366189,-0.151947634267807,0.005162789590656757
1789030873299963000,17.744962890625,-0.06186316645592451,-0.5006605341732502,-0.062031801021099085
1789030873309967000,17.754967041015625,0.6652221508204936,-0.6810708773374557,-0.24876433294415473
1789030873319971000,17.76497119140625,1.041665645955503,-0.5152133756607771,-0.6012938685283065
1789030873329976000,17.77497607421875,0.778315446037054,-0.19749767156541345,-0.8828887501895427
1789030873339980000,17.78497998046875,-0.003264262492954731,-0.12447335188686846,-0.8059232916697859
1789030873349984000,17.79498388671875,-0.6355059347316623,-0.49316813259124753,-0.41065351551175117
1789030873359988000,17.804988037109375,-0.24248539880514144,-1.0209370384424925,-0.032385727559030054
1789030873369993000,17.814992919921874,0.5424944735571742,-0.962378466489911,-0.13368629365116358
1789030873379997000,17.824996826171876,0.7030535765647887,-0.40094752953350543,-0.39484453648328777
1789030873390001200,17.835001220703123,0.3458911204829812,-0.06845452754497527,-0.49384325537383555
1789030873400005000,17.845005126953126,0.03791355106979608,0.11823124262690543,-0.3589505085423589
1789030873410010000,17.855010009765625,0.12784575092941522,0.3392430607706308,-0.19581658661067486
1789030873420014000,17.86501416015625,0.3405266708403826,0.6705179191410541,-0.18688772248476743
1789030873430018000,17.87501806640625,0.3116419371396303,1.0097434442549944,-0.14953238981962202
1789030873440022000,17.88502197265625,0.3985241017788648,1.1958014379173516,-0.12398702967464924
1789030873450027000,17.895027099609376,0.16278554688543082,1.3028010924339293,0.08628332196325063
1789030873460031000,17.905031005859374,-0.3426742042630911,1.068976554468274,0.44019086790233847
1789030873470035200,17.91503515625,0.06579992138296366,0.7880886520326137,0.486369266231358
1789030873480039200,17.9250390625,0.4553776233792305,0.7179507014453411,0.4614554819881916
1789030873490044200,17.935044189453127,0.324628552223742,0.5869833113640547,0.43034927284568547
1789030873500048100,17.945048095703125,0.6549594077423214,0.5834849478542804,0.0868751503765583
1789030873510051800,17.9550517578125,0.4847887190416455,0.7797866876333952,0.0190861010029912
1789030873520056000,17.96505615234375,0.3703475163474679,0.7520102074354886,-0.035787060435116286
1789030873530061000,17.97506103515625,0.20264935524016617,0.6076496672958135,-0.037975510390102864
1789030873540065000,17.98506494140625,-0.38864305149465794,0.18617255995273588,0.26960107700675723
1789030873550069000,17.995069091796875,-0.26687632821798324,-0.46330490924715995,0.3658347150981426
1789030873560073200,18.0050732421875,0.12085223878026008,-0.8027642431169748,0.40296968301087616
1789030873570078200,18.015078125,0.34174802932888265,-0.7814514059752226,0.3441191423743963
1789030873580082200,18.025082275390623,0.332284327673912,-0.5017471603661775,0.09856617269217967
1789030873590086000,18.0350859375,-0.16379910784214735,-0.24392682978510855,0.014013035522401332
1789030873600090000,18.045090087890625,-0.32717999027222394,-0.1816933687120676,-0.004509586378931999
1789030873610094000,18.055093994140623,-0.01600654742717743,-0.2620803261131048,-0.0624146628588438
1789030873620099000,18.06509912109375,0.2855260836303234,-0.47154783693552016,-0.09165800073891878
1789030873630103000,18.07510302734375,0.35475218006968495,-0.566909660628438,-0.16067600738555193
1789030873640107300,18.085107177734375,-0.06828881558924912,-0.4776806406021118,0.04465250393599272
1789030873650111200,18.095111328125,-0.23795564642101524,-0.46955520181357857,0.3717626438423991
1789030873660116200,18.1051162109375,0.15811375568211078,-0.4836269817858934,0.512721851105988
1789030873670120000,18.115119873046876,0.22072598693966863,-0.46675943361520766,0.5219932450592517
1789030873680124200,18.125124267578126,-0.08574205469340085,-0.3914636618733406,0.6013567046314477
1789030873690128100,18.135128173828125,-0.3908826471149921,-0.402969975271821,0.8449848437309264
1789030873700133000,18.145133056640624,-0.434039067274332,-0.6667600279122591,1.1713353974416851
1789030873710137000,18.15513720703125,-0.03541501225233078,-0.9907973362445831,1.1892518701434134
1789030873720141000,18.16514111328125,0.36010961544960735,-0.8833417546540498,1.0168389554738997
1789030873730145000,18.17514501953125,0.21400135485976934,-0.3911369141370058,0.9883587109208106
1789030873740150000,18.18514990234375,0.10916530811786651,0.007713350856304168,0.7567816596210002
1789030873750154000,18.195154052734374,-0.048587505297362804,0.21518413490355012,0.49989831762909887
1789030873760158000,18.205157958984376,-0.14423779054284094,0.04226093262434005,0.27514234452098607
1789030873770162200,18.215162109375,0.012502338698506355,-0.3986480204194784,0.13385668178200721
1789030873780167200,18.225167236328126,0.27864246159642936,-0.7356874336659908,-0.10543313585221767
1789030873790171100,18.235171142578125,0.1605947588428855,-0.7292571083575486,-0.2694014627814293
1789030873800175000,18.245175048828123,0.13602175086140633,-0.7167401566118001,-0.5659329245507717
1789030873810179000,18.255178955078126,0.23149638727903366,-0.7270254037827253,-0.831016816394031
1789030873820184000,18.26518408203125,0.26177695925235744,-0.585291120493412,-0.9079960111781954
1789030873830188000,18.27518798828125,0.3584706160709262,-0.41630818027257915,-0.8919491317406296
1789030873840192000,18.28519189453125,0.4397407860472798,-0.2588163558810949,-0.9759308987632394
1789030873850196200,18.2951962890625,0.3688908877983689,-0.031121114450693127,-0.9216545341745018
1789030873860201200,18.305201171875,0.4170753652527928,0.12357844887375831,-0.7974293118298054
1789030873870205200,18.315205078125,0.5780339889720082,0.2077700592547655,-0.6448015863433479
1789030873880209200,18.325209228515625,0.5753071943566203,0.3222551010906696,-0.5590870041787624
1789030873890213000,18.335213134765624,0.41270372603982686,0.3636246378332376,-0.4174012362062931
1789030873900217000,18.345217041015626,0.3101379623174667,0.14292144724726677,-0.2021478354588151
1789030873910222000,18.35522216796875,0.38958822339028115,-0.10984744516313075,0.1200368307441473
1789030873920226000,18.36522607421875,0.42206805897355076,-0.2091115369915962,0.17290829697102308
1789030873930230000,18.37522998046875,0.49738019732832905,-0.2717266908586025,-0.2097135945379734
1789030873940234200,18.385234130859374,0.5808563529163598,-0.48293841499984264,-0.6291311390027403
1789030873950239200,18.3952392578125,0.47338352793008087,-0.7204723288774489,-0.5221954896330833
1789030873960243000,18.405242919921875,0.20206337204575536,-0.897168619954586,-0.18766952051222324
1789030873970247000,18.415246826171874,0.10147855300754308,-1.1355635345757007,-0.0896612739637494
1789030873980251100,18.425251220703124,0.13320669344067573,-1.0885989543050527,-0.18999796345978975
1789030873990256000,18.435256103515623,0.2511512280806899,-0.5873620815485715,-0.40947015094608064
1789030874000260000,18.445260009765626,0.08312894958555699,-0.050122752040624614,-0.41471681942790745
1789030874010264000,18.45526416015625,-0.06595511194467545,0.3069213383585214,-0.23217238684445618
1789030874020268300,18.465268310546875,0.01823766748011112,0.5120394217997789,-0.0983408395037055
1789030874030273300,18.475273193359374,0.08666822962760924,0.595621375849843,-0.19797493368834257
1789030874040277000,18.485277099609377,0.1655290003746748,0.5861076975733042,-0.16424626708775758
1789030874050281000,18.495281005859376,0.2508580903530121,0.40880116564333435,0.016939152102172374
1789030874060285200,18.50528515625,0.10897475398182868,0.2820487629085779,0.2635436766639352
1789030874070289200,18.5152890625,-0.34314591342806816,0.047485973796248436,0.7446449393644928
1789030874080294100,18.525294189453124,-0.2756897492706776,-0.37714813627302646,0.8906526621893047
1789030874090298000,18.535298095703126,-0.0018257541224360465,-0.5284656559437513,0.7147139114812016
1789030874100302000,18.545302001953125,0.17234072621613739,-0.3285299435764551,0.47803632217198605
1789030874110306000,18.55530615234375,0.04811988778561353,-0.1158195053100586,0.41170390134751794
1789030874120311000,18.56531103515625,0.010175649316608906,-0.005823007065057754,0.546704200206697
1789030874130315000,18.57531494140625,0.0632794629946351,-0.040539515659213064,0.36975539567321536
1789030874140319200,18.5853193359375,0.06255319454669953,-0.04412438840866088,0.060495677495002745
1789030874150323200,18.5953232421875,0.06357260072231292,-0.06218436123430728,0.0021717910811305044
1789030874160328200,18.605328125,0.027106618112325665,-0.19359072725474832,0.19143091887235641
1789030874170332200,18.615332275390625,-0.25829554687738415,-0.42861762674748893,0.39349692126661534
1789030874180335900,18.6253359375,-0.3314274185836315,-0.6873141556411981,0.34864684893190856
1789030874190340000,18.635340087890626,-0.4333484546616673,-0.8970639905363321,0.6905649741306901
1789030874200344000,18.645343994140624,-0.18054390641599893,-1.2206161457002163,0.8543906777188182
1789030874210349000,18.65534912109375,0.5761410148322582,-1.1723813993632792,0.43871231978237624
1789030874220353000,18.66535302734375,0.7976569831058382,-0.6358090093314648,0.15632131930738685
1789030874230357200,18.675357177734377,0.6382300989985465,0.030023382341861724,-0.17495383132398126
1789030874240361000,18.68536083984375,0.06952303355932235,0.4174351384758949,-0.06644084963500499
1789030874250366000,18.695365966796874,-0.11910890224426984,0.41618192354440686,0.149873750603199
1789030874260370000,18.705369873046877,0.12316226928830146,0.30498131020665165,0.24806115311086177
1789030874270374100,18.7153740234375,0.4319333271667361,0.23641981515586374,0.11257540882229804
1789030874280378000,18.725378173828126,0.4403752845585346,0.1831213556885719,-0.06957242565900087
1789030874290383000,18.735383056640625,0.23935703765153885,0.12502338698506354,0.1440086579620838
1789030874300387000,18.745386962890624,-0.04145020076334476,-0.09580489128530024,0.4665644955649972
1789030874310391300,18.755391357421875,-0.051397302021086215,-0.22913959501981734,0.49370443142503495
1789030874320395000,18.76539501953125,0.18050123631805182,-0.15529226852059363,0.37090953414440153
1789030874330399000,18.77539892578125,0.18729688780754802,-0.10025310286581515,0.3172153533577919
1789030874340404000,18.785404052734375,0.027159809604287145,-0.1198971300125122,0.264526842482388
1789030874350408200,18.795408203125,0.08951397444754838,-0.26406828505992885,0.10104337646067142
1789030874360412200,18.805412109375,0.15426584808230398,-0.4570844272971153,-0.04326017279475927
1789030874370416000,18.815416015625,0.33498423428237434,-0.6324281347215175,-0.21111790837794542
1789030874380421000,18.825421142578126,0.78042118614465,-0.5511415981322526,-0.4582224914163351
1789030874390425000,18.835425048828125,1.0413923819720745,-0.30912498588263987,-0.7408610369116068
1789030874400429000,18.845428955078123,0.953394949567318,-0.20300094515681266,-0.8564619310349225
1789030874410433000,18.85543310546875,0.5301794741243123,-0.2341173834323883,-0.6727846950292586
1789030874420438000,18.86543798828125,0.24903233623057602,-0.18677929367423057,-0.45457069091051816
1789030874430442000,18.87544189453125,0.32034108416289087,0.26927754414081573,-0.6218032803326845
1789030874440446200,18.8854462890625,0.2956991025984287,0.7734411179989575,-0.7803715017840266
1789030874450450200,18.8954501953125,-0.02466828504949808,0.7758926028043032,-0.8013672358006239
1789030874460454000,18.905453857421875,-0.33877135160565375,0.41998599200248715,-0.5612009275928139
1789030874470459000,18.915458984375,-0.15419219832420347,0.12423428243398665,-0.3818649356618523
1789030874480463000,18.925463134765625,0.2162161082997918,0.15585808570981025,-0.21650749246180057
1789030874490467000,18.935467041015624,0.31628947068452834,0.5698498057335615,-0.20132336733341216
1789030874500471000,18.945470947265626,0.4990963535964489,1.0839438219755888,-0.42698593389242884
1789030874510475300,18.955475341796873,0.32875176963359115,1.2649866178244351,-0.5785533366709947
1789030874520480300,18.965480224609376,-0.0016585808619856833,1.0900216805845497,-0.4138847525179386
1789030874530484200,18.975484130859375,0.036872517584264276,0.8738637322127819,-0.2784191742345691
1789030874540488000,18.985488037109373,0.015891688875854015,0.8621995979040861,0.03686754914820194
1789030874550492200,18.9954921875,-0.29280718054920435,0.7464180865168571,0.4536912777274847
1789030874560497200,19.0054970703125,-0.3539928861349821,0.5318634816884994,0.5537710698530077
1789030874570501000,19.015501220703126,-0.39388095214813945,0.22377076146304606,0.57471098202914
1789030874580504600,19.025504638671876,-0.38735418072789907,-0.30501755056381225,0.6010562603801488
1789030874590508500,19.035508544921875,-0.04119359565377235,-0.7014239295363426,0.4771475566387176
1789030874600513500,19.045513427734374,0.10063917957395314,-0.7141191604584455,0.43741877284049985
1789030874610517500,19.055517578125,-0.08666676832288503,-0.5627291600733995,0.23533552705049512
1789030874620521500,19.065521484375,-0.20087328547835348,-0.4315384826302528,0.0025771570116281508
1789030874630525700,19.075525634765626,-0.01464227333664894,-0.3535352054953575,-0.1803007453098893
1789030874640529700,19.08552978515625,0.2627399590656161,-0.26758067709505556,-0.520657320280373
1789030874650534700,19.09553466796875,0.06825374427586793,-0.14201660736203192,-0.4859519176021218
1789030874660538400,19.105538330078126,-0.11891601002067327,-0.18585341100096703,-0.14939327360987661
1789030874670542600,19.11554248046875,0.15180150379538535,-0.3198381030768156,0.08484627489745616
1789030874680546600,19.125546630859375,0.24132979902923105,-0.47698038337826726,0.2458896542906761
1789030874690551600,19.135551513671874,0.0852455033481121,-0.7295330026894807,0.14784779773354528
1789030874700555500,19.145555419921877,-0.2144818318530917,-0.9129448657572269,0.22650544712394474
1789030874710559500,19.1555595703125,-0.48998102698773144,-1.159565756931901,0.7229463177755474
1789030874720563700,19.165563720703126,0.09301847543716431,-1.5012877750366926,0.7424670108035206
1789030874730567400,19.1755673828125,0.5681108531117439,-1.4478753338009118,0.326629662913084
1789030874740572400,19.185572509765624,0.3855985692322254,-0.9093693453580141,0.030532793168723583
1789030874750576400,19.195576416015626,0.271501942192018,-0.2153898866087198,-0.43123219316005706
1789030874760580600,19.20558056640625,-0.06820639800280333,0.21458558448851106,-0.6137272336438298
1789030874770584600,19.21558447265625,-0.31609774750471115,0.158648593211174,-0.6366618267685175
1789030874780588500,19.225588623046875,-0.1796539718389511,-0.16508184112906454,-0.5481210812672972
1789030874790593500,19.235593505859374,-0.06332505570203066,-0.4771534018576145,-0.25556407608687876
1789030874800597500,19.245597412109376,-0.12097615742087363,-0.8490110305070877,-0.034547581768035886
1789030874810601500,19.2556015625,-0.216212016646564,-1.2350363007187843,-0.04138941048681736
1789030874820605400,19.26560546875,-0.1943453450143337,-1.4743834014981985,-0.08225508936047554
1789030874830610400,19.2756103515625,0.023065818288922308,-1.4926502950727938,-0.13264262981712818
1789030874840614700,19.28561474609375,0.2714437822639942,-1.0292378337979315,-0.25105682779550553
1789030874850618600,19.29561865234375,0.0038353403791785237,-0.36002865916788573,-0.22098551465868949
1789030874860622600,19.30562255859375,-0.29126579632610083,-0.18177227916717528,-0.1359121530070901
1789030874870626600,19.31562646484375,-0.15290888051539658,-0.6582809533804654,-0.05212152464240789
1789030874880631600,19.325631591796874,0.2162403659582138,-1.1364654518514872,-0.16241671357303858
1789030874890635500,19.335635498046877,0.5279284803271294,-1.0468342807650566,-0.6123679279893637
1789030874900639500,19.345639404296875,0.6449079693272709,-0.42977147295773027,-0.8386261223539709
1789030874910643500,19.3556435546875,0.5058361832454801,-0.03475917869210243,-0.6742649967148899
1789030874920648400,19.3656484375,0.6729884009078144,0.03868482770323753,-0.6104214700967073
1789030874930652700,19.375652587890624,0.7116530626058578,0.09325929845571518,-0.6493769314348697
1789030874940656600,19.38565673828125,0.6526622367158532,0.4218044396013021,-0.7830629328250884
1789030874950660400,19.395660400390625,0.5900766012042761,0.7248848846226931,-0.7700137738987803
1789030874960664600,19.40566455078125,0.6723851743176579,0.7554027724832296,-0.6045891106814145
1789030874970669600,19.415669677734375,0.6549442101731896,0.7056891857653856,-0.6151917532384396
1789030874980673500,19.425673583984373,0.4896469727277755,0.6470020189970731,-0.659111851246655
1789030874990677500,19.435677490234376,0.2830646619528532,0.36490883242487904,-0.44244069265574215
1789030875000681700,19.445681640625,0.5061927415981888,-0.17494272540807723,-0.3250017694503069
1789030875010685400,19.455685546875,0.7320283266365528,-0.485649427524209,-0.3341425227612257
1789030875020690400,19.4656904296875,0.4978910694599151,-0.4329635469973087,-0.46475101640224453
1789030875030694400,19.4756943359375,0.19901596717387438,-0.24315526089072226,-0.36994828789681194
1789030875040698600,19.48569873046875,0.021454583700001237,-0.17520809834599493,-0.03228840466439724
1789030875050702600,19.49570263671875,-0.163622582231462,-0.3622404899984598,0.14254881454259155
1789030875060707600,19.50570751953125,-0.19274580086320636,-0.5406453385591506,0.04628448905199766
1789030875070711600,19.515711669921874,-0.3004942279204726,-0.4418897807747125,0.08960662116706371
1789030875080715800,19.5257158203125,-0.45591216864734885,-0.34785248368382454,0.30442367632389067
1789030875090719500,19.535719482421875,-0.4310834323391318,-0.3882821092277765,0.28968291104882954
1789030875100723500,19.545723388671874,-0.3837497264951467,-0.4231125995904207,0.18731705381274222
1789030875110728400,19.555728515625,-0.39624388188719745,-0.5008727156192064,0.24005115739554164
1789030875120732700,19.565732666015624,-0.06850830355882644,-0.5870990466982126,0.1597828579381108
1789030875130736600,19.575736572265626,0.2258908223569393,-0.3519271857768297,0.06625409489125013
1789030875140740600,19.58574072265625,0.09911211613714695,0.0962514660090208,-0.11678864260315894
1789030875150744300,19.595744384765624,-0.04125292462557554,0.45784138314425943,-0.3856804022967815
1789030875160749300,19.605749267578126,-0.23653058205395935,0.3943512000083923,-0.22011019312888383
1789030875170753500,19.61575341796875,-0.08582827167212963,-0.1344926415979862,0.004639057977497577
1789030875180757500,19.625757568359376,0.23674539384841917,-0.4399479990571737,-0.020458266139030457
1789030875190761500,19.635761474609374,0.2946574845910072,-0.2735650122016668,-0.2528977794870734
1789030875200765700,19.645765625,0.0706014764457941,-0.0001958148330450058,-0.42744624488055705
1789030875210770700,19.655770751953124,-0.11273527555912732,0.08972060293555259,-0.1842620501562953
1789030875220774700,19.665774658203127,-0.3153197488695383,-0.14600947639048098,0.39539369479864833
1789030875230778400,19.6757783203125,-0.299762406514585,-0.5677180544018745,0.5337485647827387
1789030875240782600,19.685782470703124,-0.1781634410202503,-0.8748182564586401,0.25728549305200576
1789030875250786600,19.69578662109375,0.046725218556821345,-0.9632610945433377,0.0013239420801401138
1789030875260791600,19.70579150390625,0.4742740470290184,-0.7362976745188236,-0.24360329691916702
1789030875270795500,19.71579541015625,0.5794397641167044,-0.3109749976634979,0.04642155943512916
1789030875280799700,19.7257998046875,0.34574849714189765,-0.10785597908496856,0.4564885072305798
1789030875290803500,19.735803466796874,0.08695113822221756,-0.11587678845524788,0.7618079633504152
1789030875300808400,19.745808349609376,0.24304770886301993,-0.1024555813461542,0.5845727430909872
1789030875310812400,19.7558125,0.6537251897722482,0.13300561791062354,0.03336450946331024
1789030875320816600,19.765816650390626,0.5073755216419696,0.29601825155019756,-0.2961459695830941
1789030875330820600,19.775820556640625,0.11845569903254509,0.17550269737839697,-0.09602788638621568
1789030875340824600,19.785824462890623,-0.014231062187254428,-0.19585633409917352,0.05203443088084459
1789030875350829600,19.79582958984375,0.10720628300458192,-0.4633966791838407,0.08677636617720126
1789030875360833500,19.80583349609375,0.0781105369016528,-0.6142337218612433,0.13771452625393868
1789030875370837500,19.81583740234375,-0.13222820379734038,-0.9966776264548302,0.3248477479323745
1789030875380841500,19.825841552734374,0.15959230380207298,-1.355999014136195,0.33279461528360843
1789030875390845400,19.835845458984377,0.5826365143314004,-1.398652160948515,0.08348375437259674
1789030875400850400,19.845850341796876,0.643095074686408,-1.1193120724767447,-0.2383852700099349
1789030875410854700,19.855854736328126,0.20857728398442268,-0.7804150486648083,-0.2981853664562106
1789030875420858600,19.865858642578125,0.016252046620845794,-0.5390069237023591,-0.24735417388528583
1789030875430862600,19.875862548828124,0.571025571514666,-0.12144728206396102,-0.23560148451030252
1789030875440866600,19.885866455078126,0.6810200239330529,0.44788755988478657,-0.44325814651846884
1789030875450871600,19.89587158203125,0.5111024332106113,0.7638812624931335,-0.7621072385579347
1789030875460875500,19.90587548828125,0.4625827324524522,0.7759948941349982,-0.8352122222572564
1789030875470879500,19.91587939453125,0.25652532233446834,0.7409925543367862,-0.8124459714367985
1789030875480883700,19.9258837890625,-0.06675912180393934,0.4818991350799799,-0.7926467537283897
1789030875490887700,19.9358876953125,-0.15500205340236425,0.11269406676590442,-0.7407765734985471
1789030875500892700,19.945892578125,-0.10523176806122064,0.04815057518482208,-0.6137120360746979
1789030875510896400,19.955896484375,0.021774609434604644,0.32009704627394675,-0.6586065320730209
1789030875520900600,19.965900634765624,0.1897095019072294,0.7359019531995058,-0.6748883893102408
1789030875530904600,19.975904541015623,0.013648586124181747,0.833957838281989,-0.6277811856985092
1789030875540908500,19.985908447265626,-0.04045563676804304,0.5425239919126034,-0.6400400710299611
1789030875550913500,19.99591357421875,-0.02581365569233894,0.2833124992340803,-0.46780222066640853
1789030875560917500,20.00591748046875,-0.10480974325686693,0.18125088564157485,-0.11019318986088036
1789030875570921700,20.015921630859374,-0.1488780175641179,0.2374590950757265,0.09483166233897208
1789030875580925700,20.02592578125,-0.17511252901703117,0.4330307670146227,0.33825434199422594
1789030875590929700,20.0359296875,-0.025666648437082766,0.51669981482625,0.2919023406639695
1789030875600934700,20.0459345703125,0.07743219924867152,0.462103716763854,0.13670388790667057
1789030875610939000,20.05593896484375,-0.09659604166299104,0.15148527745306492,0.19403028771579264
1789030875620942600,20.065942626953124,-0.006832768629491329,-0.167471951135993,0.1192760755047202
1789030875630946600,20.075946533203126,0.061707391372323034,-0.19119418750703335,0.15359657051861286
1789030875640950800,20.08595068359375,0.10496084216535091,0.11326514465212821,0.09953618676811456
1789030875650955800,20.095955810546876,0.253178349994123,0.4767307925313711,-0.2832809350520372
1789030875660959700,20.105959716796875,-0.07777063742280006,0.47514907629787917,-0.36108196761310096
1789030875670963700,20.115963623046873,-0.18193302268683909,0.11156827760636806,-0.08992167846560478
1789030875680967700,20.1259677734375,0.3855450854793191,-0.0859644652724266,0.014820552513003349
1789030875690971600,20.1359716796875,0.7095975913807749,-0.11231295849382876,-0.12630144409686325
1789030875700976600,20.1459765625,0.6454734942555427,-0.1075099421262741,-0.3501078613951802
1789030875710980600,20.155980712890624,0.15857932736724614,-0.14363924012780188,-0.3545020047008991
1789030875720984600,20.165984619140627,-0.26676526905894277,-0.2786515216857195,0.042269408191740514
1789030875730988800,20.17598876953125,-0.05522416683286428,-0.507220038819313,0.1914768038406968
1789030875740992800,20.18599267578125,0.28353490981310603,-0.7217296354621648,0.10250029727071523
1789030875750997800,20.195997802734375,0.344110374546051,-0.9298369638472795,0.08930091621875762
1789030875761001500,20.20600146484375,0.3638566930234432,-0.9563298339754343,0.09694821610152721
1789030875771005700,20.216005615234376,0.16288520786762237,-0.778811705121398,0.07060176870673894
1789030875781009700,20.226009765625,-0.07379764213860035,-0.48136780468225476,0.0770911307260394
1789030875791013600,20.236013671875,-0.11698504195809363,-0.2205453696757555,0.14939210456609725
1789030875801018600,20.2460185546875,-0.0787728002026677,-0.2528875503540039,0.32529958335310216
1789030875811022800,20.25602294921875,0.18933190076649187,-0.43719431643486023,0.23642916750609874
1789030875821026600,20.266026611328126,0.21754501881599425,-0.6428934146344661,-0.01988075851202011
1789030875831030500,20.276030517578125,0.08740472720861435,-0.8313163838624954,-0.0841390034109354
1789030875841034800,20.28603466796875,0.09497136307060718,-0.9342594564646481,0.06659107176065444
1789030875851038700,20.296038818359374,0.21505612460970877,-0.8639268600881099,0.18978461297005414
1789030875861043700,20.306043701171873,0.2529211603626609,-0.5494540834367275,0.11906915475577115
1789030875871047700,20.316047607421876,0.21725947987288236,-0.24527415274083614,-0.20107816040068863
1789030875881052000,20.326052001953126,-0.005102291575074196,-0.13150222761034966,-0.2666384278088808
1789030875891055600,20.3360556640625,-0.42766982450336216,-0.44637890888750553,0.09884031345844269
1789030875901059600,20.3460595703125,-0.31208091307878494,-1.0301374129861594,0.3353384545475244
1789030875911064600,20.356064697265627,0.15102029028981923,-1.4020382962554692,0.12716624423265457
1789030875921068500,20.366068603515625,0.24477935496121644,-1.361363171517849,-0.2865069113612175
1789030875931072800,20.37607275390625,0.0035480478703975677,-1.0760668049901723,-0.44650867274701594
1789030875941076700,20.38607666015625,-0.047998307232558726,-0.7026403195887804,-0.3032695378527045
1789030875951080400,20.39608056640625,0.036684886057674886,-0.4066162228196859,-0.14985796851217745
1789030875961085400,20.40608544921875,0.3692193891003728,-0.13382979377508164,-0.561861145067215
1789030875971089700,20.416089599609375,0.3582514203622937,0.26990765873789785,-1.1126824252039194
1789030875981093600,20.42609375,0.14884236172884702,0.5585568428248167,-1.2382841965988278
1789030875991097600,20.43609765625,-0.01715367163568735,0.5143108738631009,-0.9421803125917911
1789030876001101800,20.446101806640623,-0.05559446144998073,0.15224457138776779,-0.6302914149537682
1789030876011106800,20.45610693359375,-0.037221184891462325,-0.3091764238089323,-0.29379969871789213
1789030876021110800,20.46611083984375,-0.05591477944552898,-0.5714128172665834,-0.08104483678787947
1789030876031114500,20.476114501953123,0.3539592761263251,-0.43440497797727584,-0.2793827585697174
1789030876041118700,20.48611865234375,0.5520706956759095,-0.015391045877337455,-0.3480024135485291
1789030876051122700,20.496122802734376,0.9348138754770159,0.2764285849392414,-0.33537586394846436
1789030876061127700,20.506127685546875,1.0957961723327636,0.4001894046425819,-0.22832681733220814
1789030876071131600,20.516131591796874,1.0637015366747975,0.3853682676076889,0.06051584350019693
1789030876081135900,20.526135986328125,0.921109759773314,0.3788052558302879,0.09801087689697742
1789030876091139600,20.5361396484375,0.4649611520215869,0.307485401982069,0.08449702306836843
1789030876101143600,20.5461435546875,0.288630187125504,-0.01466273160278797,0.2991232318282127
1789030876111147500,20.5561474609375,0.22389263427704573,-0.5489642540931702,0.3263189895287156
1789030876121152500,20.566152587890624,0.10693097319453954,-0.9442851759165525,0.24957126541286706
1789030876131156700,20.57615673828125,-0.11170417894572018,-1.0047866986304521,0.06753302878588438
1789030876141160700,20.58616064453125,-0.31693361380696294,-1.1064175195902586,0.17695435749143362
1789030876151164700,20.59616455078125,-0.1902408323049545,-1.2684382195830344,0.431896210026741
1789030876161168600,20.606168701171875,0.04463409149646759,-0.9310574455529451,0.23080519014447926
1789030876171173600,20.616173583984374,0.013216332186758517,-0.16153846943378447,-0.11129442910104989
1789030876181177600,20.626177490234376,-0.13293810563236474,0.4596335272580385,-0.2812400768741965
1789030876191181600,20.636181640625,-0.18542875584810972,0.6527952154457569,-0.24736557206213472
1789030876201185800,20.646185791015625,0.07952391083091497,0.6027542964696884,-0.2154749345436692
1789030876211189800,20.656189697265624,0.2203387411877513,0.4936462714970112,-0.235184720402956
1789030876221194800,20.66619482421875,0.07317132693380117,0.2822445777416229,-0.23631518573760985
1789030876231198700,20.67619873046875,-0.0894762727856636,-0.07415420049130916,-0.09902209976613521
1789030876241202700,20.68620263671875,0.06458937654942273,-0.39338381628096103,-0.05567424868792295
1789030876251206700,20.69620654296875,0.1953328947469592,-0.5394540829479694,0.17251637504398823
1789030876261210600,20.706210693359374,0.5737564577832818,-0.4641074578016996,-0.01949205145537853
1789030876271215600,20.716215576171876,0.5247179938480258,-0.07218027006983757,0.0661640785202384
1789030876281219800,20.7262197265625,0.305327639426291,0.061390580508112906,0.2269540676742792
1789030876291223800,20.736223876953126,0.3037745647653937,0.11256488742828369,0.08676876739263534
1789030876301227500,20.7462275390625,0.05792348891943693,0.1358446407288313,0.24868162309676406
1789030876311231500,20.7562314453125,-0.15495646069496868,-0.1781459053635597,0.6576447013035416
1789030876321235700,20.766235595703126,-0.0259004571929574,-0.48330140309333797,0.6597554098471998
1789030876331240700,20.77624072265625,0.1514353008314967,-0.4060492365866899,0.5591887109875678
1789030876341244700,20.78624462890625,0.24500819528102874,-0.23968144730031488,0.5856199140563607
1789030876351248600,20.79624853515625,0.4437453455135226,-0.18301088105142116,0.5633519681468606
1789030876361252900,20.8062529296875,0.5091732187137007,-0.06439619206488133,0.9968483068466186
1789030876371256600,20.816256591796876,0.7593854123786091,-0.05079378316998481,0.7787514993667602
1789030876381261600,20.826261474609375,0.8273834283277391,0.22615093459784982,0.17090923210829495
1789030876391265500,20.836265625,0.3181213622868061,0.37627719865739345,0.00012801029384136198
1789030876401269800,20.846269775390624,-0.15918372300118208,0.12656594025194645,0.04679886831492185
1789030876411273700,20.856273681640626,-0.23197891009896993,-0.21902152110934256,0.18161738086640833
1789030876421277700,20.866277587890625,0.018475567889213562,-0.49362289062142367,0.18540683627724647
1789030876431281700,20.87628173828125,0.3781938459336757,-0.6000163959383964,-0.2874938765719533
1789030876441286700,20.88628662109375,0.31369448575526476,-0.5881394956618547,-0.5772440076380968
1789030876451290600,20.89629052734375,0.03034603842496872,-0.513842671829462,0.010533961234986781
1789030876461294600,20.906294677734376,-0.2544181209221482,-0.5423819530934095,0.817818312124908
1789030876471298800,20.916298828125,0.11839607779979705,-0.3995277258634567,0.9391136184975505
1789030876481302800,20.926302734375,0.4085381307929754,-0.12796353209018707,0.7804685324177145
1789030876491307800,20.936307861328125,0.23751024074107407,0.01482347512245178,0.5517182289764285
1789030876501311700,20.946311767578123,0.16946721660643815,0.06224690507650375,0.23549013309031724
1789030876511315700,20.956315673828126,0.2097042421877384,-0.035331425622105596,-0.12229542332589625
1789030876521319700,20.966319580078125,0.3988356519460678,-0.41897593817710876,-0.42574674748629326
1789030876531323600,20.97632373046875,0.9115224317386745,-0.47666181894838805,-0.5884557220041752
1789030876541327600,20.98632763671875,1.0380094615355133,-0.24906302362978458,-0.8174354502871632
1789030876551332600,20.99633251953125,0.564988629437983,-0.19831307960152625,-1.1034037247270345
1789030876561336800,21.0063369140625,0.49393034913539885,-0.053009705653786654,-1.1766636067271232
1789030876571340500,21.016340576171874,0.455921228736639,0.3130658324629068,-1.1265715420857072
1789030876581344800,21.0263447265625,0.36590398094207044,0.6364893928110599,-1.0825041445612906
1789030876591349000,21.036348876953124,0.10009352838993071,0.7102770980775356,-0.7831736997231841
1789030876601354000,21.04635400390625,0.11421791533231734,0.5572270555257797,-0.6325143517002463
1789030876611357700,21.056357666015625,0.38516514625102277,0.42841187504231926,-0.5402183453187346
1789030876621361700,21.066361572265624,-0.003171615773439407,0.34749417176544667,-0.30268384691923855
1789030876631366000,21.076365966796875,0.04643821830898523,0.531157379245758,-0.09462035767585039
1789030876641369900,21.086369873046873,0.1603638726964593,0.8883838404744863,-0.03134937024861574
1789030876651373800,21.096373779296876,-0.1720309296146035,0.8396750468850135,0.06587357114106417
1789030876661378800,21.10637890625,-0.3603448855102062,0.48467152240276334,0.17981822248995302
1789030876671382800,21.1163828125,-0.22537205917984246,0.2573947986453771,0.28781974752545353
1789030876681386800,21.12638671875,0.017883154954016208,0.41190322331190105,0.44370530576407907
1789030876691390700,21.136390625,0.34030279895663257,0.6500257507324219,0.2362809912070632
1789030876701394700,21.146394775390625,-0.16592822882533073,0.7828378918975591,0.33273674761652944
1789030876711399000,21.15639892578125,-0.2866261538267135,0.5129197117656469,0.250136498080194
1789030876721404000,21.16640380859375,0.2648839853569865,0.3178507286518812,-0.046209670250117775
1789030876731408000,21.176407958984374,-0.09756137956380843,0.1158148291349411,-0.07444266204386948
1789030876741411600,21.18641162109375,-0.4137330690875649,-0.12441256161034106,0.14126549673378466
1789030876751415800,21.196415771484375,-0.533147384019196,-0.3438140219479799,0.3278594969689846
1789030876761419800,21.206419677734374,-0.39406946045756336,-0.46677638475000854,0.3145774060696363
1789030876771424800,21.2164248046875,-0.09891513226032257,-0.48959436575770376,0.15599398704916237
1789030876781428700,21.2264287109375,-0.24905016414821146,-0.45353053420782086,0.014079963278770445
1789030876791433000,21.236432861328126,-0.09226561124324797,-0.41143385223448276,-0.10512333925068378
1789030876801437000,21.24643701171875,0.14591419932246208,-0.25758067660629747,-0.030067221483588216
1789030876811440600,21.256440673828124,0.060011108848452566,-0.2104489230751991,-0.029734628528356552
1789030876821444900,21.26644482421875,-0.16712942130863664,-0.1673889490276575,-0.08083207082003355
1789030876831449900,21.276449951171877,-0.2775485288798809,-0.056090136012434955,-0.014442951372265814
1789030876841453800,21.286453857421876,-0.232167126147449,0.0012386018842458725,-0.10796411563456058
1789030876851457800,21.296457763671874,-0.16420564281642436,0.020431962653994558,-0.19969722743630408
1789030876861461800,21.306461669921877,-0.2658350024715066,0.009889525851607323,-0.063628422562778
1789030876871465700,21.3164658203125,-0.14797843837589025,-0.09319441652595996,0.07952186500430107
1789030876881469700,21.3264697265625,-0.05130553208440542,-0.16059329753816126,0.1298331253543496
1789030876891474700,21.336474609375,-0.12954963223785163,-0.19017536585330963,0.20625293269008396
1789030876901478700,21.346478759765624,-0.20456395668983457,-0.31372692672014235,0.20326544131189583
1789030876911483000,21.35648291015625,-0.4761491932511329,-0.48553252314627166,0.3100967535242438
1789030876921486800,21.36648681640625,-0.7293880412608384,-0.7853630264610052,0.4932017425999045
1789030876931490800,21.37649072265625,-0.4051768376663327,-1.1290776796877384,0.5522366998925805
1789030876941494800,21.386494873046875,-0.07679477812796831,-1.264434829160571,0.48135816007107496
1789030876951499800,21.396499755859374,-0.013745616757869719,-1.204021569252014,0.3523468724936247
1789030876961503700,21.406503662109376,-0.2553320208966732,-1.199894260188937,0.34907997965216636
1789030876971507700,21.4165078125,-0.23259879556298255,-1.3630202910751104,0.3844844705104828
1789030876981512000,21.426511962890626,-0.11707155119776726,-1.2853671425521374,0.3930529768913984
1789030876991516000,21.436515869140624,0.010513502968847751,-0.7912690356343984,0.20901538314074278
1789030877001521000,21.44652099609375,0.0473109094902873,-0.18290566711127756,-0.04632511332333088
1789030877011524900,21.45652490234375,0.1581517496049404,0.04786182137131691,-0.0439037313953042
1789030877021528800,21.46652880859375,0.34286095900684593,-0.1671452033996582,0.21383856551349162
1789030877031532800,21.47653271484375,0.4464762317821383,-0.5473948128193616,0.10062690461426972
1789030877041536800,21.486536865234374,0.4570864731237292,-0.7558785733014345,-0.31534254522323607
1789030877051540700,21.496540771484376,0.5679264364555477,-0.6787193457752466,-0.7550257558643817
1789030877061545000,21.506544921875,0.657580696156621,-0.3079500968843698,-1.0077087235569953
1789030877071550000,21.516550048828126,0.6141080496549606,0.13912380852997303,-1.0605813588276505
1789030877081553700,21.5265537109375,0.6879214738845825,0.5293967993140221,-1.038692767624557
1789030877091557600,21.5365576171875,0.853447259388864,0.6622860973685979,-0.981614205096662
1789030877101561900,21.546561767578126,1.0573132969424128,0.36934126191437244,-0.8954577243834734
1789030877111565800,21.55656591796875,1.0655585627183317,-0.14014496827125547,-1.0225725306898354
1789030877121570800,21.56657080078125,1.2806176099374889,-0.5890747306853532,-1.109535067088902
1789030877131574800,21.57657470703125,1.2449147206544875,-0.6473924796193837,-0.6905529914319515
1789030877141579000,21.5865791015625,0.9328101344391703,-0.5631552765309811,-0.5927177633628249
1789030877151582700,21.596582763671876,1.553010948011279,-0.16756898176968096,-0.504247160488367
1789030877161586700,21.606586669921874,1.0065519547373056,0.4955278474599123,-0.3333013957619667
1789030877171591000,21.6165908203125,0.14902882421165703,0.43220717567205424,-0.28754209962785243
1789030877181595000,21.626594970703124,-0.08456424308568239,0.06634557256698607,-0.013730419188737868
1789030877191599900,21.636599853515627,-0.585447772359848,-0.4348766871422529,0.5714715617164969
1789030877201603800,21.646603759765625,-0.6161708274036646,-0.9857119958043098,0.6729463153317571
1789030877211607800,21.65660791015625,-0.5315115995109081,-1.3544056074649096,0.6508546027719974
1789030877221611800,21.66661181640625,-0.313800284217298,-1.2823603619515895,0.4539329775288701
1789030877231615700,21.67661572265625,-0.3713502636492252,-0.6569488279938698,0.147784961630404
1789030877241620700,21.686620849609376,-0.3686550332158804,0.007711597290635109,-0.014303835162520408
1789030877251624700,21.696624755859375,-0.3970455536589026,0.34096564677953717,0.08469079207479953
1789030877261629000,21.70662890625,-0.329348858743906,0.18899463163614272,0.31435265740305185
1789030877271633000,21.7166328125,-0.028796763156354425,-0.027077976539731024,0.38019232627451416
1789030877281636600,21.72663671875,-0.11343465600013732,0.031734277912974354,0.2659370015412569
1789030877291640800,21.736640869140626,0.12295768662691116,0.3505734330803156,-0.09261983150839805
1789030877301644800,21.746644775390624,-0.04609422717690467,0.6375894630074501,-0.2775757091477513
1789030877311649800,21.75664990234375,-0.28235914403200146,0.7028472403377294,-0.08733575362563133
1789030877321653800,21.76665380859375,-0.02149111631810665,0.4590490053683519,0.054257659888267515
1789030877331658000,21.776657958984377,0.4782952653691172,0.3198065388947725,0.19550825131386518
1789030877341661700,21.78666162109375,0.6952826503023505,0.35507366710901256,0.2290986784875393
1789030877351665700,21.796665771484374,0.612214198732376,0.4185357931941747,0.24615794983804223
1789030877361670000,21.806669921875,0.21182517986446617,0.18695055858790874,0.3457116722628474
1789030877371675000,21.8166748046875,0.16593991926312446,-0.14058978942930697,0.42481151246279475
1789030877381678800,21.826678955078126,0.3150733728930354,-0.21794541631042957,0.6200070445656776
1789030877391682800,21.836682861328125,0.3537476792022586,0.025426117679476737,0.6957806629523634
1789030877401686800,21.846686767578124,0.3418316159591079,0.46516894955337046,0.47945671036392445
1789030877411690800,21.856690673828126,0.010471417392790316,0.7971534174978733,0.5390390724062919
1789030877421694700,21.86669482421875,-0.7536962608262896,0.5585071584641933,1.0692980415076017
1789030877431699700,21.87669970703125,-0.8439832654729486,-0.15478081186711787,1.3269371703028678
1789030877441703700,21.88670361328125,-0.29151392586827274,-0.7325789462566376,1.113513030809164
1789030877451708000,21.8967080078125,0.463586356537044,-0.8776742304116487,0.5060363819926977
1789030877461712000,21.9067119140625,0.5802616018936038,-0.5986439385414123,0.4592971349105239
1789030877471715600,21.916715576171875,0.24320114585906266,-0.48341480033993717,0.6951011562556028
1789030877481719800,21.9267197265625,-0.0748936206817627,-0.5188239673733711,1.1906620292022823
1789030877491724800,21.936724853515624,-0.09032178369909524,-0.6169938342243433,1.067805464862287
1789030877501728800,21.946728759765627,0.0799102797999978,-0.5335422285556793,0.4456809897512197
1789030877511732700,21.956732666015625,0.07019055755734444,-0.4773877951353788,-0.018729250389337537
1789030877521737000,21.966737060546876,-0.11250643523931503,-0.4219084844976663,-0.16250643768310546
1789030877531741000,21.976740966796875,-0.4543178851932287,-0.47901451955437657,-0.2729474648252129
1789030877541744600,21.98674462890625,-0.48113078105598683,-0.64283028627038,-0.11476678138673305
1789030877551748900,21.996748779296876,0.027405601058900355,-0.8615268132090568,-0.1271402330085635
1789030877561753900,22.00675390625,0.694682930843532,-0.76334700948596,-0.40768385205119845
1789030877571757800,22.0167578125,0.8691104002058505,-0.19269173258841035,-0.4562608359545469
1789030877581762300,22.02676220703125,0.7374184952422976,0.3108376350194216,-0.2752127794086933
1789030877591766300,22.036766357421875,0.4553425520658493,0.5859896241515875,-0.1851195437684655
1789030877601770500,22.0467705078125,0.45450814706832166,0.624625936537981,-0.28901275670230386
1789030877611774500,22.0567744140625,0.4610775885865092,0.5161684844285249,-0.2833104534074664
1789030877621779500,22.066779541015624,0.4050824373811483,0.36084406720399853,-0.29059651876240966
1789030877631783200,22.076783203125,0.4776815173849463,0.14525135149955748,-0.3624775136247277
1789030877641787400,22.086787353515625,0.4829147418633103,0.09746902510523796,-0.42979280800670383
1789030877651791400,22.096791259765624,0.3698267073437571,0.11927519872188568,-0.39193127938508987
1789030877661795300,22.10679541015625,0.2339838201805949,0.08107961584031581,-0.13201017713248728
1789030877671799300,22.11679931640625,0.2983437718883157,0.20160218427479265,0.003772504276037216
1789030877681804500,22.126804443359376,0.5401590163469314,0.4364198249310255,-0.07257979078143835
1789030877691808300,22.136808349609375,0.7319035312131047,0.6925117242842912,-0.31486995927542444
1789030877701812200,22.146812255859373,0.4871373279944062,0.6971691947013139,-0.45400224337279793
1789030877711816200,22.156816162109376,0.2048854437291622,0.6529302400022745,-0.23465660487562418
1789030877721820400,22.1668203125,0.07768266687840222,0.8137766355186701,0.10821399874240159
1789030877731824400,22.176824462890625,0.2749778016090393,1.053724624800682,0.1194765665128827
1789030877741828400,22.186828369140624,0.5065446237757801,1.1254121429175137,-0.13984686210751532
1789030877751833300,22.196833251953127,0.6341632879510521,1.0651467670470476,-0.5051134219288825
1789030877761837300,22.20683740234375,0.20512422092109917,0.8334475506722927,-0.34817601654976604
1789030877771841300,22.21684130859375,-0.2571034144833684,0.407968221950531,0.17662293357998132
1789030877781845200,22.22684521484375,0.009416647642850875,0.06788520322442054,0.315560864149034
1789030877791849500,22.236849365234374,0.47140258324593304,-0.029877251869440076,0.1771697538077831
1789030877801853400,22.246853515625,0.7431818810746074,-0.035631285351514816,0.022973171569406984
1789030877811858400,22.2568583984375,0.604071808809042,-0.004533551776409149,0.03393617187142372
1789030877821862100,22.266862060546874,-0.14196166230440138,-0.15651917996704579,0.3137260499373078
1789030877831866400,22.276866455078125,-0.36583150022774935,-0.3947305547147989,0.49468379785120487
1789030877841870300,22.286870361328123,0.09846855753660201,-0.605108750641346,0.46923663738369936
1789030877851874300,22.296874267578126,0.35269086362570523,-0.7669839046835899,0.28731209026426074
1789030877861878300,22.306878173828125,0.2100073167875409,-0.9418103102356195,0.06479483599364758
1789030877871882500,22.316882568359375,-0.2848632358074188,-1.0441343741565943,0.19477701442986725
1789030877881887500,22.326887451171874,-0.39308980177044867,-1.0095347699403763,0.35589462810307737
1789030877891891200,22.33689111328125,-0.109194241951406,-0.8134013724654913,0.5180354473441839
1789030877901895200,22.346895263671875,0.014144552947580814,-0.5850999818354845,0.6830515297606587
1789030877911899400,22.3568994140625,0.175342246119678,-0.38517479086220263,0.5489186613857746
1789030877921903400,22.3669033203125,-0.018272446532547473,-0.30504736118018627,0.4906646253377199
1789030877931907300,22.3769072265625,-0.11439736355245113,-0.36561318130195136,0.515138849119842
1789030877941912300,22.386912353515626,0.0046957566007971765,-0.5034551333278418,0.45326457674801346
1789030877951916500,22.39691650390625,0.021297347311675548,-0.5835872391849756,0.306399944832921
1789030877961920300,22.406920166015624,0.022301848179101944,-0.432200161409378,0.09500088142603635
1789030877971924200,22.41692431640625,-0.16813392217606304,-0.2135948198854923,-0.06955313643664121
1789030877981928400,22.426928466796873,-0.3312017931342125,-0.17517536512017248,-0.16902502579689024
1789030877991932400,22.436932373046876,-0.23104279829263685,-0.338280353218317,-0.17640899856835604
1789030878001936400,22.446936279296875,-0.14573299753665922,-0.548597174346447,-0.19265373866558075
1789030878011941400,22.45694140625,-0.10193857173472642,-0.5776829835772515,0.004238660483062267
1789030878021945300,22.4669453125,-0.07580752065628767,-0.5134674087762833,0.1263496671527624
1789030878031949300,22.47694921875,-0.135645611025393,-0.4599883320450783,0.15126754304915666
1789030878041953300,22.486953369140625,0.012421674677729606,-0.5203741194248199,0.1752078060850501
1789030878051957200,22.496957275390624,0.3178521899566054,-0.6459376046359538,0.38005934754461046
1789030878061961500,22.50696142578125,0.41403322107791896,-0.6455810462832451,0.6420318293690681
1789030878071965400,22.51696533203125,0.44715164682567116,-0.6100859545320272,0.6387728275731206
1789030878081970400,22.526970458984376,0.7302770990550518,-0.6558487577974796,0.03098638215512037
1789030878091974100,22.53697412109375,0.8838704547032713,-0.4345540310591459,-0.8050120220437645
1789030878101978400,22.546978271484374,0.653548371900618,-0.09784078102707862,-1.353063837467134
1789030878111982300,22.556982421875,0.7163651858195662,0.12900982627272606,-1.6076155216410755
1789030878121986300,22.566986328125,0.920662016005814,0.380187065577507,-1.5108566906318068
1789030878131990500,22.576990478515626,0.9232400498002767,0.6357125632196664,-1.5674407476410268
1789030878141995500,22.58699560546875,0.7867457129910588,0.719778501394391,-1.61752901289016
1789030878151999200,22.596999267578123,0.7759308889880776,0.4792085808217525,-1.313471539530158
1789030878162003200,22.607003173828126,0.7953931298270821,0.012685878571867941,-0.9558876431658864
1789030878172007400,22.61700732421875,0.854651959003508,-0.32265316049754617,-0.7195028993234038
1789030878182011400,22.627011474609375,0.8615539934769272,-0.4590075043141842,-0.5252072386696934
1789030878192015400,22.637015380859374,0.9822212310791015,-0.6097434247046709,-0.5402653993308544
1789030878202019300,22.647019287109377,0.9507646010637283,-0.6258440801560878,-0.5037339502692222
1789030878212024600,22.657024658203124,0.5860954226136207,-0.5281687188237906,-0.2526739076033234
1789030878222028300,22.6670283203125,0.23883301377743482,-0.5720236426413059,0.23557108937203883
1789030878232032300,22.6770322265625,0.1366325762361288,-0.8272808447360992,0.5024339735865593
1789030878242036200,22.6870361328125,-0.010504442879557608,-0.8176350645124911,0.38660745401382446
1789030878252040400,22.69704052734375,-0.2653095172926783,-0.5004746562123298,-0.1501426306724548
1789030878262044400,22.70704443359375,-0.5609484141364693,-0.09155366358160973,-0.19102818329036234
1789030878272048000,22.717048095703124,-0.8085247063398361,-0.09584522329568862,0.40190497638881206
1789030878282053000,22.72705322265625,-0.6269733764469623,-0.3648638242393732,0.7423290636375546
1789030878292057300,22.737057373046873,-0.6911702465474605,-0.5824643726348877,0.8713561333060265
1789030878302061300,22.747061279296876,-0.6328016442090273,-0.674867346522212,0.6554840161383152
1789030878312065300,22.757065185546875,-0.7040931487455964,-0.5533931764513254,0.57469227732867
1789030878322069500,22.767069580078125,-0.6809671247020364,-0.30171149475574494,0.6640665510445832
1789030878332073500,22.777073486328124,-0.6617568127974868,-0.010791443127393722,0.6744727942466735
1789030878342077200,22.7870771484375,-0.6532251312956213,0.19443945303857324,0.5612275233387947
1789030878352082200,22.797082275390625,-0.31099341010302306,0.24258126039505004,0.2618596690997481
1789030878362086400,22.80708642578125,0.18091537007689476,0.3625619770377874,-0.20013152720034122
1789030878372090400,22.81709033203125,0.10158201338201761,0.5490647918581962,-0.12142360892742872
1789030878382094300,22.82709423828125,0.23645225612074136,0.5539560710310936,-0.04025573028177023
1789030878392098300,22.837098388671876,0.4191100859507918,0.5281558593422174,0.08401859190165996
1789030878402102300,22.847102294921875,0.5944517475485801,0.46235389213263983,0.14147387878745793
1789030878412106200,22.857106201171874,0.7162234392613173,0.4268786741256714,-0.0938812297463417
1789030878422111200,22.867111328125,0.5807201593160629,0.37653438828885555,-0.12284867329448461
1789030878432115200,22.877115234375,0.4318517863631248,0.03801321205198765,0.26598610137999057
1789030878442119400,22.887119384765626,0.259023276630044,-0.4801449848890304,0.9406333754107356
1789030878452123400,22.897123291015625,0.1619187009230256,-1.0112982724815607,1.0898270347952843
1789030878462127400,22.90712744140625,0.5431412470281124,-1.2114105104595423,0.6345403045699
1789030878472131300,22.91713134765625,0.44249943710565565,-1.0309896459013224,0.40646863104254005
1789030878482135300,22.92713525390625,0.4427461053431034,-0.6528641890287399,0.5653977947607636
1789030878492140300,22.937140380859375,0.14562252289950847,-0.38119945749044415,1.0668564935743807
1789030878502144300,22.947144287109374,0.3249687439635396,-0.44791035623848435,0.8835080511316656
1789030878512148500,22.9571484375,0.6261480315387249,-0.3836778303027153,0.7068626134589314
1789030878522152400,22.96715234375,0.5332932222306728,-0.2689648249298334,0.6557204552426934
1789030878532156200,22.97715625,0.38065117595791814,-0.1693096879571676,0.6425570222869516
1789030878542160400,22.987160400390625,0.2822890014052391,-0.019876666858792302,0.601852379193902
1789030878552164400,22.997164306640624,0.08386515490561723,0.15957506040632724,0.2536690561205149
1789030878562169300,23.00716943359375,0.14677023162990807,0.258055308380723,-0.07266922263056039
1789030878572173300,23.01717333984375,0.3732265789151191,0.3575432720929384,0.00447597637027502
1789030878582177300,23.02717724609375,0.4413642955958843,0.36449966710209847,-0.022026538369059562
1789030878592181500,23.037181396484375,0.5151251128554344,0.40454876889586444,-0.24721973385065793
1789030878602185500,23.047185546875,0.3593047288075089,0.38618426016569135,-0.13370996678769587
1789030878612189400,23.057189453125,0.4074985586121678,0.16979484112560747,-0.12567629793584345
1789030878622193400,23.067193359375,0.5631380331352352,0.03892623524367809,-0.30481033755391834
1789030878632197400,23.077197265625,0.5506339408710599,0.057580666831135746,-0.6102525432705879
1789030878642202400,23.087202392578124,0.5080512289464474,0.18393442563712595,-0.7706044332683086
1789030878652206300,23.097206298828127,0.5363993715524673,0.1345762282282114,-0.7754431054711342
1789030878662210600,23.10721044921875,0.6397501481726765,-0.18732874425053594,-0.6583110562577843
1789030878672214500,23.117214599609376,0.6132768595278263,-0.591553688019514,-0.4631730995610356
1789030878682218200,23.12721826171875,0.6719575965553521,-0.7021651032924652,-0.25328824010938406
1789030878692222500,23.137222412109374,0.7893883364543318,-0.41486382668316363,-0.20643296543210743
1789030878702226400,23.147226318359376,0.6338274801254272,0.1447457400649786,-0.300907484896481
1789030878712231400,23.1572314453125,-0.014326339255273341,0.44473406428992746,-0.10410159498751163
1789030878722235400,23.1672353515625,-0.4450955910786986,0.19132862754166124,0.18476590802520512
1789030878732239400,23.1772392578125,-0.3493590888544917,-0.09584113164246082,0.35877778232395646
1789030878742243600,23.18724365234375,-0.1382040633365512,-0.022417583513259887,0.32172669330239295
1789030878752247300,23.197247314453126,0.038462709385156627,0.4552192179471254,0.1505900821790099
1789030878762251300,23.207251220703125,-0.29107845706045626,0.8489572544932364,0.09044394877403975
1789030878772255500,23.21725537109375,-0.604500555615127,0.8914818064898252,0.1725803801909089
1789030878782259500,23.227259521484374,-0.4886658527359366,0.8416577451348304,0.2661030057579279
1789030878792264400,23.237264404296877,-0.4064505108639598,0.8198644309997558,0.3379851696640253
1789030878802268400,23.247268310546875,-0.21405162374228237,0.7948007168918848,0.4389323922738433
1789030878812272400,23.2572724609375,-0.182375213496387,0.7676929297357797,0.6200877085864543
1789030878822276400,23.2672763671875,-0.3792486156836152,0.6582832914680242,0.6508584021642804
1789030878832280300,23.2772802734375,-0.2418552842080593,0.5500123018413782,0.5647527748554945
1789030878842284500,23.287284423828126,-0.17805588899254798,0.5570066907733678,0.3989087171822786
1789030878852288500,23.29728857421875,0.024575930590927598,0.5652917040377855,0.14270663545280693
1789030878862293500,23.30729345703125,0.23162468983381984,0.6492617806226014,-0.08623539116829633
1789030878872297500,23.31729736328125,0.04262801237106323,0.7172077741235494,0.003118132020533085
1789030878882301400,23.327301513671873,-0.051017655053734776,0.6803577606320381,0.21247312237918375
1789030878892305400,23.337305419921876,0.03916910408884287,0.5005611654520035,0.46391544236093757
1789030878902309400,23.347309326171874,0.39319969188570975,0.1827998686492443,0.5333104656264186
1789030878912313300,23.357313232421873,0.48483489627093074,-0.19863573568463325,0.4942009827703237
1789030878922317600,23.367317626953124,0.30778146231919523,-0.5547118578344583,0.5449810296759009
1789030878932322600,23.377322509765627,0.11218728628754615,-0.8990016806006431,0.766047500616312
1789030878942326300,23.387326171875,0.10366963331103324,-1.2065560561656952,0.8805340037569404
1789030878952330200,23.397330322265624,0.19934066908359527,-1.1790613155186176,0.9366793770879507
1789030878962334500,23.40733447265625,0.3106792295873165,-1.0165782587110996,0.7236644029170274
1789030878972338400,23.41733837890625,0.3418623033583164,-0.6383049178004264,0.5917825283393263
1789030878982342400,23.42734228515625,0.036247371423244475,-0.43081893618404865,0.6771773770302534
1789030878992346600,23.4373466796875,-0.06311638138741255,-0.5247732311666011,0.8082850523650645
1789030879002350300,23.447350341796874,0.028385844267904758,-0.7550526438713073,0.8298392970472573
1789030879012355300,23.457355224609376,0.3206228237137198,-0.9167822519630193,0.4745104861333966
1789030879022359300,23.467359375,0.2798500838205218,-0.7683908488720655,0.15029548314660787
1789030879032363500,23.477363525390626,-0.12745032187104224,-0.6465449228793382,0.22802578855901956
1789030879042367500,23.487367431640624,-0.269907366476953,-0.7543325129032135,0.4072127274081111
1789030879052371500,23.497371337890623,-0.1561608680486679,-0.9428373151957988,0.5117936303451657
1789030879062375400,23.50737548828125,-0.0165545366987586,-1.003735143750906,0.5511217243880033
1789030879072379400,23.51737939453125,0.15072861386686562,-0.8499445119649172,0.49278760884106154
1789030879082384400,23.52738427734375,0.15704963358193635,-0.6014186639517546,0.3889370660051703
1789030879092388400,23.537388427734374,0.36499417262077327,-0.31897184163630005,0.40620471940934655
1789030879102392300,23.547392333984376,0.627354484719038,-0.032225860822200775,0.30492928775846956
1789030879112396500,23.557396484375,0.822903944826126,0.31523966937065123,0.30525808132141824
1789030879122400500,23.567400390625,0.8343512215137481,0.47782735559642314,0.3450406411334872
1789030879132404200,23.577404296875,0.8890250609874725,0.33379531675875185,-0.06498509786874056
1789030879142408400,23.587408447265624,0.9141314451932907,0.2639075415402651,-0.49498774923384187
1789030879152412400,23.597412353515626,1.186211187273264,0.26251404135525225,-0.8311126779839396
1789030879162417400,23.60741748046875,1.4315578207284212,0.2927116112202406,-0.919731457157433
1789030879172421400,23.61742138671875,1.532455066716671,0.3773158940553665,-1.0635580365508794
1789030879182425600,23.627425537109374,1.3057903373777866,0.5040039993822575,-0.833670838034153
1789030879192429300,23.63742919921875,1.15641576846838,0.3768026838362217,-0.5053744109526276
1789030879202433300,23.647433349609376,1.1045476340651512,0.1408586694985628,-0.2968964956894517
1789030879212437500,23.6574375,1.2733137166649102,0.032194881162047384,-0.47448593621402974
1789030879222441500,23.66744140625,1.3205202889978884,-0.06738485248684883,-0.6369838983297348
1789030879232445400,23.677445556640624,1.2981880456805228,-0.39362931547462937,-0.5966399052426219
1789030879242450400,23.687450439453126,1.1667729118317365,-0.5315384875178337,-0.2336988657593727
1789030879252454400,23.697454345703125,0.5228200512722134,-0.5890484272003174,0.022170623014867306
1789030879262458400,23.707458251953124,0.4283642365083098,-0.7033247947216034,-0.06698650081902742
1789030879272462300,23.71746240234375,0.11855886714607476,-0.6968377707898616,0.168195589235425
1789030879282466300,23.72746630859375,-0.3004123948559165,-1.02426121442914,0.4356286745533347
1789030879292470500,23.737470458984376,-0.330977044467628,-0.9916144978463649,0.43834436325281856
1789030879302474500,23.747474609375,-0.521571220254898,-0.46668929098844525,0.28812340664714575
1789030879312478200,23.757478271484374,-0.4419239753052592,-0.1354518420189619,0.22672931900769472
1789030879322483500,23.7674833984375,-0.27698388073444363,-0.14953238981962202,0.2641027718514204
1789030879332487400,23.7774873046875,-0.2802551574900746,-0.11336334432959556,0.17694851227253675
1789030879342491400,23.787491455078126,-0.22236031014323232,0.061903790727257726,0.08171031495928764
1789030879352495400,23.797495361328124,-0.15120558372884987,0.2955734303921461,-0.13014029160737992
1789030879362499600,23.80749951171875,-0.4455377818882465,0.22319150027036666,-0.16947189278155564
1789030879372503600,23.817503662109374,-0.3179240861490369,0.03423661612272262,-0.23521336197555065
1789030879382507300,23.82750732421875,-0.3176914464369416,0.035109307304024694,-0.03661708151847124
1789030879392511500,23.837511474609375,-0.16271452747583387,0.041543724265694616,0.1463289176031947
1789030879402516500,23.8475166015625,-0.1273629358485341,0.18826631736159324,0.3163338943481445
1789030879412520400,23.8575205078125,-0.35306846476644277,0.15832067643105982,0.32034634485989805
1789030879422524400,23.8675244140625,-0.8295534658432007,-0.16853987262845038,0.4421110223099589
1789030879432528400,23.8775283203125,-1.0173211860328912,-0.6033896717637777,0.7766746930927038
1789030879442532600,23.88753271484375,-0.7526955593511462,-0.8337614389270543,0.8683063903465866
1789030879452536300,23.897536376953123,-0.47141807307600975,-0.7946762137293815,0.8339970012485981
1789030879462540300,23.907540283203126,-0.2585138658031821,-0.6550286735862493,0.4982850372135639
1789030879472544500,23.91754443359375,-0.5702782602787018,-0.6296832199275493,0.5043389304250478
1789030879482548500,23.927548583984375,-0.7970379744246602,-0.8654699978768825,0.7833373658522963
1789030879492553500,23.937553466796874,-0.5145239320918917,-0.9931593892008066,0.8542632519468665
1789030879502557400,23.947557373046877,0.10750760403871536,-0.6257032103806733,0.6198062612965702
1789030879512561400,23.9575615234375,0.354739028327167,-0.12087620417773723,0.32791473428755996
1789030879522565400,23.9675654296875,0.4187038432374596,0.25542028370201586,-0.04474398161172866
1789030879532569300,23.9775693359375,0.16638737076967955,0.40898412099480624,-0.10570143139958381
1789030879542573600,23.987573486328124,0.14880875172019004,0.6131792443722486,-0.16863427291363478
1789030879552577500,23.99757763671875,0.4501096198484301,0.8781178825259208,-0.2727501886874437
1789030879562581500,24.00758154296875,0.7336722944512963,0.9461205746501684,-0.525801112909615
1789030879572586500,24.01758642578125,0.9966823026299476,0.9872253229767084,-0.6121133687064051
1789030879582590500,24.027590576171875,1.0183101970702408,0.8935194497972726,-0.5100169760614633
1789030879592594400,24.037594482421873,1.0985527775645256,0.614394465380907,-0.4807946809694171
1789030879602598400,24.047598388671876,0.8587667008459567,0.3781517603576183,-0.07151771450787782
1789030879612602400,24.057602294921875,0.6162731187343597,0.20717793858051298,0.3726324124142527
1789030879622606600,24.067606689453125,0.6933584042415022,0.05642448253333568,0.38528701906502244
1789030879632610300,24.0776103515625,0.4799509236216545,-0.02152034241259098,0.3902209683358669
1789030879642614300,24.0876142578125,-0.04695815052986145,-0.1829828240007162,0.6125029525458813
1789030879652619300,24.097619384765625,0.021171090583503246,-0.3118406745821237,0.5020934895858168
1789030879662623500,24.10762353515625,0.17246815198808907,-0.32270342938005925,0.25161592298299074
1789030879672627500,24.11762744140625,0.10744330663084983,-0.6387579222649336,0.008396656945347785
1789030879682631400,24.12763134765625,-0.10720599074363708,-1.1987503508508204,-0.064665364395082
1789030879692635600,24.1376357421875,-0.3372805285260081,-1.2571633768528698,-0.09763590610474347
1789030879702639400,24.147639404296875,-0.13454495630711316,-0.9059007924646139,-0.40673868015557524
1789030879712643300,24.157643310546874,-0.21702099494189023,-0.4139578177541494,-0.6262623055681585
1789030879722647600,24.1676474609375,-0.5540516403600573,-0.2284960364192724,-0.5009902045190334
1789030879732651500,24.177651611328123,-0.29756518873125315,-0.1844382835060358,-0.3857739257991314
1789030879742656500,24.187656494140626,0.046348786459863185,0.10059329460561275,-0.621227818532288
1789030879752660500,24.197660400390625,-0.02462766077816486,0.38042028981149195,-0.9197028155848384
1789030879762664200,24.207664306640623,-0.3077738635346293,0.5218284098863601,-0.7437444833934307
1789030879772668400,24.21766845703125,-0.4584188907712698,0.8339870643764734,-0.3690232820063829
1789030879782672400,24.22767236328125,-0.01562923854738474,1.2840993145734072,-0.49649493892639873
1789030879792676400,24.23767626953125,-0.0267173265337944,1.5439941133409738,-0.5783657051444053
1789030879802680600,24.2476806640625,-0.10014496631622313,1.4701801045894622,-0.614840163321793
1789030879812684500,24.2576845703125,-0.057384559737145895,1.4152379695683717,-0.41806671437770127
1789030879822689500,24.267689453125,-0.33752515093684193,1.3017863624334334,0.045242578783631325
1789030879832693200,24.277693359375,-0.42211598976850506,1.1215531294018029,0.43821050774008036
1789030879842697500,24.287697509765625,-0.3126823861032724,1.075226262512803,0.47712739063352344
1789030879852701400,24.297701416015624,-0.2657911633297801,1.062538630375266,0.2826873530730605
1789030879862705400,24.307705322265626,-0.38505964004993437,0.9157792124003171,-0.02687777779251337
1789030879872709600,24.317709716796877,-0.8408031741321086,0.582221211528778,0.0901405819132924
1789030879882713300,24.32771337890625,-0.9001502661138773,-0.012537410011887549,0.3055722618371248
1789030879892717300,24.33771728515625,-0.1644239617422223,-0.46389586087763307,0.14100012379586696
1789030879902721300,24.34772119140625,-0.03968699048310518,-0.7223211716145277,-0.009072071988880635
1789030879912726500,24.3577265625,-0.3917223128095269,-0.9134265117943287,0.048045945766568184
1789030879922730500,24.36773046875,-1.0849833941563962,-1.0213730917721986,0.4518392201200127
1789030879932734500,24.377734375,-1.1406605654537678,-1.1145622476011514,0.69024816326648
1789030879942738400,24.387738525390624,-0.720446317653358,-1.117448032170534,0.6208347275614738
1789030879952742400,24.397742431640626,-0.46567894490212197,-1.0046592728585004,0.5480456779435277
1789030879962746400,24.407746337890625,-0.4479512727707624,-0.8759206647425889,0.6212327869683504
1789030879972750300,24.417750244140624,-0.18753449595570562,-0.891679959410429,0.736371616537869
1789030879982754600,24.427754638671875,0.2390495791375637,-1.0082476527392863,0.5153624287426471
1789030879992759600,24.437759521484374,0.42380438124686476,-0.9198884012848139,0.24498949058055877
1789030880002763500,24.447763427734376,0.35990444826632734,-0.6449047544568777,0.20814298422038555
1789030880012767200,24.457767333984375,0.25958617120981214,-0.36819793709814547,0.31991350640058513
1789030880022771500,24.467771484375,0.19618074374794958,-0.1822194384127855,0.3558461127862334
1789030880032775400,24.477775390625,0.27018910602778196,-0.03979074311852455,0.22305355310440061
1789030880042779400,24.487779296875,0.3465156821221113,0.20467501584887504,0.05815057567358017
1789030880052783600,24.49778369140625,0.12166647777259348,0.49457566130161285,0.07746697830110788
1789030880062787600,24.50778759765625,0.056558630307018756,0.6227063666522502,0.1480725464001298
1789030880072791300,24.517791259765627,-0.02557137136906385,0.5426046559333801,0.1170218668371439
1789030880082795300,24.527795166015625,-0.13054098136276007,0.32454642689824104,0.08115823403447867
1789030880092800300,24.53780029296875,-0.043430853186547755,0.04826163434386253,-0.02128974852710962
1789030880102804500,24.547804443359375,-0.05400368512719869,-0.2994680997431278,-0.24135960964560507
1789030880112808400,24.557808349609374,0.19462708456516264,-0.7278560093879699,-0.7006158280238509
1789030880122812400,24.5678125,0.24204963773638008,-1.0860422555595635,-0.7512871538579463
1789030880132816400,24.57781640625,0.2513373983025551,-1.1910761629611253,-0.5161769599959254
1789030880142820400,24.5878203125,0.25729163053184745,-1.06165483327806,-0.3001990443661809
1789030880152824300,24.59782421875,0.32420769646316766,-0.8667489317715168,-0.3730006612047553
1789030880162828500,24.60782861328125,0.28402152428627014,-0.7506523630857467,-0.44679567299485207
1789030880172833500,24.61783349609375,0.1379313838750124,-0.6608692163079977,-0.46452772904038425
1789030880182837500,24.62783740234375,0.1828895927593112,-0.46910921161174773,-0.7271428926825523
1789030880192841500,24.637841552734375,0.06399316422194243,-0.07107084752321242,-0.7071528285771608
1789030880202845400,24.647845458984374,-0.010413549725711345,0.14954349573552608,-0.5734188963919877
1789030880212849400,24.657849365234377,0.1537178588107228,0.31993221110105513,-0.590835602878034
1789030880222853400,24.667853271484375,0.4191808130994439,0.5172685546249151,-0.905848185494542
1789030880232857300,24.677857421875,0.3837029647439718,0.6933715559840202,-1.2679758627682924
1789030880242861600,24.687861572265625,0.1555424438893795,0.5733692120313644,-1.3055766946271061
1789030880252865300,24.697865234375,-0.06650397799909115,-0.12883563874959944,-0.7757955721706151
1789030880262870300,24.707870361328126,-0.12881342691779135,-1.0303045862466096,-0.37999621918052434
1789030880272874200,24.717874267578125,0.006713526163995265,-1.4087182124108075,-0.23141601551920174
1789030880282878500,24.72787841796875,-0.17680822701901197,-1.407064599984884,-0.0325993703097105
1789030880292882400,24.73788232421875,-0.3550818504154682,-1.3583639897018671,0.2952130726471543
1789030880302886400,24.747886474609373,-0.40661446925401684,-1.292736210015416,0.6696461047425866
1789030880312890600,24.757890625,-0.2865738391175866,-1.0426648861259222,0.5970850186616182
1789030880322894300,24.767894287109375,0.10872545539587736,-0.39609249071776864,0.12702303636968135
1789030880332898300,24.777898193359373,0.3310723215356469,0.3662789517343044,-0.2574023974299431
1789030880342902500,24.787902587890624,0.2937985296741128,0.7865057667553425,-0.2609197579011321
1789030880352906500,24.797906494140626,0.42804771790504453,0.8760001597195863,0.09575082301050424
1789030880362911500,24.807911376953125,0.3438710128322244,0.7046522439330816,0.31772154931426044
1789030880372915500,24.81791552734375,0.42801060076504943,0.46921734816133975,0.13525719622969626
1789030880382919400,24.82791943359375,0.48426586421132084,0.37361528597176075,-0.13312982881218194
1789030880392923400,24.83792333984375,0.24806582928597926,0.272289000916481,-0.0880038621455431
1789030880402927400,24.84792724609375,-0.09393822063058614,0.02948328411579132,0.437604943062365
1789030880412931300,24.857931396484375,-0.08066606660336255,-0.19767127456665037,0.7608034624829888
1789030880422935600,24.867935546875,-0.010375555802881718,-0.1601005455851555,0.6497732372760773
1789030880432939500,24.877939453125,0.12495675148963928,0.031132220366597175,0.31875439949333667
1789030880442943200,24.887943115234375,-0.1790241495028138,0.10675707793235778,0.3349471171423793
1789030880452948200,24.8979482421875,-0.2191749581053853,-0.12569383359253405,0.3550742516309023
1789030880462952400,24.907952392578125,-0.2245791552364826,-0.37127486032545565,0.3625976328730583
1789030880472956400,24.917956298828123,-0.24180033915042876,-0.4697124382019043,0.3666413553059101
1789030880482960400,24.92796044921875,-0.1146747191891074,-0.4771130698472261,0.24424188708364963
1789030880492964600,24.937964599609376,0.08369388999193907,-0.40368776815235613,0.3563265897795558
1789030880502968300,24.94796826171875,0.024571838937699795,-0.5347025045067072,0.7959758981510996
1789030880512972300,24.95797216796875,0.17705781786590813,-0.8503951783418655,0.772770671391487
1789030880522976500,24.9679765625,0.30646102737039327,-0.9236936387866735,0.5350763062551618
1789030880532980500,24.97798046875,0.8530737499013543,-0.554789014723897,0.2790595179647207
1789030880542984400,24.987984375,1.0072118799507617,0.03146305975615978,0.23369126697480677
1789030880552989400,24.997989501953125,0.638540772382915,0.4609107075870037,0.2190662370339036
1789030880562993400,25.007993408203124,0.03853840496987104,0.6011404315322637,0.34781302845627066
1789030880572997400,25.017997314453126,-0.44738837819099425,0.42578912532329555,0.5800117187857627
1789030880583000800,25.028000732421877,-0.3435001336932182,0.12360884401202202,0.6303124577417969
1789030880593004800,25.0380048828125,-0.03606295476704836,-0.19149054010510444,0.19903058022111653
1789030880603008800,25.0480087890625,0.1721671232149005,-0.25360534323453904,-0.16885171505659818
1789030880613012700,25.0580126953125,-0.0512453263297677,-0.26671616922020913,-0.1743099804624915
1789030880623017000,25.068016845703124,-0.21971008789539337,-0.32472295250892635,-0.12432955950200557
1789030880633021000,25.07802099609375,0.0060863341763615604,-0.32886312105357646,-0.23193536321818828
1789030880643026000,25.08802587890625,-0.08182254316210746,-0.18734511086344718,-0.3127686030820012
1789030880653029600,25.098029541015624,-0.10221095893532037,-0.19755378566682338,-0.3041910366117954
1789030880663033600,25.10803369140625,0.4256199062362313,-0.33573008421361444,-0.6667512600839137
1789030880673037800,25.118037841796873,0.7589850148841738,-0.25997838539779183,-0.8322676932379602
1789030880683041800,25.128041748046876,0.7567676310956478,-0.16175298896729945,-0.8973492372184991
1789030880693045800,25.138045654296874,0.5534545512497425,-0.1811398264825344,-1.0597294181734322
1789030880703050000,25.148050048828125,0.5477648151755332,-0.15864683964550494,-1.3017223572865129
1789030880713053700,25.1580537109375,0.31155338207334277,0.0498708231061697,-1.3338695999145507
1789030880723057700,25.1680576171875,-0.3420996192455292,0.022698154020309447,-0.8940779604628681
1789030880733062000,25.178061767578125,-0.4667924591019749,-0.2766413509070873,-0.2412301380470395
1789030880743067000,25.18806689453125,0.0966194225385785,-0.20852526153624057,-0.05067775557488203
1789030880753070800,25.19807080078125,0.3255082576677203,0.4279775752782821,-0.3436956562653184
1789030880763074800,25.20807470703125,0.24502397737205028,0.9989636915653943,-0.5064613294064998
1789030880773078800,25.218078857421876,-0.2592106158956885,1.0292232207506895,-0.11953911035507916
1789030880783082800,25.228082763671875,-0.35803456274122,0.8054799318164586,0.28360943635404107
1789030880793086700,25.238086669921874,-0.43589843140542506,0.6347679758459329,0.5539437960714102
1789030880803090700,25.248090576171876,-0.24152415255755186,0.658971858254075,0.4428469353690743
1789030880813095000,25.258094970703127,-0.15273907690644264,0.8858195429444312,0.20965601913183926
1789030880823099000,25.268098876953125,-0.3476063999682665,0.9674193832665682,-0.006033142684400081
1789030880833102600,25.2781025390625,-0.2670984465360641,0.9044985244512558,-0.20624182677417993
1789030880843106800,25.28810693359375,-0.32015023776590823,0.7122118655323982,-0.1508762056440115
1789030880853111800,25.29811181640625,-0.35709932771772146,0.3533773845851421,-0.21681056706160307
1789030880863115800,25.30811572265625,-0.1508776669487357,0.09237316327095031,-0.3139636580854654
1789030880873119700,25.31811962890625,-0.3696829149588942,-0.06697334907650947,-0.1810439648926258
1789030880883124000,25.3281240234375,-0.20946546499580143,-0.28493454747796054,-0.3060588763102889
1789030880893127700,25.338127685546876,0.0947615197122097,-0.3778337804496288,-0.343644218339026
1789030880903131600,25.348131591796875,0.2757321271076798,-0.45435120294094083,-0.472307130870223
1789030880913135900,25.358135986328126,0.2926280245900154,-0.5349813214480876,-0.4090861200645566
1789030880923139800,25.368139892578125,-0.12826163825392722,-0.586738396692276,0.13264116851240396
1789030880933143800,25.378143798828123,-0.29394699823409315,-0.660741790536046,0.38671208343207836
1789030880943147800,25.388147705078126,-0.2392886485904455,-0.651858811378479,0.36686522718966
1789030880953152800,25.39815283203125,-0.2834004697784781,-0.6178747087121009,0.27603374040275813
1789030880963156700,25.40815673828125,-0.21532383563518523,-0.5861264022737741,-0.02062660844326019
1789030880973160700,25.41816064453125,-0.5844280739232898,-0.5186790059447288,0.08778291287124157
1789030880983164700,25.42816455078125,-0.5578513249039649,-0.6939046399474144,0.31014409979730845
1789030880993169000,25.4381689453125,-0.05281213725507259,-0.8805062389671802,0.02887888848185539
1789030881003172900,25.4481728515625,-0.016269290016591546,-0.840121621608734,-0.16921061149686573
1789030881013176600,25.458176513671877,-0.22978432266414164,-0.6699012485474347,-0.3017830986872315
1789030881023180800,25.468180908203124,-0.4441843214526772,-0.4252823448449373,-0.4784612695857882
1789030881033184800,25.478184814453126,-0.5478250209301709,-0.2174386358320713,-0.595080400840938
1789030881043188700,25.488188720703125,-0.6205661397531628,-0.0942167453110218,-0.6351476228132844
1789030881053193700,25.49819384765625,-0.7763368394404649,-0.13400807295143605,-0.5408811931416392
1789030881063198000,25.508197998046874,-0.9109656746387481,-0.4228554099589586,-0.27774960440993307
1789030881073202000,25.518201904296873,-0.8537658238187432,-1.0828303077757357,0.09039426441341639
1789030881083205600,25.52820556640625,-0.3339931774184108,-1.6790712768286467,0.14735212317109106
1789030881093209900,25.5382099609375,-0.17082301512956619,-1.6339385881602764,0.10856851126849651
1789030881103213800,25.5482138671875,-0.3161643830001354,-1.0475316153794527,0.1512456234782934
1789030881113217800,25.5582177734375,-0.3210556621730327,-0.40300796919465065,0.06026712943613529
1789030881123221800,25.5682216796875,0.04344692753851413,0.03929214594662189,-0.2158326619401574
1789030881133225700,25.578225830078125,0.3964636621177196,0.22661738306581972,-0.4762447625800967
1789030881143229700,25.588229736328124,0.5564584092408418,0.22975042039453983,-0.5488271837100386
1789030881153233700,25.598233642578126,0.45633390119075773,0.0889969648361206,-0.521202094681561
1789030881163238700,25.60823876953125,0.6488356641650199,-0.09738777656257153,-0.4389423291459679
1789030881173243000,25.618242919921876,0.8017723094701766,0.014272855502367019,-0.22936112881600856
1789030881183246800,25.628246826171875,0.5222375752091407,0.22651158460378645,-0.20573796890527007
1789030881193250800,25.638250732421874,0.2888213257834315,-0.003100304102897644,-0.31293431503772734
1789030881203254800,25.6482548828125,0.08018938900232314,-0.5859101291745901,-0.16628537169992924
1789030881213258800,25.6582587890625,-0.051392041324079034,-1.1333113717347383,-0.03431143492460251
1789030881223262700,25.6682626953125,-0.040406244668364524,-1.315135088828206,-0.09898089097291231
1789030881233267000,25.678266845703124,0.3861857214704156,-0.8863666554331779,-0.5872133207276463
1789030881243271000,25.68827099609375,0.7324632109224796,0.12925824807584285,-0.9694012047335505
1789030881253274600,25.698274658203125,0.8607982066735624,1.0208546208560467,-1.1279580280080437
1789030881263278800,25.70827880859375,0.4410942464828491,1.2224100433796643,-0.4071253413856029
1789030881273283800,25.718283935546875,-0.06956511913537979,0.2215595151543617,0.1867471449702978
1789030881283287800,25.728287841796874,0.002848082907497883,-0.8307008823126554,0.13025076624453066
1789030881293291800,25.738291748046876,0.029445582453906535,-1.0786071371227501,-0.3530047518804669
1789030881303295700,25.748295654296875,0.07946428959816694,-0.8558359080910682,-0.6474497627645731
1789030881313300000,25.758300048828126,0.08730886561870574,-0.4692278695553541,-0.6065840838909149
1789030881323303700,25.7683037109375,0.3476797574654221,-0.042779403540492054,-0.5265943091139197
1789030881333307600,25.7783076171875,0.21074469115138053,0.3346276759296655,-0.398518256559968
1789030881343312000,25.788311767578126,-0.05920622220635414,0.19106734625697136,-0.1080897878408432
1789030881353315800,25.79831591796875,-0.016515081471204757,-0.24021862291693685,0.26466069799512626
1789030881363319800,25.80831982421875,-0.07004267351925372,-0.4938958623439073,0.4214940584778785
1789030881373324800,25.81832470703125,0.09793284322470426,-0.46600890750885005,0.1148670268908143
1789030881383329000,25.8283291015625,-0.09900018019527196,-0.29723113447129723,0.09523352113813162
1789030881393332700,25.838332763671875,-0.24437077416032552,-0.3787169930249452,0.49323798295706506
1789030881403336700,25.848336669921874,-0.06220598854422569,-0.5037818810641765,0.6757511436194181
1789030881413341000,25.8583408203125,-0.005443652358651161,-0.38784664041996,0.4644751220703125
1789030881423345000,25.868344970703124,-0.21185528274178503,0.011237433329224587,0.29170827939659355
1789030881433348900,25.878348876953126,-0.2390010638207197,0.31948738994300363,0.28922055423408743
1789030881443352600,25.8883525390625,-0.5272673860698938,0.27184125714898105,0.6436614763975143
1789030881453356800,25.898356689453124,0.0733422995865345,0.03283843976259231,0.4723278813973069
1789030881463360800,25.90836083984375,0.4014627855792641,0.07834756052792072,0.572210105124116
1789030881473364700,25.91836474609375,0.3993216818973422,-0.057280807101726526,0.5019388835459947
1789030881483369700,25.92836962890625,0.5960922082319855,-0.13148352290987966,0.3271314749553799
1789030881493374000,25.9383740234375,0.40333910084515806,-0.09734276837706565,0.3511597085356712
1789030881503378000,25.9483779296875,0.41989977502375836,-0.055233226922154426,0.29456308430582284
1789030881513381600,25.958381591796876,0.11821984445005655,-0.033113749572634694,0.23718816917985677
1789030881523385900,25.9683857421875,-0.3712298521399498,-0.0031657705545425413,0.4877458152815699
1789030881533389800,25.978389892578125,-0.3734977970719337,-0.08743629139065742,0.33731267722994085
1789030881543393800,25.988393798828124,-0.2993532411918044,-0.015310381856560706,0.20694062269330024
1789030881553398000,25.99839794921875,-0.02259644721150398,0.16725158638358115,0.17117986574321983
1789030881563401700,26.008401611328125,0.6097863870635628,0.28042086944580075,-0.37425621422380206
1789030881573405700,26.01840576171875,0.5604363729611039,0.35546763486266136,-0.525392532108724
1789030881583411000,26.028410888671875,-0.16212445262819528,0.3070323975175619,-0.3918094065710902
1789030881593415000,26.038414794921874,-0.12268442264348267,0.23287352085113525,-0.42128976807743307
1789030881603420000,26.048419921875,0.10119915154427289,0.1815232728421688,-0.5570496531322598
1789030881613424000,26.058424072265623,-0.14093261151760816,0.027081483671069145,-0.6611854426503181
1789030881623428000,26.068427978515626,-0.25828707130998374,-0.29708441947698594,-0.6155027188837527
1789030881633432000,26.07843212890625,-0.17944617430716753,-0.5486339992254972,-0.46358460297137494
1789030881643436300,26.088436279296875,0.0778971864119172,-0.7345926241666079,-0.5068842309936881
1789030881653440000,26.09843994140625,0.16224632544219492,-0.8409230011194944,-0.5377332505047321
1789030881663444000,26.10844384765625,0.06681202103495597,-1.084431897753477,-0.21855624168515203
1789030881673448200,26.1184482421875,0.39546383742541075,-1.2223059984833002,0.08739946651160717
1789030881683452200,26.1284521484375,0.9268024184569716,-1.0765613105088472,0.1038785998865962
1789030881693456100,26.1384560546875,0.9774550395905971,-0.6373971553057431,0.0129644032523036
1789030881703460000,26.148460205078123,1.000217783279717,-0.04911795891225338,-0.012358546313643455
1789030881713465000,26.158465087890626,0.9494707618609071,0.3170762371480465,-0.07122428451925515
1789030881723469000,26.168468994140625,0.6759802762001752,0.4935527479946613,-0.08855185141712427
1789030881733473000,26.17847314453125,0.29371377400010823,0.6019347967803478,0.14673428353369236
1789030881743477000,26.18847705078125,0.18838731339275835,0.5060205999016761,0.22834376846700905
1789030881753481200,26.198481201171877,-0.03135258511900901,0.5836036057978868,0.31656624179929493
1789030881763485200,26.208485107421875,-0.26059564051330086,0.6966448785662651,0.32785160592347384
1789030881773489000,26.218489013671874,-0.30877368822693824,1.0295704267531633,0.35941958735883234
1789030881783493000,26.2284931640625,-0.16121698239445686,1.3326228147238492,0.2518760352239013
1789030881793497000,26.2384970703125,0.24912819782048462,1.726654281258583,-0.09759586635529995
1789030881803501000,26.2485009765625,0.07117050850540399,1.9309481888353823,-0.24432372014820575
1789030881813505300,26.25850537109375,-0.25955782189816234,1.7825071013838052,-0.18655892892181872
1789030881823509000,26.268509033203124,-0.5936603049099445,1.31471715567708,0.021146248403191566
1789030881833514000,26.278513916015626,-0.43645401946157214,0.8405155893623828,0.22631635429263114
1789030881843518000,26.28851806640625,0.4576914532795548,0.6225450386106968,-0.14041384834051132
1789030881853522200,26.298522216796876,0.3152794168591499,0.6497825896263122,-0.10184504823237657
1789030881863526100,26.308526123046875,-0.4683718372479081,0.38454058461189267,0.27991291992366313
1789030881873530000,26.318530029296873,-0.704890144342184,-0.10450491509139537,0.6537734128281474
1789030881883534000,26.3285341796875,-0.1032405942440033,-0.7267875033736229,0.641894174464047
1789030881893538000,26.3385380859375,0.5086746215417981,-1.171723227715492,0.06001490824073553
1789030881903542000,26.3485419921875,0.1573395564392209,-1.33939099368453,-0.029939795711636543
1789030881913546000,26.3585458984375,-0.1181128769442439,-1.4158382735490798,0.1733399663865566
1789030881923550200,26.36855029296875,-0.25711948883533475,-1.4165806163489818,0.4229720220759511
1789030881933554200,26.37855419921875,-0.19458119959682224,-1.3885095371186733,0.46081952217221256
1789030881943558000,26.388557861328124,-0.07895692459791898,-1.2282646146267653,0.23167057480216025
1789030881953562000,26.39856201171875,-0.15600860009640455,-0.9957254402965307,0.10702741930633783
1789030881963567000,26.408567138671874,-0.0015440145716071128,-0.7631260602116584,-0.17197218516469
1789030881973571000,26.418571044921876,-0.011005085878074168,-0.42068917183578014,-0.43479719216525553
1789030881983575000,26.428574951171875,-0.16118337238579988,-0.06007014555931091,-0.6200792330190539
1789030881993579300,26.438579345703126,-0.2008320766851306,0.08359656709730624,-0.659466071511805
1789030882003583200,26.448583251953124,-0.255731541608274,0.05627250684201717,-0.5165744348809123
1789030882013587000,26.4585869140625,-0.14748627094477415,-0.10307342098355293,-0.3190729639232158
1789030882023591200,26.468591064453125,-0.15754939979761837,-0.1042249291062355,-0.06732669255882501
1789030882033595100,26.47859521484375,-0.24733137753158807,0.007307108142971992,0.22493951298147438
1789030882043599000,26.48859912109375,-0.04819879824072122,0.18893910205662248,0.12783522953540086
1789030882053603000,26.49860302734375,0.07943477124273776,0.389236048951745,0.010184124884009362
1789030882063607000,26.50860693359375,0.14953677373379468,0.3419587494701147,0.1504185250043869
1789030882073612000,26.518612060546875,0.39507571489065885,0.1139887827515602,0.18767799607962368
1789030882083616000,26.528615966796874,0.4585094916641712,-0.02363397356569767,0.2392608838006854
1789030882093620000,26.538619873046876,0.36084231363832947,-0.24572306555211543,0.39600861182659863
1789030882103624200,26.548624267578123,0.5833879172205925,-0.6627630672305822,0.2140127530366182
1789030882113628200,26.558628173828126,0.6394438587024808,-0.8607289408296346,0.11882336330115795
1789030882123632000,26.568632080078125,0.4331713445290923,-0.8987918372422457,0.06375526381283998
1789030882133636000,26.578635986328123,0.37634792580604554,-1.2171879248172044,0.07420563841760158
1789030882143640000,26.58864013671875,0.4659411029696464,-1.7094330973446368,-0.07284633276313543
1789030882153644000,26.59864404296875,0.521586125563085,-1.9030711708724497,-0.5467568071767688
1789030882163648300,26.608648193359375,0.23295330808907747,-1.5508353575378655,-0.7691951509922742
1789030882173652200,26.61865234375,-0.014678221432864666,-0.9339888228297233,-0.5184843601554632
1789030882183656000,26.628656005859376,-0.14208470416218041,-0.18077099317014217,-0.3999462435364723
1789030882193660000,26.638659912109375,-0.2561807466804981,0.5094125804275274,-0.4137538196146488
1789030882203665000,26.648664794921874,-0.3511304824411869,0.7273439682126045,-0.3066670713365078
1789030882213669000,26.658669189453125,-0.4896721071690321,0.3334755832850933,-0.28825375502854583
1789030882223673000,26.668673095703124,-0.3061901014745235,-0.29232933390438554,-0.3422302598878741
1789030882233677000,26.678677001953126,0.023857260927557945,-0.6047925242990255,-0.5529723206907511
1789030882243681300,26.688681396484377,0.20123422774523494,-0.6482043805241584,-0.6239873463734984
1789030882253685000,26.69868505859375,0.4435150438889861,-0.5024748901188373,-0.578895866498351
1789030882263689000,26.70868896484375,0.42590047674328085,-0.14835574725568293,-0.6156047179535031
1789030882273693200,26.718693115234377,0.3122600690379739,0.24875848772525785,-0.5716930955126881
1789030882283697200,26.728697265625,-0.15749942317605017,0.31814006698727604,-0.2637169874042272
1789030882293701000,26.738701171875,-0.3574798514679074,-0.050158992397785186,0.059198915682733055
1789030882303705000,26.748705078125,0.025104046118259428,-0.3357973042309284,0.06534487109184264
1789030882313709000,26.758708984375,0.2580322197660804,-0.1116232226639986,-0.304437997110188
1789030882323713000,26.768713134765626,0.11339870790392159,0.165759886521101,-0.3424415645509958
1789030882333718000,26.778718017578125,0.3089259561792016,0.2869458873003721,-0.09851356572210788
1789030882343722000,26.788721923828124,0.010757833118736744,0.3858201030284166,0.48141339738965033
1789030882353726200,26.798726318359375,0.08449526950269937,0.19235972415506838,0.6596613018229603
1789030882363730200,26.808730224609373,-0.026660043388605115,0.0005991349369287491,0.5909615673452615
1789030882373734000,26.81873388671875,-0.3161629216954112,-0.37907822755277154,0.5617442406892776
1789030882383738000,26.828738037109375,-0.4338505589649081,-0.8402630759060382,0.6156707689270376
1789030882393742000,26.8387421875,-0.41887540041208265,-0.9621399815589189,0.8843181984707713
1789030882403746000,26.84874609375,-0.07599164505153894,-0.7631681457877159,0.8536836984932422
1789030882413750300,26.858750244140627,0.03446107252836227,-0.2117301950573921,0.6830895236834883
1789030882423754000,26.86875390625,0.21871289355158804,0.3935053968340158,0.3707204413130879
1789030882433758000,26.878758056640624,0.17550854259729384,0.7307172440379858,0.12951456092447042
1789030882443762200,26.88876220703125,-0.15464344922304152,0.6763847653478383,0.1377788236618042
1789030882453766100,26.89876611328125,-0.0512190228447318,0.4033832322478294,0.16934563605338335
1789030882463771100,26.908771240234376,0.29748423244953154,0.18108955760002135,0.2661281401991844
1789030882473775000,26.918775146484375,0.4521487244606018,0.10608429323732853,0.3667500763773918
1789030882483779000,26.928779052734374,0.4009764633670449,0.09233107769489288,0.4713341941848397
1789030882493783000,26.938782958984376,0.18972791434675454,0.017218261304497717,0.800764593732357
1789030882503787000,26.948787109375,0.3409726610422134,-0.015052023181319235,0.808851161815226
1789030882513791000,26.958791015625,0.17303893761336803,0.018259294790029523,0.8555459852337837
1789030882523795200,26.968795166015624,0.025238778413832187,-0.08870178128182887,0.9702049223318695
1789030882533799200,26.978799072265623,0.3305877528890967,-0.18847440715432165,0.7984186151280999
1789030882543803000,26.988802978515626,0.4919011813953519,-0.10662088433206081,0.5693354264706373
1789030882553807000,26.99880712890625,0.2217781263411045,0.0518576130092144,0.49595776330977676
1789030882563811000,27.00881103515625,-0.0734752783164382,0.026684008786082267,0.3535933654233813
1789030882573815000,27.01881494140625,-0.2790276615217328,-0.0329348858743906,0.3772954357892275
1789030882583818200,27.028818359375,-0.20703326941281555,-0.28025311166346073,0.20303075577318666
1789030882593823200,27.0388232421875,-0.022631518524885177,-0.6301765564024449,0.010879413671791552
1789030882603827200,27.0488271484375,-0.08032733616828917,-0.7900731038480997,-0.00576046322286129
1789030882613831200,27.0588310546875,0.033767829567193985,-0.7792652941077948,-0.1350610891357064
1789030882623835400,27.06883544921875,0.5647662188589573,-0.6251303789287805,-0.6878884483978152
1789030882633839000,27.078839111328126,0.9688529232010245,-0.13921207133531568,-1.289533906842768
1789030882643843000,27.088843017578125,0.8927943503931164,0.256539058598876,-1.7520450353637336
1789030882653847300,27.098847412109375,0.5405193740919232,0.20987959875464438,-1.7144111780181526
1789030882663851300,27.108851318359374,0.04055559001117944,0.02926584197282791,-1.2785656458437442
1789030882673855200,27.118855224609376,-0.09566665185838938,0.16407061825990676,-0.8757380016520618
1789030882683859200,27.128859130859375,0.1867477294921875,0.7532569926261902,-0.6337406786248088
1789030882693863200,27.13886328125,0.134153618901968,1.1363082154631614,-0.5422366994038224
1789030882703867100,27.1488671875,-0.05615531020313501,0.7824801645010709,-0.2991305383518338
1789030882713871400,27.158871337890623,0.07474281403422355,0.2787725177168846,0.0037841947138309477
1789030882723875300,27.168875244140626,0.5433820700466633,0.5064209973961115,-0.15454349597990513
1789030882733880300,27.17888037109375,0.42223786258250473,1.1995838790655136,-0.033682489371299744
1789030882743884300,27.18888427734375,0.012584756284952163,1.3755436725616454,0.2655611539661884
1789030882753888300,27.19888818359375,-0.25854104607105255,1.0611240874022245,0.5244231025546788
1789030882763892200,27.208892333984377,-0.23651889161616563,0.6436831037074328,0.7151198619335889
1789030882773896200,27.218896240234375,-0.0443850851714611,0.3181266229838133,0.7387853996813297
1789030882783900200,27.228900146484374,0.0983975381270051,0.12027648471891879,0.701089290754497
1789030882793904400,27.238904296875,0.2252151150524616,0.08643558991551399,0.5611424754038453
1789030882803908000,27.248908203125,0.2062687147811055,0.20114450363516806,0.5055921453565358
1789030882813912000,27.258912109375,0.12491495817452668,0.2664279999285936,0.2777662632837891
1789030882823916300,27.268916259765625,-0.06819149269461632,0.3733540046870708,0.21717063254565
1789030882833920300,27.278920166015624,-0.3429214570224285,0.3296984028339386,0.3654164896860719
1789030882843924200,27.28892431640625,-0.24149931037724018,0.1587058763563633,0.415726580992341
1789030882853928400,27.298928466796873,-0.17961831600368022,-0.05931377423405647,0.4906172790646553
1789030882863932200,27.30893212890625,0.1379369368329644,-0.34204350514411924,0.25554654043018815
1789030882873936100,27.31893603515625,0.40123452978134155,-0.5593798496454954,-0.030286417192220687
1789030882883941000,27.328941162109373,0.4452244781553745,-0.6632616644024849,-0.25453940921425816
1789030882893945300,27.3389453125,0.3622586101770401,-0.5331722261995077,-0.3806014915972948
1789030882903949300,27.34894921875,-0.1548605991050601,-0.41242753944694993,-0.20829495991170405
1789030882913953300,27.358953369140625,-0.2456695817992091,-0.4476537511289119,-0.0507572505518794
1789030882923957000,27.36895703125,-0.08807078990191221,-0.4053127390056848,0.2731213600873947
1789030882933961200,27.378961181640626,0.08007949888706206,-0.32796997160613534,0.31645722846686836
1789030882943965200,27.388965087890625,-0.01844283466339111,-0.12021160278916358,0.32625995281785725
1789030882953969200,27.39896923828125,-0.25136077917814253,-0.0876940655440092,0.43613282468318937
1789030882963973400,27.408973388671875,-0.09463204811364412,-0.2744289355546236,0.39894729562699793
1789030882973977300,27.418977294921874,-0.003445464278757572,-0.4663385778546333,0.4938578684210777
1789030882983981000,27.42898095703125,-0.1231058629259467,-0.6837813053399324,0.6684393593013286
1789030882993985300,27.4389853515625,0.06196048935055733,-0.9197826028227806,0.7466936885878444
1789030883003989200,27.4489892578125,0.11554711810946464,-0.990726609095931,0.49194706636369223
1789030883013993200,27.4589931640625,0.010764847381412982,-0.8936877921015024,0.11799831065386533
1789030883023997200,27.4689970703125,0.021146832925081252,-0.774863259756565,0.07022358304411172
1789030883034002400,27.47900244140625,0.24822248115241527,-0.7007242568343878,0.0012067454412579535
1789030883044006100,27.489006103515624,0.2929287611022591,-0.5398182400852441,-0.2240323350086808
1789030883054010000,27.499010009765627,0.0582993364945054,-0.44445174021720885,-0.1893105657175183
1789030883064014000,27.50901416015625,0.06369622710198164,-0.6243342601150274,-0.09922755921036004
1789030883074018300,27.519018310546876,0.3309630159422755,-0.6863117006003856,-0.052150458475947375
1789030883084022300,27.529022216796875,0.4039534333512187,-0.4170949467360973,-0.16770722119659184
1789030883094026200,27.539026123046874,0.483704138675332,-0.15928163041770457,-0.44568800401389597
1789030883104030200,27.5490302734375,0.4014396969646215,0.04034019369482994,-0.6154211780801415
1789030883114034200,27.5590341796875,0.12425357165634632,0.0693248806387186,-0.5885752567306161
1789030883124038100,27.5690380859375,0.17915069849193094,0.04397884245812893,-0.6571992956236005
1789030883134042400,27.57904248046875,0.20304273847192525,0.0270049113035202,-0.8152882091253996
1789030883144046300,27.58904638671875,0.3310723215356469,0.12573007394969463,-0.9546981411203741
1789030883154050000,27.599050048828126,0.345910117444396,0.2761106050312519,-0.8395031974494457
1789030883164054300,27.60905419921875,0.15633885496407746,0.1529804844468832,-0.3430570661008358
1789030883174058200,27.619058349609375,0.192328744494915,-0.43305297884643074,0.1403030814424157
1789030883184063200,27.629063232421874,0.4616913365706801,-0.9165683169513941,0.31236791332662106
1789030883194067200,27.639067138671876,0.5760241104543209,-0.9875643456727266,0.11197247449308634
1789030883204071200,27.6490712890625,0.6729708652511238,-0.7520335883110761,-0.07487287015467882
1789030883214075400,27.659075439453126,0.5952411443606018,-0.5439081397473812,-0.10591361284554004
1789030883224079000,27.6690791015625,0.5361106177389622,-0.36235622533261774,0.05235913279056549
1789030883234083000,27.6790830078125,0.4455737299844622,-0.32049276759326456,0.22226123368293046
1789030883244087300,27.68908740234375,0.28325550834983587,-0.5400993951141834,0.36658670250922437
1789030883254091300,27.69909130859375,0.23276479977965353,-0.641627340221405,0.39618952135145663
1789030883264095200,27.70909521484375,0.41872167115509507,-0.43466859734952445,0.2398071195065975
1789030883274099200,27.71909912109375,0.3743441847681999,0.02798924616575241,0.04385433929562568
1789030883284103200,27.729103271484377,0.28142127865999933,0.5507938076078891,-0.12193623462468385
1789030883294107100,27.739107177734375,0.27100188371539113,0.7931962043046951,-0.1522986396625638
1789030883304111400,27.749111328125,-0.038835926611721514,0.6042126785844564,0.29351211394816634
1789030883314115300,27.759115234375,0.017258301053941247,0.0018389058649539945,0.5092383929044008
1789030883324119300,27.769119384765624,0.14463438864499328,-0.33844752647876736,0.4076321218639612
1789030883334123000,27.779123046875,-0.0186547238484025,-0.3477794184476137,0.24760113438367842
1789030883344128300,27.789128173828125,0.03823240776062011,-0.1825087767481804,0.12004618309438228
1789030883354132200,27.79913232421875,0.04209025223255157,0.14568389769792556,0.1639662811025977
1789030883364136200,27.80913623046875,-0.15800561913251876,0.2717307825118303,0.428007678155601
1789030883374140200,27.81914013671875,-0.17504238639026878,0.060168929758667944,0.41325931409597394
1789030883384144400,27.829144287109376,-0.21263240459412336,-0.2160363678187132,0.4554682242721319
1789030883394148000,27.839148193359375,-0.0758893537208438,-0.5464478873580694,0.4634273665830493
1789030883404152000,27.849152099609373,0.3464022848755121,-0.4131348109334707,0.5427195144847035
1789030883414156300,27.85915625,0.4524924233317375,-0.11061258431673049,0.6781894766822457
1789030883424160300,27.86916015625,0.7440624633014201,-0.002218260571360588,0.43487902522981164
1789030883434164200,27.879164306640625,0.663362202167511,0.14023440012037752,0.48895519107133145
1789030883444168400,27.88916845703125,0.6626072921469808,0.17376082214713096,0.5617240746840835
1789030883454172200,27.899172119140626,0.8515481477692722,0.15867197408676145,0.4261050594046712
1789030883464176000,27.909176025390625,0.5488438425838947,0.05613689776360988,0.23232173218727112
1789030883474180000,27.91918017578125,0.3272667917728424,-0.1882815149307251,0.10340367585122584
1789030883484184300,27.929184326171875,0.13335107034742832,-0.4457821120381355,0.16214461863338947
1789030883494188300,27.939188232421873,0.43664515811949967,-0.5472650489598513,0.14524667532444
1789030883504192000,27.94919189453125,0.7745259906262159,-0.357795785549283,-0.22087679358720777
1789030883514197000,27.959197021484375,0.38297874212265015,-0.197875272706151,-0.27221856602877376
1789030883524201200,27.969201171875,0.09559621697068214,-0.34063948356509205,-0.03496493039727211
1789030883534205200,27.979205078125,0.07154167990535497,-0.4048427834063768,0.2847112601161003
1789030883544209200,27.989209228515627,0.16602905885130165,-0.5198416199833155,0.3249675749197602
1789030883554213400,27.99921337890625,0.470095300039649,-0.5444692807614803,0.15106559073626993
1789030883564217300,28.00921728515625,0.6150473763316869,-0.5634206494688987,0.008434650868177414
1789030883574221000,28.019220947265627,0.48635874483734365,-0.6313719036668539,0.000031271921098232266
1789030883584225500,28.0292255859375,0.05910773026794195,-0.7006365785509348,0.002439209845662117
1789030883594229200,28.039229248046876,0.05305003766417503,-0.6719388918548822,-0.18040040629208087
1789030883604233200,28.049233154296875,0.3439961005166173,-0.20655659181177616,-0.45647915488034485
1789030883614237200,28.0592373046875,0.3484817214980721,0.4930389532536268,-0.7286568043768406
1789030883624241400,28.069241455078124,0.07011018579751253,0.8401327275246381,-0.7167910100162029
1789030883634245400,28.079245361328127,0.08916822974979877,0.8227022847741842,-0.5838312770739197
1789030883644249000,28.0892490234375,0.5026441092059016,0.8470867844462394,-0.3411865960538387
1789030883654253300,28.09925341796875,0.4811553309753537,0.7965905229181051,-0.22282149791419506
1789030883664257300,28.10925732421875,0.3286325271680951,0.5434960518151521,-0.09673632691651582
1789030883674261200,28.11926123046875,0.08778174382746219,0.284008664804697,0.08239508235305547
1789030883684265500,28.129265380859376,0.1507420578703284,0.23695465268492696,-0.05522504361569881
1789030883694270500,28.1392705078125,0.05612900671809912,0.3707411918401718,-0.18266601313650607
1789030883704274400,28.1492744140625,0.12783581405729055,0.3691898707449436,-0.11746288860291242
1789030883714278100,28.159278076171876,0.19026625900715588,0.2962316020399332,-0.048420916558802124
1789030883724282400,28.169282470703124,0.342075653848052,0.37393151231408117,-0.19404314719736576
1789030883734286300,28.179286376953126,0.41703181837201114,0.5885165122807026,-0.4351388452097773
1789030883744290300,28.189290283203125,0.2238283368691802,0.7361053668171167,-0.4157628213495016
1789030883754294300,28.199294189453123,0.16459113500267267,0.7620739208102226,-0.3886109027907252
1789030883764298200,28.20929833984375,0.07152355972677468,0.4510118293851614,-0.2956058713570237
1789030883774302200,28.21930224609375,0.15371113680899143,0.013698270484805106,-0.15034019907116888
1789030883784306200,28.22930615234375,0.2202747360408306,-0.2904191163688898,-0.02741319984346628
1789030883794310400,28.239310302734374,0.34880613114684816,-0.5072527720451354,-0.14598609551489353
1789030883804314400,28.249314453125,0.43403643692582844,-0.5074526785314083,-0.2477420041590929
1789030883814318000,28.259318115234375,0.28705899228602644,-0.40539807920157905,-0.2565717918246984
1789030883824322300,28.269322265625,0.08114595907479524,-0.350037426507473,-0.3443050203353166
1789030883834326300,28.279326171875,-0.07752835309952497,-0.3968886095315218,-0.19573913746029137
1789030883844330200,28.289330322265624,-0.013246435064077376,-0.6060515844494104,-0.12652619276344776
1789030883854334500,28.29933447265625,0.015108721804618835,-0.7971130854874849,-0.13113690142929554
1789030883864338400,28.30933837890625,-0.2541334587618708,-0.9380898284077643,-0.03563450022190809
1789030883874343400,28.319343505859376,-0.3825549637526274,-1.0431354262471197,-0.09063099577873945
1789030883884347100,28.32934716796875,-0.24115502698421476,-0.9723030636548995,-0.17531711167842148
1789030883894351400,28.339351318359373,-0.20757307537794112,-0.7719611085742711,-0.24805092397779224
1789030883904355300,28.349355224609376,-0.27207535816580053,-0.5995429332077503,-0.1434542389497161
1789030883914359300,28.359359375,-0.27574703241586684,-0.4856143562108278,0.11270429589897393
1789030883924363300,28.36936328125,-0.1938084616586566,-0.448603014677763,0.2093435921818018
1789030883934367200,28.3793671875,-0.13340659992694853,-0.49157589496374127,0.3017328298047185
1789030883944371200,28.38937109375,-0.02138736368268728,-0.6485124235600233,0.4984270760327577
1789030883954375200,28.399375244140625,0.14090835385918615,-0.6822019271939993,0.508937656392157
1789030883964379400,28.40937939453125,0.13784195202589034,-0.5561123722821474,0.3314025764033198
1789030883974383400,28.41938330078125,-0.18036095106452701,-0.6574380728155375,0.42674218826442956
1789030883984387300,28.42938720703125,-0.23542174402922392,-1.234825872838497,0.6974073873713612
1789030883994391300,28.439391357421876,-0.03583674479573965,-1.7883090656608343,0.7190779519096017
1789030884004395300,28.449395263671875,0.2554515556231141,-1.6835171503216027,0.3310933643236756
1789030884014399200,28.459399169921873,0.3237450473874807,-0.8944266277700662,-0.14234218605458734
1789030884024403500,28.469403564453124,0.49310968040227887,-0.016496961292624474,-0.5981415419772267
1789030884034407400,28.479407470703126,0.4617585565879941,0.5716366891503334,-0.7782713146343827
1789030884044411100,28.4894111328125,0.20173925465792417,0.6626449938088655,-0.8105307854652404
1789030884054415000,28.4994150390625,-0.01312690033763647,0.31149580666720866,-0.5883639520674944
1789030884064419300,28.50941943359375,-0.01253477966338396,-0.16858838794529438,-0.4953957455128431
1789030884074424300,28.51942431640625,0.19773907910585403,-0.38963703096807,-0.6220125391691923
1789030884084428300,28.52942822265625,0.26503216165602206,-0.24488895281553266,-0.7767676320731639
1789030884094432300,28.539432373046875,0.626841566760838,0.026883915272355077,-0.9356301602959632
1789030884104436500,28.5494365234375,0.8134720996141434,0.4965589440733194,-1.1017223475113511
1789030884114440200,28.559440185546876,0.47334699531197544,0.7451157717466353,-1.1637751913204788
1789030884124444200,28.569444091796875,0.26316929039359094,0.6239958219408989,-0.7846186378344893
1789030884134448400,28.579448486328126,0.01811608692705631,0.05400339286625385,-0.46917555484622714
1789030884144452400,28.589452392578124,0.21577187166363,-0.6664508158326149,-0.431784274084866
1789030884154456300,28.599456298828127,0.33639965403825045,-0.9855302094966173,-0.46301615543365476
1789030884164460300,28.609460205078125,0.2021168557986617,-0.9926567003756761,-0.4336906922280788
1789030884174464300,28.61946435546875,0.042074762402474875,-0.9274684811502695,-0.0894081759855151
1789030884184468200,28.62946826171875,-0.046159985889494416,-0.9239841461658477,0.14935206481665372
1789030884194472200,28.63947216796875,-0.07364712775200605,-0.7632137384951114,0.0011424480333924293
1789030884204476400,28.649476318359376,-0.24364976640939712,-0.3450461940914392,-0.13797288492918014
1789030884214480400,28.65948046875,-0.4198080050870776,-0.043674891075491905,-0.11061375336050987
1789030884224484000,28.669484130859374,-0.596218172699213,-0.0848357535034418,0.062141983397305006
1789030884234488300,28.67948828125,-0.5226768434092403,-0.24223288534879683,0.09157324506491422
1789030884244492300,28.6894921875,-0.3302127820968628,-0.16004676957130431,0.11088263342976569
1789030884254496300,28.699496337890626,-0.18948913715481758,-0.012046411624550819,0.14091916751414538
1789030884264500500,28.70950048828125,-0.05980944879651069,0.1734931111216545,0.061383858506381506
1789030884274504200,28.719504150390627,0.05552139621376991,0.3168003428161144,-0.024686405228078363
1789030884284509200,28.72950927734375,-0.02311228777915239,0.31705051818490027,0.03411883496195078
1789030884294513200,28.73951318359375,-0.04960165077596902,0.12034838091135025,0.17090367915034294
1789030884304517400,28.749517333984375,0.17103958048969506,-0.30025486620664593,0.0891577083557844
1789030884314521300,28.759521240234374,0.2920049242556095,-0.4451999282360077,-0.07752367692440748
1789030884324525300,28.769525390625,0.013771627981960773,-0.4400298321217298,0.15954203491955996
1789030884334529300,28.779529296875,-0.14261545003801585,-0.6168792679339647,0.2014659906744957
1789030884344533200,28.789533203125,0.11011720201522111,-0.7059615729659795,0.20451193424165248
1789030884354537200,28.799537109375,0.027286943115293977,-0.5684744257271289,0.26919951046854257
1789030884364541200,28.809541259765624,0.22112024695426225,-0.38448037885725495,0.14054390446096657
1789030884374545400,28.81954541015625,0.7135016130819917,0.004730535653233528,0.179529176415503
1789030884384549400,28.82954931640625,0.8156500281751156,0.3432791844189167,0.23439444680809973
1789030884394553000,28.839552978515623,0.4641524659872055,0.3293313230872154,0.2554427877947688
1789030884404557300,28.849557373046874,0.1695809061139822,-0.002926116579771042,0.39409138002842664
1789030884414561300,28.859561279296877,0.4829457215234637,-0.2826712787210941,0.28599837731719013
1789030884424565200,28.869565185546875,0.644234600110352,-0.2358341242223978,0.07083207033127546
1789030884434569500,28.879569580078126,0.27607056528180834,-0.18810382027626035,-0.09725421331077813
1789030884444573400,28.889573486328125,-0.24665274761766193,-0.21504794130325317,0.12541969282627105
1789030884454577200,28.8995771484375,-0.2616273216485977,-0.3070312284737825,0.3416819783553481
1789030884464581400,28.909581298828126,0.2383501986965537,-0.44716450630724425,0.04739274255484342
1789030884474585300,28.91958544921875,0.5134051571950317,-0.44329847852885723,-0.17679682884216308
1789030884484589300,28.92958935546875,0.04744242691546678,-0.520706127858162,0.10414280378073454
1789030884494593300,28.93959326171875,-0.07176204465776681,-0.7144646128952503,0.35454087540656326
1789030884504597200,28.94959716796875,0.020022505070269106,-0.7523568289160728,0.5833300495535135
1789030884514602200,28.959602294921876,-0.05155336936563253,-0.8779612306594848,0.5968155540704727
1789030884524606200,28.969606201171874,0.1563715881898999,-0.9454314233422279,0.35365707830935716
1789030884534610200,28.979610107421873,0.5356947304144501,-0.6421183386087417,0.07515344066172838
1789030884544614400,28.989614501953124,0.6148448394969105,-0.21943711617290973,-0.07641162402927876
1789030884554618400,28.999618408203126,0.2776990432664752,-0.12850596840381623,-0.32199557337164875
1789030884564622300,29.009622314453125,0.2903475124374032,-0.15055121147334574,-0.7112900745123625
1789030884574626300,29.019626220703124,0.485330570833385,-0.14729776263535022,-0.953079600007832
1789030884584630000,29.029630126953126,0.25017390748113394,-0.2200602165073156,-0.8596537128135562
1789030884594634000,29.039634033203125,-0.24189620074033735,-0.5577087015628814,-0.5145508200988174
1789030884604638200,29.04963818359375,-0.2566483641922474,-0.7420791805297136,-0.20324147591441868
1789030884614642200,29.05964208984375,0.23734540556818245,-0.2616571322649717,-0.31244945413023234
1789030884624646000,29.06964599609375,0.4618436045229435,0.5434352615386248,-0.6122799574449658
1789030884634650000,29.079650146484376,0.12610212213248015,0.9723673610627651,-0.6130807524338364
1789030884644654000,29.089654052734375,-0.15037556264549493,0.9525433011740445,-0.4830152796283364
1789030884654658000,29.099657958984373,-0.025130934125185012,0.9033440937191247,-0.3480982751384377
1789030884664662000,29.109662109375,0.3658241937041282,1.2963941480010748,-0.4140273758590221
1789030884674666000,29.119666015625,0.5858917167350649,1.878119100445509,-0.6046770812258124
1789030884684670000,29.129669921875,0.20171528926044702,2.125692762300372,-0.48180268896818157
1789030884694674000,29.139673828125,-0.5597931066215038,1.796940700405836,0.06466594891697168
1789030884704678100,29.14967822265625,-0.9949681921884417,1.0120184034496544,0.679270549917221
1789030884714682000,29.15968212890625,-0.05951543428599834,0.5271867220491171,0.6851309663832187
1789030884724686000,29.16968603515625,0.7189853051900863,0.5071230081856251,0.34736119303554297
1789030884734690000,29.17968994140625,0.5585305393397808,0.4875508772313595,0.0263142986908555
1789030884744694000,29.189694091796873,0.016215806263685226,0.5335825605660677,-0.055227966225147244
1789030884754698000,29.199697998046876,-0.34017157379239793,0.5774012440264225,-0.07273527360409497
1789030884764703000,29.209702880859375,-0.5363499794527888,0.4106973546534776,0.03866115456670523
1789030884774707200,29.219707275390626,-0.4828232641875744,0.09785305598676204,0.3099292880028486
1789030884784711200,29.229711181640624,-0.42191608328223223,-0.2776607570827007,0.5931923951372504
1789030884794715100,29.239715087890627,-0.20037264247983694,-0.5946621754288673,0.6345695306643844
1789030884804718800,29.24971875,-0.2612371532872319,-0.7948141608953475,0.7718915504693985
1789030884814723000,29.25972314453125,-0.28315058667063714,-0.8993436259061097,0.7522764571562409
1789030884824727000,29.26972705078125,-0.2983274052754044,-0.9223930775821209,0.49057197861820456
1789030884834731000,29.27973095703125,-0.34474048914313316,-0.9715268185853958,0.09789484930187463
1789030884844735200,29.2897353515625,-0.278354000043869,-0.884286926549673,-0.02876432219147682
1789030884854739000,29.299739013671875,-0.4496422945976257,-0.6369838983297348,0.19929887576848268
1789030884864743000,29.309742919921874,-0.367342781573534,-0.501240964409709,0.3357274538651109
1789030884874747100,29.3197470703125,-0.028641864855587482,-0.3542676114231348,0.24640754068493842
1789030884884751000,29.329751220703123,-0.10649959603995084,-0.28457623555958267,0.23850714282393454
1789030884894755000,29.339755126953126,-0.08157295231521129,-0.2793605467379093,0.1239732934102416
1789030884904759000,29.349759033203124,-0.17722469886541364,-0.2179220354348421,0.29215719220787284
1789030884914763000,29.359762939453127,-0.11583324157446623,-0.24281097749769687,0.500159014391899
1789030884924767000,29.36976708984375,0.010742343288660049,-0.250278244638443,0.6367246628716587
1789030884934771000,29.37977099609375,0.06441928067952395,-0.26879589810371396,0.6036755029678345
1789030884944775200,29.389775146484375,0.31190555651187896,-0.33556758712828155,0.25275427936315537
1789030884954779100,29.399779052734374,0.42708091869950293,-0.31701252426207066,-0.13214870882034302
1789030884964782800,29.409782958984376,0.36889877884387967,-0.2937865469753742,-0.2046668325424194
1789030884974787000,29.419787109375,0.22183453270345924,-0.4485322875291109,0.11998393151313065
1789030884984791000,29.429791015625,0.3083665687307715,-0.7443810277312993,0.296338277284801
1789030884994795000,29.439794921875,0.38162878881841894,-0.9495657466679811,0.33964024339467286
1789030885004799200,29.44979931640625,0.49173050100356336,-1.0962170280933379,0.24487755463868377
1789030885014803000,29.459802978515626,0.7418842424795031,-1.1264742191910744,0.0633078123062849
1789030885024807000,29.469806884765624,1.1318918603256345,-0.7832832975775003,-0.4331500094801187
1789030885034811100,29.47981103515625,1.0937459618046879,-0.20740999377071856,-0.8634671336218714
1789030885044815000,29.489815185546874,0.8105684871271253,-0.01749649372398853,-1.048010338807106
1789030885054819000,29.499819091796876,0.733245593471825,-0.25573943265378474,-1.070658808466792
1789030885064824000,29.509823974609375,0.7668778139606117,-0.4839151510775089,-0.9580468670263886
1789030885074828000,29.519828125,0.8496887836381792,-0.44088615669012066,-1.0929758542150259
1789030885084832000,29.52983203125,1.1920844632208347,0.04609188908934593,-1.2895596258059143
1789030885094836000,29.5398359375,0.8510273387655616,0.5398346066981554,-0.9197782189086079
1789030885104840000,29.54983984375,0.48521366645544767,0.5109305837750434,-0.27885025912821293
1789030885114844200,29.55984423828125,0.2514247843250632,-0.08713526261746883,0.22324673758894203
1789030885124848000,29.56984814453125,0.4246145285859704,-0.6904734964549541,0.3364972691938281
1789030885134851800,29.579851806640626,0.45014059950858354,-0.7562848160147666,0.2286491811543703
1789030885144856000,29.58985595703125,0.5623033358767628,-0.5080003755420446,0.17714841875880954
1789030885154860000,29.599860107421875,0.5533817782744765,-0.12183657364249229,0.1955988522067666
1789030885164864000,29.609864013671874,0.2146121802344918,0.14118307914733885,0.4975424021527171
1789030885174868200,29.6198681640625,0.045588908003270624,0.02573357619345188,0.6612941637217998
1789030885184872200,29.6298720703125,0.15326719243377446,-0.05394669424295425,0.35800387534201145
1789030885194876000,29.6398759765625,0.2866094949528575,0.13526830214560032,-0.027735271404683588
1789030885204880000,29.6498798828125,0.20568506967425346,0.4415338069438934,-0.1422857796922326
1789030885214884000,29.659884033203124,0.007039104856550693,0.444857982930541,0.046586979129910465
1789030885224888000,29.66988818359375,-0.11433920362442732,0.08303425703942775,0.48071898538470265
1789030885234892000,29.67989208984375,-0.048663493143022055,-0.31763562459647654,0.5793295817404985
1789030885244896000,29.68989599609375,-0.11516688662022352,-0.5815285530894995,0.5196694782868028
1789030885254900000,29.69989990234375,-0.28596505956947804,-0.7683277205079794,0.7248454293951392
1789030885264904000,29.709904052734377,-0.07165683071762323,-0.88723934661448,0.8879457413181662
1789030885274908200,29.719908203125,0.28995120659619567,-0.6922077729016543,0.7166469253703951
1789030885284912000,29.729912109375,0.1960059717029333,-0.22732582359611986,0.6263780409023165
1789030885294916000,29.739916015625,0.20020254660993814,0.13360592189133166,0.46314679607599973
1789030885304920000,29.749920166015624,0.3076461455017328,0.3628542379826307,0.2801785851225257
1789030885314924000,29.759924072265626,0.3981964772596955,0.5016758486956358,0.09511544771641492
1789030885324928000,29.769927978515625,0.28092706540226936,0.5420668957948684,0.21366642381697892
1789030885334932000,29.779931884765624,0.16489537864625453,0.4193044394791126,0.3440495842695236
1789030885344936200,29.789936279296874,0.3176327019870281,0.32828327533900736,0.40154607994854447
1789030885354940000,29.79993994140625,0.4418219762355089,0.18206570915579795,0.2897708815932274
1789030885364944000,29.80994384765625,0.2956026564866304,0.03291793473958969,0.3304550664201379
1789030885374948000,29.819947998046874,0.26448943308144807,-0.07365209618806838,0.5420940760627388
1789030885384952000,29.8299521484375,0.42034167357236146,-0.06759820297658443,0.5999529753133654
1789030885394956000,29.8399560546875,0.4321265116512775,-0.013327683606743811,0.3060720280528068
1789030885404961000,29.8499609375,0.15824644215106964,-0.041644262030720705,0.03135141607522964
1789030885414965200,29.85996533203125,-0.17550035929083824,-0.3055237465202808,-0.0668412471294403
1789030885424969000,29.869968994140624,-0.21532266659140586,-0.5447860916256905,0.03974485815018415
1789030885434973000,29.879972900390626,-0.09819441677033901,-0.6277975523114204,0.04646189144551754
1789030885444977200,29.88997705078125,0.19878478876650332,-0.48872342814207076,-0.12810060247331856
1789030885454981000,29.899981201171876,0.07888356710076332,-0.30936522437930103,-0.24747750800400972
1789030885464985000,29.909985107421875,-0.26662673737108705,-0.30221944427788255,-0.1081789274290204
1789030885474989000,29.919989013671874,-0.2962576132640242,-0.36507074498832226,0.0808642195239663
1789030885484993000,29.929992919921876,0.26579846985340116,-0.43767830055952067,0.058282093098759646
1789030885494997000,29.9399970703125,1.0518693523228169,-0.32694004403650756,-0.045583939567208284
1789030885505001000,29.9500009765625,1.1280857460409401,-0.19818623835146426,-0.07311608961522578
1789030885515005200,29.960005126953124,0.4643038571566343,-0.21566227380931377,0.081295596678555
1789030885525009200,29.970009033203127,-0.04446867180168628,-0.4079027554988861,0.3089572281002998
1789030885535012900,29.980012939453125,-0.1862389031872153,-0.7242571081131697,0.25866408792883155
1789030885545017000,29.99001708984375,0.48260903691500423,-0.7421206815838813,-0.16413082401454449
1789030885555021000,30.00002099609375,0.6600201982632279,-0.358265741148591,-0.3546612869158387
1789030885565025000,30.01002490234375,0.3189639505907893,0.2628086403876543,-0.27675416363179683
1789030885575029200,30.020029296875,0.41830490704774853,0.6385340503811836,-0.23220015163421628
1789030885585033000,30.030032958984375,0.5006865453973413,0.9163193106263875,-0.294430397836864
1789030885595037000,30.040036865234374,0.5949255025401711,0.9927572381407022,-0.30516221973150964
1789030885605041200,30.050041259765624,0.39482144786864515,0.8666378726124763,-0.07270604750961066
1789030885615045000,30.060045166015627,0.02161006652265787,0.5158592723488807,0.2241004318088293
1789030885625048800,30.070048828125,-0.08978957651853561,0.5571130737572908,0.34510639984607694
1789030885635052800,30.080052734375,0.12726824330240488,0.9675514852136373,0.09613222354352474
1789030885645057000,30.09005712890625,0.22684710016846654,1.0911603292256593,-0.339908538942039
1789030885655061000,30.10006103515625,0.16149316898733376,0.9638567223489284,-0.6493433214262128
1789030885665065000,30.11006494140625,0.06879325798004865,0.774978995090723,-0.7143135139867663
1789030885675069000,30.12006884765625,-0.09449526999145745,0.6255196705073118,-0.7860556849002838
1789030885685073000,30.130072998046874,-0.007096972523629665,0.6063701488792896,-0.7132268877938389
1789030885695076900,30.140076904296876,-0.2616448573052883,0.529838697862625,-0.2500719084113836
1789030885705081000,30.1500810546875,-0.23896160859316587,0.25214345398843285,-0.07076689614057541
1789030885715085000,30.1600849609375,-0.31813509855121375,-0.10034311923682689,0.37056057457625863
1789030885725089000,30.170089111328124,-0.11457359690219163,-0.66176002766788,0.5786112043380737
1789030885735093000,30.180093017578123,0.5407926380753517,-1.0743863045573234,0.43581864416748284
1789030885745097000,30.190096923828126,0.5802002270951867,-1.0823346332132815,0.3829407481998205
1789030885755101000,30.200100830078124,0.23271102376580238,-0.9524632216751575,0.2765422744467854
1789030885765105000,30.21010498046875,0.17938976794481276,-0.75810618622303,0.10884382107853889
1789030885775109000,30.220109130859374,0.16091741492599249,-0.5605138221114874,-0.13602408894896506
1789030885785112800,30.23011279296875,0.10051204606294631,-0.37154432491660117,-0.3982786025851965
1789030885795116800,30.24011669921875,-0.1900119919851422,-0.32477965113222595,-0.3467562128797173
1789030885805121000,30.25012109375,-0.13538929817676543,-0.5599000741273165,-0.449563384142518
1789030885815125000,30.260125,0.136300275541842,-0.7620920409888029,-0.6075222415238618
1789030885825129000,30.27012890625,0.051657706522941584,-0.745094144436717,-0.7569640304505825
1789030885835134000,30.280134033203126,-0.11027356162071228,-0.518264579924941,-0.6906824630305171
1789030885845138200,30.29013818359375,-0.20652268954217431,-0.3034387569397688,-0.3161263890773058
1789030885855142000,30.300141845703124,-0.06805383778959512,-0.18152970258295534,-0.16337416042834518
1789030885865145900,30.310145751953126,0.02741846054047346,-0.1322188514471054,0.0019935119047760964
1789030885875150000,30.320150146484377,0.16621347550749777,-0.22530863855481145,-0.007968494661152362
1789030885885154000,30.330154052734375,0.09630115036964416,-0.2682669057935476,0.01374824710637331
1789030885895158000,30.340157958984374,-0.08979337591081857,-0.24084347681701182,0.2718681451559067
1789030885905162000,30.350161865234377,-0.07335545132905244,-0.20831834078729153,0.3874652398869395
1789030885915166000,30.360166015625,0.12061463063210248,-0.13725801465809345,0.3828089385136962
1789030885925170000,30.370169921875,0.17150690574049948,-0.1741904457360506,0.29084201795607806
1789030885935174000,30.380173828125,0.15851970613449812,-0.501565374058485,0.15125088417530058
1789030885945178000,30.39017822265625,0.0010194061756134032,-0.9690063601970672,0.45272710887044665
1789030885955182000,30.40018212890625,0.0259855051279068,-1.292124800118804,0.5393091215193271
1789030885965185800,30.410185791015625,0.2072355139866471,-1.2857055807262658,0.16022563326954842
1789030885975190000,30.42018994140625,0.22142624416351317,-0.9741495683044195,-0.25540596291571854
1789030885985194000,30.430194091796874,0.12410101144313812,-0.9136825323820114,-0.43119799862951036
1789030885995198000,30.440197998046877,0.08032850521206855,-1.1685860987335444,-0.2897740964636206
1789030886005202200,30.4502021484375,0.15567776070684194,-1.3996569540768862,-0.14593027367442846
1789030886015206000,30.460205810546874,0.31910803523659703,-1.1859756249517202,-0.22745091128051279
1789030886025209900,30.4702099609375,0.21729601249098776,-0.664928720831871,-0.45261721875518557
1789030886035213800,30.4802138671875,0.010830898354947566,-0.2634814250826836,-0.4253209232896566
1789030886045218000,30.490218017578126,0.23204671463817356,0.06819850695729256,-0.35180268261432646
1789030886055222000,30.500221923828125,0.3792904089987278,0.6059288348525762,-0.18003624915480612
1789030886065226000,30.51022607421875,0.30488866348713634,0.8272650626450777,-0.18654022422134875
1789030886075230000,30.52022998046875,0.07937105835676193,0.5573614955604076,-0.11971271335631609
1789030886085234000,30.53023388671875,-0.11992255671471357,-0.1617506508797407,-0.17534779907763004
1789030886095238000,30.54023779296875,0.02895692215412855,-0.729293933236599,-0.40659722585827107
1789030886105242000,30.5502421875,0.10077011247724293,-0.6408037488788366,-0.7231231356471777
1789030886115246000,30.56024609375,0.126909931384027,-0.053660278517007824,-0.8867071394339203
1789030886125249800,30.570249755859376,0.13687310699373484,0.5268593897908925,-0.9398612219944595
1789030886135254000,30.58025390625,0.20586071850210427,0.6355535732656717,-0.9321998935863375
1789030886145258000,30.590258056640625,0.20913871725946664,0.46477965797483917,-0.8390352876767516
1789030886155262000,30.600261962890624,-0.05874211182594299,0.15597674365341663,-0.711428898461163
1789030886165266000,30.610265869140626,-0.17528320940881967,-0.15078326666355132,-0.6757204562202096
1789030886175270100,30.620270263671873,-0.5006088039860129,-0.34335400322079657,-0.4419944101929664
1789030886185273900,30.63027392578125,-0.5711565044179558,-0.5668371799141169,-0.034083179126679894
1789030886195277800,30.64027783203125,-0.24710458303838967,-0.6804992149293422,0.0739782594025135
1789030886205282000,30.650281982421873,-0.2730836584255099,-0.5812585039764643,0.1479497968032956
1789030886215286000,30.6602861328125,-0.48769203926771876,-0.47583062882125376,0.3020096009194851
1789030886225290000,30.6702900390625,-0.5544543759420514,-0.396962843811512,0.5341977698549628
1789030886235294000,30.6802939453125,-0.2691504106298089,-0.2924263645380735,0.36116467746049163
1789030886245298000,30.6902978515625,-0.1328007429882884,-0.051747138372063635,0.3282321296736598
1789030886255302000,30.700302001953126,-0.42162177651077504,-0.07986088770031928,0.6970230642288923
1789030886265306000,30.71030615234375,-0.19943331580311058,-0.1514940452814102,0.8354948385909199
1789030886275310000,30.72031005859375,-0.14568302091509103,-0.2411398294150829,0.8306833466559648
1789030886285313800,30.730313720703126,-0.25447774215489627,-0.4464005361974239,0.7304466104030609
1789030886295318000,30.740318115234373,-0.380891998976469,-0.6949269687324762,0.7826639966353773
1789030886305322000,30.750322021484376,-0.4508507936045527,-0.7554267378807067,0.9817439689561724
1789030886315326000,30.760325927734375,0.2015598064377904,-0.6199515149861574,0.637054333217442
1789030886325330000,30.770329833984373,0.5728641851186752,-0.1180453646659851,0.3457251162663102
1789030886335334100,30.780334228515624,0.18114216457009313,0.30375089162886143,0.300486044614017
1789030886345337900,30.790337890625,0.32951515522152186,0.48627895759940143,0.12577128274291752
1789030886355341800,30.800341796875,0.5905667228087782,0.4646732749909162,0.04797901801019907
1789030886365346000,30.810345947265624,0.5722270562589168,0.17294892124235628,-0.10178571926057338
1789030886375350000,30.82035009765625,0.722590928466618,0.07508300577402115,-0.3382663246929645
1789030886385354000,30.83035400390625,0.7537716641500591,0.13906184920966624,-0.22450258286893365
1789030886395358000,30.84035791015625,0.5240972316011786,0.17362638211250303,-0.08893091386258602
1789030886405362000,30.85036181640625,-0.10706249061971902,0.07811316725015639,0.1277463822081685
1789030886415366000,30.860365966796873,-0.3092845603585243,-0.11695873847305774,0.16966186239570377
1789030886425369900,30.870369873046876,0.049427463252842425,-0.17840192595124243,-0.016891221307218075
1789030886435374000,30.8803740234375,-0.029114158542454242,-0.2552472652226686,0.09623656070083379
1789030886445378000,30.8903779296875,-0.44887510961741206,-0.4958452428460121,0.4855111880972981
1789030886455381800,30.9003818359375,-0.40730157473534345,-0.6988730760097503,0.8780252358064055
1789030886465386000,30.910385986328127,0.22518530443608759,-0.8022539555072784,0.5456047145321965
1789030886475390000,30.920389892578125,1.0584814639389515,-0.6916834567666054,-0.08669482537358998
1789030886485394000,30.930393798828124,1.0289525871157645,-0.7072843460023402,-0.29195670119971034
1789030886495398100,30.940398193359375,0.5243205189630389,-0.7559136446148157,-0.1433174608275294
1789030886505401900,30.95040185546875,0.550363307236135,-0.5617126765072346,-0.3045271366983652
1789030886515405800,30.96040576171875,0.785907800862193,-0.0808189190775156,-0.7676321394592523
1789030886525410000,30.97041015625,0.6248819571256637,0.27807869023382664,-1.1113877092182636
1789030886535414000,30.9804140625,0.2739665787398815,0.48453299071490763,-1.1256249088853596
1789030886545418000,30.99041796875,-0.19056115030050277,0.6011123744815587,-0.8649278538241982
1789030886555422000,31.000421875,-0.5433119274199009,0.6892565218806266,-0.3719575818926096
1789030886565426000,31.010426025390625,-0.5518631904050707,0.6229512813240289,-0.15948416725248096
1789030886575430000,31.020429931640624,-0.2091357946500182,0.41796062365472314,-0.23961013562977312
1789030886585434400,31.030434326171875,-0.03823386906534433,0.32066403250694275,-0.20762714365273713
1789030886595438600,31.0404384765625,0.07669014870971441,0.6214613350272178,-0.10870178225934504
1789030886605442600,31.050442626953124,0.25476824953407046,1.1154384459137916,-0.0023290274694561957
1789030886615446300,31.0604462890625,0.20713030004650354,1.4571937817662954,-0.126342945151031
1789030886625450500,31.070450439453126,-0.10100567479878664,1.5944091263264417,-0.18469371957182884
1789030886635454500,31.080454345703124,-0.4806403671905398,1.2780366535335779,0.009079378512501715
1789030886645459500,31.09045947265625,-0.3892272811233997,0.5785445688426494,0.1959405052512884
1789030886655462400,31.10046240234375,-0.011047463715076446,0.11269348224401474,0.32604864815473555
1789030886665467400,31.11046728515625,0.24093729258030652,-0.04973813663721084,0.10275573333650827
1789030886675470300,31.12047021484375,0.010272095428407192,-0.09899404271543025,-0.04255757748335599
1789030886685475300,31.130475341796874,-0.0387669530287385,-0.263709973141551,-0.2244333170250058
1789030886695479300,31.140479248046876,0.1930383540689945,-0.3091629798054695,-0.281944133490324
1789030886705483500,31.1504833984375,0.08640197990685701,-0.28684242692589756,-0.13415654151141643
1789030886715486500,31.160486572265626,-0.21230302650928495,-0.4174702097892761,0.11187865872979164
1789030886725491500,31.170491455078125,-0.20476152508854864,-0.5790840825468302,0.3537739826872945
1789030886735495400,31.180495361328123,0.0254866156950593,-0.7033592815130949,0.3559332065477967
1789030886745499400,31.19049951171875,0.2583323717564344,-0.7589414680033921,0.12099135499000549
1789030886755502300,31.20050244140625,0.1148231877490878,-0.6477642355412244,0.24140754044055937
1789030886765507600,31.210507568359375,-0.24951515131145716,-0.636030543127656,0.5150155150011182
1789030886775511600,31.220511474609374,-0.3666819795772433,-0.7065057628452778,0.7373951143667101
1789030886785515300,31.230515380859377,-0.43456046079993244,-0.8628834885150194,0.7840063511550426
1789030886795519200,31.240519287109375,-0.4013897203430533,-1.1784259402245283,0.46131110508143897
1789030886805523500,31.2505234375,-0.2406441548526287,-1.37577748131752,0.08682517375499009
1789030886815527400,31.26052734375,-0.23884499647617338,-1.3576122945517302,-0.17775252213180065
1789030886825531400,31.270531494140624,-0.2610334474086761,-1.0681745904356241,-0.3388067151799798
1789030886835535600,31.28053564453125,-0.24957418802231549,-0.5316594835489988,-0.4520367885187268
1789030886845539300,31.290539306640625,-0.303596870110929,-0.008092705562710762,-0.6070382573992014
1789030886855543300,31.300543212890624,-0.19781945086568592,0.3441173888087272,-0.6597647621974349
1789030886865547500,31.310547607421874,0.02666501182466745,0.35592063932716844,-0.653072863343358
1789030886875551500,31.320551513671877,0.3490595213860273,0.11808686572015285,-0.4823611996337771
1789030886885555500,31.330555419921875,0.16254969230294228,-0.17553075442910193,-0.06215571966171264
1789030886895559400,31.340559326171874,-0.055200785957276816,-0.6056500179111958,0.3161135295957327
1789030886905563400,31.3505634765625,-0.027343641738593577,-1.0712906766295431,0.5962102816537023
1789030886915567400,31.3605673828125,0.44960868458896874,-1.2899474560797213,0.42542847531735895
1789030886925571300,31.3705712890625,0.8824211326777934,-0.9535527704775333,-0.18145283795446157
1789030886935575600,31.380575439453125,0.9218073866486549,-0.23410043229758737,-0.588287964221835
1789030886945579500,31.39057958984375,0.6001356384038925,0.19996201585233211,-0.38532764333635566
1789030886955583200,31.400583251953126,0.2904346061989665,-0.04287994130551815,0.014566285490989685
1789030886965587500,31.41058740234375,0.40082887158989905,-0.47592532136738297,-0.0560512653067708
1789030886975591400,31.42059130859375,0.5222051342442632,-0.47584816447794437,-0.4975716282472014
1789030886985595400,31.430595458984374,0.3747907594919204,-0.26382980012893675,-0.7878405224904418
1789030886995599600,31.440599609375,0.040187048959732054,-0.32905601327717304,-0.6138447225436567
1789030887005603300,31.450603271484376,-0.21354805813431738,-0.5250689992427826,-0.23317016571015117
1789030887015607300,31.460607177734374,-0.16573533660173415,-0.7679623943269253,0.032839608806371684
1789030887025611500,31.470611572265625,-0.07536737567335366,-0.9049035981208086,-0.21363018345981835
1789030887035615500,31.480615478515624,0.19158961656540632,-0.7920826901048421,-0.5606184515297412
1789030887045619500,31.490619384765626,0.5824179031446576,-0.28854397014677524,-0.7158630815163254
1789030887055623400,31.50062353515625,0.6020598844647407,0.34801147363781926,-0.8881634757220744
1789030887065627400,31.51062744140625,0.49256139886975286,0.5870791729539633,-0.8229352167472243
1789030887075631400,31.52063134765625,0.40012423045188183,0.2726169176965952,-0.29842677399665113
1789030887085635300,31.53063525390625,0.23845950428992507,-0.23449030839800833,-0.07699906852841377
1789030887095639600,31.5406396484375,-0.106396720187366,-0.6837707839459181,0.007802490444481372
1789030887105643500,31.5506435546875,-0.294588803268969,-0.9358832582741975,0.048777767172455785
1789030887115647200,31.560647216796873,0.1629118036136031,-0.8198264370769262,-0.0984320249184966
1789030887125651500,31.5706513671875,0.23784546404480933,-0.2565519180804491,-0.05666589007377624
1789030887135655400,31.580655517578126,0.09537000699937342,0.16506372095048427,0.1422176828920841
1789030887145659400,31.590659423828125,0.29858664073348046,0.23879823472499845,0.1686737281411886
1789030887155663600,31.60066357421875,0.40971915727108715,0.2537912211954593,-0.06529401768743992
1789030887165667600,31.61066748046875,0.5182274627849459,0.4356868344813585,0.05488368283212185
1789030887175671300,31.62067138671875,0.3835787538424134,0.5468459467649459,0.3176481918171048
1789030887185675300,31.63067529296875,0.16710107199698684,0.40375440364778037,0.5385325841888785
1789030887195679500,31.640679443359375,-0.11618833862245082,0.10973755504786968,0.7053130459293723
1789030887205683500,31.650683349609373,-0.5735457376420497,-0.2702168708175421,0.6999123559296131
1789030887215687400,31.6606875,-0.628704730284214,-0.622531594607234,0.9467693939477204
1789030887225691400,31.67069140625,-0.05478460637181997,-0.7311456985831261,1.0014777202129364
1789030887235695400,31.6806953125,0.29198709633797404,-0.4155056317180395,0.8145403133675455
1789030887245698600,31.690698486328124,0.213595404407382,0.11239128442704677,0.5798404538720846
1789030887255702500,31.70070263671875,-0.4849772273510694,0.29892975508272646,0.6229577110648155
1789030887265707500,31.71070751953125,-0.5081128960058092,0.2313192771464586,0.6058747665777802
1789030887275710500,31.72071044921875,-0.3781842013224959,0.04296002080440521,0.5252990086063742
1789030887285714400,31.73071435546875,-0.4622825804620981,-0.12818272779881953,0.6392752241373062
1789030887295718400,31.740718505859373,-0.07033025828897953,-0.29841946747303005,0.47317748396396636
1789030887305722400,31.750722412109376,0.23741817854344843,-0.16168635347187518,0.37685470628440376
1789030887315726600,31.7607265625,0.2940557193055749,-0.031825463327765466,0.46086190000921484
1789030887325730300,31.770730224609373,0.5416764351725578,0.14741525153517723,0.34531916581392286
1789030887335734300,31.780734375,0.17310849571824072,0.34564299094080925,0.6029682314813136
1789030887345738500,31.790738525390626,-0.06234013631790876,0.25231471890211105,0.5959902091622352
1789030887355742500,31.800742431640625,0.21562077275514602,0.19060498944222926,0.3326841406464576
1789030887365746400,31.810746337890624,0.07495236513167619,0.16316110219955443,0.32260435291975736
1789030887375750400,31.82075048828125,-0.0019347674548625944,0.1982020204424858,0.5045145792528987
1789030887385754400,31.83075439453125,0.30067484518438575,0.3259294056892395,0.2846183211356401
1789030887395758300,31.84075830078125,0.371617390152812,0.4716594806164503,0.09382190077453852
1789030887405762600,31.850762451171875,-0.08808072677403687,0.26669337286651135,0.11598404822200536
1789030887415766500,31.8607666015625,-0.30893589305132624,-0.18882804289758204,0.17924509877711534
1789030887425770500,31.8707705078125,0.2515367202669382,-0.5358101734876632,-0.19328034613132475
1789030887435774200,31.880774169921875,0.8577835350275039,-0.5203215124547481,-0.6880974149733782
1789030887445778400,31.8907783203125,0.7865390845030545,-0.4164496345698833,-0.8987328005313873
1789030887455782400,31.900782470703124,0.4388485133826732,-0.6025555590271949,-0.7395841488435864
1789030887465786400,31.910786376953126,0.46927346226274963,-0.8812216937601566,-0.4684340888291597
1789030887475790600,31.92079052734375,0.598487871196866,-0.9767734870672226,-0.3351031844869256
1789030887485794300,31.930794189453124,0.8575538179248571,-0.8767015859872103,-0.4586193817794323
1789030887495798300,31.94079833984375,1.1375047317713498,-0.5335229393333196,-0.6555307778894901
1789030887505802500,31.950802490234373,1.1067770005524158,0.08187105847895144,-0.8781745811492204
1789030887515806500,31.960806396484376,0.9275906462252139,0.5615069248020649,-0.8790534098103642
1789030887525810400,31.970810546875,0.16345219410061834,0.6609329291939735,-0.26631694076955315
1789030887535814400,31.980814453125,-0.5653787977993489,0.20781623648405073,0.40830402977615593
1789030887545818400,31.990818359375,0.0050499768659472465,-0.341879839015007,0.17163111664205788
1789030887555822300,32.000822265625,0.44960751554518935,0.012962941947579383,-0.1124731174916029
1789030887565826300,32.010826416015625,0.4482125540554523,0.6922364144742489,-0.2680500481724739
1789030887575830500,32.02083056640625,0.3260492326766252,1.2137807467222212,-0.2506868254393339
1789030887585834200,32.03083422851562,0.04134206421375274,1.338250006955862,0.169922559158504
1789030887595838000,32.040837890625,0.1487599441424012,1.0899199737757443,0.2497106738835573
1789030887605842200,32.05084228515625,0.44233694002032276,0.8091893077284097,0.12638766107559204
1789030887615846100,32.06084619140625,0.211120538726449,0.4903098205506801,0.10969371590614319
1789030887625850000,32.07085009765625,-0.03980535616576671,0.135748194617033,0.21973493007570505
1789030887635854300,32.080854248046876,-0.006579962912201881,-0.08127718423902988,0.4594128702446818
1789030887645858300,32.0908583984375,-0.017208908954262733,-0.20513094292283057,0.6035565527632832
1789030887655862000,32.10086206054687,0.05870528694689273,-0.4178893119841814,0.3130982734277844
1789030887665866200,32.1108662109375,-0.05235679470300674,-0.6126952602475881,0.18083178344666956
1789030887675870200,32.1208701171875,-0.12900427331477402,-0.8030874837219715,0.20975334202647208
1789030887685874200,32.13087426757812,-0.18944383670836687,-0.9932207639992237,0.41986499597132204
1789030887695878100,32.14087817382813,-0.04130670063942671,-1.2174807702839374,0.44360038408488034
1789030887705882000,32.15088208007813,0.043186523036658764,-1.2836445565432308,0.3911450974434614
1789030887715886000,32.160885986328125,0.041031390829384326,-1.1584008048057555,0.27618659287691116
1789030887725890000,32.17089013671875,0.025856618051230906,-0.838017927327752,0.000017827917635440826
1789030887735894300,32.180894287109375,-0.29646950244903564,-0.4119628445446491,-0.11607669494152069
1789030887745898200,32.190898193359374,-0.43546851555556054,-0.1727607051938772,-0.09436404482722281
1789030887755902200,32.20090209960937,-0.34818683020472524,-0.09211597363948822,0.08722907838076352
1789030887765906200,32.21090625,-0.3944774567365646,-0.19612170703709125,0.3804468855574727
1789030887775910100,32.22091015625,-0.09940993003994227,-0.2726952436298132,0.3841457400754094
1789030887785914000,32.2309140625,-0.05873422078043222,-0.13365794433951378,0.35613545112162825
1789030887795918300,32.24091845703125,0.165271226221323,-0.006079027652740478,0.13171966975331306
1789030887805922300,32.25092236328125,0.23591771085262297,0.08426876727044581,-0.2490937110289931
1789030887815926000,32.260926025390624,-0.31596798364520073,0.07168459550738335,-0.07977233263403177
1789030887825930200,32.27093017578125,-0.7156888939931988,-0.3774667007029056,0.4550625660806894
1789030887835934200,32.280934326171874,-0.3419841761723161,-0.974480407693982,0.7944707542851567
1789030887845938200,32.29093823242187,0.33054011435508723,-1.2523784806638956,0.4732280451074242
1789030887855942100,32.30094213867188,0.6215501823544501,-0.8833551986575127,0.0075534841194748875
1789030887865946000,32.31094604492188,0.6388833022102713,-0.4403191704571247,-0.13526362597048283
1789030887875950000,32.3209501953125,0.7369742586061359,-0.2122229470103979,0.12194587923586368
1789030887885954000,32.3309541015625,0.8167024598374962,-0.15146774179637432,0.3684595106437802
1789030887895958300,32.340958251953126,0.7494333426848053,-0.12572890490591526,0.35500615483075376
1789030887905962200,32.350962158203124,0.7021016826674342,-0.20356851591169833,0.06776566849797963
1789030887915966200,32.36096630859375,0.6147124452888966,-0.34910920574665066,-0.18090280285626648
1789030887925970200,32.37097021484375,0.588015869282186,-0.6789636759251356,-0.46834114984869957
1789030887935974100,32.38097412109375,0.7354504100397229,-0.9141939890354871,-0.6986749230891466
1789030887945978000,32.39097802734375,0.6325915085896849,-0.7436912919014692,-0.7978963448196649
1789030887955982300,32.400982421875,0.4962941556572914,-0.36371874585747715,-1.0557096611380576
1789030887965986300,32.410986328125,0.22498744377642868,-0.015721885266900062,-1.1385633009135723
1789030887975990000,32.420989990234375,0.3916261589586735,0.14740648370683193,-1.1523074563667177
1789030887985994000,32.430993896484374,0.5133846989288926,0.3514052077293396,-0.9702689274787902
1789030887995998200,32.440998291015624,0.13686930760145186,0.2916822681725025,-0.7152975565880536
1789030888006002200,32.45100219726562,-0.13043518290072678,-0.25695173105299474,-0.3666635671377182
1789030888016006100,32.46100610351562,0.09560586158186196,-1.0261351916074752,-0.1862894643306732
1789030888026010400,32.47101025390625,0.3462660912752151,-1.4650298822194336,-0.18320669588446617
1789030888036014000,32.48101416015625,0.42205724531859157,-1.4339654663920403,-0.28643033899366854
1789030888046018000,32.49101806640625,0.41440643830448387,-0.9953682974219321,-0.13864946901649236
1789030888056022300,32.501022216796876,0.6026888300180435,-0.4676058213114738,-0.04900339262187481
1789030888066026200,32.511026123046875,0.41640842577666043,0.006798574098944664,0.009667115272581578
1789030888076030200,32.5210302734375,0.19694763646721838,0.21421616665422916,0.11594810012578964
1789030888086034200,32.5310341796875,-0.023697686451673507,0.12224515444338321,0.33156010505259037
1789030888096038100,32.5410380859375,0.07766922287493944,-0.035382863548398015,0.34536826565265655
1789030888106042000,32.5510419921875,0.09539309561401604,-0.1206985095232725,0.24401772293895482
1789030888116046000,32.56104614257813,0.2549684482812881,-0.1896446199774742,0.1647790587902069
1789030888126049300,32.57104931640625,-0.03852846809774637,-0.25746611031591893,0.3687497257620096
1789030888136053000,32.58105297851562,-0.42770635712146754,-0.49432139427959915,0.7089668922618031
1789030888146057200,32.59105712890625,-0.34919863759577274,-0.8376882569819688,0.7570970091804862
1789030888156061200,32.60106127929687,0.29217618916928767,-0.787149909877777,0.47457916745543477
1789030888166065200,32.61106518554688,0.41967648766189813,-0.1991208888530731,0.294020063470304
1789030888176069400,32.6210693359375,0.2760539064079523,0.4294827191442251,0.16697744561731814
1789030888186073000,32.631072998046875,0.3190045748621225,0.8907587529122829,0.1659828816220164
1789030888196077000,32.6410771484375,0.06848053876906633,1.0432757115006446,0.36281302918940783
1789030888206081000,32.6510810546875,0.1530932971715927,0.8843769429206848,0.46487259695529937
1789030888216085200,32.66108520507812,0.11907792258411645,0.5362608398646116,0.6119833125859498
1789030888226089200,32.67108911132812,-0.3341533364161849,-0.11339490851163864,0.7495490780189633
1789030888236093200,32.68109326171875,-0.11573504189699887,-0.6221393804192543,0.5327943327978253
1789030888246097200,32.69109716796875,-0.07586275797486305,-0.9919581967175006,0.38856998625844713
1789030888256101000,32.70110107421875,0.4606184466421604,-1.0981284146726131,0.4536857247695327
1789030888266105000,32.71110498046875,1.1455290482729672,-0.7419938403338193,0.19363602770119903
1789030888276109300,32.721109375,0.11248422340750694,-0.3310352043956518,0.47651656525880093
1789030888286113300,32.73111328125,-0.8817404569372534,-0.5390414104938507,0.8738447352513671
1789030888296117000,32.74111694335937,-0.6952624842971563,-0.843993494606018,0.9923623936042189
1789030888306121200,32.75112133789062,0.3739306355312466,-0.5866249994456768,0.3664890873536467
1789030888316125200,32.76112524414062,1.0874714115798472,0.08103811478614807,-0.28231355132460595
1789030888326129200,32.77112915039063,0.7420230664283036,0.5615741448193788,-0.40175329295843837
1789030888336133000,32.78113305664063,0.028045360267162322,0.6037526598572731,-0.06784662477970123
1789030888346137300,32.79113745117188,-0.06066840371340513,0.447556720495224,-0.024750994896888732
1789030888356141000,32.80114111328125,0.22480068903267383,0.27935060986578464,-0.22804215517193077
1789030888366145000,32.81114501953125,0.43551118565350766,-0.05578676915168762,-0.44779023699015374
1789030888376149200,32.821149169921874,0.33591771574020385,-0.3327800022363663,-0.14414514382332563
1789030888386153200,32.8311533203125,0.2533040222004056,-0.49134676238298414,0.04675649047791958
1789030888396157200,32.8411572265625,0.48971711535453794,-0.36563948478698727,-0.30286884809732434
1789030888406161200,32.8511611328125,0.8708388314336538,0.012733809366822241,-0.9105240683510899
1789030888416165000,32.8611650390625,0.9370578550115227,0.2469125675976276,-1.343244454242289
1789030888426169000,32.87116918945313,0.5819347958028316,0.31361352947354315,-1.1919096911758185
1789030888436173300,32.88117333984375,-0.07287848146706818,0.3616168051421642,-0.5350125933691859
1789030888446177300,32.89117724609375,-0.445175086055696,0.2749731254339218,0.005111643925309181
1789030888456181200,32.90118115234375,-0.21883038245141506,0.13608254113793372,0.3962766151130199
1789030888466185200,32.911185302734374,0.101486151792109,-0.13880465957820415,0.46862522748708724
1789030888476189200,32.92118920898437,0.1028854971960187,-0.3463941015690565,0.3027300241485238
1789030888486193200,32.93119311523437,0.2258542897388339,-0.18297639425992965,-0.0019619477227330205
1789030888496197000,32.94119702148438,0.5808899629250168,0.19356033211648463,-0.4369952867314219
1789030888506201300,32.95120141601563,0.37171646661311386,0.49999301017522807,-0.5174576474562287
1789030888516205000,32.961205078125,0.30045126556158064,0.5972434240937232,-0.6392442444771528
1789030888526209000,32.971208984375,0.34887042855471373,0.7810556846559047,-0.642608167952299
1789030888536213200,32.981213134765625,0.48316199462264775,0.922846082046628,-0.8496107499659061
1789030888546217200,32.99121728515625,0.2671361481979489,1.0042623824954033,-0.5772019220620394
1789030888556221200,33.00122119140625,-0.2502081020116806,0.7446937469422816,0.04317103320658207
1789030888566225400,33.01122534179687,-0.1370458332121372,0.43787996061146256,0.19486235462576149
1789030888576229000,33.02122900390625,0.19942630154043434,0.4524047450482845,0.07885024935305118
1789030888586233600,33.03123364257812,-0.1389142574325204,0.5094610957443714,-0.150289637927711
1789030888596236500,33.041236572265625,-0.6445195545315742,0.31920389682650563,-0.0640597997173667
1789030888606240500,33.05124047851562,-0.4887856797233224,-0.025140870997309682,0.010013444492220878
1789030888616244500,33.06124438476562,-0.037542379669845104,-0.3290706263244152,-0.08663608092367649
1789030888626248700,33.07124877929687,-0.02978255932331085,-0.5504220516860485,-0.07058306400626897
1789030888636252700,33.08125268554687,0.18498831860423087,-0.7654886976897716,-0.28390140503793954
1789030888646256400,33.09125634765625,0.24983166991472242,-0.7965759098708629,-0.46645577449351544
1789030888656260600,33.10126049804688,-0.051230713282525535,-0.6622194618731737,-0.3433630633100867
1789030888666264600,33.1112646484375,-0.29278964489251375,-0.3769663499653339,-0.022835516664385793
1789030888676268500,33.1212685546875,-0.43849692346602676,-0.17282792521119117,0.30289310575574635
1789030888686272500,33.1312724609375,-0.33181174172610045,-0.15820143396556377,0.12451865233331919
1789030888696276700,33.14127685546875,-0.35234015049189327,-0.19358312847018241,0.018935878877341748
1789030888706280400,33.15128051757812,-0.41187808887064453,-0.48509004007577894,0.16255846013128755
1789030888716284400,33.16128442382813,-0.40434418623447416,-0.8373240998446941,0.46046997808218
1789030888726288600,33.17128857421875,-0.5090972308680415,-1.110267765277624,0.7321040222212671
1789030888736292600,33.18129272460938,-0.4830976972147822,-1.3158482055336236,0.528779544198513
1789030888746296600,33.19129663085938,-0.4826400165751576,-1.44325351921916,0.3104036275163293
1789030888756300500,33.201300537109375,-0.5544307028055191,-1.6658856320410966,0.402099037656188
1789030888766304500,33.211304443359374,-0.3159945793911815,-1.8506413109332323,0.5033364753842353
1789030888776308500,33.22130859375,-0.09961772757172584,-1.6262410193949937,0.44322541329264636
1789030888786312700,33.231312744140624,0.017000526900589466,-1.2015817748844624,0.14911679475605488
1789030888796316700,33.24131665039062,0.42819151028990743,-0.7499462606430053,-0.514985996645689
1789030888806320400,33.2513203125,0.6893366013795137,-0.21473872922360895,-1.0391317435637115
1789030888816324400,33.26132446289063,0.8449009648397564,0.2904705542951822,-1.3378802968606351
1789030888826328600,33.27132861328125,0.8841808358266949,0.6852145530134439,-1.3144433071717618
1789030888836332500,33.28133251953125,0.5151753817379474,0.8075538154810666,-0.7942197021335363
1789030888846336500,33.29133642578125,0.3266638574436307,0.30387539479136466,-0.49661856530606746
1789030888856340700,33.3013408203125,0.4774234509706497,-0.37209786714613435,-0.6890951938390731
1789030888866344400,33.31134448242187,0.6686266985669732,-0.7718874588161706,-0.9931406845003365
1789030888876348400,33.32134838867187,0.7046665647193789,-0.6612924101561307,-0.8977396978408098
1789030888886352600,33.3313525390625,0.6099602823257446,-0.3359276526123285,-0.573668487238884
1789030888896356600,33.34135668945312,0.3695607498839497,-0.13381050455272198,-0.5271855530053376
1789030888906360600,33.35136059570313,0.029106559757888315,-0.07826338937580585,-0.4471446325629949
1789030888916364500,33.361364501953126,-0.3483747539922595,-0.28472119698822496,-0.10920680917203426
1789030888926368500,33.371368408203125,-0.4995177938789129,-0.6947849299132823,0.006271919876337051
1789030888936372500,33.38137255859375,-0.6278381765827536,-0.9486024545937776,0.052692310267686844
1789030888946376400,33.39137646484375,-0.552976120083034,-1.085250812920928,0.044805940932035444
1789030888956380700,33.40138061523437,-0.24767478414177893,-0.8721499140322208,-0.013060557103157042
1789030888966384600,33.41138452148437,-0.13617051168233155,-0.3530173191010952,-0.025931729114055634
1789030888976387600,33.4213876953125,-0.17025602889657018,-0.1715104128718376,-0.11927812133133411
1789030888986391600,33.4313916015625,-0.04223053748607635,-0.29290976414084435,-0.162190211340785
1789030888996395500,33.4413955078125,-0.3472892968431115,-0.836225783213973,-0.12735796741247177
1789030889006399700,33.45139965820312,-0.4789525602340698,-1.635142118731141,0.042182022169232364
1789030889016403500,33.46140356445313,-0.09755874921530484,-2.242232983100414,-0.010389292067289353
1789030889026407400,33.47140747070313,0.18585370326191186,-2.0278800383239983,-0.3187412477508187
1789030889036411600,33.48141162109375,0.20478256787657736,-1.25690209556818,-0.5821981229141354
1789030889046415600,33.49141552734375,0.27824235636293887,-0.41364977471828457,-0.48667409439682957
1789030889056419600,33.501419677734376,0.159342420694232,0.14195289447605608,-0.15114391666948795
1789030889066423600,33.511423583984374,0.0413876569211483,0.19660569116175172,-0.09544044188708066
1789030889076427500,33.52142749023437,0.07802227409631013,0.10250292761921882,-0.35858255201280115
1789030889086431500,33.53143139648437,0.37582477871477604,0.21936463545858859,-0.6209878722965717
1789030889096435500,33.541435546875,0.7154366727977991,0.38215748886764045,-0.8446142568528652
1789030889106439700,33.55143969726562,0.5226572619259358,0.5190910938769578,-0.6208858732268214
1789030889116443600,33.56144360351563,0.14407704702317714,0.4576566742271185,-0.014859715479612349
1789030889126447400,33.571447265625,-0.03586334054172039,0.3247235370308161,0.42708091869950293
1789030889136451600,33.58145166015625,-0.3726847271233797,0.20139409448206425,0.5889990351006388
1789030889146455600,33.59145556640625,-0.20596184078902005,0.008785364001989364,0.4212368688464164
1789030889156459500,33.60145947265625,0.08626432500183581,0.07849836717545985,0.29627485665977
1789030889166463500,33.61146337890625,0.4407055394262075,0.35969372812509537,0.19042758704870938
1789030889176467700,33.6214677734375,0.3694078974097967,0.7163157937198877,0.0769432466879487
1789030889186471400,33.63147143554688,0.161768771058321,1.0047796843677759,0.07380524092316627
1789030889196475400,33.64147534179688,-0.5767500866413117,0.7337181794196367,0.2752656786397099
1789030889206479600,33.65147973632813,-1.4472104401513932,-0.13128829259872435,1.1471049192875622
1789030889216483600,33.661483642578126,-1.0025906498908996,-1.0769611234813927,1.5949065544545649
1789030889226487600,33.671487548828125,-0.2419593291044235,-1.530876857614517,1.2281681685149668
1789030889236491500,33.681491455078124,-0.054154784035682677,-1.5451339310258625,0.6805261029362678
1789030889246495500,33.69149560546875,0.1873959642678499,-1.227934944280982,0.4873208678677678
1789030889256499500,33.70149951171875,0.1979401546359062,-0.5935673659294843,0.8297866900771855
1789030889266503700,33.71150366210937,0.18508476471602917,-0.1099497364938259,0.891021495501697
1789030889276506600,33.721506591796874,0.377410002079606,0.21907471260130404,0.40819940035790203
1789030889286510600,33.73151049804687,-0.2215039855748415,0.2675876913577318,0.4473462926149368
1789030889296514600,33.7415146484375,-0.5712713629692793,-0.19243162034749983,0.7679483658015728
1789030889306518500,33.7515185546875,-0.22429712342470884,-0.6188000068634748,0.9810705997392535
1789030889316522500,33.7615224609375,0.1467211317911744,-0.735821289178729,0.6644733782798051
1789030889326526700,33.77152661132813,0.6177145497143268,-0.49992871276736256,-0.28230682932287454
1789030889336530400,33.781530517578126,0.8116706031501293,0.05773556513190269,-1.0032719101533294
1789030889346534400,33.791534423828125,0.4809726678848266,0.6002414368659258,-1.1280401533335447
1789030889356538600,33.80153857421875,0.24845512086451052,1.0018331095218658,-1.0984300279676913
1789030889366542600,33.81154248046875,0.1944189947724342,1.198855564790964,-0.8570806474551558
1789030889376546600,33.82154663085937,-0.0377232891947031,1.0908318279236555,-0.6085016079500317
1789030889386550800,33.83155078125,-0.09798808054327965,0.738199124225974,-0.4004804965436458
1789030889396554500,33.84155444335938,0.0138379712164402,0.3169026341468096,-0.1493479731634259
1789030889406558500,33.85155834960938,0.1195899637594819,-0.0989350060045719,-0.10832242755293846
1789030889416562400,33.8615625,0.3293430135250091,-0.26558687292933464,-0.2571408238843083
1789030889426566700,33.871566650390626,0.5565136465594173,-0.38211481876969333,-0.677635057669878
1789030889436570600,33.881570556640625,0.783140381975472,-0.6200444539666176,-1.2511705661788581
1789030889446574300,33.89157421875,0.6316732247009873,-0.34752982760071754,-1.335898183132708
1789030889456578600,33.90157861328125,0.2832350500836968,0.2922235354423523,-1.3141627366647124
1789030889466582500,33.91158251953125,0.19963497585505247,0.8979255758017302,-1.2734107472985983
1789030889476586500,33.92158642578125,-0.05130494756251573,1.180265430611372,-0.9657640172749757
1789030889486590700,33.9315908203125,-0.33796149652749297,1.108091590282321,-0.5347410829514265
1789030889496594400,33.94159448242188,-0.5941849133059383,0.7530921574532985,0.1692643875107169
1789030889506598400,33.951598388671876,-0.4713794946312904,0.33953765980303285,0.6658484660252928
1789030889516602600,33.9616025390625,-0.3094917733684182,0.17284253825843332,0.889288972620666
1789030889526606600,33.971606689453125,-0.42183921865373847,0.16059329753816126,1.2217276140734552
1789030889536610600,33.981610595703124,-0.31870909904688594,0.11979717676937579,1.2059823479309677
1789030889546614500,33.99161450195312,0.21258914997428655,0.2056570126235485,0.8207333227887749
1789030889556617500,34.001617431640625,0.6157607852980495,0.3232879512697458,0.23003362125009297
1789030889566621400,34.011621337890624,0.4904959907725453,0.45208618061840533,-0.14360767594575882
1789030889576625700,34.021625732421874,0.02560059746354818,0.4349234488934278,-0.20354279694855212
1789030889586628900,34.03162890625,-0.317698168438673,0.30793665288090705,0.048209319634735584
1789030889596632800,34.0416328125,-0.3731248721063137,-0.02551613405048847,0.4748270047366619
1789030889606636800,34.05163671875,0.21984686601758002,-0.37980420373976226,0.49173167004734275
1789030889616640800,34.061640869140625,0.36669045514464377,-0.5547276399254799,0.41045799293965096
1789030889626644700,34.071644775390624,0.1032251044139266,-0.7041513086736202,0.3170978644579649
1789030889636649000,34.08164892578125,-0.03972206179648637,-0.7100286762744188,0.2943357052907348
1789030889646653000,34.09165283203125,-0.1699260662898421,-0.6452332557588816,0.4600339247524738
1789030889656656600,34.10165673828125,0.2544809570252895,-0.46097208238542076,0.19989567261785268
1789030889666660900,34.11166088867188,0.19917846425920724,-0.048531098935008045,0.06989625078588724
1789030889676664800,34.12166479492188,0.03721095575839281,0.2548264094620943,0.03137304338514805
1789030889686668800,34.131668701171876,0.11575316207557916,0.42725393717885013,0.001499298647046089
1789030889696673000,34.141673095703126,0.30792876183539625,0.334287484189868,-0.033113165050745005
1789030889706676700,34.1516767578125,0.5754056862950324,0.12794833452105522,-0.23866087208092213
1789030889716680700,34.1616806640625,0.023929157119989393,-0.04147182807326317,0.2166676514595747
1789030889726685000,34.17168481445312,-0.428652990321815,-0.5123696766674518,0.8677244988054037
1789030889736689000,34.18168896484375,-0.1255786827802658,-1.1289981847107409,0.7442702608332038
1789030889746692900,34.19169287109375,0.16661445752382278,-1.2944716555058955,0.303913973236084
1789030889756696800,34.20169677734375,0.36413930935710664,-1.009056046512723,-0.2924868625536561
1789030889766700800,34.21170068359375,0.09719868373125791,-0.48177638548314566,-0.4783575169503689
1789030889776704800,34.221704833984376,-0.13091419858932493,-0.2277040092587471,-0.19038345564603804
1789030889786708700,34.231708740234374,-0.005183247856795787,-0.3943254810452461,0.09708557874560356
1789030889796713000,34.241712890625,0.21386691482514142,-0.6348690981328488,0.09840922856479882
1789030889806717000,34.251717041015624,0.42422815961688753,-0.6456394984722137,-0.044944764880836006
1789030889816720000,34.261719970703126,0.6694412298202514,-0.37753275167644024,-0.1994379919782281
1789030889826723800,34.271723876953125,0.5997618366554379,-0.09692191261649132,0.0306888605132699
1789030889836727800,34.281727783203124,0.5269321627661585,-0.08767360727787017,0.41651305519491433
1789030889846731800,34.29173168945312,0.6707490975484252,-0.36683541657328606,0.2988812397658825
1789030889856736000,34.30173608398437,0.8928095479622483,-0.44050446389615533,-0.4810851883485913
1789030889866739700,34.31173974609375,0.8727861661091446,-0.16734510988593101,-0.947932300247252
1789030889876743700,34.32174365234375,0.7058630810275673,0.02061199539601803,-0.8969491319850087
1789030889886748000,34.33174780273438,0.5667831116393208,0.006234510475397109,-0.6928016471415758
1789030889896751900,34.341751953125,0.519064790391922,-0.12584756284952162,-0.4639987367302179
1789030889906755800,34.351755859375,0.4533423181593418,-0.40624855855107306,-0.4169228050395846
1789030889916759800,34.361759765625,0.5908490468814969,-0.6935340530693531,-0.5025058697789907
1789030889926763800,34.371763671875,0.7040989939644933,-0.7232663435101508,-0.44020080477446316
1789030889936767700,34.38176782226562,0.5059679929316043,-0.7259183193236589,-0.3250365485027432
1789030889946772000,34.39177197265625,0.7221934535816311,-0.761685213753581,-0.06545943738222122
1789030889956776000,34.40177587890625,0.9054638623520731,-0.5574041656583547,0.02012742674946785
1789030889966780000,34.41177978515625,0.7278232761621475,-0.45184418855607505,-0.23047785788625477
1789030889976784000,34.42178393554688,0.4350570121452212,-0.31319150466918944,-0.217263863787055
1789030889986787800,34.431787841796876,0.14531594116836785,-0.30374037023484707,0.07520575537085533
1789030889996791800,34.441791748046874,0.15043109222501516,-0.2784282343238592,0.304169409301877
1789030890006795800,34.45179565429687,0.013659399779140949,-0.23923194996714592,0.32964228873252865
1789030890016800000,34.461800048828124,0.21249942586421966,-0.08527823657393455,0.068891457657516
1789030890026803700,34.4718037109375,0.20570728150606155,0.4446890561044216,-0.17808248473852872
1789030890036807000,34.481806884765625,-0.006437924093008041,0.8399012568563222,-0.01668488508015871
1789030890046811000,34.491810791015624,-0.22308745537400243,0.7117576920241117,0.3164309249818325
1789030890056814800,34.50181494140625,-0.23843612341433762,0.3281342222571373,0.6454077355429529
1789030890066819000,34.51181909179687,0.03604717267602682,-0.08468494685590267,0.6160828568592667
1789030890076822800,34.52182275390625,0.08673983355909586,-0.10282675274610519,0.4802531214386224
1789030890086826800,34.53182666015625,0.0563233602464199,0.002457330024242401,0.4730971122041344
1789030890096830700,34.54183081054688,0.06458762298375367,0.0833592512100935,0.614260317607224
1789030890106835000,34.5518349609375,-0.07069149281680584,0.1294610771715641,0.8085060016393661
1789030890116839000,34.5618388671875,0.09907792160660028,0.18237901288866995,0.534685845632851
1789030890126842600,34.57184252929687,0.023819267004728317,0.4079319815933704,0.21132892078012228
1789030890136846800,34.581846923828124,-0.3142573803350329,0.45689913385808467,0.22408143484741447
1789030890146850800,34.59185083007812,-0.580300472599268,0.18650106125473975,0.4818740006387233
1789030890156854800,34.60185473632812,-0.9624375032007694,-0.3821832078307867,0.9371338428571819
1789030890166859000,34.61185888671875,-0.7369511699914931,-1.014906526106596,0.7276753921240567
1789030890176863000,34.62186303710938,-0.39416035361140966,-1.3278180447906256,0.2398921674415469
1789030890186866700,34.63186669921875,0.19685206713825462,-1.0842664780586957,-0.016291794109344483
1789030890196871000,34.641870849609376,0.6395324137687682,-0.6410381421566009,-0.41349020024240013
1789030890206875000,34.651875,0.8569178581088781,0.0767448015064001,-0.43560733950436115
1789030890216878800,34.66187890625,0.5109560104772448,0.5603630154639482,-0.3677957860380411
1789030890226882800,34.6718828125,-0.2781424031198025,0.5913590422302484,-0.23351532588601112
1789030890236886800,34.68188671875,-0.8898664802476763,0.36153263399004937,0.2586985747203231
1789030890246889700,34.6918896484375,-0.6139104812562465,-0.19233926588892936,0.3596016659274697
1789030890256894000,34.70189404296875,0.2641822668284178,-0.4583820658922195,-0.03466594745069742
1789030890266898000,34.71189794921875,0.5657306799769402,-0.3311135303288698,-0.2649094120591879
1789030890276901600,34.72190161132813,0.2999006459414959,-0.2541980484306812,-0.19758739567548037
1789030890286905900,34.73190576171875,-0.0036029929280281064,-0.3329804932445288,0.11917466095685958
1789030890296909800,34.74190991210938,-0.15834230374097824,-0.4096814556092024,0.6681605423599482
1789030890306913800,34.75191381835938,-0.3082218995630741,-0.5737941594451665,1.1981789807036518
1789030890316918000,34.76191796875,-0.04017915791422128,-1.038446391648054,0.9603060441300273
1789030890326922000,34.771921875,0.6260740895196795,-1.259759238564968,0.3879655906245112
1789030890336925700,34.78192578125,0.8877908430173993,-0.9487076685339212,-0.080982292945683
1789030890346929700,34.7919296875,0.9490534132316708,-0.5605740278661251,-0.7329816818386315
1789030890356934000,34.80193383789062,0.5990662556067109,-0.4209907851308584,-1.04522392295897
1789030890366937900,34.81193774414062,0.1358501936867833,-0.4021767790675163,-0.7491127324283122
1789030890376941800,34.82194189453125,0.018116671448946,-0.4494938260376453,-0.4256386109367013
1789030890386945800,34.83194580078125,0.1849298664152622,-0.33711247848272324,-0.5414736060768366
1789030890396949800,34.84194970703125,0.31225188573151824,0.13168518296182155,-0.705878570857644
1789030890406953700,34.85195361328125,0.3185074389949441,0.6223340262085199,-0.7733502248451113
1789030890416958000,34.8619580078125,0.5256412461727857,1.0391910725355147,-0.8515589614242315
1789030890426962000,34.8719619140625,0.7224377837315201,1.1498615245193242,-0.9745724698916077
1789030890436966000,34.8819658203125,0.36582799309641123,0.9913859497874975,-0.6748509799093008
1789030890446969900,34.89196997070312,-0.26508418410420415,0.7104290737688541,-0.14675298823416233
1789030890456972800,34.901972900390625,-0.21655279290825127,0.7754922053098678,0.04191343436092138
1789030890466976800,34.911976806640624,0.013831249214708805,1.1299971326202154,-0.21341946331858633
1789030890476981000,34.92198095703125,0.08954875349998474,1.2954589129775762,-0.593049479535222
1789030890486984700,34.93198461914063,0.04779840074628591,1.2245511470615864,-0.7154770048081874
1789030890496988700,34.94198876953125,-0.18817308612018824,0.8775257618516683,-0.6439180815070867
1789030890506993000,34.95199291992188,-0.046047757686674594,0.5884557220041752,-0.6337760421991347
1789030890516996900,34.96199682617188,0.01983282771706581,0.5495078594505787,-0.4898781511351466
1789030890527000800,34.972000732421876,-0.13214549394994973,0.5058271231561899,-0.3495946511760354
1789030890537005000,34.982005126953126,-0.14233254144340754,0.5018500362187623,-0.15918284621834755
1789030890547008800,34.9920087890625,-0.0856181360527873,0.43267479318380353,-0.16774463059753178
1789030890557012700,35.0020126953125,-0.2800587581351399,0.33306174178719516,0.026751228803396223
1789030890567017000,35.01201684570312,-0.6467305085793137,0.04627250635325909,0.28811142394840716
1789030890577021000,35.02202099609375,-0.359854763905704,-0.4253144935488701,0.21316052012145517
1789030890587025000,35.03202490234375,-0.17699995019882916,-0.9399807567209005,0.2769976169988513
1789030890597028900,35.04202880859375,-0.35006168416589495,-1.5457231290906668,0.5094496975675225
1789030890607033000,35.052033203125,-0.5379764116108418,-2.1870710678488017,0.7723235121458768
1789030890617036800,35.062036865234376,-0.34401655878275633,-2.7384078962922094,0.6593158493861556
1789030890627040800,35.072040771484374,0.09621493339091539,-2.8149697424471376,0.1617971203699708
1789030890637045000,35.082044921875,-0.17258330280035733,-2.3690175345391036,0.18447423160225151
1789030890647049000,35.092049072265624,-0.5170420523926615,-1.7642805398195982,0.30091449915915724
1789030890657052200,35.10205224609375,-0.700895229487121,-1.2299971375077963,0.48878772554993627
1789030890667055900,35.112055908203125,-0.3350079074189067,-0.7659457938075065,0.2295814935684204
1789030890677059800,35.122059814453124,0.17242080571502447,-0.11397884587943553,-0.47267450287789103
1789030890687063800,35.13206372070312,-0.047860944588482376,0.41609132265150545,-0.5966594867259264
1789030890697068000,35.14206811523437,-0.23475831168442962,0.5008376443058252,-0.5238301050975919
1789030890707072000,35.15207202148437,-0.19290625212192533,0.42078737151324747,-0.3719982061639428
1789030890717075700,35.16207568359375,-0.20888035858422516,0.2627075181007385,-0.058330023893713945
1789030890727080000,35.17207983398438,-0.08070932122319936,0.12327332844734191,-0.13921148681342602
1789030890737084000,35.182083984375,-0.08535773155093193,0.08341068913638591,-0.3171209530726075
1789030890747088000,35.192087890625,-0.10256459467858076,-0.047369653940200804,-0.3750535020813346
1789030890757092000,35.202092041015625,0.22125790185928343,-0.25347733294069763,-0.3839107622757554
1789030890767095800,35.212095703125,0.36731823165416716,-0.2719640067458153,-0.1419204535111785
1789030890777099800,35.22209985351562,0.27021540951281786,-0.28536183297932144,0.0720548901244998
1789030890787104000,35.23210400390625,0.2849003529474139,-0.36493396686613555,0.19813626172989607
1789030890797108000,35.24210791015625,0.4162225478157401,-0.38902386750578877,0.06451309644281863
1789030890807112000,35.25211181640625,0.4953416772380471,-0.21583295420110224,-0.16389964560717343
1789030890817116000,35.26211596679688,0.34345980168282986,-0.10755261222422122,-0.24266572380810975
1789030890827119900,35.272119873046876,0.0899400909051299,-0.28134324498772617,-0.0687166856124997
1789030890837122800,35.28212280273438,0.12282412337511778,-0.7058236258000135,-0.04509440248459577
1789030890847127000,35.292126953125,0.13923048377484082,-0.8817436718076467,-0.24169044903516768
1789030890857131000,35.30213110351563,0.12112696406841278,-0.622436317539215,-0.5954243919730187
1789030890867134700,35.312134765625,0.08828940108865499,-0.18918050959706306,-0.44255175181478257
1789030890877139000,35.322138916015625,-0.09700725281238555,-0.1854839931666851,-0.09156213914901018
1789030890887143000,35.332142822265624,-0.17295067480802534,-0.5819903253823518,0.07174655482769011
1789030890897147000,35.34214697265625,0.040542438268661496,-0.8606213888019323,0.08237140921652317
1789030890907151000,35.35215112304687,0.028006197300553322,-0.8650058874964713,0.02539192314893007
1789030890917155000,35.36215502929687,-0.06708060884326696,-0.872116011762619,-0.37925299959778785
1789030890927158800,35.37215869140625,0.030042087042331692,-0.6723264298677444,-0.6147574534744024
1789030890937162800,35.38216284179688,0.22278028912097214,-0.06767477534413337,-0.6316860841825604
1789030890947167000,35.3921669921875,0.37598055379837747,0.6504565433651208,-0.785527569372952
1789030890957171000,35.4021708984375,0.6269850668847561,1.2287737331926822,-1.017608770802617
1789030890967175000,35.4121748046875,0.4798167758479714,1.5131383718281983,-1.036971058398485
1789030890977179000,35.422178955078124,-0.027663082951307295,1.3697557368099689,-0.6959741396978497
1789030890987182800,35.43218286132812,-0.24119828160405157,0.6784212396115065,-0.2583639359384775
1789030890997186800,35.44218676757812,-0.0764464030817151,-0.18618249682486057,-0.15377631099969147
1789030891007190000,35.45218994140625,0.14925181931257248,-0.5573194099843501,-0.2516243985503912
1789030891017194000,35.462194091796874,0.2799167193159461,-0.4170774110794067,-0.2539993109881878
1789030891027198000,35.47219799804687,0.015919161404669285,-0.12545008796453475,0.233780406562984
1789030891037202000,35.48220190429687,-0.11874825223833321,0.04036883526742458,0.6388964539527893
1789030891047206000,35.49220581054688,-0.06265168648511171,0.1281108316063881,0.7230754971131682
1789030891057209900,35.5022099609375,-0.25909897221475836,0.1346755969494581,0.8584571965053677
1789030891067214000,35.51221411132813,-0.5859142208278179,-0.11024433552622795,1.1293418835818767
1789030891077217800,35.5222177734375,-0.7711395630583167,-0.48961716211140155,1.3891750152900815
1789030891087221800,35.5322216796875,-0.2776125340268016,-0.8412830666035414,1.0196411534130572
1789030891097226000,35.54222607421875,0.05370031826645136,-0.7743646625846624,0.7256058923736214
1789030891107230000,35.55222998046875,-0.049533553975820536,-0.7167711362719535,0.649865007212758
1789030891117234000,35.56223388671875,-0.14493570967912672,-0.5377250671982765,0.8114113676920532
1789030891127238100,35.57223803710937,-0.24245295784026383,-0.5241027845591306,0.7584329339593648
1789030891137241900,35.58224194335938,-0.2511237555518746,-0.5951297929406165,0.2877250549793243
1789030891147245800,35.59224584960938,-0.23607407045811413,-0.4643173011600971,0.1038306690916419
1789030891157250000,35.60225,0.3500035242378711,-0.10242752429544925,0.25831951227486133
1789030891167254000,35.61225390625,0.8672133344128727,0.4576654420554638,0.19585458053350446
1789030891177258000,35.622258056640625,0.7027014021262526,0.8475263449072837,0.1422816880390048
1789030891187261000,35.63226098632813,0.1472293735742569,0.7216103929966687,0.04254471800178289
1789030891197265000,35.642264892578126,0.2420896774858236,0.49125031627118587,-0.14427023150771856
1789030891207268900,35.652268798828125,0.6260685365617275,0.5660089123964309,-0.07570172219425439
1789030891217273000,35.662273193359376,0.73033613576591,0.5182184026956558,-0.20153321069180966
1789030891227277000,35.672277099609374,0.4127718228399753,0.2678156548947096,-0.07154080312252044
1789030891237280800,35.68228076171875,-0.17411942632645366,-0.18186521814763545,0.33427520923018456
1789030891247285000,35.69228491210937,-0.2453630000680685,-0.6373860493898391,0.6202157188802957
1789030891257289000,35.7022890625,-0.12246727276146412,-0.8795786027282476,0.6018608547613025
1789030891267293000,35.71229296875,0.5763470587983727,-0.7965601277798414,0.1315598030164838
1789030891277297000,35.722296875,1.0377467189460992,-0.5104495222598314,-0.2947808187097311
1789030891287300900,35.73230078125,0.692045860338211,-0.4754185408890247,-0.11482201870530843
1789030891297304800,35.742304931640625,0.4777151273936033,-0.5797708957672119,0.12669044341444968
1789030891307308800,35.752308837890624,0.7647703202873468,-0.5017115045309066,-0.1269815353155136
1789030891317313000,35.76231298828125,0.8358496433779596,-0.39029344905018803,-0.4949731361865997
1789030891327317000,35.77231689453125,0.602247808252275,-0.32965573273599147,-0.27561551499068737
1789030891337320000,35.78231982421875,0.2723193960547447,-0.1967979988634586,0.20793021825253963
1789030891347324000,35.792323974609374,0.4623942241430282,0.18448913691043853,0.1628556895121932
1789030891357328000,35.80232788085937,0.9419429967045784,0.7169651975393295,-0.236568575976789
1789030891367332000,35.81233203125,0.8382467676475643,0.8684797010868788,-0.3016194325581193
1789030891377336000,35.82233618164062,0.4063853366732597,0.6438344948768615,0.07316080553978681
1789030891387339800,35.83233984375,0.07274637951999903,0.3360445569902658,0.31326983060240743
1789030891397344000,35.84234399414063,0.4328434277489781,0.3366694108903408,-0.0176177820160985
1789030891407348000,35.852347900390626,0.7167918867990374,0.9100000444769859,-0.3017816373825073
1789030891417352000,35.86235205078125,0.35179917548298834,1.2500859858125448,-0.4583563469290733
1789030891427356000,35.87235595703125,-0.02955342674255371,0.997233506771922,-0.2350944117709994
1789030891437359900,35.88235986328125,0.009588204817473888,0.608016162520647,0.07935995244085789
1789030891447363800,35.89236376953125,0.1830699177622795,0.42759237535297867,0.20011749867498874
1789030891457367800,35.90236791992187,0.2671364404588938,0.46061669307649133,0.14249737661629913
1789030891467372000,35.9123720703125,0.16949498139619826,0.5415075083464383,-0.03658990125060081
1789030891477376000,35.9223759765625,-0.030228841786086556,0.49331075593233104,-0.10482289499938488
1789030891487380000,35.9323798828125,-0.05875584809035062,0.27193302708566186,-0.03843085294216871
1789030891497383000,35.9423828125,0.07368570619672536,0.06261515386700629,-0.00963379752486944
1789030891507387000,35.95238696289063,0.02995674684643745,-0.2366612226963043,-0.03675152155309915
1789030891517390800,35.96239086914063,-0.016401976485550404,-0.5494692810058593,-0.019674422284960746
1789030891527395000,35.97239501953125,-0.24091098909527062,-0.9392056806951761,0.2501189624235034
1789030891537398800,35.982398681640625,-0.2582078685939312,-1.3598130194664,0.46492257357686756
1789030891547402800,35.99240283203125,-0.019230770170688628,-1.5877163506895302,0.35482553756684065
1789030891557407000,36.002406982421874,0.019044015426933764,-1.509697875985503,0.26240736611038445
1789030891567411000,36.01241088867187,-0.2865942973837256,-1.3583143053412436,0.32227088318169117
1789030891577415000,36.02241479492187,-0.3849342601045966,-1.181794539874792,0.35288960106819867
1789030891587419100,36.03241918945312,-0.2405146832540631,-1.079413192808628,0.16676204930096863
1789030891597422600,36.04242260742188,0.003348433645069599,-0.9813391875475644,-0.01964548845142126
1789030891607426600,36.052426513671875,0.047003743237257,-0.6915268049001694,-0.1819695553049445
1789030891617430800,36.0624306640625,-0.07234978141784668,-0.1812093845874071,-0.4261635115936398
1789030891627434800,36.072434814453125,-0.22013006687313316,0.3105360217243433,-0.7005810489714145
1789030891637438700,36.082438720703124,-0.15437310784906147,0.5588759917765855,-0.883641614383459
1789030891647441700,36.092441650390626,0.13951982211023567,0.5140706353664398,-0.7851862085893749
1789030891657445600,36.102445556640625,0.3307940891161561,0.3790630299836397,-0.3704571142017841
1789030891667449600,36.11244970703125,0.3921852541461587,0.2217863096475601,0.019824059888720512
1789030891677453800,36.122453857421874,0.2709273571744561,0.03388824107646942,0.26167496018260716
1789030891687457500,36.13245751953125,0.44538814428448675,-0.1613508379071951,0.2132882381543517
1789030891697461500,36.14246142578125,0.5523062579974531,-0.26985096011459825,0.15586217736303806
1789030891707465700,36.1524658203125,0.43401217926740643,-0.3993336645960808,0.4138724775582552
1789030891717469700,36.1624697265625,0.23149784858375785,-0.7917705554157495,0.984913246642053
1789030891727473700,36.1724736328125,0.44263037000894545,-1.4359510872513055,1.2094947399660945
1789030891737478000,36.182477783203126,0.6805866009518504,-1.8060282622247934,1.1072846578136086
1789030891747481600,36.192481689453125,0.5505275578871369,-1.5819108792811631,0.6644824383690953
1789030891757485600,36.20248559570312,0.3792556299462914,-1.0232862319171427,0.2233247712612152
1789030891767489800,36.21248974609375,0.31560178068131206,-0.5272451742380857,-0.007171499064564705
1789030891777493800,36.22249365234375,0.43150633392632004,-0.0700397509098053,-0.3875204772055149
1789030891787497700,36.23249780273437,0.38384617260694504,0.4541916284650564,-0.8043605723977089
1789030891797500700,36.242500732421874,-0.04608370578289032,0.5885796406447887,-0.8235559789940714
1789030891807504600,36.25250463867187,-0.08633855928182602,0.16125906797051429,-0.8577429107561707
1789030891817508600,36.26250854492187,0.08281973750591277,-0.2706494170159101,-0.8697501594141125
1789030891827512800,36.27251293945312,0.11901362517625093,-0.3334960415512323,-0.8044216549351811
1789030891837516800,36.28251684570313,-0.10049012649208307,-0.34339375070929523,-0.4744020573228597
1789030891847520500,36.2925205078125,0.013788579116761684,-0.4601210185140371,-0.014052198489010332
1789030891857524700,36.302524658203126,0.42239276088327166,-0.33950492657721043,0.1430377671033144
1789030891867528700,36.31252880859375,0.5105611659407615,-0.03654956924021244,-0.11285890193879604
1789030891877532700,36.32253271484375,0.5387304448485374,0.22961130418479442,-0.43409196650534865
1789030891887536600,36.33253662109375,0.7939645583286881,0.388062913519144,-0.5576084560588002
1789030891897540600,36.34254052734375,0.8835811163678765,0.46236265996098513,-0.44950084030032156
1789030891907544600,36.35254467773437,0.6325853711098433,0.3943523690521717,-0.2911933156117797
1789030891917548500,36.36254858398438,0.49582566136270756,0.12887421719431877,-0.03374561773538589
1789030891927552800,36.372552734375,0.2806938411682844,-0.27373686163723465,0.02096650792211294
1789030891937556700,36.382556640625,0.18834405877292154,-0.43356268193423747,-0.11897592351436614
1789030891947559700,36.3925595703125,0.2533493226468563,-0.3407429439395666,-0.06861088715046644
1789030891957563600,36.40256372070313,0.38782472084909675,-0.05008884977102279,0.16916063487529753
1789030891967567600,36.41256762695313,0.4541328840151429,0.394400299847126,0.33804654446244237
1789030891977571800,36.42257177734375,0.26938451164662836,0.6576163519918918,0.37195085989087817
1789030891987575800,36.432575927734376,-0.17861878357231617,0.4626917457848787,0.5222141943335533
1789030891997579500,36.44257958984375,-0.137635615798831,-0.141402859377861,0.7199412907406687
1789030892007583700,36.452583740234374,0.03223696673810482,-0.6711866121828556,0.6473755284845829
1789030892017587700,36.46258764648437,0.1532540406912565,-0.8166554058253764,0.38161066863983867
1789030892027591700,36.472591796875,-0.05046615865081548,-0.7836369333207607,0.45187925986945626
1789030892037595600,36.482595703125,-0.16416852567642926,-0.7250567340582609,0.6353145038127899
1789030892047599600,36.492599609375,-0.07555617624372243,-0.4600362628400326,0.922142902213335
1789030892057603600,36.502603515625,0.026645430341362953,-0.16824527359604835,0.7149699320688844
1789030892067607600,36.512607666015626,-0.15325579425692556,0.18055764268040655,0.4924246207475662
1789030892077611800,36.52261181640625,-0.17766601289212702,0.19194296004772185,0.3293427212640643
1789030892087614700,36.53261474609375,-0.07271160046756267,-0.011417466071248054,0.1519590324446559
1789030892097618700,36.54261865234375,0.3379194109514356,0.01088905828297138,0.1941062755614519
1789030892107622700,36.55262255859375,0.4616764312624931,0.21248305925130842,0.31906565739959475
1789030892117626600,36.562626708984375,0.1198491992175579,0.3344061421334743,0.2728852132439613
1789030892127630600,36.572630615234374,0.24280630132257938,0.2511141109406948,0.1666302396148443
1789030892137634800,36.582634765625,0.3867278655230999,-0.054494975775480264,0.1538493762359023
1789030892147638500,36.59263842773437,0.7207330256402492,-0.16394553057551384,0.17967326106131076
1789030892157642500,36.602642578125,0.9227394068017601,-0.0644236645936966,0.11510434277802704
1789030892167646700,36.61264672851563,1.097199901650846,0.2732914559572935,-0.07534574836343526
1789030892177650700,36.62265063476563,0.5333890838205814,0.568604774108529,-0.053121349334716794
1789030892187654700,36.632654541015626,-0.006148585757613182,0.5494020609885454,0.1819397446885705
1789030892197659000,36.642658935546876,0.04741466212570667,0.32527240308523175,0.2741659007042646
1789030892207662600,36.65266259765625,0.4190709229841828,0.18540742079913616,0.1310071375697851
1789030892217666600,36.66266650390625,0.644958238209784,0.21616320906877518,0.03407908747345209
1789030892227669800,36.672669677734376,0.5377323737218975,0.30055706402361393,0.03034603842496872
1789030892237673700,36.682673828125,0.4073848691046238,0.36975861054360865,-0.030987843459844587
1789030892247677400,36.692677490234374,0.1833662703603506,0.34437516296207904,-0.1468839211374521
1789030892257681700,36.702681640625,0.0004398527219891548,0.14163140743672847,-0.071728142388165
1789030892267685600,36.712685546875,-0.2891319991677999,-0.36823710006475446,0.16667904719263313
1789030892277689600,36.72268969726562,-0.355986690300703,-0.971086089080572,0.12225070740133523
1789030892287693800,36.73269384765625,-0.008613514566421508,-1.162118948546052,-0.2565814364358783
1789030892297697800,36.74269775390625,0.25201369012892244,-1.0053004933714866,-0.5818558853477239
1789030892307701500,36.752701416015626,-0.02382569674551487,-0.865621973568201,-0.3772860834389925
1789030892317705700,36.762705810546876,-0.2601829680591822,-0.9298860636860131,-0.08596797240376472
1789030892327709700,36.772709716796875,-0.20011632963120937,-0.838174579194188,-0.018161679634451866
1789030892337713700,36.782713623046874,0.18640519966483116,-0.5570248109519481,-0.2699365925714373
1789030892347718000,36.7927177734375,0.5788622564896941,-0.24715865131318568,-0.4636816336050629
1789030892357721600,36.8027216796875,0.40527153021246193,0.0749625942647457,-0.36081250302195544
1789030892367724500,36.812724609375,0.16529226900935173,0.21682313428223132,-0.24022183778733014
1789030892377728800,36.822728759765624,-0.11638473797738551,0.3124760498762131,0.19142595043629407
1789030892387732700,36.83273266601562,-0.03380056279301643,0.5868932949930429,0.3585807984471321
1789030892397736700,36.84273681640625,0.19801964961290358,0.9168646695494651,0.1289426062554121
1789030892407740700,36.85274072265625,0.2036892196819186,1.1253805787354707,-0.1570478800162673
1789030892417744600,36.86274462890625,0.09832651871740818,1.252409460324049,-0.1810176614075899
1789030892427748600,36.87274853515625,0.031903497000038625,1.2970441363424061,-0.12158902862221002
1789030892437752800,36.8827529296875,0.31852877404391766,1.2616022360831498,-0.2526680623844266
1789030892447756800,36.8927568359375,0.34671851121783254,1.240475276902318,-0.2281435697197914
1789030892457760500,36.902760498046874,-0.31722792057842014,1.0364911659270524,0.06635843204855918
1789030892467764700,36.9127646484375,-0.5267910007297992,0.5827683240175247,0.2370952301993966
1789030892477768700,36.92276879882812,-0.36976211767494677,0.02985620908141136,0.33642888013273475
1789030892487772700,36.93277270507812,-0.0741565385788679,-0.4802554595261812,0.17736556864082811
1789030892497775600,36.942775634765624,-0.07271569212079047,-0.7609159829467534,0.18257219737321137
1789030892507779600,36.95277954101562,-0.4579433822140097,-0.9884551570326089,0.22525573932379483
1789030892517783600,36.96278344726562,-0.49910015298873184,-1.1424164692103862,0.05782324341535568
1789030892527787800,36.97278784179687,-0.22188772419542072,-1.153150044670701,-0.18085399527847765
1789030892537791700,36.98279174804688,0.11539280433058738,-1.0229840341001748,-0.36790012319535015
1789030892547795700,36.99279565429688,-0.13082184413075446,-0.8316419625550509,0.053318333211541176
1789030892557799700,37.002799560546876,-0.6225894622743129,-0.9424223046541214,0.4480214153975248
1789030892567803600,37.0128037109375,-0.5609972217142581,-1.2071633744090795,0.5398118103444576
1789030892577807600,37.0228076171875,-0.26534254277944563,-1.3912807553976774,0.3670993282064795
1789030892587811600,37.0328115234375,-0.07130699436664581,-1.4658143105953931,-0.08969985240846871
1789030892597816300,37.04281640625,0.09932722019255161,-1.3952099115401506,-0.42657822987437244
1789030892607820300,37.0528203125,0.11877660154998301,-1.211349135661125,-0.4789145663112402
1789030892617824000,37.06282397460937,0.09367840065062046,-0.8346487431555986,-0.40774844172000885
1789030892627827200,37.0728271484375,-0.02794774511158466,-0.3549959256976843,-0.2749678647369146
1789030892637831200,37.0828310546875,0.1323281570404768,-0.026709727749228477,-0.4337587890282273
1789030892647835100,37.092835205078124,0.4139858748048544,0.18314064491093157,-0.43590924506038425
1789030892657839000,37.10283911132812,0.3563213290825486,0.12864391556978225,-0.07266308515071869
1789030892667843000,37.11284301757812,0.34556115787625313,-0.22664251750707626,0.2899246108502149
1789030892677847000,37.12284692382813,0.3761649704545736,-0.5524386522054672,0.5104062676399946
1789030892687851300,37.13285131835938,0.40139118164777754,-0.7534487158060074,0.45714960148781536
1789030892697855200,37.14285522460938,0.3129775696575641,-0.5979606324523687,0.256956699489057
1789030892707859200,37.152859130859376,0.14949731850624084,-0.32269816868305207,-0.042568683399260045
1789030892717863200,37.16286328125,-0.04453150790482759,-0.18393501015901564,-0.32899405395686626
1789030892727867100,37.1728671875,-0.1605854064926505,-0.23331249679028987,-0.3782429457724094
1789030892737871000,37.18287109375,-0.12231734289675951,-0.48727322933375833,-0.45229456267207857
1789030892747875300,37.19287524414062,0.07250643328428268,-0.7335936762571335,-0.8259346908241509
1789030892757878000,37.2028779296875,0.0941316973760724,-0.6958101813077926,-1.0135144872263073
1789030892767882000,37.212882080078124,-0.0770174809679389,-0.6222843418478965,-0.7092123914554714
1789030892777886200,37.22288623046875,-0.3633507893279195,-0.8437251990586518,-0.059032034683227534
1789030892787890200,37.23289013671875,-0.39124417390376326,-1.2271756503462792,0.2514507955491543
1789030892797894100,37.24289404296875,-0.2535927760139108,-1.245436114180088,0.28757191024422646
1789030892807898400,37.2528984375,-0.09983604649752378,-0.8283645483195782,0.16521277403235435
1789030892817902000,37.26290209960938,0.033846155500411985,-0.23839257653355597,0.23380641778707503
1789030892827906000,37.272906005859376,0.23169220211207867,0.17108020476102828,0.1533686069816351
1789030892837910300,37.28291015625,0.4779194177940488,0.5458709642529487,-0.06142097564637661
1789030892847914200,37.292914306640625,0.8224123619168996,0.897276756504178,-0.40802725866138934
1789030892857918200,37.302918212890624,1.1355454143971204,1.0975900700122116,-0.9119564392417668
1789030892867922200,37.31292211914062,1.0113391890138388,1.0349795923203229,-0.8151365256950259
1789030892877926100,37.32292602539062,0.7177686228767037,0.5580301886022091,-0.4682920500099659
1789030892887929000,37.33292919921875,0.8339648525446652,0.08467325641810894,-0.23029928644895553
1789030892897933300,37.342933349609375,0.7145803482294082,-0.17102292161583899,-0.16784633740633725
1789030892907937300,37.35293725585937,0.3412538160711527,-0.32864918604195115,-0.3063666270852089
1789030892917941000,37.36294091796875,-0.01741378387659788,-0.5627203922450542,-0.17153028661608696
1789030892927945200,37.3729453125,-0.15179215144515038,-0.767181473082304,0.12342705770432949
1789030892937949200,37.38294921875,-0.18622487466186283,-0.7714163341730833,0.28900924957096574
1789030892947953200,37.392953125,0.13593231901228428,-0.4924339730978012,0.13048603630512953
1789030892957957400,37.40295727539063,0.1425707341134548,-0.12735329123735428,-0.08743424556404351
1789030892967961000,37.412961181640625,-0.16919395262300968,0.004302081108093261,0.10778379063159227
1789030892977965000,37.422965087890624,-0.6038493982300162,-0.37964872091710566,0.447910940760374
1789030892987969300,37.43296923828125,-0.408678708307445,-1.0191653525948523,0.5242129669353366
1789030892997973200,37.44297314453125,0.10421937614828347,-1.1976502806544302,0.37483372185081243
1789030893007976000,37.452975830078124,-0.12534925793856383,-1.0143781183183194,0.4190513415008783
1789030893017980200,37.462980224609375,-0.5166641589909792,-0.9487216970592737,0.7715633414283395
1789030893027984100,37.47298413085937,-0.3194412127137184,-1.0478186156272888,0.8093672946438193
1789030893037988000,37.48298803710937,-0.0963210241138935,-0.9470996488153934,0.7905158791795373
1789030893047992300,37.49299243164062,0.28488807798773047,-0.6685556791573762,0.7021180492803454
1789030893057996300,37.50299633789062,0.3289876242160797,-0.27370003675818444,0.708911070421338
1789030893068000000,37.513,0.530734185397625,0.011246201157569885,0.5859896241515875
1789030893078004200,37.523004150390626,0.9029793520599603,0.32259412378668784,0.36634880210012194
1789030893088008200,37.53300830078125,0.5615951876074076,0.4242576779723167,0.448819287776947
1789030893098012200,37.54301220703125,0.46337446735203264,0.5266466238230466,0.5266606523483991
1789030893108016000,37.55301611328125,0.27886779478490353,0.5905898114234208,0.5355705195128917
1789030893118020000,37.56302001953125,-0.22116613192260265,0.504715362522006,0.6139943601474166
1789030893128023000,37.57302294921875,-0.726820821121335,0.27098259449303147,0.8080901143148541
1789030893138027300,37.58302734375,-0.5113888489365578,0.24840251389443874,0.8752090093418955
1789030893148031200,37.59303125,0.09178864138126373,0.4028939874261617,0.5167530063182115
1789030893158035200,37.60303515625,0.31701340104490516,0.5959305879294872,0.14466595282703637
1789030893168039200,37.6130390625,0.2194640041798353,0.6055050564825535,-0.06114975748956203
1789030893178043100,37.62304321289062,0.07945113785564899,0.3362450479984283,-0.36272798125445843
1789030893188047000,37.63304711914063,-0.3922603652089834,-0.03189619047641754,-0.02724894919246435
1789030893198051300,37.64305126953125,-0.8124889337956905,-0.5659942993491888,0.45650341253876686
1789030893208055300,37.65305517578125,-0.3805009538322687,-0.9475988305091857,0.2656198984161019
1789030893218059000,37.66305908203125,0.15974778662472963,-1.0620143142402172,-0.11228285561650991
1789030893228063200,37.673063232421875,0.13338789522647856,-1.0003922630637883,-0.24643588999658822
1789030893238067200,37.68306713867187,0.1586547306910157,-0.9756932906150817,-0.2523366384729743
1789030893248070100,37.693070068359376,0.28871289697289465,-0.8968523936122655,-0.3944353711605072
1789030893258074400,37.703074462890626,0.5221981199815869,-0.6027905368268489,-0.5572174109145999
1789030893268078000,37.713078125,0.6604252719327807,-0.26778233714699745,-0.548466533704102
1789030893278082000,37.72308203125,0.7763502834439278,0.0321112945318222,-0.6313496918350457
1789030893288086300,37.73308618164062,0.7168456628128885,0.257753110563755,-0.811462221096456
1789030893298090200,37.74309033203125,0.6184498782515525,0.4989379481643438,-0.702077717269957
1789030893308094200,37.75309423828125,0.44796237868666644,0.6461603074759245,-0.6468608569607138
1789030893318098200,37.76309814453125,0.5321802925527096,0.891142783793807,-0.6265583659052848
1789030893328102100,37.77310205078125,0.2693941562578082,0.8987439064472913,-0.447860671877861
1789030893338106000,37.783106201171876,0.03754734810590744,0.6942927624821662,-0.39040070881694555
1789030893348110000,37.793110107421874,0.0022226444855332375,0.6248708512097597,-0.20700813497155904
1789030893358113300,37.80311328125,0.33430648115128275,0.7432423790901899,-0.2910556607067585
1789030893368117000,37.813116943359375,0.498713784019649,1.0572627357989548,-0.45987902645170686
1789030893378121200,37.823121337890626,0.1807934972628951,1.2029378656685352,-0.4645467260017991
1789030893388125200,37.833125244140625,-0.3683028587773442,0.9010130204230546,-0.10915770933330059
1789030893398129200,37.843129150390624,-0.5983434942901135,0.14988544104099272,0.4208192279562354
1789030893408133400,37.85313330078125,-0.34861323892325163,-0.5911988832324743,0.6766553989827633
1789030893418137000,37.86313720703125,-0.06337152519226073,-1.072879991647601,0.699802465814352
1789030893428141000,37.87314111328125,-0.11283142940998077,-1.3299667472571133,0.7053995551690458
1789030893438145300,37.88314526367188,0.04203998335003853,-1.3701520426511764,0.5132125572323799
1789030893448149200,37.89314916992188,0.27567718205004926,-1.141693415632844,0.2731821503639221
1789030893458153200,37.9031533203125,0.41092005749344823,-0.7650625812321901,-0.011697159795463085
1789030893468157000,37.913156982421874,0.41509617413431404,-0.3899637787044048,-0.27764059107750655
1789030893478160100,37.92316015625,0.22917291276752946,-0.14547639242708682,-0.3333224385499954
1789030893488164000,37.9331640625,-0.04162643411308527,-0.18007424307763575,-0.1366594642430544
1789030893498168300,37.943168212890626,-0.02424216859191656,-0.49918812353312964,0.15188392138183116
1789030893508172300,37.95317236328125,0.28916414787173267,-0.7723615060687065,0.05313333203345537
1789030893518176000,37.963176025390624,0.4465665404140949,-0.7478776376754045,-0.22479192120432853
1789030893528180200,37.97318017578125,0.3555626196697354,-0.5477209760338068,-0.5529311118975282
1789030893538184200,37.98318408203125,0.4404258457019925,-0.29370588295459743,-1.0269035456314681
1789030893548188200,37.99318823242187,0.42995355152636766,0.01074701946377754,-1.2743617644131182
1789030893558192000,38.00319213867188,0.234192494495213,0.07479483648240566,-1.0858668989926576
1789030893568196000,38.01319604492188,0.054093409237265584,-0.20170213751792906,-0.6313096520856022
1789030893578200000,38.023199951171875,0.041890053485333915,-0.5329179591774941,-0.3385807974696159
1789030893588203300,38.03320336914062,0.07223024669140576,-0.7064508177876472,-0.30222675080150363
1789030893598207000,38.04320703125,0.19774872371703386,-0.6659329294383526,-0.41124738975167274
1789030893608211000,38.0532109375,0.04533639454692602,-0.5017851542890072,-0.12503800003230572
1789030893618215000,38.06321484375,-0.17830372627377508,-0.4956739779323339,0.4209077830225229
1789030893628219000,38.073218994140625,-0.12839461698383092,-0.6727548844128847,0.7761366406932473
1789030893638222800,38.08322290039062,-0.05895780040323734,-0.8720639893144368,0.8249562011808157
1789030893648227000,38.09322705078125,-0.00039922845065593716,-0.9965157138913869,0.4688385779768228
1789030893658231000,38.10323095703125,0.13667612311691044,-0.943596024608612,0.18654285456985234
1789030893668234800,38.11323486328125,0.2722378552511334,-0.9425175817221403,0.07462532513439654
1789030893678239000,38.12323901367188,0.27237024945914745,-1.0141560000002383,-0.023441373603045938
1789030893688243000,38.13324291992188,0.06937661082595586,-1.0666332062125206,-0.11587591167241335
1789030893698246000,38.14324584960937,0.06230711083114147,-0.999708372452855,-0.2895581156253815
1789030893708249900,38.15324975585938,0.22938480195254085,-0.7884440413415431,-0.4872182842761278
1789030893718253800,38.16325390625,0.29316227759718894,-0.5366220743924379,-0.7084919682264328
1789030893728257800,38.1732578125,0.3285489405378699,-0.27472119649946686,-0.8494348088771104
1789030893738262000,38.183261962890626,0.37931466665714975,-0.11784896531105041,-0.7351710085764527
1789030893748266000,38.193265869140625,0.5320876458331942,0.010714870759844779,-0.7536085825428366
1789030893758270000,38.20327001953125,0.534674739716947,0.2364040330648422,-0.7559142291367054
1789030893768274000,38.21327392578125,0.49258507200628515,0.41155893991887565,-0.8110796515196561
1789030893778278000,38.22327783203125,0.2284358306646347,0.44134734446108337,-0.5082245396867394
1789030893788281900,38.23328173828125,0.3207631089672446,0.23465572809278964,-0.2072588948622346
1789030893798286000,38.2432861328125,0.33073651371002194,-0.06956161200404166,-0.1706023581162095
1789030893808288800,38.25328881835937,0.46811084822416305,-0.344041400963068,-0.5263716062739491
1789030893818292700,38.26329272460937,0.5691241218075156,-0.45540100425481794,-0.5410282003968954
1789030893828297000,38.273296875,0.9247600989744067,-0.3511602930575609,-0.5065291339457034
1789030893838301000,38.28330102539063,1.0924243578121065,0.08700082258284092,-0.7166705985069275
1789030893848305000,38.29330493164063,0.7568895039096474,0.32275136017501355,-0.8362722527042031
1789030893858309000,38.30330908203125,0.3117459820359945,-0.06439560754299163,-0.5080997442632913
1789030893868312800,38.313312744140624,-0.01699292811602354,-0.7753869913697242,-0.1433624690130353
1789030893878316800,38.32331689453125,-0.18615590107887983,-1.4303157117128371,-0.12271043386757373
1789030893888321000,38.333321044921874,0.0879646991789341,-1.5319371803224087,-0.4212248861476779
1789030893898325000,38.34332495117187,0.11181348453909158,-1.297275607010722,-0.30983868710994716
1789030893908329000,38.35332885742187,0.03959054437130689,-1.170828324702382,0.12405454195290803
1789030893918332000,38.363331787109374,0.02954816604554653,-1.0543646762698888,0.3277919846907258
1789030893928336000,38.3733359375,-0.11125438935160636,-0.7925374481350183,0.31660218989551064
1789030893938339800,38.38333984375,-0.014309972642362117,-0.4776730418175459,0.13771277268826962
1789030893948344000,38.39334399414062,0.1791045212626457,-0.27020868751108645,0.06163315709233284
1789030893958348000,38.40334814453125,0.33858635042756796,-0.13959727126061916,0.049153030225634574
1789030893968351700,38.41335180664063,0.2790568876162171,0.06175356860160827,-0.05365180294960737
1789030893978356000,38.42335595703125,0.030980536936223504,0.20915362256765366,-0.020613748961687085
1789030893988360000,38.43335986328125,0.2999333791673183,0.2517471481472254,-0.05093991364240646
1789030893998364000,38.443364013671875,0.5567056620001792,0.5283709633976221,-0.2682262815222144
1789030894008368000,38.4533681640625,0.31490210797935725,0.8631897779852151,-0.4113087645500898
1789030894018370800,38.463370849609376,0.06655687723010778,0.950865723350644,-0.6810758457735181
1789030894028374800,38.473374755859375,-0.3052244713127613,0.9221849877893924,-0.5101157602608204
1789030894038379000,38.48337890625,-0.48505175389200444,0.5434212330132723,0.05956570316851139
1789030894048383000,38.493383056640624,-0.4779425064086914,-0.005306289714574814,0.46923108442574735
1789030894058387000,38.50338696289062,-0.3923720088899135,-0.520573441389203,0.4811544541925192
1789030894068391000,38.51339086914062,-0.2207195571988821,-0.6797972041398287,0.5870850181728601
1789030894078395000,38.52339477539063,-0.32930209699273105,-0.7217582770347595,0.6525894637405872
1789030894088398800,38.53339892578125,-0.38713907667249436,-0.6604618045508861,0.7691428362831473
1789030894098403000,38.54340307617188,-0.474429529851675,-0.6597855127245187,1.001088428634405
1789030894108407000,38.553406982421876,-0.42023587511032817,-0.6969482454270124,1.116777001041174
1789030894118410800,38.56341064453125,0.23630992504060266,-0.435779188939929,0.6896902371227741
1789030894128414000,38.5734140625,0.5441925096467137,-0.07473813785910606,0.09437924239635467
1789030894138418000,38.58341796875,0.11903905187845229,0.10309504829347133,0.038382045364379884
1789030894148422000,38.593421875,-0.17582301537394524,-0.05562777919769287,0.14640812031924724
1789030894158425900,38.60342578125,0.34359482623934745,-0.10800561668872832,0.08530746266841888
1789030894168429800,38.613429931640624,0.5765735610306263,-0.061871642023324964,-0.06729366707205772
1789030894178433800,38.62343383789062,0.2640186006993055,-0.09955576825141906,0.0772416451126337
1789030894188438000,38.63343798828125,-0.10731120468378066,-0.2975549595981836,0.4804173720896244
1789030894198442000,38.64344189453125,-0.10236556497514247,-0.5627922884374856,0.46841684543341394
1789030894208446000,38.65344604492188,0.465507387727499,-0.4832184009850025,0.14183920496851204
1789030894218450000,38.66344995117188,0.7443839503407478,-0.21666998954713343,-0.13487521117478607
1789030894228452900,38.67345288085937,0.7201698387995362,-0.16768705519139765,-0.42793461291939017
1789030894238457000,38.68345703125,0.6952706676036119,-0.29456103847920895,-0.5359738396167755
1789030894248461000,38.6934609375,0.38178047224879263,-0.5246721088796854,-0.46002486466318365
1789030894258464800,38.70346484375,0.41125966471135617,-0.733307260531187,-0.4747887185528874
1789030894268468700,38.71346875,1.0307321640089153,-0.3516056987375021,-0.6855278567463159
1789030894278473000,38.723472900390625,0.9686386959284543,0.27536300153434273,-1.0072031121224165
1789030894288477000,38.733476806640624,0.33623803373575206,0.6323994931489229,-1.16794137108922
1789030894298481000,38.74348095703125,-0.06859685862511396,0.6575017857015133,-0.6807479289934039
1789030894308485000,38.753485107421874,0.14347206686735153,0.5467722970068455,-0.3563701366603374
1789030894318488800,38.76348876953125,0.7482897256076335,0.7687374703526496,-0.5202464013919234
1789030894328492800,38.77349291992188,0.5518395172685384,0.9885755685418843,-0.589127337655425
1789030894338496000,38.78349609375,-0.14460516255050898,0.8102700887024402,-0.1773398496776819
1789030894348500000,38.7935,-0.6209969323858618,0.5073386967629194,0.46808249891251325
1789030894358504000,38.80350390625,-0.4034168422564864,0.40007016217708585,0.5859311719626188
1789030894368508000,38.8135078125,0.3017807605996728,0.717322340413928,0.19046178157925606
1789030894378512000,38.82351196289063,0.4975067463174462,0.9035720572561025,-0.22006430816054343
1789030894388515800,38.833515869140626,0.40989334479421374,0.806400553792715,-0.3849900819450617
1789030894398520000,38.84352001953125,0.30886954981684683,0.6773258455902338,-0.18465104947388172
1789030894408524000,38.85352392578125,0.2754009954571724,0.5258282931774855,-0.036037820325791836
1789030894418527700,38.86352783203125,0.37082185586094857,0.5281447534263134,-0.0266302327722311
1789030894428531000,38.87353100585938,0.11911825459450483,0.6396902346789837,0.04022358157783747
1789030894438535000,38.883534912109376,-0.3132487878143787,0.6055524027556181,0.15049772772043943
1789030894448539100,38.8935390625,-0.5299810289427638,0.26271862401664253,0.3079220398336649
1789030894458542800,38.90354296875,-0.13026187216043472,-0.2521855395644903,0.5149135159313678
1789030894468546800,38.913546875,0.31038463055491444,-0.7838356707632541,0.5975318856462836
1789030894478550800,38.92355078125,0.3391381390914321,-1.0750538285553455,0.6204562496379017
1789030894488555000,38.93355493164062,0.02412204934358597,-1.1511445500671862,0.7296858551636338
1789030894498559000,38.94355908203125,0.037306525087356567,-0.9921154331058263,0.5826812302559614
1789030894508562700,38.953562744140626,0.11809534128755331,-0.6368892057836055,0.24800445448756217
1789030894518567000,38.96356689453125,-0.007293371878564357,-0.24139585000276564,0.004336275638639927
1789030894528569900,38.97356982421875,-0.40635406475216146,-0.04177168780267238,0.1751516919836402
1789030894538574000,38.98357397460938,-0.4454945272684097,-0.19469722719192503,0.49328591375201936
1789030894548578000,38.993578125,-0.19078443766236305,-0.5087427183419466,0.6772840522751211
1789030894558581800,39.003581787109376,0.044319618719816205,-0.9202110573679209,0.4172501372978091
1789030894568586000,39.0135859375,0.38541912101209164,-1.0280179366141557,-0.11076017609387635
1789030894578590000,39.02358984375,0.2447662032186985,-0.6722270611464977,-0.5581269269749521
1789030894588594000,39.033593994140624,-0.09038461980223655,-0.27676585406959053,-0.5913479363143443
1789030894598599000,39.043598876953126,0.039647827516496176,-0.16792554012238978,-0.409674733607471
1789030894608603000,39.053602783203125,0.43840515352934595,0.025545944666862486,-0.3477706506192684
1789030894618607000,39.063607177734376,0.19761895985752342,0.2618587923169136,-0.46270635883212086
1789030894628610000,39.07361010742188,-0.12816373083740473,0.15652327162027357,-0.5032011585667729
1789030894638614000,39.08361401367188,0.05514350281208753,-0.2446650809317827,-0.2697182736456394
1789030894648618000,39.093617919921876,0.4078840507984161,-0.5655956554204226,0.011626140385866164
1789030894658622000,39.1036220703125,0.35556203514784573,-0.5390396569281816,-0.0731762953698635
1789030894668626200,39.113626220703125,0.059005438937246794,-0.3751233524471521,-0.18395459164232014
1789030894678630100,39.123630126953124,-0.0811503429889679,-0.40749943539500233,0.10155950928926467
1789030894688634000,39.13363403320312,0.20348112988919018,-0.6091530575960874,0.4928878543451428
1789030894698638000,39.14363818359375,0.5626666162312031,-0.7116442947775125,0.42877603217959404
1789030894708642000,39.15364208984375,0.654232847033441,-0.619325492042303,0.16708616668879986
1789030894718646000,39.16364599609375,0.8925193328440189,-0.4814104747802019,-0.06633563569486141
1789030894728649200,39.17364916992187,0.8966405044272542,-0.3659755848735571,0.08783756566792726
1789030894738653000,39.18365283203125,0.7825193274676799,-0.47529286868274206,0.026588147196173667
1789030894748657000,39.19365698242188,0.8613762988224625,-0.5435609337449073,-0.3001651420965791
1789030894758661000,39.2036611328125,0.8414093233317136,-0.3608884908676147,-0.516828701902926
1789030894768665000,39.2136650390625,0.8046063638523221,-0.12012333998382091,-0.7463938288584351
1789030894778669000,39.2236689453125,0.5684662424206733,0.07461246565282344,-0.8212117539554834
1789030894788673300,39.23367333984375,0.33812048648148774,0.05604746591448784,-0.7531915261745452
1789030894798677000,39.243677001953124,0.8140119055792688,0.0671112962424755,-0.8718792803972959
1789030894808681000,39.25368090820312,0.7980220170259475,0.23944939211010932,-0.5624713859200478
1789030894818685000,39.26368481445313,0.5026575532093643,0.10418518161773681,-0.2275117015570402
1789030894828689200,39.27368920898437,0.12000292847454547,-0.32685879549384117,0.1316694008708
1789030894838691800,39.28369189453125,0.0736123486995697,-0.7721499091446399,0.4865919690713286
1789030894848696000,39.29369604492187,0.22848376145958899,-0.8287783898174762,0.5082219093382359
1789030894858700000,39.30369995117187,0.34972499955743547,-0.5110439810216426,0.19378858791440723
1789030894868704000,39.3137041015625,0.304721490226686,-0.04889174894094467,0.135239076051116
1789030894878708200,39.32370825195313,0.4341644472196698,0.2965449057728052,0.18815701176822183
1789030894888712000,39.3337119140625,0.4296791184991598,0.32747838869690893,0.20611849265545606
1789030894898716000,39.3437158203125,0.48536827249526976,0.18916005133092403,0.07515197935700416
1789030894908720000,39.35372021484375,0.5936112050712108,0.1260322717666626,-0.2974021071240306
1789030894918724000,39.36372412109375,0.6794935450181364,0.2445253802001476,-0.4558659914180636
1789030894928727000,39.37372705078125,0.4674865788459778,0.3320528570055961,-0.22491379401832817
1789030894938731000,39.38373095703125,0.1002007881566882,0.2802402521818876,0.3824965115636587
1789030894948735000,39.39373486328125,-0.063124856954813,0.012411153283715247,0.6154290691256523
1789030894958739000,39.403739013671874,-0.027938392761349677,-0.22042846529781818,0.5294622657656669
1789030894968743200,39.4137431640625,-0.051287119644880294,-0.20950316665768623,0.657142304739356
1789030894978747100,39.4237470703125,0.2585962833896279,-0.19234803371727466,0.6230234697774052
1789030894988750800,39.43375073242188,0.741244775532186,-0.0873719939827919,0.6985159331351518
1789030894998755000,39.44375512695313,1.0052350269198418,0.11811316920518874,0.5684381853699684
1789030895008759000,39.45375903320313,0.5795110757872461,0.38115386478304863,0.7220175124928355
1789030895018763000,39.463762939453126,-0.2681143455803394,0.2955634935200214,1.1843781266272067
1789030895028766200,39.47376611328125,-0.7354013102009892,-0.3041343379884958,1.329016314664483
1789030895038770000,39.48377001953125,-0.6892761033639312,-0.9593453824043273,1.247211307159066
1789030895048774000,39.49377392578125,0.3355696329548955,-0.8051619519084692,1.0256953388854861
1789030895058778000,39.503778076171876,0.7082195810258388,-0.30201018544137476,0.18289280762970447
1789030895068782000,39.513781982421875,0.412317357070744,0.1547714595168829,-0.27091829708516596
1789030895078786000,39.5237861328125,0.13047405360639094,0.353853185403347,-0.4206581921756267
1789030895088790000,39.5337900390625,0.09696955115050077,0.4698468782365322,-0.30550387277603147
1789030895098794000,39.5437939453125,0.23961773441433906,0.511796845215559,-0.16609306399822235
1789030895108798000,39.5537978515625,0.1774652296230197,0.5173275913357734,-0.19985884773880241
1789030895118801200,39.56380126953125,-0.373790058016777,0.8089449775785207,0.2764025737151503
1789030895128805000,39.57380517578125,-0.6610296675667167,0.8842495171487331,0.5005459678828716
1789030895138809000,39.58380908203125,-0.5782172365844249,0.6714069769352674,0.32924335254281756
1789030895148813000,39.59381298828125,-0.5827531264483928,0.27517186287641526,0.4552744552657008
1789030895158817000,39.60381713867187,-0.44599370896220203,-0.2197346378147602,0.6077428985372185
1789030895168821000,39.61382104492188,0.005154606284201145,-0.47549102160334583,0.4294000092968344
1789030895178825200,39.6238251953125,0.04533142611086368,-0.32663375456631183,0.5857727665305137
1789030895188829000,39.633828857421875,-0.036706805628538126,-0.14682137729525566,0.5450765990048647
1789030895198833000,39.6438330078125,0.17051204948425291,-0.10530161842703818,0.19901655169576404
1789030895208837000,39.653837158203125,-0.10395984842926263,-0.2655009482115507,0.4775289571717381
1789030895218840000,39.66384008789063,-0.37746085548400876,-0.6233405729025602,0.5017407306253909
1789030895228844300,39.67384423828125,-0.13194149581044912,-0.7540215472579002,0.649139615547657
1789030895238848000,39.683847900390624,-0.12692688251882792,-0.6910533421695232,0.6264663037076592
1789030895248852000,39.69385205078125,-0.013070201714336871,-0.5224246222138405,0.16449322758615015
1789030895258856000,39.70385595703125,0.2580953481301665,-0.49270577577650543,0.06592413228452206
1789030895268860200,39.71386010742187,0.3481657874166965,-0.5785381391018629,0.1763441166386008
1789030895278864100,39.72386401367187,0.630797318649292,-0.511164392530918,0.34226240859180684
1789030895288867800,39.73386791992188,0.7132309794470667,-0.3323948023110628,0.17984072658270597
1789030895298872000,39.7438720703125,0.5103717808485031,-0.15653028588294982,-0.22212971625775096
1789030895308875000,39.753875,0.3755278415948152,-0.07321370477080345,-0.7726917609363794
1789030895318879200,39.76387915039062,0.184033209836483,-0.008588380125164986,-1.0539885364338755
1789030895328883000,39.77388305664063,0.2274260691002011,0.1409632989168167,-0.9923580096900463
1789030895338887000,39.78388696289063,0.35715135016590355,0.3436082702428102,-0.9719412446051835
1789030895348891100,39.79389111328125,0.5964020048335195,0.5262947416454553,-1.3038441717460751
1789030895358895000,39.80389501953125,0.6792988992288709,0.8690893574178218,-1.16376379314363
1789030895368899000,39.813899169921875,0.14904256047606468,1.0064847347199917,-0.49868309662044047
1789030895378903000,39.823903076171874,0.13926117117404938,0.8591934018254279,-0.12206716752797364
1789030895388907000,39.83390698242187,0.6770274471655487,0.9405138406842947,-0.35749446451514955
1789030895398911000,39.84391088867188,0.9309329423904419,1.130514434492588,-0.8032049726217985
1789030895408914200,39.8539140625,0.7380287360951304,1.2601783407598732,-0.8008417506217956
1789030895418918100,39.863918212890624,-0.10790975509881973,1.0496481691420079,-0.25036855327039953
1789030895428921900,39.873921875,-0.31027240235209463,0.7210282091945409,0.23706775767058133
1789030895438926000,39.88392602539062,0.07148527354300022,0.6540630434244871,0.5169491134122014
1789030895448930000,39.89392993164063,0.32709494233727454,0.5813210478186607,0.43672816022783517
1789030895458934000,39.90393408203125,0.12612024231106042,0.3573562250882387,0.367656085306406
1789030895468938200,39.91393823242188,-0.4542646937012672,0.007986322578787803,0.5686728709086776
1789030895478942200,39.923942138671876,-0.362437766136229,-0.1685217524498701,0.6948448434069753
1789030895488946000,39.93394580078125,-0.10193564912527799,-0.11532850692272185,0.6833610341012477
1789030895498949000,39.94394921875,-0.168523798276484,-0.024388006803393363,0.6820929138615727
1789030895508953000,39.953953125,-0.052258595025539395,-0.017328151419758797,0.2981301291376352
1789030895518957000,39.96395703125,-0.35447073277980085,-0.023452771779894827,0.3246057558700442
1789030895528961000,39.9739609375,-0.6670540424227714,-0.25817922702133655,0.4464613264739513
1789030895538965000,39.983965087890624,-0.6592135580554604,-0.5105050518393516,0.7361088739484548
1789030895548969000,39.99396899414062,-0.6097159521758556,-0.7304612234503031,1.1261886802479624
1789030895558973200,40.00397314453125,-0.5514546096041798,-0.7985521783798932,1.0987997380629182
1789030895568977200,40.01397705078125,-0.6214657189413905,-0.7271347093760967,1.0033438063457607
1789030895578981000,40.02398120117188,-0.15334054993093013,-0.6430459748476743,0.39063568661659953
1789030895588985000,40.03398510742188,-0.0012742577195167541,-0.40194063222408294,-0.358788011457026
1789030895598987500,40.04398754882813,-0.4586284418687224,-0.2548258249402046,-0.17556582574248314
1789030895608991700,40.05399169921875,-0.5309869911149144,-0.46935529532730574,0.28164953445792196
1789030895618995700,40.06399560546875,-0.42314387151151894,-0.8200777814894914,0.66967708440274
1789030895628999400,40.07399951171875,-0.060628948485851285,-1.0337754772275685,0.3433224390387535
1789030895639003400,40.08400341796875,0.12443185083270072,-0.6468482897400856,-0.3358911199942231
1789030895649007600,40.09400756835937,-0.1873331281647086,-0.18107202194333075,-0.3932742184266448
1789030895659011600,40.10401147460937,-0.247079740858078,-0.13606968165636063,-0.022780571606755257
1789030895669015600,40.114015625,0.12542904517650605,-0.20636136150062084,0.23990678048878908
1789030895679019800,40.12401977539062,0.17289923688173292,-0.08825754464566707,0.2866878208860755
1789030895689022500,40.1340224609375,0.11376783347725868,-0.02846972315907478,-0.08714403044581413
1789030895699026700,40.14402661132812,0.07377250769734382,-0.08795300874114036,-0.4686392560124397
1789030895709030700,40.15403076171875,-0.038271278466284274,-0.12142565475404261,-0.3743184658050537
1789030895719034600,40.16403466796875,0.1615852311849594,-0.12761691060960292,-0.24317396559119223
1789030895729038600,40.17403857421875,0.47458851980566974,0.044699557948112485,-0.41905747898072004
1789030895739042600,40.18404248046875,0.3069268913164735,0.20217267763912677,-0.38009003494381904
1789030895749046500,40.194046630859376,0.18486235413700342,-0.04755085572600364,-0.20436609603017566
1789030895759050500,40.204050537109374,0.3513073003128171,-0.46588265078067775,-0.22638649691939353
1789030895769054700,40.2140546875,0.6994061599731445,-0.5015297182232141,-0.43092035073190926
1789030895779057400,40.224057373046875,0.7826973143830895,-0.13337211313545702,-0.7592053796365856
1789030895789061600,40.2340615234375,0.4198731792777776,0.11535013423264026,-0.8368614507690072
1789030895799065600,40.244065673828125,0.03394435517787933,-0.07368424489200115,-0.657735302196443
1789030895809069600,40.254069580078124,-0.33775983647555113,-0.5073854585140943,-0.17367577421218156
1789030895819073800,40.26407373046875,-0.3060542001351714,-0.8006243084788321,0.12630290540158748
1789030895829077500,40.27407739257813,-0.22985709563940762,-0.7123977434933185,0.06598959873616694
1789030895839081500,40.28408154296875,-0.30885552129149435,-0.5837053126066922,-0.1044300962895155
1789030895849085700,40.29408569335938,-0.36957770101875065,-0.7028799735635518,-0.049099254211783405
1789030895859089700,40.30408959960938,-0.1713058302104473,-0.8443301792144775,-0.10574936219453811
1789030895869092600,40.31409252929687,0.4033642352864146,-0.7236854457050561,-0.37120208735018967
1789030895879096600,40.3240966796875,0.6843889158442616,-0.408135979732871,-0.38381110129356383
1789030895889100500,40.3341005859375,0.5789826679989695,-0.3312234204441309,-0.34493893432468176
1789030895899104500,40.3441044921875,0.41111996397972106,-0.44384968267083164,0.05687865604162216
1789030895909108700,40.354108642578126,0.2419862171113491,-0.6325643283218145,0.3371098481342196
1789030895919112700,40.36411279296875,0.15934212843328713,-0.6411427715748548,0.047102819697558876
1789030895929116400,40.37411645507812,0.12094459323883056,-0.34023616346120833,-0.35562428672909735
1789030895939120600,40.38412060546875,0.02803922278732061,0.11212006627023219,-0.5803454807847738
1789030895949124600,40.39412451171875,-0.16367285111397503,0.46068215952813624,-0.29880466739833356
1789030895959127600,40.40412744140625,-0.2737725174725055,0.6019377193897962,0.02856821509748697
1789030895969131500,40.414131591796874,0.1106233979716897,0.6661538787126541,-0.0620028671875596
1789030895979135500,40.42413549804687,0.2124491569817066,0.6923790378153324,-0.05342822332680225
1789030895989139500,40.43413940429687,0.09809154091775417,0.5326467410206794,0.10505144305825233
1789030895999143700,40.44414379882812,-0.2608250653550029,0.1919973205834627,0.6364864702016115
1789030896009147600,40.45414770507813,-0.6065045889139175,-0.39177930369377134,1.0338386055916546
1789030896019151600,40.46415161132813,-0.6728665280938149,-0.849909440651536,1.2232976398691535
1789030896029155600,40.474155517578126,-0.582417026361823,-1.036523899152875,1.0165124999985098
1789030896039159600,40.48415966796875,-0.2468044310480356,-0.6900824513107537,0.845685100954771
1789030896049162800,40.49416284179687,0.3598486264258623,0.0017956512451171875,0.4732148933649063
1789030896059166700,40.50416674804688,0.5071978269875049,0.7291185766696929,0.06315759018063545
1789030896069170400,40.51417041015625,-0.09303454978913069,1.0182482377499342,0.009514555059373379
1789030896079174400,40.52417431640625,-0.3976452731177211,0.7809598230659961,0.5431880087792873
1789030896089178600,40.5341787109375,-0.06685965956896543,0.15994389371871948,0.7631389196932316
1789030896099182600,40.5441826171875,0.11042436826825142,-0.33261165993213654,0.8058128170326352
1789030896109186600,40.5541865234375,0.3254056740760803,-0.6859031197994947,0.4922250065222382
1789030896119190800,40.56419067382812,-0.07584229970872401,-0.8358475975513457,0.6884697554171085
1789030896129194500,40.57419458007813,-0.2741810982733965,-0.85909637119174,1.1200839336320758
1789030896139197700,40.58419775390625,0.12791092512011526,-0.6776765587240458,0.8398711539790034
1789030896149201700,40.59420166015625,0.44320495502650736,-0.3423544707894325,0.25178397302627564
1789030896159205600,40.60420556640625,0.594390372750163,0.011646014130115508,0.067986910033226
1789030896169209600,40.61420971679688,0.5775777696371078,0.2219698495209217,-0.04879793317764997
1789030896179213600,40.62421362304688,0.3186860104322433,0.37648879558146,0.1334068921878934
1789030896189217500,40.634217529296876,-0.14479250181615352,0.30312311511933804,0.41769700428247447
1789030896199221500,40.644221435546875,0.06867372325360775,0.1453466285675764,0.3834828922525048
1789030896209225700,40.654225830078126,0.3092243546038866,0.13400690390765665,0.1611518082037568
1789030896219229700,40.664229736328124,0.17672960882484912,0.09468144021332263,-0.05507394470721483
1789030896229232600,40.67423266601563,0.14757248792350292,0.04447568606436252,-0.028704408697783946
1789030896239236600,40.684236572265625,0.13047697621583937,-0.030626024410128593,-0.11142010130733251
1789030896249240600,40.694240478515624,0.30691724670529363,-0.11657821472287178,-0.6907125659078359
1789030896259244800,40.704244873046875,0.24626199473440646,0.025721885755658147,-1.0133496520534158
1789030896269248500,40.71424853515625,-0.19474106633365154,0.0863999340802431,-0.8896028608754277
1789030896279252500,40.72425244140625,-0.7028969246983527,-0.015195231044292448,-0.5206348161876201
1789030896289256400,40.73425634765625,-0.8406444764390587,-0.0959200420975685,0.1325970371097326
1789030896299260700,40.7442607421875,-0.363278893135488,-0.15533084696531294,0.2729308059513569
1789030896309264600,40.7542646484375,0.06991583226919174,0.03647241235077381,0.1685264286249876
1789030896319267600,40.764267578125,-0.09395312593877315,0.25494623644948006,0.376505454455316
1789030896329271600,40.774271484375,0.022816227442026136,0.30341712962985035,0.4714207034245133
1789030896339275500,40.78427563476563,0.4596396647378802,0.4351870682656765,0.33620676181465387
1789030896349279700,40.79427978515625,0.6453650654450058,0.7629051109373569,-0.17842033839076757
1789030896359283700,40.80428369140625,0.48975510927736754,1.0730623624771833,-0.5797530678495765
1789030896369287400,40.814287353515624,0.15335837784856557,1.164515488293767,-0.43049306523054837
1789030896379291600,40.824291748046875,0.11171470033973455,1.075606786262989,-0.23615327317416668
1789030896389295600,40.834295654296874,0.2865571802437305,0.9051298080921173,-0.09870733472853899
1789030896399298600,40.844298583984376,0.2442167526423931,0.730685095334053,-0.08372019347697496
1789030896409302500,40.854302490234375,0.07135930907577276,0.6268804374665021,-0.003977671459317207
1789030896419306500,40.86430639648437,0.027034137398004532,0.5297948587208986,0.12222557296007872
1789030896429310500,40.874310546875,0.058528469075262546,0.43951720642447467,0.14359160159379242
1789030896439314700,40.88431469726562,-0.027496786473691463,0.23977438628077505,0.09445406119823455
1789030896449318700,40.89431860351562,-0.10519961935728787,0.0477794037848711,0.15526041207760571
1789030896459322600,40.90432250976563,-0.15131898097544907,-0.042757776230573655,0.1855056204766035
1789030896469326600,40.91432666015625,-0.3262845027372241,-0.08921849863231182,0.23947277298569677
1789030896479330600,40.92433056640625,-0.3875461961686611,-0.24556056846678256,0.32239509408324957
1789030896489333500,40.93433349609375,-0.1837605303749442,-0.5349018264710903,0.5031903449118137
1789030896499337700,40.94433764648438,0.046212008337676524,-0.7841758625030517,0.6372530706599354
1789030896509341400,40.95434155273438,0.007718319292366504,-0.8505278648108243,0.6678264880999922
1789030896519345400,40.964345458984376,-0.07502806071639061,-0.6998650096565484,0.60774962053895
1789030896529349600,40.974349609375,0.05013619604408741,-0.43012978487610815,0.45221594447791574
1789030896539353600,40.984353515625,0.08467968615889548,-0.14270751223564146,0.3322568551450968
1789030896549357600,40.994357666015624,0.02279255430549383,0.0039344168394804,0.3192430597931146
1789030896559361800,41.00436181640625,-0.06712152537554503,-0.05933072536885738,0.4572255893334746
1789030896569365500,41.01436547851562,0.0874023891210556,-0.31152386371791363,0.46434009751379485
1789030896579368700,41.02436865234375,0.3077215488255024,-0.6116513041526079,0.2687649184435606
1789030896589372700,41.03437255859375,0.20474515847563743,-0.7441396201908588,0.18329378964602946
1789030896599375600,41.04437573242188,0.06725479636639356,-0.8390583762913942,0.23108985230475662
1789030896609379800,41.0543798828125,0.17370090865343807,-0.9024152884364127,0.2902110265761614
1789030896619383800,41.0643837890625,0.40958500949740406,-0.7961585612416266,0.25690467704087494
1789030896629387800,41.0743876953125,0.5918082473024726,-0.5048597394287586,0.17528116358220577
1789030896639392000,41.08439208984375,0.5975391921699047,-0.1176794539630413,0.006652151365578174
1789030896649396000,41.09439599609375,0.5828492802992463,0.22524901732206343,-0.09973112481832504
1789030896659399000,41.10439892578125,0.6274959390163422,0.3171487178623676,-0.12679010439664123
1789030896669403000,41.11440283203125,0.5234349683001637,0.20553309398293493,0.1854699646413326
1789030896679406800,41.12440673828125,0.4999661221683025,-0.14397592473626136,0.4827753333926201
1789030896689410800,41.13441088867187,0.5007356452360749,-0.5686386763781309,0.5232745170414448
1789030896699414800,41.14441479492187,0.6104609253242611,-0.983898808902502,0.4027706533074379
1789030896709418800,41.15441870117188,0.5403738281413912,-1.205970949754119,0.4845815060317516
1789030896719422700,41.164422607421876,0.7534390711948276,-1.1242518669664858,0.227901869918406
1789030896729427000,41.17442700195313,0.9039724547505378,-0.5338157848000527,-0.18561667963564396
1789030896739431000,41.184430908203126,0.8382727788716554,0.17727964392304418,-0.4723679211467504
1789030896749433900,41.19443383789063,0.5954828441619873,0.35603871274888516,-0.3523252451837063
1789030896759437800,41.20443774414063,0.419512529271841,-0.13566051633358,-0.30278584598898883
1789030896769441800,41.21444189453125,0.4617898285090923,-0.6662123309016227,-0.47991468326449394
1789030896779445800,41.22444580078125,0.4629194170609116,-0.7367471718519926,-0.6516755637660622
1789030896789450000,41.234449951171875,0.39522301440685986,-0.5031488438576459,-0.7248854691445827
1789030896799453700,41.24445361328125,0.11412000791579484,0.005435469052195548,-0.5352709520444273
1789030896809457700,41.25445776367187,-0.23454905284792182,0.4589613270848989,-0.3482669097036123
1789030896819462000,41.2644619140625,0.16011545089334248,0.8184972342997789,-0.4734533782958984
1789030896829464800,41.27446484375,0.2290212293371558,1.0564742157697677,-0.6224374865829945
1789030896839469000,41.284468994140624,-0.21059154641628264,0.522216532421112,-0.4447247119396925
1789030896849472800,41.29447265625,0.11846943529695272,-0.23278175091445444,-0.30511808832883835
1789030896859476700,41.30447680664062,0.33915509022623297,-0.5084831906229257,-0.255155203025043
1789030896869481000,41.31448095703125,0.25396394741386175,-0.5747299789905548,-0.3111895171970129
1789030896879485000,41.32448486328125,0.3826937877014279,-0.5157330156207084,-0.31887948717772957
1789030896889489000,41.33448901367188,0.25822511198967696,-0.5030769476652145,-0.09362024072259664
1789030896899492900,41.344492919921876,0.2430442017316818,-0.6519084957391024,-0.18236615340709686
1789030896909496800,41.354496826171875,-0.09626052609831094,-0.6394716234922408,-0.1481023570165038
1789030896919499800,41.36449975585938,-0.49995910790562625,-0.8123451414108276,0.17694909679442644
1789030896929504000,41.37450390625,-0.3964420348078012,-1.0162328062742947,0.37197014911323784
1789030896939507700,41.3845078125,-0.08381926993727684,-0.949446504202485,0.08297492806762456
1789030896949511700,41.39451171875,0.12327274392545222,-0.5103928236365318,-0.19012363566607235
1789030896959516000,41.404515869140624,0.14776304205954074,0.06909340997040271,-0.15284516762942074
1789030896969519900,41.41451977539062,-0.1888026161953807,0.3039081280171871,0.13215221595168114
1789030896979523800,41.42452392578125,-0.5745996306091546,0.061329205709695814,0.55662967415452
1789030896989528000,41.43452807617187,-0.25005261918902394,-0.26125907285809513,0.6277268251627683
1789030896999530800,41.44453076171875,0.5647726485997439,-0.06363280647695065,0.21221943987905978
1789030897009534700,41.45453466796875,0.7283271340310573,0.5717676220536232,-0.2084121565505862
1789030897019539000,41.4645390625,0.16745149286985397,0.9909481428921222,-0.03372691303491592
1789030897029543000,41.47454296875,-0.4488517287418246,0.7176385667562485,0.49693186903893943
1789030897039546600,41.48454663085938,-0.2910635517522693,0.09775719439685344,0.721889794459939
1789030897049550800,41.49455078125,0.11391221038401127,-0.21627309918403625,0.3691945469200611
1789030897059554800,41.50455493164063,-0.034385961465537546,-0.13802432285547256,0.37099808921068905
1789030897069558800,41.514558837890625,-0.3059726593315601,-0.13584873238205908,0.7471300341784953
1789030897079562000,41.52456201171875,0.01816051059067249,-0.16530805110037325,0.6366779011204838
1789030897089565700,41.534565673828126,0.07795359277427195,-0.14330606265068052,0.38194852229207754
1789030897099570000,41.54456982421875,-0.03340367242991924,-0.11294190404713153,0.21580723523795603
1789030897109574000,41.554573974609376,-0.09499415942430496,-0.17694529740214346,0.12035159578174352
1789030897119577900,41.564577880859375,-0.06600654987096786,-0.2945323969066143,0.20181465798169373
1789030897129581800,41.57458178710937,-0.16703151389211415,-0.5131716407001018,0.5135109556570648
1789030897139585800,41.58458569335937,-0.3840425719618797,-0.8449053487539291,0.8546303316935896
1789030897149589800,41.59458984375,-0.3089063746958971,-1.1026724878430365,0.8760752707824111
1789030897159593700,41.60459375,-0.1045867481559515,-1.1202467229783535,0.5025371417000889
1789030897169597000,41.614596923828124,0.14913082328140734,-0.9313561362385749,0.10635638817697762
1789030897179601000,41.62460083007812,0.2677922740191221,-0.7469137610793113,-0.11250643523931503
1789030897189604900,41.63460498046875,0.32010172244906426,-0.487596469938755,-0.1456280758574605
1789030897199608800,41.64460888671875,0.32620120836794375,-0.2929220391005277,-0.23679390916526316
1789030897209612800,41.65461279296875,0.14482991121709346,-0.22099311344325542,-0.2940741317451
1789030897219616800,41.66461669921875,-0.24097440972030162,-0.390897844684124,-0.12159662740677595
1789030897229621000,41.67462109375,-0.39235710358172654,-0.6577402706325054,0.081579089795053
1789030897239624700,41.684624755859375,0.3356540963679552,-0.792528680306673,-0.20484481945782898
1789030897249628000,41.6946279296875,0.8682914850383996,-0.609122077935934,-0.6918859936013817
1789030897259631900,41.7046318359375,0.612214198732376,-0.3318669790446758,-0.9228808610990643
1789030897269635800,41.7146357421875,0.20806816541850565,-0.10272446141541003,-0.7999106072515249
1789030897279639800,41.724639892578125,0.0060816580012440676,0.193003867277503,-0.7379945415645838
1789030897289643800,41.734643798828124,0.06441197415590286,0.569306200376153,-0.867058143851161
1789030897299647700,41.74464770507812,-0.02240998472869396,0.9070096304893493,-0.7881821755349636
1789030897309652000,41.75465185546875,-0.3513292198836803,1.015210477489233,-0.3822293850600719
1789030897319656000,41.76465600585937,-0.6412976698756218,0.8132721931278705,-0.09950286902040242
1789030897329658600,41.77465869140625,-0.395407431063056,0.4365899208009243,-0.08798018900901079
1789030897339662800,41.78466284179687,-0.005576923349499702,0.2055956378251314,-0.27707506614923477
1789030897349666800,41.79466674804687,-0.018932079485058782,0.33081425512135026,-0.5235761303365231
1789030897359670800,41.8046708984375,-0.046722880469262595,0.6711854431390762,-0.5789829602599144
1789030897369675000,41.81467504882813,-0.12317951268404721,0.9919207873165606,-0.6208589852198958
1789030897379678700,41.8246787109375,-0.2896095535516739,1.1341682808250189,-0.742210697954893
1789030897389682700,41.8346826171875,-0.5091700038433075,1.043621748459339,-0.5477405575171113
1789030897399687000,41.84468701171875,-0.46538785300105806,0.7820669075250625,-0.35327743134200573
1789030897409689900,41.85468994140625,-0.36142128257006406,0.6134130531281232,-0.14809446597099304
1789030897419693800,41.86469384765625,-0.6048249652639031,0.5122533568114042,-0.0155851071447134
1789030897429697800,41.87469775390625,-0.48761342107355593,0.39990766509175296,-0.1574947470009327
1789030897439701800,41.88470166015625,-0.32958559010922905,0.2921919712603092,-0.2747805254712701
1789030897449705700,41.894705810546874,-0.4629360759347677,0.06757832923233509,0.015070727881789207
1789030897459710000,41.9047099609375,-0.2344873857885599,-0.33189445157349107,0.2637090963587165
1789030897469714000,41.9147138671875,0.16164865180999038,-0.5932078849673271,0.35051790350079537
1789030897479717600,41.92471752929688,0.20892039833366868,-0.5828466499507426,0.192699915894866
1789030897489720800,41.934720947265625,-0.1385311033338308,-0.46585751633942124,0.1659860964924097
1789030897499724800,41.94472485351562,-0.3265250334948301,-0.4352683168083429,0.3168172939509153
1789030897509729000,41.95472900390625,-0.2382441079735756,-0.41921500762999053,0.4834349663451314
1789030897519733000,41.96473291015625,-0.367969389039278,-0.4329419196873903,0.5296683097317815
1789030897529736700,41.97473681640625,-0.5195020127654075,-0.4617898285090923,0.5987292787373065
1789030897539741000,41.98474096679688,-0.4898766898304224,-0.5291729274302721,0.7657961562037467
1789030897549745000,41.994744873046876,-0.4445286048457026,-0.6896025588393211,0.7879714553937316
1789030897559748900,42.004748779296875,-0.28876404263824224,-0.8307417988449335,0.5870309498980641
1789030897569751800,42.01475170898438,-0.19810382076501845,-0.7377455352395772,0.48578357529789207
1789030897579755800,42.024755859375,-0.3342021439939737,-0.4873579850077629,0.5452653995752335
1789030897589759700,42.034759765625,-0.46105917614698405,-0.3116857762813568,0.7064063941240311
1789030897599764200,42.04476416015625,-0.19624241080731153,-0.3462362806588411,0.6173217510044574
1789030897609768400,42.0547685546875,0.17979805648475886,-0.4539876303255558,0.31908523888289925
1789030897619772400,42.0647724609375,0.4661109065786004,-0.4312731096923351,0.013004735262691974
1789030897629776400,42.0747763671875,0.5997364099532365,-0.29954233402311803,-0.1277443363815546
1789030897639779300,42.084779296875,0.5542103380531073,-0.28245500562191006,-0.20611966169923543
1789030897649783300,42.094783203125,0.41722938677072524,-0.5431552755534649,-0.15128478644490242
1789030897659787500,42.10478759765625,0.43947570537030695,-0.9355109178304671,-0.19073796817213295
1789030897669791500,42.11479150390625,0.40483693818747996,-1.086856494551897,-0.2317000931575894
1789030897679795500,42.12479541015625,0.21480478019714355,-0.9693483055025338,-0.3058949179202318
1789030897689799400,42.13479931640625,0.15550415770560502,-0.8278671201914548,-0.5240227050602436
1789030897699803400,42.14480346679687,0.32941140258610246,-0.5954331598013639,-0.7862719579994678
1789030897709807400,42.15480737304687,0.5323264230251312,-0.11107786374092102,-1.0640127945810556
1789030897719810600,42.164810546875,0.5776940894931555,0.46655894260704517,-1.0696785652577876
1789030897729814500,42.174814453125,0.4431634539723396,0.6397948640972375,-0.7426800690323114
1789030897739818200,42.184818359375,0.3240674112096429,0.3997445834845304,-0.6037468146383762
1789030897749822500,42.19482250976562,0.340119259083271,0.2756517553478479,-0.6970850235491991
1789030897759826400,42.20482641601563,0.05587386291325092,0.38553251825869084,-0.5552858583301306
1789030897769830400,42.21483032226563,-0.05572422530949116,0.413124874061346,-0.15584814883768558
1789030897779834600,42.22483471679688,-0.09937281289994716,0.30592355949282646,0.14922668487131593
1789030897789838300,42.23483837890625,-0.09779051214456558,-0.006046878948807716,0.11452712741196155
1789030897799841300,42.24484130859375,0.010728314763307571,-0.39022272190153595,0.14604162509441374
1789030897809845500,42.25484545898438,-0.005859831944108009,-0.7285650344401597,0.32799159891605373
1789030897819849500,42.264849365234376,0.06631663873344659,-0.9358201299101113,0.5475871205210685
1789030897829853400,42.274853515625,0.24506138677299022,-0.9131073628425598,0.4579302304714918
1789030897839857400,42.284857421875,0.43069443302154536,-0.5278928244918585,0.21929858448505402
1789030897849861400,42.294861328125,0.36914953873455525,0.012048165190219878,0.11042027661502361
1789030897859865300,42.304865234375,0.13459960910379887,0.1979056678444147,0.26622107917964455
1789030897869869600,42.31486962890625,-0.05456248805373907,0.011063245806097983,0.43292584533542394
1789030897879872300,42.324872314453124,-0.08097206381261349,-0.33273616309463977,0.414601960876584
1789030897889876500,42.33487646484375,0.18746552237272263,-0.3826064016789198,0.17624767052680254
1789030897899880400,42.34488037109375,0.3033808892726898,-0.06429740786552429,-0.16181553280949593
1789030897909884400,42.35488452148437,0.25297318281084297,0.28431144714355466,-0.2974360093936324
1789030897919888400,42.36488842773438,-0.12430705540925263,0.41159927192926404,-0.024428046552836893
1789030897929892600,42.374892578125,-0.0016208792001008987,0.2887994062125683,0.03609685703665018
1789030897939896300,42.384896240234376,0.11992167993187904,0.1865162588238716,-0.18065087392181156
1789030897949899500,42.3948994140625,0.28757454059273,0.21456512622237203,-0.3509840597078204
1789030897959903500,42.40490356445312,0.24318156437575816,0.31831483903229235,-0.015283786110579966
1789030897969907500,42.41490747070313,0.3337140682160854,0.22555822940170764,0.14613544085770844
1789030897979911400,42.424911376953126,0.48747196677625176,0.17145488329231737,0.06438625519275665
1789030897989915400,42.434915283203125,0.3639262511283159,0.14603402630984783,0.038429683898389334
1789030897999919400,42.44491943359375,0.1920242085903883,-0.044320787763595576,0.07216741058826447
1789030898009923600,42.454923583984375,0.006994973453879356,-0.41881402561366554,0.42989743742495773
1789030898019927600,42.46492749023437,-0.05303308652937412,-0.8263853572010994,0.6792255417317151
1789030898029930200,42.47493017578125,0.10128127686977385,-0.8928922578096389,0.7176756838962435
1789030898039934500,42.4849345703125,0.07401449975967407,-0.5577946262806653,0.7469090849041938
1789030898049938400,42.4949384765625,-0.23104016794413326,-0.23492636172771453,0.7021294474571943
1789030898059942400,42.5049423828125,-0.5714204160511493,-0.07143091300725936,0.6579232259839772
1789030898069946600,42.51494653320312,-0.5293450691267848,-0.058092708006501195,0.7303007721915841
1789030898079950300,42.52495043945312,0.12392156322300434,0.04524550139307976,0.8191264721140264
1789030898089954300,42.53495434570313,0.3213543528586626,0.16727204464972018,0.8951306843861937
1789030898099958500,42.54495849609375,-0.0838818137794733,-0.15612755030095576,0.8028761790588498
1789030898109961500,42.55496142578125,0.010786182430386542,-0.43195407769382,0.7240040101349353
1789030898119965400,42.56496533203125,0.5896686049252748,-0.2914081274062395,0.5069666485801338
1789030898129969400,42.57496948242188,0.7449117736071348,0.012612813335657119,0.05096913973689079
1789030898139973400,42.58497338867188,0.3648725920677185,0.10270751028060912,-0.22975480430871248
1789030898149977300,42.594977294921875,-0.06363543682545424,0.051206455624103545,-0.0878662072405219
1789030898159981600,42.604981689453126,-0.11224515395462513,-0.024184593185782432,0.18477467585355042
1789030898169985500,42.614985595703125,0.28344518570303917,-0.10246785630583763,0.17808131569474933
1789030898179988500,42.62498852539063,0.71681497541368,-0.14538462249040604,-0.009649871876835822
1789030898189992400,42.634992431640626,0.11240648199617861,-0.16455869403779505,0.16299977415800093
1789030898199996400,42.644996337890625,-0.7076911732375621,-0.35683950773775575,0.6145391345486044
1789030898210000600,42.655000732421875,-0.2121580650806427,-0.4773141453772783,0.539363482055068
1789030898220004400,42.66500439453125,0.7773691050976514,-0.3977753292381763,-0.1548465705797076
1789030898230008300,42.67500830078125,0.9584317746907473,-0.3831698807805776,-0.55761810066998
1789030898240012300,42.68501220703125,0.3923912981122732,-0.4976104989528656,-0.274030876147747
1789030898250016500,42.6950166015625,0.00942775355875492,-0.6381979502946138,0.030850773076713082
1789030898260019500,42.70501953125,0.4149819001048803,-0.33296295758783817,-0.06072188746631145
1789030898270023400,42.7150234375,0.5782771500781179,0.188660285115242,-0.44087972694933414
1789030898280027400,42.72502734375,0.5504357879504561,0.6287111600250005,-0.7547083604782819
1789030898290031400,42.73503125,0.44786564031392334,0.9866337868243455,-0.6574936023950576
1789030898300035600,42.74503564453125,0.2184296926960349,1.1974468670368195,-0.5782493852883577
1789030898310039600,42.75503955078125,-0.07547375865727662,1.2959417280584573,-0.3581359772890806
1789030898320043300,42.765043212890625,-0.38494478149861094,1.2264742240786553,-0.05718699133843183
1789030898330046500,42.77504638671875,-0.28308862735033036,1.1251397557169198,-0.13409925836622713
1789030898340050400,42.78505053710938,-0.33751346049904823,1.0312275463104248,-0.15521657293587923
1789030898350054400,42.795054443359376,-0.45158904475122685,0.8673188406139611,-0.03220657159984112
1789030898360058400,42.805058349609375,-0.24986674122810362,0.9771201085478067,0.21594079848974942
1789030898370062300,42.815062255859374,-0.2319558214843273,1.1212363185375929,0.3000724953770637
1789030898380066300,42.82506640625,-0.22893851948976515,1.0774024375081062,0.2545382401704788
1789030898390070500,42.83507055664062,-0.12354776147454977,0.887670139247179,0.1378922209084034
1789030898400073500,42.845073486328126,-0.016420096664130687,0.6385661990851164,0.017124445541203022
1789030898410077400,42.855077392578124,-0.5763225088790058,0.32759880020618437,0.36907939610779283
1789030898420081400,42.86508129882812,-0.8646613118425012,-0.09088613958358764,0.8167381156727671
1789030898430085400,42.87508544921875,-0.25405191795825954,-0.4452840993881225,0.7884995709210634
1789030898440089300,42.88508935546875,0.23408377342373132,-0.6921089887022972,0.3580143967360258
1789030898450093600,42.89509350585938,0.21485271099209785,-0.8174836733430624,-0.1106342116266489
1789030898460097300,42.90509716796875,-0.43693157384544606,-0.8681617211788892,0.12020809565782546
1789030898470100500,42.9151005859375,-0.7132382859706878,-1.0853116031974552,0.42619069186151026
1789030898480104400,42.9251044921875,-0.5268474070921539,-1.2524994766950606,0.5556538148596882
1789030898490108400,42.9351083984375,-0.27423399750441313,-1.360044490134716,0.5529360803335904
1789030898500112600,42.94511254882813,-0.12199293324798345,-1.284327278110385,0.41720191424190994
1789030898510116400,42.95511645507813,-0.18644962332844733,-1.0068331097662448,0.42676498461812734
1789030898520120300,42.965120361328125,-0.06113251409381628,-0.5694026464879512,0.15097732793092727
1789030898530124500,42.97512451171875,-0.11998100890368223,0.0020078326910734174,0.02601297765672207
1789030898540128500,42.98512841796875,-0.07721417258381844,0.34152912588119505,-0.010099369210004806
1789030898550131200,42.995131103515625,0.1072723339781165,0.4438561124116182,-0.29747137296795845
1789030898560135400,43.005135498046876,-0.10240940411686897,0.3290489990144968,-0.508469746619463
1789030898570139400,43.015139404296875,-0.29845103165507314,0.0875935277789831,-0.49366643750220535
1789030898580143400,43.02514331054687,-0.28057401418089867,-0.12300737098753452,-0.3809600957766175
1789030898590147600,43.035147705078124,-0.16343319713920354,-0.2539250767081976,-0.23395254825949668
1789030898600150800,43.04515087890625,-0.1491223477140069,-0.305372355350852,-0.24613778383284807
1789030898610154800,43.05515478515625,-0.5165948931470513,-0.35903029578030105,0.06042173547595739
1789030898620158000,43.06515795898437,-0.5375859509885311,-0.6308633696228265,0.6811795984089374
1789030898630162000,43.07516186523438,-0.2068108588337898,-0.7319540923565626,0.9308128231421112
1789030898640166000,43.08516577148438,0.05143646498769521,-0.3908645269364118,0.8034332284197211
1789030898650169900,43.095169921875,-0.10897884563505648,-0.12422200747430324,0.6316363998219371
1789030898660173800,43.105173828125,-0.1365630181312561,-0.3397673769056797,0.6734045804932713
1789030898670178000,43.115177978515625,0.4021133584424853,-0.6298918942421674,0.428444023746252
1789030898680182000,43.12518212890625,0.7548968687877059,-0.3286778276145458,-0.282535377381742
1789030898690184700,43.135184814453126,0.5350733836457133,-0.007886953857541084,-0.8186015714570879
1789030898700189000,43.14518896484375,0.08771540059298276,-0.23969138417243957,-0.6969985143095254
1789030898710193000,43.15519287109375,-0.08085662073940038,-0.6622942806750536,-0.3343053121075034
1789030898720196900,43.16519677734375,0.1317313601911068,-0.6847773306399584,-0.3272635769024491
1789030898730201000,43.175201171875,0.13792729222178457,-0.22099486700892448,-0.736897393977642
1789030898740204800,43.18520483398437,-0.06457184089273214,0.04845861822068691,-0.9811196995779872
1789030898750208800,43.19520874023438,0.23593787685781717,0.01965805567204952,-0.9483037639081477
1789030898760213000,43.205212890625,0.5485141722381115,0.10479483794867991,-0.5484010672524571
1789030898770216000,43.2152158203125,0.23261107052266597,-0.10812953532934189,-0.42548605072349305
1789030898780220000,43.22521997070312,0.23539777863174677,-0.6904962928086519,-0.5310995115786791
1789030898790224000,43.23522387695313,0.42616175802797074,-0.8299281443744897,-0.45065994720757
1789030898800227800,43.24522778320313,0.1266311144426465,-0.7332669285207987,-0.05120353301465511
1789030898810231800,43.255231689453126,-0.31862142076343297,-0.7252215692311524,0.472536555711925
1789030898820236000,43.26523608398438,-0.4153235531494021,-0.6992156058371066,0.6115288468167186
1789030898830240000,43.275239990234375,0.0030137948632240293,-0.29824644899368286,0.06505670180022716
1789030898840243000,43.28524291992188,-0.0037681203618645668,0.37288171100020406,-0.3956789414808154
1789030898850247000,43.295246826171876,-0.06271247676163912,0.8750245926856994,-0.4518482802093029
1789030898860251000,43.3052509765625,-0.4354758220791816,0.9936030413150787,0.013189151918888092
1789030898870255000,43.315255126953126,-0.3435878119766712,0.755347827425599,0.7116039627671241
1789030898880259000,43.325259033203125,-0.24955314523428676,0.32843115937709805,1.0880042032822965
1789030898890262800,43.3352626953125,-0.0750111095815897,-0.03336743207275867,0.8581336636394262
1789030898900267000,43.34526708984375,0.1258770812049508,-0.1411509304434061,0.45972851206511256
1789030898910270000,43.35527001953125,-0.23256460103243587,-0.11564297969937323,0.7472077755898237
1789030898920274000,43.36527392578125,-0.4674591063171625,-0.17432371672689914,1.146402323976159
1789030898930278000,43.37527783203125,-0.4574781027898192,-0.16158640022873877,1.0786886779263616
1789030898940281900,43.38528173828125,-0.2599599729582667,-0.006205868902802467,0.6813628460213541
1789030898950285800,43.39528588867187,0.1861637921243906,0.25498072324097154,0.3059764587238431
1789030898960290000,43.4052900390625,0.18389000197350977,0.4819277766525745,0.21205986540317534
1789030898970294000,43.4152939453125,-0.01621171461045742,0.3614595687538385,0.09165186325907707
1789030898980297000,43.425296875,-0.3407546343773603,0.06354512819349765,0.34091946955025193
1789030898990301000,43.43530102539062,-0.10381517926156521,-0.33064182116389274,0.5606327723160386
1789030899000305000,43.44530493164063,0.3551198443382978,-0.3306827376961708,0.6348755278736352
1789030899010308900,43.45530883789063,0.4437658037796616,-0.31246786656975745,0.4929366619229316
1789030899020313000,43.46531298828125,0.16108195783793924,-0.4155032936304807,0.5099766440510749
1789030899030316800,43.47531689453125,0.2744908948749304,-0.3630027065426111,0.43288639010787006
1789030899040320800,43.48532080078125,0.42404666557013987,-0.03195931884050369,0.4563979063376784
1789030899050324000,43.49532397460938,0.22182839522361755,0.35462650786340233,0.5434346770167351
1789030899060328000,43.505327880859376,-0.1442819219455123,0.597352145165205,0.77349255592525
1789030899070332000,43.515331787109375,-0.4390098414242267,0.47811260227859015,0.8161486253470182
1789030899080336000,43.5253359375,-0.2872591910332441,0.29866029049158094,0.7091670910090208
1789030899090339800,43.53533984375,0.15284458310753107,0.169819975566864,0.4244102381855249
1789030899100344000,43.54534399414062,0.2432674890935421,0.17054595175385473,0.3873357682883739
1789030899110348000,43.55534814453125,-0.0554673279389739,0.30607144353091714,0.5791556864783167
1789030899120350700,43.565350830078124,-0.14764292281121014,0.4001590095043182,0.4733306286990642
1789030899130355000,43.57535498046875,0.040322365777194495,0.2864233247309923,-0.015471125376224517
1789030899140359000,43.58535888671875,0.07643938881903886,-0.06578969224989414,-0.2384048514932394
1789030899150363000,43.59536279296875,0.4739724337339401,-0.5553507402598857,-0.2862655038207769
1789030899160367000,43.6053671875,0.5306584898129105,-0.7266483871638775,-0.4024567650526762
1789030899170370800,43.61537084960938,0.26233517765700815,-0.7972814277917146,-0.7813917847424745
1789030899180374800,43.625374755859376,0.14987199703752993,-0.6756272249788046,-1.084227022831142
1789030899190378000,43.6353779296875,-0.022389234201610087,-0.20239596500098705,-0.9107739514589309
1789030899200382000,43.6453818359375,0.0826861742541194,0.06949965268373488,-0.9754837395176291
1789030899210386000,43.65538598632813,0.27960575367063284,0.37227205466926094,-1.1280503824666142
1789030899220390000,43.665389892578126,0.18380203142911195,0.7630319521874189,-0.8208528575152159
1789030899230393900,43.675393798828125,-0.09146920016855001,1.0009931515663861,-0.3478440081164241
1789030899240397800,43.685397705078124,-0.0845095902889967,0.8782470618635415,-0.10615531264692545
1789030899250401000,43.69540112304688,0.09273819719105958,0.5953571719557047,0.016084288838505743
1789030899260404700,43.70540478515625,-0.22717530920952558,0.5274865817785263,0.13037088549286127
1789030899270409000,43.715408935546876,-0.0914846899986267,0.5958429096460343,0.05186608857661485
1789030899280413000,43.725412841796874,0.20305559795349834,0.8618716811239718,-0.03672317224144935
1789030899290417000,43.7354169921875,0.2734893166169524,1.1601041015923022,-0.2836395392313599
1789030899300421000,43.745421142578124,-0.03344605026692152,1.374201610302925,-0.17397358811497687
1789030899310424800,43.7554248046875,-0.5802078258797526,1.092041203713417,0.1420163151010871
1789030899320427800,43.765427734375,-0.5662085266217589,0.5978899053037167,0.4321533996582031
1789030899330432000,43.775431884765624,-0.49838089880347247,0.11614917565584182,0.7172112812548875
1789030899340436000,43.78543603515625,-0.37499300406575203,-0.3659200552940368,0.7569485406205058
1789030899350440000,43.79543994140625,-0.39772622939944263,-0.6334224064558744,0.8110662075161933
1789030899360444000,43.80544384765625,-0.5164987392961978,-0.7681459342002869,0.6852689135491847
1789030899370448000,43.81544775390625,-0.6082467564061284,-0.8401876725822687,0.49809711342602964
1789030899380451800,43.82545190429688,-0.6173404557049275,-0.9122685739308595,0.36402737341523167
1789030899390455000,43.835455078125,-0.21170886000841854,-0.89341248229146,0.19807342562675476
1789030899400458800,43.84545874023438,-0.06988309904336928,-0.718417149913311,0.15179361274987457
1789030899410463000,43.855462890625,-0.0161231595441699,-0.48919805991649623,0.08903875815123319
1789030899420467000,43.86546704101563,-0.09270137231200933,-0.22193244011998176,0.12318535790294408
1789030899430471000,43.875470947265626,-0.1384296887859702,0.045022798553109165,0.11782266182601452
1789030899440475000,43.885474853515625,-0.05301029017567634,0.26937691286206245,-0.09553308860659598
1789030899450479000,43.89547900390625,-0.07351970198005438,0.40037002190649507,-0.08652823663502932
1789030899460481800,43.905481689453126,0.0270811914101243,0.3230950590461492,-0.1837295507147908
1789030899470486000,43.915486083984376,-0.13851385993808507,0.22755729426443574,0.07104249821156262
1789030899480490000,43.925489990234375,-0.21174802297502754,-0.049535892063379286,0.4270762425243854
1789030899490494000,43.935493896484374,0.08888678245991467,-0.3283195156961679,0.3060831339687109
1789030899500498000,43.94549780273437,0.048913668511807916,-0.3924526729106903,0.19021686690747736
1789030899510502000,43.955501953125,-0.16525719769597053,-0.4832832829147577,0.1512260419949889
1789030899520505900,43.965505859375,-0.1603369846895337,-0.7736860326707362,0.1631438588038087
1789030899530509000,43.975509033203124,-0.09646130936741829,-1.3108207327604293,0.2812906380176544
1789030899540513000,43.98551293945312,-0.12592939591407776,-1.6430489463329314,0.48760260741859673
1789030899550516700,43.99551684570312,-0.25156273149102926,-1.583323084166646,0.6407897203534841
1789030899560521000,44.00552099609375,0.028857845693826673,-1.3111200079679488,0.3632145957276225
1789030899570525000,44.01552490234375,0.32807372424155473,-0.711337420785427,-0.17860183243751523
1789030899580529000,44.02552880859375,0.1596437417283654,0.0352659591704607,-0.4996925659239292
1789030899590533000,44.035533203125,-0.11980097616165876,0.5212082321614027,-0.3218219703704119
1789030899600536000,44.0455361328125,-0.027853052565455436,0.475045031401515,-0.1008960769444704
1789030899610540000,44.0555400390625,0.1171171439051628,0.15149696789085865,0.11882511686682701
1789030899620544000,44.0655439453125,0.2874979682251811,-0.09319909270107746,-0.042806291547417635
1789030899630548000,44.0755478515625,0.5080804550409317,-0.053255789369344705,-0.6717454151093959
1789030899640552000,44.085552001953126,0.44814241142868994,0.22632453759908674,-1.2036533204615116
1789030899650556200,44.09555615234375,0.14715426251143215,0.5774918449193239,-1.037970590829849
1789030899660560100,44.10556005859375,-0.3070195380359888,0.480367687729001,-0.594459346333146
1789030899670563000,44.11556298828125,-0.417222372508049,-0.10589081649184226,-0.1826514000892639
1789030899680567000,44.125567138671876,-0.1783133708849549,-0.7768354366123675,-0.20387714346945285
1789030899690571000,44.135571044921875,0.144694594399631,-1.088994091102481,-0.5193485757693648
1789030899700575200,44.1455751953125,0.26662469154447316,-0.8260515952020883,-0.5453960402175784
1789030899710579200,44.1555791015625,0.14484072487205266,-0.506239211088419,-0.3127376234218478
1789030899720583000,44.1655830078125,-0.23716741865277288,-0.3435831358015537,0.44402182436734433
1789030899730586000,44.175586181640625,-0.6147603760838508,-0.8054957139074802,1.0048264461189509
1789030899740590000,44.185590087890624,-0.25516221728771926,-1.3188655075281859,0.6608011195078491
1789030899750594000,44.19559399414062,0.48949938095062967,-0.8260194464981555,-0.43828649558573957
1789030899760598000,44.20559790039062,0.6753744192615151,0.5894786353111267,-0.9652192428737878
1789030899770602000,44.21560205078125,-0.0002066284880042076,1.453565069875121,-0.20183482398688793
1789030899780606000,44.22560595703125,-0.45395372805595396,0.8450941493242978,0.9017164925172925
1789030899790610200,44.23561010742188,-0.33123160375058647,-0.202149881285429,1.2946788685157895
1789030899800613000,44.24561303710937,-0.14346622164845466,-0.6198100606888532,0.8432727791160345
1789030899810617000,44.2556171875,0.10418693518340587,-0.4347241269290447,0.263128081600368
1789030899820621000,44.26562109375,0.4415656633868813,-0.07932137399613856,0.05484481212645769
1789030899830625000,44.275625,0.4513163652896881,0.2954419129669666,0.1542787075638771
1789030899840629000,44.28562890625,-0.14846037667393683,0.48810383493900295,0.7336804777577519
1789030899850633200,44.29563330078125,-0.4887988314658403,0.25897125418186184,1.0145587355822323
1789030899860636000,44.30563598632813,0.22008476642668245,0.17509002492427825,0.6275023687571287
1789030899870640000,44.31564013671875,0.5340896333053707,0.4555693465590477,0.20456571025550363
1789030899880644000,44.32564404296875,0.10632745434343814,0.7585223658084869,-0.07958207075893879
1789030899890648000,44.33564794921875,-0.42500645051300523,0.8403840719372033,0.1374123284369707
1789030899900652000,44.345652099609374,-0.30563714376688,0.5709469533205032,0.36898353451788424
1789030899910656000,44.35565600585937,0.057740533567965026,0.28514380631446834,0.5231967756301165
1789030899920660000,44.36565991210937,0.15937749200761317,0.024091654205322263,0.4890487145736813
1789030899930663200,44.3756630859375,-0.02047901666611433,-0.36749358822107314,0.33176147284358737
1789030899940667100,44.385667236328125,-0.14261574229896068,-0.5600087951987981,0.5665621623650193
1789030899950670800,44.3956708984375,0.0963823989123106,-0.652612260094285,0.47131958113759753
1789030899960675000,44.40567504882812,0.34463118354976174,-0.67015259296,0.3219102331757545
1789030899970679000,44.41567895507813,0.050040334454178804,-0.6565875934660435,0.2639417360708117
1789030899980683000,44.42568310546875,-0.21011749916374683,-0.6687140845894813,0.226018248128891
1789030899990687200,44.43568725585938,0.016548399218916893,-0.5580611682623624,0.22282646635025738
1789030900000690000,44.44568994140625,0.41193829462528225,-0.2427349896520376,0.06792758106142283
1789030900010694100,44.45569409179687,0.49635143880248067,0.025939912420511243,-0.06869359699785708
1789030900020698000,44.46569799804688,0.22862521575689315,0.053419455498456954,0.04596183296889066
1789030900030702000,44.4757021484375,0.04373217422068119,-0.07886953857541083,0.27146862444430586
1789030900040706000,44.4857060546875,0.07580956648290157,-0.23261574669778345,0.4637383322283625
1789030900050710000,44.4957099609375,0.19680910477936267,-0.45798985170423984,0.5051739199444651
1789030900060713000,44.505712890625,0.5404793343424796,-0.6667220339894294,0.1449956231728196
1789030900070717200,44.51571728515625,0.8990613018333912,-0.640875645071268,-0.3604690964117646
1789030900080721200,44.52572119140625,1.2416495813786983,-0.24870704979896543,-0.8240326565951108
1789030900090724900,44.535724853515624,1.198897065845132,0.2691682385474443,-0.9989946712255477
1789030900100729000,44.54572900390625,0.5866662082388997,0.4414858761489391,-0.7158920153498649
1789030900110733000,44.555733154296874,0.1747925032824278,0.09063830230236053,-0.18927695570886133
1789030900120737000,44.56573706054687,0.17847703701406717,-0.12404022116661072,0.10907353818118572
1789030900130740200,44.575740234375,0.17875497717261313,0.21734803493916988,0.052447103334963316
1789030900140744000,44.585743896484374,0.1763137215003371,0.7020803476184606,-0.04608545934855938
1789030900150748000,44.59574780273437,0.037088206161558626,0.8547031046688556,0.1591872301325202
1789030900160752000,44.60575219726562,-0.17197803038358686,0.42767713102698324,0.3685828447625041
1789030900170756000,44.61575610351562,0.2875730792880058,0.27838673326969143,0.17212357633411884
1789030900180760000,44.62576000976563,0.7044274952664971,0.7860007398426532,-0.2698419000253081
1789030900190764000,44.63576391601563,0.5191901703372598,1.1226596293389797,-0.5056014977067709
1789030900200767000,44.64576708984375,-0.05067103357315063,0.9586129764765501,-0.2168865549072623
1789030900210771200,44.65577124023437,0.04904810854643583,0.6040285541892051,-0.09147007695138454
1789030900220775200,44.66577514648438,0.37673020312190053,0.47665363564193247,-0.08594634509384631
1789030900230779000,44.67577880859375,0.3269415053412318,0.25950667623281476,-0.12227233471125364
1789030900240783000,44.685783203125,-0.1938531775832176,0.05496610041856766,0.12602993367910384
1789030900250787000,44.695787109375,-0.38387335287481544,-0.033848493587970735,0.08489858960658311
1789030900260790000,44.7057900390625,0.08948007217794657,0.051953474599123,-0.4145660127803683
1789030900270794200,44.71579418945313,0.1860261372193694,0.07506663916110992,-0.656515697273612
1789030900280798000,44.7257978515625,-0.3254278859078884,-0.23087854764163493,-0.38251404722034926
1789030900290802000,44.735802001953125,-0.808414816224575,-0.6434878733962774,0.23699293886870143
1789030900300806100,44.74580615234375,-0.5338067247107625,-0.932269743952155,0.4915796943560242
1789030900310810000,44.75581005859375,0.02737228331118822,-1.0069529367536305,0.2435869303062558
1789030900320814000,44.76581396484375,0.027130291248857973,-0.9190765003800392,0.01412292563766241
1789030900330817000,44.775817138671876,-0.37618747454732654,-0.7575292631179094,-0.01374123284369707
1789030900340821000,44.785821044921875,-0.57825435372442,-0.5303571687787771,0.23535978470891714
1789030900350825000,44.79582495117187,-0.4749465394631028,-0.28916180978417394,0.4111401299849152
1789030900360829200,44.8058291015625,-0.3375087843239307,-0.014313772034645079,0.3716504156395793
1789030900370833200,44.81583325195312,-0.47743251105993983,0.23677228185534477,0.33211247823834417
1789030900380836900,44.8258369140625,-0.6715826257631182,0.22248539782762528,0.4989873402640223
1789030900390840000,44.835840087890624,-0.5167570979714393,-0.13809914165735243,0.5305836710110307
1789030900400844000,44.84584399414062,-0.3749064948260784,-0.5688479352146387,0.6211828103467821
1789030900410848300,44.85584814453125,-0.3457654482766986,-0.8976876753926276,0.8318436226069926
1789030900420852000,44.86585205078125,-0.22068010197132826,-1.1110825887918472,0.9712363112062216
1789030900430856000,44.87585595703125,0.05572159496098757,-1.096580600708723,0.7067188210740685
1789030900440860200,44.88586010742188,0.1655222783729434,-0.6574906797856092,0.1366197167545557
1789030900450863000,44.89586303710937,0.059496145063638685,-0.04508534239530563,-0.24904198084175586
1789030900460866800,44.90586669921875,-0.0881950008034706,0.3604091829180717,-0.21311901906728745
1789030900470871000,44.91587109375,-0.056332712596654885,0.33804537541866303,0.012943360464274882
1789030900480875000,44.925875,0.10845452950000763,0.006968085446953773,0.05547083507031202
1789030900490879000,44.93587890625,0.18930822762995958,-0.445982603046298,-0.07697510313093661
1789030900500883200,44.94588330078125,0.17923223929554222,-0.7250660864084959,-0.3078390377253294
1789030900510887200,44.95588720703125,0.18768764069080351,-0.6661001026988029,-0.3578422550395131
1789030900520890000,44.96589013671875,0.1579553502500057,-0.37829029204547404,-0.33986499206125736
1789030900530894000,44.97589404296875,0.09797989723682403,-0.1895750618726015,-0.32653906202018257
1789030900540898000,44.98589794921875,0.21323241631388662,-0.31673195375502106,-0.37988925167471166
1789030900550902000,44.995902099609374,0.3645160337150097,-0.44773616871535776,-0.5196668479382992
1789030900560906000,45.00590600585937,0.34662177284508944,-0.37785657680332657,-0.6150941380828618
1789030900570910000,45.01590991210937,0.0335296368971467,-0.3581102583259344,-0.49479251892268655
1789030900580913200,45.0259130859375,0.21016163056641815,-0.5037555775791406,-0.24931729065179822
1789030900590917000,45.035917236328125,0.6705304863616823,-0.23517478353083132,-0.057417877484858035
1789030900600921300,45.04592138671875,0.2592535782545805,-0.03309270678460598,-0.21547639584839343
1789030900610925300,45.05592529296875,0.5697752791926265,0.04006839101612568,-0.5656669670909643
1789030900620929500,45.06592944335937,0.6086956692174077,0.05254968692660331,-0.6264663037076592
1789030900630933500,45.07593359375,0.5363201688364148,-0.06911503728032112,-0.23314181639850137
1789030900640937500,45.0859375,0.7297083592563867,-0.212343943041563,-0.058311903715133666
1789030900650940400,45.0959404296875,0.9129346366241574,0.013166355565190314,-0.15750614517778158
1789030900660944400,45.1059443359375,0.5257496749833226,0.44338381872475147,-0.03549509175121784
1789030900670948600,45.11594848632812,-0.08490589613020419,0.2948053686290979,0.41309038726985453
1789030900680952600,45.12595263671875,-0.1977680129393935,-0.2944756982833147,0.7166279284089804
1789030900690956300,45.13595629882813,0.18277882586121558,-0.5596060596168041,0.49671939533203835
1789030900700960500,45.14596044921875,0.3094336134403944,-0.30957506773769855,0.1362806940585375
1789030900710963500,45.15596337890625,0.14714870955348014,0.08193652493059635,0.032629473187029356
1789030900720967400,45.16596752929688,-0.2311415824919939,0.19636603718698023,0.2811798711195588
1789030900730971600,45.1759716796875,-0.1455105869576335,0.03027764936387539,0.4921759066835045
1789030900740975400,45.185975341796876,0.17785948963761328,-0.07522738268077372,0.5515984019890428
1789030900750979300,45.195979248046875,0.24214111541211603,0.058573769521713254,0.5529179601550102
1789030900760983600,45.205983642578126,-0.05591887109875679,0.15953998909294603,0.6472364122748374
1789030900770987500,45.215987548828124,-0.4394292358800769,-0.07974807497560978,0.7903077893868088
1789030900780990500,45.22599047851563,-0.16430150440633295,-0.2860124058425426,0.647542994005978
1789030900790994400,45.235994384765625,0.20045739815384148,-0.10279811117351055,0.5048480489909649
1789030900800998400,45.245998291015624,-0.07375088038742542,0.12511515692174435,0.5096662629276514
1789030900811002400,45.25600244140625,-0.3665671210259199,0.023779519516229627,0.8614140004843472
1789030900821006600,45.266006591796874,-0.13265665834248064,-0.26140637237429615,1.2913473860055207
1789030900831010600,45.27601049804687,0.3672749770343303,-0.531743070179224,1.0736062600955367
1789030900841013500,45.286013427734375,0.556398495747149,-0.47262043460309505,0.668047145113349
1789030900851017500,45.296017578125,-0.06826981862783432,-0.5516273358225822,0.5479118224307894
1789030900861021400,45.306021484375,-0.4430500567257404,-0.7148334462076426,0.4752335397109389
1789030900871025700,45.31602563476562,0.1912310123860836,-0.4247638739287853,0.4689928917557001
1789030900881029400,45.326029296875,0.949621860769391,0.2586187874823809,0.32764000899940726
1789030900891033300,45.33603344726563,1.0025465184882283,0.9636831193476915,0.5861342933192849
1789030900901036500,45.34603662109375,0.2836120667025447,0.9185159438878298,0.7570224826395511
1789030900911040500,45.35604052734375,0.027583295713365076,0.48867608186900613,0.6093418581664561
1789030900921044200,45.36604418945313,0.2171943056821823,0.09830547592937945,0.3232192699477076
1789030900931048400,45.37604833984375,0.4935521634727716,-0.15044599753320217,-0.05062982477992773
1789030900941052400,45.38605249023438,0.9529618188470601,-0.09832768776118755,-0.47937166242897505
1789030900951056400,45.396056396484376,0.9093000795140862,-0.03471300146281719,-0.7141849191710352
1789030900961060600,45.406060546875,0.43538463666439053,-0.13545242654085157,-0.23183891710638999
1789030900971063300,45.41606323242188,0.3247551012128591,-0.3815501706242561,0.33939123706966634
1789030900981067500,45.42606762695313,0.4711111990839243,-0.6066185706824064,0.23124679643213747
1789030900991071500,45.436071533203126,0.1736404106378555,-0.6420452733725309,0.201612705668807
1789030901001075500,45.446075439453125,-0.2378229599520564,-0.7199006664693355,0.23146423857510087
1789030901011079400,45.456079345703124,-0.05705927330553531,-0.6215665489673614,0.2150827203556895
1789030901021083400,45.46608349609375,0.3840864111036062,-0.3110919020414352,-0.1908753308162093
1789030901031086300,45.47608642578125,0.6476490847289562,0.11360182926058769,-0.38431379011869427
1789030901041090600,45.486090576171875,0.5510416448891162,0.3710322837412357,-0.18445465011894702
1789030901051094500,45.496094482421874,0.411446419455111,0.26084172422885893,-0.06670271544158458
1789030901061098500,45.50609838867187,0.5194254403978585,0.11851473574340343,0.04976180977374315
1789030901071102500,45.5161025390625,0.6803817260295152,0.2686591199815273,-0.07696721208542585
1789030901081106400,45.5261064453125,0.7790586656197905,0.8466215050220489,-0.3631964755490422
1789030901091109600,45.536109619140625,0.41491847947984933,1.2774001091957092,-0.5072215001240372
1789030901101113600,45.54611352539062,-0.12762275582849977,1.1723889981478453,-0.22215338939428328
1789030901111117300,45.55611743164062,-0.5407499679774046,0.6101695411622524,0.4294339115664363
1789030901121121300,45.56612133789063,-0.36980654133856294,0.0023638065218925474,0.43540334136486053
1789030901131125500,45.57612548828125,0.13395078980624675,0.06918401086330414,-0.03533668631911278
1789030901141129500,45.58612939453125,0.2884837643921375,0.4563508523255586,-0.5655307734906673
1789030901151133400,45.59613354492188,0.28416823928058144,0.7592810752213001,-0.7874252196878194
1789030901161136400,45.60613647460937,0.30523762305527924,0.7807873891085386,-0.6876692526891827
1789030901171140400,45.61614038085938,0.41282589111477136,0.5244429762989282,-0.6363774568691849
1789030901181144600,45.62614453125,0.48643853207528587,0.0692208357423544,-0.5075009015873074
1789030901191148500,45.6361484375,0.35378012016713617,-0.41801966036558147,-0.10479454568773508
1789030901201152500,45.646152587890626,0.19315584296882152,-0.8845365173965692,0.2564347214415669
1789030901211156500,45.656156494140625,0.16670798102617262,-1.2944032664448022,0.3333630628213286
1789030901221159400,45.66615942382813,0.4628995433166623,-1.4221376659542322,0.0414504930242896
1789030901231163400,45.676163330078126,0.6205979961961507,-1.1374924568116664,-0.3367871920511126
1789030901241167600,45.686167724609376,0.10966390528976917,-0.6469657786399126,-0.34138416445255276
1789030901251171300,45.69617138671875,-0.5166928005635738,-0.4878443072199821,0.13872370329648256
1789030901261175300,45.70617529296875,-0.33026246645748614,-0.7997323280751705,0.506494647154212
1789030901271179500,45.71617944335937,0.09701660516262053,-0.9817278946042061,0.45856531350463625
1789030901281182500,45.726182373046875,0.13029460538625717,-0.7678747160434722,0.2766825597003102
1789030901291186700,45.736186767578126,-0.11073270356506108,-0.44119478424787517,0.20309943709522485
1789030901301190400,45.7461904296875,-0.1575143284842372,-0.3233849819034338,0.2524690326809883
1789030901311194400,45.7561943359375,-0.16183774464130402,-0.3145961107701063,0.5027031459167599
1789030901321198300,45.7661982421875,-0.08464753745496273,-0.321465412017703,0.6317419060230255
1789030901331202600,45.77620263671875,-0.08767769893109797,-0.20803718575835226,0.7430731600031256
1789030901341205200,45.78620532226562,-0.1249643502742052,-0.17016601252555846,0.6922218014270067
1789030901351209500,45.79620947265625,-0.06133826579898596,-0.21896540700793266,0.47587505248486994
1789030901361213400,45.80621337890625,-0.028272154760360716,-0.26987375646829603,0.31854455613493915
1789030901371217400,45.81621752929688,-0.07902209878861903,-0.25967034236192704,0.17299100681841373
1789030901381221600,45.8262216796875,-0.07102993099093437,-0.2307791789203882,0.14864245524257422
1789030901391225600,45.8362255859375,-0.026507775436341762,-0.24781156226396558,0.0031941198661923405
1789030901401229300,45.846229248046875,0.36165684489160776,-0.21760230196118355,-0.3589887947261333
1789030901411232500,45.856232421875,0.5176087463647127,0.010488076266646384,-0.5615349818527698
1789030901421236500,45.86623657226563,0.42045360951423644,0.16382979524135588,-0.6565861321613192
1789030901431240400,45.876240478515626,0.2551099025785923,-0.015595044016838073,-0.4662918161034584
1789030901441244400,45.886244384765625,0.06047288114130497,-0.4300783469498157,-0.06395896969139575
1789030901451248400,45.896248291015624,0.042803368937969204,-0.8206365844160318,-0.0269373990252614
1789030901461252400,45.90625244140625,0.0705231505125761,-0.8957441401094197,-0.06494798072874546
1789030901471255600,45.91625561523438,0.19991437731832265,-0.55664837885499,-0.266712662088871
1789030901481259300,45.92625927734375,0.49385143868029113,0.08707038068771361,-0.4625388933107257
1789030901491263500,45.936263427734374,0.41471360455751416,0.6997486898005009,-0.4902355862706899
1789030901501267500,45.94626733398437,0.15198036749362945,0.7197533669531345,-0.1323033148601651
1789030901511271400,45.956271484375,0.2575900289565325,0.29871172841787336,0.025888766755163668
1789030901521275600,45.96627563476562,0.3096215372279286,-0.14124854559898375,-0.3657064125433564
1789030901531278300,45.9762783203125,0.2628457575276494,-0.49264498549997804,-0.6138616736784577
1789030901541282300,45.9862822265625,0.07482756970822811,-0.9867419233739375,-0.20681845761835574
1789030901551286500,45.99628662109375,0.10635843400359153,-1.3878268155515192,0.1336035838037729
1789030901561290500,46.00629052734375,0.19581950922012328,-1.338583768954873,0.15562398469299077
1789030901571294500,46.01629443359375,0.24194880771040916,-0.7520815191060304,-0.06051087506413459
1789030901581298400,46.02629833984375,0.23336101210713386,0.15079437257945535,-0.3028916444510221
1789030901591301400,46.03630126953125,0.08644026609063148,0.8190420087009668,-0.2508373398259282
1789030901601304800,46.04630493164063,-0.2970627921670675,0.9186252494812012,0.23146482309699057
1789030901611308800,46.056308837890626,-0.411675844296813,0.30459435671567914,0.6374947704613209
1789030901621312800,46.066312744140625,-0.09574556231349705,-0.34553836152255535,0.49765609166026115
1789030901631317000,46.07631689453125,0.1831833150088787,-0.46808805187046526,0.25245412737280126
1789030901641320700,46.08632080078125,0.1674003472045064,-0.2330669975966215,0.2114452406361699
1789030901651324700,46.09632470703125,0.05287409657537937,0.07295709966123104,0.4323454150989651
1789030901661328000,46.106327880859375,-0.0734773241430521,0.17653087138235568,0.48139264686256644
1789030901671331800,46.116331787109374,-0.24106354930847881,0.1455073720872402,0.6421355820044875
1789030901681335800,46.12633569335937,-0.299991831356287,-0.1521399419695139,0.7494570158213376
1789030901691339800,46.13633984375,-0.051614159642159936,-0.44521804841458795,0.6269952960178256
1789030901701343700,46.14634375,0.0019891279906034467,-0.542289598634839,0.4704755315288901
1789030901711347000,46.156346923828124,0.31593992659449577,-0.5224953493624925,0.20016893660128116
1789030901721351000,46.16635083007812,0.050450084298849104,-0.45150107420682906,0.5181745635539293
1789030901731354600,46.17635473632812,-0.08212474097907543,-0.7522270650565623,0.9513640282616018
1789030901741358800,46.18635888671875,0.1946639094442129,-1.0783587153196335,0.9742650113776326
1789030901751362800,46.19636279296875,0.37344928175508973,-0.9094184451967477,0.9380193935200571
1789030901761366800,46.20636669921875,0.29657763899862766,-0.572635052537918,0.5918935874983668
1789030901771371000,46.21637109375,0.4328507342725992,-0.021838906842470168,0.28708208090066906
1789030901781373700,46.22637377929688,0.3602060615614056,0.42784079715609546,0.029118834717571734
1789030901791377700,46.23637768554688,0.21265520094782112,0.7878162648320197,-0.06219809749871492
1789030901801382000,46.2463818359375,-0.04390636174380779,0.6899404124915599,-0.08426759822666645
1789030901811385900,46.2563857421875,-0.029682606080174444,0.3391197266519069,-0.21176555863171814
1789030901821389800,46.266389892578125,0.4310264414548874,0.3019248452454805,-0.5420046442136168
1789030901831393800,46.276393798828124,0.2414090017452836,0.2282610586196184,-0.7850190353289246
1789030901841396700,46.286396728515626,-0.1469897195994854,0.042238720792531964,-0.6633066725879907
1789030901851401000,46.29640087890625,-0.43021629411578177,-0.1284241353392601,-0.18486819935590026
1789030901861405000,46.306405029296876,-0.37565088345259423,-0.34761049162149427,0.16967326057255266
1789030901871408600,46.31640869140625,0.031880408385396,-0.5095429288089275,0.2484156656369567
1789030901881412900,46.32641284179687,0.5902881981283425,-0.570274168625474,-0.0478226584047079
1789030901891416800,46.33641674804687,0.5379682283043861,-0.5096534034460782,-0.23210808943659067
1789030901901419800,46.346419677734374,0.14819325017035007,-0.5405670126259327,-0.3730903853148222
1789030901911423700,46.356423828125,0.14714695598781108,-0.5796610056519508,-0.5930483104914427
1789030901921427700,46.366427734375,0.11963292611837387,-0.6095411801308394,-0.5930082707419991
1789030901931431700,46.376431640625,-0.05618862795084715,-0.5836193878889083,-0.2287619938790798
1789030901941436000,46.38643579101562,-0.11204933912158012,-0.3810977506816387,0.060602937261760234
1789030901951440000,46.39643994140625,0.3314063757956028,0.2407522914022207,0.015407120229303836
1789030901961442800,46.40644287109375,0.40421529915779825,1.0634966617524624,0.03342997591495514
1789030901971446800,46.41644677734375,-0.04916910457760095,1.3721008386313915,0.34086335544884205
1789030901981450800,46.42645068359375,0.011400807197391985,1.0929191555917261,0.5634843623548745
1789030901991454700,46.43645483398438,0.30879122388362884,0.8764484880089759,0.2884963316127658
1789030902001459000,46.446458984375,0.5480070994988083,1.0056903694719075,-0.17146394338160753
1789030902011462700,46.456462646484376,0.5440118923828006,1.423396726104617,-0.27717034321725365
1789030902021465900,46.4664658203125,0.36779958543032404,1.8094599902391433,-0.47369274000972506
1789030902031469800,46.4764697265625,0.14998948593735695,1.9044366140067577,-0.2557742117062211
1789030902041473800,46.48647387695313,0.041000703430175776,1.4347709375560282,-0.0768041304782033
1789030902051478000,46.49647802734375,0.10603782374709844,0.7622077763229608,0.17692980757206678
1789030902061481700,46.506481689453125,0.01901771194189787,0.035821254965662956,0.3217839764475822
1789030902071485700,46.516485595703124,0.06824848357886075,-0.4351239399015903,0.2917635167151689
1789030902081489000,46.52648901367188,0.13439210383296013,-0.6294651932626962,0.23003069864064454
1789030902091492900,46.536492919921876,0.34986236220151185,-0.6022054304152726,-0.006757657566666603
1789030902101496600,46.54649658203125,0.11706453693509102,-0.4859703300416469,-0.163324183806777
1789030902111500800,46.556500732421874,-0.6704071522429585,-0.5928986728876828,0.06339052215367555
1789030902121504800,46.5665048828125,-0.8796022758647799,-0.9250754485338926,0.5273948118418454
1789030902131508700,46.5765087890625,-0.23876287115067243,-1.2750702049434184,0.5917161851048469
1789030902141511700,46.58651171875,0.31276421916782854,-1.4665671747893094,0.24298984119594097
1789030902151515600,46.596515625,0.1582186773613095,-1.2832967660188674,0.2473822309359908
1789030902161519900,46.60651977539062,0.06598609160482884,-0.9956108740061521,0.13922317725121974
1789030902171523800,46.61652392578125,0.14559621941447257,-0.6604980449080466,-0.00611468348801136
1789030902181527800,46.62652783203125,-0.019335984110832212,-0.38920682285726066,-0.14363602525740862
1789030902191531800,46.63653173828125,-0.031042788517475127,-0.21889117272794245,-0.014709201093018055
1789030902201534700,46.64653466796875,0.05856003325730562,-0.14887012651860712,0.24504472789913415
1789030902211538700,46.65653857421875,0.20153321069180966,-0.08867313970923424,0.12395254288315773
1789030902221543000,46.66654296875,0.21452684003859757,-0.002685293561220169,-0.1521697525858879
1789030902231547000,46.676546875,0.22850831137895583,0.04550093745887279,-0.3261044699952006
1789030902241550600,46.686550537109376,0.2425876901358366,0.11423077481389045,-0.17951310206353663
1789030902251554800,46.69655493164063,0.08883592905551195,0.15516425822675228,0.03343406756818294
1789030902261557800,46.70655786132812,-0.14102379693239928,0.08034896347820758,0.2643304431274533
1789030902271562000,46.71656201171875,-0.18040771281570195,-0.19644553216397762,0.5486003892168403
1789030902281566000,46.72656591796875,0.10569646296352148,-0.5757517232537269,0.5517968471705913
1789030902291569700,46.736569580078125,0.45334874790012836,-0.6088029289841651,0.28360271435230966
1789030902301573600,46.74657373046875,0.31854367935210465,-0.3758130882769823,0.21264672538042068
1789030902311577900,46.756577880859375,0.15255407572835683,-0.3271586552232504,0.47258740911632774
1789030902321580800,46.76658081054688,0.009127893829345703,-0.6187444772839545,0.8328978078350424
1789030902331584800,46.776584716796876,0.2368468083962798,-1.0223229398429394,0.7315402508586645
1789030902341588700,46.786588623046875,0.7876528909638524,-0.9520102172106504,-0.017625380800664423
1789030902351592700,46.7965927734375,0.823267517441511,-0.4644464804977178,-0.5476420655786991
1789030902361597000,46.806596923828124,0.4868947514101863,-0.4084989678263664,-0.48698915169537066
1789030902371601000,46.81660083007812,0.06648965721279382,-0.7618576477110386,-0.12899842809587717
1789030902381603800,46.826603759765625,-0.0901426277399063,-0.9481564643919468,-0.14451105452626942
1789030902391607800,46.83660791015625,0.3259299902111292,-0.5905518175005913,-0.06733458360433578
1789030902401611800,46.84661181640625,0.43157063133418555,0.03019815438687801,0.00817249280065298
1789030902411615700,46.85661572265625,0.27606384328007694,0.308835647547245,-0.04544014718234539
1789030902421620000,46.86661987304687,0.263102070376277,0.2130541371375322,-0.17527882549464702
1789030902431623700,46.87662377929688,0.18091127842366694,-0.12613105596601962,-0.14201719188392162
1789030902441627000,46.886626953125,0.5993757599473,-0.272220027333498,-0.22333821526467798
1789030902451630800,46.896630859375,0.9710819974273442,-0.0791717363923788,-0.3928907720670104
1789030902461634800,46.906634765625,0.7051508411049843,0.1844037967145443,-0.4510968773201108
1789030902471638800,46.916638671875,0.4910197223857045,0.19799568421542643,-0.5328615528151392
1789030902481642800,46.92664282226563,0.36838498410284515,0.20628829626441,-0.5637789613872766
1789030902491646700,46.936646728515626,-0.01431201846897602,0.09843523978888988,-0.34760026248842474
1789030902501650000,46.94664990234375,-0.022373159849643706,-0.30155776549875735,-0.07912409785836935
1789030902511654000,46.95665380859375,0.13698796554505824,-0.5581278037577867,0.04909340899288654
1789030902521657600,46.96665771484375,0.22903905725479123,-0.35730829429328437,-0.13670973312556742
1789030902531661800,46.97666186523438,-0.05202244818210602,-0.00948445218205452,-0.17796528809964657
1789030902541665800,46.986665771484375,-0.4761895252615213,0.062332245272397994,0.21505787817537783
1789030902551669800,46.996669677734374,-0.7815460985213518,-0.24566987406015395,0.7579340445265174
1789030902561672700,47.006672607421876,-0.5427911184161901,-0.5977712473601102,1.0998656137287617
1789030902571676700,47.0166767578125,0.042563714963197705,-0.5628203454881906,0.8502779817029833
1789030902581681000,47.026680908203126,0.013702362138032912,-0.13426175545156002,0.7369079153716563
1789030902591684900,47.036684814453125,-0.2919543631121516,0.13813772010207176,0.7021905299946666
1789030902601689000,47.046689208984375,-0.28368337837308644,0.2012216605246067,0.5892769752591848
1789030902611693000,47.056693115234374,0.01731178480684757,0.20677754108607768,0.38300796821713445
1789030902621696000,47.066696044921876,0.1106599305897951,0.3011848405331373,0.29572511382251976
1789030902631700000,47.076699951171875,0.053174540826678274,0.16948796713352202,0.5142930459454655
1789030902641704200,47.0867041015625,0.5540975253283977,-0.045017537856101984,0.5587704855754971
1789030902651708200,47.096708251953125,0.747335785883665,-0.15942776089012622,0.4853358315303921
1789030902661712000,47.1067119140625,0.4623211589068174,-0.23414251787364482,0.6053650634899735
1789030902671716000,47.11671606445312,0.17408610857874154,-0.42536768504083156,0.5775400679752231
1789030902681719000,47.126718994140624,0.03489420324862003,-0.6547358281195164,0.3997632881850004
1789030902691723000,47.13672290039062,0.023100305080413816,-0.7984720988810062,0.2203065924838185
1789030902701727200,47.146727294921874,0.039214989057183264,-0.6758072577208281,0.29093787954598666
1789030902711731000,47.15673095703125,0.36670857532322404,-0.3283107478678226,0.03768237266242504
1789030902721735000,47.16673486328125,0.5360568417251109,0.11928221298456192,-0.28448212753534313
1789030902731739100,47.1767392578125,-0.19447861600518226,0.20667291166782378,-0.3665454937160015
1789030902741742000,47.1867421875,-0.5708394012928009,-0.13905366590321064,-0.10692045180052519
1789030902751746000,47.19674609375,-0.6800687145575881,-0.7528367213875055,0.36341420995295043
1789030902761750000,47.20675,-0.19147125088274478,-1.0969079329669476,0.6262096985980868
1789030902771754000,47.21675390625,0.4879314009815454,-0.9241963276118039,0.5307973137617111
1789030902781758000,47.22675805664063,0.8183692240059375,-0.5842284596979618,-0.12889818259179592
1789030902791762200,47.23676220703125,0.7213678164124488,-0.24764263543784618,-0.25599808358997106
1789030902801764900,47.24676489257813,0.6285597688555717,-0.030993104156851768,0.022805413787066936
1789030902811769000,47.25676904296875,0.5423059652477502,0.13536591730117797,-0.06854366713315248
1789030902821773000,47.26677294921875,0.6269932501912117,0.2975678190797567,-0.4423357709765434
1789030902831777000,47.276777099609376,0.36575054394602774,0.4237789545446634,-0.6257102246433496
1789030902841781200,47.28678125,0.19785598348379135,0.6448001250386237,-0.5366457475289702
1789030902851785000,47.29678491210937,0.2701230550542474,0.9318436274945735,-0.4793967968702316
1789030902861788200,47.3067880859375,0.4925193132936954,1.218770225572586,-0.516328643426299
1789030902871792000,47.316792236328126,0.20429040044546126,1.3802882367402314,-0.39823330213874575
1789030902881796000,47.326796142578125,0.08134118938595056,1.0730541791707278,-0.2888867922350764
1789030902891800000,47.336800048828124,0.05170943671017885,0.8221639401137828,-0.21202888574302195
1789030902901804000,47.34680395507812,0.07682429648339748,1.015876247921586,-0.43546091677099463
1789030902911808000,47.35680810546875,0.42501112668812274,1.3376263220995663,-0.8002373549878596
1789030902921811200,47.366811279296876,0.025388708278536794,1.4374392799824476,-0.6618681642174721
1789030902931815200,47.376815185546874,-0.32806261832565065,1.1496318074166774,-0.21031156043112276
1789030902941819000,47.38681884765625,-0.21266484555900095,0.5283855764448643,0.17611498405784368
1789030902951823000,47.39682299804687,0.32006460530906916,0.1930167267590761,0.05983253741115331
1789030902961827000,47.4068271484375,0.34982641410529614,0.23145605526864527,-0.17504940065294503
1789030902971831000,47.4168310546875,-0.1272480772972107,0.2956125933587551,-0.238741243840754
1789030902981834000,47.426833984375,-0.41616029623448847,0.0919686741232872,0.021266367651522157
1789030902991838000,47.436837890625,-0.46516427337825295,-0.436806778421998,0.4359294110655784
1789030903001842000,47.44684204101563,-0.2814344304025173,-1.1428677201092243,0.5154550754621625
1789030903011846100,47.45684619140625,-0.18008417994976042,-1.8376479738473892,0.4671934411182999
1789030903021850000,47.46685009765625,-0.1260007075846195,-2.3913059387147424,0.45792876916676756
1789030903031854000,47.47685400390625,0.04292757983952761,-2.672100317648053,0.45814328870028254
1789030903041857000,47.48685693359375,0.12265665785372257,-2.5683050121307374,0.2344616668254137
1789030903051861000,47.49686108398438,0.03917348800301552,-1.9501152461200952,0.03767009770274162
1789030903061865200,47.506865234375,-0.1619388669282198,-1.0813543900042772,-0.04405190769433975
1789030903071869200,47.516869140625,-0.29437983669340606,-0.3985457290887832,-0.010770984861254692
1789030903081873000,47.526872802734374,-0.11415098757594823,-0.06034896250069141,-0.02823883701264858
1789030903091876900,47.536876953125,0.13100684530884027,0.041138066074252126,-0.18337737627625464
1789030903101880000,47.54688012695313,0.2400602174848318,0.05754559551775455,-0.3594140344008803
1789030903111884000,47.556884033203126,0.16856003863364458,0.019714169773459432,-0.2552376206114888
1789030903121888300,47.56688818359375,0.18367226756960153,-0.11838146475255489,-0.10239128393828868
1789030903131892000,47.57689208984375,0.26161913834214207,-0.19075345800220966,0.0008519406542181968
1789030903141896000,47.58689599609375,0.29095746102929115,-0.21071078888177872,-0.0715595078229904
1789030903151900200,47.59690014648437,0.24675679251402616,-0.12692366764843463,-0.23761866955161093
1789030903161903000,47.606903076171875,0.10323854841738939,-0.055043257308006285,-0.2508405546963215
1789030903171907000,47.616906982421874,0.1191822597414255,-0.06556348227858542,-0.27931787663996216
1789030903181911000,47.6269111328125,0.1054009871482849,-0.037601124119758605,0.005556465083360672
1789030903191915000,47.6369150390625,-0.0004839841246604919,-0.09095511316657066,0.21224895823448894
1789030903201919000,47.6469189453125,0.07301204471886158,-0.2791553795546293,-0.018655892892181874
1789030903211922000,47.656921875,0.17694938905537128,-0.3357809376180172,-0.31685879500508307
1789030903221926000,47.66692578125,0.05565379042178392,-0.3317465675354004,-0.18375673098266124
1789030903231930000,47.67693017578125,-0.10939853235185146,-0.6059212360680103,0.14377601824998854
1789030903241934000,47.68693408203125,-0.06920622269511223,-1.0813573126137257,0.04108779719173908
1789030903251938000,47.69693798828125,-0.1578431220471859,-1.2567179711729288,-0.2611857153609395
1789030903261942300,47.7069423828125,-0.3409650622576475,-0.9564297872185706,-0.4834586394816637
1789030903271945000,47.71694506835937,-0.5642839882999658,-0.582297783896327,-0.5097121478959917
1789030903281949000,47.72694897460938,0.06306435893923044,-0.143329443526268,-0.309652516888082
1789030903291953200,47.736953125,0.1661252127021551,0.33993455016613006,-0.451652173115313
1789030903301957000,47.74695703125,-0.03271627468764782,0.17245500024557112,-0.6066662092164159
1789030903311960800,47.7569609375,0.44949762542992827,-0.07753507510125636,-0.4962476861670613
1789030903321965000,47.766965087890625,0.41477556387782094,-0.2923182279884815,-0.44671120958179233
1789030903331968000,47.77696801757813,0.5606003313511609,-0.4554769921004772,-0.42979953000843524
1789030903341972200,47.78697216796875,0.5151449865996838,-0.47892041153013704,-0.5199518023595213
1789030903351976200,47.79697607421875,0.5650459125831723,-0.27088907099068166,-0.5699313465371728
1789030903361980000,47.80697998046875,0.3975482424840331,-0.010613163951039313,-0.35167174971103665
1789030903371984100,47.816984130859375,0.1837409488916397,-0.06651216130554675,-0.04873889646679163
1789030903381988000,47.82698803710937,0.27948388085663317,-0.12544716535508632,-0.17599048089534045
1789030903391991000,47.836990966796876,0.394639077039063,0.0900643018066883,-0.4352008045300841
1789030903401995000,47.8469951171875,0.1784516103118658,0.4677209721237421,-0.44013329249620436
1789030903411999000,47.8569990234375,-0.43125031333863734,0.45301264781355854,-0.018553309300541877
1789030903422003000,47.8670029296875,-0.5305573675259947,0.005021627554297447,0.310836758236587
1789030903432007200,47.87700708007812,-0.13926906221956015,-0.33103871152698994,0.19981793120652436
1789030903442011100,47.88701123046875,0.008170739234983921,-0.28752456397116183,-0.08828823204487561
1789030903452014000,47.89701416015625,-0.20748948874771594,-0.03567453997135162,0.004561316566169262
1789030903462018000,47.90701806640625,-0.5011503635168075,0.19698036969304084,0.32992695089280605
1789030903472022000,47.91702197265625,-0.43609366171658037,0.1463362241268158,0.2332473225995898
1789030903482026000,47.92702587890625,-0.3827051858782768,0.06536474483609199,0.21760200970023869
1789030903492030200,47.9370302734375,-0.5726847368985414,-0.30014205348193645,0.3587234217882156
1789030903502034000,47.94703393554688,-0.40472237189710136,-0.9093822048395872,0.4203071867808699
1789030903512037000,47.957037109375,-0.15023498513102532,-1.2277964125931262,0.6382379900440573
1789030903522041000,47.967041015625,0.03560322830080986,-1.097479595375061,0.4750742574959993
1789030903532045000,47.97704516601563,-0.26201719774901866,-0.6981704806983471,0.43492607924193144
1789030903542049000,47.98704907226563,-0.4716036587759852,-0.468120200574398,0.2751677712231874
1789030903552053000,47.997052978515626,-0.3437383263632655,-0.2570785723030567,0.12354659243077039
1789030903562057000,48.007056884765625,0.18486001604944466,0.1267635086506605,0.2650914906278252
1789030903572060200,48.01706005859375,0.26111118882000445,0.4210556670606136,0.25206045188009735
1789030903582064000,48.02706420898438,0.0699345369696617,0.35114451096653937,0.0400651761457324
1789030903592067800,48.03706787109375,-0.03307575564980507,0.14989713147878647,-0.12939414941519498
1789030903602072000,48.047072021484375,-0.06076806469559669,0.10288578945696353,-0.10965864459276199
1789030903612076000,48.057075927734374,-0.22472470118701457,-0.021647183662652968,-0.004748655831813812
1789030903622080000,48.067080078125,-0.06337210971415043,-0.03309738295972347,-0.07956833449453116
1789030903632083000,48.0770830078125,-0.07984978178441524,0.15314882675111294,0.10505436566770077
1789030903642087000,48.0870869140625,0.2234349536374211,0.3761351598381996,0.0842111918643117
1789030903652091100,48.097091064453124,0.2863613654106855,0.5142372241050005,0.09707359604686498
1789030903662095000,48.10709521484375,-0.23295856878608465,0.4524795638501644,0.6586831044405699
1789030903672099000,48.11709912109375,-0.1113335920676589,0.11007073252499103,0.9568564881980418
1789030903682103000,48.12710302734375,0.4890113051727414,-0.22516893782317637,0.9362108827933668
1789030903692106000,48.13710595703125,0.7840922758728265,-0.6189753634303807,0.49818274588286876
1789030903702110000,48.14710986328125,0.5744044002979993,-0.9526596210300922,0.4080135223969817
1789030903712114200,48.1571142578125,0.5690723916202783,-1.2072627431303262,0.29298809007406235
1789030903722118100,48.1671181640625,0.9208692290157079,-1.1606646580845117,-0.4090025334343314
1789030903732121900,48.17712182617188,0.9484472640320658,-0.7490244696229695,-1.3161615092664956
1789030903742126000,48.1871259765625,0.4156690055862069,-0.11379822861552238,-1.9565505398645995
1789030903752129000,48.19712890625,-0.32493542621582744,0.43054713350534435,-1.7019059167101978
1789030903762133200,48.20713330078125,-0.5747308557733893,0.5739584100961684,-1.0813912148833273
1789030903772137200,48.21713720703125,-0.2217094450190663,0.39273733507096764,-0.45570554015934467
1789030903782141000,48.22714086914063,-0.29595395414233205,0.03290273717045784,-0.074799804918468
1789030903792145000,48.237144775390625,-0.06326777255684136,0.08816226757764815,-0.15820406431406736
1789030903802148000,48.24714819335937,-0.2671571909859776,0.48370004702210423,-0.38925036973804233
1789030903812152000,48.25715209960938,-0.2584361243918538,0.7663491139113903,-0.5518319184839725
1789030903822156000,48.26715600585938,0.13833090458661318,0.9019733898878097,-0.662716890001297
1789030903832160000,48.277159912109376,0.15433102227300405,0.928640447539091,-0.7902426151961087
1789030903842164000,48.2871640625,0.017089374227821825,1.01016196192801,-0.7754162174642085
1789030903852168200,48.297168212890625,-0.19038082529753445,0.8426736441791057,-0.6083923023566603
1789030903862171000,48.3071708984375,-0.014675591084361075,0.5797270566254854,-0.29539047504067417
1789030903872175000,48.317175048828126,0.1480295840412378,0.3867097453445196,0.0032788755401968956
1789030903882179000,48.327178955078125,0.09470365204513072,0.1339490362405777,0.04463818314969539
1789030903892183000,48.33718310546875,-0.012799860340356826,-0.33608430447876453,0.08409341070353984
1789030903902187000,48.34718701171875,0.07938157975077628,-0.8880769664824009,-0.07378624396175146
1789030903912191200,48.35719116210937,0.1352951901525259,-1.0593202528506518,-0.14980068536698818
1789030903922194000,48.36719384765625,-0.06939326969981194,-0.9971037429124117,-0.1897290833905339
1789030903932198100,48.3771982421875,-0.24735154353678224,-0.9325146586239338,-0.2359489827737212
1789030903942202000,48.3872021484375,-0.3151806326597929,-0.9692074357271194,-0.05684679959863424
1789030903952206000,48.3972060546875,-0.3016331688225269,-1.1261264286667108,0.27100129919350147
1789030903962210000,48.4072099609375,-0.2546247494101524,-1.2624351797759532,0.42690439308881756
1789030903972214000,48.41721411132813,-0.14896598810851572,-1.1810241400241852,0.317601137804985
1789030903982217000,48.42721704101562,-0.03426642673909664,-0.7775982376784085,0.018589549657702445
1789030903992221200,48.43722119140625,-0.07963730807751417,-0.30994448557198045,-0.27700609256625175
1789030904002225200,48.44722509765625,-0.13187222996652126,-0.07475742708146571,-0.24791443811655042
1789030904012228900,48.45722875976563,-0.1747749676257372,-0.23999124390184878,0.0944347719758749
1789030904022233000,48.46723315429688,-0.00511690462231636,-0.6172913558661938,0.13889116881787777
1789030904032237000,48.47723706054688,0.10377718533873558,-0.8644026609063148,0.1676630897939205
1789030904042240300,48.487240234375,0.1901218821004033,-0.8931552926599979,-0.0019154782325029372
1789030904052244000,48.49724389648438,0.27493922316431996,-0.6643962213903665,-0.04445756588578224
1789030904062248000,48.507248046875,0.15186433989852666,-0.40344811417758464,0.08728197761178016
1789030904072252200,48.51725219726563,0.18175854290276766,-0.26725451388061044,0.1245762277394533
1789030904082256100,48.527256103515626,0.28828999538570643,-0.13206512219011782,-0.05977730009257793
1789030904092260000,48.537260009765625,0.36644261786341664,0.08150923942923545,-0.2927063505232334
1789030904102263000,48.54726293945313,0.3987646325364709,0.19224866499602794,-0.2887193267136812
1789030904112267000,48.55726708984375,0.3606386077597737,0.10416647691726684,-0.24167817407548425
1789030904122271000,48.56727099609375,0.35834815873503684,-0.05896656823158264,-0.3758382227182388
1789030904132275200,48.577275146484375,0.19068097728788852,-0.26941607582867144,-0.24953707088232038
1789030904142279200,48.587279052734374,-0.1462047067016363,-0.7122761629402637,0.10036650011241435
1789030904152283000,48.59728295898437,-0.10845745210945605,-1.118712937539816,0.10128186139166355
1789030904162286000,48.6072861328125,0.14807020831257103,-1.0215116234600543,-0.24081600428819655
1789030904172290000,48.6172900390625,0.30765432880818844,-0.4323825322389602,-0.5882476322114467
1789030904182294000,48.6272939453125,0.24027736736685038,0.257997440713644,-0.7242851651638745
1789030904192298000,48.63729809570312,0.05860182657241821,0.5567477475762367,-0.6061679043054581
1789030904202302000,48.64730200195312,0.10651917752325535,0.5890981115609407,-0.47456163179874417
1789030904212305200,48.65730517578125,-0.29957389820516106,0.19459902751445768,-0.5346557427555322
1789030904222309000,48.66730908203125,0.025549744059145448,-0.3715086690813303,-0.7266805358678102
1789030904232313000,48.67731298828125,0.18262217399477956,-0.47129123182594773,-0.8139929086178541
1789030904242317000,48.68731713867187,-0.08940203850567341,-0.5461749156355857,-0.6092214466571807
1789030904252321000,48.69732104492188,-0.06446867277920246,-0.7091665064871311,-0.2888590274453163
1789030904262325000,48.70732495117188,-0.05779489410370588,-0.8698778774470091,-0.0641448476523161
1789030904272328200,48.717328125,-0.12701193045377732,-0.9009814562410116,0.0063052376240491865
1789030904282332000,48.72733178710938,-0.20784195544719694,-0.7276420743763446,0.12184826408028603
1789030904292335900,48.7373359375,-0.16055121196210384,-0.40225568952262397,0.15561901625692842
1789030904302340000,48.74734008789063,-0.19275252286493777,0.04795476035177707,0.05601765529811382
1789030904312344000,48.757343994140626,-0.30637860978394743,0.40064883884787555,-0.03984335008859634
1789030904322348000,48.76734814453125,-0.32076866192519665,0.36925825980603694,0.21850772636830806
1789030904332351000,48.77735107421875,-0.08398235154449939,0.05519347943365573,0.3730021225094795
1789030904342355000,48.78735498046875,0.28295652540326116,-0.03166764241755009,0.015119535459578037
1789030904352359200,48.79735913085938,0.3712850894585252,0.233785959520936,-0.19027678040117024
1789030904362363100,48.807363037109376,0.14683014512360096,0.2632821031183004,-0.09357464801520109
1789030904372367000,48.8173671875,-0.15302373906672,-0.015858663389086723,0.17653730112314223
1789030904382371000,48.82737109375,-0.39060733730494973,-0.3980196593880653,0.43309126503020523
1789030904392374000,48.8373740234375,-0.4416793528944254,-0.5898515602767467,0.5540960640236735
1789030904402378000,48.8473779296875,-0.2199257764726877,-0.5759615666121244,0.49910570594668385
1789030904412382200,48.85738232421875,0.10120470450222492,-0.35072365520596505,0.24781594617813824
1789030904422386000,48.867385986328124,0.37886020088791844,0.16639350824952123,0.1095817799642682
1789030904432390000,48.87738989257812,0.15535598140656948,0.43493923098444937,0.03324175986647606
1789030904442393000,48.88739306640625,-0.2287079256042838,0.41809623273313046,0.39481618717163797
1789030904452397000,48.89739697265625,-0.2515159697398543,0.07914952456057071,0.7563748323857784
1789030904462401000,48.907401123046874,-0.1512467925220728,-0.322110724183917,0.7486155965611339
1789030904472405000,48.91740502929687,0.009922843599319458,-0.6034317573398351,0.5853679851219058
1789030904482409000,48.92740893554687,-0.11272943034023046,-0.7329518712222576,0.6882198723092675
1789030904492413000,48.93741284179688,-0.09319967722296714,-0.7676724714696407,0.8040314865738153
1789030904502416100,48.947416015625,0.2962877161413431,-0.5519716192156076,0.7133636659160256
1789030904512419800,48.957419921875,0.7729904516220092,0.004717676171660423,0.2980564793795347
1789030904522424000,48.96742407226562,0.4190110094904899,0.4104331507593393,0.04828735330700874
1789030904532428000,48.97742797851563,0.039594343763589855,0.3331733854681253,0.061951137000322336
1789030904542432000,48.98743188476563,0.11426233899593352,0.103789460298419,0.0752332278996706
1789030904552436200,48.99743627929688,0.36679566908478733,-0.05665127702653408,-0.11506927146464585
1789030904562439000,49.00743896484375,0.3104518505722284,-0.22418343391716478,-0.2260495200499892
1789030904572443100,49.01744311523437,-0.5030743173167109,-0.595964490199089,0.24126871649175882
1789030904582447000,49.02744702148438,-0.6733747698768973,-1.13120066319108,0.7396095755457878
1789030904592451000,49.037451171875,0.1848790130108595,-1.3635370084255933,0.5600149326786399
1789030904602454800,49.047454833984375,0.9937412807419895,-1.05676823028028,-0.3336354500219226
1789030904612458800,49.057458740234374,1.1240499146535992,-0.2988572743684053,-1.0475704860851167
1789030904622461700,49.067461669921876,0.5332295093446969,0.255893746432662,-1.1606932996571064
1789030904632466000,49.0774658203125,-0.07505377967953682,0.45446810731887816,-1.0487345614284276
1789030904642470000,49.087469970703125,-0.511502246183157,0.5231149425655603,-0.5546338241621852
1789030904652473600,49.0974736328125,-0.5061579625457525,0.3560223461359739,-0.26987404872924087
1789030904662477800,49.10747778320312,-0.10773030687868594,0.38052082757651806,-0.39109687438756224
1789030904672481800,49.11748168945312,0.07228752983659506,0.7880956662952899,-0.4833642391964793
1789030904682485000,49.127485107421876,-0.0012248656198382377,1.1257803917080162,-0.4193164221778512
1789030904692489000,49.137489013671875,-0.1170867487668991,1.1496844143867493,-0.1846279608592391
1789030904702492700,49.14749267578125,-0.22001696188747882,0.8728262058585882,-0.09378478363454341
1789030904712496600,49.15749658203125,-0.3840338041335344,0.6077163027912378,-0.0180208098590374
1789030904722500900,49.1675009765625,0.06397942795753479,0.6219418120205402,-0.04485620981454849
1789030904732503800,49.17750390625,0.4764630815058946,0.8486433662384748,-0.17011808173060416
1789030904742507800,49.1875078125,0.7432596224859357,1.066807393735647,-0.4043897789418697
1789030904752511700,49.19751171875,0.5798451300472021,1.1769856782883406,-0.35234424214512106
1789030904762515700,49.207515625,0.009860299757122992,0.8519733874440193,-0.03137421242892742
1789030904772520000,49.21752001953125,-0.42903000694066284,0.3137088065415621,0.5616162303954363
1789030904782524000,49.22752392578125,-0.3868891935646534,-0.22000293336212634,0.8817901412978768
1789030904792526800,49.23752685546875,0.1808703618913889,-0.46949850319027897,0.6831678496167063
1789030904802530800,49.24753076171875,0.41174306431412694,-0.4459487007766962,0.4725803948536515
1789030904812534800,49.25753466796875,0.04522299730032682,-0.4396364488899708,0.47314708882570267
1789030904822538800,49.26753881835938,-0.32877894990146156,-0.6749439188897609,0.8253931312933563
1789030904832543000,49.27754296875,-0.35193098516911264,-1.1612065098762512,1.149677107863128
1789030904842546700,49.287546630859374,0.09302548969984054,-1.622652054992318,0.9335025006175041
1789030904852550000,49.2975498046875,0.4317617699921131,-1.689331389558315,0.4427876063972711
1789030904862553900,49.30755395507813,0.5373650017142295,-1.3063053011626005,0.014803309117257595
1789030904872557800,49.317557861328126,0.3803533620551228,-0.5921008005082606,-0.20469985802918672
1789030904882561800,49.327561767578125,0.1458861422717571,0.0641927784472704,-0.26712825715243815
1789030904892565800,49.337565673828124,0.18234335705339907,0.4253203387677669,-0.21195260563641785
1789030904902569700,49.34756982421875,0.24174013339579103,0.6165665487229823,0.028274492847919462
1789030904912573000,49.35757299804688,0.21186346604824066,0.5686807619541883,0.12278963658362627
1789030904922577000,49.367576904296875,0.15299042131900786,0.3609083646118641,0.332769188581407
1789030904932580600,49.37758056640625,0.26812895862758157,-0.00852934341430664,0.42182840499877927
1789030904942584800,49.38758471679687,0.49288697756230826,-0.24142273800969122,0.3411123617738485
1789030904952588800,49.3975888671875,0.6511988861650229,-0.2394756955951452,0.09917144510895014
1789030904962592000,49.407592041015626,0.4956137721776962,0.012989245432615279,-0.2462210782021284
1789030904972595700,49.417595703125,0.038891163930296895,0.27513094634413715,-0.26448388012349605
1789030904982599700,49.427599609375,-0.19734628039598465,0.18452128561437128,-0.09699030167758464
1789030904992604000,49.43760400390625,-0.1375447226449847,-0.07225918052494526,0.09141483963280915
1789030905002607900,49.44760791015625,-0.09557342061698436,-0.4007902931451797,0.04811024317443371
1789030905012611800,49.45761181640625,-0.2976417610988021,-0.7979074507355689,0.08986468758136033
1789030905022614800,49.46761474609375,-0.49826194859892126,-1.4027186797350644,0.32702100031822917
1789030905032618800,49.47761865234375,-0.21357903779447077,-1.9016350005894898,0.4279936496302485
1789030905042622700,49.48762280273438,0.02039922942817211,-1.6444453691273926,0.4939753573209047
1789030905052627000,49.497626953125,0.14490326871424913,-1.0236223320037126,0.27700346221774813
1789030905062631000,49.507630859375,0.46622810321748254,-0.49151159755587576,-0.08536883746683598
1789030905072634600,49.517634521484375,0.6366127269297838,-0.12002514030635356,-0.2177452175632119
1789030905082637800,49.52763793945312,0.5509446142554283,-0.00038519992530345915,-0.3227385006934404
1789030905092641800,49.53764184570313,0.43059506430029865,-0.15264379983842372,-0.2938195724621415
1789030905102645800,49.54764575195313,0.18185791162401438,-0.5037403800100088,0.03343231400251388
1789030905112649700,49.557649658203125,0.22239947310984134,-0.9197101221084594,-0.04711187978684902
1789030905122653700,49.56765380859375,0.4257505468785763,-0.8702841201603412,-0.2626978734895587
1789030905132657000,49.57765698242188,0.5480611677736044,-0.4563438380628824,-0.5623910141602159
1789030905142660900,49.58766088867188,0.8347317452639341,0.03972118501365184,-0.631839813439548
1789030905152664800,49.597664794921876,0.7292126846939325,0.42604339234530925,-0.6294321677759289
1789030905162668800,49.607668701171875,0.7010533426582812,0.3471791144669056,-0.43094197804182766
1789030905172672800,49.6176728515625,0.8486351829320192,0.0743441701054573,-0.31929595902413127
1789030905182676700,49.6276767578125,0.9398542077317833,-0.024297405910491943,-0.42388709109425543
1789030905192680000,49.637679931640626,0.7260206106543541,0.1355558869153261,-0.3473021563246846
1789030905202683600,49.64768359375,0.4559890332758426,0.3152250563234091,-0.19822949297130107
1789030905212687600,49.6576875,0.10119505989104509,0.33045886581242084,0.00020867431461811065
1789030905222691800,49.66769189453125,0.2521902157396078,0.3408189317852258,0.07164952419400215
1789030905232695800,49.67769580078125,-0.003068447659909725,0.21024141780436037,0.19611293920874595
1789030905242699800,49.68769970703125,-0.0309480959713459,-0.08459726857244967,0.2613569802746177
1789030905252702700,49.69770263671875,-0.06698503951430321,-0.3425444404035806,0.44999300773143763
1789030905262706700,49.70770678710937,0.005783844098448753,-0.5603741213798522,0.5963920679613948
1789030905272711000,49.7177109375,-0.0025000001221895216,-0.6195481948822736,0.6695283235818147
1789030905282715000,49.72771484375,0.030229426307976245,-0.5273579869627952,0.6812725373893975
1789030905292718800,49.73771875,0.014413433016836643,-0.24279928705990314,0.613889146207273
1789030905302722800,49.74772290039063,-0.2389475800678134,0.024064766198396682,0.5728770446002484
1789030905312725800,49.75772583007812,-0.3268400907933712,0.20626374634504316,0.6909478359684348
1789030905322729700,49.76772973632813,-0.5282867922455072,0.1643389138072729,0.9401911846011877
1789030905332734000,49.77773388671875,-0.19940058257728813,-0.007527472895383834,0.8917024635031818
1789030905342738000,49.78773803710938,-0.09957067355960607,-0.07717033344209194,0.8880690754368901
1789030905352741600,49.79774169921875,-0.23514380387067793,-0.22177052755653856,0.6416226640462875
1789030905362744800,49.80774487304687,-0.18848580533117054,-0.4689963988870382,0.6763821349993347
1789030905372748800,49.81774877929688,0.1794271773457527,-0.5627683230400086,0.8209326447531581
1789030905382752800,49.827752685546876,0.5831003324508667,-0.42450200812220573,0.7944684161975979
1789030905392756700,49.8377568359375,1.068030798050761,-0.22734686638414858,0.6201446994706988
1789030905402760700,49.8477607421875,0.8557377084136009,-0.10855331369936466,0.6456026735931635
1789030905412764700,49.8577646484375,-0.01502308934777975,-0.16733049683868884,0.93340751581043
1789030905422767900,49.86776782226563,-0.1783618862017989,-0.30366672047674653,1.0190595541328191
1789030905432771600,49.877771484375,0.2895820810228586,-0.1974912418246269,0.6920856078267097
1789030905442775800,49.88777587890625,0.5305155742108821,-0.06303717867136001,0.11616174287647008
1789030905452779800,49.89777978515625,0.5774062124624848,0.05772679730355739,-0.024777006120979786
1789030905462783700,49.90778369140625,0.457374057893455,0.11935936987400055,0.03871288475394249
1789030905472787000,49.917786865234376,0.6662059011608362,0.12480477579832076,-0.10057342086136341
1789030905482790700,49.927790771484375,0.5262304442375898,0.07675473837852477,-0.07248772858381271
1789030905492795000,49.937794921875,0.34715134967714545,-0.13462065189182756,-0.13984890793412924
1789030905502798800,49.947798828125,0.4592264077618718,-0.39096857183277606,-0.23190350677520036
1789030905512802800,49.957802734375,0.5601055335715412,-0.5068208103686571,-0.37483050698041914
1789030905522806800,49.96780688476562,0.37773119685798884,-0.40803018127083773,-0.553002131307125
1789030905532809700,49.977809814453124,0.12045856328755616,-0.2669166602283716,-0.41925796998888254
1789030905542813700,49.98781372070312,-0.17739070308208466,-0.3345639630436897,-0.06700023708343505
1789030905552818000,49.99781787109375,-0.22459435280561446,-0.5043617267787456,0.2084323225557804
1789030905562822000,50.00782177734375,0.15809797359108924,-0.47023967694640156,-0.07827332624793053
1789030905572825900,50.01782592773438,0.5361100332170724,0.004203881430625916,-0.805895234619081
1789030905582829800,50.02782983398438,0.47982115976214407,0.6169137547254562,-1.0550251860052346
1789030905592832800,50.03783276367187,0.1279968498378992,0.8012211053282022,-0.5008355984792113
1789030905602836700,50.04783666992188,-0.20938246288746595,0.4177531183838844,0.04529723158031702
1789030905612840700,50.0578408203125,-0.10609744497984647,0.05108487507104873,-0.0432610495775938
1789030905622844700,50.0678447265625,0.06694646106958389,0.31092648234665393,-0.27177959008961916
1789030905632848600,50.0778486328125,-0.01952653824687004,0.7044155125677585,-0.3279959828302264
1789030905642851600,50.0878515625,-0.03502542841285467,0.8659721021801233,-0.05592559310048818
1789030905652855600,50.09785546875,-0.0824094031393528,0.792321759557724,0.06940232978910207
1789030905662859800,50.10785986328125,0.10195844547897577,0.7604758379638195,-0.025301906777918336
1789030905672863700,50.11786376953125,0.03602700667083263,0.6935866600394248,0.07080459780246019
1789030905682867700,50.12786767578125,-0.16081483133435248,0.4212660949409008,0.09201397456973791
1789030905692871700,50.13787158203125,-0.06401742188036441,0.15415478892326354,0.31687896101027724
1789030905702874600,50.14787451171875,0.24428952561765907,-0.10076689760684966,0.3896937295913696
1789030905712878600,50.157878662109376,0.5807470473229884,-0.3122527625143528,0.23201368915140627
1789030905722882800,50.1678828125,0.6886886588647961,-0.43380525851845736,0.11244184557050466
1789030905732886500,50.17788647460937,0.7308876321688293,-0.47958676648437976,-0.1443561562255025
1789030905742890500,50.18789038085937,0.6069435648530721,-0.36285131537318227,-0.2612391991138458
1789030905752894700,50.19789477539062,0.31589725649654865,-0.2760679349333048,-0.3626730361968279
1789030905762897700,50.207897705078125,-0.037566929589211935,-0.3363344798475504,-0.2977420066028833
1789030905772902000,50.21790185546875,-0.30895547453463074,-0.6036918695807456,-0.09842530291676521
1789030905782905600,50.22790551757812,-0.39365415765494105,-0.9999649775624274,0.09893617504835128
1789030905792909600,50.23790966796875,-0.35652035878598687,-1.3031179032981395,0.4804316928759217
1789030905802913800,50.24791381835937,-0.24789281080663203,-1.4581564893186092,0.648634004113078
1789030905812917800,50.25791772460938,-0.07703150949329138,-1.1927829668790102,0.5131482598245144
1789030905822920400,50.26792041015625,-0.06067746380269527,-0.5779986253976822,0.3324973859027028
1789030905832924700,50.27792456054687,-0.0904524243414402,0.057119479060173034,0.057868251600861544
1789030905842928600,50.2879287109375,-0.041619127589464185,0.486167898440361,-0.06694909141808748
1789030905852932600,50.2979326171875,-0.02207330012023449,0.6409089628189801,-0.07430150000751018
1789030905862936800,50.30793676757813,0.2432669045716524,0.5308586885601282,-0.10067308184355497
1789030905872939500,50.317939453125,0.3380786931663751,0.3322404885321855,0.028570553185045717
1789030905882943700,50.32794384765625,0.1130085395425558,0.006952303355932235,0.11697452056407928
1789030905892947700,50.33794775390625,-0.11576777512282133,-0.49530572914183135,0.3653708969786763
1789030905902951700,50.34795166015625,-0.052093467591702934,-1.1439274582952261,0.5320742018297314
1789030905912955600,50.35795556640625,0.3821738554805517,-1.6398779150813818,0.38040479998141524
1789030905922959600,50.367959716796875,0.6417588576465845,-1.6603724215775728,0.2593745742857456
1789030905932962600,50.37796264648438,0.6295528715461493,-1.2669798374682664,-0.03968815952688455
1789030905942966800,50.387966796875,0.5186699458554387,-0.6167664552092552,-0.3743400931149721
1789030905952970800,50.397970703125,0.569155101467669,0.04627776705026626,-0.46454380339235063
1789030905962974700,50.407974609375,0.6046425944343209,0.46348728007674217,-0.38973669195026156
1789030905972978700,50.417978759765624,0.5673071355134248,0.4665782318294048,-0.4191317132607102
1789030905982982700,50.42798266601562,0.4633329662978649,0.2034825911939144,-0.3195505183070898
1789030905992985600,50.437985595703125,0.3260071471005678,-0.15408932247161863,-0.089419574162364
1789030906002989800,50.44798974609375,0.27612930973172184,-0.4889999069958925,-0.007459960617125034
1789030906012993500,50.45799365234375,0.40183015758693214,-0.49100598612129687,0.0025412089154124256
1789030906022997500,50.46799755859375,0.2562994046241045,-0.1959194624632597,-0.04069645978659391
1789030906033001700,50.47800170898437,0.01613105058968067,-0.03606792320311069,-0.08834639197289944
1789030906043004700,50.488004638671875,0.21621756960451602,-0.17771277464330196,0.09640051909089088
1789030906053008600,50.49800854492187,0.43036856206804514,-0.30728374193012714,0.09679127197414636
1789030906063012600,50.5080126953125,0.6031359892636537,-0.37774844025373455,-0.4379653008073568
1789030906073016600,50.5180166015625,0.7667103484392166,-0.062492988792061804,-0.6174184893772006
1789030906083020800,50.52802075195312,0.6774585320591926,0.12953355788588522,-0.43113282443881035
1789030906093024800,50.53802465820313,0.45917350853085515,0.07625380311906338,0.05320902761816978
1789030906103027500,50.54802734375,0.32195991753637787,-0.06072714816331863,0.1497588920518756
1789030906113031700,50.55803173828125,0.4340694624125957,-0.06302256562411784,0.07202215689867734
1789030906123035600,50.56803564453125,0.28690497076809407,-0.019043138644099233,0.07310790630877018
1789030906133039600,50.57803955078125,0.22449732217192647,-0.14808978979587553,0.13363076407164334
1789030906143043800,50.5880439453125,0.22914193310737607,-0.2260907288432121,0.24915830069780348
1789030906153046500,50.59804663085937,0.26488486213982104,-0.07573883933424949,0.19655717584490776
1789030906163050800,50.60805078125,0.2839566423565149,0.04855447981059551,0.10161036269366741
1789030906173054700,50.6180546875,0.12234452316462993,0.04380348589122295,0.38856794043183324
1789030906183058700,50.62805859375,0.023427637338638303,-0.20428455522656438,0.5571294403702021
1789030906193062700,50.638062744140626,-0.047722120639681814,-0.3180851219296455,0.624193390339613
1789030906203066600,50.648066650390625,0.14079554113447665,-0.22174831572473047,0.7051824052870274
1789030906213069600,50.65806958007813,0.5193669882088899,0.0702618692278862,0.5283101731210946
1789030906223073800,50.66807373046875,0.3705997375428676,0.4218395109146833,0.5908478778377175
1789030906233077800,50.67807788085938,-0.08183598716557025,0.41850481353402136,0.8233104798004031
1789030906243081500,50.68808154296875,-0.5369792172670365,-0.06388064375817776,0.9484989942193031
1789030906253085700,50.698085693359374,-0.38177199668139217,-0.6302753406018018,0.8299068093255162
1789030906263089700,50.70808959960937,0.20441665717363355,-0.8341250115424395,0.4146431696698069
1789030906273092900,50.7180927734375,0.5042348855286837,-0.3865829040944576,0.3328738179996609
1789030906283096800,50.728096923828126,0.15064327367097138,-0.060924716562032695,0.3242755010023713
1789030906293100500,50.7381005859375,-0.14646715703010557,-0.06747603790163993,0.36634792531728744
1789030906303104500,50.7481044921875,-0.20245266362428663,-0.22692191897034644,0.6409899191007018
1789030906313108700,50.75810864257812,0.13519582143127917,-0.43739714553058145,0.46571723108589647
1789030906323111700,50.768111572265624,0.4061006745129823,-0.4689157348662615,0.053344928957521916
1789030906333115600,50.77811572265625,-0.021202947026491163,-0.45657180159986016,-0.0910816621556878
1789030906343119600,50.78811962890625,-0.03232873667478561,-0.5115115985333919,-0.09180705382078885
1789030906353123600,50.79812353515625,0.3163061295583844,-0.3987713545382023,-0.2274199316203594
1789030906363127800,50.8081279296875,0.35422026515007016,-0.21917700393199918,-0.4108355940803885
1789030906373131800,50.8181318359375,-0.0832025993436575,-0.08629179753065108,-0.3293126183867454
1789030906383134700,50.828134765625,-0.3776140002191066,-0.23256255520582197,-0.1511105989217758
1789030906393138700,50.838138671875,0.12834814749360085,-0.45748833192288874,-0.10198270313739775
1789030906403142700,50.848142578125,0.586387683558464,-0.49473114412426944,-0.12275719561874866
1789030906413146600,50.85814672851563,0.6870794701024889,-0.3668400927484035,-0.04535948316156864
1789030906423150800,50.86815087890625,0.41456075208336113,-0.3437204984456301,0.25725685147941113
1789030906433154600,50.878154541015626,0.12255202843546867,-0.7909703449487686,0.6168968035906552
1789030906443157800,50.88815771484375,0.16091244648993014,-1.2704770319342613,0.7361760939657688
1789030906453161700,50.89816162109375,0.7354910343110561,-1.272705813899636,0.19960399619489907
1789030906463165700,50.90816577148438,0.9172902014851569,-0.7359785255670547,-0.45911564086377615
1789030906473169700,50.918169677734376,0.5960533375263214,-0.04535772959589958,-0.7296326636716723
1789030906483173600,50.928173583984375,0.33163083220124245,0.5962357083559036,-0.6994789329484105
1789030906493176600,50.93817651367188,0.17086802331507206,1.0842857672810553,-0.4162827535703778
1789030906503180800,50.94818090820313,0.06882569894492625,1.1656897927701473,-0.29819062715321776
1789030906513184800,50.958184814453126,-0.004309679892659187,0.8736743471205234,-0.1428130184367299
1789030906523188500,50.9681884765625,-0.022989830443263054,0.5747352396875619,0.11793898168206214
1789030906533192700,50.978192626953124,0.07328443191945552,0.670191755926609,0.13916706314980984
1789030906543196700,50.98819677734375,0.14826456184089182,1.0252455492913723,0.11224047777950763
1789030906553199900,50.99819995117188,0.14708850379884242,1.0901122814774513,0.14059475786536932
1789030906563203600,51.00820361328125,0.1523275734961033,0.9728139357864856,0.239850958648324
1789030906573207600,51.01820751953125,0.18430588929802177,0.8407634266436099,0.07881634708344935
1789030906583211800,51.02821166992187,0.21605507251918316,0.7461001066088676,-0.09505378065705299
1789030906593215700,51.0382158203125,0.34785160690099,0.6122977853626013,-0.1960018800497055
1789030906603219000,51.048218994140626,0.4958338446691632,0.493583143132925,-0.3219888513699174
1789030906613223200,51.05822314453125,0.44862931816279883,0.38340485858023166,-0.38880437953621144
1789030906623227100,51.06822705078125,0.24844576851427555,0.1636854183346033,-0.26672055313438175
1789030906633231000,51.078231201171874,-0.05534603964686394,-0.18855682474076746,0.14358254150450228
1789030906643235000,51.08823510742187,-0.21692308752536774,-0.6236936241239309,0.7388549577862024
1789030906653239000,51.09823901367187,0.0306038125783205,-1.094014549612999,0.7149447976276279
1789030906663242000,51.108241943359374,0.24930209308266638,-1.2367249844580888,0.5613190010145306
1789030906673246200,51.11824609375,0.21060586720257995,-1.2141682847350834,0.3301759572178125
1789030906683250000,51.12825,0.12515285858362912,-1.0948194362550974,0.1504530117958784
1789030906693254000,51.13825390625,0.057032969820499414,-0.9381617246001959,0.06630465603470802
1789030906703258000,51.14825805664063,0.11293196717500686,-0.7865887688636779,-0.053258419717848296
1789030906713261000,51.15826098632812,0.38583851546794173,-0.6184335116386414,-0.2811184963211417
1789030906723265000,51.16826513671875,0.4198848697155714,-0.4171025455206632,-0.3686614629566669
1789030906733269000,51.17826904296875,0.3510474803328514,-0.290034500965476,-0.2743696065828204
1789030906743273000,51.18827294921875,0.3312812881112098,-0.27854396965801714,-0.023688334101438523
1789030906753277200,51.19827709960938,0.5378998392432928,-0.3516834401488304,0.11052432151138782
1789030906763281200,51.20828125,0.6761679077267646,-0.4424976835399866,0.002347439908981323
1789030906773283800,51.21828393554687,0.4780769464433193,-0.5168962141811847,-0.05856091004014015
1789030906783288000,51.2282880859375,0.15031272654235361,-0.6434656615644693,0.11791560080647467
1789030906793292000,51.2382919921875,0.1315364221408963,-0.8600783679664135,0.17208792049884794
1789030906803296000,51.2482958984375,0.3248155992284417,-0.8963982201039791,0.07124737313389777
1789030906813300200,51.25830029296875,0.4653349537700414,-0.7785135989576578,-0.029195114824175833
1789030906823303000,51.26830297851563,0.4272247110843658,-0.6476309645503759,-0.2184790847957134
1789030906833307100,51.27830712890625,0.2585743638187647,-0.48013913967013355,-0.4178454728424549
1789030906843311000,51.28831103515625,0.07114099014997483,-0.24945173068642615,-0.321473010802269
1789030906853315000,51.298315185546876,0.08017302238941192,-0.0477010778516531,-0.2673310862481594
1789030906863319000,51.308319091796875,0.39127369225919245,0.1137754322618246,-0.3414426166415214
1789030906873323000,51.318322998046874,0.46079906390607356,0.18299860609173774,-0.4152402587801218
1789030906883326000,51.328325927734376,0.4334101217210293,-0.017549100694060325,-0.5326537552833557
1789030906893330200,51.338330078125,0.4651397234588861,-0.5516828654021024,-0.5145370838344097
1789030906903334100,51.348334228515625,0.5056675486803055,-1.139852756202221,-0.40274727243185043
1789030906913337900,51.358337890625,0.47263738573789593,-1.3204028000980614,-0.37896483030617234
1789030906923342000,51.36834204101562,0.2659533681541681,-1.177497719463706,-0.29276480271220207
1789030906933346000,51.37834594726562,0.14558394445478914,-0.9994523518651723,-0.05900222406685352
1789030906943349200,51.388349365234376,-0.23655133258104322,-0.8981330810725688,0.14745850615501402
1789030906953353000,51.39835302734375,-0.4539028746515512,-0.8386106325238942,0.24143092131614682
1789030906963357000,51.40835693359375,-0.08003916687667369,-0.5408008213818073,0.5005757784992456
1789030906973361000,51.41836083984375,0.025545067884027956,-0.13020634258091449,0.5911860237509012
1789030906983365000,51.428365234375,0.10573679497390985,0.21895196300446987,0.5515004945725203
1789030906993368000,51.4383681640625,0.18225334068238735,0.5959165594041347,0.34944062965810296
1789030907003372000,51.4483720703125,0.2254074227541685,0.9237328017532825,0.18535539835095405
1789030907013376000,51.4583759765625,0.08113631446361541,0.961252092808485,0.4351555040836334
1789030907023380000,51.4683798828125,0.12532646158486604,0.5708785642594099,0.532162756896019
1789030907033384200,51.47838427734375,0.2477414196372032,0.12701076140999792,0.3835375450491905
1789030907043388200,51.48838818359375,0.2007254014402628,-0.23539164115190506,0.06142857443094253
1789030907053391000,51.49839111328125,0.2561258016228676,-0.26984569941759107,-0.2538280460745096
1789030907063395000,51.50839501953125,0.3370847136929631,-0.15026011957228183,-0.467933738091588
1789030907073399000,51.51839892578125,0.1329120944082737,-0.09965046079754829,-0.4000912049651146
1789030907083403000,51.52840307617188,-0.05293722493946552,-0.27966332907676694,-0.14632453368902207
1789030907093407200,51.5384072265625,-0.21413316454589365,-0.651164983895421,0.1515852306962013
1789030907103410000,51.54840991210938,0.016985621592402456,-0.6303121654808521,0.24215806654691693
1789030907113414100,51.5584140625,-0.011988543957471847,-0.2795037546008825,0.3015016513973474
1789030907123418000,51.56841821289063,0.06732698481976986,0.04137538196146488,0.19777181233167648
1789030907133422000,51.578422119140626,0.19594868855774403,0.26775603366196155,0.3095060941547155
1789030907143426000,51.588426025390625,0.17325374940782784,0.25001462526619433,0.46703298985958097
1789030907153430000,51.598429931640624,0.09899053558409214,0.031114684709906575,0.5129091903716325
1789030907163433000,51.608432861328126,0.23695260685831307,-0.19578560695052147,0.560906036299467
1789030907173437200,51.61843725585938,0.5097019187629223,-0.2739192324668169,0.39157998172938824
1789030907183441200,51.628441162109375,0.55047524317801,-0.15223638808131218,0.43283086052834985
1789030907193444900,51.63844482421875,0.32419396019876,-0.1306722065269947,0.6791565681487322
1789030907203449000,51.64844897460937,0.10219020840823649,-0.15061960053443907,0.8206587962478399
1789030907213452000,51.6584521484375,-0.08309446279406547,-0.2927712324529886,0.688817545941472
1789030907223456300,51.668456298828126,-0.024518062923848626,-0.3373538860231638,0.46655543547570705
1789030907233460000,51.6784599609375,-0.17892916469573975,-0.29286884760856624,0.5855383732527494
1789030907243464000,51.6884638671875,-0.17637655760347842,-0.38689036260843274,0.5089870484918355
1789030907253468200,51.69846826171875,0.11037205355912447,-0.42311435315608975,0.23332594079375266
1789030907263472000,51.70847216796875,0.20295096853524444,-0.3586813362121582,0.1291080259501934
1789030907273474800,51.71847485351562,0.3204270088806748,-0.46039808188974857,-0.12539689647257327
1789030907283479000,51.72847900390625,0.3512912259608507,-0.5735498292952775,-0.24573417146801946
1789030907293483000,51.73848291015625,0.2880103016614914,-0.7454635622709989,-0.1532709918260574
1789030907303487000,51.74848706054688,0.35469957309961314,-0.765262487718463,-0.15533435409665106
1789030907313491200,51.7584912109375,0.6729156279325484,-0.362187883028388,-0.27244389921724793
1789030907323494000,51.76849389648437,0.6539283111289144,-0.12064531803131102,-0.49000294655859467
1789030907333498000,51.778498046875,0.27786943139731884,-0.05195113651156425,-0.2670183670371771
1789030907343502000,51.78850219726562,-0.011628478473424912,-0.29171500139832496,-0.10852759473621845
1789030907353506000,51.79850610351563,0.22461101167947053,-0.5920505316257476,-0.008615268132090568
1789030907363510000,51.80851000976563,0.3625368425965309,-0.6477794331103562,0.12758067025244235
1789030907373514000,51.818513916015625,0.4460150440111756,-0.5213040937513113,0.1511100143998861
1789030907383517000,51.82851684570313,0.35347353843599555,-0.14422551558315752,0.11219546959400176
1789030907393521200,51.83852124023438,0.13270780400782822,0.239097509932518,0.11297931344807147
1789030907403525000,51.84852514648438,-0.1319265905022621,0.36476211743056774,0.17410978171527386
1789030907413529000,51.858529052734376,-0.19081775541007517,0.15385902084708214,0.1884901892453432
1789030907423533000,51.868532958984375,0.06442249554991722,0.06341302624642849,0.14591887549757956
1789030907433536000,51.87853588867188,0.26997575553804637,0.17898937045037747,-0.07987199361622332
1789030907443540200,51.88854028320313,0.37252865977883337,0.3857172271758318,-0.5403577537894249
1789030907453544200,51.898544189453126,0.4218742899671197,0.48938043074607845,-0.7737380551189184
1789030907463548000,51.9085478515625,0.40176410661339756,0.5344108280837535,-0.7576350615799426
1789030907473552000,51.9185517578125,0.23508301359415054,0.4692892443537712,-0.27256957142353055
1789030907483556000,51.92855615234375,-0.015598551148176192,0.21402970417141914,0.372467869502306
1789030907493559000,51.93855908203125,0.1780959287419915,0.10393033007383345,-0.0004424830704927444
1789030907503563300,51.948563232421876,0.21424597727060316,0.3072100921720266,-0.6808528506726026
1789030907513567000,51.95856689453125,0.08682137436270713,0.47325171824395657,-0.9660808281391858
1789030907523571000,51.96857104492187,0.09086480453461408,0.6291489669203758,-0.8401596155315637
1789030907533575200,51.9785751953125,0.10105565142035483,0.7316074708759784,-0.3279085968077183
1789030907543578000,51.988578125,0.020625731660425663,0.6134165602594613,0.17830431079566478
1789030907553582000,51.99858203125,-0.1535936479091644,0.24020167178213594,0.3516986377179622
1789030907563586000,52.0085859375,-0.23535393949002026,-0.192123577311635,0.4011129492282867
1789030907573590000,52.01859008789062,0.11610270616561173,-0.4336258102983236,0.4213263006955385
1789030907583594000,52.02859399414063,0.44483752466440196,-0.45430444118976593,0.24965689786970613
1789030907593598200,52.03859814453125,0.6160182671904564,-0.3587771978020668,-0.2403565700829029
1789030907603601000,52.04860083007812,0.5820774191439151,-0.02739537192583084,-0.3532441135942936
1789030907613605400,52.05860546875,0.31542204020023346,0.21960604299902914,-0.326305253264308
1789030907623609000,52.06860913085937,0.16087591387182473,0.3146136464267969,-0.27616555008888244
1789030907633613000,52.07861303710938,0.07655833902359008,0.2191413480967283,-0.1612538072735071
1789030907643617300,52.0886171875,-0.051959612078964705,-0.1295569387614727,0.15324936451613902
1789030907653620200,52.0986201171875,0.2993263531848788,-0.51112347599864,0.3748386902868748
1789030907663624200,52.10862426757812,0.4876645667389035,-0.7092173598915338,0.3884335003972053
1789030907673628200,52.11862817382813,0.19633359622210264,-0.8482330318719148,0.20148060372173784
1789030907683632000,52.12863208007813,-0.07003419795185327,-1.0511357773512602,0.2778992420136928
1789030907693636000,52.138635986328126,-0.16530746657848358,-1.4095225145310162,0.5508148503959178
1789030907703640300,52.148640380859376,-0.053209319879114626,-1.6951146491348743,0.5426619390785694
1789030907713643000,52.15864306640625,0.03594225099682808,-1.645940576121211,0.21847207053303716
1789030907723647200,52.16864721679688,0.08272475269883871,-1.0646008236020803,-0.3149444858163595
1789030907733651200,52.178651123046876,0.12719780841469763,-0.23360300416946408,-0.7738596356719731
1789030907743655200,52.1886552734375,-0.019445581965148447,0.4117120846539736,-0.8559972361326217
1789030907753659100,52.1986591796875,-0.23099019132256507,0.49214580380618567,-0.6231494342446326
1789030907763662000,52.208662109375,-0.07573913159519434,0.1377390761733055,-0.3672510116368532
1789030907773666000,52.218666015625,0.10042729038894176,-0.22936638951301574,-0.03043956192731857
1789030907783670300,52.228670166015625,-0.010573708723485469,-0.5277642296761273,0.27141221808195115
1789030907793674200,52.23867431640625,-0.014233984796702862,-0.7028302892029284,0.507902760386467
1789030907803678200,52.24867822265625,0.252816530944407,-0.8667723126471042,0.5295166263014078
1789030907813682200,52.25868212890625,0.4407391494348645,-0.8896984302043914,0.5674111804097891
1789030907823685000,52.26868505859375,0.25621260312348604,-0.8300514784932136,0.6306283918231725
1789030907833689000,52.278689208984375,-0.00203735104650259,-0.9647866966754197,0.7099503503412008
1789030907843693300,52.288693359375,0.20406389821320772,-1.2868991744250058,0.5058072494119406
1789030907853697000,52.29869702148437,0.3412581999853253,-1.3913058898389339,-0.04093172984719276
1789030907863701000,52.30870092773438,0.7715887681305408,-0.940903132262826,-0.7749035917669534
1789030907873704200,52.3187041015625,0.9898679464399814,-0.16798925300836562,-1.1022463713854551
1789030907883708200,52.328708251953124,0.8631474001482129,0.15628946286439896,-1.247830900362134
1789030907893712400,52.33871240234375,1.0820344812229274,0.14717325947284698,-1.1278525218069553
1789030907903716000,52.34871606445312,1.0163763063982127,0.1042681837260723,-0.9882482362836599
1789030907913720000,52.35871997070313,0.7588014750108122,-0.15030337419211864,-0.9838210674911737
1789030907923724300,52.36872436523438,0.4272951459720731,-0.33470191020965573,-0.6146417181402445
1789030907933727200,52.37872729492187,0.07187018120735883,-0.6369003116995096,-0.34616847611963747
1789030907943731000,52.38873095703125,0.5036927414759993,-0.6783411601126194,-0.42270109618008134
1789030907953735200,52.39873510742188,1.1200810110226274,-0.08996317951977252,-0.4663555289894342
1789030907963739100,52.4087392578125,1.0859645141482352,0.49669221506416794,-0.40281507697105406
1789030907973743000,52.4187431640625,1.0228703445926308,1.0899702426582574,-0.32168753033578396
1789030907983746300,52.42874633789062,-0.007000234150886535,1.3031214104294777,-0.13786767098903654
1789030907993750000,52.43875,-0.2714928821027279,1.0326982033848762,-0.13072890515029428
1789030908003754200,52.44875415039063,-0.363812269359827,0.6770353382110595,-0.2399211012750864
1789030908013758200,52.45875830078125,-0.32261925822794435,0.44772623184323307,-0.2622895849496126
1789030908023762200,52.46876220703125,-0.3492611814379692,-0.01647358041703701,-0.20481413205862045
1789030908033766100,52.47876611328125,-0.14997984132617712,-0.3973988971412182,-0.08854337584972381
1789030908043769000,52.48876904296875,-0.2348053656965494,-0.5492454091221094,0.36280747623145576
1789030908053773000,52.49877294921875,-0.1693804151058197,-0.6803232738405466,0.7587953375309705
1789030908063777300,52.50877734375,-0.2543406717717647,-0.7956751616388559,1.3261492347955703
1789030908073781200,52.51878125,-0.3225011848062277,-1.0922837802976368,1.4259189380586146
1789030908083785000,52.52878491210937,-0.11023352187126874,-1.1368547434300185,1.2525398087054491
1789030908093788200,52.5387880859375,-0.17327976063191888,-0.9323322877943515,0.9426818323731422
1789030908103792000,52.548792236328126,-0.31412147899568077,-0.6939157458633184,0.8068944747895002
1789030908113796400,52.55879638671875,-0.33197277750670906,-0.578832738134265,0.9440162958472966
1789030908123800300,52.56880029296875,-0.17444062110483646,-0.5217518375188112,0.9420365202069282
1789030908133804000,52.57880395507812,-0.21315467490255832,-0.30847265945374963,0.8597130417853593
1789030908143807200,52.58880712890625,-0.347661345025897,-0.19420856689214705,0.7105594221502542
1789030908153811200,52.598811279296875,-0.17814356727600097,-0.22278584207892416,0.46382221111953253
1789030908163815200,52.608815185546874,0.2650911983668804,-0.07431611305475234,0.29562837544977666
1789030908173819100,52.61881909179687,0.47675768053829665,0.13104922314584255,0.08441255965530872
1789030908183823000,52.62882299804688,0.5068611423790454,0.4542746305733919,0.008452771046757698
1789030908193827000,52.6388271484375,0.3862386207014322,0.7165455108225345,-0.01640285326838493
1789030908203830300,52.648830322265624,0.2463824062436819,0.8036188141196966,-0.25587387268841266
1789030908213834200,52.65883422851562,-0.24262042336165904,0.8094190248310565,-0.2527262223124504
1789030908223838200,52.66883813476562,-0.42082419639229773,0.5623825385928154,-0.2944885577648878
1789030908233842200,52.67884228515625,-0.2496709263950586,0.2722147666364908,-0.4611591293901205
1789030908243846100,52.68884619140625,-0.05693740049153566,0.056149172723293304,-0.7803460750818252
1789030908253849300,52.69884936523437,-0.04419306973069906,0.1603349388629198,-0.8660060044497251
1789030908263853000,52.70885302734375,-0.006067044954001903,0.42131987095475193,-0.9013625645130873
1789030908273857000,52.71885693359375,0.14777999319434165,0.40110125879049296,-0.9523252745091915
1789030908283861200,52.728861328125,-0.17642858005166054,0.09387070835232735,-0.4971078101277351
1789030908293865200,52.738865234375,-0.43891748696565624,-0.6238543676435947,0.09790332486927508
1789030908303869200,52.748869140625,-0.22408464971780775,-1.2239432442963123,0.5953776302218436
1789030908313872100,52.7588720703125,0.27025194213092324,-1.3198258769929407,0.7007488067537546
1789030908323876000,52.7688759765625,0.5428595074772834,-0.9518903902232646,0.3036848406553268
1789030908333880000,52.778880126953126,0.15917758552134037,-0.6294324600368738,0.1102805758833885
1789030908343884300,52.78888427734375,-0.4743450664386153,-0.8207774541914462,0.17291209636330604
1789030908353888300,52.79888818359375,-0.4414586958810687,-1.113348780158162,0.19576982485949992
1789030908363891200,52.80889111328125,0.23063830914497374,-1.0666963345766067,-0.11149112071692943
1789030908373895200,52.81889526367188,0.5464578242301941,-0.642026568672061,-0.37966888692229983
1789030908383899100,52.828899169921876,0.5229740727901458,-0.08619593594074249,-0.40862493229359387
1789030908393903400,52.8389033203125,0.3282704158574343,0.285808407703042,-0.3567717031985521
1789030908403907000,52.84890698242187,-0.07825666737407445,0.20357553017437457,-0.32656741133183237
1789030908413911000,52.8589111328125,0.0929246596738696,0.11504501380622387,-0.20569325298070906
1789030908423914200,52.868914306640626,0.5566553931176662,0.1762853721886873,-0.5321969514265656
1789030908433918200,52.878918212890625,0.7471431859210134,0.5450228229910135,-1.0559823405995965
1789030908443922200,52.888922119140624,0.6876856193020939,1.123766713798046,-0.9932529127031564
1789030908453926100,52.89892602539062,0.2788745167866349,1.296072660961747,-0.7311243635341524
1789030908463930000,52.90893017578125,-0.13584844012111424,1.0657961708664894,-0.32307489304095505
1789030908473933300,52.918933349609375,-0.0803112618163228,0.7222685646444559,-0.1270861647337675
1789030908483937300,52.928937255859374,-0.028921850840747356,0.4558768050730228,-0.008921265341341494
1789030908493941000,52.93894091796875,0.004793956278264522,0.1833224312186241,0.011440846946835517
1789030908503945200,52.9489453125,0.22906331491321325,0.07643617394864559,-0.25059534776359793
1789030908513949200,52.95894921875,0.15862492007464168,0.18531740442812442,-0.42691725257039065
1789030908523952000,52.9689521484375,-0.013827157561480998,0.17858371225893496,-0.4930883453533053
1789030908533956400,52.97895629882812,0.14922493130564687,0.05159048650562763,-0.5978621405139565
1789030908543960000,52.9889599609375,0.33269144717007876,0.015796119546890256,-0.7458964007303118
1789030908553964000,52.99896411132813,0.24311989731639622,-0.03642448155581951,-0.8526242525681853
1789030908563968300,53.00896826171875,-0.3396232922598719,-0.09779986449480056,-0.45833851901143785
1789030908573972200,53.01897216796875,-0.3492579665675759,-0.20936405044794082,-0.11551000096946953
1789030908583975200,53.02897509765625,0.24364596701711413,-0.17780337553620337,-0.19606617745757102
1789030908593979100,53.03897924804688,0.24522563742399214,-0.08574176243245601,-0.24864567500054835
1789030908603983000,53.04898315429688,-0.162552030390501,-0.07391513103842735,-0.07185118424594401
1789030908613986800,53.05898681640625,-0.45882659478932614,-0.1705570576697588,0.32528000186979766
1789030908623990800,53.06899072265625,-0.4521192061051726,-0.4969067345976829,0.5880424650281667
1789030908633994000,53.07899389648438,-0.19497896674275397,-0.8210901734024286,0.7916787854790687
1789030908643998000,53.088998046875,-0.11485942810624837,-1.0080454081654548,0.8700117329597472
1789030908654001700,53.099001708984375,-0.18698592216223478,-0.9702548989534377,0.7417898421943188
1789030908664005600,53.10900561523437,-0.3466387239798903,-0.7222387540280818,0.571713846039772
1789030908674009900,53.119009765625,-0.494150129365921,-0.473657376435399,0.5120715705037117
1789030908684013800,53.12901391601562,-0.7171075286194681,-0.3912368673801422,0.6111439391523599
1789030908694016800,53.139016845703125,-1.0514613560438155,-0.5273357751309872,0.7745908725559711
1789030908704020700,53.149020751953124,-1.4014996593341231,-0.7931476889878512,0.8295698324561118
1789030908714024700,53.15902465820312,-1.2609364656507969,-0.9983569578438997,0.7857803750902413
1789030908724029000,53.16902880859375,-0.7612979680016636,-0.9021955082058906,0.4276321228414774
1789030908734033000,53.17903295898437,-0.2955579405620694,-0.4822989480525255,-0.13703472729623317
1789030908744035800,53.189035888671874,-0.23501988523006437,-0.03335574163496494,-0.6147720665216445
1789030908754039800,53.19903979492187,-0.4450900381207466,0.09390987131893634,-0.7302689157485962
1789030908764043800,53.20904370117187,-0.27022037794888015,-0.1758376284211874,-0.5305827942281961
1789030908774047700,53.2190478515625,0.2535112352102995,-0.5959855329871178,-0.5537509038478136
1789030908784052000,53.22905200195312,0.7726423688367009,-0.7030237659484148,-1.1338596532672642
1789030908794054700,53.2390546875,0.7874386636912822,-0.34833822137415404,-1.5788444774478674
1789030908804059000,53.24905883789062,0.3939586935594678,-0.11837152788043022,-1.4838368740200996
1789030908814062800,53.25906274414063,0.31017332589179275,-0.1585094770014286,-1.1669178732603789
1789030908824066800,53.26906689453125,0.2987690115630626,-0.405718981719017,-0.9625041386961937
1789030908834070800,53.27907080078125,0.19298691614270208,-0.6472118623554706,-0.963745663189888
1789030908844074800,53.28907470703125,0.11275281121581793,-0.7123819614022969,-0.6453969218879938
1789030908854077700,53.29907763671875,-0.3071425798937678,-0.7817080110847949,-0.1384410869628191
1789030908864082000,53.30908203125,-0.7627028663635254,-0.6809662479192018,0.2649813082516193
1789030908874086000,53.3190859375,-0.6732070120945572,-0.39963820050060744,0.39729485224485395
1789030908884089600,53.329089599609375,-0.4573921780720353,-0.0837204857379198,0.05062368730008602
1789030908894093800,53.33909375,-0.18916414298415182,0.027089666977524757,-0.284751007604599
1789030908904096800,53.3490966796875,0.0819908854663372,0.004355857121944427,-0.372868851518631
1789030908914101000,53.35910107421875,0.062034139108657835,-0.14009177677929402,-0.27636194944381715
1789030908924104700,53.369104736328126,0.01177665477246046,-0.42159167363345623,0.08485504272580147
1789030908934108700,53.379108642578124,0.024509002834558487,-0.6542582737356424,0.12473872482478618
1789030908944113000,53.38911279296875,0.2807815194517374,-0.4846902271032333,-0.04255611617863178
1789030908954115800,53.39911572265625,0.2551777071177959,-0.041355508217215536,-0.06023147360086441
1789030908964119800,53.409119873046876,-0.07193155600577593,0.17124036375880242,0.0270224469602108
1789030908974123800,53.419123779296875,-0.20100392612069845,0.08774141181707382,0.36996143963932987
1789030908984127700,53.429127685546874,-0.08002075443714857,0.00031038112342357635,0.43433074369728564
1789030908994131700,53.43913159179687,0.28282237762957807,0.08394903379678725,-0.012995675173401831
1789030909004136000,53.44913598632812,0.581844487170875,0.4083984300613403,-0.3734250240966677
1789030909014138600,53.459138671875,0.3278562820985913,0.6329641412943601,-0.3432081650093198
1789030909024142800,53.469142822265624,-0.05918517941832542,0.4254606240212917,0.1946200703024864
1789030909034146800,53.47914672851562,-0.03361556161493063,-0.07152911268472671,0.5760030676662922
1789030909044150800,53.48915087890625,-0.1556342138260603,-0.35707097840607166,0.7793950579673051
1789030909054154800,53.49915478515625,-0.3009457710802555,-0.510485762616992,0.5988628419890999
1789030909064157700,53.50915771484375,-0.2940817305296659,-0.47612288976609707,0.4738447157010436
1789030909074161700,53.51916162109375,-0.13465017024725676,-0.30084698688089845,0.30770898160487414
1789030909084166000,53.52916577148437,-0.008970657441020012,0.08007073105871677,-0.06050327627956867
1789030909094169900,53.539169921875,-0.26431904495060443,0.40438218015730376,-0.21141163062751292
1789030909104173800,53.549173828125,-0.15616992813795805,0.389959687051177,-0.1660886800840497
1789030909114177800,53.559177734375,0.2839315079152584,0.2943979568719864,-0.14646891059577463
1789030909124180700,53.5691806640625,0.20577508604526518,0.14097966552972793,0.00865881501287222
1789030909134185000,53.57918505859375,0.08655483238101006,-0.12136252638995647,0.25450141529142856
1789030909144189000,53.58918896484375,0.3284101165890693,-0.1872656158864498,0.3845420459166169
1789030909154192600,53.599192626953126,-0.0827834971487522,-0.2733569224089384,0.6241919290348887
1789030909164196600,53.609196533203125,-0.26151217083632944,-0.5917950955599546,0.39347120230346916
1789030909174199800,53.61919970703125,-0.2803366982936859,-0.6788041014492512,0.4665396533846855
1789030909184203800,53.62920385742188,0.013361585876345634,-0.6560293750613927,0.2784422628492117
1789030909194208000,53.6392080078125,0.6401993532449006,-0.08169803999960422,-0.1084773258537054
1789030909204211700,53.649211669921876,0.5970943710118531,0.5661228941649198,-0.2312275072097778
1789030909214215700,53.659215576171874,-0.17565291950404643,0.7198153262734412,0.2613961432412267
1789030909224219000,53.66921899414063,-0.6348185369893908,0.3434036875814199,0.9957777550056576
1789030909234222800,53.67922290039063,-0.2869277671217918,-0.28356267460286616,1.2797510562360286
1789030909244226800,53.689226806640626,0.37424598509073254,-0.6184773507803678,0.8530699505090713
1789030909254230800,53.699230712890625,0.5870826800853014,-0.6397095239013433,0.530549476480484
1789030909264234800,53.70923486328125,0.44948856534063814,-0.5122662162929773,0.4469201761573553
1789030909274238000,53.71923803710938,0.5131260479927062,-0.2552899353206158,0.2780360201358795
1789030909284242000,53.729241943359376,0.20819617571234703,-0.23771453114151953,0.02196311774402857
1789030909294245600,53.73924560546875,-0.036110008779168125,-0.5933271274328231,-0.049804772132635115
1789030909304249900,53.749249755859374,0.43445787720829243,-0.9526689733803272,-0.14811287841051815
1789030909314253800,53.75925390625,0.8047136236190795,-0.977628642591834,-0.5306903462558984
1789030909324257800,53.7692578125,0.5912789627313614,-0.6193664085745811,-0.7021271093696355
1789030909334260700,53.7792607421875,0.11850947504639625,-0.23832827912569043,-0.732272072264552
1789030909344264700,53.7892646484375,-0.19305238259434698,0.1605617333561182,-0.9817705647021532
1789030909354268700,53.7992685546875,0.046675534196197986,0.6789607533156872,-1.0596133905783296
1789030909364273000,53.80927294921875,0.560777441483736,1.0381167213022708,-1.1725000573068856
1789030909374276900,53.81927685546875,0.5210439815104008,1.2141478264689445,-1.0591510337635874
1789030909384279800,53.82927978515625,0.12170739430487156,1.0595037927240132,-0.5438415042519569
1789030909394283800,53.83928369140625,-0.12306523865461348,0.723122551125288,-0.13737433451414108
1789030909404287700,53.84928784179687,-0.34031332035064693,0.5581003312289714,0.22083470801115035
1789030909414292000,53.8592919921875,-0.18219284266680477,0.5208487511992455,-0.003598609013855457
1789030909424296000,53.8692958984375,-0.07995265763700007,0.4898059626817703,-0.29180735585689543
1789030909434299000,53.879298828125,-0.41435178550779816,0.41046237685382364,-0.2735360783681273
1789030909444302800,53.889302734375,-0.6942243734210729,0.40669630231857296,-0.0129272861123085
1789030909454306800,53.89930688476562,-0.6066852061778306,0.4356459179490804,0.08018500508815049
1789030909464310800,53.90931079101563,0.0031938276052474973,0.5431628743380308,-0.08616144914925097
1789030909474314800,53.91931469726563,0.1751660127699375,0.5979109480917454,-0.2242699431568384
1789030909484318700,53.929318603515625,-0.2731538010522723,0.4358072459906339,-0.008714344592392445
1789030909494322000,53.93932202148437,-0.5320481906056403,0.13574410296380518,0.5260176782697439
1789030909504326000,53.94932592773438,-0.3065139266014099,-0.14735387673676012,0.7978791014239192
1789030909514329900,53.95932983398438,0.08722031055241823,-0.3856248727172613,0.577290184867382
1789030909524333800,53.969333740234376,-0.03842588450610637,-0.5555424634397029,0.5043845231324434
1789030909534337800,53.979337890625,0.16265081458985806,-0.5947878476351499,0.4837704819098115
1789030909544340700,53.9893408203125,0.3954141530647874,-0.4162847993969917,0.40988136209547515
1789030909554345000,53.99934497070313,0.16784370705783366,-0.105697339746356,0.4828256022751331
1789030909564348700,54.0093486328125,0.004614800319075584,0.28155133478045463,0.6449541465565561
1789030909574352600,54.0193525390625,-0.3094093557819724,0.5491325963973999,0.9811275906234979
1789030909584356900,54.02935693359375,-0.49381899771541354,0.5070025966763496,0.7996639390140772
1789030909594359800,54.03935986328125,-0.6373737744301557,0.21302783365249633,0.4961620537102222
1789030909604363800,54.04936376953125,-0.463012063780427,-0.2885305261433124,0.23440263011455534
1789030909614368800,54.05936865234375,-0.010152560701966285,-0.55383215239048,0.02082709945142269
1789030909624372500,54.06937255859375,-0.23340222090035675,-0.6903788039088249,0.06409107163846492
1789030909634376400,54.07937646484375,-0.5757257120296358,-0.9579939677953719,0.24184417829215527
1789030909644379600,54.08937963867187,-0.376043097640574,-1.1388263357639312,0.39153497354388234
1789030909654383600,54.09938354492188,-0.19899609342962502,-0.9219991098284721,0.3077168726503849
1789030909664387600,54.1093876953125,-0.3424307508960366,-0.4196124825149774,-0.10336977358162402
1789030909674391600,54.1193916015625,-0.8279176813349127,-0.013556816187500953,-0.34092297668159005
1789030909684395500,54.1293955078125,-0.9496209839865565,0.045569326519966126,-0.24263620545268058
1789030909694399500,54.1393994140625,-0.5643178905695676,-0.057525137251615524,0.22290742263197896
1789030909704402700,54.14940258789063,-0.21188860048949718,-0.18209493525028228,0.5317407320916653
1789030909714406400,54.159406494140626,0.15911153454780577,-0.26451310621798035,0.4493506181746721
1789030909724410600,54.16941064453125,0.2502265144512057,-0.2964174800008535,0.43120881228446956
1789030909734414600,54.17941455078125,0.5808309262141585,-0.2712947291821241,0.2956120088368654
1789030909744418600,54.18941845703125,0.924858298651874,-0.16590952412486076,0.11844810024797915
1789030909754421500,54.19942138671875,1.1803963635146617,-0.12835048558115958,-0.11617138748764991
1789030909764425500,54.209425537109375,1.0837184887871145,-0.2564601481437683,-0.12026830141246318
1789030909774429400,54.219429443359374,0.868811124998331,-0.7154980475962162,-0.15588088206350803
1789030909784433700,54.22943359375,0.7155123683825135,-1.1411971565485,-0.09114566730260848
1789030909794437600,54.23943774414062,0.7399190798863768,-1.1883289100795984,-0.21439678391814232
1789030909804440600,54.249440673828126,0.7400462133973836,-0.6631155339300632,-0.34882571263015266
1789030909814444500,54.259444580078124,0.6683087186589837,-0.10693769519627094,-0.5515688836336136
1789030909824448500,54.26944848632812,0.40753918288350105,0.061467737397551535,-0.5076368029266596
1789030909834452700,54.27945263671875,0.4025681164726615,-0.1689537141263485,-0.41909634968638415
1789030909844456700,54.28945678710937,0.6426078756913542,-0.3389776878327131,-0.21289690074920653
1789030909854460400,54.29946044921875,0.5276277438148855,-0.5511328303039074,-0.32510464530289174
1789030909864463600,54.309463623046874,0.4605509343639016,-0.9486924709647894,-0.3370563643813133
1789030909874467600,54.31946752929687,1.0039224830165505,-0.9006570465922356,-0.28609277760237456
1789030909884471600,54.32947143554688,1.1736135715067386,-0.3016606413513422,-0.10401508574783802
1789030909894475800,54.33947583007812,0.9656102880179881,0.08067395764887332,0.09876227978616953
1789030909904479500,54.3494794921875,1.1350602612286806,0.2617366272419691,0.051961950166523455
1789030909914482700,54.35948266601562,1.1213690050065517,0.5224292983889579,-0.029757132621109485
1789030909924486700,54.36948657226562,0.7182128595128655,0.7960556853890418,-0.21104805801212786
1789030909934490600,54.37949072265625,0.3623065409719944,0.9919845002025365,-0.05726531727164983
1789030909944494600,54.38949462890625,0.002611643803119659,0.7669348048448562,0.4856865446642041
1789030909954498600,54.39949853515625,0.05905220068842172,0.3248556389778852,0.8095306685119867
1789030909964501500,54.40950146484375,-0.046126960402727124,0.051067339414358134,0.887241100180149
1789030909974505700,54.41950561523438,-0.2856529248803854,-0.21543547931611537,1.0590522495642303
1789030909984509700,54.429509765625,-0.5570020145982504,-0.6483037492454051,1.4646999196127055
1789030909994513400,54.439513427734376,-0.46603871812522407,-0.9608832594960928,1.3880349053442478
1789030910004517600,54.449517578125,-0.03891220671832561,-0.6792278798192739,1.0125424273237584
1789030910014520600,54.4595205078125,-0.019158873978257177,-0.028020810347795484,0.7859095544278621
1789030910024524800,54.46952490234375,-0.20694471434652803,0.486197709056735,0.7696706595495343
1789030910034528500,54.479528564453126,-0.32608313494622704,0.654139615792036,0.7388467744797468
1789030910044532500,54.489532470703125,-0.30345220094323155,0.6457394517153501,0.7529843131646513
1789030910054536700,54.49953662109375,-0.19590309585034846,0.4637947385907173,0.7941706022948026
1789030910064540700,54.509540771484374,0.37824528385996814,0.32923896862864493,0.378887088894844
1789030910074543400,54.51954345703125,0.5554290661931037,0.44906478697061536,-0.04992167651057243
1789030910084547600,54.529547607421875,0.06662906568348408,0.4435299491971731,-0.1593438819989562
1789030910094551600,54.539551513671874,-0.18559914397895336,0.10664192712008952,-0.11285685611218213
1789030910104555500,54.54955541992187,-0.01615676955282688,-0.16267244189977645,0.23600275878757238
1789030910114559700,54.559559814453124,0.4910071551650762,-0.38203590831458567,0.15781857212781905
1789030910124562400,54.5695625,0.5123848742365836,-0.3549818971723318,0.1985246765255928
1789030910134566700,54.579566650390625,-0.06213409235179424,-0.43149815061986446,0.436098045630753
1789030910144570600,54.58957055664062,-0.028600363801419733,-0.5257523053318262,0.582877921871841
1789030910154574600,54.59957470703125,0.18014497022628784,-0.4286901074618101,0.680561174249649
1789030910164578600,54.60957861328125,0.5074935950636863,-0.3132844436496496,0.40356794116497036
1789030910174581500,54.61958154296875,0.7170978840082883,-0.16219664108157156,0.18105360950380564
1789030910184585500,54.62958544921875,0.6314736104756593,-0.0842564923107624,0.18497078294754027
1789030910194589700,54.63958959960937,0.49249242528676984,-0.12951251509785652,0.16560089656710625
1789030910204593700,54.64959375,0.3066679481193423,-0.03723813602626323,0.2810778720498085
1789030910214597600,54.65959765625,-0.05548720168322324,-0.12513561518788338,0.5394470686852931
1789030910224600600,54.6696005859375,-0.07734452096521854,-0.5098708455890417,0.7484852481797337
1789030910234604500,54.6796044921875,0.5044119956612587,-0.8248825514227152,0.762746413244307
1789030910244608800,54.68960888671875,1.1105126799494027,-0.8547767544269561,0.3546884671837091
1789030910254612700,54.69961279296875,1.4968606062442062,-0.4893886140525341,-0.1806868220180273
1789030910264616400,54.70961645507813,1.3851654873877763,-0.13925707952082156,-0.5850792313084006
1789030910274620400,54.719620361328126,0.9666744101181626,0.19039631512761115,-0.7313830144703388
1789030910284623600,54.72962353515625,0.5936696572601795,0.4973240832269191,-0.5216285034000874
1789030910294627600,54.73962768554688,0.48653760853558775,0.5416892946541308,-0.34651129820793863
1789030910304631600,54.74963159179688,0.31247137370109557,0.6595125410020352,-0.24070582191199064
1789030910314635500,54.759635498046876,-0.18431027321219443,0.845341986605525,0.123657359328866
1789030910324639500,54.769639404296875,-0.5195613417372107,0.7482178294152021,0.3722764385834336
1789030910334642700,54.779642578125,-0.6394207700878382,0.3522685465604067,0.10548340473473071
1789030910344646700,54.78964672851563,-0.1722644461095333,0.29887188741564746,-0.3934335006415844
1789030910354650600,54.79965063476563,0.1701777029633522,0.648074616664648,-0.597945142622292
1789030910364654600,54.809654541015625,0.2868810053706169,0.8300093929171561,-0.856412538935244
1789030910374658600,54.819658447265624,0.3095969873085618,0.8029775936067104,-0.7700538136482238
1789030910384661800,54.82966186523438,0.08083382438570261,0.7872352500736713,-0.3644380000427365
1789030910394665500,54.83966552734375,-0.413710564994812,0.7374561969041824,0.1925163760215044
1789030910404669400,54.84966943359375,-0.5548237937763333,0.5988865151256323,0.5865022498488426
1789030910414673700,54.859673583984375,-0.05011193838566541,0.37035190026164055,0.5614128167778253
1789030910424677600,54.869677734375,0.06906739874631167,0.08600187467336654,0.4851528761789202
1789030910434680600,54.8796806640625,-0.5103177125737071,-0.3159644765138626,0.49532238801568745
1789030910444684500,54.8896845703125,-0.6230138251662254,-0.7078110002249479,0.5341258736625314
1789030910454688500,54.8996884765625,-0.11234247684925794,-0.7897054395794868,0.4638853394836187
1789030910464692500,54.9096923828125,0.47925534257292746,-0.5701069953650236,0.09661474636346101
1789030910474696700,54.91969677734375,0.537808069306612,-0.21037001262009142,-0.3414563529059291
1789030910484699400,54.929699462890625,0.1700555378884077,0.1997393130123615,-0.511658898049593
1789030910494703600,54.93970361328125,-0.13075608541816472,0.39366614035367964,-0.4202601327687502
1789030910504707600,54.94970751953125,-0.26476503515243527,0.20837854654192922,0.02693301511108875
1789030910514711600,54.95971166992187,-0.16615326975286007,-0.18380115464627741,0.23367899201512335
1789030910524715800,54.9697158203125,-0.31140958968847987,-0.47639176983535286,0.3418304469153285
1789030910534718500,54.979718505859374,-0.4529784532830119,-0.8102116365134715,0.15859569398015735
1789030910544722400,54.98972241210937,-0.09058043463528155,-1.0441039790183304,-0.12869009279906748
1789030910554726700,54.9997265625,0.012271744813024997,-1.0394769037395715,-0.12869009279906748
1789030910564730600,55.00973071289062,-0.04409837718456983,-0.8126660439282655,0.018404256218671797
1789030910574734600,55.01973461914063,-0.220760765992105,-0.47987552029788494,0.2550403444737196
1789030910584737500,55.02973754882812,-0.3134551240414381,-0.2736006680369377,0.33458675939738747
1789030910594741500,55.03974145507812,-0.3044187078878283,-0.25725568243563174,0.3171668380409479
1789030910604745700,55.04974584960937,-0.14106149859428405,-0.5006517663449048,0.31891981918811796
1789030910614749200,55.05974926757813,-0.13299275842905045,-0.7859674220949411,0.46078678894639014
1789030910624753200,55.069753173828126,-0.3883899535164237,-0.9884545725107192,0.7785457476615906
1789030910634756400,55.07975634765625,-0.4569312825620174,-1.1191858157485723,1.0171651186883448
1789030910644760300,55.08976025390625,-0.10241378803104162,-1.0678227082580327,0.6894213570535183
1789030910654764300,55.09976440429688,0.25307430509775874,-0.5482078827679157,0.11248422340750694
1789030910664768300,55.109768310546876,0.31184330493062734,0.03940729675889015,-0.42755379690825934
1789030910674772200,55.119772216796875,0.05458820701688528,0.3105535573810339,-0.4071580746114254
1789030910684776200,55.129776123046874,-0.05007599028944969,0.03074994305074215,-0.12942717490196226
1789030910694779400,55.139779296875,0.025941373725235462,-0.4779243862301111,0.23103052333295343
1789030910704783000,55.149783203125,0.2705316358551383,-0.7213777532845735,0.3116068658262491
1789030910714787300,55.159787353515625,0.6281520648375153,-0.4807067104250192,-0.2105284180521965
1789030910724791300,55.169791259765624,0.8222855206668377,0.1534901875346899,-0.7272785017609595
1789030910734795300,55.17979516601562,0.6551371023967861,0.5390905103325844,-0.7887573450744152
1789030910744798200,55.189798095703125,0.32999533995389935,0.4751648583889007,-0.3504571132242679
1789030910754802200,55.19980224609375,0.23730039738267658,0.045854573202133174,-0.08727671691477298
1789030910764806100,55.20980615234375,0.03994534915834665,-0.5177028543889522,-0.2898907085806131
1789030910774810400,55.21981030273437,0.25071897414326666,-0.8243459603279829,-0.34394144771993157
1789030910784814300,55.229814453125,0.2437611178293824,-0.63029755243361,-0.23669395592212675
1789030910794817300,55.2398173828125,-0.06732640029788017,-0.5905196687966585,-0.24109365218579767
1789030910804821200,55.2498212890625,0.5028931155309081,-0.5752881973952054,-0.19359832603931426
1789030910814825200,55.2598251953125,0.6466971908316016,-0.40123862143456934,-0.1550374169766903
1789030910824829400,55.26982934570312,0.8029416455104946,-0.30773908448219295,-0.33810090499818324
1789030910834833400,55.27983349609375,0.7754606411278248,-0.07828910833895206,-0.42414895690083504
1789030910844836400,55.28983642578125,0.705240857475996,0.17662497940659522,-0.3839168997555971
1789030910854840300,55.29984033203125,0.5137865577280522,0.22099954318404197,-0.16924655959308146
1789030910864844300,55.30984423828125,0.32395138361454007,0.09169219526946544,0.021764088040590285
1789030910874848300,55.31984814453125,0.08836801928281783,-0.20244272675216196,0.06477496224939823
1789030910884852500,55.3298525390625,0.01797901654392481,-0.4665297165125608,0.24938100353777407
1789030910894855200,55.33985522460937,0.004956745624542236,-0.6190390763163566,0.39752281578183174
1789030910904859400,55.349859375,0.0005360065728425979,-0.5061638077646493,0.30291707115322347
1789030910914863400,55.35986328125,0.14946575432419776,-0.11867957091629504,0.16722177576720715
1789030910924867300,55.36986743164063,0.1441828454852104,0.36476854717135426,0.13074673306792975
1789030910934871300,55.37987133789063,-0.03828793734014034,0.7199865911871195,-0.004181961859762669
1789030910944874200,55.38987426757812,-0.410601493063569,0.791715610358119,0.16462211466282606
1789030910954878200,55.39987817382813,-0.29018326178640125,0.5610638572096824,0.5850242862507701
1789030910964882400,55.40988232421875,-0.12382511711120604,0.15373217959702015,0.7027870345830917
1789030910974886100,55.41988623046875,0.14683482129871844,0.11280044974982738,0.5504036392465234
1789030910984890000,55.42989013671875,0.006484101322293281,0.30566695438325403,0.47734950895160433
1789030910994893300,55.43989331054688,-0.395271237462759,0.39898119789659975,0.7810545156121254
1789030911004897300,55.44989721679688,-0.46873014916628597,0.22235972562134265,0.9654963062494992
1789030911014901500,55.45990161132813,-0.2585860542565584,-0.01120762271285057,0.8765686072573066
1789030911024905200,55.4699052734375,-0.13503361660689114,-0.228963069409132,0.8229536291867494
1789030911034909200,55.4799091796875,-0.09970832846462727,-0.6025713411182165,0.9347156757995486
1789030911044912400,55.48991235351563,0.1457847277238965,-0.9451882622361183,0.9195698368549347
1789030911054916400,55.49991625976563,0.22401363030821084,-1.0298901602268218,0.9256421425059437
1789030911064920000,55.509920166015625,0.2392185059636831,-0.9028887511670589,0.6395724535182118
1789030911074924300,55.51992431640625,-0.019459318229556082,-0.7020546286553144,0.6310071620076895
1789030911084928300,55.52992822265625,-0.4522609526634216,-0.689509619858861,0.8673615107119083
1789030911094931500,55.53993139648438,0.06336100379824638,-0.6018108781397342,0.7358131058722734
1789030911104935400,55.549935302734376,0.8790227224111556,-0.23918986439108847,0.17254180174618958
1789030911114939100,55.559939208984375,1.5490975739598274,0.3974187708854675,-0.5069102422177791
1789030911124943400,55.569943359375,1.0632277816832065,0.8876777380317449,-0.6904030615672468
1789030911134947300,55.579947265625,0.10790741701126098,0.8136644073158502,-0.5160986340627074
1789030911144950300,55.5899501953125,-0.14256664246022702,0.4842886605650186,-0.05675093800872564
1789030911154954200,55.599954345703125,0.20154548565149305,0.10621814875006676,0.17906155890375375
1789030911164958200,55.609958251953124,0.5013736508786678,-0.17827216209173202,-0.01414776781797409
1789030911174962200,55.61996215820312,0.7721119152218103,-0.1973135471701622,-0.31535102079063654
1789030911184966400,55.62996630859375,0.5920043543964624,-0.20262334401607512,-0.3829059691473841
1789030911194969300,55.63996923828125,0.1397644445210695,-0.3373790204644203,-0.2280544301316142
1789030911204973300,55.649973388671874,0.006744798085093498,-0.655292292958498,-0.036037820325791836
1789030911214977300,55.65997729492187,0.021660043144226072,-1.0451602100729942,-0.0918114377349615
1789030911224981200,55.66998120117187,-0.22836977969110012,-1.0660305641442536,0.1048825162321329
1789030911234985500,55.6799853515625,-0.21905191624760625,-0.7703191865861415,0.1152566107302904
1789030911244988200,55.68998828125,-0.05908171904385089,-0.2656038240641355,-0.1063771387040615
1789030911254992100,55.6999921875,-0.18916765011548994,0.08186930491328238,-0.25055209314376115
1789030911264996400,55.70999633789062,-0.12793985895365476,0.07319266198277473,-0.3242264011636376
1789030911275000300,55.72000024414063,0.5297808301955461,0.08078443228602408,-0.574511367803812
1789030911285004300,55.73000439453125,0.852524007064104,0.39967794798910616,-0.841889800325036
1789030911295007200,55.74000732421875,0.6452215653210878,0.9766530755579471,-0.6307137320190668
1789030911305011200,55.75001123046875,0.4883651162236929,1.378565650731325,-0.3413844567134976
1789030911315015400,55.76001538085937,0.6040811611592769,1.5728689101696014,-0.37488252942860123
1789030911325019400,55.77001928710938,0.41187282817363735,1.5972329515755175,-0.42120238205492494
1789030911335023400,55.7800234375,-0.04107522997111082,1.304718908753991,-0.3861725697278976
1789030911345026300,55.7900263671875,-0.3901993410259485,0.8269687100470066,0.08812193556725978
1789030911355030300,55.8000302734375,-0.16805471946001052,0.2886976994037628,0.3560957036331296
1789030911365034200,55.8100341796875,0.23220891946256159,0.04320201286673546,0.26622984700798985
1789030911375038500,55.82003857421875,0.08245967202186584,-0.0580880318313837,0.19840601858198642
1789030911385042200,55.830042236328126,0.1651288951411843,-0.10343699359893799,0.019706278727948664
1789030911395046100,55.840046142578124,0.23200550584495067,0.025981997996568678,0.05845365027338266
1789030911405049300,55.85004931640625,-0.139386843380332,-0.008217793247103691,0.09706570500135421
1789030911415053300,55.86005322265625,-0.3757213183403015,-0.32861528377234933,0.2609866856575012
1789030911425057500,55.8700576171875,-0.1865729574471712,-0.722868868625164,0.4309051531627774
1789030911435061200,55.880061279296875,0.05845803418755531,-1.0106348401367664,0.31784517569392917
1789030911445064200,55.89006420898438,-0.1373643976420164,-1.0391624309629202,0.4098024516403675
1789030911455068400,55.900068359375,-0.22719956686794757,-0.9585954408198595,0.4203571634024381
1789030911465072400,55.910072265625,-0.050017538100481033,-0.7875964846014976,0.2697276259958744
1789030911475076000,55.920076171875,-0.05685118351280689,-0.672989277690649,0.153150580316782
1789030911485080300,55.930080322265624,-0.3477180436491966,-0.6001099194407463,0.3313017463773489
1789030911495083300,55.940083251953126,-0.612369097033143,-0.6955775415956974,0.763815211519599
1789030911505087500,55.95008740234375,-0.3315069135606289,-0.8165402550131082,0.8250818733870983
1789030911515091200,55.96009130859375,0.10081599744558334,-0.7509703429937362,0.39681963594853875
1789030911525095200,55.97009521484375,0.17845131805092096,-0.4978665195405483,-0.06943769336342812
1789030911535099400,55.98009936523437,0.010477554872632026,-0.1343283909469843,-0.08370178103744984
1789030911545102300,55.990102294921876,-0.4061158720821142,-0.0467903927475214,0.4171656738847494
1789030911555106300,56.000106201171874,-0.4388385765105486,-0.24094752171337602,0.5806435869485139
1789030911565110300,56.0101103515625,-0.2547697108387947,-0.3085620913028717,0.4411550367593765
1789030911575114200,56.0201142578125,-0.10306465315520763,-0.15336334628462792,-0.023184476232528686
1789030911585118200,56.0301181640625,-0.02390752981007099,0.0069838675379753105,-0.5812579194545745
1789030911595121400,56.040121337890625,0.07515782457590103,0.0838122556746006,-0.9588701661080121
1789030911605125000,56.050125,0.051010640791058534,0.09500760342776775,-0.8816168305575847
1789030911615128800,56.06012890625,-0.011053893455862999,0.06795651489496231,-0.45758419351279733
1789030911625132800,56.0701328125,0.03607259937822819,-0.02877951976060867,-0.2089163066804409
1789030911635136800,56.08013671875,0.2730398192837834,-0.03694295247197151,-0.28410335735082626
1789030911645139700,56.0901396484375,0.5229413395643234,0.08101181130111217,-0.3582090425252914
1789030911655143700,56.10014379882813,0.6038426762282848,0.08111819428503513,-0.35271921293735503
1789030911665148000,56.11014794921875,0.6670519965961575,-0.10598667808175086,-0.4038403283655643
1789030911675152000,56.12015185546875,0.48575376468151804,-0.3367991747498512,-0.023335282880067823
1789030911685155800,56.13015576171875,0.33725627086758614,-0.7896031482487916,0.18245324716866015
1789030911695158800,56.14015869140625,0.38758389783054586,-1.0516104091256857,0.3809744165629148
1789030911705162800,56.15016284179688,0.4475967602446675,-0.8102285876482724,0.3838683844387531
1789030911715166700,56.160166748046876,0.3260805045977235,-0.26568039643168445,0.17593641262054444
1789030911725171000,56.1701708984375,0.08344225331842899,0.005007014507055282,-0.10780220307111739
1789030911735175000,56.1801748046875,0.11621230401992798,-0.07237550038099289,-0.4207990619510412
1789030911745177900,56.190177734375,-0.025329087045788762,-0.14580138659775257,-0.1348369249910116
1789030911755181800,56.20018188476563,-0.04895955348014831,-0.6056634619146585,0.004073533049225807
1789030911765185800,56.210185791015626,0.20464403618872165,-1.0669646301239728,-0.21260288623869417
1789030911775189800,56.220189697265624,0.4547708896577358,-1.0635352401971816,-0.24048107324540613
1789030911785193700,56.23019384765625,0.4510024770349264,-0.6730120740443468,-0.005369418078660965
1789030911795196700,56.24019677734375,0.14615326877534388,-0.5970201367318629,0.19444062208235263
1789030911805201000,56.250200927734376,0.28047815259099007,-0.5457125588208437,0.3610235154241323
1789030911815204900,56.260204833984375,0.42734161546230315,-0.2979121024727821,0.24730828891694545
1789030911825208800,56.270208740234374,0.489304735161364,0.11231938823461532,0.09358663071393966
1789030911835212800,56.280212890625,0.32023645474463697,0.48340720155537126,0.0447860671877861
1789030911845215700,56.2902158203125,0.012433072854578495,0.6362871482372283,0.187779995149374
1789030911855220000,56.300219970703125,-0.05409925445616245,0.4686000930458307,0.313472075176239
1789030911865224000,56.310223876953124,-0.06829495306909084,0.20620821676552295,0.4123369385540485
1789030911875227600,56.3202275390625,-0.3189221572756767,-0.12479659249186516,0.5010930803716183
1789030911885231600,56.33023168945312,-0.4531421194121241,-0.3999544268429279,0.6053127487808465
1789030911895234800,56.34023486328125,-0.5509948831379413,-0.5003443078309298,0.6591974837034941
1789030911905238800,56.35023876953125,-0.22318623957335948,-0.43630701220631596,0.4754407527208328
1789030911915243000,56.36024291992187,0.2845391184195876,0.13959434865117074,0.4459866946995258
1789030911925246700,56.37024682617187,0.13843465722203255,0.7407727741062641,0.5107797771275043
1789030911935250700,56.38025073242188,-0.4813420857191085,0.8539233524680138,0.7108888002350926
1789030911945254000,56.39025390625,-0.9562585223048925,0.4856324763894081,1.1220537724003194
1789030911955257900,56.4002578125,-0.5689458426311612,-0.0063292030215263365,1.0832093702211976
1789030911965261800,56.41026171875,0.18325404215753077,-0.11236731902956962,0.584168546204269
1789030911975265800,56.42026586914063,0.46737610420882697,0.2970838349550962,0.32408640817105766
1789030911985269800,56.43026977539063,0.19883681121468544,0.5582318486541509,0.1904877928033471
1789030911995273000,56.44027294921875,-0.1302969434738159,0.4760620994895696,0.42509091392606496
1789030912005276700,56.45027661132813,-0.07033376542031765,0.11808803476393222,0.6375739731773734
1789030912015280600,56.46028076171875,0.4212532354593277,-0.2792594244509935,0.570568767657876
1789030912025284900,56.47028491210938,0.8429986383497714,-0.5483288787990808,0.34917584124207496
1789030912035288800,56.48028881835938,0.7929641491144895,-0.5952975507229566,0.3011591215699911
1789030912045291800,56.49029174804687,0.417457350307703,-0.4739724337339401,0.5101195596531033
1789030912055295700,56.50029565429688,0.34016660535633564,-0.27108605486750603,0.4606353977769613
1789030912065299700,56.5102998046875,0.5641141846910118,0.10553308909535407,0.23694559259563683
1789030912075303700,56.5203037109375,0.5726689548075199,0.4190010726183653,0.043830666159093375
1789030912085308000,56.530307861328126,0.4480407046198845,0.49186114164590833,0.0046510406762361525
1789030912095310600,56.540310546875,0.34814094523638484,0.3832558054983616,0.11875205163061618
1789030912105314800,56.55031469726563,0.26655805604904886,0.2490185999661684,0.30078152042925355
1789030912115318800,56.56031884765625,0.11296849979311227,-0.02797521764039993,0.2576902744606137
1789030912125322800,56.57032275390625,-0.10589140101373196,-0.4592833986461162,0.22967414028793573
1789030912135327000,56.580326904296875,-0.2759001771509647,-0.9589917466610669,0.24279519540667532
1789030912145329700,56.59032958984375,0.09935644628703594,-1.252080959022045,-0.01104249527901411
1789030912155333600,56.600333740234376,0.3296253375977278,-1.1428928545504808,-0.2769949866503477
1789030912165337900,56.610337890625,0.23783728073835372,-0.8695680808454751,-0.4376473208993673
1789030912175341800,56.620341796875,0.14560206463336944,-0.5957242517024278,-0.7302291682600974
1789030912185345800,56.630345703125,0.2563198628902435,-0.3395885132074356,-0.9692162035554647
1789030912195348700,56.6403486328125,0.4473047915607691,-0.03766892865896225,-0.8953215307831763
1789030912205352700,56.650352783203125,0.37344519010186195,0.2849702033132315,-0.6418064961805939
1789030912215357000,56.66035693359375,0.5411074031129479,0.6404518667012453,-0.46381285876929756
1789030912225361000,56.67036083984375,0.5797919385552406,0.9891846403509378,-0.3046373190745711
1789030912235363800,56.68036376953125,0.34912118844538925,1.1403145284950733,-0.05694499927610159
1789030912245367800,56.690367919921876,0.12701485306322574,0.9847826059997081,0.2790045729070902
1789030912255371800,56.700371826171875,0.11214461618959903,0.7894453273385763,0.34479923359304665
1789030912265375700,56.71037573242187,0.22814415424168108,0.7032289331316948,0.24899814170002935
1789030912275380000,56.7203798828125,0.46776744161397216,0.8053460763037205,-0.009294190306961535
1789030912285382700,56.730382568359374,0.6350406553074717,1.104210364934802,-0.33339111987203357
1789030912295387000,56.740386962890625,0.5483002372264861,1.2723942637324333,-0.47683980586379765
1789030912305390800,56.750390869140624,0.1768941517367959,1.2187643803536892,-0.33742958160787817
1789030912315394800,56.76039477539062,-0.12170125682502984,1.0844213763594626,-0.016625848369300363
1789030912325398800,56.77039868164063,-0.19944442171901464,0.8846703729093074,0.14023381559848785
1789030912335401700,56.780401611328124,-0.39894817240983244,0.5875409452468157,0.36863399042785167
1789030912345405700,56.79040576171875,-0.5269838929533958,0.01438566822707653,0.4690989824786782
1789030912355410000,56.80040991210937,-0.11717939548641443,-0.5891109710425139,0.22585516652166843
1789030912365414000,56.81041381835937,0.15291764834374189,-0.9474854332625865,-0.05251549239605665
1789030912375417600,56.82041748046875,0.2217477312028408,-0.9869576119512319,-0.23153233537524937
1789030912385420800,56.8304208984375,-0.12413462145179509,-0.8192915995478629,-0.1571916724011302
1789030912395424800,56.8404248046875,-0.5561702399492263,-0.7816063042759895,0.07578238621503114
1789030912405429000,56.85042895507812,-0.5125330505356193,-0.8247218079030513,0.21755875508040187
1789030912415432700,56.8604326171875,-0.2912219571843743,-0.7681868507325649,0.46232291247248647
1789030912425436700,56.87043676757813,-0.16338468182235955,-0.5985767185240983,0.4319230980336666
1789030912435439900,56.88043994140625,-0.3061670128598809,-0.23054186303317545,0.5082803615272045
1789030912445443800,56.89044384765625,-0.47644905298054213,-0.02116612214744091,0.5929740762114525
1789030912455447800,56.90044775390625,-0.3680556060180068,-0.10690087031722068,0.26565000129342076
1789030912465451800,56.91045166015625,-0.25604133820980784,-0.17998364218473434,0.1635880954399705
1789030912475455700,56.920455810546876,-0.27245822000354525,-0.25979133839309215,0.22399901726096869
1789030912485459000,56.930458984375,-0.6617579818412661,-0.3906289646148681,0.4780994505360722
1789030912495463000,56.940462890625,-0.7401061268910766,-0.7181126140087842,0.691702745988965
1789030912505466600,56.950466552734376,-0.38169425527006384,-0.9982137499809265,0.41265024228692054
1789030912515470800,56.96047094726563,-0.19251111532449722,-0.9172855253100395,0.1366366678893566
1789030912525474800,56.970474853515626,0.03702741588503122,-0.46995384574234483,-0.040115152767300606
1789030912535477800,56.98047778320313,0.27043548200428486,0.22948154032528398,-0.23874738132059573
1789030912545481700,56.99048168945313,0.08999532822370529,0.7516010421127081,-0.2492921562105417
1789030912555485700,57.000485595703125,0.20196458784639834,0.6985778924554586,-0.32824469689428803
1789030912565489700,57.01048974609375,0.4404439658805728,0.17119769366085527,-0.32316987784802914
1789030912575492900,57.02049291992188,0.5311316602826118,-0.49643619447648524,-0.26423838092982765
1789030912585496800,57.03049682617188,0.5828732456967234,-1.0179682517647743,-0.009722937113046646
1789030912595500800,57.040500732421876,0.6265165725901722,-1.2937386650562286,0.39778117445707317
1789030912605504800,57.0505048828125,0.7342544782534242,-1.2329729384481907,0.290963306248188
1789030912615509800,57.060509765625,0.8237982633173465,-0.8050380332678556,-0.03346387818455696
1789030912625513000,57.070512939453124,0.7312365917369723,-0.367324076873064,-0.4729220478981733
1789030912635517000,57.08051684570312,0.6493471208184957,-0.044265258184075354,-0.9986942269742488
1789030912645521000,57.09052099609375,0.2383434766948223,0.12944646412432192,-0.9503349774748087
1789030912655524600,57.10052465820313,-0.19055442829877137,-0.01583002181649208,-0.7041185754477978
1789030912665528800,57.11052880859375,-0.2609764565244317,-0.3082774291425943,-0.3799783912628889
1789030912675531800,57.12053173828125,-0.4530012496367097,-0.5171750311225652,-0.3520890983402729
1789030912685536000,57.13053588867187,-0.3659013505935669,-0.5317535915732383,-0.6230962427526712
1789030912695540000,57.1405400390625,-0.4843929977223277,-0.5967074175208806,-0.5466635759353637
1789030912705543700,57.15054370117188,-0.34231618460565805,-0.8470721713989973,-0.5998626666814089
1789030912715548000,57.1605478515625,-0.15430471878796814,-0.9356979648351669,-0.5396475596934557
1789030912725550800,57.17055078125,-0.10697656590193509,-1.0125123244464398,-0.296401697909832
1789030912735554800,57.18055493164063,0.20868162114173172,-0.7629407667726278,-0.3365069138050079
1789030912745558800,57.19055883789063,-0.030643267805874345,-0.42182898952066894,-0.4069336182057857
1789030912755562800,57.200562744140626,-0.03996405385881662,-0.2130938846260309,-0.3437847958534956
1789030912765566700,57.210566650390625,-0.07337883220463991,0.0477314729899168,-0.023214871370792388
1789030912775570000,57.22056982421875,-0.04684387650042772,0.13284779700040816,0.07415069335997104
1789030912785573600,57.23057373046875,-0.034983342836797236,0.02567512400448322,-0.06538987927734852
1789030912795577900,57.24057788085938,0.051127252908051014,-0.10960720666646957,-0.05411971272230148
1789030912805581800,57.250581787109375,0.041840076863765716,-0.18260931451320647,0.12857377294301986
1789030912815585000,57.2605849609375,0.08849486053287982,-0.1452864228129387,0.18983342054784297
1789030912825589000,57.27058911132813,0.13911065678745507,0.016181903994083403,-0.06524959402382373
1789030912835592700,57.2805927734375,-0.02031739636361599,0.2396948913037777,0.07799655513316392
1789030912845596700,57.2905966796875,-0.29815935523211956,0.1534632995277643,0.4471159909904003
1789030912855601000,57.300600830078125,-0.49681788727045056,-0.1251911447674036,0.7471426013991236
1789030912865603800,57.31060375976563,-0.6691326022624969,-0.3653086453974247,0.8501371119275689
1789030912875607800,57.32060791015625,-0.6937555868655443,-0.4929594582766294,0.8218143960237503
1789030912885611800,57.33061181640625,-0.2935246811687946,-0.3212614138782024,0.8385229542404413
1789030912895615700,57.34061572265625,0.2773474533498287,0.21267127529978752,0.6566469224378466
1789030912905620000,57.350619873046874,0.15367022027671337,0.7752613191634417,0.5419245647147297
1789030912915623000,57.360622802734376,-0.36999943356215953,0.8935171117097139,0.5031780699521303
1789030912925627000,57.370626953125,-0.7066001631304621,0.5401853198319673,0.6805418850272894
1789030912935630800,57.380630859375,-0.46438101404607296,-0.02747194429337978,0.6286041925191879
1789030912945634800,57.390634765625,-0.1505535495609045,-0.3611392507582903,0.5170192560389638
1789030912955638800,57.400638671875,0.03428717726618051,-0.309128493013978,0.3107046562895179
1789030912965641700,57.410641845703125,0.3305728475809097,-0.07222878538668155,-0.10925006379187106
1789030912975645700,57.420645751953124,-0.05974690495431423,0.15921557944417,-0.19217267715036868
1789030912985650000,57.43064990234375,-0.3498138468846679,0.27321605263352394,-0.07167670446187258
1789030912995654000,57.44065380859375,-0.3305541428804397,0.4386187962800264,0.14453823479413985
1789030913005657900,57.45065795898437,-0.5929243918508291,0.5126864875316619,0.5376742137938737
1789030913015660800,57.460660888671875,-0.3345002501577139,0.4321773650556803,0.45935441805571314
1789030913025664800,57.47066479492187,-0.25095219837725163,0.3626630993247032,0.36973230705857274
1789030913035668700,57.48066870117187,-0.4408955090403557,0.21196751094460486,0.4182391483351588
1789030913045673000,57.4906728515625,-0.34953239959478377,0.11889759758114814,0.44424803433865306
1789030913055675600,57.50067553710937,-0.41892888416498897,0.055711950349807735,0.34962007787823673
1789030913065680000,57.510679931640624,-0.4358028620764613,-0.056170215511322015,0.07178747135996819
1789030913075683800,57.52068383789062,-0.18285364466309548,-0.265470553073287,-0.33408231700658797
1789030913085687800,57.53068774414062,0.16835457918941973,-0.7002040323525667,-0.7466969034582376
1789030913095692000,57.54069213867187,0.14052403071671724,-1.069390980488062,-1.2300146731644868
1789030913105694700,57.55069482421875,0.028075170883536338,-1.1736644249111414,-1.209637363307178
1789030913115698700,57.56069873046875,0.20773323437571525,-1.1262146914720534,-0.7855661478176712
1789030913125703000,57.57070288085937,0.3758785547286272,-0.9671557638943195,-0.7156713583365082
1789030913135707000,57.58070678710938,0.15646277360469102,-0.6948071417450904,-0.6014014205560088
1789030913145710800,57.5907109375,-0.15274199951589107,-0.3739677526712417,-0.36815175986886023
1789030913155713800,57.6007138671875,0.22454817557632922,-0.0519447067707777,-0.39780601663738485
1789030913165717800,57.6107177734375,0.6986603100419044,0.2625678173691034,-0.7723185437098145
1789030913175722000,57.62072192382813,0.5872539449989795,0.5585159262925387,-0.8183575335681438
1789030913185726000,57.63072583007813,0.10168985767066478,0.8002104669809341,-0.3912280995517969
1789030913195729000,57.64072900390625,0.029919629706442356,1.006683472162485,-0.3260205911040306
1789030913205732900,57.65073291015625,0.1291559567451477,1.1544172881275414,-0.38310704467743634
1789030913215736800,57.66073681640625,0.2838248326703906,1.3441010710716246,-0.43273587572127575
1789030913225740800,57.67074072265625,-0.019175825113058088,1.482407133477926,-0.22838556178212163
1789030913235745000,57.6807451171875,-0.45359804648607965,1.373283910936117,0.045400984215736385
1789030913245747700,57.69074780273438,-0.4203843436703086,1.0925959149867295,0.3463476320788264
1789030913255752000,57.700751953125,-0.18839958835244178,0.7834042936086654,0.3256272078722715
1789030913265756000,57.710755859375,-0.0908358707010746,0.6356646324247122,0.16068974364995955
1789030913275759900,57.720759765625,-0.640234132297337,0.5415016631275416,0.20410423022359608
1789030913285763800,57.730763916015626,-0.9704755559667945,0.3659393445163965,0.36270255455225703
1789030913295766800,57.74076684570313,-0.9591548282682895,0.11894903550744056,0.4786944938197732
1789030913305770800,57.75077075195313,-0.613226882906258,-0.25209786128103734,0.24129268188923597
1789030913315775000,57.76077490234375,-0.24633827484101056,-0.5821978306531905,0.03580956452786922
1789030913325778700,57.77077880859375,-0.19520079279989003,-0.7815040129452944,0.1662117219418287
1789030913335782700,57.78078271484375,-0.18627075963020323,-0.845606775021553,0.3441249875932932
1789030913345785900,57.79078588867188,-0.3417608888104558,-0.7890963677704333,0.4121832092970609
1789030913355789800,57.800789794921876,-0.2922559764072299,-0.6153875680714845,0.24342180287241935
1789030913365794000,57.8107939453125,-0.3142883599951863,-0.41865386661589143,0.07209726796150207
1789030913375797800,57.8207978515625,-0.5841407814145088,-0.46242812641263004,0.3846770704731345
1789030913385801000,57.83080102539063,-0.6230114870786666,-0.8204764254182577,0.9135428316503763
1789030913395805000,57.840804931640626,-0.3394824224844575,-1.2650970924615859,1.248024669368565
1789030913405809000,57.850808837890625,0.06842033301442861,-1.3030804938971996,0.8935469223260879
1789030913415812600,57.8608125,0.12381430345624685,-0.7978226950615644,0.28640871168375015
1789030913425816800,57.87081689453125,0.08639818051457404,-0.21564123102128505,-0.3831903390467167
1789030913435819800,57.88081982421875,-0.13162439268529413,0.14832418307363987,-0.6492103426963091
1789030913445824000,57.890823974609376,-0.2672387317895889,0.15775719732940197,-0.3890361424654722
1789030913455828000,57.900827880859374,-0.2224418509468436,-0.15971359209418295,-0.019619477227330206
1789030913465831700,57.91083178710937,0.05848521445542573,-0.5854413426190614,0.09638473699986934
1789030913475836000,57.9208359375,0.19758622663170097,-0.8858189584225415,-0.04630465505719185
1789030913485838800,57.9308388671875,0.48279666844159363,-0.9715227269321679,-0.30315993999838825
1789030913495842800,57.9408427734375,0.7750801173776388,-0.7868968118995427,-0.41688159624636173
1789030913505846800,57.9508466796875,0.8913502890646458,-0.40194706196486946,-0.3512134845495224
1789030913515850800,57.96085083007812,0.9616188802942633,0.04304185386896133,-0.20693945364952085
1789030913525854000,57.97085400390625,0.9042226301193237,0.21508827331364153,-0.30665012020170684
1789030913535858000,57.98085791015625,0.7897723673358559,-0.016301146459579467,-0.6266057121783495
1789030913545861600,57.99086157226562,0.7421174667134881,-0.40318449480533597,-0.8514613462686538
1789030913555865900,58.00086596679687,0.9581628946214914,-0.5508025754362345,-1.065688618838787
1789030913565869800,58.01086987304687,0.5310466123476624,-0.4218798429250717,-1.06169165815711
1789030913575873000,58.020873046875,-0.04632745141088962,-0.394890713712573,-0.7395283270031213
1789030913585877000,58.030876953125,-0.4658931721746921,-0.40570319962799545,-0.07640694785416126
1789030913595880700,58.04088061523437,-0.27884938234537837,-0.41117198642790315,0.20872575254440306
1789030913605884700,58.050884765625,-0.12263356923907995,-0.19246669166088104,0.03941431102156639
1789030913615888100,58.06088818359375,-0.14794102897495032,-0.10200549949109554,-0.44542613820731636
1789030913625891000,58.07089111328125,0.3084697368443012,0.03836217162013054,-0.6351496686398983
1789030913635895000,58.08089501953125,0.4959527948737144,0.13614859211146832,-0.6323404564380646
1789030913645899000,58.09089892578125,0.7500850845918059,0.06742752258479595,-0.40429216378629207
1789030913655903000,58.100903076171875,0.6200339325726032,-0.1439519593387842,0.060091772869229315
1789030913665906000,58.11090600585938,0.23552578892558812,-0.480524339595437,0.49631286035776134
1789030913675910000,58.120909912109376,0.07503098332583903,-0.7885165220558643,0.638156449240446
1789030913685914000,58.1309140625,0.26882424741536376,-0.8335083409488201,0.3998100499361753
1789030913695918000,58.14091796875,0.4619909040391445,-0.5062713597923517,0.027933716586232185
1789030913705922000,58.150922119140624,0.22509002736806868,-0.0719908849775791,-0.02238952646255493
1789030913715925000,58.160925048828126,-0.09048749565482139,0.0038800563037395476,0.25262977620065213
1789030913725929000,58.170928955078125,-0.15743921742141245,-0.21189093857705593,0.6010188509792089
1789030913735933200,58.18093310546875,-0.13177782968133686,-0.5322796612739563,0.8591255972862243
1789030913745937200,58.190937255859374,-0.018904022434353827,-0.7544003174424171,0.8773515743285417
1789030913755941000,58.20094116210937,-0.0498924504160881,-0.9283926102578639,0.8291846325308084
1789030913765944000,58.210944091796875,-0.3180862909734249,-1.0263514647066592,1.1389894173711537
1789030913775948000,58.220947998046874,-0.32944822746515273,-0.9703168582737445,1.4804671053260563
1789030913785952000,58.23095190429687,-0.0455003529369831,-0.6481260545909404,1.4358727613180875
1789030913795956200,58.240956298828124,-0.03907470380365848,-0.22844927466809747,1.0392693984687327
1789030913805959000,58.250958984375,-0.19896394472569226,0.25165537821054457,0.9035667965590953
1789030913815963100,58.260963134765625,0.0008978256225585938,0.6198807878375053,0.6878548383891582
1789030913825967000,58.27096704101562,0.16939093649983405,1.0178928484410046,0.27309388755857944
1789030913835971000,58.28097119140625,-0.03716331722438335,1.2907657867252826,-0.026921032412350176
1789030913845975000,58.29097509765625,0.19687924740612506,1.4257009113937615,-0.3507634026944637
1789030913855978000,58.30097802734375,0.7166156534492969,1.6006997509032488,-0.6331318990767002
1789030913865982000,58.31098193359375,0.7448661808997392,1.6584762325674294,-0.8247416816473007
1789030913875986200,58.32098608398437,0.23721797979623077,1.5526245790421962,-0.7192150222927332
1789030913885990100,58.330990234375,-0.3966039473712444,1.170212823152542,-0.26821254525780674
1789030913895993900,58.34099389648438,-0.19970365717709063,0.540333203870058,-0.24894056629389524
1789030913905997000,58.3509970703125,0.43435587813854215,0.3475526239544153,-0.3586377893313765
1789030913916001000,58.3610009765625,0.3923270007044077,0.3347042482972145,-0.33318303007930516
1789030913926005200,58.37100512695312,0.2751391296505928,0.27171733850836755,-0.15714344934523106
1789030913936009000,58.38100903320313,-0.2403080547660589,-0.09761398653388023,0.336939460003376
1789030913946012000,58.39101196289062,-0.615536036631465,-1.028780153158307,0.872116011762619
1789030913956016000,58.40101611328125,-0.6856605432152748,-2.0391998892396686,1.4781661349073052
1789030913966020000,58.41102001953125,-0.48601241561770436,-2.9194495230972763,1.7350418781146406
1789030913976024000,58.42102416992188,-0.14680734876990317,-3.3858319400936363,1.7777233742386103
1789030913986028000,58.43102807617188,-0.19064882858395577,-3.55555897668004,2.013384479981661
1789030913996031000,58.44103100585937,-0.24671909085214136,-3.490138702264428,1.8626140727996825
1789030914006035200,58.45103515625,-0.07123159104287624,-2.9981103873580692,1.1954086392074823
1789030914016039200,58.4610390625,0.19366583831757306,-2.2740526012092825,0.2327536938637495
1789030914026043000,58.47104296875,0.533037493903935,-1.2367203082829714,-0.6465852548897266
1789030914036046000,58.48104614257812,0.9328250397473573,0.02863572737574577,-1.5736556766331196
1789030914046050000,58.49105004882812,1.1111457171559334,1.1209919883877038,-2.11391903013736
1789030914056054000,58.50105395507813,0.9848600551500916,1.8616870210826395,-2.0637737740039825
1789030914066058200,58.51105834960938,1.176889524437487,2.2713620469510554,-1.943824913804233
1789030914076062000,58.52106201171875,1.3064616607680917,2.637795896986127,-1.7174843018531798
1789030914086065200,58.53106518554687,1.0719622922807932,2.990632014301419,-1.46125094820261
1789030914096069000,58.54106909179688,1.0760735269919037,3.359459481474757,-1.4178472752839326
1789030914106073000,58.55107299804688,1.1552084385052324,3.877038417223096,-1.569040584053099
1789030914116077000,58.5610771484375,1.131409629766643,4.186220686250925,-1.6997399708479641
1789030914126081000,58.5710810546875,0.4240262073040008,3.721876497083902,-1.3378192143231629
1789030914136084000,58.581083984375,-0.0756511610507965,2.8449779272198676,-0.7345058226659894
1789030914146088200,58.59108813476563,-0.16557254725545645,1.958521255415678,-0.21939386155307292
1789030914156092000,58.601091796875,0.10198650252968072,1.0119546905636787,0.146910224622488
1789030914166096000,58.611095947265625,0.4156663752377033,0.23662089068591594,0.19557371776551008
1789030914176099000,58.62109912109375,0.1029699606090784,-0.5698030439823866,0.10607084923386573
1789030914186103000,58.63110302734375,-0.545389318215847,-1.5350591117352246,0.14057634542584418
1789030914196107300,58.641107177734376,-0.8045391438350081,-2.6201182014763353,0.6326815249606966
1789030914206111000,58.651111083984375,-0.9037161419019103,-3.7717607641935347,1.4358993570640681
1789030914216115000,58.661114990234374,-0.6362643518835306,-4.56310987932682,1.8850573752760886
1789030914226118100,58.6711181640625,-0.5464724372774362,-4.433503840726614,1.8778750625565648
1789030914236122000,58.6811220703125,-0.47565059607923027,-3.566818621841073,1.4295993801370261
1789030914246125800,58.691125732421874,-0.5033160171180964,-2.244685636949539,1.0891942898496985
1789030914256130000,58.701130126953124,-0.44993338649868964,-1.0908511171460151,0.7896873194009065
1789030914266133000,58.71113305664063,-0.40944998494088647,-0.5071545723676681,0.7672510311871766
1789030914276137200,58.72113720703125,-0.33766631297320127,-0.3459931195527315,0.7890627577617764
1789030914286141200,58.73114111328125,-0.09478460832685232,-0.3677221362799406,0.5529302351146936
1789030914296145000,58.74114477539062,0.1954185272037983,-0.31102468202412126,0.05788695630133152
1789030914306149000,58.751149169921874,0.3668228493526578,-0.07354922033548354,-0.591369271363318
1789030914316152000,58.761152099609376,0.3476598837211728,0.35514439425766464,-1.2512985764726996
1789030914326156000,58.771156005859375,0.04119710278511047,0.7923129917293786,-1.318696872963011
1789030914336160000,58.78115991210937,0.04863017539530992,0.9269219531834125,-1.026734326544404
1789030914346164000,58.7911640625,0.3291819777444005,0.9118389503419398,-0.8481839320331811
1789030914356167200,58.801167236328126,0.4334676971271634,1.012505894705653,-0.8968523936122655
1789030914366171100,58.811171142578125,0.3762707689166069,1.1306155567795038,-0.9269131853550672
1789030914376175000,58.821175048828124,0.3986190865859389,1.1543009682714938,-0.9275853855282068
1789030914386179000,58.83117895507812,0.41374797439575195,1.1467711572885513,-0.7601058356076479
1789030914396183000,58.84118310546875,0.20767273636013267,0.9720312609761953,-0.35959786653518677
1789030914406186000,58.85118603515625,0.07746317890882491,0.49434769776463505,0.2501145785093307
1789030914416190200,58.861190185546874,0.2994809592247009,-0.15427695399820804,0.27823125044703484
1789030914426194000,58.87119384765625,0.3928700215399265,-0.8035644535839557,0.055309799289703365
1789030914436198000,58.88119799804687,0.3185913178861141,-1.3642998094916343,0.15913374637961386
1789030914446202000,58.8912021484375,0.23742110115289686,-1.81793321955204,0.5484761783152818
1789030914456205000,58.901205078125,0.06623012949377298,-1.9616642296165228,0.8429998073935508
1789030914466209000,58.911208984375,-0.18346651586443186,-1.7758564113229511,1.0380366418033837
1789030914476213000,58.921212890625,-0.2291723282456398,-1.7564882785081863,0.8659586581766605
1789030914486217000,58.93121704101563,0.05813216323405504,-1.597422336667776,0.45151276464462275
1789030914496220200,58.94122021484375,0.16719342645555735,-1.0025035561293363,-0.016342062991857528
1789030914506224000,58.95122412109375,-0.2930953498408198,-0.5273422048717736,-0.2701145794868469
1789030914516227800,58.96122778320313,0.06109335112720728,-0.2288666232973337,-0.06975918040275574
1789030914526232000,58.97123217773437,0.07188800912499427,0.12519056024551392,0.0011111761122941971
1789030914536236000,58.98123608398438,-0.19574089102596043,-0.044160044243931766,-0.1944727707862854
1789030914546239200,58.9912392578125,0.06680383772850036,-0.2666957109540701,-0.3086310648858547
1789030914556243000,59.00124291992187,0.317575126580894,-0.3384288217782974,-0.6094406423658132
1789030914566247000,59.01124682617188,0.4215086715251207,-0.13339315592348575,-0.7181786649823189
1789030914576251100,59.02125122070313,0.43912908388972277,0.0979068320006132,-0.7106190433830022
1789030914586254000,59.03125415039062,0.3910650179445743,0.35267771188318725,-0.6888397577732801
1789030914596258000,59.04125805664062,0.3735436820402741,0.5753723685473203,-0.6316647491335868
1789030914606262000,59.05126196289063,0.13925883308649062,0.6213549520432948,-0.34217794517874717
1789030914616266000,59.06126586914063,-0.24356851786673067,0.36968554530739783,0.029409049835801122
1789030914626270000,59.07127001953125,-0.2350873975083232,-0.0879775586605072,0.2014127991825342
1789030914636273200,59.08127319335937,-0.04765373157858848,-0.33856326181292534,0.3014993133097887
1789030914646277000,59.09127709960938,-0.08804945485293865,-0.39776246975660323,0.4718330836176872
1789030914656281000,59.10128100585938,-0.18851269333809614,-0.4388672180831432,0.7431424258470535
1789030914666285000,59.11128515625,-0.31980361628532405,-0.5343085367530584,1.0188871201753615
1789030914676289000,59.1212890625,-0.11255027438104152,-0.6011515374481677,0.9895055428683757
1789030914686292200,59.13129223632812,0.03092062344253063,-0.3042693625450134,0.6875964797139167
1789030914696296000,59.1412958984375,-0.12947276760935783,0.08466799572110176,0.5985784720897674
1789030914706300000,59.1512998046875,-0.34883214237093924,0.299307356223464,0.6650994012236595
1789030914716304100,59.16130419921875,-0.5802671548515558,0.2101362038642168,0.8280728718966245
1789030914726307000,59.17130712890625,-0.37211131114959717,0.03361410031020641,0.7891068891644477
1789030914736311300,59.18131127929688,-0.11987725626826286,0.0761912592768669,0.6655389616847038
1789030914746315000,59.19131494140625,-0.07423369546830653,0.1702946073412895,0.6129983348473906
1789030914756319000,59.201319091796876,-0.04069149135053157,0.20056465792059897,0.3764119309529662
1789030914766322200,59.211322265625,-0.15328677391707896,0.16139993774592876,0.19097236144989727
1789030914776326100,59.221326171875,-0.204184601983428,0.1541828459739685,0.1960053871810436
1789030914786330000,59.231330078125,-0.3494084809541702,0.20936755757927894,0.5073793210342527
1789030914796334000,59.241333984375,-0.17932780862450598,0.1998527102589607,0.8802820748224854
1789030914806338000,59.251338134765625,0.45899055317938325,0.3355582347780466,0.6038742404103279
1789030914816341200,59.26134130859375,0.5726549262821674,0.5191852019011974,0.21394348719269035
1789030914826345200,59.27134521484375,0.39511633916199207,0.29740590651631355,-0.01448328338265419
1789030914836349000,59.281348876953125,0.44007630161195993,-0.0058627545535564415,-0.06956073522120713
1789030914846353200,59.291353271484375,0.3409311599880457,-0.1807347528129816,-0.010001754054427147
1789030914856356000,59.30135620117188,0.4517325448751449,-0.12092647306025027,-0.16124182457476854
1789030914866360000,59.311360107421876,0.4532838659703731,0.1981453218191862,-0.1888534695997834
1789030914876364000,59.321364013671875,0.21870763285458086,0.2717483181685209,-0.15516542727053165
1789030914886368000,59.331367919921874,0.45063305920064445,0.3222732212692499,-0.11020371125489473
1789030914896372000,59.3413720703125,0.5200555549949407,0.37787586602568624,-0.03928688524961471
1789030914906375200,59.35137524414063,0.23626667042076585,0.14668167656362055,0.15983780299574135
1789030914916379000,59.36137890625,-0.08856324959397316,-0.43739831457436085,0.4678147878870368
1789030914926383000,59.371383056640624,-0.0030178865164518353,-0.9984265159487724,0.5953071953341365
1789030914936387000,59.38138696289062,0.4525476606503129,-1.163640459024906,0.11594137812405823
1789030914946390300,59.39139038085938,0.5138336117401718,-0.9619833296924829,-0.3565712121903896
1789030914956394200,59.401394287109376,0.22070728223919867,-0.7404150467097759,-0.5330065142437815
1789030914966398000,59.41139794921875,0.07106967847943306,-0.45107378870546816,-0.3852899416744709
1789030914976402000,59.42140185546875,0.09162614429593086,-0.1481833132982254,-0.09599398411661386
1789030914986406100,59.43140625,0.19253215811252594,0.07666939818263054,0.13869593850672243
1789030914996409000,59.4414091796875,0.5318126282840967,0.1450941151112318,0.04892155955731869
1789030915006413000,59.4514130859375,0.9129413586258888,0.23442484194636343,-0.14046353270113468
1789030915016417000,59.4614169921875,0.6832751093834638,0.3973632413059473,-0.19772592736333608
1789030915026421000,59.4714208984375,0.41816140692383047,0.5025830266684294,-0.04147796555310487
1789030915036424200,59.481424072265625,0.2852911058306694,0.6332815366804599,0.13725392300486564
1789030915046428200,59.49142822265625,0.4402145410388708,0.797614605268836,-0.04831482583582401
1789030915056432000,59.50143212890625,0.4372589061036706,1.0229583151370287,-0.12162030054330825
1789030915066436000,59.51143603515625,0.18146949682831764,0.9580518354624509,-0.32444822722077366
1789030915076440000,59.52144018554687,0.19205285016298293,0.8811281702578068,-0.446213781453669
1789030915086443300,59.531443359375,0.18861761501729488,0.7580015568047761,-0.4595981636837125
1789030915096447000,59.54144702148437,0.2522691261947155,0.7781675619989633,-0.46631870411038395
1789030915106451000,59.55145092773437,0.12517360911071299,0.8322305760979652,-0.1546595235750079
1789030915116455200,59.561455078125,-0.10967851833701132,0.5709270795762539,0.14054887289702891
1789030915126458000,59.5714580078125,0.1879150197058916,0.06071662676930427,0.3029033348888159
1789030915136462000,59.581462158203124,0.2961047607898712,-0.3299462401151657,0.6521575020641088
1789030915146466000,59.59146606445312,0.34995705474764105,-0.6536299127042293,0.5338549477666616
1789030915156470000,59.60146997070313,0.14798340681195257,-0.7832955725371837,0.4831251697435975
1789030915166474000,59.61147387695313,-0.04964461313486099,-0.9315110345393419,0.5100517551138997
1789030915176477200,59.621477294921874,0.03386427567899227,-1.1739344740241766,0.5149900882989168
1789030915186481000,59.63148095703125,0.31626199815571304,-1.445601543650031,0.1287415307253599
1789030915196485000,59.64148510742187,0.362814490494132,-1.457045313206315,-0.340318873308599
1789030915206489000,59.65148901367188,0.04274900840222835,-1.1701011794716119,-0.5239852956593036
1789030915216492300,59.6614921875,-0.16844021164625883,-0.7252011109650135,-0.6427458228573203
1789030915226496000,59.67149609375,-0.18281477395743131,-0.2978121492296457,-0.6884411138445139
1789030915236500000,59.6815,-0.036982407699525356,-0.06574117693305015,-0.6083066698998213
1789030915246504200,59.69150415039063,0.1132873564839363,0.008088029387593268,-0.46597968141436574
1789030915256508200,59.70150805664063,-0.06062602587640285,-0.10905950965583323,0.0699871439397335
1789030915266511000,59.71151098632812,-0.02351151622980833,-0.4727373389810323,0.24220190568864344
1789030915276515000,59.72151513671875,0.23367840749323368,-0.674544690439105,0.2547293788284063
1789030915286519000,59.73151904296875,0.34220015701055523,-0.6037889002144337,0.24042729723155498
1789030915296523000,59.74152294921875,0.4736714049607515,-0.46949499605894085,-0.02697276259958744
1789030915306526200,59.75152612304687,0.4648772731304168,-0.189169403681159,-0.15153437729179858
1789030915316530000,59.76153002929688,0.27093700178563596,0.08544307174682617,-0.07441372821033
1789030915326534100,59.7715341796875,0.04301321229636669,0.14147475557029246,0.1716851849168539
1789030915336538000,59.7815380859375,0.026591654327511784,-0.16360183170437811,0.31584464952647684
1789030915346542000,59.7915419921875,0.2058271084934473,-0.6666057141333818,0.1886205376267433
1789030915356545000,59.801544921875,0.1833627632290125,-1.0376637168377638,0.030303952848911284
1789030915366549000,59.81154907226563,-0.026280104160308838,-1.232021336811781,0.051821957173943514
1789030915376553000,59.821552978515626,-0.08221417282819747,-1.2662012543112038,0.34100247165858744
1789030915386557200,59.83155712890625,-0.07964666042774915,-1.0284189186304806,0.4722644607722759
1789030915396560100,59.84156005859375,0.05403057313412427,-0.546897969213128,0.20601649358570576
1789030915406564000,59.85156420898438,0.23344079934507608,-0.00001695113480091095,-0.15770166774988173
1789030915416568000,59.86156811523438,0.2871720972716808,0.4679968664556741,-0.2918348283857107
1789030915426572000,59.871572021484376,-0.0061757660254836075,0.4860848963320255,-0.14934066663980483
1789030915436576300,59.881576171875,-0.3764727212294936,-0.09333411725759505,0.25289690270423887
1789030915446579000,59.89157885742188,-0.10473638575971125,-0.7806757454276084,0.36672143480479713
1789030915456583000,59.9015830078125,0.1122308331683278,-1.1556593971431255,0.12236556595265864
1789030915466587100,59.911587158203126,0.2871981084957719,-1.1187316422402858,-0.36951778752505776
1789030915476591000,59.921591064453125,0.36568858462572096,-0.6206517722100019,-0.5076484933644533
1789030915486594300,59.93159423828125,0.5544073219299316,0.04752513676285743,-0.33409400744438167
1789030915496598000,59.941597900390626,0.8072779211491345,0.5998410393714905,-0.4070926081597805
1789030915506602000,59.95160205078125,0.5731418330162763,0.7271189272850751,-0.3428396239578724
1789030915516606200,59.961606201171875,0.22071312745809554,0.23193945487141607,-0.10899871937930583
1789030915526609200,59.97160913085938,-0.11231821919083594,-0.4526221871912479,0.23580665169358253
1789030915536612900,59.98161279296875,0.20319851355552673,-0.9707903210043907,0.05320610500872135
1789030915546617000,59.9916171875,0.5015525145769119,-0.7139145777970552,-0.31328210556209085
1789030915556621000,60.00162109375,0.3716208972841501,-0.2444435471355915,-0.30705577839314935
1789030915566625000,60.011625,0.1853138972967863,-0.026819617864489553,-0.07806757454276085
1789030915576628000,60.0216279296875,0.23654548736214637,0.07630114939212798,0.022411153772473335
1789030915586632000,60.0316318359375,0.06741933927834033,0.13774199878275395,0.10823358022570609
1789030915596636200,60.04163623046875,0.026876316487789154,0.144092244592309,0.03302607128918171
1789030915606640000,60.05164013671875,0.04791851999461651,0.14915654224455355,0.0032680618852376935
1789030915616642800,60.061642822265625,-0.0869648744866252,0.14020400498211383,0.14533493812978268
1789030915626646800,60.071646728515624,-0.277658418995142,0.16238134999871254,0.5304547839343547
1789030915636650500,60.081650390625,-0.5017687876760959,0.08690437647104263,0.6773387050718068
1789030915646654700,60.09165478515625,-0.7845739219099283,-0.2030816091775894,0.5827572181016206
1789030915656657700,60.10165771484375,-0.6540449232459068,-0.5164636679828166,0.453975939887762
1789030915666661600,60.11166162109375,-0.3482049503833055,-0.6125327631622552,0.3723810680016875
1789030915676665900,60.12166577148437,-0.22836422673314807,-0.48092707517743105,0.5079410465702414
1789030915686669600,60.13166967773437,-0.058143561410903925,-0.2861357399612665,0.5810565516635775
1789030915696673500,60.14167358398438,0.06990121922194957,-0.07664192565381527,0.4879793317764997
1789030915706676700,60.1516767578125,-0.3462564466640353,-0.13115502160787582,0.554454960463941
1789030915716680700,60.1616806640625,-0.1712584839373827,-0.3222089238613844,0.43991585035324093
1789030915726684700,60.1716845703125,0.0537505871489644,-0.404115053653717,0.33791678060293195
1789030915736688600,60.18168872070312,0.30350013173818585,-0.23211247335076332,0.2888198644787073
1789030915746691600,60.191691650390624,0.4445832576423883,0.06889116539657116,0.023507716837525366
1789030915756695800,60.20169580078125,0.36631636113524435,0.24951369000673293,-0.26572072844207284
1789030915766699800,60.21169970703125,0.07946750446856021,0.24862346316874026,-0.21360592580139637
1789030915776703500,60.22170336914063,0.22759178105592726,0.3020762364149093,0.39512510699033737
1789030915786707700,60.23170776367188,0.21813363235890865,0.1952782419502735,0.5915104333996772
1789030915796710700,60.24171069335937,0.5329582911878824,0.041328620210289956,-0.037834932875633234
1789030915806715000,60.25171484375,0.5838011741966008,-0.006551905861496925,-0.5120660175457596
1789030915816718600,60.26171850585938,0.08194938441216945,-0.10834814651608467,-0.2627206698432565
1789030915826722600,60.27172265625,-0.08640344121158122,-0.3247551012128591,0.2563344759374857
1789030915836725800,60.28172583007812,0.07713350856304169,-0.5933388178706169,0.40011283227503297
1789030915846729700,60.29172973632812,0.31374329333305356,-0.6285469093739986,0.3389005309432745
1789030915856733400,60.3017333984375,0.3632178105980158,-0.5570429311305284,0.24827625716626642
1789030915866737700,60.31173754882813,0.3102411304309964,-0.39776597688794135,0.10147241552770137
1789030915876740600,60.32174072265625,0.322343948417902,-0.13865736006200313,-0.1339046125769615
1789030915886744800,60.33174487304687,0.13524433674812317,0.05305003766417503,-0.21518471942543982
1789030915896748800,60.34174877929688,0.04759235678017139,0.12653496059179306,-0.2962967762306332
1789030915906752500,60.35175244140625,0.09448825572878122,0.19433599266409873,-0.3368348305851221
1789030915916756700,60.3617568359375,-0.056743631485104556,0.22587796287536618,-0.3115016518861055
1789030915926759700,60.371759765625,0.1262187342494726,0.2775736633211374,-0.3422983566880226
1789030915936763600,60.381763671875,0.383997271515429,0.48899756890833374,-0.41278555910438297
1789030915946767600,60.391767578125,0.4995432205811143,0.8466618370324372,-0.48272915616333484
1789030915956771600,60.401771484375,0.24624796620905398,1.0562935985058546,-0.3110328653305769
1789030915966774800,60.41177490234375,-0.07722235589027404,0.8562497495889663,0.0012704583272337912
1789030915976778800,60.42177880859375,-0.14590660053789614,0.6034229895114899,0.23986907882690428
1789030915986782700,60.43178271484375,-0.026827801170945166,0.43650107347369194,0.22699030803143977
1789030915996786700,60.44178662109375,0.1067281440988183,0.4336655577868223,0.2334349541261792
1789030916006789600,60.45178955078125,-0.05716507176756858,0.4953823015093803,0.20850100387781859
1789030916016793600,60.46179370117188,0.06978606840968131,0.5584270789653063,0.11483487818688154
1789030916026797800,60.4717978515625,0.3286407104745507,0.4180027092307806,-0.2106809782654047
1789030916036801500,60.481801513671876,0.5349602786600589,0.22485738765597343,-0.45640053668618197
1789030916046805500,60.491805419921874,0.431407549726963,-0.007469020706415176,-0.3337280967414379
1789030916056808700,60.50180859375,0.24965514430403707,-0.19450842662155626,-0.09728665427565573
1789030916066812700,60.51181274414063,0.15179858118593692,-0.2698503755927086,-0.029655133551359174
1789030916076816600,60.521816650390626,-0.0741349112689495,-0.3083417265504598,0.1828045448243618
1789030916086820600,60.531820556640625,0.02662321850955486,-0.5078086523622274,0.1326367845982313
1789030916096823800,60.54182373046875,0.14624562323391438,-0.715347240948677,0.13192775954604147
1789030916106827800,60.55182788085938,0.20220044242888688,-0.8915402586787938,0.05856617073714733
1789030916116831700,60.56183178710938,0.10006722490489482,-0.8753034096270799,-0.010361819538474083
1789030916126835700,60.571835693359375,-0.08765461031645536,-0.7984744369685649,0.019881927555799483
1789030916136838700,60.58183862304688,0.04272416622191667,-0.665105830964446,-0.12683482032120227
1789030916146842600,60.591842529296876,0.0524935728251934,-0.5201157607495784,-0.2444868017554283
1789030916156846800,60.60184692382813,0.047051966293156146,-0.540743538236618,-0.21153671831190585
1789030916166850600,60.6118505859375,-0.06362929934561252,-0.6998468894779681,0.1542874753922224
1789030916176854500,60.6218544921875,0.00701309363245964,-0.9572978022247552,0.32532442553341384
1789030916186857700,60.63185766601563,0.1247246962994337,-1.0168436316490173,0.29385493603646756
1789030916196861700,60.64186181640625,0.13565642468035222,-0.8970645750582218,0.2444341947853565
1789030916206865700,60.65186572265625,0.36744916455745696,-0.7143038693755864,-0.07141571543812751
1789030916216869600,60.66186962890625,0.4947922266617417,-0.36815935865342614,-0.3160375417500734
1789030916226872600,60.67187255859375,0.35313597704470157,0.06270750832557678,-0.19704875875413416
1789030916236876800,60.681876708984376,0.21715806532502174,0.23723989936709403,0.15063012192845343
1789030916246880800,60.691880859375,0.2565478264272213,0.09529635724127292,0.34894495509564877
1789030916256884500,60.701884521484374,0.3754623751431703,-0.08735738093554973,0.16587971350848674
1789030916266887700,60.7118876953125,0.30150106687545775,-0.11022796891331672,0.13435177182257174
1789030916276891600,60.7218916015625,0.006798574098944664,-0.14132394892275332,0.4037321918159723
1789030916286895900,60.731895751953125,-0.13444237271547316,-0.4064940577447414,0.5437672699719667
1789030916296899600,60.741899658203124,0.02006459064632654,-0.6870020209521055,0.5879436808288097
1789030916306903600,60.75190356445312,0.17911621170043945,-0.765217479532957,0.461810871297121
1789030916316906800,60.76190673828125,0.27863983124792574,-0.511093665382266,0.10294307260215282
1789030916326910700,60.77191064453125,0.1150087734490633,0.01884030954837799,-0.14450900869965552
1789030916336914700,60.781914794921875,0.14895751254111528,0.42546296210885043,-0.2317681899577379
1789030916346918700,60.79191870117187,0.14664982012063263,0.5008803144037723,-0.056230421265959736
1789030916356921600,60.801921630859376,0.1258446402400732,0.1527975290954113,0.1223673195183277
1789030916366925800,60.81192578125,-0.0030497429594397545,-0.4178641775429249,0.2541355045884848
1789030916376929800,60.8219296875,-0.20276947448849678,-1.026421022811532,0.4740858309805393
1789030916386933500,60.83193359375,-0.19940672005712984,-1.4785089569956062,0.5194751247584819
1789030916396936700,60.841936767578126,0.11773206093311309,-1.2714333097457886,0.40892333071827885
1789030916406940700,60.851940673828125,0.2774412691131234,-0.5816302598983049,0.3383674469798803
1789030916416944600,60.861944580078124,0.23908728079944847,-0.23083821563124654,0.3248193986207247
1789030916426948900,60.871948974609374,0.1778331861525774,-0.4608791434049606,0.269265853703022
1789030916436951600,60.88195166015625,0.3632619420006871,-0.8415022623121738,-0.008624035960435867
1789030916446955800,60.891955810546875,0.7961205673187971,-0.883589591935277,-0.4999935946971178
1789030916456959700,60.901959716796874,0.9276187032759189,-0.4920318220376968,-0.6365098510771989
1789030916466963700,60.91196362304687,0.7107049681007862,-0.043242929399013516,-0.60732058147192
1789030916476967700,60.9219677734375,0.724088473547995,0.2975391775071621,-0.6043593935787678
1789030916486970600,60.931970703125,0.7419172679662704,0.5928367135673761,-0.6819879921823739
1789030916496974600,60.941974609375,0.6912994258850812,0.8088122911095619,-0.7139221765816212
1789030916506978800,60.95197875976562,0.2894558242946863,0.7420458627820015,-0.47021804963648317
1789030916516982500,60.961982421875,-0.10629296755194663,0.23832301842868325,-0.3683914138436317
1789030916526985700,60.97198583984375,0.11616700357347726,-0.1697773054689169,-0.30367490378320217
1789030916536989700,60.98198974609375,0.4174944674476981,-0.2894505635976791,-0.24793138925135133
1789030916546993700,60.99199365234375,0.5735413537278771,-0.0020581015735864636,-0.21646482236385345
1789030916556998000,61.00199780273437,0.3136442168727517,0.2104758110821247,-0.12593231852352618
1789030916567000600,61.01200048828125,-0.0882023073270917,0.05316109682321548,0.08707330329716205
1789030916577004500,61.02200463867187,-0.433559759324789,-0.4291255762696266,0.472090857771039
1789030916587008800,61.0320087890625,-0.12920710241049527,-0.8926274693936109,0.756381262126565
1789030916597012700,61.0420126953125,0.2952905217975378,-0.8853232838600873,0.8469973525971174
1789030916607016400,61.05201635742188,0.2471837857544422,-0.5832651676237582,0.9731938750147819
1789030916617019400,61.06201928710937,-0.02457330024242401,-0.49992754372358317,0.9817202958196402
1789030916627023400,61.0720234375,-0.4522703050136566,-0.6072492698013782,1.1603069306880236
1789030916637027600,61.08202758789062,-0.3828016319900751,-0.8154261562913656,1.1968699439316988
1789030916647031300,61.09203125,-0.4211325316891074,-0.839297445744276,1.182764261689782
1789030916657034500,61.10203442382812,0.05494155049920082,-0.6447504406780004,1.0442825504556297
1789030916667038500,61.11203857421875,0.3460720300078392,-0.18901099824905396,0.77476096842587
1789030916677042400,61.12204248046875,0.24794074160158633,0.19623685784935951,0.5842722988396882
1789030916687046400,61.13204638671875,0.11719780792593955,0.35915830607414245,0.49854748754203315
1789030916697049300,61.14204931640625,-0.006393792690336704,0.4659399339258671,0.6439502302110195
1789030916707053300,61.15205322265625,0.23326018208116292,0.5478320351928472,0.5092652809113264
1789030916717057500,61.1620576171875,0.3326154593244195,0.7510872473716735,0.07150894667953252
1789030916727061500,61.1720615234375,-0.2687301393911242,0.8305389697492123,0.08237374730408191
1789030916737064400,61.182064453125,-0.10849719959795474,0.71978025496006,0.18851064751148222
1789030916747068400,61.192068359375,0.33064182116389274,0.7409042915314435,0.14616729730069636
1789030916757072400,61.202072265625,0.5381798252284526,0.7391863816976547,-0.10114099161624908
1789030916767076600,61.21207666015625,0.8575196233943104,0.8297703234642744,-0.4649611520215869
1789030916777079300,61.22207934570312,0.6078641868293285,0.755374130910635,-0.4830339843288064
1789030916787083300,61.23208325195313,0.27496318856179713,0.4171995761543512,-0.19576953259855506
1789030916797087500,61.24208740234375,0.2628396200478077,0.19039748417139052,0.2094444222077727
1789030916807091500,61.25209155273438,0.28335750741958615,0.019765023177862166,0.41014439694583416
1789030916817095400,61.262095458984376,-0.1760685145676136,-0.42259763580560683,0.47312078534066676
1789030916827098400,61.27209838867188,-0.5007976045563817,-1.0064590157568454,0.5601964267253875
1789030916837102300,61.28210229492188,-0.17892244269400834,-1.2701876935988663,0.45660979552268977
1789030916847106600,61.2921064453125,0.37807898738235235,-1.0216396337538958,-0.016827216160297392
1789030916857110500,61.30211059570313,0.7078565929323435,-0.5512848059952259,-0.5818132152497768
1789030916867113500,61.31211352539062,0.3858022751107812,-0.28398645297288894,-0.8972288257092237
1789030916877117400,61.32211743164063,-0.1032359180688858,-0.19735154109299183,-0.7488391761839389
1789030916887121400,61.33212133789063,-0.20172756422013044,-0.21555647534728048,-0.6282318520754575
1789030916897125400,61.34212548828125,0.13358107971101998,-0.158130122295022,-0.8344009058743714
1789030916907128300,61.35212841796875,0.3589046235740185,-0.0628419483602047,-0.8308318152159452
1789030916917132300,61.36213232421875,0.2699737097114324,0.015509703820943832,-0.5832967318058013
1789030916927136500,61.37213647460938,0.18769407043159006,0.23404957889318465,-0.39289807859063147
1789030916937140500,61.382140380859376,0.28823300450146194,0.6761141317129135,-0.388199107119441
1789030916947143400,61.39214331054688,0.05419160891473293,0.9537661209672689,-0.29964170274436475
1789030916957147400,61.4021474609375,0.014202712875604628,0.8839490728974342,-0.3248860341161489
1789030916967151400,61.4121513671875,0.15206570768952368,0.7130752043634653,-0.2918243069916963
1789030916977155300,61.4221552734375,0.10477467194348573,0.5051350492388009,-0.1690618506759405
1789030916987159600,61.43215966796875,0.12442249848246574,0.395799060729146,-0.026745383584499356
1789030916997162200,61.44216235351563,0.12360124522745608,0.4089087176710367,-0.013157003214955328
1789030917007166500,61.45216650390625,0.09414163424819708,0.5916185699492693,-0.12952712814509867
1789030917017170400,61.46217041015625,0.1489502060174942,0.7207534839063883,-0.28364976836442946
1789030917027174400,61.47217431640625,-0.1766255639284849,0.6516150657504797,-0.09166413821876049
1789030917037177300,61.48217724609375,-0.45033466077595946,0.14466039986908436,0.2527133628308773
1789030917047181300,61.492181396484376,-0.3673752225384116,-0.611880436733365,0.7157084754765033
1789030917057185500,61.502185546875,-0.1381967568129301,-1.2003688919633626,0.7562760481864214
1789030917067189500,61.512189453125,-0.16320961751639843,-1.3394950385808944,0.5452864423632622
1789030917077192200,61.522192138671876,-0.27879472954869267,-1.299234339863062,0.38262393733561034
1789030917087196400,61.53219653320313,-0.1286152739971876,-1.1377508154869078,0.18927929379642008
1789030917097200400,61.542200439453126,-0.08468962303102016,-0.8890566251695156,0.16756372107267378
1789030917107204400,61.552204345703124,-0.12916589361727238,-0.6570581335872412,0.13281331020891665
1789030917117207600,61.56220751953125,-0.10199205548763275,-0.42155777136385436,-0.0040916532278060915
1789030917127211300,61.572211181640625,0.02733399712741375,-0.16767770284116268,-0.2428793665587902
1789030917137215500,61.582215576171876,0.31375644507557154,0.09737433255910873,-0.49585401067435736
1789030917147219500,61.592219482421875,0.32356852177679535,0.25922552120387554,-0.38958617756366726
1789030917157222400,61.60222241210938,0.2258794241800904,0.06485796435773372,-0.06444646094739437
1789030917167226400,61.612226318359376,0.06785071643292903,-0.46137014179229735,0.30148820739388466
1789030917177230300,61.622230224609375,-0.027466391335427758,-1.0098328761041164,0.5479366646111011
1789030917187234300,61.632234375,0.052040568360686296,-1.3734189354926347,0.5838876834362745
1789030917197238500,61.642238525390624,-0.0019718845948576928,-1.3867758451938628,0.5965373216509818
1789030917207241500,61.652241455078126,0.10612111811637878,-1.204741700220108,0.31574118915200233
1789030917217245400,61.662245361328125,0.25517010833323,-0.8488485334217548,0.00182429281771183
1789030917227249400,61.67224951171875,0.3741366794973612,-0.46121758157908915,-0.2979915974497795
1789030917237253400,61.68225341796875,0.2868079401344061,-0.17098434317111968,-0.352101957821846
1789030917247256600,61.69225659179688,0.058226563519239424,-0.16555647290349007,-0.28810674777328965
1789030917257260300,61.70226025390625,-0.06081073479354381,-0.3847124340474605,-0.23685002326667307
1789030917267264300,61.71226416015625,0.15224953982383013,-0.5670405935317278,-0.31594518729150295
1789030917277268500,61.7222685546875,0.25415157894045115,-0.48510173051357264,-0.3815414027959108
1789030917287271400,61.732271484375,0.12531973958313464,-0.25595629027485844,-0.360457113713026
1789030917297275400,61.742275390625,-0.06789689366221427,-0.12320260129868983,-0.16667115614712238
1789030917307279400,61.752279296875,-0.142958272126317,-0.3099865711480379,-0.12015256607830524
1789030917317283300,61.762283447265624,0.23581308143436908,-0.31379005508422847,-0.0919078838467598
1789030917327286500,61.77228662109375,0.4579173709899187,0.1917360392987728,0.046126375880837435
1789030917337290500,61.78229052734375,0.11641951702982187,0.6282008724153042,0.2511825000017881
1789030917347294200,61.79229418945312,0.0689130849674344,0.6544745468348264,0.438860203820467
1789030917357298400,61.80229833984375,-0.026071429845690726,0.2832084543377161,0.22388941940665244
1789030917367301400,61.81230126953125,0.2845399952024221,-0.16836276249587534,0.10642214688956737
1789030917377305600,61.8223056640625,0.12237433378100394,-0.5840297222554683,0.23765081825554368
1789030917387309300,61.832309326171874,0.06463818412721156,-1.2301175490170717,0.2244575746834278
1789030917397313300,61.84231323242187,0.3562023788779974,-1.370992000606656,-0.2604565243035555
1789030917407316500,61.85231640625,0.48618572635799645,-0.6646107409238815,-0.6057014558374881
1789030917417320400,61.862320556640626,0.6759986886397004,0.17801204985082147,-0.6219751297682523
1789030917427324400,61.872324462890624,0.6493781004786491,0.6279898600131273,-0.1819289310336113
1789030917437328400,61.88232836914062,0.07634703436046839,0.24403671990036963,0.14790683444440364
1789030917447332400,61.89233227539062,-0.12616437371373176,-0.49418110902607437,0.20197277115285395
1789030917457335600,61.90233544921875,-0.011003624573349953,-0.7416361129373311,0.15185294172167776
1789030917467339500,61.912339599609375,0.3602215513914823,-0.37861937786936756,-0.058580199262499806
1789030917477343200,61.92234326171875,0.5011202606394887,0.31859248692989345,-0.24795769273638724
1789030917487347500,61.93234741210937,0.16660159804224967,0.5868751748144626,-0.36006840665638445
1789030917497350400,61.942350341796875,-0.13937632198631764,0.2778565719157457,-0.2276245142817497
1789030917507354600,61.952354736328125,-0.31999855433553454,-0.18048750005364417,0.24656653063893316
1789030917517358300,61.9623583984375,0.001685176607966423,-0.5744131681263447,0.40719022331535815
1789030917527362300,61.9723623046875,0.04003653457313776,-0.6325976460695266,0.47460313285291195
1789030917537365500,61.982365478515625,0.1261369011849165,-0.40696459786593914,0.6418962202906608
1789030917547369500,61.992369384765624,0.12425298713445662,-0.034840427234768864,0.6584621551662683
1789030917557373400,62.00237353515625,-0.0426250897616148,0.12913374491333962,0.5848457148134708
1789030917567377400,62.01237744140625,-0.03068623016476631,0.17855740877389906,0.7119418164193629
1789030917577380400,62.02238037109375,-0.07497048531025648,0.18009060969054697,0.6873866363555192
1789030917587384600,62.032384521484374,-0.2529758131593466,-0.0816466020733118,0.5260176782697439
1789030917597388500,62.04238842773437,-0.2510498135328293,-0.3851186767607927,0.4787281038284302
1789030917607392300,62.05239233398437,-0.44526948634088037,-0.5459539663612842,0.7028472403377294
1789030917617396500,62.062396484375,-0.21929273926615714,-0.5415589462727308,0.5070721547812224
1789030917627400400,62.072400390625,0.21563772388994693,-0.17757073582410812,0.24708032537996769
1789030917637404400,62.082404296875,0.10447042829990387,0.09646014032363891,0.06996843923926353
1789030917647408400,62.092408447265626,0.07812485768795013,0.039625907945632935,-0.13044862690418957
1789030917657412600,62.10241259765625,0.19386369897723196,-0.07166822889447212,-0.08635580267757177
1789030917667415300,62.11241528320313,0.43973289500176904,0.0011854103922843931,-0.05198036260604858
1789030917677419500,62.12241943359375,0.5482867932230234,0.22487667687833307,-0.2638043734267354
1789030917687423500,62.13242358398438,0.5932195754051208,0.4155938945233822,-0.4615329311385751
1789030917697427500,62.142427490234375,0.30948738945424553,0.43462183559834955,-0.329720030143857
1789030917707430400,62.15243041992188,0.1736734361246228,0.26069150210320946,-0.05411971272230148
1789030917717434400,62.162434326171876,0.17621347599625586,0.01846563101708889,0.1827215427160263
1789030917727438300,62.172438232421875,0.35513942582160235,-0.12188859609067439,0.25131752455830575
1789030917737442600,62.182442626953126,0.4938543612897396,-0.12624386869072912,0.25141630875766274
1789030917747445200,62.1924453125,0.41615766588598485,-0.12314005745649337,0.2654325591504574
1789030917757449500,62.20244946289063,0.4265624477833509,-0.23051614407002924,0.35033640945404765
1789030917767453400,62.212453369140626,0.6948591641932725,-0.29177929880619047,0.22163228812962768
1789030917777457400,62.22245751953125,0.7306079384446144,-0.38393209732472894,0.01432458568960428
1789030917787460400,62.23246044921875,0.40016134759187694,-0.5237883117824793,0.042886078785359855
1789030917797464300,62.24246435546875,-0.00992751977443695,-0.7087316222012042,0.1967223032787442
1789030917807468300,62.25246826171875,0.0337213600769639,-0.6847644711583852,0.20990619450062512
1789030917817472500,62.262472412109375,0.040192309656739235,-0.40062838058173655,0.048183892932534216
1789030917827475200,62.27247509765625,0.25322365044057366,-0.046322190713882445,-0.31704496522694825
1789030917837479400,62.2824794921875,0.1832049423187971,0.3212795340567827,-0.35420740566849707
1789030917847483400,62.2924833984375,-0.0017605799317359924,0.46351767521500586,-0.1859545332878828
1789030917857487400,62.3024873046875,0.3024401012912392,0.5359744241386651,-0.35395138508081436
1789030917867490600,62.31249047851563,0.41679625605046744,0.49257893452644347,-0.4547358183443546
1789030917877494300,62.322494384765626,0.3829840028196573,0.4620335741370916,-0.36237142290174956
1789030917887498500,62.33249853515625,0.17841770804226398,0.5015267956137657,-0.0734773241430521
1789030917897502500,62.34250244140625,0.02228811191469431,0.5832108070880174,0.17967501462697982
1789030917907505400,62.35250537109375,0.1598082846403122,0.6617009909570217,0.18334347400665282
1789030917917509400,62.36250927734375,0.4664227490067482,0.67813482388556,-0.2543219670712948
1789030917927513300,62.372513427734376,0.42936990641951556,0.7257979078143835,-0.5454273121386766
1789030917937517300,62.382517333984374,0.18558014701753853,0.8154320015102624,-0.4903899000495672
1789030917947520500,62.3925205078125,-0.027613983112573622,0.8942191224992275,-0.25488836878240106
1789030917957524500,62.4025244140625,0.06775719293057918,0.8626590321093797,-0.21837036372423171
1789030917967528400,62.412528564453126,0.03042699470669031,0.5819225208431482,-0.18079846569895744
1789030917977532400,62.422532470703125,-0.29950492462217804,0.10423720406591892,0.09026245472729205
1789030917987535400,62.43253540039063,-0.6094073246181011,-0.5623153185755014,0.5120218861430883
1789030917997539600,62.44253955078125,-0.3608960896521807,-1.1168190866172314,0.6792378166913986
1789030918007543300,62.452543212890625,-0.10998831493854522,-1.3622411233961582,0.4974386495172977
1789030918017547300,62.46254736328125,-0.1662467932552099,-1.425026957654953,0.08869125988781451
1789030918027551500,62.472551513671874,-0.39699849964678285,-1.2400526675760746,0.08938274928331374
1789030918037554400,62.482554443359376,-0.5539858816474675,-1.0647656587749719,0.19204700494408605
1789030918047558400,62.492558349609375,-0.3728179981142282,-0.8718664209157228,-0.12997837904393672
1789030918057562400,62.502562255859374,-0.333339974206686,-0.5409808541238308,-0.23373276802897452
1789030918067566300,62.51256640625,-0.3795815008997917,-0.332957696890831,-0.19981120920479298
1789030918077569500,62.52256958007813,-0.26996786449253557,-0.24550913054049014,-0.18946867888867855
1789030918087573500,62.532573486328126,-0.12699760966747997,-0.33446225623488424,-0.13813362844884394
1789030918097577200,62.5425771484375,-0.058494274544715875,-0.5090349792867899,-0.11631693343818188
1789030918107581400,62.55258154296875,-0.059494976019859314,-0.7462602656066417,-0.07663491139113902
1789030918117584400,62.56258447265625,0.08263385954499244,-0.856552531927824,-0.15680442664921282
1789030918127588600,62.572588623046876,0.25160306350141765,-0.6470090332597493,-0.2924152586221695
1789030918137592300,62.58259228515625,0.2137964799374342,-0.273922739598155,-0.3009808423936367
1789030918147596300,62.59259619140625,0.22441724267303942,0.10544015011489391,-0.3171183227241039
1789030918157599500,62.602599609375,0.24732407100796697,0.3956973539203405,-0.20671265915632248
1789030918167603500,62.612603515625,0.20861498564630745,0.45292438500821586,-0.05250643230676651
1789030918177607400,62.622607421875,0.14650398190915584,0.3010889789432287,0.15930033511817454
1789030918187611400,62.632611328125,0.1759597934961319,-0.04066460334360599,0.30328795029222966
1789030918197614300,62.6426142578125,0.0943827495276928,-0.36325463547706605,0.33576515552699565
1789030918207618600,62.65261865234375,0.11849252391159534,-0.5454121145695447,0.3141109576016664
1789030918217622500,62.66262255859375,0.042321138378977774,-0.7010182713449001,0.3642120823323726
1789030918227626200,62.67262622070312,0.03087152360379696,-0.7580272757679224,0.3675824355483055
1789030918237629400,62.68262939453125,0.10799918694794178,-0.7761544686108827,0.2646072142422199
1789030918247633400,62.69263330078125,0.03484013497382402,-0.7314251000463962,0.13665537258982657
1789030918257637400,62.702637451171874,-0.07439385446608066,-0.6988701534003019,0.09872691621184349
1789030918267641300,62.71264135742187,-0.06586392652988433,-0.8460966043651104,0.07920680770576
1789030918277644300,62.722644287109375,0.15644611473083495,-0.8673346227049827,-0.022980478093028067
1789030918287648500,62.7326484375,0.18629121789634226,-0.5969564238458871,0.05064239200055599
1789030918297652500,62.742652587890625,0.236055658018589,-0.4076929121404886,0.25240064361989495
1789030918307656400,62.75265649414062,0.17837912959754465,-0.38218496139645575,0.657593555638194
1789030918317659400,62.762659423828126,0.24223989961147308,-0.6126333009272813,0.4985854814648628
1789030918327663400,62.772663330078124,0.3403419619232416,-0.7156283959776163,0.19934651430249212
1789030918337667600,62.78266748046875,0.25487843191027637,-0.6186655668288469,0.004963175365328788
1789030918347671600,62.792671630859374,0.17988602702915668,-0.5112070626288652,0.049535892063379286
1789030918357674200,62.80267431640625,0.09910013343840837,-0.6285422331988811,-0.08745148895978927
1789030918367678500,62.812678466796875,0.4933016958430409,-0.6798200004935264,-0.49333822846114633
1789030918377682400,62.822682373046874,0.4186711100116372,-0.6601268735080957,-0.8589128313183784
1789030918387686400,62.83268627929687,0.4426502437531948,-0.4274170187860727,-0.9397516241401433
1789030918397689300,62.842689453125,0.4799591069281101,0.028073417317867277,-0.8368196574538945
1789030918407693300,62.852693359375,0.6275573138147592,0.4093564614385366,-1.099836972156167
1789030918417697500,62.862697509765624,0.7766638794377446,0.9223252730429172,-1.1345300998747347
1789030918427701500,62.87270141601562,0.22243308311849833,1.1015560510337352,-0.7862450699925422
1789030918437704400,62.882704345703125,-0.00987695863097906,0.6096025549292564,-0.5807914709866047
1789030918447708400,62.89270849609375,-0.17483955729454756,0.14405425066947936,-0.26857027265429495
1789030918457712400,62.90271240234375,-0.3081877050325274,-0.3640145139336586,-0.0024538228929042814
1789030918467716400,62.91271630859375,0.15867928061038256,-0.4295253892421722,0.018556231909990308
1789030918477720600,62.92272045898437,0.39931875928789373,-0.08171499113440513,0.10932429807186127
1789030918487723300,62.93272314453125,0.04293985479921102,0.29214520950913425,0.28833237322270866
1789030918497727500,62.9427275390625,-0.07189473112672568,0.36036885090768334,0.51632688986063
1789030918507731500,62.9527314453125,-0.11741700363457203,0.1901677670687437,0.7267384035348892
1789030918517735400,62.9627353515625,-0.23038638021051883,-0.1735012944281101,0.7056523608863353
1789030918527738400,62.97273828125,-0.4008656964689493,-0.5402636457651854,0.92935122615695
1789030918537742300,62.982742431640624,-0.3271738527923822,-0.909337781175971,1.1368196721166373
1789030918547746300,62.99274633789062,-0.36594577425718305,-0.9483668922722339,1.2873738061994313
1789030918557750500,63.00275048828125,-0.40279520322680473,-0.8961386923849582,1.2298626974731683
1789030918567753200,63.01275317382812,-0.5658665813162923,-0.6786170544445514,0.9749977095663547
1789030918577757400,63.02275732421875,-0.6140209558933973,-0.5011825122207403,0.8772866923987865
1789030918587761400,63.03276147460937,-0.30031156482994553,-0.4234603901147842,0.7140560320943593
1789030918597765400,63.04276538085937,-0.1395367732450366,-0.24149638776779173,0.39746377907097336
1789030918607768600,63.0527685546875,0.1356686996400356,0.006580547434091567,0.030099954709410667
1789030918617772300,63.06277221679687,0.6396978334635496,0.35146658252775664,-0.19346271696090697
1789030918627776500,63.07277661132812,0.5249620317369699,0.5692220292240381,-0.12289601956754923
1789030918637780200,63.0827802734375,0.3846615806430578,0.4608744672298431,-0.24668840345293283
1789030918647783200,63.092783203125,0.6551122602164745,0.3754728965371847,-0.3030325142264366
1789030918657787400,63.10278735351562,0.9648860653966664,0.534503182542324,-0.3485746604785323
1789030918667791400,63.11279125976562,0.7998258515775203,0.6658937664717436,-0.43554508792310953
1789030918677795300,63.12279541015625,0.4488362389117479,0.6572270604133605,-0.3100157972425222
1789030918687798300,63.13279833984375,0.2573240714967251,0.6956196271717549,-0.09556260696202516
1789030918697802200,63.14280224609375,0.5195265626847744,0.7554740841537714,-0.0024897709891200065
1789030918707806500,63.15280639648437,0.4341293759062886,0.5681909326106309,0.11143091496229171
1789030918717810400,63.162810546875,-0.10712532672286033,0.08439034782350063,0.4530076793774962
1789030918727813000,63.17281323242187,-0.38805473021268844,-0.6274713890969753,0.9103703390941024
1789030918737817300,63.1828173828125,0.01806435673981905,-1.1047539702922105,0.8906301580965519
1789030918747821300,63.1928212890625,0.4957806531772017,-1.1184417193830012,0.3319625483736396
1789030918757825300,63.2028251953125,0.5302516625776886,-0.8038157979965209,-0.06866817029565572
1789030918767828200,63.212828125,0.05381868394911289,-0.7070125433236361,-0.10493541546314954
1789030918777832200,63.22283227539062,-0.09276917685121297,-0.682653762614727,0.037432489554584024
1789030918787836400,63.23283642578125,0.21308453227579593,-0.5291957237839698,-0.0653229515209794
1789030918797840400,63.24284033203125,0.40523061368018387,-0.30015023678839203,-0.34706834756880994
1789030918807843300,63.25284326171875,0.4074894985228777,-0.1331032330662012,-0.3823907131016254
1789030918817847300,63.26284741210937,0.1358791275203228,-0.03115677028596401,-0.22625234914571046
1789030918827851300,63.27285131835937,-0.06834025351554154,0.14018939193487168,-0.17936434124261139
1789030918837855200,63.28285522460938,0.20031272898614405,0.3599731295883655,-0.2670563609600067
1789030918847858200,63.29285815429687,0.35991993809640405,0.434684379440546,-0.3684405136823654
1789030918857862100,63.30286206054687,0.4875158059179783,0.40116380263268947,-0.46799277480244633
1789030918867866400,63.31286645507812,0.5468745883375405,0.5086708221495151,-0.4890212420448661
1789030918877870300,63.32287036132813,0.44315702423155306,0.8203080831140279,-0.48181554844975466
1789030918887873500,63.33287353515625,0.31298166131079197,1.1099755043327808,-0.3954378262013197
1789030918897877200,63.34287719726562,0.05828296988159418,1.1469435912460089,-0.27787790696471926
1789030918907881200,63.35288110351563,-0.044076457613706585,0.9630828153669834,-0.21626316231191156
1789030918917885200,63.36288525390625,-0.16783493922948836,0.697972912299633,-0.08059533945471048
1789030918927888400,63.372888427734374,-0.3410392965376377,0.3843155436843633,0.16607085216641426
1789030918937892000,63.38289208984375,-0.13552373821139335,0.10795125615298748,0.19987433756887912
1789030918947896300,63.39289624023438,-0.10266162531226873,-0.03866553848087787,0.12756781077086926
1789030918957900300,63.402900390625,-0.06557955663055182,0.035844051319360734,0.0048024318456649775
1789030918967903500,63.412903564453124,0.13594634753763674,0.18416180465221405,-0.17803543072640896
1789030918977907200,63.4229072265625,-0.16805559624284505,0.22841478787660596,-0.20954232962429523
1789030918987911200,63.4329111328125,-0.37701603432595726,0.12385843485891818,0.04798340192437172
1789030918997915400,63.44291528320313,-0.3556508824750781,-0.06637772127091884,0.4782955576300621
1789030919007918300,63.45291845703125,-0.09331219768673181,-0.35487434514462946,0.7037789682298898
1789030919017922300,63.46292236328125,-0.22051818940788506,-0.4937140760362148,0.8251952706336975
1789030919027926300,63.47292626953125,-0.44771717175394293,-0.5638952812433242,0.7494809812188148
1789030919037930200,63.48293017578125,-0.6628408086419105,-0.6687380499869585,0.6525082151979208
1789030919047933400,63.49293334960937,-0.5796615901738404,-0.8404682430893182,0.858393191358447
1789030919057937400,63.5029375,-0.1918628805488348,-1.0521353097826243,0.7758844194978475
1789030919067941000,63.51294116210938,-0.028842940385639667,-0.9144324739664792,0.6630348699092865
1789030919077945300,63.5229453125,-0.26818741081655023,-0.4833627778917551,0.4548807797729969
1789030919087948300,63.5329482421875,-0.4433861568123102,-0.11554127289056777,0.200820093986392
1789030919097952300,63.5429521484375,-0.349451735574007,-0.04628536583483219,-0.059229018560051916
1789030919107956500,63.55295654296875,-0.21769787129014728,-0.17030922038853166,-0.08298632624447345
1789030919117960200,63.56296020507813,-0.10812076750099658,-0.3551812191367149,0.006769932526350021
1789030919127963400,63.57296337890625,-0.2379904254734516,-0.44649990491867064,0.15264555340409278
1789030919137967400,63.58296728515625,-0.4135205953806638,-0.5542395641475916,0.2902449288457632
1789030919147971300,63.59297143554687,-0.19519582436382768,-0.5728033948421478,0.07943886289596556
1789030919157975300,63.60297534179688,0.3022229514092207,-0.13914368227422236,-0.4584393490374088
1789030919167978200,63.61297827148437,0.4958049108356237,0.5528408032655716,-0.8404770109176635
1789030919177982200,63.62298217773437,0.17123334949612617,0.9320300899773836,-0.6849748990386724
1789030919187986400,63.632986328125,-0.22603110761046408,0.5485884065181017,-0.15338263550698755
1789030919197990100,63.642990234375,-0.17475772422999142,-0.5056371535420418,0.23438392541408537
1789030919207993300,63.65299340820312,0.31868893304169177,-1.592133582609892,0.14730419237613676
1789030919217997300,63.66299731445312,0.715367699214816,-2.014875595322251,-0.20229718080163
1789030919228001300,63.67300122070313,0.824534176376462,-1.524191096240282,-0.38033728770315645
1789030919238005500,63.68300561523437,0.750700293880701,-0.6190729785859584,-0.26397768416702744
1789030919248008200,63.69300830078125,0.6410463254630565,0.07323240947127342,-0.23765198729932308
1789030919258012400,63.70301245117187,0.5870651444286108,0.4032154744654894,-0.3049327948898077
1789030919268016400,63.71301635742188,0.5139306423738599,0.37054888413846493,-0.3549906650006771
1789030919278020400,63.72302026367188,0.37771716833263635,-0.002170329776406288,-0.2557189743876457
1789030919288023300,63.73302319335937,0.45196284649968144,-0.52947512524724,-0.3776999249368906
1789030919298027300,63.74302734375,0.43607261892855165,-0.8064981689482927,-0.27483576278984545
1789030919308031200,63.75303125,0.48013387897312637,-0.8469003219634293,-0.3195452576100826
1789030919318035500,63.76303540039063,0.2647112591385841,-0.8228934234321117,-0.16212416036725044
1789030919328038100,63.7730380859375,0.021361352458596227,-0.9999293217271565,0.2255857019305229
1789030919338042400,63.78304248046875,0.04303951578140258,-1.0570108068644999,0.3556955983996391
1789030919348046300,63.79304638671875,0.044344460900127884,-0.7002233215749263,0.24114742819964885
1789030919358050300,63.80305029296875,0.5340215365052223,-0.031816695499420164,-0.28806115506589414
1789030919368053200,63.81305322265625,1.1790385191649198,1.0464888283282519,-0.9851397488743067
1789030919378057200,63.82305712890625,0.8671113353431225,1.999799606743455,-0.9555518353402614
1789030919388061200,63.83306127929688,0.3525935407310724,1.9853549018055199,-0.31794016050100327
1789030919398065400,63.8430654296875,0.06964461411237716,1.08670159625113,0.3229956903249025
1789030919408068000,63.85306811523437,0.02440729602575302,0.06989362043738365,0.3850321675211191
1789030919418072300,63.863072265625,-0.005105798706412315,-0.49293490835726256,0.3089583971440792
1789030919428076300,63.873076171875,-0.15571283202022312,-0.7077835276961326,0.3985913217961788
1789030919438080300,63.88308032226563,-0.1899889033704996,-0.7084153958588838,0.5527338357597589
1789030919448083500,63.89308349609375,-0.13804361207783222,-0.6795224788516759,0.6902689137935638
1789030919458087200,63.90308715820313,-0.04914835405051708,-0.572907439738512,0.7659545616358518
1789030919468091100,63.91309106445313,-0.06104132867902517,-0.33216917686164377,0.8346651097685098
1789030919478095400,63.92309545898438,0.09957213486433028,-0.09779168118834496,0.6428378850549459
1789030919488098300,63.93309838867187,0.03842705354988575,0.12809329594969748,0.32109131800830365
1789030919498102300,63.94310229492187,-0.4230208296537399,0.07005202586948871,0.3338534766867757
1789030919508106200,63.95310620117188,-0.4991074595123529,-0.39273441246151924,0.5584048671334981
1789030919518110200,63.963110107421876,-0.550982608178258,-0.931790436002612,0.6938835971593856
1789030919528113400,63.97311352539062,-0.38093700716197487,-1.2173960146099327,0.5060676539137959
1789030919538117400,63.98311743164062,-0.25493513053357597,-1.0686796173483133,0.27045155635625123
1789030919548121000,63.99312109375,-0.4312725251704454,-0.713390846183896,0.3607905834510922
1789030919558125300,64.00312524414062,-0.5338794976860285,-0.6000356851607561,0.35391923637688155
1789030919568128300,64.01312817382812,0.014112111982703209,-0.36361411643922326,0.1947226538941264
1789030919578132500,64.02313256835937,0.40831835056245325,-0.05730068084597587,-0.028599779279530047
1789030919588136200,64.03313623046876,1.0736688039377331,0.377076240080595,-0.2854404511734843
1789030919598140200,64.04314013671875,0.6232236685246229,0.6070066932171583,-0.09334288508594035
1789030919608143400,64.05314331054687,0.23217151006162165,0.36807577202320096,0.2900692800179124
1789030919618146600,64.063146484375,0.6465311866149306,0.0696603962033987,0.506651299020648
1789030919628150800,64.07315087890625,1.2849588540121912,0.03372165233790874,0.30839988647848365
1789030919638154800,64.08315478515625,1.0374603032201528,0.19596973134577272,0.08605857329666614
1789030919648157700,64.09315771484376,0.20978607525229453,0.09626724810004234,0.3039247868910432
1789030919658161700,64.10316162109375,-0.22911972127556798,-0.24794717134237287,0.6500637446552515
1789030919668165600,64.11316552734375,0.06674655458331108,-0.5317009846031665,0.6122825877934694
1789030919678169600,64.12316967773438,0.5000824420243501,-0.710248456504941,0.28861089790314437
1789030919688172800,64.1331728515625,0.3412333578050136,-0.9650281042158603,0.1165533725425601
1789030919698176500,64.14317651367188,0.12592851913124323,-1.1595330237060784,0.2991930821940303
1789030919708180700,64.1531806640625,0.17978198213279245,-1.1117699865341186,0.35042496452033517
1789030919718184700,64.16318481445313,0.5873112281441688,-0.6942109294176101,-0.05929536179453134
1789030919728188000,64.17318798828126,0.5923112283885479,-0.12228899358510971,-0.457495346185565
1789030919738191600,64.18319165039063,0.06262041456401347,0.21669863111972806,-0.4344654759928584
1789030919748195600,64.19319555664063,-0.4158008152723312,0.2655015327334404,0.033629590140283105
1789030919758199800,64.20319970703125,-0.6844184341996907,0.08809446303844451,0.3003016279578209
1789030919768202800,64.21320263671875,-0.16718728897571564,0.0075169515013694755,0.0001163198560476303
1789030919778206700,64.22320678710938,0.5902832296922803,0.3256067496061325,-0.6159668292641639
1789030919788210700,64.23321069335938,0.8129986368834972,0.878221927422285,-1.061697503376007
1789030919798214700,64.24321459960937,0.890527282243967,1.3842197309702633,-1.3393515384569763
1789030919808217900,64.2532177734375,0.6675245825439691,1.3364356510102748,-1.311203594598174
1789030919818221800,64.26322192382813,-0.08181523663848637,0.8108399975448847,-0.7139774139001965
1789030919828225500,64.2732255859375,-0.4602648108989,0.388618793836236,0.1015691539004445
1789030919838229800,64.28322973632812,-0.14338789571523666,0.6173293497890233,0.37546266740411516
1789030919848232700,64.29323266601563,0.009023264411091804,0.9186573981851339,0.2868918190255761
1789030919858236700,64.30323657226562,-0.03806377319544554,0.7653671171367168,0.23845132098346947
1789030919868240600,64.31324072265625,-0.12237900995612144,0.21231471694707868,0.26869974425286053
1789030919878244600,64.32324462890625,-0.23257921407967805,-0.33528993923068046,0.31500001539587974
1789030919888247800,64.33324780273438,-0.05682458776682615,-0.5091191504389048,0.18569588235169648
1789030919898251800,64.34325170898437,0.04303074795305729,-0.4089087176710367,0.050505906139314174
1789030919908255700,64.353255859375,0.020728899773955343,-0.19151625906825065,-0.14227058212310076
1789030919918259700,64.363259765625,-0.032387188863754274,-0.02027472626566887,-0.06499708056747913
1789030919928262700,64.3732626953125,-0.03549070783704519,-0.11790683297812939,0.27473113337159155
1789030919938267000,64.38326684570312,0.0230617266356945,-0.3932230727612972,0.6101116734951734
1789030919948270800,64.39327075195312,0.04190466653257608,-0.7315384972929954,0.7073235089689492
1789030919958274600,64.40327465820313,0.03527151212841272,-0.9072440237671137,0.7517337285816669
1789030919968277800,64.41327783203126,-0.3358648165091872,-0.9948229384988546,0.955843511763215
1789030919978281700,64.42328173828125,-0.480889958037436,-1.1875281150907278,1.057609357279539
1789030919988285700,64.43328564453125,-0.03328706031292677,-1.3389245452165603,0.7713286558896303
1789030919998290000,64.4432900390625,0.4765498830065131,-1.0780974340349436,0.3359083633899689
1789030920008292600,64.45329272460937,0.5584793936744332,-0.5236082790404558,-0.07861644059717655
1789030920018296800,64.463296875,0.5278855179682373,0.17586159381866454,-0.4308651134133339
1789030920028300800,64.47330078125,0.38025545463860033,0.7383966926246881,-0.5080582432091236
1789030920038304800,64.4833046875,0.29305998626649377,0.9561924713313579,-0.2985585836827755
1789030920048307700,64.4933076171875,0.4775920855358243,0.8238128763645887,-0.1552379079848528
1789030920058311700,64.50331176757813,0.581637566421926,0.5647288094580173,-0.06295183847546577
1789030920068315600,64.51331567382813,0.5625184399321675,0.21350655708014965,-0.007377250769734382
1789030920078318600,64.52331860351562,0.550769842210412,-0.22424130158424377,0.09391454749405384
1789030920088322600,64.53332250976563,0.6270446881175041,-0.5229138670355081,0.22132219926714897
1789030920098326800,64.54332690429688,0.565568475152552,-0.5405798721075058,0.2869020481586456
1789030920108330800,64.55333081054688,0.36783261091709135,-0.3180810302764177,0.2627297299325466
1789030920118334700,64.56333471679687,0.08072013487815856,-0.11424831047058105,0.3984598043709993
1789030920128337700,64.57333764648438,0.017692600817978382,-0.23196517383456228,0.6000900456964969
1789030920138341600,64.58334155273438,0.15702859079390763,-0.5043412685126066,0.6276619432330132
1789030920148345600,64.593345703125,0.29685294880867,-0.6237608441412449,0.4708493332773447
1789030920158348800,64.60334887695312,0.26652093890905376,-0.6449310579419135,0.22729718202352522
1789030920168352500,64.6133525390625,0.08561112179011106,-0.8285767297655343,0.09342647171616554
1789030920178356700,64.62335668945312,0.18840543357133865,-1.173389115101099,-0.016159692162275315
1789030920188360700,64.63336059570312,0.40937282805144787,-1.1801263144016265,-0.1709697301238775
1789030920198364000,64.64336401367187,0.5018710790067911,-0.6830015531390905,-0.2578600780695677
1789030920208367900,64.65336791992188,0.5633671657159924,-0.23635844035744666,-0.36449031475186344
1789030920218371600,64.66337158203125,0.34112346768975255,-0.13217910395860671,-0.2316390106201172
1789030920228375600,64.67337548828125,0.2233645187497139,-0.2914642415076494,-0.20762042165100572
1789030920238378800,64.68337866210938,0.08837327997982501,-0.39845921984910965,-0.1496650762885809
1789030920248382700,64.6933828125,-0.062327276836335654,-0.30265023691058157,0.0031511575073003765
1789030920258386700,64.70338671875,-0.051156771263480186,-0.06396072325706481,0.1399263570845127
1789030920268390700,64.713390625,0.17380670711547136,0.23352234014868734,0.2299292840927839
1789030920278393900,64.72339379882813,0.07926935154795646,0.24301556015908718,0.19184709845781325
1789030920288397800,64.73339770507812,0.04088555261790752,0.04230886341929435,0.38491526314318175
1789030920298401800,64.74340185546875,0.1704208640694618,0.0316407544106245,0.7005658514022827
1789030920308405800,64.75340576171875,0.33598961193263527,0.0021148001968860626,0.5677776756346226
1789030920318408700,64.76340869140626,0.5311579637676477,0.0529337178081274,0.41576749752461906
1789030920328412700,64.77341259765625,0.596115589107573,0.12450023989379405,0.17091946124136448
1789030920338417000,64.7834169921875,0.5021306067258119,0.049835751792788506,0.029182839864492414
1789030920348420600,64.79342065429688,0.27012568540275095,-0.20721534798145294,0.11837795762121676
1789030920358423800,64.803423828125,0.09204583101272583,-0.46900692028105256,0.2203349417954683
1789030920368427800,64.813427734375,0.508999323451519,-0.3950760071516037,-0.0661661243468523
1789030920378431700,64.823431640625,0.6992822413325309,0.1571890420526266,-0.40212709470689295
1789030920388435700,64.83343579101563,0.5040580676570534,0.543093316233158,-0.37818858523666854
1789030920398438700,64.84343872070312,0.15109890848398208,0.39641748488843437,0.1689794330894947
1789030920408442600,64.85344262695313,0.18587796092033385,-0.0638742140173912,0.5355974075198173
1789030920418446800,64.86344677734375,0.4653665179520845,-0.3442845620691776,0.28103461742997166
1789030920428450800,64.87345092773438,0.4573936393767595,-0.267260943621397,0.0218418294519186
1789030920438453800,64.88345385742187,0.10418868874907493,-0.17029577638506888,0.2787900533735752
1789030920448457700,64.89345776367188,-0.03140577661097049,-0.18657646457850932,0.7637322094112634
1789030920458461700,64.90346166992188,0.05596504832804203,-0.23401567662358283,1.0271478757813572
1789030920468466000,64.9134658203125,0.026772856113314626,-0.225059632229805,1.0612494673475623
1789030920478468600,64.92346850585938,-0.05909370174258947,-0.22238895171582698,1.0317729052335023
1789030920488472600,64.93347265625,-0.17908055586516855,-0.3855167361676693,0.8762167250797152
1789030920498476800,64.94347680664063,-0.05828676927387714,-0.47610593863129613,0.7784706365987658
1789030920508480800,64.95348071289062,-0.03294014657139778,-0.4427396756023168,0.7331719437137245
1789030920518483700,64.96348364257813,0.15800357330590487,-0.24046353758871553,0.6233496329918503
1789030920528487700,64.97348779296875,0.2624778009980917,-0.02786708109080791,0.5963987899631261
1789030920538491600,64.98349169921875,0.13239245444834233,-0.05579319889247417,0.5228679820671678
1789030920548494800,64.99349487304687,0.22590748123079538,-0.1761725594639778,0.44271074176877734
1789030920558498600,65.00349853515625,0.43638183100819583,-0.20002163708508014,0.3788683841943741
1789030920568502800,65.01350268554687,0.6786731685459614,-0.15414426752924917,0.008182429672777653
1789030920578506800,65.0235068359375,0.7525134807825088,0.013555062621831893,-0.2462541036888957
1789030920588509700,65.033509765625,0.31569325835704803,0.11301263119578361,-0.19048487019389868
1789030920598513700,65.043513671875,0.05743336731493473,0.10867957042753695,0.09779109666645526
1789030920608517600,65.053517578125,0.307045256999135,0.193844994276762,0.3345709773063659
1789030920618521600,65.063521484375,0.5939794538617134,0.2583025611400604,0.05489625005275011
1789030920628524800,65.07352490234375,0.740067840707302,0.19779577772915363,-0.37321956465244294
1789030920638528500,65.08352856445312,0.5609229874342679,-0.058088616353273385,-0.25976503490805625
1789030920648532700,65.09353271484375,0.5989779928013682,-0.21141279967129228,0.030746435919404028
1789030920658536700,65.10353662109375,0.7507900179907679,-0.09956628964543342,0.08209025418758392
1789030920668539600,65.11353955078125,0.7381593767374753,0.019756839871406553,0.020232056167721748
1789030920678543600,65.12354370117187,0.5866162316173315,-0.06524082619547844,0.14132774831503628
1789030920688547600,65.13354760742187,0.23535335496813056,-0.4329378280341625,0.6150494221583008
1789030920698551600,65.14355151367188,-0.08223580013811588,-0.9188298321425914,0.85500267213732
1789030920708554800,65.1535546875,0.07797434330135583,-1.0860510233879088,0.7321642279759049
1789030920718558700,65.16355883789062,0.5916033723801374,-0.9150567433446645,0.25445231545269487
1789030920728562700,65.17356274414063,0.894417859941721,-0.4276099110096693,-0.38596068054288624
1789030920738566700,65.18356665039063,0.9374117830157279,0.22363164525330065,-0.8116004605233669
1789030920748569600,65.19356958007812,0.5908779807150364,0.6322258901476859,-1.029022729742527
1789030920758573800,65.20357373046875,0.28228490975201126,0.6857429608017206,-0.9484624616011976
1789030920768577500,65.21357763671875,0.11242167956531048,0.6041279229104518,-0.4595362043634057
1789030920778581500,65.22358154296874,0.13145838846862315,0.4434048615127802,-0.181230135114491
1789030920788584700,65.23358471679687,0.18511106820106504,0.3788882579386234,0.050743514287471765
1789030920798588700,65.24358862304688,0.19224194299429653,0.41210371432006354,-0.024739304459095
1789030920808592600,65.25359252929688,0.09405424822568893,0.7142717206716537,-0.06828326263129711
1789030920818595600,65.263595703125,-0.0016939444363117217,0.8656985459357499,-0.033844694195687766
1789030920828599800,65.27359985351562,-0.15167495480626822,0.6777753429234028,0.13400748842954635
1789030920838603800,65.28360375976563,-0.016100363190472124,0.38893794278800486,0.1587368560165167
1789030920848607700,65.29360766601563,0.2502472649782896,0.36786300605535505,-0.10210369916856288
1789030920858610700,65.30361059570312,0.115635965436697,0.5795517000585794,-0.2771867098301649
1789030920868614700,65.31361474609375,0.05462766224443912,0.7156447625905275,-0.34884909350574017
1789030920878618600,65.32361865234375,0.19189970542788504,0.6560019025325775,-0.2834773344069719
1789030920888622800,65.33362280273437,0.0969920552432537,0.43912674580216404,-0.23198913923203943
1789030920898625500,65.34362548828125,-0.12099310855567455,0.11132453197836875,-0.10200666853487492
1789030920908629800,65.35362963867188,-0.3309814283818006,-0.2678045489788055,0.15155366651415825
1789030920918633700,65.3636337890625,-0.4844245619043708,-0.6513491082906723,0.4957938049197197
1789030920928637700,65.3736376953125,-0.5360673631191253,-1.0442319893121719,0.7426391525000333
1789030920938640600,65.383640625,-0.43469811570495365,-1.350098265659809,0.7260808164089918
1789030920948644600,65.39364453125,-0.08655892403423786,-1.38254741384387,0.4343389270037412
1789030920958648600,65.40364868164062,-0.016409283009171483,-1.1017828455269336,0.07845628159940242
1789030920968652800,65.41365283203125,-0.28438217429220675,-0.6450795265018939,-0.00492518144249916
1789030920978655500,65.42365551757813,-0.507052281036973,-0.2828828756451607,0.021147417446970938
1789030920988659700,65.43365966796875,-0.5411673166066407,-0.07202420272529125,0.22001111666858195
1789030920998663700,65.44366357421875,-0.35494711811989543,-0.13750585193932055,0.21863865927159784
1789030921008667600,65.45366772460937,-0.29039924262464045,-0.14843465771079062,0.2793523634314537
1789030921018670600,65.46367065429688,-0.31805764940083026,-0.17582301537394524,0.2736035906463861
1789030921028674600,65.47367456054687,-0.3830366097897291,-0.27324235611855985,0.3857113819569349
1789030921038678500,65.48367846679687,-0.4005626218691468,-0.3694470603764057,0.508775451567769
1789030921048681700,65.493681640625,-0.4559095382988453,-0.32212884436249734,0.6531739856302737
1789030921058685700,65.50368579101563,-0.6296154153883456,-0.21793606396019458,0.6648223378479481
1789030921068689700,65.51368969726562,-0.6322083544909953,-0.1272644439101219,0.5159767612487077
1789030921078693600,65.52369360351562,-0.3599748831540346,-0.1823562165349722,0.1839116292834282
1789030921088696800,65.53369677734375,-0.1063251162558794,-0.31668928365707394,-0.19173720834255217
1789030921098700800,65.54370068359376,0.05038491010814905,-0.38283436521589753,-0.5145481897503137
1789030921108704500,65.55370458984375,-0.21947920174896715,-0.35832068620622154,-0.4769651858091354
1789030921118708700,65.56370874023438,-0.3907549290820956,-0.5031687176018953,-0.2767120780557394
1789030921128711700,65.57371166992188,-0.13787936142683027,-0.7558294734627008,-0.31998832520246506
1789030921138715600,65.58371557617187,0.19739888736605643,-0.715101157233119,-0.567791704159975
1789030921148719900,65.59371997070312,0.18381284508407114,-0.38074294589459895,-0.6221352887660264
1789030921158723600,65.6037236328125,0.07554594711065292,-0.08371288695335388,-0.5148614934831858
1789030921168726800,65.61372680664063,0.15800678817629812,-0.04646890570819378,-0.559007509201765
1789030921178730800,65.62373071289062,0.33184301364719865,-0.15121405929625034,-0.46445700189173217
1789030921188734700,65.63373461914063,0.25488369260728355,-0.3178203335136175,-0.17745616953372953
1789030921198738700,65.64373876953125,0.566695141094923,-0.4835393035024404,-0.25049334869384765
1789030921208741600,65.65374169921876,0.8698550810933112,-0.2843926956862211,-0.23683833282887934
1789030921218745600,65.66374560546875,0.9404019047424197,0.10207564211785793,-0.14372048867046833
1789030921228749800,65.67374975585938,0.7897127461031079,0.45254269221425053,0.2731739670574665
1789030921238753500,65.68375341796875,0.4353647629201412,0.3326952465623617,0.5994143383920192
1789030921248756700,65.6937568359375,0.1696823206618428,-0.1642822151839733,0.6182330206304788
1789030921258760700,65.7037607421875,-0.04870791680663824,-0.6919704570144415,0.4985404732793569
1789030921268764700,65.7137646484375,-0.22576076623648403,-0.9822919582277536,0.5055407074302435
1789030921278769000,65.72376879882812,0.004691957208514213,-1.0978554429501295,0.26713702498078346
1789030921288771600,65.733771484375,0.4539309317022562,-0.8281114503413438,-0.11323416499197482
1789030921298775600,65.74377563476563,0.15043430709540842,-0.6470277379602194,-0.27188509629070756
1789030921308779800,65.75377978515625,0.1620434963464737,-0.8402233284175396,-0.2854401589125395
1789030921318782500,65.76378247070312,0.2044412070930004,-0.7526853302180767,-0.17275369093120096
1789030921328786700,65.77378662109375,0.37378947349488734,-0.3657370999425649,-0.268012638771534
1789030921338790700,65.78379077148438,0.3779758192688226,0.10765665712058543,-0.3433218545168638
1789030921348794600,65.79379467773437,0.2259974976018071,0.43156712420284743,-0.20238661265075206
1789030921358797800,65.8037978515625,0.15309972691237925,0.5802309144943952,-0.1822773060798645
1789030921368801500,65.81380151367188,0.01637596526145935,0.6160492468506097,-0.10035013349950313
1789030921378805800,65.8238056640625,-0.48262452674508094,0.33577918405234813,0.16739245615899562
1789030921388809700,65.83380981445312,-0.37714229105412955,-0.19256547586023806,0.3124000620305538
1789030921398812700,65.84381274414062,-0.12488777790665626,-0.49940673471987246,0.1937801123470068
1789030921408816600,65.85381665039063,0.19036475094556807,-0.3198533006459474,-0.24128712893128393
1789030921418820600,65.86382055664062,0.08077391089200973,0.1401005446076393,-0.3281470817387104
1789030921428824600,65.87382446289062,-0.29577830531448124,0.32385201489329335,-0.10054039537459611
1789030921438827800,65.88382788085937,-0.3867416017875075,0.288350493401289,0.3764490480929613
1789030921448831500,65.89383154296875,-0.3294371215492487,0.19018354915976524,0.5773527287095784
1789030921458835700,65.90383569335937,-0.13456570683419702,0.24182547359168527,0.6182911805585026
1789030921468839700,65.91383959960937,0.31253011815100906,0.3490063298940658,0.3873021582797169
1789030921478842600,65.92384252929688,0.42872050260007377,0.5865232926368713,0.21067922469973563
1789030921488846800,65.93384692382813,-0.18444442098587752,0.5550672471433877,0.4402174636483192
1789030921498850600,65.9438505859375,-0.43513563033938407,0.10140461098849773,0.5775590649366379
1789030921508853800,65.95385375976562,-0.20613456700742244,-0.2541641461610794,0.5483978523820638
1789030921518857700,65.96385766601563,0.2419713118031621,-0.20010639275908468,0.3817670282453298
1789030921528861700,65.97386181640626,0.22075229042470454,-0.030623686322569846,0.0728089233621955
1789030921538865700,65.98386572265625,-0.2296726789832115,0.13061726146936417,0.4025654861241579
1789030921548868600,65.99386865234375,-0.34321956318616864,0.06102291623950004,0.7156999999091028
1789030921558872600,66.00387255859376,0.13944471104741096,0.05934066224098205,0.4487795402884483
1789030921568876800,66.01387670898437,0.15607494333088398,0.1765162583351135,0.2913663340911269
1789030921578880800,66.023880859375,0.07505524098426103,0.006301730492711067,0.223690681964159
1789030921588883700,66.0338837890625,-0.14708382762372493,-0.3223135532796383,0.4794081950470805
1789030921598887700,66.0438876953125,0.1528407837152481,-0.5732610754817724,0.5982309738263487
1789030921608891600,66.0538916015625,0.8116419615775347,-0.555057310271263,0.08212620228379965
1789030921618896100,66.06389624023437,1.075475853359699,-0.23146482309699057,-0.4237295624449849
1789030921628899000,66.07389916992187,0.6397995402723551,0.04100830221474171,-0.39912645158618687
1789030921638903000,66.08390307617188,0.0365142056658864,0.052550855970382684,-0.04609451943784952
1789030921648907300,66.0939072265625,-0.0625713147252798,-0.11104103886187076,0.3412202060624957
1789030921658911200,66.1039111328125,0.23186288250386713,-0.2793880192667246,0.3169014651030302
1789030921668914200,66.1139140625,0.728933867752552,-0.26998949180245396,-0.02737871305197477
1789030921678918100,66.12391821289063,0.8982038082212209,-0.20456687929928302,-0.3395890977293253
1789030921688922000,66.13392211914062,0.7875959000796079,-0.1957224785864353,-0.5132064197525382
1789030921698925300,66.14392529296875,0.46876697404533624,-0.1686784043163061,-0.3989534331068396
1789030921708929000,66.15392895507813,0.15683219143897295,-0.3097369803011417,-0.07526859147399663
1789030921718933000,66.16393310546874,0.15536270340830086,-0.5653396348327397,0.07252864511609076
1789030921728937200,66.17393725585937,0.059570963865518564,-0.5546189188539982,0.23969693713039159
1789030921738940200,66.18394018554687,-0.32914953677952286,-0.27013971392810343,0.3305073811292648
1789030921748944400,66.1939443359375,-0.2743438876196742,0.2707061156392097,0.046316345494985575
1789030921758948000,66.20394799804687,0.3085039313748479,0.6980500691890716,-0.8412608547717332
1789030921768952000,66.2139521484375,0.6093892044395208,1.1501830115586518,-1.209857435798645
1789030921778955300,66.22395532226562,0.38266368482410906,1.5719447810620069,-0.6615694735318421
1789030921788959200,66.23395922851563,0.43574528667032714,1.4101251565992832,-0.2123059491187334
1789030921798963000,66.243962890625,0.24471388850957154,0.7366776137471198,-0.07943827837407588
1789030921808967200,66.25396728515625,-0.1250371232494712,0.04579319840371608,-0.0903559782296419
1789030921818970000,66.26397021484375,-0.3285521554082632,-0.12369126159846781,0.03911795842349529
1789030921828974300,66.27397436523438,-0.09271861570775508,0.05894786353111267,-0.07373392925262451
1789030921838978300,66.28397827148437,0.11769523605406283,0.33108547327816484,-0.5442004006922244
1789030921848981200,66.29398120117187,-0.15826806946098804,0.40066403641700743,-0.6338420931726694
1789030921858985200,66.30398510742188,-0.6362538304895162,0.07107026300132274,-0.2715162629783153
1789030921868989200,66.3139892578125,-0.6587170067101716,-0.5723451296806336,-0.05729366658329963
1789030921878993200,66.3239931640625,-0.4522667978823185,-0.9559668458819389,0.04495674757957458
1789030921888996000,66.33399609375,-0.21862375396341086,-1.021730819168687,-0.02092822173833847
1789030921899000000,66.344,-0.2655178993463516,-0.9804688344538212,-0.007184943068027496
1789030921909004300,66.35400439453124,-0.22331308082342147,-0.9282827201426028,-0.02830897963941097
1789030921919008300,66.36400830078125,-0.4673018699288368,-0.9170242440253495,0.10527239233255385
1789030921929011200,66.37401123046875,-0.6282242532908916,-0.8494856622815131,0.34156828884780405
1789030921939015200,66.38401513671874,-0.4014221613079309,-0.7138689850896597,0.32140403721928595
1789030921949019100,66.39401904296875,-0.14796236402392388,-0.45448564297556876,0.16811492521464824
1789030921959023400,66.4040234375,-0.208323016962409,-0.16891630472540856,-0.10187222850024699
1789030921969026000,66.41402612304688,-0.3759919519752264,0.11159925726652145,-0.31553193031549454
1789030921979030000,66.42403002929687,-0.5358674566328525,0.25047581303715705,-0.19541502007246017
1789030921989034200,66.4340341796875,-0.2601350372642279,0.26781740846037866,-0.23451602736115454
1789030921999038200,66.4440380859375,-0.2923755111336708,0.2521136433720588,-0.2433545828551054
1789030922009041200,66.45404125976563,-0.791428317849338,0.11549392661750316,-0.030524317601323125
1789030922019045000,66.46404516601562,-1.0442810891509056,-0.1935574095070362,0.26851883472800253
1789030922029049000,66.47404907226563,-0.701956428977847,-0.621143939641118,0.44457156720459456
1789030922039052300,66.48405224609375,-0.2648360545620322,-0.8482090664744376,0.22314532304108142
1789030922049056000,66.49405590820312,-0.24151684603393075,-0.6997551195412873,-0.050318566873669625
1789030922059060200,66.50406030273437,-0.4980319392353296,-0.36099195124208927,-0.14097031317949293
1789030922069064200,66.51406420898438,-0.6021344110056758,-0.18117606683969498,-0.11898176873326301
1789030922079067100,66.52406713867188,-0.4690910914331674,-0.1573369260907173,-0.15007599517703055
1789030922089071400,66.5340712890625,-0.3333662776917219,-0.07765081043541432,-0.21680910575687884
1789030922099075000,66.54407495117188,-0.2911018379360437,-0.005931728136539459,-0.46546530215144155
1789030922109079000,66.5540791015625,-0.43368075535595413,-0.025785598641633985,-0.261518600577116
1789030922119082200,66.56408227539063,-0.4164887975364923,-0.2851338694423437,0.079372811922431
1789030922129086200,66.57408618164062,-0.17120032400935886,-0.6187900699913501,0.21191607301831245
1789030922139090200,66.58409008789063,0.09902385333180427,-0.8828045790374278,0.14811901589035986
1789030922149094100,66.59409423828124,0.3467871925398707,-0.819332516080141,-0.09408815049529075
1789030922159097000,66.60409716796875,0.36273441099524495,-0.429695485112071,-0.2082967134773731
1789030922169101300,66.61410131835937,0.22408464971780775,0.07205401334166527,-0.38609599736034866
1789030922179105300,66.62410522460938,0.21238252148628234,0.39153555806577206,-0.6248147371083498
1789030922189108200,66.63410815429687,0.06331804143935442,0.3666764266192913,-0.49873395002484316
1789030922199112200,66.6441123046875,-0.14272007945626974,-0.20804244645535944,-0.39209436099231243
1789030922209116200,66.6541162109375,-0.09575169979333877,-1.0368944860309361,-0.5053974995672702
1789030922219120400,66.66412036132813,-0.2564355982244015,-1.552197878062725,-0.40278468183279037
1789030922229123000,66.674123046875,-0.24980127477645872,-1.6187293285906315,-0.27160160317420956
1789030922239127000,66.684126953125,0.025704934620857236,-1.1519815854132174,-0.21567747137844562
1789030922249131300,66.69413134765625,0.06071896485686302,-0.4822200375974178,-0.220922970816493
1789030922259135200,66.70413525390624,-0.05384820230454206,-0.06729951229095459,-0.4194090688973665
1789030922269138200,66.71413818359375,-0.03814648304283619,0.026208792489767072,-0.5021539876013994
1789030922279142100,66.72414208984375,0.14439502693116665,-0.08515490245521068,-0.48316813210248943
1789030922289146000,66.73414599609374,0.08923135811388493,-0.28166356298327444,-0.33253742565214633
1789030922299150300,66.744150390625,0.21944003878235815,-0.4564186568647623,-0.2657061153948307
1789030922309153000,66.75415307617187,0.24486907907128333,-0.34637831947803494,-0.40038814208507534
1789030922319157200,66.7641572265625,0.38739948117434975,-0.048531098935008045,-0.5729653074055909
1789030922329161200,66.7741611328125,-0.020092355436086652,0.2901327006429434,-0.3282955502986908
1789030922339164200,66.7841640625,-0.22793869479745626,0.20096271732747553,0.09718085581362247
1789030922349168000,66.79416821289063,-0.16981939104497432,-0.11678396642804145,0.28709903203547
1789030922359172000,66.80417211914063,-0.10619067622125149,-0.2941004352301359,0.00623626404106617
1789030922369176000,66.81417602539062,0.10012743065953254,-0.1116103631824255,-0.26499182964563367
1789030922379179300,66.82417919921875,0.08060556858778,0.25612872423231603,-0.22424890036880968
1789030922389183200,66.83418334960938,-0.04637918159812689,0.3945400005787611,-0.019068857607245443
1789030922399187200,66.84418725585938,-0.2475353756710887,0.3132335902452469,0.3680401161879301
1789030922409191200,66.85419116210937,-0.34284956082999707,0.1145773962944746,0.6529366697430611
1789030922419194000,66.86419409179688,-0.019513094243407247,-0.009023264411091804,0.6040414136707782
1789030922429198300,66.8741982421875,-0.013188567396998405,-0.028006781822443007,0.5686912833482026
1789030922439202000,66.8842021484375,-0.19225509473681449,-0.10545710124969482,0.5237117394149303
1789030922449205200,66.89420532226562,-0.3028366993933916,-0.22141396920382975,0.5262509025037289
1789030922459209200,66.90420922851563,-0.06546820521056651,-0.30181086347699165,0.22501813117563724
1789030922469213200,66.91421313476563,-0.05373743540644645,-0.28836452192664147,-0.031904373782873155
1789030922479217400,66.92421752929687,-0.07550444605648517,-0.27569442544579503,0.11163491310179233
1789030922489220000,66.93422021484375,-0.27151158680319787,-0.3534907818317413,0.48063072257935996
1789030922499224000,66.94422412109375,-0.2104278802871704,-0.5047510183572769,0.5315992777943611
1789030922509228300,66.95422827148437,0.22285744601041077,-0.492195488166809,0.31608430350124833
1789030922519232300,66.96423217773437,0.24077684132158755,-0.2268237192928791,0.23940789105594157
1789030922529235200,66.97423510742188,-0.04645779979228973,-0.00805880329310894,0.5429384179323912
1789030922539239200,66.9842392578125,0.10405220288783311,0.1580120488733053,0.7838923693865537
1789030922549243100,66.9942431640625,0.47959494979083533,0.46355333105027674,0.916536752769351
1789030922559247400,67.00424731445312,0.761841865620017,0.6959001976788044,0.6619622722417116
1789030922569250000,67.01425,0.7513654797911643,0.5956050092369317,0.251324538820982
1789030922579254300,67.02425415039062,0.022551439025998113,0.34862405257821083,0.36087796947360035
1789030922589258200,67.03425830078125,-0.24811726721227167,0.07578384751975537,0.5759925462722778
1789030922599261200,67.04426123046875,-0.04330722680687904,0.14249007009267806,0.6248650059908628
1789030922609265200,67.05426513671875,0.13766308832764626,0.24065116911530493,0.2766723305672407
1789030922619268900,67.06426879882812,0.06662965020537376,0.23826807337105274,-0.033195582637190815
1789030922629272600,67.0742724609375,0.03907879545688629,0.1809440116494894,-0.1179670387327671
1789030922639275800,67.08427587890625,-0.004447627058625221,0.11259703613221644,0.08908288955390453
1789030922649279700,67.09427978515625,-0.11086129838079213,-0.14889116930663585,0.3157821056842804
1789030922659284000,67.10428393554687,-0.026852643351256845,-0.44944823333024975,0.4119488160192966
1789030922669287700,67.11428759765624,-0.006400222431123257,-0.769227299696207,0.3058049015492201
1789030922679291000,67.12429077148437,-0.07053717903792858,-0.8744996920287609,0.2779407430678606
1789030922689294800,67.134294921875,-0.09829612357914447,-0.7474772401809692,0.16346563810408116
1789030922699298800,67.144298828125,0.2906654923453927,-0.4937970781445503,-0.42559389501214023
1789030922709301800,67.1543017578125,0.5174842432022094,-0.06914484789669513,-0.7572720734864473
1789030922719305700,67.1643056640625,0.35121319228857756,0.1641471906274557,-0.9471218606472015
1789030922729309700,67.17430981445312,0.28205051647424695,0.25350071381628514,-1.192318856498599
1789030922739314000,67.18431396484375,0.3271785289674997,0.40112873131930826,-1.22803197491467
1789030922749316600,67.19431665039062,0.22484131330400703,0.35921383565366266,-0.9509563242435455
1789030922759320800,67.20432080078125,-0.03982026147395372,0.10002630837261677,-0.2680553088694811
1789030922769324800,67.21432470703125,0.039707741010189056,-0.05940203703939914,0.0651724371343851
1789030922779328800,67.22432885742188,0.4571399568766355,0.31449323491752146,-0.1584264748930931
1789030922789332000,67.23433203125,0.485444260340929,0.7541630015552043,-0.5167360551834106
1789030922799335700,67.24433569335937,-0.07742343142032623,0.851360223981738,-0.45521571081578727
1789030922809339600,67.25433959960938,-0.4610930784165859,0.674718293440342,-0.061003042495250695
1789030922819342800,67.2643427734375,-0.31572131540775294,0.3367202642947435,-0.012521627920866012
1789030922829346800,67.27434692382812,0.10188216537237167,0.18633622608184813,-0.1914437783539295
1789030922839350800,67.28435083007813,0.4598807800173759,0.32249417054355145,-0.5171639252066612
1789030922849354800,67.29435473632813,0.49226679983735083,0.6178577575773,-0.7851216189205646
1789030922859358000,67.30435791015626,0.08705459859669208,0.8401917642354965,-0.5830377886086702
1789030922869362000,67.31436181640625,-0.2971422871440649,0.7946446495473385,-0.3033510786563158
1789030922879365600,67.32436572265625,-0.6512810114905238,0.4469850580871105,-0.0011328034222126005
1789030922889369600,67.33436962890624,-0.5744242740422487,0.09809504804909229,0.5064321033120155
1789030922899372800,67.34437280273437,-0.07810966011881827,-0.020280571484565732,0.7336556355774402
1789030922909376800,67.35437670898438,-0.05977320843935013,-0.10764321311712265,0.7996499104887247
1789030922919381000,67.36438110351563,0.13668752129375933,-0.21353929030597207,0.7364590025603771
1789030922929383700,67.3743837890625,0.3595522738277912,-0.20287118129730222,0.6456739852637052
1789030922939388000,67.38438793945312,0.1334907710790634,-0.2573106274932623,0.6648842971682548
1789030922949392000,67.39439184570313,-0.2511129418969154,-0.3910667715102434,0.8534802848756313
1789030922959395800,67.40439575195313,-0.6749205380141735,-0.712167441868782,1.2332003174632786
1789030922969398800,67.41439868164062,-0.4845172086238861,-1.1655611979544163,1.3573825774490833
1789030922979402800,67.42440283203125,-0.005957154838740825,-1.4259925878167152,1.0223609337657689
1789030922989406700,67.43440673828125,0.09688859486877918,-1.3375760532170533,0.5306611201614141
1789030922999411000,67.44441088867187,-0.11244944435507058,-0.9076637104839086,0.15178104552924632
1789030923009413600,67.45441357421875,-0.4849903790935874,-0.4354845899075269,0.14447861356139183
1789030923019417900,67.46441796875,-0.40216830350011584,-0.28179858753979203,0.015815408769249917
1789030923029421800,67.474421875,-0.1764838173702359,-0.20972937662899493,-0.24431086066663263
1789030923039425800,67.48442578125,-0.45860359968841075,-0.24301672920286654,-0.24190029239356517
1789030923049428700,67.4944287109375,-0.47278059360086916,-0.4485550838828087,-0.2085679316341877
1789030923059432700,67.5044326171875,-0.3974281232357025,-0.46975218569040295,-0.12880407456755638
1789030923069436700,67.51443676757812,-0.2744821270465851,-0.2840980966538191,-0.14896949523985384
1789030923079440000,67.52443994140626,-0.02866319990456104,0.06997603802382946,-0.41479660666584967
1789030923089443600,67.53444360351563,0.006696575029194355,0.5409902064740657,-0.6606213790267705
1789030923099447800,67.54444775390625,0.02088292129188776,0.7167705517500639,-0.7220522915452718
1789030923109451800,67.55445166015625,0.18974749583005904,0.5116220731705426,-0.7167991933226585
1789030923119455000,67.564455078125,0.26412936759740113,0.11504559832811355,-0.7125479656189679
1789030923129459000,67.574458984375,0.3583902443110943,-0.4279004183888435,-0.7268085461616516
1789030923139462700,67.58446264648437,0.3061068071052432,-1.01245562582314,-0.7084370231688022
1789030923149467000,67.594466796875,0.2704468801811337,-1.4964035101264714,-0.6027408524662256
1789030923159469800,67.6044697265625,0.4646528167247772,-1.5595558396100997,-0.39475510463416574
1789030923169473800,67.61447387695313,0.46154316027164455,-1.275022274148464,0.051613867381215095
1789030923179477800,67.62447778320312,0.3056733841240406,-0.9584048866838216,0.3375748352974653
1789030923189480700,67.63448071289062,0.3841466168582439,-0.6724094319760799,0.2677577872276306
1789030923199485000,67.64448486328125,0.5381491378292441,-0.19222586864233016,0.10365034408867359
1789030923209489000,67.65448901367188,0.2614052033305168,0.26429741764068604,-0.20434651454687117
1789030923219492900,67.66449291992187,0.18890899917930362,0.32061551719009873,-0.6204647252053022
1789030923229495800,67.67449584960937,-0.22287352036237715,0.07549801631569862,-0.2049205150425434
1789030923239499800,67.68449975585938,-0.6127165952965616,-0.5730208369851112,0.1299351244240999
1789030923249503700,67.69450366210937,-0.32128596379756924,-1.122110763284564,0.12724924634099005
1789030923259506700,67.70450659179687,-0.522438358478248,-1.3058768466174602,-0.09750584998428821
1789030923269510700,67.7145107421875,0.1933089877039194,-1.048957848790288,-0.1684557014763355
1789030923279515000,67.72451489257813,0.48973582005500793,-0.40663668108582496,0.31159225277900693
1789030923289518800,67.73451879882812,0.368913099630177,-0.00765489866733551,0.36734979583621025
1789030923299521800,67.74452172851562,0.1818696020618081,0.1786602846264839,0.07175766074359416
1789030923309525800,67.75452587890625,-0.16807546998709438,0.10010404978394508,-0.1337912153303623
1789030923319529700,67.76452978515626,-0.14283318444192408,-0.12107026544511318,-0.22443828546106814
1789030923329533700,67.77453369140625,0.22422493497133253,-0.0782441001534462,-0.24049860890209673
1789030923339537000,67.78453686523437,0.05046060569286346,0.09631576341688633,-0.18797288737297058
1789030923349540600,67.79454052734376,-0.2672171044796705,-0.013158756780624389,0.02285363684296608
1789030923359544800,67.804544921875,-0.06715688894987105,-0.22349194452166557,0.13279168289899826
1789030923369547800,67.8145478515625,0.029326924510300157,-0.21203005478680131,0.1671142237395048
1789030923379552000,67.82455200195312,0.035431378865242,-0.01433598386645317,0.17881050675213336
1789030923389555700,67.8345556640625,0.03259586317837238,0.1928729343742132,0.13922843794822692
1789030923399559700,67.8445595703125,0.16673253094553947,0.4047206183314323,0.06399287196099758
1789030923409563000,67.85456298828124,-0.07987666979134082,0.6018588089346886,0.18525895223915576
1789030923419566800,67.86456689453125,-0.6169225225538015,0.5663870980590582,0.546926026263833
1789030923429570800,67.87457080078126,-1.1621885066509245,0.14284195227026938,1.0572960535466671
1789030923439574800,67.88457470703125,-0.5629889800533652,-0.31638883940577506,0.8528869951575994
1789030923449577700,67.89457763671875,-0.16802870823591948,-0.3010995003372431,0.5849035824805497
1789030923459582000,67.90458203125,0.013289689683914184,-0.05254793336093425,0.43225569098889827
1789030923469586000,67.9145859375,-0.15434885019063949,0.13271160340011118,0.5206833315044641
1789030923479588900,67.9245888671875,-0.2777542805850506,0.18996376892924308,0.8208493503838777
1789030923489592800,67.9345927734375,0.07603753001987934,0.1595551866620779,0.7887713735997677
1789030923499596800,67.9445966796875,-0.026239772149920463,0.10582476551830768,0.5053805484324694
1789030923509600800,67.95460083007812,-0.4546700596317649,-0.08425473874509334,0.5460673636078834
1789030923519603700,67.96460375976562,-0.2814268316179514,-0.2656955940008163,0.7305664373904466
1789030923529607700,67.97460766601563,0.17927403261065483,-0.2217524073779583,0.5819289505839348
1789030923539612000,67.98461181640624,0.3245455501154065,-0.003168693163990974,0.23715514369308946
1789030923549614800,67.99461474609375,0.3414838254347443,0.16182722324728965,-0.20219372042715547
1789030923559618800,68.00461889648437,0.16454232742488384,0.28203765699267386,-0.2360907293319702
1789030923569622800,68.01462280273438,0.27581016077995296,0.27288813585340976,-0.19265023153424263
1789030923579626800,68.02462670898437,0.5029740718126297,0.19543197120726108,-0.20177578727602957
1789030923589630000,68.0346298828125,0.5115209508836269,0.022643793484568596,-0.23318682458400725
1789030923599633700,68.04463354492188,0.5228568761512636,-0.269403800868988,-0.19379530991613864
1789030923609637600,68.0546376953125,0.5100222367584705,-0.4993091195642948,-0.11301204667389392
1789030923619642000,68.06464208984374,0.5094111191228032,-0.6222206289619207,0.05897650510370731
1789030923629644800,68.07464477539062,0.35646892085969445,-0.609959697803855,0.26456220605671404
1789030923639649000,68.08464892578125,0.38395840080976484,-0.5698977365285158,0.5358043282687663
1789030923649653000,68.09465307617188,0.28593904834538697,-0.5906804123163223,0.7739391306489706
1789030923659656000,68.10465600585937,0.581783112372458,-0.48152036489546296,0.6282628317356109
1789030923669660000,68.11465991210937,0.8385206161528825,-0.15083762719929217,0.03739011171758175
1789030923679663900,68.12466381835938,1.1087614523679017,0.1881850688189268,-0.6277122121155262
1789030923689667800,68.13466772460937,0.9062462449014186,0.2847890015274286,-0.8832470621079206
1789030923699671000,68.14467114257812,0.22847499363124368,0.24805998406708238,-0.6015156945854425
1789030923709674800,68.1546748046875,-0.31070933246463533,0.059653381451964374,-0.03457797690629959
1789030923719679000,68.16467895507813,-0.19557576359212397,-0.1931038205206394,0.4419470639199018
1789030923729683000,68.17468286132812,0.22833646194338797,-0.2869008791148662,0.4538765711665153
1789030923739686000,68.18468579101562,0.6672732381314039,0.023802315869927405,0.0338847339451313
1789030923749689900,68.19468994140625,1.0301403355956078,0.5277805962890386,-0.5382359393298626
1789030923759693800,68.20469384765624,0.8935188652753829,0.9808411748975515,-0.8384609949201345
1789030923769697000,68.21469702148437,0.3201204271495342,0.8954384351611137,-0.5415203678280115
1789030923779701000,68.22470092773438,-0.13551906203627587,0.5040455004364252,-0.07822481093108653
1789030923789705000,68.234705078125,-0.08434884676933288,0.3999029889166355,0.14260931255817413
1789030923799709000,68.244708984375,0.13934358876049519,0.4532540553539991,0.02514496265053749
1789030923809711900,68.2547119140625,-0.03372895886152982,0.513204958447814,-0.05627367588579654
1789030923819716000,68.26471606445313,-0.2731388957440853,0.5568026926338673,-0.018318916022777555
1789030923829720000,68.27471997070313,-0.13311726159155368,0.5161936188697814,-0.1863642831325531
1789030923839723800,68.28472387695312,-0.09785568633526563,0.3042582566291094,-0.30752222686111924
1789030923849727000,68.29472705078125,-0.39204759924113747,0.025169512569904327,-0.27692425950169564
1789030923859731000,68.30473095703125,-0.40698856326341626,-0.10704700078964233,-0.10961188284158706
1789030923869735000,68.31473486328125,-0.05102496157735586,-0.019197452422976494,0.018594810354709623
1789030923879737900,68.32473779296875,0.1792895224407315,0.04200900368988514,0.021464812833070755
1789030923889741800,68.33474194335938,-0.07833966948240995,0.037837270963191984,0.21616846976578236
1789030923899746000,68.34474609375,-0.17064385917037725,-0.10372224028110504,0.489797194853425
1789030923909750000,68.35475,-0.07320142981112003,-0.3924170170754194,0.7058867541640996
1789030923919753000,68.3647529296875,-0.026428280459344384,-0.6634568947136402,0.7613713254988193
1789030923929757000,68.3747568359375,-0.27028292179107666,-0.7881792529255152,0.8624509423166513
1789030923939761000,68.38476098632813,-0.599288081663847,-0.9108505238264799,1.09171854763031
1789030923949764000,68.39476416015626,-0.3580138122141361,-0.9664414781451225,1.055617891201377
1789030923959767800,68.40476782226563,0.018110826230049133,-0.7658943558812141,0.5468734192937612
1789030923969771800,68.41477172851563,0.00783873080164194,-0.43296939221620556,0.08468436233401298
1789030923979776000,68.42477587890625,-0.2331061605632305,-0.07456102772653102,0.13271160340011118
1789030923989779000,68.43477905273437,-0.5310930818378925,0.21182371855974197,0.5706184520184994
1789030923999783000,68.44478295898438,-0.5234761770933867,0.25084230826199055,0.7806547026395797
1789030924009787000,68.45478686523437,-0.0627259207651019,0.16962182264626025,0.6770943749219179
1789030924019789800,68.46478979492187,0.19936814161241054,0.14057342281639576,0.37162148180603977
1789030924029794000,68.4747939453125,0.12379881362617015,0.2435889761328697,0.07700257565975188
1789030924039798000,68.48479809570313,-0.14437339962124823,0.33053602270185944,-0.029439444974064824
1789030924049801700,68.4948017578125,-0.32803573031872507,0.3318447672128677,-0.03771569041013718
1789030924059805000,68.50480493164062,-0.23733868356645105,0.20387129825055597,0.036347909188270563
1789030924069809000,68.51480883789063,0.003193243083357811,-0.05039747732877731,0.2284872685909271
1789030924079813000,68.52481323242188,0.21387246778309343,-0.457241663685441,0.327461437562108
1789030924089816800,68.53481689453125,0.4382935098484158,-0.7794441578060388,0.23769874905049798
1789030924099819800,68.54481982421875,0.409074137365818,-0.9152753545314073,0.06947568728625773
1789030924109824000,68.55482397460938,0.5320294859051704,-0.9587719664305447,-0.202580673918128
1789030924119828000,68.56482788085937,0.7336825235843658,-0.9380722927510737,-0.2685825476139784
1789030924129831000,68.57483081054687,0.6867816561996937,-0.8542594525545835,-0.14677286197841166
1789030924139835000,68.5848349609375,0.6144447342634201,-0.6384130543500185,-0.03852583774924278
1789030924149838800,68.5948388671875,0.6715493080154061,-0.433000371876359,-0.09936170698404312
1789030924159843000,68.60484301757812,0.5339972788468003,-0.3156535108685493,-0.19580664973855016
1789030924169845800,68.614845703125,0.40058337239623065,-0.33493747253119943,-0.0866746593683958
1789030924179850000,68.62485009765625,0.26757950805127617,-0.25924656399190427,0.09052315149009227
1789030924189854000,68.63485400390626,0.2661415842026472,-0.19884148738980292,-0.010478139394521713
1789030924199857000,68.64485693359374,0.3265887463808059,0.005732406172156333,-0.018466215538978575
1789030924209861000,68.65486108398437,0.037063948503136636,0.025561142235994337,0.24938860232234
1789030924219864800,68.66486474609376,0.19098609771430491,-0.2354284660309553,0.1948778444558382
1789030924229868800,68.67486889648437,0.44431876148730515,-0.3859276550561189,-0.11225275273919105
1789030924239872000,68.6848720703125,0.6429857690930366,-0.26213059499561786,-0.3640332186341286
1789030924249876000,68.6948759765625,0.7783096008181571,-0.02539455349743366,-0.4428150789260864
1789030924259880000,68.7048798828125,0.7520426484003663,0.03472527642250061,-0.36583354605436325
1789030924269884000,68.7148837890625,0.6751882490396499,-0.10133739097118377,-0.17158815428316593
1789030924279886800,68.72488696289062,0.5335860676974058,-0.30787527808248993,0.011639584389328956
1789030924289891000,68.73489111328125,0.40272184572964903,-0.4144885636299848,0.09742050978839396
1789030924299894800,68.74489477539062,0.43472178884148593,-0.27524785072207447,-0.001166121169924736
1789030924309898000,68.75489794921874,0.29082097516804933,-0.11797229942977427,0.057550271692872045
1789030924319902000,68.76490185546875,0.22098463787585496,-0.062407064074277874,0.32862872777581215
1789030924329906000,68.77490600585938,0.2327902264818549,-0.05800035354793071,0.5454921940684319
1789030924339910100,68.78491015625,0.3580596971824765,-0.08228431545495986,0.45821547715365885
1789030924349912800,68.79491284179687,0.3279173646360636,0.054174073258042334,0.2182920377910137
1789030924359916800,68.80491674804688,0.17489508687406777,0.14739187065958975,0.2808534156441688
1789030924369921000,68.81492114257813,-0.153268069216609,-0.08536006963849067,0.6871124955892562
1789030924379923700,68.824923828125,-0.0570814851373434,-0.42598084850311274,0.8968436257839202
1789030924389928000,68.83492797851562,0.06985270390510559,-0.5432119741767645,0.9119961867302656
1789030924399932000,68.84493188476563,0.14756108974665402,-0.4441676625788212,0.7838894467771053
1789030924409936000,68.85493579101562,-0.1344149001866579,-0.24189152456521987,1.0324293233156203
1789030924419939000,68.86493896484374,0.00834463449716568,-0.15512158812880514,0.9976192912191152
1789030924429942800,68.87494287109375,0.6382283454328775,0.2854290529966354,0.34812896253764625
1789030924439947000,68.88494702148438,0.8016928144931793,1.0257675273388625,-0.09216741156578064
1789030924449951000,68.89495092773437,0.4247410775750875,1.3389374046981335,-0.07364625096917152
1789030924459954000,68.90495385742187,-0.025775661769509316,1.2157833187162876,0.06126899995505809
1789030924469958000,68.9149580078125,-0.6208858732268214,0.6675503015071154,0.4172954377442598
1789030924479961900,68.9249619140625,-0.32477088330388065,-0.07128010635972022,0.6119125854372978
1789030924489965000,68.93496508789063,0.31304128254353997,-0.5008680394440889,0.7322019296377896
1789030924499969000,68.94496899414062,0.7213616789326072,-0.7593219917535782,0.5782055461466312
1789030924509972700,68.95497265625,0.9155345899894833,-0.6809130564272403,0.2564899587601423
1789030924519977000,68.96497705078124,0.5837503207921981,-0.5208218631923198,0.2247843224197626
1789030924529980000,68.97497998046875,0.6140323540702461,-0.5248614939719438,0.3647983577877283
1789030924539984000,68.98498388671875,0.187369660782814,-0.627509383019805,0.9003308833777904
1789030924549988000,68.99498803710938,0.11697218247652053,-0.9165116183280945,1.106254437983036
1789030924559990800,69.00499072265625,0.41538054403364655,-0.8852876280248164,1.043459835895896
1789030924569995000,69.0149951171875,0.5394511603385209,-0.600433160045743,0.9203858294129371
1789030924579999000,69.0249990234375,0.7592799061775207,-0.26900164980888364,0.6044517480373383
1789030924590003000,69.0350029296875,0.8819564377754926,-0.04214227468073368,0.5001777190923691
1789030924600006000,69.045005859375,0.6483844132661819,-0.04470540316700935,0.7603940048992633
1789030924610009900,69.055009765625,0.5671031373739243,-0.216618551620841,0.7975631673425435
1789030924620014000,69.06501416015625,0.7519730902954935,-0.2632733352899551,0.4999935946971178
1789030924630017300,69.07501733398438,0.8939087413758039,-0.22853812199532986,0.06793605662882328
1789030924640021200,69.08502124023437,0.9042872197881341,0.0020616087049245835,-0.10587971057593822
1789030924650025500,69.095025390625,0.8015466840207577,0.2490828973740339,-0.31444939577579495
1789030924660029400,69.10502954101563,0.5244742482200264,0.31909985193014145,-0.48171676425039767
1789030924670032400,69.11503247070313,-0.020904256340861318,0.21643793435692785,-0.5943102932512759
1789030924680036400,69.12503637695312,-0.2744143225073814,-0.03874795606732368,-0.31976153070926666
1789030924690040300,69.13504028320312,-0.1695242074906826,-0.3821668412178755,-0.12115209850966929
1789030924700043300,69.14504321289063,0.2867883586511016,-0.3399175990313291,-0.037843700703978536
1789030924710047200,69.15504711914062,0.5174146850973368,0.08301496781706809,-0.10512918446958064
1789030924720051200,69.16505126953125,0.3845300632178783,0.4602858536869287,-0.16028350093662738
1789030924730055400,69.17505541992188,0.05205781175643205,0.43763563046157355,-0.05645546219348907
1789030924740058000,69.18505810546876,0.10711509758979082,0.2236953581392765,-0.18023498659729956
1789030924750062300,69.19506225585937,0.29554186621010303,0.04787409633100032,-0.14877543397247792
1789030924760066300,69.20506640625,0.242355634945631,-0.03863105168938637,-0.14082126009762286
1789030924770069200,69.2150693359375,0.14205927745997904,0.10132511601150035,-0.11220014576911926
1789030924780073500,69.22507348632813,0.17109481780827043,0.224679108479619,-0.06980944928526878
1789030924790077200,69.2350771484375,0.17802812420278785,0.3985533278733492,-0.039490883389115335
1789030924800081200,69.2450810546875,0.2566100780084729,0.6770721630901098,-0.09572714987397193
1789030924810084400,69.25508447265625,0.31876492088735103,0.8555945005506277,-0.2924555906325578
1789030924820088300,69.26508837890626,0.25537235290706156,0.9698451491087674,-0.4195785802453756
1789030924830092300,69.27509228515625,-0.07516951501369476,0.9051198712199926,-0.10561726024746894
1789030924840095200,69.28509521484375,-0.44328211191594596,0.5519149205923081,0.4195329875379801
1789030924850099200,69.29509912109376,-0.3605196575552225,0.10870879652202128,0.6926338893592358
1789030924860103400,69.305103515625,0.21257366014420984,-0.19483225174844263,0.5054185423552989
1789030924870107400,69.315107421875,0.27499095335155727,-0.291990895730257,0.28395021261572834
1789030924880110300,69.3251103515625,0.009859715235233307,-0.3601753741621971,0.196681679007411
1789030924890114300,69.3351142578125,-0.13596096058487891,-0.2820879258751869,0.19145137713849544
1789030924900118300,69.3451181640625,-0.1910129857212305,-0.178290866792202,0.2061187849164009
1789030924910121200,69.35512133789062,-0.06977496249377727,-0.0066606269329786295,0.13416004864275455
1789030924920125200,69.36512524414063,-0.11514262896180152,0.10249299074709414,0.055359483650326724
1789030924930129400,69.37512939453126,-0.2566828509837389,0.07288052729368209,0.28549627301394936
1789030924940133400,69.38513330078125,-0.07733984479010104,-0.10696049154996871,0.3395557799816131
1789030924950136000,69.39513598632813,0.04624824869483709,-0.3268956203728914,0.3707324240118265
1789030924960140300,69.40514038085938,0.07631225530803203,-0.5867506716519594,0.47877603462338447
1789030924970144300,69.41514428710937,0.057531566992402076,-0.7325012048453092,0.42254736692309375
1789030924980147500,69.4251474609375,-0.2458098670527339,-0.7085363918900489,0.4300193102389574
1789030924990151400,69.4351513671875,-0.54673576438874,-0.6773854668229818,0.5964660099804401
1789030925000155100,69.44515502929687,-0.3110024701923132,-0.7372972069501876,0.7837766340523957
1789030925010159400,69.45515942382812,0.1456079098522663,-0.6284925488382578,0.5583177733719349
1789030925020162300,69.46516235351562,0.2688856222137809,-0.19424656081497668,0.11529928082823752
1789030925030166300,69.47516625976563,-0.013169278174638747,0.2202303123772144,-0.006647182929515838
1789030925040170200,69.48517016601562,-0.1446802736133337,0.2712012056797743,0.2138654535204172
1789030925050173200,69.49517309570312,-0.03132160545885563,-0.05904781677424907,0.3784229785144329
1789030925060177400,69.50517749023437,0.18024726155698298,-0.514519548177719,0.49026013619005676
1789030925070181400,69.51518139648438,0.33466830020099875,-0.8642208745986223,0.3096598234117031
1789030925080185300,69.52518530273437,0.49573973664492366,-0.8776566947549581,0.04922317285239696
1789030925090188300,69.53518823242187,0.5414648382484912,-0.7582856344431639,-0.1509720672339201
1789030925100192300,69.54519213867188,0.5715154008582234,-0.5150555547505616,-0.3903314429730177
1789030925110196500,69.55519653320313,0.43602790300399064,-0.227085000577569,-0.28041210161745544
1789030925120199200,69.56519921875,0.5153089449897408,-0.14015665870904923,-0.2542944945424795
1789030925130203100,69.575203125,0.76606971244812,-0.09673661917746067,-0.467092611092329
1789030925140207400,69.58520727539063,0.8448322835177182,-0.010620178213715553,-0.7704793455839156
1789030925150211300,69.59521142578124,0.49342123056948184,-0.13215630760490893,-0.7379360893756151
1789030925160214300,69.60521435546875,0.13272475514262913,-0.6080535719215869,-0.4343488638758659
1789030925170218200,69.61521826171875,0.06507365293502808,-1.09889881452322,-0.2274719540685415
1789030925180222200,69.62522216796874,0.03299713745564222,-1.0455179374694823,-0.33708383691012855
1789030925190225400,69.63522534179687,0.3144467654272914,-0.38120179557800293,-0.37311259714663025
1789030925200229400,69.6452294921875,0.3201215961933136,0.35589784297347066,-0.6717436615437269
1789030925210233000,69.65523315429688,0.23619945040345192,0.43430444021224973,-0.9051409140080213
1789030925220237300,69.6652373046875,0.4003445952042937,0.1468278070360422,-0.5615718067318201
1789030925230240300,69.675240234375,0.39311610525548457,-0.26620705065429207,-0.17535130620896816
1789030925240244500,69.68524438476562,0.4790934300094843,-0.7532172451376915,-0.34962592309713364
1789030925250248200,69.69524829101563,0.5796697734802961,-0.9166273536622523,-0.5426935032606125
1789030925260251400,69.70525146484376,0.42359512241035696,-0.7788543752193451,-0.514478631645441
1789030925270255400,69.71525537109375,-0.09557751227021216,-0.6865116070866585,0.09940379256010055
1789030925280259300,69.72525927734375,-0.18011925126314163,-0.7312281161695718,0.5533171886056661
1789030925290263300,69.73526318359374,-0.09862141001075506,-0.4904232177972793,0.44036943933963774
1789030925300266200,69.74526635742187,-0.03766016083061695,-0.11707272024154662,0.2274807218968868
1789030925310270200,69.75527026367187,-0.3134890263110399,0.02788870840072632,0.33706630125343795
1789030925320274400,69.7652744140625,-0.3239408622205257,-0.19277122756540774,0.5359399373471737
1789030925330277000,69.77527709960937,-0.14377075755298138,-0.4625269106119871,0.5114958164423704
1789030925340281300,69.78528125,0.07486907076239585,-0.4106353953331709,0.3033785511851311
1789030925350285300,69.79528540039063,0.036083120772242544,-0.19754443331658839,0.277483062428236
1789030925360289300,69.80528930664063,-0.24219664499163626,-0.09062252021133899,0.5394108283281326
1789030925370292200,69.81529223632812,-0.21778876444399356,-0.1393430042386055,0.6310252821862697
1789030925380296200,69.82529614257813,0.16082944438159466,-0.092726214492321,0.4005611605644226
1789030925390300200,69.83530004882813,0.1809527794778347,0.11355156037807464,0.23676877472400665
1789030925400303400,69.84530346679688,0.09170826962143182,0.21524317161440848,0.10893149936199188
1789030925410307300,69.85530737304687,0.16166180355250834,0.20926760433614253,-0.02164484557509422
1789030925420311300,69.86531127929688,0.24311960505545138,0.21669863111972806,-0.17559563635885714
1789030925430315300,69.87531518554688,0.1963625300556421,0.3368938672959804,-0.2684206350505352
1789030925440318500,69.885318359375,0.49623979512155053,0.4284545451402664,-0.6555863074690104
1789030925450322400,69.89532250976562,0.42680093271434305,0.5199900885432959,-0.8476637075513601
1789030925460326100,69.905326171875,0.2353299740925431,0.4753045591205358,-0.6679641430050134
1789030925470329300,69.91532934570313,-0.3059475248903036,0.3076981679499149,-0.08931845187544822
1789030925480333300,69.92533325195312,-0.573116406314075,-0.03857786019742489,0.5004121123701334
1789030925490337300,69.93533715820313,-0.25783435910642144,-0.20971067192852497,0.8559604112535715
1789030925500341500,69.94534155273438,0.22012334487140178,-0.22660218549668787,0.8142039210200309
1789030925510344200,69.95534423828126,0.2749900765687227,-0.2054991917133331,0.9375111517369746
1789030925520348400,69.96534838867187,0.019621815314888953,-0.3179839996427297,1.116696337020397
1789030925530352400,69.97535229492188,-0.34368075095713135,-0.43445057068467136,1.3919056092977522
1789030925540355300,69.98535522460938,-0.5683166048169136,-0.7531856809556484,1.5381874728888272
1789030925550359300,69.995359375,-0.32230186284184453,-0.8457569971472024,1.5930857687681912
1789030925560363300,70.00536328125,-0.06555822158157826,-0.7081722347527742,1.4214894311785697
1789030925570367200,70.0153671875,0.13413432967960834,-0.4519944106817245,1.0637100122421979
1789030925580370200,70.0253701171875,-0.032168285416066644,-0.22435937500596045,0.8631348329275846
1789030925590374100,70.0353740234375,-0.34908933200240133,-0.251335644736886,0.7310983523100614
1789030925600378400,70.04537841796875,-0.21314941420555114,-0.3958417308270931,0.5828577558666468
1789030925610381300,70.05538134765625,0.2360737781971693,-0.3838561094790697,0.23071254342496395
1789030925620385500,70.06538549804688,0.301728153629601,-0.2522171037465334,-0.2699181801319122
1789030925630388500,70.07538842773438,-0.08078297098129987,-0.07709142298698425,-0.4077402584135532
1789030925640392400,70.08539233398437,-0.33792964008450505,0.011537293058633803,-0.360828285112977
1789030925650395600,70.09539575195312,-0.1786386573165655,-0.01961187844276428,-0.7228244449615479
1789030925660399400,70.1053994140625,0.29563597423434257,0.18474457297623156,-1.317415893241763
1789030925670403600,70.11540356445313,0.634948885370791,0.5179021763533354,-1.8840058203965424
1789030925680406500,70.12540649414062,0.651677901853621,0.7590478509873151,-2.0668360841840503
1789030925690410500,70.13541040039063,0.2024023947417736,0.8302361874103545,-1.626971671757102
1789030925700414700,70.14541479492188,-0.22410218537449836,0.6364350322753191,-1.1132394745647907
1789030925710418400,70.15541845703125,-0.17242577415108679,0.39105449655055996,-0.8175286815285682
1789030925720421600,70.16542163085937,0.44092648870050904,0.29771102694272994,-0.8040285639643668
1789030925730425600,70.17542553710938,0.6831517752647399,0.3635860593885183,-0.855573457762599
1789030925740429600,70.1854296875,0.39256723920106884,0.4669435580104589,-0.3192114956110716
1789030925750432500,70.1954326171875,0.15363690252900122,0.32400457510650155,0.036437925559282304
1789030925760436500,70.2054365234375,0.36403467993885275,0.28130291297733784,0.1681160942584276
1789030925770440700,70.21544067382813,0.4927525375276804,0.24192425779104232,0.09339315396845341
1789030925780444700,70.22544458007812,0.2741232306063175,0.134907067617774,0.12878887699842453
1789030925790447400,70.235447265625,-0.17110709276795386,-0.13152093231081963,0.3326864787340164
1789030925800451600,70.24545166015625,-0.3529647121310234,-0.4054717289596796,0.5627390969455242
1789030925810455600,70.25545556640625,-0.27879999024569985,-0.5403893179714679,0.6011579671889543
1789030925820458800,70.26545874023438,-0.24822160436958074,-0.5248661701470613,0.6397714832216501
1789030925830462500,70.27546240234375,-0.4195221738830209,-0.5819897408604622,0.5730319429010152
1789030925840466400,70.28546655273438,-0.4729889756545424,-0.6786380972325802,0.5278402175217867
1789030925850469600,70.2954697265625,-0.27760113584995266,-0.7172481061339377,0.33311493327915664
1789030925860473600,70.3054736328125,-0.07280716979652643,-0.5866057102233171,-0.05841185695827007
1789030925870477300,70.31547729492188,-0.04374678726792335,-0.27167992910742755,-0.2745984469026327
1789030925880481500,70.3254814453125,-0.19466507848799228,0.09610241292715072,-0.3242757932633161
1789030925890484500,70.335484375,-0.33469664951264855,0.2862999906122684,-0.2126011326730251
1789030925900488700,70.34548876953124,-0.13727204318344594,0.29102818817794324,-0.004642272847890853
1789030925910492700,70.35549267578125,0.20900983018279073,0.16697803013920784,-0.016366028389334677
1789030925920495600,70.36549560546875,0.4124339691877365,0.10103168602287768,-0.10903846686780452
1789030925930499600,70.37549951171874,0.3747209091261029,0.13069091122746468,-0.15703881992697716
1789030925940503600,70.38550366210937,0.302951557944715,0.1619774453729391,-0.25137422318160535
1789030925950507500,70.39550756835938,0.1901002547904849,0.1482709915816784,-0.25198329499065875
1789030925960510500,70.40551049804688,0.19296645787656305,-0.015014613780379294,-0.07860650372505187
1789030925970514400,70.41551440429687,0.07790098580420017,-0.2823912927359342,0.24675357764363287
1789030925980518700,70.4255185546875,-0.09410100997686385,-0.5943488716959953,0.4271171590566635
1789030925990521300,70.43552124023438,-0.18243483472913502,-0.9684446346610784,0.6357634166240692
1789030926000525600,70.44552563476563,0.03369797920137644,-1.413174607297778,0.6697276455461979
1789030926010529500,70.45552954101562,0.19191168812662363,-1.5301111339390276,0.6370072792053222
1789030926020533500,70.46553344726563,0.08691811273545026,-1.2381278369933366,0.661280719718337
1789030926030536700,70.47553662109375,-0.014672960735857487,-0.8797504521638154,0.5327578001797199
1789030926040540400,70.48554052734374,0.11082359671890735,-0.5680290200471878,0.22624738070964812
1789030926050544400,70.49554443359375,0.3870218800336122,-0.29865619883835315,-0.22285656922757624
1789030926060547600,70.50554760742187,0.47222646684944625,-0.04139467118382454,-0.46558746722638605
1789030926070551600,70.51555151367188,0.2583747495934367,0.030351299121975896,-0.18274667715728282
1789030926080555500,70.52555541992187,0.05489069709479809,-0.2028688432097435,0.05333236173689365
1789030926090559500,70.5355595703125,0.020777999612689016,-0.43157939916253085,-0.1237578970938921
1789030926100562700,70.54556274414062,0.18918577029407024,-0.44963235772550103,-0.4450456144571304
1789030926110566700,70.55556665039063,0.30012656365185975,-0.37470191216468807,-0.4502040201336145
1789030926120570600,70.56557055664062,0.4371142369359731,-0.30812428440749645,-0.34022973372042176
1789030926130573600,70.57557348632812,0.4835854807317257,-0.25584406207203864,-0.21425006892383097
1789030926140577500,70.58557763671875,0.255707283949852,-0.20736732367277144,0.15121289025247095
1789030926150581500,70.59558154296874,0.005457096362113952,-0.2688128492385149,0.4995926126807928
1789030926160584400,70.60558447265625,0.12988485554158688,-0.15627192720770836,0.7789478987216949
1789030926170588400,70.61558837890625,0.27712767311930653,0.11900514960885047,0.5074164381742478
1789030926180592600,70.62559252929688,0.09298106603622436,0.22093992195129394,0.3037204964905977
1789030926190596600,70.6355966796875,0.34839959617257116,-0.0031768764704465866,0.1713888323187828
1789030926200599600,70.645599609375,0.665258975699544,-0.1472293735742569,-0.09973463194966316
1789030926210603500,70.655603515625,0.3162029614448547,-0.3853495629072189,-0.367009019574523
1789030926220607500,70.665607421875,0.2582785957425833,-0.7773322802186012,-0.31360826877653597
1789030926230610700,70.67561059570312,0.4567378058165312,-0.914326675504446,-0.11522329298257827
1789030926240614700,70.68561474609375,0.5935597671449184,-0.6072416710168123,-0.08954699993431568
1789030926250618400,70.69561840820313,0.306125804066658,-0.2744768663495779,0.048993455749750135
1789030926260622600,70.70562255859375,0.035270050823688504,-0.09774667300283908,0.36348961327672
1789030926270625500,70.71562548828125,-0.12356880426257848,-0.06480594190955162,0.6260188522011041
1789030926280629800,70.72562963867188,0.09474339953362941,-0.040381110227108,0.39409576394259926
1789030926290633500,70.73563354492188,0.4588181192219257,0.29547873784601686,-0.05678863967061042
1789030926300636400,70.74563647460937,0.23427111268937587,0.6762795514076948,-0.03893383402824402
1789030926310640600,70.755640625,-0.1969914756089449,0.48686347948908804,0.2514619014650583
1789030926320644600,70.76564453125,-0.020967676965892315,0.09527239184379577,0.4189946428775787
1789030926330648600,70.77564868164062,0.27369009988605975,-0.2263835743099451,0.20120237130224702
1789030926340651500,70.78565161132812,0.5761275708287954,-0.15865385390818118,-0.236251472851634
1789030926350655500,70.79565551757813,0.4053738215431571,0.0793850868821144,-0.3371609937995672
1789030926360659700,70.80565966796875,-0.031245909874141213,0.08399228841662407,-0.019783727878332137
1789030926370662400,70.81566235351562,-0.18136136027872563,-0.11022913795709609,0.4208978461503982
1789030926380666400,70.82566625976563,-0.04665595271289348,-0.3098117991030216,0.6807786163926124
1789030926390670600,70.83567065429688,0.2504185298919678,-0.17932956219017504,0.5807680901110172
1789030926400673500,70.84567358398438,0.32803894518911836,0.2249228541076183,0.42000469670295715
1789030926410677500,70.85567749023437,-0.020797581095993518,0.40437107424139973,0.30832214506715533
1789030926420681500,70.86568139648438,-0.17077391529083252,0.36453941459059713,0.2730444954589009
1789030926430685400,70.875685546875,0.029294483545422554,0.1440957517236471,0.19927637167572973
1789030926440688600,70.88568872070313,0.3719949912935495,0.1427156955420971,0.3523193999648094
1789030926450692600,70.89569262695312,0.2050885650858283,0.13346797472536562,0.6732701404586434
1789030926460696600,70.90569653320313,0.39706513514220715,-0.017492986592650413,0.584541471169889
1789030926470699500,70.91569946289063,0.026426819154620168,-0.15863748729526997,0.7118573530063033
1789030926480703500,70.92570336914062,-0.33486353051215406,-0.4488362389117479,0.9886325594261288
1789030926490707700,70.93570776367187,0.42503947599977254,-0.5138561158329248,0.9480679093256592
1789030926500710400,70.94571044921875,0.930126886704564,-0.29431670832931994,0.5868000637516378
1789030926510714600,70.95571459960938,0.6483189468145371,-0.08842530242800713,0.4561737421929836
1789030926520718600,70.96571850585937,0.4155567773833871,-0.13875789782702921,0.2833057772323489
1789030926530722600,70.97572265625,0.2612263396322727,-0.26469664609134197,0.09872311681956052
1789030926540725500,70.9857255859375,0.06820318313241004,-0.36454292172193525,0.21925094595104455
1789030926550729500,70.9957294921875,0.031468612714111804,-0.4265998571842909,0.5035486568301916
1789030926560733400,71.0057333984375,-0.023849662142992018,-0.5716016178369522,0.591880143494904
1789030926570736600,71.01573657226562,0.4222942689448595,-0.6940408335477113,0.2649202257141471
1789030926580740400,71.025740234375,0.6804246883884072,-0.4575947149068117,0.05530658441931009
1789030926590744600,71.03574462890624,0.4615913833275437,-0.2240834806740284,0.17078297538012266
1789030926600748500,71.04574853515625,0.22723522270321844,-0.31401451148986814,0.30343671111315484
1789030926610751700,71.05575170898437,0.34804975982159375,-0.33565468088984485,0.29314941811561585
1789030926620755500,71.06575537109374,0.4664478834480047,-0.33915947414040565,-0.07812894934117794
1789030926630759400,71.07575952148437,0.7220990532964467,-0.16318389855325222,-0.41573417977690696
1789030926640762600,71.0857626953125,0.908712927275896,0.12125614340603351,-0.5901420676559209
1789030926650766300,71.09576635742188,0.5872662199586629,0.21532442015707492,-0.6702981389105319
1789030926660770300,71.10577026367187,0.45285541142523283,0.36927930259406566,-0.584520720642805
1789030926670773500,71.1157734375,0.30867110463529823,0.4338175334781408,-0.4036024279564619
1789030926680777500,71.12577758789062,0.5562932818070053,0.39567280400097365,-0.5957733515411615
1789030926690781400,71.13578149414063,0.5521995827525854,0.38052082757651806,-0.6609720921605825
1789030926700785400,71.14578540039062,0.20372721360474824,0.2574316235244274,-0.568800588941574
1789030926710788600,71.15578857421875,0.14986615181863308,0.17260171523988246,-0.5158072499006986
1789030926720792600,71.16579248046875,0.2343915241986513,0.2678980724811554,-0.3784218094706535
1789030926730796500,71.17579663085938,0.15300708019286394,0.2790507501363754,-0.3426303651213646
1789030926740799500,71.18579956054687,-0.1214525427609682,0.2032785930544138,0.09336451239585876
1789030926750803500,71.19580346679687,-0.5806532315596937,-0.09956161347031593,0.5397469284147024
1789030926760807400,71.20580737304688,-0.4680827911734581,-0.1378776078611612,0.510845828101039
1789030926770810400,71.21581030273437,-0.18011457508802414,0.1184767418205738,0.35197920822501183
1789030926780814300,71.225814453125,0.027125907334685322,0.43695758506953714,-0.007905074036121368
1789030926790818600,71.23581860351563,-0.2213312593564391,0.4920733230918646,-0.023862521624565123
1789030926800822500,71.24582250976563,-0.39616146430075166,0.23045184666216373,0.14996668958365916
1789030926810825500,71.25582543945312,-0.3359790905386209,-0.0927221228390932,0.32039807504713536
1789030926820829400,71.26582934570312,-0.21443653140664098,-0.256861714681983,0.4842372226387262
1789030926830833400,71.27583349609375,-0.26023089885413647,-0.25225275958180426,0.3876291982769966
1789030926840836600,71.28583666992188,-0.13165829495489598,-0.20774550933539865,0.3434796754270792
1789030926850840600,71.29584057617187,0.016871639823913574,-0.22648118946552276,0.3281079187721014
1789030926860844300,71.30584423828125,0.015643851594626904,-0.258976514878869,0.18536475070118902
1789030926870848500,71.3158486328125,0.06454582966864109,-0.3755015381097793,-0.05231587817072868
1789030926880851500,71.3258515625,-0.008262509171664715,-0.47705870931148525,-0.12573884177803993
1789030926890855400,71.33585546875,-0.21219956613481045,-0.5903700311928988,-0.1270651219457388
1789030926900859400,71.345859375,-0.1917144119888544,-0.7168979775220156,-0.08995850334465504
1789030926910862300,71.3558623046875,-0.2416717443346977,-0.6858347307384014,-0.004081131833791733
1789030926920866600,71.36586645507812,-0.3841507085114717,-0.45361996605694294,-0.15933131477832793
1789030926930870500,71.37587060546875,-0.4143684443816542,-0.15368366428017616,-0.3277595437258482
1789030926940873500,71.38587353515625,-0.40636955458223817,0.012132336342334746,-0.4129898495048284
1789030926950877400,71.39587744140626,-0.3861725697278976,0.04052373356819153,-0.38130467143058777
1789030926960881400,71.40588134765625,-0.32366496788859367,-0.10475567498207092,-0.24246260245144366
1789030926970885600,71.4158857421875,-0.08125292658060788,-0.4181757277101278,-0.20090894131362438
1789030926980888300,71.42588842773438,0.06950169851034879,-0.7104296582907438,-0.07994096719920635
1789030926990892300,71.43589233398437,0.040052901186048984,-0.8842693908929824,0.060462944269180294
1789030927000896500,71.445896484375,0.19696692568957805,-0.9619166941970586,-0.032007834157347675
1789030927010899500,71.4558994140625,0.4002481490924954,-0.7022720707982778,-0.2832546315670013
1789030927020903400,71.4659033203125,0.366673211748898,-0.20477087743878364,-0.42706805921792984
1789030927030907400,71.47590747070312,0.19800854369699955,0.11412906800508499,-0.2791723306894302
1789030927040910600,71.48591064453124,0.07384089675843715,-0.09436696743667125,-0.05755436334609985
1789030927050914600,71.49591455078125,0.2364443650752306,-0.6848661779671907,0.09440203875005244
1789030927060918500,71.50591845703126,0.31205694768130776,-1.1803946099489926,0.1421522164404392
1789030927070922500,71.51592260742187,0.24178747966885566,-1.2819587954133749,-0.034112697482109065
1789030927080925400,71.52592553710937,0.20251813007593153,-1.098969541671872,-0.2614128021150827
1789030927090929400,71.53592944335938,0.2841659011930227,-0.7303034025400876,-0.5046954887777566
1789030927100933600,71.54593359375,0.32733693439960476,-0.27730770586133,-0.7138771683961153
1789030927110936300,71.55593627929687,0.37150516194999217,0.06572364127635956,-0.7128694526582956
1789030927120940500,71.5659404296875,0.22558044123351573,0.19715338817238806,-0.514407904496789
1789030927130944500,71.57594458007813,0.08331453528553247,0.07883154465258121,-0.35321897915303707
1789030927140948500,71.58594848632812,0.018433482313156127,-0.14204641797840595,-0.2213344742268324
1789030927150951400,71.59595141601562,0.16780629765689373,-0.27903905969858167,-0.19074352113008497
1789030927160955400,71.60595532226563,0.5265408253610134,-0.07472001768052577,-0.09673369656801223
1789030927170959400,71.61595947265624,0.4484887406483292,0.2763222019553184,0.3209001793503761
1789030927180962600,71.62596264648438,-0.06202332545369863,0.1011316392660141,0.704498514676094
1789030927190966300,71.63596630859375,-0.31290830381363627,-0.463638671246171,0.9640577978789806
1789030927200970500,71.64597045898438,-0.27295418682694433,-0.9137006525605916,0.7576981899440288
1789030927210973400,71.65597338867188,0.12555997807979583,-0.8552432028949261,0.18497545912265775
1789030927220977700,71.66597778320312,0.5072229614287614,-0.28315409380197526,-0.027853052565455436
1789030927230981400,71.6759814453125,0.25066636717319485,-0.16266425859332084,-0.037109541210532185
1789030927240985300,71.6859853515625,-0.08253156821429729,-0.628010902801156,0.20331015723645685
1789030927250988500,71.69598852539062,0.1228337679862976,-1.0201643005043268,0.07130699436664581
1789030927260992500,71.70599243164062,0.08029489520341157,-0.6620785920977592,-0.25665011775791646
1789030927270996500,71.71599658203125,0.41910161038339133,-0.11823416523635387,-0.6516384466260671
1789030927280999400,71.72599951171875,0.5404331571131944,0.3973270009487867,-0.40739539049863815
1789030927291003400,71.73600341796875,0.2993640548467636,0.690253716224432,-0.04519640155434608
1789030927301007600,71.74600756835937,0.21761106978952882,0.5823819550484418,-0.1117798745304346
1789030927311010300,71.75601025390625,0.13188859657943247,0.3699094171911478,-0.2745107686191797
1789030927321014500,71.7660146484375,0.4313818307638168,0.31525720502734184,-0.3768465229779482
1789030927331018500,71.7760185546875,0.3793190505713224,0.35834231351614,-0.16589549559950828
1789030927341022500,71.7860224609375,0.25818214963078495,0.18178513864874837,-0.05834580598473549
1789030927351025700,71.79602563476563,0.549322566011548,0.18485797022283076,-0.13330255503058433
1789030927361029400,71.806029296875,0.6078928284019232,0.3080886285722256,-0.1277975278735161
1789030927371033300,71.81603344726562,0.4597255894556641,0.40602936284244057,-0.07384849554300307
1789030927381036500,71.82603662109375,0.37692251082360745,0.3282990574300289,0.05751227777004242
1789030927391040500,71.83604052734376,0.2592716984331608,-0.053254620325565334,0.12176584649384022
1789030927401044500,71.84604443359375,0.3371913889378309,-0.45903731493055816,0.07481412570476531
1789030927411047400,71.85604736328125,0.26851474307477474,-0.56623453784585,0.2622147661477327
1789030927421051400,71.86605151367188,-0.1929126818627119,-0.7149117721408605,0.5927326686710119
1789030927431055600,71.8760556640625,-0.11041706174463033,-0.7580015568047761,0.5247919358670711
1789030927441059300,71.88605932617187,-0.1678311398372054,-0.49959436624646186,0.5415408260941506
1789030927451062500,71.8960625,-0.3646174482628703,-0.41225218288004395,0.5667910026848316
1789030927461066500,71.90606640625,-0.23032646671682594,-0.3942500777214765,0.5059107097864151
1789030927471070500,71.91607055664062,-0.28612404952347276,-0.3517909921765327,0.8178197734296322
1789030927481073400,71.92607348632812,-0.31900135999172924,-0.41761750930547714,0.8671621887475252
1789030927491077400,71.93607739257813,-0.4212421295434236,-0.48301557188928124,0.9247720816731453
1789030927501081300,71.94608129882812,-0.12594897739738226,-0.45701720727980133,0.6431085186898708
1789030927511084500,71.95608447265624,-0.2617196761071682,-0.4057008615404367,0.4491898746550083
1789030927521088300,71.96608813476563,-0.058711132165789603,-0.22556349009871482,0.7223135728299618
1789030927531092500,71.97609252929688,0.0977042951658368,0.07539280237555504,0.8951841681391001
1789030927541096400,71.98609643554687,0.2828489733755588,0.25937574332952495,0.5210650242984295
1789030927551099600,71.996099609375,0.08620470376908779,0.38897827479839325,0.29853754089474677
1789030927561103600,72.006103515625,-0.13854863899052142,0.4065250374048948,0.3393389223605394
1789030927571107300,72.016107421875,-0.045832069109380244,0.4042389722943306,0.38930736062228677
1789030927581110500,72.02611059570313,0.31070787115991116,0.36342297778129573,0.25669220333397386
1789030927591114500,72.03611450195312,0.708690997929871,0.32017069603204723,-0.08140811714231967
1789030927601118500,72.04611840820313,0.5177808880612254,0.2580389417678118,-0.20960604251027107
1789030927611121400,72.05612133789063,0.3046662529081106,0.04251870677769184,-0.20824118389785287
1789030927621125400,72.06612548828124,0.3266311242178082,-0.28953999544680115,-0.22127309942841528
1789030927631129900,72.0761298828125,0.39376667811870575,-0.6041022039473056,-0.2753483884871006
1789030927641133800,72.0861337890625,0.4326455670893192,-0.7841518971055745,-0.28852584996819497
1789030927651136800,72.09613671875,0.5393479922249913,-0.7086848604500293,-0.47488837953507895
1789030927661140700,72.106140625,0.30683570590168235,-0.30796237184405323,-0.5826227780669927
1789030927671144700,72.11614477539062,0.13543342957943677,-0.012544424274563789,-0.618991730043292
1789030927681148000,72.12614794921875,0.20803250958323477,0.07393091312944888,-0.4636977079570293
1789030927691152000,72.13615185546875,0.3846142343699932,0.020813070926070213,-0.3005149784475565
1789030927701155800,72.14615576171875,0.7409411164104938,0.09775602535307407,-0.4632236607044935
1789030927711158800,72.15615869140625,0.817751092107594,0.37188393213450904,-0.5015805716276168
1789030927721162800,72.16616284179688,0.09465864385962486,0.4501560893386602,-0.13899638275802134
1789030927731166700,72.17616674804688,-0.36375352490991353,0.15557985329031943,0.34577158575654027
1789030927741171000,72.1861708984375,-0.5014028769731521,-0.32137247303724287,0.8230705335646867
1789030927751173600,72.19617358398438,-0.04395663062632084,-0.582111321413517,0.6031675534456968
1789030927761177900,72.206177734375,0.3146536861762404,-0.2529407418459654,0.3142681939899921
1789030927771181800,72.21618188476563,0.14642507145404815,0.23725275884866714,0.20222528460919856
1789030927781185000,72.22618505859376,-0.004923427876830101,0.6670815149515866,0.27362814056575296
1789030927791188700,72.23618872070313,-0.043616438886523244,0.7942769852787256,0.15391396590471268
1789030927801192700,72.24619262695313,-0.09090864367634058,0.6466980676144362,-0.16730419335365296
1789030927811196000,72.25619580078126,-0.33372429734915493,0.4192483253777027,-0.24440730677843092
1789030927821200000,72.26619995117187,-0.5003478149622679,0.2797697120606899,-0.09358779975771904
1789030927831203600,72.27620361328125,-0.4051882358431816,0.28836627549231053,-0.04752046058773994
1789030927841206800,72.28620678710938,-0.11538199067562818,0.42329321685433385,-0.05083236161470413
1789030927851210800,72.29621069335937,0.01056406411230564,0.6293284151405095,-0.18413959282040596
1789030927861215000,72.30621508789062,0.14692191506028174,0.7917465900182723,-0.5001882404863834
1789030927871218700,72.31621875,0.05332417843043804,0.8644207810848951,-0.5916729304850101
1789030927881222000,72.32622192382813,-0.026101240462064742,0.6987234384059906,-0.6575672521531581
1789030927891225900,72.33622583007812,-0.06315349852740765,0.4393628926455974,-0.6409013640344142
1789030927901229800,72.34622973632813,-0.3622977731436491,0.14545008894205091,-0.26726678884029387
1789030927911232800,72.35623266601563,-0.5019172562360763,-0.2604249601215124,0.20137246717214582
1789030927921236700,72.36623681640626,-0.32019495369046924,-0.7956026809245348,0.3498094629704952
1789030927931240700,72.37624072265625,-0.23091654156446456,-1.2424889548122882,0.303074599802494
1789030927941244000,72.38624389648437,-0.1761374881505966,-1.4215683416336773,0.3252531138628721
1789030927951247600,72.39624755859376,-0.07321078216135501,-1.3033540501415728,0.13906594086289406
1789030927961251800,72.406251953125,-0.16909136903136968,-0.8579401868939399,-0.04633037402033806
1789030927971255800,72.416255859375,-0.2765817296743393,-0.4226584260821342,-0.15503332532346248
1789030927981258800,72.4262587890625,-0.2239613155990839,-0.2892646856367588,-0.04852350015044212
1789030927991263000,72.43626293945313,0.018600071051716804,-0.4067909948647022,-0.00274842192530632
1789030928001266700,72.4462666015625,0.11395488048195838,-0.5440536856979131,0.03648293374478817
1789030928011270000,72.45626977539062,-0.06554068592488765,-0.6367085885196924,0.17820961824953555
1789030928021273900,72.46627392578125,-0.08956628915667533,-0.69547934191823,0.460244352632761
1789030928031277800,72.47627783203124,0.1758235998958349,-0.6818401081442833,0.6327987215995788
1789030928041280800,72.48628076171875,0.12422668364942073,-0.5672621273279189,0.7492471724629401
1789030928051284700,72.49628466796875,-0.07306728203743695,-0.4783130932867527,0.768522366297245
1789030928061289000,72.5062890625,-0.24195582197308538,-0.47758185640275475,0.8475199151664972
1789030928071293000,72.51629296875,-0.1771796906799078,-0.4949480017453432,0.7471896554112434
1789030928081295600,72.52629565429687,0.2064192291676998,-0.439341265335679,0.20279986962676047
1789030928091299800,72.5362998046875,0.4165986876517534,-0.09961831209361553,-0.17536708829998968
1789030928101303800,72.5463037109375,0.3734416829705238,0.22256372376084327,-0.4256050009280443
1789030928111307000,72.55630712890625,0.26646424028575416,0.26777883001565933,-0.48187750777006144
1789030928121310700,72.56631079101562,0.13842647391557691,0.0017073884397745133,-0.3470341530382633
1789030928131314700,72.57631469726563,0.13495236806422473,-0.4762953237235546,-0.2559691497564316
1789030928141318000,72.58631787109375,0.2594821263134479,-0.8001748111456632,-0.34003801054060456
1789030928151321900,72.59632177734375,0.4062812917768955,-0.8397948738723993,-0.48290217464268204
1789030928161325600,72.60632568359375,0.4411252261430025,-0.7170031914621591,-0.6089093119680881
1789030928171329800,72.61632983398438,0.39919513290822506,-0.614148381665349,-0.417496513274312
1789030928181332700,72.62633276367187,0.46359278627783057,-0.6520259846389294,-0.156906717979908
1789030928191337000,72.6363369140625,0.5279992074757814,-0.5825485437870025,-0.051961073383688924
1789030928201341000,72.6463408203125,0.3973445366054773,-0.2822504229605198,-0.01606733770370483
1789030928211344000,72.65634375,0.19968612152040002,0.0029606033712625502,-0.061303486746549604
1789030928221347800,72.66634790039062,0.18823475317955016,-0.010005845707654953,-0.01686228747367859
1789030928231351800,72.67635180664062,0.4648346030324697,-0.19659283168017863,0.043864276167750356
1789030928241354800,72.68635473632813,0.6331295609891414,-0.3514870407938957,-0.14241934294402597
1789030928251358700,72.69635864257812,0.6607552345395088,-0.5056313083231448,-0.341469504648447
1789030928261362700,72.70636279296875,0.4232160599648952,-0.7148188331604004,-0.3766185594409704
1789030928271367000,72.71636694335938,0.576068534117937,-0.658501902654767,-0.3773293380588293
1789030928281369600,72.72636962890626,0.4597901791244745,-0.2519534843742847,-0.27807635214626786
1789030928291373800,72.73637377929687,0.65877604342103,0.14520809687972067,-0.4763607901751995
1789030928301377800,72.74637768554688,0.6430775390297174,0.4716624032258987,-0.6505646799147129
1789030928311380700,72.75638061523438,0.4624094217121601,0.5645253958404064,-0.4312029670655727
1789030928321385000,72.76638500976563,0.06497808360606432,0.35366730744242664,-0.06690788262486458
1789030928331388700,72.776388671875,0.04381283824145794,-0.12764672122597695,-0.02378478021323681
1789030928341392000,72.78639184570312,-0.09781681562960147,-0.4318669839322567,0.027132921597361564
1789030928351395800,72.79639575195313,0.1009831707060337,-0.4563683879822492,-0.15368775593340395
1789030928361399800,72.80639990234376,0.2865855295553803,-0.07299217097461223,-0.2609983760952949
1789030928371402800,72.81640283203124,-0.0430868620544672,0.28145313510298725,-0.062112465041875835
1789030928381406700,72.82640673828125,-0.22046529017686842,0.41019232774078845,0.12287468451857567
1789030928391411000,72.83641088867188,-0.31163726096451283,0.3368073580563068,0.3292524126321077
1789030928401415000,72.84641479492187,-0.3602496084421873,0.0629506694316864,0.45422027003765103
1789030928411417600,72.85641748046875,-0.31191958503723144,-0.23823709371089935,0.4540402372956276
1789030928421421800,72.866421875,-0.33521979660391804,-0.4861205521672964,0.5387433043301105
1789030928431425800,72.87642578125,-0.4236144116327166,-0.6036527066141366,0.5804863505601883
1789030928441429000,72.88642895507813,-0.3398229064851999,-0.512326422047615,0.5320797547876834
1789030928451432700,72.8964326171875,-0.40446635130941866,-0.3042348757535219,0.5185165088593959
1789030928461436700,72.90643676757813,-0.4119683975026011,-0.21112755298912525,0.3784586343497038
1789030928471440000,72.91643994140625,-0.21702917824834583,-0.11824644019603729,0.4217407267153263
1789030928481443800,72.92644384765624,-0.3376613445371389,-0.20856968519985675,0.4640121807336807
1789030928491447800,72.93644775390625,0.1599649365067482,-0.23933833295106888,0.24629297439455985
1789030928501450800,72.94645068359375,0.1981973442673683,-0.2017828015387058,0.15357845034003256
1789030928511454700,72.95645483398438,0.25344635328054427,-0.23756606258153914,0.2652835060685873
1789030928521459000,72.966458984375,0.4643681545644998,-0.21676175948381424,0.2793587931722402
1789030928531463000,72.976462890625,0.5833896707862615,-0.07887830640375613,0.006634323447942733
1789030928541465900,72.9864658203125,0.5331722261995077,0.1264203943014145,-0.2965156796783209
1789030928551469800,72.9964697265625,0.022181436669826506,0.11640110459029673,-0.18502689704895017
1789030928561473800,73.00647387695312,-0.6752206900045276,-0.34448329951167106,0.31340953133404253
1789030928571476700,73.01647680664063,-0.14552724583148954,-0.8709615810304879,0.34293197841644285
1789030928581480700,73.02648071289063,0.6833265473097563,-0.8450432959198951,-0.07119242807626724
1789030928591484700,73.03648461914062,0.6904238120943308,-0.3936725700944662,-0.3273661604940891
1789030928601488000,73.04648779296875,0.26820377742946144,-0.0036386487632989882,-0.4841770168840885
1789030928611491600,73.05649169921875,-0.3645399991124868,0.019394436299800873,-0.28634675236344337
1789030928621495800,73.06649584960938,-0.26232114913165566,-0.2190846494734287,0.02494797877371311
1789030928631499500,73.07649951171875,0.09700023854970931,-0.5385206014901399,0.15793313841819762
1789030928641503200,73.08650317382812,0.4855097267925739,-0.7497247268468141,0.052639118775725365
1789030928651507500,73.09650756835937,0.5443932929158211,-0.7005313646107911,-0.19473171398341654
1789030928661511400,73.10651147460938,0.3754296419173479,-0.6215425835698842,-0.19108605095744133
1789030928671514600,73.1165146484375,0.2872930933028459,-0.5273334370434284,0.14362696516811846
1789030928681518300,73.12651831054687,0.2155436158657074,-0.5392939239501953,0.30649814451038837
1789030928691522300,73.13652221679688,0.40085459055304523,-0.5156295552462339,-0.03379880922734737
1789030928701525500,73.146525390625,0.5349854131013154,-0.2692600084841251,-0.30764673002362247
1789030928711529500,73.15652954101563,0.21062954033911227,0.04012099798619747,-0.33278497067242857
1789030928721533400,73.16653344726562,-0.12004063013643025,0.080243749538064,-0.268723125128448
1789030928731536400,73.17653637695312,-0.17269933039546012,-0.08266074755191803,-0.030431963142752646
1789030928741540400,73.18654028320313,0.02798866164386272,-0.22605331944227217,0.09797288297414779
1789030928751544600,73.19654467773438,0.3793190505713224,-0.09170914640426635,-0.09649345807135104
1789030928761547300,73.20654736328125,0.5209112950414418,0.28094986175596715,-0.3413116837382316
1789030928771551500,73.21655151367187,0.29176702384650705,0.6007324352532625,-0.2813654568195343
1789030928781555500,73.22655541992188,-0.06325169820487499,0.5490221217602491,0.04416705850660801
1789030928791559400,73.23655932617187,0.03407821069061756,0.38649814842045305,0.08286182308197021
1789030928801562400,73.24656225585937,0.3048018619865179,0.30858430313467977,-0.14850129320621488
1789030928811566300,73.25656640625,0.3095581166028976,0.24105974991619586,-0.24640578711926936
1789030928821570300,73.2665703125,0.13974310947209595,0.09750935711562633,-0.023626374781131745
1789030928831573500,73.27657348632812,0.07918225778639316,-0.0656564212590456,0.0775426738858223
1789030928841577500,73.28657739257812,0.11293138265311717,-0.1338444068223238,-0.04101765456497669
1789030928851581400,73.29658154296875,0.29466917502880097,-0.10997077928185463,-0.22511808441877365
1789030928861584400,73.30658447265625,0.42001346453130245,-0.012471943560242652,-0.3195493492633104
1789030928871588400,73.31658837890625,0.4199254939869046,0.014981296032667159,-0.45892508672773835
1789030928881592600,73.32659252929687,0.2944493947982788,0.05233399834930896,-0.33889234763681886
1789030928891596300,73.33659619140624,0.013117840248346328,-0.00045300446450710294,0.015721885266900062
1789030928901599500,73.346599609375,-0.06107435416579246,-0.07077683301270007,0.4020271414637565
1789030928911603500,73.356603515625,-0.03201835555136204,-0.17088029827475545,0.49851475431621073
1789030928921607400,73.366607421875,0.08624825064986943,-0.21388006656765937,0.36211306422650813
1789030928931610400,73.3766103515625,0.07327478730827569,-0.3276934927523136,0.29008652341365815
1789030928941614300,73.3866142578125,0.07049801607131957,-0.48589551123976704,0.26718495577573775
1789030928951618600,73.39661865234375,0.1722624002829194,-0.5218856930315494,0.22589608305394648
1789030928961621500,73.40662158203125,0.17648118702173232,-0.4808288754999637,0.1180237373560667
1789030928971625200,73.41662524414062,0.11958265723586081,-0.4046995755434036,0.07151449963748455
1789030928981629400,73.42662939453125,0.3255947669073939,-0.30649229929149147,-0.13665128093659876
1789030928991632400,73.43663232421875,0.7402846983283757,-0.07898293582201003,-0.44383682318925854
1789030929001636600,73.44663671875,0.649005175513029,0.04841185646951198,-0.4648790266960859
1789030929011640300,73.45664038085937,0.15559417407661674,-0.11090309169590473,-0.11916647765040397
1789030929021643500,73.4666435546875,-0.19598463665395974,-0.3384416812598705,0.11877426346242427
1789030929031647500,73.4766474609375,-0.027725919054448604,-0.27279636591672896,0.18425357458889483
1789030929041651500,73.4866513671875,0.13376257375776768,-0.050367666712403295,-0.027492402559518812
1789030929051655400,73.49665551757812,0.1090463579133153,-0.06097556996643543,-0.13952479054629802
1789030929061658400,73.50665844726562,-0.047777357958257195,-0.3950444429695606,0.02052957780957222
1789030929071662300,73.51666235351563,-0.08865385048687457,-0.677049366736412,0.15329261913597583
1789030929081666600,73.52666650390626,0.13469868556410072,-0.5424608635485172,0.005657002848386764
1789030929091669200,73.53666918945312,0.2132388460546732,-0.10638882914185524,-0.28963176538348195
1789030929101673500,73.54667358398437,0.23815467612445354,0.3135474785000086,-0.5056073429256678
1789030929111677400,73.55667749023438,0.1343582015633583,0.37125089492797847,-0.39040041655600066
1789030929121680400,73.56668041992188,-0.10799100364148616,-0.1342103175252676,-0.010006430229544639
1789030929131684400,73.57668432617187,0.07006605439484119,-0.6296347046107054,0.31988252674043177
1789030929141688300,73.58668823242188,0.23561288268715141,-0.6875637464880943,0.35985447164475914
1789030929151691500,73.59669140625,0.3375748352974653,-0.34782384211122985,0.1476262639373541
1789030929161695500,73.60669555664063,0.1580254928767681,0.009994739791750907,-0.03791618141829967
1789030929171699500,73.61669946289062,-0.19419190801829098,0.03391045290827751,0.08666238440871238
1789030929181703400,73.62670336914063,-0.32446342478990553,-0.15984978569447994,0.41478024005293845
1789030929191706400,73.63670629882813,-0.20520079328864813,-0.2820487629085779,0.5468862787753344
1789030929201710300,73.64671044921874,-0.06630933220982552,-0.27438275832533837,0.46141281189024447
1789030929211714600,73.65671459960937,0.04713379935771227,-0.26179975560605523,0.2667512405335903
1789030929221717200,73.66671728515625,0.00383592490106821,-0.27651334061324595,0.23408581925034522
1789030929231721500,73.67672143554688,0.0839472802311182,-0.3331681247711181,0.2649170108437538
1789030929241725400,73.68672534179687,0.13590046256929636,-0.35849019755423067,0.2980781066894531
1789030929251728600,73.69672875976562,0.20366203941404817,-0.33330782550275323,0.18758242675065992
1789030929261732400,73.706732421875,0.28255963504016396,-0.22488135305345058,0.07823416328132152
1789030929271736300,73.716736328125,0.2513362292587757,-0.18043021690845487,-0.08735621189177036
1789030929281739500,73.72673950195312,0.32665012117922304,-0.08136193991303443,-0.1730266626536846
1789030929291743500,73.73674340820313,0.27802754456847906,-0.03244914818406105,-0.1288899992853403
1789030929301747200,73.74674731445313,0.4055839571624994,0.05800795233249664,-0.2515349667012691
1789030929311751400,73.75675146484375,0.43761809480488295,0.1651397087961435,-0.46945466404855246
1789030929321754400,73.76675439453125,0.4333382255285978,0.2108849764049053,-0.6440338168412446
1789030929331758600,73.77675854492188,0.2827782462269068,0.10254793580472468,-0.6356546955525875
1789030929341762300,73.78676220703124,0.22826807288229464,-0.03544833000004291,-0.23115151936411857
1789030929351765500,73.796765625,0.19169979894161224,-0.11476385877728462,0.2286836679458618
1789030929361769500,73.80676953125,0.3119125707745552,-0.10267243896722793,0.2351139932543039
1789030929371773400,73.8167734375,0.5052341256991029,0.06855038913488387,-0.021375380983948707
1789030929381776400,73.8267763671875,0.43605508327186104,0.1376180801421404,-0.1187947217285633
1789030929391780400,73.8367802734375,0.15314415057599542,-0.05173018723726272,0.12833119635879991
1789030929401784300,73.84678442382813,0.07493219912648201,-0.22975801917910574,0.4285083211541176
1789030929411787500,73.85678759765625,0.10412380681931972,-0.1958317841798067,0.623197365039587
1789030929421791200,73.86679125976562,0.12786474789083002,-0.1376297705799341,0.588998742839694
1789030929431795500,73.87679541015625,0.1723664451792836,-0.0901215849518776,0.4653875607401132
1789030929441798400,73.88679833984375,0.11091039821952581,-0.17532558724582195,0.5030161573886871
1789030929451802400,73.89680224609376,-0.11012129366844892,-0.4403928202152252,0.6276753872364759
1789030929461806600,73.906806640625,-0.12444295674860477,-0.6247481016129255,0.6766068836659193
1789030929471810300,73.91681030273438,-0.05072422506511211,-0.5843161379814148,0.5758487538874149
1789030929481813500,73.9268134765625,0.010017828406393528,-0.5132406142830849,0.6012468145161867
1789030929491817500,73.9368173828125,0.27238544702827927,-0.43457273575961586,0.306694543865323
1789030929501821400,73.94682153320312,0.3430766475841403,-0.2527998720705509,-0.07634148140251636
1789030929511824400,73.95682446289062,0.273036896674335,-0.13262567868232727,-0.28850363813638685
1789030929521828400,73.96682836914063,0.23080314431786536,-0.08848550818264483,-0.211159701693058
1789030929531832600,73.97683251953126,0.2766542103886604,-0.07632277670204639,-0.09015431817770003
1789030929541835300,73.98683520507812,0.5783195279151201,-0.04194879793524742,-0.0814291599303484
1789030929551839200,73.99683911132813,0.6613295272961258,0.042297172981500625,-0.11934709491431712
1789030929561843500,74.00684350585938,0.6782090581655502,0.1260229194164276,-0.23161387617886064
1789030929571846400,74.01684643554688,0.5782818262532353,0.1367073950380087,-0.22087270193397998
1789030929581850600,74.0268505859375,0.47829584989100693,0.05761398457884788,-0.031491116806864734
1789030929591854300,74.03685424804688,0.46082624417394397,-0.0023106150299310683,0.0173889416962862
1789030929601857500,74.046857421875,0.4570855963408947,-0.08194529275894165,-0.015718962657451627
1789030929611861500,74.05686157226563,0.4266498338058591,-0.09117723148465157,-0.047642625662684436
1789030929621865500,74.06686547851562,0.43348903217613693,0.018277999490499495,-0.16921557993292807
1789030929631869200,74.076869140625,0.22131839987486598,-0.07084463755190372,-0.3045668841868639
1789030929641872000,74.08687182617187,-0.030030396604537962,-0.3903483941078186,-0.1621481257647276
1789030929651876000,74.0968759765625,-0.21169337017834186,-0.6900818667888641,0.18437632418572902
1789030929661880000,74.10688012695313,-0.10827303545325993,-0.6404612190514802,0.31497721904218196
1789030929671883000,74.11688305664063,-0.13862053518295286,-0.38354748192131516,0.20987258449196813
1789030929681887200,74.12688720703125,-0.2671723885551095,-0.3239233265638351,0.019568623822927473
1789030929691891000,74.13689086914063,-0.6267234933391213,-0.46496845854520796,-0.07062544184327126
1789030929701894100,74.14689404296875,-1.3389821206226944,-1.0080378093808888,-0.07522621363699436
1789030929711898000,74.15689819335938,-0.9471578087434173,-1.1825777992069721,-0.01255962184369564
1789030929721902000,74.16690209960937,-0.015432546931505203,-0.7551163567572832,0.10890578039884567
1789030929731905000,74.17690502929688,0.9473010166063904,-0.42913551314175125,0.345108153411746
1789030929741909000,74.18690893554688,1.171781387643516,-0.5918102931290865,0.4043950396388769
1789030929751913000,74.19691284179687,0.6648594549879432,-0.9787386496603488,0.0915197613120079
1789030929761916200,74.20691625976562,0.8133446738421917,-0.9174024296879768,-0.4639467142820358
1789030929771920000,74.216919921875,0.9025988283097743,-0.8896148435741662,-0.6088040980279446
1789030929781924000,74.22692407226563,0.6743231566429138,-1.136114738717675,-0.4747878417700529
1789030929791928000,74.23692797851562,0.26019027458280325,-0.9190046041876078,-0.1537833252623677
1789030929801931300,74.24693115234375,0.08891250142306088,-0.5399427432477474,-0.32052316273152825
1789030929811935000,74.25693505859375,0.2984431406095624,-0.16617431254088877,-0.46543432249128813
1789030929821939000,74.26693896484375,0.5856923947706818,-0.028341128343343732,-0.4743038576453924
1789030929831942100,74.27694213867187,0.8658104818776249,-0.03326397169828415,-0.48900429091006514
1789030929841946000,74.28694604492188,0.875389042083919,-0.12214052502512932,-0.5424100101441145
1789030929851949800,74.29694970703125,0.9785878430128097,-0.19604630371332168,-0.48243631069660187
1789030929861953000,74.306953125,1.009451475571096,-0.35146775157153604,-0.2920511014848947
1789030929871957000,74.31695703125,1.0280071229591965,-0.5321399605423212,-0.053822775602340694
1789030929881961200,74.32696118164063,1.0504878348365425,-0.7403735456556081,-0.0609396218702197
1789030929891964000,74.3369638671875,1.2144555772438645,-0.5772948610424995,-0.4027154159888625
1789030929901968100,74.34696801757812,1.3889955670699476,-0.10256956311464309,-0.7380433491423726
1789030929911972000,74.35697216796875,1.4158008641481399,-0.011733692413568496,-0.871222570054233
1789030929921975000,74.36697509765625,1.3778873130783438,-0.1300707335025072,-0.7540390829145908
1789030929931979000,74.37697900390626,1.1759691947221755,-0.2791267379820347,-0.24356004229933023
1789030929941983000,74.38698291015625,0.7710249967679381,-0.5600280844211578,0.27458734098672866
1789030929951987000,74.39698706054688,0.7516054260268807,-0.6406792457163334,0.16894669986367225
1789030929961990100,74.406990234375,0.8908122366651892,-0.6078904903143644,-0.2458727031558752
1789030929971994000,74.416994140625,0.8628902105167507,-0.6472416729718447,-0.5291232430696488
1789030929981998000,74.426998046875,0.791103908200562,-0.6486141303688288,-0.6537550003886222
1789030929992001000,74.4370009765625,0.7464791690543293,-0.6600456249654293,-0.6701011550337076
1789030930002005000,74.4470048828125,0.5771668507486581,-0.7614245169907807,-0.5497995358735323
1789030930012009200,74.45700927734374,0.6927905412256717,-0.7446767958074808,-0.49561143409013747
1789030930022012000,74.46701196289062,0.8044003198862075,-0.6021814650177956,-0.3240332166790962
1789030930032016100,74.47701611328125,0.6285372647628188,-0.6554056902050972,-0.2987485532969236
1789030930042020000,74.48702001953124,0.6007938100516795,-0.8639829741895199,-0.28498598540425296
1789030930052023000,74.49702294921875,0.8030316618815064,-1.0380150144934654,-0.2980956423461437
1789030930062027000,74.50702709960937,0.7447390473887324,-1.1944979541033505,-0.43732817194759843
1789030930072031000,74.51703100585938,0.4573419091895222,-1.2124983056962488,-0.5446826312512159
1789030930082034200,74.5270341796875,0.3024392245084047,-0.9250555747896433,-0.7877525519460439
1789030930092038100,74.5370380859375,0.5782374025896191,-0.27896482541859147,-0.9059335256904363
1789030930102041900,74.54704174804688,0.062359133279323575,-0.3943003466039896,-0.8433598728775977
1789030930112046000,74.55704614257813,0.0412587698444724,-0.7326707161933184,-0.56996437202394
1789030930122049000,74.56704907226562,0.08051321412920952,-1.1729261737644672,-0.3030459582298994
1789030930132053200,74.57705322265625,0.3467702414050698,-1.1763006186336278,-0.17460078010261057
1789030930142057000,74.58705688476563,0.5076245279669761,-0.7730342907637358,-0.4311714028835296
1789030930152060000,74.59705981445312,0.7349594116523861,-0.32148119410872456,-0.9145295046001672
1789030930162064100,74.60706420898437,0.4952116211175918,-0.3194365365386009,-1.0867588793963194
1789030930172068000,74.61706811523437,0.25266893916726113,-0.481531470811367,-0.7879404757335782
1789030930182071000,74.62707104492188,0.14958996522575616,-0.7634282580286263,-0.5534492905527353
1789030930192075000,74.63707495117187,0.5400827362403273,-0.7299941904604434,-0.2778688468754291
1789030930202079000,74.64707885742187,0.789005766877532,-0.564865587580204,-0.4653773316070437
1789030930212082200,74.65708227539062,0.7270549221381545,-0.39936932043135165,-0.5654933640897274
1789030930222086000,74.6670859375,0.304663622559607,-0.5722364086091518,-0.4129065551355481
1789030930232090000,74.67709008789062,0.26923662760853767,-0.691919019088149,-0.1816062749505043
1789030930242093000,74.68709301757812,0.5118950448930263,-0.6080974110633135,-0.17069325127005577
1789030930252097000,74.69709692382813,0.4977814716055989,-0.43699674803614613,-0.34236966835856436
1789030930262101000,74.70710107421876,0.24305033921152353,-0.49896834330260753,-0.3316995135232806
1789030930272104000,74.71710400390624,0.30559739627838134,-0.30746143658459185,-0.5248635397985577
1789030930282108200,74.72710815429687,0.08899608805328607,-0.3948784387528896,-0.5605512315124273
1789030930292112100,74.73711206054688,0.049965223391354084,-0.48865737716853613,-0.504280770497024
1789030930302115000,74.74711499023438,0.05692191066145896,-0.5961193884998559,-0.5408844080120325
1789030930312119000,74.757119140625,0.21636779173016546,-0.8177227427959441,-0.6122513158723711
1789030930322123000,74.767123046875,0.46972734351009127,-0.9956026906996965,-0.9568667173311114
1789030930332127000,74.777126953125,0.5580205439910292,-0.9673527477711439,-1.0176949877813457
1789030930342130000,74.7871298828125,0.4950055771514773,-0.8622270704329014,-0.6819967600107193
1789030930352134000,74.7971337890625,0.3523018643081188,-0.8584253400623798,-0.3919628435671329
1789030930362138000,74.80713818359375,0.6092179395258426,-0.6405746162980794,-0.3464934702903032
1789030930372141000,74.81714111328125,0.901810600541532,-0.4597907636463642,-0.6702741735130548
1789030930382145000,74.82714501953124,1.020986430542171,-0.40446401322185993,-0.8564873577371239
1789030930392149000,74.83714892578125,0.9907751244127749,-0.6116033733576536,-0.9910352366536855
1789030930402152000,74.84715185546875,1.09749099355191,-0.5779015947639942,-0.9237441999301313
1789030930412156200,74.85715625,0.9544701775833964,-0.43153731358647346,-0.9773986332282424
1789030930422160100,74.86716015625,0.8600874280557036,-0.3081429891079664,-0.9705942139104008
1789030930432163000,74.8771630859375,0.690358053381741,-0.2964174800008535,-0.7135556813567876
1789030930442167000,74.8871669921875,0.5497393301188945,-0.4893132107287645,-0.6707394529372454
1789030930452171000,74.8971708984375,0.8159735610410571,-0.4242325435310602,-0.9138321699857711
1789030930462174000,74.90717407226562,0.7718117632314563,-0.36704350636601446,-0.8588803903535008
1789030930472178000,74.91717797851562,0.7672475240558385,-0.3570604570120573,-0.7069295412153005
1789030930482182100,74.92718212890625,0.6891361103713513,-0.6181406661719083,-0.6714227590262889
1789030930492185000,74.93718505859376,0.9505229012623428,-0.6997229708373546,-0.6899024185687304
1789030930502189000,74.94718896484375,0.9402864616692066,-0.6270785903871059,-0.6906357012793422
1789030930512193000,74.95719311523438,0.947281142862141,-0.5297802456736564,-0.5562228469192981
1789030930522196000,74.96719604492188,0.55659226475358,-0.6419762997895478,-0.3465785182252526
1789030930532200200,74.9772001953125,0.4069137444615364,-0.9512889171987772,-0.22309505415856837
1789030930542204200,74.9872041015625,0.5768421488389373,-1.0590034419864416,-0.23333646218776702
1789030930552208000,74.99720776367188,0.6727072458788752,-0.9343342752665281,-0.23835078321844339
1789030930562211000,75.00721118164063,0.5867264139935374,-0.8460019118189811,-0.3767529994755983
1789030930572215000,75.01721508789062,0.7973904411241411,-0.6056137775540351,-0.5294897382944822
1789030930582219000,75.02721899414063,0.574364068287611,-0.35345278790891166,-0.5400397738814353
1789030930592222000,75.03722192382813,0.4123325546398759,-0.3078337770283222,-0.5420213030874729
1789030930602226000,75.04722583007812,0.4117375113561749,-0.39337738654017446,-0.5569736652866005
1789030930612230100,75.05723022460937,0.678334438110888,-0.3706225338965654,-0.6662874419644474
1789030930622233000,75.06723315429687,0.5007084649682044,-0.32997020551264283,-0.5352727056100964
1789030930632237300,75.0772373046875,0.47246553630232807,-0.48642859520316123,-0.6470137094348669
1789030930642241300,75.0872412109375,0.3836787070855498,-0.6184276664197444,-0.6548492253661156
1789030930652244000,75.09724389648437,0.28723171850442886,-0.6856260564237833,-0.5411442279919981
1789030930662248200,75.10724829101562,0.5076186827480793,-0.7324030051678418,-0.7993585263267159
1789030930672252200,75.11725219726563,0.511865818798542,-0.6721633482605218,-0.6949766530930995
1789030930682255400,75.12725537109375,0.41479397631734605,-0.7063339134097099,-0.5326131310120225
1789030930692259000,75.13725903320312,0.4620800436273217,-0.7338315766662359,-0.6329527431175113
1789030930702263000,75.14726293945313,0.21073650784492493,-0.5995505319923162,-0.4283580990284681
1789030930712266200,75.15726635742188,0.0899447670802474,-0.5660831466764211,-0.2618181680455804
1789030930722270200,75.16727026367188,0.1917833855718374,-0.5649959359616041,-0.4182330108553171
1789030930732274200,75.17727416992187,0.25558804148435593,-0.6185638600200414,-0.525486055611074
1789030930742278100,75.18727807617188,0.24840923589617012,-0.6726362264692783,-0.42895372683405875
1789030930752281000,75.19728100585938,0.2912792403295636,-0.765090638282895,-0.3086588296756148
1789030930762285300,75.20728540039063,0.45727381238937376,-0.7806634704679251,-0.4086927368327975
1789030930772289300,75.21728930664062,0.39684126325845714,-0.6729530373334884,-0.568894112443924
1789030930782292200,75.22729223632813,0.22617051608115432,-0.6394932508021592,-0.49150019937902684
1789030930792296200,75.23729614257813,0.09565700724720955,-0.699634708032012,-0.464573029486835
1789030930802300200,75.24730004882812,0.19480828635096548,-0.6438035152167082,-0.4940253339424729
1789030930812303000,75.25730322265625,0.1718351147815585,-0.5151987626135349,-0.554119444899261
1789030930822307000,75.26730712890625,0.30475363893061874,-0.48169455241858955,-0.5526029028564691
1789030930832311000,75.27731103515625,0.36009266431480647,-0.3775713301211595,-0.5645590058490634
1789030930842314200,75.28731420898437,0.05623918909430504,-0.4154313974380493,-0.38500294142663477
1789030930852318200,75.29731811523438,0.07591857981532811,-0.671131667125225,-0.30905922717005013
1789030930862322200,75.307322265625,0.31623423336595297,-0.7238000119954348,-0.4601926224455237
1789030930872325000,75.3173251953125,0.3119192927762866,-0.5981219604939222,-0.5264364882037044
1789030930882329300,75.32732934570312,0.35481297034621234,-0.5489186613857746,-0.6458008265137672
1789030930892333300,75.33733325195313,0.3492193881228566,-0.42493572336435315,-0.6952937562182545
1789030930902336000,75.3473359375,0.30250498322099445,-0.2994131546854973,-0.709319651222229
1789030930912340200,75.35734033203126,0.3436985788747668,-0.21256138518452644,-0.7344491240426898
1789030930922344200,75.36734423828125,0.009933072732388974,-0.303719911968708,-0.6052607263326645
1789030930932347100,75.37734716796875,-0.1061482983842492,-0.7128501634359359,-0.39703152513355017
1789030930942351000,75.38735107421876,0.08458703943938016,-1.0138333439171314,-0.2476487729176879
1789030930952355000,75.39735498046875,0.2036851280286908,-1.064964980739355,-0.3269657629996538
1789030930962358300,75.40735815429687,0.35701223395615816,-0.9221534236073493,-0.5488128629237413
1789030930972362200,75.4173623046875,0.46013417025655506,-0.694462858352065,-0.7429314134448767
1789030930982366200,75.4273662109375,0.2915606876194477,-0.6195072783499955,-0.6709680009961128
1789030930992370200,75.4373701171875,0.24648937374949453,-0.6740583682268858,-0.37248920455127954
1789030931002373000,75.447373046875,0.30467618978023525,-0.6828928320676088,-0.3790495859801769
1789030931012377300,75.45737744140625,0.19200053545385598,-0.5159013579249382,-0.6790715202137827
1789030931022381000,75.46738110351562,0.3377496073424816,-0.5161486106842756,-0.883871039225161
1789030931032384300,75.47738427734375,0.5407806553766131,-0.546202388164401,-0.9195715904206037
1789030931042388200,75.48738818359375,0.6302931685194373,-0.4425456143349409,-0.8325771975785493
1789030931052392200,75.49739208984376,0.5341960162892937,-0.33851942267119883,-0.8330132509082555
1789030931062395100,75.50739501953124,0.4323182348310947,-0.33070085787475106,-0.814753956118226
1789030931072399000,75.51739916992187,0.17612842806130646,-0.431172571927309,-0.7599529831334948
1789030931082403000,75.52740307617188,0.17057517784833906,-0.6819909147918224,-0.6445110789641738
1789030931092406300,75.53740625,0.23731968660503625,-0.9708131173580884,-0.41374475952535866
1789030931102410000,75.54740991210937,0.4439756471380591,-1.1285346588522196,-0.3749436119660735
1789030931112414200,75.55741430664062,0.4641749700799584,-1.0705652849644423,-0.5078890241220593
1789030931122417200,75.56741723632813,0.4483265358239412,-0.7898392950922251,-0.6129544957056641
1789030931132421400,75.57742138671875,0.3671761928349733,-0.46105274640619753,-0.7223647184953094
1789030931142425000,75.58742504882812,0.33074118988513945,-0.34493981110751626,-0.7397194656610488
1789030931152428000,75.59742797851563,0.4230079701721668,-0.49318566824793814,-0.6493339690759777
1789030931162432300,75.60743237304688,0.45437838320881124,-0.8148632617115974,-0.6848924814522266
1789030931172436200,75.61743627929687,0.544020367950201,-1.157955983647704,-0.5219005983397365
1789030931182439200,75.62743920898437,0.7317623691767454,-1.2194009246915578,-0.5775035353571176
1789030931192443100,75.63744311523438,0.6071525314286351,-0.9263146349400281,-0.6559601092174648
1789030931202447000,75.64744702148438,0.3558022736445069,-0.48389644637703894,-0.5786231870368123
1789030931212451300,75.65745141601562,0.3796180335178971,-0.13400456582009793,-0.7306339496687054
1789030931222454000,75.6674541015625,0.20866963844299316,0.03389174820780754,-0.6064692253395915
1789030931232458200,75.67745825195313,0.2720774039924145,-0.1575122826576233,-0.5258657025784254
1789030931242462200,75.68746215820312,0.46096419133991,-0.4802981296241283,-0.466564787825942
1789030931252465200,75.69746508789062,0.6176505445674061,-0.6801070007413625,-0.5498433750152587
1789030931262469000,75.70746923828125,0.5169046897485852,-0.7785580226212739,-0.5211097402229905
1789030931272473000,75.71747314453125,0.39938773287087675,-0.8445563891857862,-0.2865136333629489
1789030931282476300,75.72747631835938,0.5258075426504015,-0.7791139029383659,-0.27604484631866216
1789030931292480300,75.73748022460937,0.4959045718178153,-0.5574509274095296,-0.40673137363195416
1789030931302484200,75.74748413085938,0.26707623470425607,-0.5140168593525887,-0.4120236348211765
1789030931312487200,75.75748706054688,0.4649687508061528,-0.7620113769680261,-0.5598083041906357
1789030931322491100,75.7674912109375,0.7744248683393001,-0.9490092818289995,-0.72152417601794
1789030931332495000,75.7774951171875,0.8065478533089161,-0.9434569083988666,-0.8225839190915226
1789030931342498000,75.787498046875,0.6077697865441442,-0.8377993161410093,-0.7291805359899998
1789030931352502000,75.797501953125,0.4983879130661487,-0.8173293595641851,-0.6479428069785237
1789030931362506200,75.80750634765624,0.44201545298099515,-0.8336486262023448,-0.4923328508108854
1789030931372509200,75.81750927734375,0.5265902174606919,-0.946951180255413,-0.5301967175200581
1789030931382513400,75.82751342773437,0.7807435499668121,-1.1165385161101817,-0.6229667711541056
1789030931392517000,75.83751708984374,0.9778738495245576,-1.1650479877352713,-0.6538435554549098
1789030931402520000,75.84752001953125,0.9292845906615257,-1.022146414232254,-0.7793395283877849
1789030931412524300,75.85752416992187,0.6371753292486071,-0.7958587015122175,-0.7147086507841944
1789030931422528300,75.8675283203125,0.5108355989679694,-0.7140536940068006,-0.5044646026313304
1789030931432531200,75.87753125,0.5252829342544079,-0.8281523668736219,-0.44241585047543047
1789030931442535200,75.88753515625,0.6963043945655226,-1.0236305153101681,-0.35443507694452997
1789030931452539100,75.8975390625,0.9179480808719992,-1.1642775878846645,-0.5334732549726963
1789030931462542000,75.9075419921875,0.8803589394509792,-1.0474176336109637,-0.8262383499458432
1789030931472546000,75.91754614257812,0.6975558559313416,-0.8207078960865736,-0.8842258440122008
1789030931482550300,75.92755029296875,0.8428960547581315,-0.7457365339934825,-1.0519316039040685
1789030931492553200,75.93755322265625,0.9238473680436611,-0.7528624403506518,-1.264628890427947
1789030931502557200,75.94755712890625,0.7526558118626475,-0.9023574207693338,-1.0968313605993985
1789030931512561200,75.95756103515625,0.6847942817747592,-1.1774404363185167,-0.9306132089167832
1789030931522565000,75.96756518554687,0.7808245062485337,-1.2304665085852144,-1.0775532441556452
1789030931532568300,75.977568359375,0.942436040918529,-1.0211766924172638,-1.183614448778331
1789030931542572300,75.987572265625,0.8588844820067286,-0.7412088274359703,-1.1131333838418125
1789030931552576000,75.99757592773437,0.8096858590736985,-0.679886051467061,-0.9127920132830738
1789030931562579200,76.0075791015625,1.0857391809597612,-0.7707271828651427,-0.9080091629207133
1789030931572583200,76.01758325195313,1.1456406919538975,-0.9107301123172045,-0.8177984383806586
1789030931582587100,76.02758715820312,1.106088433766365,-1.1314175208121537,-0.5276034861564636
1789030931592590000,76.03759008789062,1.3226704527691007,-1.2110007606148718,-0.5854977489814162
1789030931602594000,76.04759399414063,1.3413792448922992,-0.9626257192492484,-0.8983242197304964
1789030931612598300,76.05759838867188,1.1307844836056231,-0.7934650843739509,-0.9443985731631517
1789030931622601200,76.06760131835938,1.1106824835583566,-0.7656400888592004,-0.8992077245667576
1789030931632605400,76.07760546875,1.1668749109014869,-0.8587778067618608,-0.8288289509609341
1789030931642609400,76.087609375,1.1831935930177568,-1.0048866518735886,-0.7193240356251597
1789030931652612400,76.0976123046875,1.3037769517287612,-1.0869926881521939,-0.9081547088712453
1789030931662616300,76.1076162109375,1.204732055608928,-1.082059907925129,-1.0284159960210322
1789030931672620300,76.11762036132812,1.0708993392243982,-1.0761784486711024,-0.982445979745686
1789030931682623500,76.12762353515625,1.1418687721997498,-1.0763573123693466,-0.9362859938561916
1789030931692627500,76.13762744140625,1.1697145182415842,-1.1444441756457089,-0.8230366312950849
1789030931702631200,76.14763110351562,1.1762459658369422,-1.3713117340803145,-0.7223427989244461
1789030931712634400,76.15763427734375,1.0368380796685814,-1.564130307918787,-0.6073536069586872
1789030931722638300,76.16763842773437,1.0151102319851517,-1.7226754407554863,-0.5417983079865575
1789030931732642300,76.17764233398438,1.1961726093173026,-1.6753279986470937,-0.6100538058280944
1789030931742645200,76.18764526367187,1.2521549010410904,-1.3654279367387294,-0.6463970388412476
1789030931752649200,76.19764916992187,1.2113014971271157,-0.993943817576766,-0.7545835650548338
1789030931762653400,76.2076533203125,1.08327951284796,-0.798925687867403,-0.8738383055105805
1789030931772656400,76.21765649414063,1.088680495108664,-0.9551403319299221,-0.8835545206218958
1789030931782660400,76.22766040039062,1.1633578426912425,-1.1975807225495576,-0.6943602747604251
1789030931792664300,76.23766430664062,1.2776850636169315,-1.2815642431378365,-0.7432254279553889
1789030931802667300,76.24766723632813,1.2349167659923435,-1.2087287240296603,-0.7234586512118577
1789030931812671500,76.25767138671876,1.189179973950982,-1.1365724193572997,-0.6137722418293357
1789030931822675200,76.26767529296875,1.3980445504441856,-0.9194920954436063,-0.8125190366730094
1789030931832678400,76.27767846679687,1.4035817263051866,-0.7090151153177022,-0.9807654793128371
1789030931842682400,76.28768237304688,1.3545128672316669,-0.6811088712602853,-0.9645420742645859
1789030931852686300,76.29768627929687,1.5424387005925178,-0.6401145975708961,-0.9770818223640322
1789030931862689300,76.30768920898437,1.4969339637413621,-0.5957055470019579,-1.05428810390234
1789030931872693200,76.317693359375,1.2503525277942418,-0.768837423595786,-0.9478858307570218
1789030931882697200,76.327697265625,1.3418413094460964,-0.9768190797746181,-0.7719163926497101
1789030931892700400,76.33770043945313,1.5551251636862753,-0.9594967735737562,-0.8165522377118468
1789030931902704000,76.3477041015625,1.2957248704373836,-0.9547048631221056,-0.7975526459485291
1789030931912708400,76.35770825195313,1.114466093750298,-1.1478764881819485,-0.6795350460723042
1789030931922712300,76.36771240234376,1.274887834113836,-1.2703157038927078,-0.674651073423028
1789030931932715500,76.37771557617188,1.3140119300171733,-1.303611239773035,-0.6457204547539352
1789030931942719200,76.38771923828125,1.1733002677738666,-1.4424755205839872,-0.6228682792156934
1789030931952723200,76.39772314453126,1.1913903434768318,-1.5089718997985124,-0.5899801550924778
1789030931962726400,76.40772631835938,1.2066051560044289,-1.4648825827032326,-0.617337533095479
1789030931972730400,76.41773046875,1.1470818306729196,-1.481717397648096,-0.5895268583670258
1789030931982734300,76.427734375,1.2489923453569411,-1.5579875673800705,-0.6401636974096298
1789030931992737300,76.4377373046875,1.4009098767474293,-1.5484282963961362,-0.7907450117602944
1789030932002741200,76.4477412109375,1.429644388322532,-1.4946949526429176,-0.8135457493722439
1789030932012745500,76.45774536132812,1.3897659669205547,-1.3837468527615069,-0.699876992355287
1789030932022748200,76.467748046875,1.5734917182430623,-1.1947031212866306,-0.7620332965388894
1789030932032752400,76.47775244140625,1.6667796582713723,-0.9384808735519647,-1.0029159363225102
1789030932042756400,76.48775634765624,1.6473472280487418,-0.776036395189166,-1.134001984347403
1789030932052759300,76.49775927734375,1.5831129485473037,-0.741746587574482,-1.1505997756659985
1789030932062763500,76.50776342773437,1.6854054482862353,-0.7696651065915823,-1.2164362296670674
1789030932072767200,76.51776733398438,1.7116919821873307,-0.7875310181498527,-1.0691656472995876
1789030932082770400,76.5277705078125,1.7834031734406948,-0.9106757517814635,-1.11837888327986
1789030932092774400,76.5377744140625,1.777449525733292,-1.0001227984726428,-1.1293073967903853
1789030932102778400,76.5477783203125,1.7098258960545063,-1.1264292110055685,-1.2290990196242928
1789030932112781300,76.55778125,1.4858277555763721,-1.3027590068578718,-1.051121164304018
1789030932122785300,76.56778540039062,1.4354606733858584,-1.5583546471267937,-0.8445403148338199
1789030932132789200,76.57778930664062,1.6877534727171062,-1.6177964316546916,-0.7568611545979976
1789030932142792200,76.58779223632813,1.7752943935260175,-1.5778168879657983,-0.978247651273012
1789030932152796200,76.59779614257812,1.6818647069394588,-1.5557926876842976,-1.1530278795957565
1789030932162800400,76.60780029296875,1.6001961852952837,-1.543922801670432,-1.0540241922691465
1789030932172803300,76.61780322265625,1.6617174064457416,-1.549008726632595,-1.0077437948703765
1789030932182807600,76.6278076171875,1.8162182323276996,-1.5021370853424072,-1.0639657405689358
1789030932192811300,76.63781127929687,1.8646902945518493,-1.3638456359833477,-1.0637240407675503
1789030932202814500,76.647814453125,1.8802666338682175,-1.3008745082855224,-1.1503180361151695
1789030932212818400,76.657818359375,1.8211290929839015,-1.2644991265684364,-1.169903318811953
1789030932222822400,76.66782250976563,1.6664534950569272,-1.3143196807920932,-1.0964233643203973
1789030932232825300,76.67782543945313,1.6351076319396496,-1.3352747905373572,-0.8636807763725519
1789030932242829300,76.68782934570312,1.7454779319331049,-1.2522948940336704,-0.9815876093506812
1789030932252833300,76.69783325195313,1.6265931938335298,-1.2096937696695327,-0.9817495219141245
1789030932262836500,76.70783642578125,1.614198114901781,-1.296158585679531,-1.0067498153969645
1789030932272840200,76.71784008789062,1.5535285421445966,-1.298929803958535,-0.935906639149785
1789030932282844400,76.72784448242187,1.4619804315209388,-1.298670860761404,-0.799874951416254
1789030932292847400,76.73784741210937,1.4939341974034905,-1.3297376146763562,-0.8087646525755524
1789030932302851300,76.74785131835938,1.6347791306376456,-1.2113859605401753,-0.8561918819218873
1789030932312855300,76.75785522460937,1.5226383138403297,-1.240066696101427,-0.8922986758306622
1789030932322858200,76.76785815429687,1.4346137011677025,-1.3700772238492964,-0.8420125499218701
1789030932332862500,76.77786254882812,1.400621122933924,-1.4256278461575507,-0.7479381356909871
1789030932342866400,76.78786645507813,1.427247848574817,-1.4507465053230524,-0.8403869945466518
1789030932352869400,76.79786938476562,1.3789084728196261,-1.4489239660710096,-0.8567565300673246
1789030932362873300,76.80787329101562,1.4196578318372368,-1.536045200163126,-0.7718310524538159
1789030932372877300,76.81787719726563,1.7689371334537862,-1.6354010619282722,-0.6776911717712879
1789030932382880500,76.82788061523438,1.9136334814190863,-1.6510662485718726,-0.5382511368989944
1789030932392884200,76.83788427734375,1.7945204875215888,-1.6802952656656502,-0.28951193839609624
1789030932402888200,76.84788818359375,1.7450570761725306,-1.7739660675317048,-0.2700605112120509
1789030932412891400,76.85789135742188,1.6430691123381256,-1.7063187647163867,-0.34480478655099867
1789030932422895400,76.86789526367187,1.6784841245904565,-1.4862556255996227,-0.5647054285824299
1789030932432899300,76.8778994140625,1.8526850917205213,-1.0899304951697588,-0.8080860226616263
1789030932442903300,76.8879033203125,1.8206921628713606,-0.7749556142151355,-0.9116980805665255
1789030932452906500,76.89790649414063,1.57556618642956,-0.8816934029251337,-1.0121382304370403
1789030932462910500,76.90791040039062,1.4026482448473572,-1.4953420183748005,-1.5180974555402993
1789030932472914400,76.91791455078125,1.312175362239778,-2.175669968390465,-1.8231725815102457
1789030932482917400,76.92791748046875,1.424484229080379,-2.1779209621876476,-1.4591001999095081
1789030932492921300,76.93792138671876,1.6486828605666755,-1.6151888795047997,-1.0821239130720495
1789030932502925300,76.94792529296875,1.6999723182991147,-1.0727286004781722,-0.9899334128916263
1789030932512928300,76.95792822265625,1.531102775324881,-0.9725590842425823,-1.1661010039195419
1789030932522932200,76.96793212890626,1.2807532190158963,-1.05052027580142,-1.2270020473450423
1789030932532936400,76.9779365234375,1.1717594680726529,-1.0293909785330295,-1.1071420344725251
1789030932542939400,76.987939453125,1.0996847042039035,-0.8717091845273971,-0.9428291318893433
1789030932552943000,76.99794311523438,0.9964160529091953,-0.8017243786752224,-0.8155775474607944
1789030932562947300,77.007947265625,1.0122940055206417,-0.8169903368681669,-0.7716691398903727
1789030932572950300,77.0179501953125,0.9935460504308342,-0.8574667241632938,-0.8473796299129724
1789030932582954500,77.02795458984374,0.9452417459890246,-0.7913374246954917,-1.00746702375561
1789030932592958500,77.03795849609375,0.8738812678694724,-0.6414636740922928,-1.1543991679489611
1789030932602961400,77.04796142578125,0.7610954311668873,-0.44063013610243795,-1.157437804992497
1789030932612965400,77.05796533203124,0.6193316295221447,-0.285582782253623,-1.077692068104446
1789030932622969300,77.06796923828125,0.47647652550935743,-0.2806587698549032,-0.9018462563768028
1789030932632972500,77.07797265625,0.42546442341357465,-0.37474750487208364,-0.8090525296062231
1789030932642976500,77.0879765625,0.4142553393959999,-0.4899193599283695,-0.741778151756525
1789030932652980200,77.09798022460937,0.44925563336759805,-0.5787304468035698,-0.6433633702337741
1789030932662983400,77.1079833984375,0.4548685048133135,-0.5740478419452906,-0.5389692220404744
1789030932672987400,77.1179873046875,0.46661622575223444,-0.48086277776956554,-0.454151296454668
1789030932682991600,77.12799169921875,0.33667321028262376,-0.42056992937028403,-0.3469055582225323
1789030932692994300,77.13799438476562,0.13913959062099457,-0.44741000550091264,-0.22044424738883972
1789030932702998300,77.14799829101563,-0.010652326917648315,-0.48329497335255145,-0.078272449465096
1789030932713002500,77.15800244140625,0.03106646165400743,-0.4296346948355436,-0.03988105175048113
1789030932723005400,77.16800537109376,0.10648498299270867,-0.2673106279820204,-0.08246493271887302
1789030932733009400,77.17800952148437,0.12095716045945883,-0.16330021840929984,-0.005975567278265953
1789030932743013400,77.18801342773438,0.07906447662562131,-0.22114508913457392,0.18334961148649453
1789030932753016600,77.1980166015625,0.022742577683925628,-0.37157472005486486,0.32550591958016156
1789030932763020500,77.2080205078125,-0.05194412224888801,-0.45410511922538277,0.44317602119296784
1789030932773024300,77.21802416992188,-0.10219897623658179,-0.42248014690577984,0.4531783597692847
1789030932783027500,77.22802734375,-0.1067369119271636,-0.3331400677204132,0.29259324553757904
1789030932793031400,77.23803149414063,-0.20489158120900391,-0.21423311778903006,0.30448358981758356
1789030932803035400,77.24803540039062,-0.23540800776481627,-0.16447686097323894,0.3424585156857967
1789030932813038300,77.25803833007812,-0.2360366610571742,-0.08596797240376472,0.38107992276400326
1789030932823042300,77.26804223632813,-0.23828414772301912,0.010806640696525573,0.29982144322544335
1789030932833046500,77.27804663085938,-0.14984773937910795,0.08098492329418659,0.24958938559144733
1789030932843049500,77.28804956054688,-0.1618140715047717,0.14258651620447635,0.1892059362992644
1789030932853053400,77.29805346679687,-0.09770312612205743,0.13906769442856312,0.06326338864266871
1789030932863057400,77.30805737304688,-0.07645633995383977,0.08373276069760321,0.1029550553008914
1789030932873060400,77.31806030273438,-0.006409867042303085,0.00660918900668621,0.10543518167883158
1789030932883064600,77.32806469726563,0.022341887928545474,-0.0471171404838562,-0.005636836843192577
1789030932893068300,77.338068359375,-0.013924188195168972,-0.1406412273555994,-0.10308540368229151
1789030932903071500,77.34807153320313,0.021201485721766947,-0.285250773820281,-0.0736190707013011
1789030932913075500,77.35807543945313,0.24877923825234174,-0.3204746474146843,0.055223874571919435
1789030932923079400,77.36807934570312,0.3277832168623805,-0.19995090993642806,0.1332046476140618
1789030932933082400,77.37808227539062,0.401755923306942,-0.08483809159100056,0.026542846749722956
1789030932943086300,77.38808642578125,0.4851952540159225,0.1469891350775957,0.08462503336220979
1789030932953090300,77.39809033203124,0.4015475412532687,0.1389975518018007,-0.08870061223804951
1789030932963093500,77.40809350585937,0.47281303456574675,0.115352472320199,-0.06350976461917161
1789030932973097200,77.41809716796875,0.34709991175085303,0.12734978410601616,-0.04976882403641939
1789030932983101400,77.42810131835938,0.30322540645003315,0.009350012147426605,-0.131805594471097
1789030932993104400,77.4381044921875,0.35083237627744673,-0.06183890879750251,-0.12605360681563615
1789030933003108600,77.44810864257812,0.2773816478803754,-0.11878127772510051,-0.1326934832215309
1789030933013112300,77.4581123046875,0.22207272537350653,-0.17752046694159507,-0.16760405308306217
1789030933023115500,77.46811547851563,0.02772825714200735,-0.2592249366819858,-0.15510931316912174
1789030933033119500,77.47811938476562,0.03824263689368963,-0.3080266692519188,-0.21264730990231037
1789030933043123500,77.48812353515625,0.03294482274651527,-0.27971885865628715,-0.1463701263964176
1789030933053126400,77.49812646484375,-0.014938333673775195,-0.3177712336748838,-0.1481739609479904
1789030933063130400,77.50813037109376,0.01811959405839443,-0.2132990518093109,-0.013487842604517936
1789030933073134300,77.51813427734375,0.03991115462779998,-0.13837386694550513,0.06385755514353514
1789030933083137500,77.52813745117187,0.05064969852417707,-0.1790343786358833,0.14409136780947446
1789030933093141200,77.53814135742188,0.10407938315570354,-0.23504385062754152,0.21655133160352705
1789030933103145500,77.5481455078125,0.04126373828053474,-0.35887013678252694,0.15768354757130146
1789030933113148400,77.5581484375,0.07209522213488817,-0.46830900114476676,0.09134732735455035
1789030933123152400,77.56815234375,0.11435410893261432,-0.38282501286566256,0.031094226443767546
1789030933133156600,77.57815649414063,0.21645605453550815,-0.19857377636432647,-0.18229133460521696
1789030933143159300,77.5881591796875,0.28256080408394335,0.035409167033433914,-0.28299422706514593
1789030933153163500,77.59816357421874,0.21435849773436783,0.1933054805725813,-0.3699953419089317
1789030933163167500,77.60816748046875,0.10184475597143172,0.2097878288179636,-0.38701661933660503
1789030933173170400,77.61817041015625,0.20094138227850197,0.26517127786576744,-0.1852235886648297
1789030933183174400,77.62817431640624,0.19024258587062357,0.3269301071643829,-0.0822764244094491
1789030933193178400,77.63817846679687,0.1638055375829339,0.2707084537267685,-0.12178425893336534
1789030933203181600,77.648181640625,0.1978165282562375,0.16253332569003104,-0.19289982238113879
1789030933213185300,77.65818530273438,0.060933484390378,0.003474398112297058,-0.2536854227334261
1789030933223189200,77.66818920898437,-0.024853286227583885,-0.15734335583150386,-0.34763328797519205
1789030933233192400,77.6781923828125,0.0074228434771299355,-0.29793665239214895,-0.25426906784027814
1789030933243196400,77.68819653320313,0.009393266767263412,-0.460011128398776,-0.15046353318989275
1789030933253200600,77.69820068359375,0.18992577500641344,-0.5857131452977657,-0.11022884569615125
1789030933263203300,77.70820336914062,0.35014790114462374,-0.5302198061347008,-0.13874240799695253
1789030933273207600,77.71820751953125,0.2956774752885103,-0.43327042098939417,-0.19447160174250602
1789030933283211500,77.72821142578125,0.16190204204916953,-0.3046101388067007,-0.16943126851022242
1789030933293214200,77.73821411132812,0.08185410734415054,-0.13196809155642986,-0.0801715610846877
1789030933303218400,77.74821850585937,0.09417641330063342,-0.022628011393547056,-0.0716445557579398
1789030933313222400,77.75822241210938,0.1057715740263462,0.12273147665560245,0.06335428179651498
1789030933323225600,77.7682255859375,-0.04251519964635372,0.15411445691287518,0.11015665724277496
1789030933333229300,77.77822924804687,-0.3238525994151831,0.04946458039283752,0.1415548350691795
1789030933343233300,77.7882333984375,-0.4302449356883764,-0.15342238299548625,0.11253215420246124
1789030933353237500,77.79823754882813,-0.487937830722332,-0.24901509283483028,0.18329437416791916
1789030933363240400,77.80824047851563,-0.3955103069156408,-0.24794483325481415,0.14860504584163425
1789030933373244400,77.81824438476562,-0.15198621271252633,-0.12172492996156214,0.2374626022070646
1789030933383247400,77.82824731445312,-0.1836450873017311,-0.0834808317631483,0.3711199620246887
1789030933393251300,77.83825122070313,-0.17366203794777393,-0.03947860842943191,0.5148360667809844
1789030933403255600,77.84825561523438,0.014731705185770988,0.07123100652098656,0.6167571028590202
1789030933413259500,77.85825952148437,0.1455214006125927,0.14910335075259207,0.7762854015141725
1789030933423262500,77.86826245117187,0.19846505529284475,0.0991010102212429,0.9609194998532533
1789030933433266400,77.87826635742188,0.3181321759417653,-0.07831891895532607,1.0838888769179582
1789030933443269400,77.88826928710938,0.5023772749632597,-0.2042325327783823,1.0274734544739126
1789030933453273600,77.89827368164063,0.6568903758049011,-0.25414368789494035,0.7885773123323917
1789030933463277300,77.90827734375,0.7402800221532583,-0.19685820461809633,0.5588982036083936
1789030933473280500,77.91828051757813,0.6804173818647861,-0.11118833837807178,0.3088350630253553
1789030933483284500,77.92828442382813,0.5807859180286526,0.05058218624591827,0.23757073875665663
1789030933493288400,77.93828833007812,0.4243588002592325,0.199596689671278,0.2268365787744522
1789030933503291400,77.94829150390625,0.37088206161558623,0.2485813775926828,0.2800397611737251
1789030933513295400,77.95829541015625,0.3763876732945442,0.20833236931264398,0.37481530941128727
1789030933523299300,77.96829931640625,0.37573651590943336,0.1283411332309246,0.4779238017082214
1789030933533302300,77.97830224609375,0.38330636664181944,0.03101122433543205,0.5304027614861726
1789030933543306200,77.98830615234375,0.36129911749511956,-0.09249357478022575,0.4169605067014694
1789030933553310500,77.998310546875,0.34343028332740066,-0.1736708057761192,0.25777882952690123
1789030933563314400,78.008314453125,0.34727029988169666,-0.19219722706973552,0.11306406912207603
1789030933573317600,78.01831762695312,0.39044834735095496,-0.21037702688276766,-0.11695289325416088
1789030933583321300,78.0283212890625,0.3671148180365562,-0.34978199044167996,-0.32725393229126926
1789030933593324500,78.03832446289063,0.29928689795732494,-0.4819961657136678,-0.3825546714916825
1789030933603328500,78.04832861328126,0.29570319425165653,-0.5248994878947735,-0.2953048425838351
1789030933613332500,78.05833251953125,0.29680384896993633,-0.49134617786109447,-0.23823095623105764
1789030933623336200,78.06833618164063,0.17410042936503886,-0.49864334913194175,-0.13746931932121514
1789030933633338600,78.07833862304688,0.05323825371265411,-0.43734804569184776,0.02990501665920019
1789030933643342800,78.0883427734375,0.07395721661448479,-0.31585224831104275,0.11881342642903327
1789030933653345500,78.09834545898437,0.17611001562178133,-0.1437216577142477,0.1712795267254114
1789030933663349500,78.108349609375,0.0984913538902998,-0.12506664160490036,0.1203001578554511
1789030933673353700,78.11835375976563,-0.008826865056157112,-0.1452852537691593,0.06391483828872442
1789030933683356700,78.12835668945313,-0.04365209472179413,-0.27928514341413974,-0.08449877663403749
1789030933693360600,78.13836059570312,-0.017454992669820785,-0.4826034839570522,-0.28333383428305386
1789030933703364600,78.14836450195313,0.05793254900872707,-0.48374739329516886,-0.2524558809384703
1789030933713367800,78.15836791992187,-0.014482114338874816,-0.24046646019816398,-0.08754472020119428
1789030933723371800,78.16837182617188,-0.056175476208329196,-0.05102408479452133,0.005752279916405678
1789030933733375700,78.17837573242187,0.018407763350009917,0.020161913540959357,0.026634324425458905
1789030933743378700,78.18837866210937,0.01534457638710737,0.059630000576376914,-0.019099837267398834
1789030933753382700,78.19838256835938,-0.02293985382169485,0.04594458957314491,-0.14251286644637584
1789030933763386600,78.20838671875,0.007263853523135185,0.0010679214924573899,-0.19897885003387927
1789030933773389600,78.2183896484375,0.04145020076334476,-0.07624678885638714,-0.1842991672962904
1789030933783393500,78.2283935546875,0.03255903829932213,-0.12271452552080153,-0.07741437133103608
1789030933793397800,78.23839770507813,-0.00736906746327877,-0.09850947406888008,0.04066577238738536
1789030933803400700,78.24840063476563,-0.08751227923631667,-0.03510638469457626,0.16224048022329807
1789030933813404700,78.25840478515624,-0.13426993875801563,-0.005077741655707359,0.2949997221574187
1789030933823408600,78.26840869140625,-0.15767594878673552,-0.035173020190000535,0.34864918701946734
1789030933833411600,78.27841162109375,-0.12085954530388116,-0.03738952719569206,0.3756049984842539
1789030933843415800,78.28841577148438,-0.04252279843091965,0.028598902496695517,0.33630992992818354
1789030933853419800,78.29841967773437,-0.11167875224351882,0.052200142836570734,0.26384616674184797
1789030933863422700,78.30842260742187,-0.08732757031917572,-0.008048281899094581,0.18232289878726005
1789030933873426700,78.3184267578125,-0.08166179964244365,-0.04139116405248642,0.05600011964142322
1789030933883430700,78.3284306640625,-0.022431027516722678,-0.07132686811089516,0.013137713992595671
1789030933893433600,78.33843359375,0.04943593882024288,-0.022276129215955735,0.07179623918831347
1789030933903437600,78.3484375,0.03217500741779804,-0.038629882645606996,0.11108370895981788
1789030933913441500,78.35844165039063,0.1115098254173994,-0.04760755434930324,0.09922142173051833
1789030933923444700,78.36844482421876,0.15131664288789032,-0.04763035070300102,-0.016183073037862778
1789030933933448400,78.37844848632812,0.14948855067789554,-0.09636953943073749,-0.09094634533822536
1789030933943452700,78.38845263671875,0.19942074858248232,-0.1300181265324354,-0.10060147791206836
1789030933953455600,78.39845556640626,0.20543197169601915,-0.1502571969628334,-0.12769757463037967
1789030933963459800,78.4084599609375,0.21034867757111786,-0.20558453190922735,-0.15063129097223282
1789030933973463800,78.4184638671875,0.26443244219720363,-0.23775369410812852,-0.20572715525031088
1789030933983466800,78.428466796875,0.31499767730832096,-0.2687117269515991,-0.2570265498548746
1789030933993470700,78.438470703125,0.3227180424273014,-0.34005613071918483,-0.256764684048295
1789030934003474700,78.448474609375,0.3035410482704639,-0.39247137761116024,-0.2220125196188688
1789030934013477600,78.4584775390625,0.19448679931163787,-0.3920423385441303,-0.16908055537641048
1789030934023481600,78.46848168945313,0.18855214856564997,-0.38906946021318434,-0.10105506689846515
1789030934033485600,78.47848559570312,0.2584165429085493,-0.3377385014265776,-0.07895604781508446
1789030934043488800,78.48848876953124,0.27752807061374185,-0.33630934540629387,-0.08325754440128803
1789030934053492700,78.49849267578125,0.203255796700716,-0.4011977049022913,-0.15400047514438628
1789030934063496700,78.50849658203126,0.1626870549470186,-0.44373219377100465,-0.13543781349360942
1789030934073499600,78.51849975585938,0.14089900150895118,-0.3987649247974157,-0.12041910806000232
1789030934083503600,78.52850366210937,0.16032734007835386,-0.31574235819578167,-0.07111468666493892
1789030934093507800,78.5385078125,0.20081775589883327,-0.2622860778182745,-0.025816578301787376
1789030934103510500,78.54851049804688,0.19671265866756438,-0.21619594229459763,-0.06136544606685638
1789030934113514800,78.5585146484375,0.20185937390625475,-0.2133288624256849,-0.045993104889988895
1789030934123518700,78.56851879882812,0.23870354217886924,-0.22803192603886127,-0.0496007739931345
1789030934133521700,78.57852172851562,0.21166969704180955,-0.24303309581577776,-0.10765081190168857
1789030934143525600,78.58852563476563,0.23273966533839702,-0.226810859811306,-0.1091287754997611
1789030934153529600,78.59852954101562,0.29857787290513516,-0.21348551429212093,-0.11788842053860425
1789030934163532800,78.60853271484375,0.2662847920656204,-0.21401567564606666,-0.16136194382309912
1789030934173536800,78.61853686523438,0.2703670929431915,-0.22336101161837577,-0.16219897916913031
1789030934183540500,78.62854052734374,0.2805439113035798,-0.22190146045982836,-0.1717871839866042
1789030934193543700,78.63854370117187,0.2444882630601525,-0.2159744084984064,-0.165217157946527
1789030934203547600,78.64854760742188,0.1806666560128331,-0.23659458720088003,-0.14620499896258116
1789030934213551900,78.6585517578125,0.14634557647705076,-0.2313724686384201,-0.0815466488301754
1789030934223554600,78.66855444335937,0.13160276537537574,-0.2183352924108505,-0.05672171191424131
1789030934233558500,78.67855859375,0.1299640582576394,-0.184913499802351,-0.03261807501018047
1789030934243562800,78.68856274414063,-0.007590601259469985,-0.1904243721783161,-0.002854220387339592
1789030934253565700,78.69856567382813,0.05528700293600559,-0.21895780822336672,0.04771685994267463
1789030934263569700,78.70856958007812,0.060514674456417554,-0.197718620839715,0.03688771515339613
1789030934273573600,78.71857373046875,0.04567366367727518,-0.24076807349324225,0.034952363176643846
1789030934283576800,78.72857690429687,0.04603285237848759,-0.2523796008318662,0.06280570800304412
1789030934293580800,78.73858081054688,0.051341480180621145,-0.2409796704173088,0.07467062558084726
1789030934303584500,78.74858447265625,0.0899117415934801,-0.25032851352095603,0.03630874622166157
1789030934313587700,78.75858764648437,0.04429974497556686,-0.19681494999825952,0.032022154943645
1789030934323591700,78.768591796875,0.11170943964272737,-0.20894494825303553,0.07868716774582862
1789030934333595600,78.778595703125,0.15601999827325344,-0.1338140116840601,0.05202215592116117
1789030934343598600,78.7885986328125,0.18570669600665568,-0.1300222181856632,0.038807869561016554
1789030934353602600,78.7986025390625,0.1922159317702055,-0.14744506215155123,0.022188743193447588
1789030934363606800,78.80860668945313,0.18429332207739352,-0.15777940916121005,0.01197276186645031
1789030934373609700,78.81860961914063,0.2033861450821161,-0.1725508618354797,0.014384499183297157
1789030934383613700,78.82861376953124,0.2007248169183731,-0.1888601916015148,0.04320581225901842
1789030934393617700,78.83861767578125,0.17028934664428233,-0.20787410415112972,0.07309533908814192
1789030934403620600,78.84862060546875,0.17324907323271035,-0.23755787927508354,0.08070669087469577
1789030934413624800,78.85862475585938,0.18518062630593776,-0.22830372871756552,0.053903439623117444
1789030934423628500,78.86862866210937,0.21173779384195804,-0.221538472366333,0.05199585243612528
1789030934433631700,78.8786318359375,0.18124504042267797,-0.21493162144720554,0.07119388938099146
1789030934443635700,78.8886357421875,0.1295610304147005,-0.21863339857459066,0.053016135394573206
1789030934453639700,78.8986396484375,0.11574877816140651,-0.21297990285754204,0.027623335462808606
1789030934463642600,78.908642578125,0.14618424843549727,-0.22175416094362735,0.011340309181809425
1789030934473646600,78.918646484375,0.15500293018519878,-0.235145557436347,-0.0019335984110832214
1789030934483649800,78.92864990234375,0.1407633924305439,-0.22593758410811424,0.0279831086859107
1789030934493653800,78.93865380859376,0.09068184918314218,-0.17203648257255552,0.05140490080565214
1789030934503657500,78.94865747070313,0.06622311523109674,-0.14314122747778893,0.055010524082183834
1789030934513660700,78.95866064453125,0.06223463011682033,-0.11867547926306724,0.068788874065876
1789030934523664600,78.96866455078126,0.04747516014128923,-0.08998831396102905,0.10485738179087638
1789030934533668900,78.9786689453125,0.037732057023048396,-0.07345920396447181,0.11810381685495376
1789030934543671600,78.98867163085937,0.02616144621670246,-0.06027005204558372,0.13072948967218398
1789030934553675800,78.99867578125,0.016744798573851586,-0.056636663979291915,0.12715747640430927
1789030934563679700,79.0086796875,0.04181581920534372,-0.050884384062886236,0.13974953921288252
1789030934573682700,79.0186826171875,0.06529109507799148,-0.02443827568590641,0.12663812870532273
1789030934583686700,79.02868676757812,0.08092354849576949,-0.003751461488008499,0.09445493798106908
1789030934593690600,79.03869067382813,0.0909250102892518,0.0013619360029697416,0.07525456294864416
1789030934603693800,79.04869384765625,0.07371347098648548,-0.021250293299555776,0.05181991134732961
1789030934613697800,79.05869775390624,0.07360445765405893,-0.046751814302802085,0.054559565444290636
1789030934623701500,79.06870141601563,0.06387246045172214,-0.07659691746830939,0.1063400215640664
1789030934633705500,79.07870556640626,0.059709495553374285,-0.11824936280548572,0.10982990950644016
1789030934643709200,79.08870922851563,0.07615735700726509,-0.13911562522351742,0.10332622670084238
1789030934653713200,79.09871313476563,0.08939853137433529,-0.13590776909291744,0.10031126279383897
1789030934663716400,79.10871630859376,0.07304010176956653,-0.13566402346491813,0.0834808317631483
1789030934673720300,79.11872021484375,0.05200374348163604,-0.12197335176467895,0.07361994748413563
1789030934683724300,79.12872436523438,0.045098201876878734,-0.11206921286582947,0.07324468443095683
1789030934693727200,79.13872729492188,0.0462064553797245,-0.09593231705725193,0.07570902871787548
1789030934703731200,79.14873120117187,0.0235869195535779,-0.09179331755638122,0.07489742007404565
